R1,R2,R3
5.11783198836868,13.8201251410777,7.24182711556029
5.34411515776904,14.0642980092595,7.4841216862393
5.31782652602676,14.0787695494893,7.48834620187341
5.32346603867004,14.0660919654952,7.53140793741897
4.78803343657915,12.9984191516018,6.58418075800898
5.1391617074333,12.8856956123476,6.89700990399267
5.09782591659918,12.9815263610037,6.95890476083009
5.30944010753283,12.9449868732354,7.20971594808466
5.2815869312704,13.2351468199251,7.12923855433766
5.56741300588042,12.9662969992933,7.36212063838418
5.83510203444738,13.1162129352048,7.62952828059539
5.77195628972365,13.1347142233088,7.58177313214357
6.14345535665926,12.8291703679941,7.74424409855174
6.77857198931232,13.0283848773921,8.42407492809867
7.05239893042943,13.1570264545259,8.64282139551401
7.03668649552386,13.1072862178025,8.73417991033503
7.05174890671012,13.170759933437,8.66710831767993
4.30082911892496,12.5757908330569,5.59418268536448
4.46191548664283,13.0318026291026,5.41813310195561
4.12481326958784,11.8209165723774,5.25230577925393
4.31202674753627,11.5491076956842,5.70987705438349
4.12948322314509,11.4783556893115,4.56767452898487
4.46713753050993,12.0566879794158,4.67524217466725
4.65424770571114,11.1216571801619,5.0638315577674
4.72576145750736,10.869070989918,5.34631684065812
4.85501587151137,10.9896608314682,5.09358235062799
5.39923182452138,11.5311798203547,5.77673563338275
5.52507758851137,11.7801996693351,6.10662762221756
5.84193237768718,11.5641001994022,6.12987190441069
5.99521835910519,11.9133374131288,6.27499444457997
6.70628475992836,12.3031725762435,7.1542229807338
6.99505603796879,12.4667664368117,7.44558519011999
6.95121777434178,12.444564872789,7.46982922348791
6.99995507162807,12.4737652335775,7.46298026272524
3.77083222914162,10.9241172177222,3.8148386742141
3.98892225077107,10.4197528498251,4.04197668162494
3.47951193175467,11.1415652582132,3.39142118386775
3.5570411025604,11.6218808160987,3.67170718281392
3.35236859457793,10.8460182896003,3.14326406557211
3.5745069336689,10.8235862861386,3.41658016657969
3.75348087623812,11.5882218878275,3.78179532399101
3.98037970926631,11.8393994721946,4.13694075471745
4.08569672828406,11.8887190034009,4.14744341184506
4.00307222319156,11.7740240063908,4.15238118911888
2.91625791931006,10.0321370303891,2.74334239185995
2.83243342801128,10.1179864414269,3.11567216249588
3.0150677745587,9.34883958878153,2.50097398960301
3.3422170786051,9.42987173187484,2.62664488849159
3.0363817404365,8.65132008800776,2.67735386544836
3.09961487265644,8.59860838684966,3.05311205265611
3.72579780788992,8.71618898057335,3.30822778850033
4.0133853921659,8.91796586914775,3.3490752731764
4.0159801900773,8.37385932708112,3.75516365851941
4.20599238584786,9.22411692590217,3.83172511368003
4.42716638496111,9.59866364193577,4.07598728610732
4.81414310996369,9.43451491615189,4.41530241451448
5.01076319858501,9.31547757874185,4.64025137008599
5.27290166681755,9.82674854176644,4.82573843733103
2.70799931131106,8.08533470463263,2.37752156144385
2.93313249347982,8.05039958989282,2.61806836972121
2.36746133970594,7.78928463651331,2.06022068642977
2.42923887073438,8.01137911974071,2.1120897206426
2.13287035394603,7.3155855864147,1.90166381094001
2.24734644024672,7.34337821671944,2.0265510121731
2.44719257373145,7.87490345341046,2.20229604660725
2.46804946410372,7.94961922858636,2.71693543190569
2.8277211535349,8.13619913765491,2.43927766844523
2.88311702392878,8.35871146817371,2.50582897297612
3.17193248484874,8.57572531048809,2.8627205060625
2.99366675940814,8.31489038844742,2.89232261567655
3.48215732531963,8.97930226654836,2.94959611051056
3.66791448805226,9.15749243986881,3.21860531323619
3.78000155050408,9.16060110518345,3.25116939528632
4.06032349605217,9.42581159972047,3.60186026722444
4.26396018997259,9.37445207673306,3.80875828141335
4.67474269946016,10.0748352113418,4.40087314760752
4.94770714296167,10.4335842758354,4.7741644317632
4.71646711255962,10.2364936661915,4.51611763886318
5.58601325413146,11.0132080238823,5.53650836024688
5.36307029828203,10.5569403354147,5.22063326713238
5.46590214333033,10.4505657936587,5.29938392433605
5.91476650282206,11.1000996970363,5.90568015753022
1.74972852366329,6.40075266179518,1.5428358070299
1.82263847322978,6.30317423460035,1.57792698934727
1.59522816727103,5.87855969638193,1.4188475965236
1.81105293778458,6.17004244996658,1.64176465435316
1.38782538543218,5.06267168342264,1.20407476763309
1.40516179165194,5.03560207669747,1.28071657278094
1.6219840547509,4.80812639080748,1.36024848740267
2.15376096026289,5.07389898060175,1.76747785710837
1.92582232216009,4.77085643858478,1.47386797263956
1.95384081190662,4.82201223846533,1.36890110774448
2.47957949487514,5.2241488852704,1.6497117073562
2.45316645050756,4.81970001178839,1.79543399814724
2.12597200747172,4.88273850543868,1.40645575929065
2.36766129116012,5.02339907951232,1.66657085463098
2.73902637736824,5.22704357052273,2.14625731303237
2.72473057027671,5.23351836773864,2.1289930906765
2.73482117298691,5.2279140036332,2.12149619462946
1.30868899407835,4.76847548155806,1.02321084065609
1.45785760699723,5.08602797642838,1.11149563033444
1.32566981120973,4.34150085881763,0.943663554843469
1.41263407768766,4.29666872282633,1.07132751638438
1.4461512843403,4.12920186462015,0.850166934168892
1.55369336703847,4.5879120567879,0.814777605924606
1.85958813527627,4.29050270913851,1.0174869630049
2.33589567024314,4.54114886078553,1.37940132828161
2.04132151858673,4.70114905666044,0.967442363764032
2.35222485737858,4.99922602004849,1.48147245734164
2.41380067526045,4.97872220166064,1.48731357920363
2.42835248771008,4.96595125298827,1.42950543856525
2.3089771777094,4.58787585397539,1.48756385114206
2.66585932389263,4.72758227928744,2.0352606649929
2.78764484401546,4.70411500271637,1.99415691177132
2.7521886875403,5.31769409904641,1.91275941221484
3.12425285903601,5.65177016102463,2.36007700097411
3.12639973593915,5.65884186029431,2.35758524778632
3.11325971969913,5.64326702920728,2.38186072315912
1.2818932361204,3.6442614170961,0.781450021051246
1.34065386464217,3.49494796192607,0.859146621273903
1.24588796814453,3.79470901678789,0.733450381392069
1.38105265775415,4.20926197266862,0.792546892676849
1.18777886169086,3.7574854749241,0.704020291779334
1.17133568507631,3.89975300690382,0.761265651536622
1.37142115005955,4.5248241661478,0.836241938229274
1.58953471501568,4.84136129145185,1.16467896364178
1.5337199601126,4.67427782808244,1.12258733160558
1.52832106738332,5.26444175626489,0.92408371557828
1.72705818835177,5.30733239963055,1.27039222492562
1.92918346904629,6.08282834566125,1.20795536038343
2.31817124083119,6.39258301594804,1.68162914757326
2.33981504764784,6.41010434745851,1.68434947414066
2.29696492826035,6.43628731211454,1.70633547782946
1.73479930227499,5.7672722768976,1.3324013087991
2.10280571238921,6.06220111899669,1.83160075819693
2.16558005732213,6.01571605270259,1.85305862503374
2.09822667712281,6.03514739801511,1.80894932213161
1.20317200929309,3.24890982209149,0.628086721258188
1.36457679029976,3.13188701579367,0.680744328055499
1.15861030081725,3.23257811104239,0.594748503817179
1.18425197381793,3.61707648986304,0.660014460552032
1.20265297467976,2.9407385772266,0.543357504997202
1.26944231705605,3.08208545998433,0.578851030472451
1.14932426407431,3.41442778982099,0.543882613928624
1.20833592759417,3.47354838809104,0.616674924178996
1.20314003534237,3.6790405712711,0.595317223072945
1.25177121546853,3.91004370031462,0.549872557090037
1.50527256437356,4.1759142865673,0.669643472476214
1.30624199211871,4.43352187921928,0.573580838511544
1.34487367841518,4.57534405418146,0.605080628417564
1.48527239807005,4.86382407296488,0.63737032661114
1.38808756226493,2.41882800301609,0.580050740298872
1.46516653058815,2.55686658834426,0.677770074118448
1.65792264341611,2.25942144411723,0.587706025851957
1.77964777440514,2.51126129632591,0.603729747780554
1.97333034513447,2.21522728448803,0.654380448894561
2.11290178967542,2.41459162178972,0.712811719689095
2.52569192068786,2.56519508757119,0.727873504591621
2.52029018988894,2.80749051400365,0.785955559142392
2.85708949975106,2.87040999349699,0.852627966830962
2.90915969067078,2.88421060197453,0.910322455260892
3.14117127511336,3.12179392970209,1.11716569234992
2.82989025375793,3.10973701549335,1.04894748753599
3.38217930094875,3.39067976307783,1.05522969868476
3.758633179431,3.83481557593659,1.60576198678066
3.76439962259264,3.84431485055413,1.57570501605075
1.81335911722044,2.3021037484662,0.684254576597953
1.95551105851072,2.5084889225654,0.793184176131815
1.65796995705875,2.73419066495622,0.654409321003257
1.65625725236527,3.03618849188693,0.635795341127622
1.65544975024522,3.24343050068254,0.716600158393309
1.7776703678075,3.59387831806288,0.79262153082263
1.85659649249774,4.37211062851988,0.911619365989361
2.00374460684153,4.64774167869372,1.51013000806916
2.30871547401125,5.01625916930175,1.63142923780972
2.56061181892727,5.145827455196,2.00274746552381
2.01570414217911,5.15469586126439,1.1490239659939
2.36851266262862,5.50719290201277,1.72138663778459
2.34989355567666,5.50116912474399,1.72030651291766
2.32912842490195,5.51037399302972,1.69797400118202
1.48073252993103,2.68195749015666,0.61383189225297
1.41246559844075,2.91260367025329,0.604725705630621
1.50251957832989,2.40370025310333,0.640439613817873
1.66434392741884,2.83060623078391,0.752438177338683
1.37333272681257,1.95564490368435,0.622158715192298
1.36538819587077,1.9675747936595,0.639804349908621
1.43202278249922,1.91647538334617,0.731910200581069
1.82710789301504,2.24210940000009,1.31513455211101
1.7481853023424,2.17803239873586,1.28173601319345
1.81235656465348,2.21109630510581,1.29012191659769
1.34779190976358,1.88981723869538,0.654543979470697
1.49291457088362,2.19382304344023,0.790601340434168
1.25714397739777,1.65015574374339,0.658186065723125
1.23997625692189,1.57178921314472,0.67622855115171
1.28368877726863,1.65987961375933,0.756046734467842
1.37285357351429,1.88481850918717,0.858997785443876
1.33989359958842,1.73524129324444,0.819048014961491
1.94209320972866,2.03536864837962,0.919477703369982
1.58281774001111,2.09156878158896,0.933329709228716
1.14266968230941,1.40440217803957,0.977132794332389
1.79317417642814,1.57827347516132,1.19407555614713
2.3883102944884,1.95029647458398,1.31053907517663
2.02824701483103,1.65725107964866,1.46970867078689
2.55473851927336,2.01901882681661,1.72199704294536
1.86392607520846,1.57576614343473,1.50352855366412
1.34324996187296,1.48128063015966,1.25240942510249
1.92844787764119,1.97197236778895,1.51936021839702
2.03776466307426,2.23888615600431,1.52792788423108
2.79836530494279,2.41229115815874,1.93987253811067
3.45667022059427,2.94785249527567,2.24093247503826
2.60435633693972,2.00737782764922,1.88377577478745
3.08520004062533,2.29143762261228,2.11939310433468
3.03915317526973,2.38471611250968,2.07805183722416
3.77874803737839,2.86806796357496,2.4352025313392
1.28602259238578,1.44087261719503,0.801958915508969
1.29281809758865,1.30295018736105,0.863378794704829
1.39843851979098,1.49941663056481,0.928271701720985
1.47234429839019,1.69604980303311,1.04037165939968
1.53516704742442,1.35616449645701,1.04566988434653
1.55091571401178,1.18203319394582,1.00111676201065
1.73403039944444,1.42052473263573,1.26076670032622
1.85755536663039,1.94616047254808,1.71625599763671
1.93365235070846,1.71191930113287,1.66917761831595
1.79232078275853,1.49183220144729,0.939473690944306
2.21395808962184,2.12627438516112,1.4283107556422
2.77334560334911,2.60105281913041,2.15185082201484
2.41902282041561,2.81284076768088,1.66074235913349
3.03910921074255,3.57053709766179,2.36842066265069
2.30466826568993,3.00113532644134,1.65134328312481
2.59341470642946,3.71984095834545,2.1313565074342
2.2364485433849,2.15528864261335,1.53540232659454
2.78347592732903,2.64721064799596,2.21732528000251
2.47671514843111,2.83160084634877,1.86696880231517
3.14344424042924,3.59508261863043,2.67799102200897
1.58355871185278,1.57461391870706,1.20219433921932
1.54984240973508,1.96353102712505,1.41377394405052
2.13485320356176,1.79051777818477,1.38679661025503
2.60265862893843,1.99835648445719,1.54722664708055
2.32802430944021,2.14031353433173,1.58523635364794
2.98329515170905,2.52268740431324,1.90086595252889
2.69146840356611,2.5942599188389,1.65304933294361
1.60180353992303,1.74770945770362,1.62728870971329
1.38829403370201,1.64166490284795,1.81555882941434
1.69982295263774,1.97252005678613,1.69431321123305
2.28546617637382,2.47689406068133,1.69037417738825
1.34249604335557,1.7889487654179,1.93626694432175
1.63714093883179,1.82521342676171,2.0652273604512
1.55156155485678,2.0620204771073,2.42802168279985
1.8164650275338,2.43989915384081,2.56414149095811
1.79749113417077,2.18237148755342,2.71035584475404
1.87684304001215,2.1199192664522,3.08606402492975
2.34979902454475,2.49759998011072,3.48289606880856
2.17095710364934,2.38179138180213,3.37741455246503
2.24610810761777,2.16816793699718,3.43935332467025
2.48015899573659,2.41905855859864,3.82828515934617
2.70756004561318,2.47426366188318,3.52021643367697
2.83989131896828,2.49489976002557,3.76717422733631
3.22624417419488,2.82862599530499,3.83172440822233
3.37375877704372,2.82002163701149,4.43227406874126
3.622379607577,3.03267402789375,4.90399815105323
3.48716561439211,3.01576026389782,4.80558140325627
4.22377282215623,3.48301030667068,5.5554003432017
4.14143143259684,3.38758993000088,5.01238173739112
4.40460156983485,3.65082409878306,5.01133791937648
4.61338911496348,3.74034233893973,5.62547816956361
1.13846945259832,1.63899631923711,1.82405023696855
1.30664468221554,1.81899844568896,1.99709640387258
1.07810632694581,1.43168493258472,1.66652635451856
1.20014068206678,1.42070830686849,1.66273406343494
1.16634611466976,1.38009869032596,1.63138080163895
1.37415358325896,1.36891286233825,1.68181433510699
1.34570490051334,1.53331812661471,1.86367342013123
1.05155202658844,1.31756903586531,1.43554506321794
1.06216619910732,1.35523393892329,1.49423141533844
1.04662428742508,1.32448143203303,1.36075999860808
1.12186468302977,1.36786592537588,1.40929789326596
1.03612914500971,1.36510306504161,1.41402746234766
1.08933030709135,1.4160645003548,1.50688441967358
1.18038247692184,1.58478625064352,1.65526097537873
1.55919112039649,1.96896548234785,1.98937373800434
1.61037755016989,1.94237181931272,1.99899632024221
1.63667168641546,1.94478325191473,2.06645090384963
0.955663057541306,1.30626467160057,1.39406119953684
0.979584043018789,1.3124452644065,1.50481746098871
0.944787739926181,1.33227987865756,1.36140277604695
0.997517456823297,1.38714216437902,1.36093910280233
0.955302261735703,1.36814612945181,1.44163353308116
1.03136270467417,1.40737075438711,1.59917619865392
1.10850544228526,1.56103195042999,1.65559239334592
1.23543267432502,1.58699517638616,1.96645943123961
1.46705032123674,2.11109201933062,2.46759148684997
1.89269481647307,2.51228489934838,2.9474349911644
1.92626563948966,2.53646803698295,2.90312629805476
1.92564167815001,2.46831123101608,2.8800459840086
1.44931318742702,1.68734349721392,1.64243277151307
1.89695187742982,2.03471869386827,2.04712918413976
1.90616732735101,2.0860348396738,2.02885741488664
1.88484017062107,2.04076858722259,2.02887104778171
0.871636366252342,1.30498268950914,1.30936227178545
0.885089789872639,1.34742406569928,1.25226565785022
0.88280327554453,1.28926567855051,1.34808246399453
0.938678271065,1.30870096827651,1.47209375584743
0.92980705491801,1.34112456112637,1.33073751971433
1.00125203433372,1.47632004162487,1.51371839722016
1.0224977162969,1.3819557487204,1.46582932023486
0.911269156067581,1.28159555503305,1.06485715745085
0.994993539016739,1.41188461910217,1.25164751310331
0.913832752021223,1.17946128296326,0.8610911837508
0.934892004960708,1.15331889421221,0.97621625411315
1.00772375225756,1.21760942787985,0.838303155879748
1.11356580291052,1.34318068941605,0.946725320605312
1.14664310773505,1.27481628090572,1.11125367998942
1.56252584896842,1.68965797652867,1.59620886329693
1.58282338958435,1.66045565138108,1.51150747923864
1.59452440263374,1.65270770131934,1.66266655203885
0.954740380767577,1.17206728297092,0.757938477654974
1.03975280825347,1.22425854384905,0.776095746439393
0.88531955463203,1.11192784609969,0.732341143368734
0.897844923981058,1.12160743772689,0.792800402756294
0.890365294689907,1.07874588112796,0.682569190830041
1.01043158469338,1.12227075148234,0.693511158470175
1.00051651081963,1.08437634835491,0.751467930878862
1.17127978905099,1.15529478174766,0.837012035289036
1.27429638263853,1.09490645109932,0.838619866097588
1.44749334201528,1.1412909343626,0.788095840504785
1.81531436102951,1.38758848415087,1.24956504513364
1.82972389409313,1.27139024035575,1.04664520617156
2.22433943067091,1.71838070199622,1.60685920421148
2.26470230351875,1.72180049701701,1.5938499680071
2.25163124760663,1.68581311949194,1.59053550189304
2.19789120300725,1.30430747787127,1.19257150293635
2.63958897939125,1.72170917470793,1.71513781733304
2.67327765153796,1.75784132599684,1.72266212456741
2.68811042418241,1.74228351521967,1.72566868375176
0.797565494277777,1.05723885877595,0.648383058445352
0.848558498582654,1.07338400801831,0.641204163376494
0.7669088715209,1.07263442271738,0.70060297273244
0.79494431200909,1.09018220625566,0.778290677496236
0.822332475523482,1.10411868231916,0.713095936016149
0.854117485110699,1.06805454888351,0.702899820542546
0.981413189181105,1.21609982234039,0.850869437376175
1.32484341343078,1.51253859650307,1.10700405040555
1.1716497813432,1.22847814754444,1.10158409473793
1.41614135912807,1.36950147053278,1.50656568366092
1.44861568309107,2.10868884291507,1.08655699105909
1.95277353753617,2.61130900185501,1.58822117882645
1.94671559367972,2.59816130951324,1.60087821396602
1.9052032758845,2.59231567168833,1.58989230426457
0.874582190099542,1.17477491377513,0.709429954896143
0.935430766262705,1.19581481135678,0.730487549988326
0.950155512855072,1.26078538193916,0.745966793887057
0.947166913423429,1.2808010227926,0.7913553835228
1.11608555697774,1.3723711855647,0.772486968025236
1.20168136378712,1.41808460123793,0.815136518800546
1.27895972330024,1.53108662899491,0.868870766470878
1.56960480330595,1.53689435135184,0.96646964753721
1.50173948404917,1.7404039186368,1.00993316966876
1.4718966985064,1.87518685128738,1.09320985607215
1.96998458603378,2.27781966712701,1.59655110629178
1.86245041087453,2.29768825339289,1.69880755367004
1.13418851093101,1.35470261647259,0.720653954965811
1.23924325074941,1.40927546396395,0.758189468254902
1.10004099809184,1.32037296195678,0.674277864296147
1.07759984037995,1.30598870430392,0.693000587191599
1.18500607766566,1.35379587534651,0.651503775419813
1.34228318916276,1.4668533416422,0.701279550069823
1.29599131180814,1.39836994337339,0.668536979230813
1.34152855222557,1.63494939325578,0.736203250376204
1.49667104933084,1.43357067297612,0.693683064429955
1.54260138758237,1.92663442021657,0.717323297521481
1.74352084604492,2.34885916232258,0.789824328221315
1.76949979230403,2.26759680664865,0.760632725890909
1.68121289172888,2.02040978755541,0.797504742368437
2.01866610815363,2.39937669686124,1.42493516112279
2.13085901387748,2.30690725539784,1.34967401680607
1.07741850272595,1.27077109306476,0.624390303083166
1.1823548042777,1.3465041158669,0.672713590565973
0.925192290294572,1.15029534218383,0.595690106869426
0.892391718660363,1.1191490329362,0.613675011353687
0.899855544077706,1.11013972374545,0.588910872596854
0.982580577589451,1.16770303494415,0.617779220225484
0.916686662975954,1.0315357616907,0.587492505231993
0.981183940247532,1.03769473910277,0.641019965060774
1.05425807162129,1.06132451611194,0.644218605012618
1.55697848855354,1.52357315348612,1.2309671620665
1.49040585341537,1.49979476877515,1.234153770891
1.50208132870805,1.4717791862079,1.22849804548218
1.03909987942419,1.0477182081114,0.625891285987397
1.5226745075083,1.47425235642162,1.2094067785362
1.48872104092922,1.47737948398277,1.238288271529
1.52147404637669,1.49755349073377,1.22304452623417
0.965068471339992,1.15004986130706,0.634065172108295
1.04939796838272,1.21245704768449,0.685694496564348
1.02078449487479,1.16905315975522,0.671847102340201
0.992083309849676,1.16932265865514,0.687155309985611
1.20691420554251,1.24652398969081,0.747368071167273
1.27579630638804,1.24846201761446,0.787155167156562
1.31854116072626,1.31117819842929,0.827947092268955
1.74170924326216,1.35032722782476,1.05249989635152
1.57227784765451,1.41679778901316,1.08475694973711
1.39092748585808,1.31290449223073,1.16404440428546
1.82161741735061,1.60412389178775,1.67009318311986
1.90284631843316,1.60541412072269,1.76118699853991
1.82765892209273,1.83768001333807,1.6165580138924
2.33207263648442,2.37764913001517,2.17417901713483
2.26189925544639,2.42492733865829,2.17703696569378
2.32824030096419,2.2520437516883,2.11454344279851
2.72978169807877,2.66598039410142,2.56931990938051
2.77321849201132,2.63160954091156,2.53743819461843
2.84629546453085,2.80776991747672,2.68653157606133
3.17275236209596,3.14294980749261,3.04699209681218
3.20751094388139,3.13740637710634,3.03348994830529
3.18701801272224,3.17842547912536,3.05444502752755
1.33100410966143,1.33476382516201,0.793493340585611
1.49182103493663,1.39116600137853,0.872002727552599
1.334302430802,1.40568474731917,0.793887832773726
1.26678185211309,1.41654649450424,0.783345789789409
1.51056296971518,1.52379813826964,0.863119872172508
1.67382029022967,1.56542506097298,0.951568104984757
1.62191311407808,1.64584555998588,0.920973340938717
1.9669354556881,2.0601128900575,1.17986496282989
1.95051754744805,1.84121761887359,1.19543354213814
2.15558278812582,2.13563276654276,1.26830971953538
2.68030630897466,2.48654196114372,1.68560923455546
2.64453979568174,2.71153861245566,1.69162065135989
2.41875765581413,2.43901355871207,1.52944112213904
2.83675840372979,2.82485345639195,1.79679116016887
2.5273969687955,2.60995650713301,1.83779567511259
2.83243386378344,3.02536615425734,1.88280898863926
2.87418343700166,3.47063014742626,2.17094476926836
3.64271805071021,3.5263344394653,2.3505040724379
4.23840017318856,3.6700643377151,2.6208462908551
4.12837901970103,3.47548067657432,2.57447214039982
4.98683647916885,4.29335380019145,3.12157944975216
4.24104109202233,4.37949934561243,2.96363217193531
4.16359745943588,4.69579462735184,3.15238644768106
4.93405954989234,4.86797049351912,3.37980401117605
1.498069425056,1.55721586778308,0.858493905768357
1.63930258763944,1.67347671504914,0.961410750676257
1.38094447283599,1.50869256572291,0.799857167920778
1.32034567124014,1.46192451896731,0.778107343268608
1.41522452873191,1.57962980629439,0.842438185326731
1.52747305311815,1.72407814472913,0.931121114964889
1.37733461143732,1.58683658125245,0.870766200947928
1.30874389859634,1.50234985681502,0.873329849661967
1.46389036152345,1.67654036948473,0.965966869026928
1.45075707298172,1.68588609800817,0.925372360392001
1.61003626941638,1.63253344806406,1.25031718216134
1.78874926439745,2.08189126155036,1.32213954970474
1.85176893416545,2.13880017974954,1.18056647447053
2.35782463551543,2.65077643560673,1.68934728563422
2.17978580619325,2.32826251701134,1.56928214464845
2.12124925976396,2.25370339391028,1.1631703256608
2.26989363689993,2.19168743021604,1.13457515411431
2.61077687036359,2.62340492259281,1.36341671336578
3.02597198852034,3.0013575573675,1.62098897465861
3.01342626326509,2.9541782932237,1.66363585739435
3.50008946375073,3.37729027605521,1.83908713778062
3.06276521247284,2.80451462300709,1.52132219642646
3.16180247485629,2.68162955521626,1.50849890871738
3.49573036307536,3.15412064502285,1.74687167132579
1.42455688284295,1.54085929536525,0.848973058663119
1.56464160423286,1.68546457757286,0.969084974057277
1.36322663690527,1.4214512929403,0.811639210803576
1.34077209945245,1.38653020904393,0.826192685934065
1.42510611273973,1.43235746275065,0.851482637369981
1.45937278617713,1.41304777633983,0.884895112126405
1.5590724114449,1.57005962429466,0.941931086522391
1.37060670641433,1.37734080220887,0.864325363792038
1.49841113631367,1.4877528858749,1.0001963377393
1.25879148653036,1.27508067537124,0.844298188067925
1.24066746070846,1.2701915306968,0.867523104631913
1.24448614361834,1.2335662288042,0.899096849962216
1.33604878725602,1.31012641072476,1.03731338157708
1.1929400877236,1.19656820843511,0.910523173166867
1.1733581727503,1.16836139329783,0.908176153513011
1.25638716024055,1.22577388078743,1.01273643775887
1.22150732936415,1.25926556179167,0.986571936373558
1.53849790475328,1.40731690169649,1.1736523770293
2.12845773215492,1.50082230832934,1.29594564680753
1.5978420449319,1.49927037243471,1.32463090028202
2.16920203484041,1.64948305665694,1.52688931848409
1.43114430264635,1.45167010262875,1.31532266374468
1.60497653472912,1.5850305790215,1.54209566019625
1.86938238340945,1.48810586159858,1.71851170619103
1.7374036262704,1.24628685380484,1.03466319780605
2.35565237191114,1.22490436703748,1.05644132001128
1.84181878502183,1.34320841947665,1.20226613059296
2.51510121473858,1.38928335964177,1.33645234739993
1.25320562811499,1.19558899991545,0.916743740296934
1.28268023100749,1.21283561138606,0.941806626755267
1.32561030212886,1.22433091378508,1.05841224755982
1.39388414628221,1.28630194782384,1.16846396529977
1.40899933082981,1.24985272012518,1.19436122752933
1.46531215314184,1.29046756302865,1.27081994334757
1.58844339958977,1.42297678673215,1.48256776410765
1.69023473336285,1.5543272947395,1.78149586058486
1.66980084670164,1.54799535753561,1.64263947278758
1.86371546710661,1.70231551449772,2.00986507995882
1.99436843249107,1.94548177316954,2.37927801498727
2.16174785867854,1.98347969651628,2.43958765441906
2.05708410841426,1.95066130016019,2.23375848826533
2.39065822374183,2.26824573983298,2.55225252286941
2.3989892492584,2.47288793816702,2.66359585925191
2.64372731709941,2.80012401114153,2.97026129692906
2.68848309861202,2.81792975464326,2.96290260927627
1.44595866302475,1.1855181116493,1.20479130735842
2.28910682240286,1.58891341876505,1.90643058291239
1.12079795747532,1.04765931997215,0.821664258344884
1.55602319004286,1.30093502275888,1.09441543242958
1.0408925319717,0.958394998356918,0.759282673680918
1.11694589245623,0.980583963596707,0.840933981600451
1.09925004528265,1.03735707805525,0.876564619267868
1.38881475732466,1.32666330389931,1.30829832090226
1.28430672881227,1.17426266929405,0.897399403864883
1.29235565103105,1.34543891255997,1.25462696307666
1.70934897252633,1.7261569474639,1.56185350726431
1.81607525048808,1.83771515534461,1.80453301422635
1.43938033874792,1.4807992801893,1.43462640299772
2.06424668831097,1.97987964634465,1.94795512523242
1.93465693589338,2.00330989175032,1.96113027169282
1.75237786375969,1.73637015781741,1.73724591088488
2.26666605349016,2.25165970668399,2.27642558348799
2.32124933769591,2.24375788382251,2.26681676230318
1.83673812259162,1.832479484357,1.8502134707318
2.1396710362766,2.10737405010215,2.1458696282703
2.14723267177366,2.13725594487594,2.15135911504413
2.13652300717038,2.13934025922376,2.15287457880089
0.915534509286886,0.864320242121767,0.655166370735562
0.892141761381881,0.893116498257673,0.699735517024158
0.917138670746344,0.826060960485253,0.618746377104202
1.03019883255091,0.899911100378456,0.713851077428596
0.818131725592539,0.750033643250774,0.539900012703254
0.834796978114396,0.777420874957798,0.550980802003888
0.835262349870568,0.763160582874623,0.588171594939336
1.32253076154911,1.30229455329537,1.20750853837614
1.35712754252518,1.29222445494371,1.21579288382621
1.35246344501227,1.29164513290942,1.19802590526426
0.781178567903445,0.717307799548217,0.511827717649933
0.86028990440841,0.799366914503578,0.617509455376217
0.736287464935678,0.679775704538956,0.459328437307081
0.753668663624722,0.707505931058197,0.492923225773671
0.71566218485765,0.649573281755561,0.438483236412772
0.763416784608566,0.685612001348915,0.473973322901616
0.736725779979677,0.693064327619284,0.501263822801881
0.817927544487499,0.790002750404671,0.595540494634899
0.745079789493172,0.728768380357603,0.562029961325547
0.755475951199534,0.692563542359504,0.607066063456111
0.909520882932237,0.816534222408062,1.44094499863969
0.962270444778626,0.849951611143057,1.21055320477161
1.45468320810689,1.41122216217132,1.86458992091635
1.48703062769733,1.38758486077883,1.80752458234497
1.48939773004366,1.37133562838603,1.82003664369314
0.839857334895733,0.814044968241666,1.38846324585315
1.36332953023584,1.34081160105505,1.99527128663476
1.39968187313691,1.37911669337654,1.94504779360714
1.366184369668,1.36508656957262,1.98516902912459
0.667272266839686,0.589008623758316,0.428814338334851
0.666138955294484,0.605391927788335,0.479426689619313
0.685741002318766,0.584649252073074,0.456461928896758
0.746929830694209,0.64890823768909,0.510582809833273
0.66243559270668,0.543543934282998,0.454039008437284
0.649089904166436,0.54456742117564,0.464956117904046
0.729606562381696,0.594997371342812,0.511467828221354
0.784339539522817,0.648179523106327,0.557658132880733
0.817811183229628,0.658400575771996,0.62207481972798
1.31676996681731,1.253988033551,1.22069491906584
1.36436614484292,1.26355279018303,1.24876379593344
1.35192068681584,1.21867176303649,1.23039409422785
0.81306633509255,0.715836937764104,0.613685289563943
1.05815707042611,1.02813371896354,0.934207734788156
1.04371956379127,1.02809325836064,0.92298500901653
0.959890712421151,0.921580224710206,0.7982966278712
1.48920336045349,1.48630528250815,1.3620107282324
1.4746163100235,1.46977769158975,1.40879299249369
1.4790280999824,1.47102673554971,1.38922649051728
0.651058924642885,0.533173734316849,0.46495282263459
0.727174241039747,0.615528982088422,0.554243495567574
0.623823574105788,0.513239660913182,0.456391351500991
0.653769651602873,0.543960849346479,0.49655090188138
0.607321395714875,0.510157366478229,0.464441669755627
0.649030734175293,0.566910269142603,0.505435870346723
0.606576321735656,0.54265484983592,0.491734702297487
0.646369667661504,0.564332818559169,0.51872491109651
0.667434809057654,0.600363026196036,0.568516560978501
1.23623006804789,1.22029749782731,1.19019893642311
1.24107307810211,1.19250807572101,1.18976712284673
1.27991900229145,1.22745773222616,1.20955476943919
0.708272336395171,0.66896405651379,0.576787964154384
1.30856522040723,1.249292295477,1.2321204949227
1.26676235918424,1.29100417708874,1.20742607006614
1.27326948302441,1.23920731646722,1.17591022106974
0.608794785524863,0.497382550533513,0.464201914138741
0.630133745711512,0.518669557517508,0.504354069758164
0.640836744091939,0.538949214050542,0.477780864346026
0.68300601021008,0.595105186927039,0.513265179577051
0.659097250086046,0.568342701222761,0.491838256641532
0.672773604893605,0.605451924217776,0.52109659619576
0.692352473476723,0.607733624453662,0.5004575665959
0.707299119626023,0.623071864417779,0.521887449890056
0.726279513493106,0.697557299586082,0.548383622636438
0.740565364047652,0.998503733102882,0.598660296750857
0.75797669533573,0.685134745266771,0.542224950935638
1.32003504947195,1.29394249783062,1.19223027685525
1.29633943900947,1.28539838231738,1.15997002937507
1.27841836430837,1.20823149412193,1.18850102147613
0.690219880988688,0.627226794154725,0.521143482806678
0.751195050199307,0.674651047951572,0.551798921198571
0.72853158195605,0.769803501795109,0.628413817249676
0.777143992615583,0.886163166697059,0.728064324638231
0.76629233391907,0.846553706354443,0.660101435994181
0.808291750337318,0.896806622301552,0.729841183636255
0.842966525146362,0.917288267496027,0.719883003812918
0.959634866114443,0.989704014209412,0.846681417749017
1.00887839869753,0.984274493000973,0.818106481353079
0.938585837269913,1.02891718573701,0.792475815067
1.49190270191397,1.56981250960255,1.32028276258347
1.50357311203168,1.5255633832741,1.4494070635024
0.809833127013358,0.895553233443305,0.66268154726043
0.825829934183125,0.897115150639631,0.67036636708436
0.914047865493821,1.00095652706949,0.737066888569835
0.981791994980037,1.0684311328434,0.82680002718213
1.0088270925116,1.09115713914362,0.787291982707923
1.0208601662903,1.09596552338132,0.816277653769297
1.18996238640647,1.25070725256252,0.968453950508237
1.660876405521,1.70358304466664,1.52775739839455
1.4351310192157,1.77605300474034,1.67265863796579
1.24392414227665,1.5953948493433,1.24055428008425
1.77179513432209,2.06762668462724,1.91471527557767
1.80531648719343,2.20892650690235,1.88983534333772
1.49035350118598,2.04971137167473,1.57246806298989
2.02761452288642,2.5321449111675,2.05162021165973
1.93797189090975,2.36153630230728,1.96169464494164
1.7293349134661,2.58845076901495,2.05568802503697
2.08129459691285,2.9249233561275,2.36585517903432
2.07459687197295,2.94080319505787,2.32561326227408
1.9898479171458,3.13808598985762,2.6989378430111
2.35137244763178,3.47195663080297,3.09599984549181
2.31677638565007,3.46260978347505,3.02329659906215
2.33996412355917,3.47695868982477,3.07594044315169
1.02831444235077,1.12697465113724,0.770333974345279
1.07421685812577,1.19199491174475,0.80124973821271
1.0540296499432,1.1340605435647,0.782766568256087
1.06547461528327,1.11672072258467,0.80595109618211
1.13793462801676,1.20533842594977,0.818833075446614
1.24804773414138,1.31256931377609,0.88573469881399
1.24517563995425,1.29003685967941,0.922261206570771
1.5947179638897,1.6026705796378,1.36597463910527
1.60481968419362,1.5775641702479,1.39657005891477
1.72458325873873,1.61789949679106,1.37054891695104
1.8509956726516,1.86218138682302,1.39081335464591
2.29648147356246,2.35729823166576,1.94720533207014
2.33504892707296,2.32124260465006,1.88224765687006
2.36918560734959,2.31583246074632,1.93537435957163
1.07253210050975,1.14024247875169,0.771571325291752
1.14993439368146,1.21989541247622,0.841408276146703
0.967125780760622,1.02637305904026,0.706623588058662
0.944625208596192,1.00531018026272,0.719292807615973
0.943042911998437,0.986194333557277,0.683480936921919
1.03740918785827,1.04953180431585,0.743441734753601
0.914109137669819,0.904906265587065,0.648750448329396
0.887182464089023,0.911070731662297,0.740294194832936
0.997296213714165,0.942306170953929,0.762956224441256
1.0667012188364,0.937026807135882,0.686957282439599
1.79207547147413,1.09309482281799,0.984180435520868
1.43172980487069,1.02185014220024,0.857142840724877
1.93959484573748,1.51974225917497,1.39336376927996
1.94694923556913,1.47768942717789,1.40000140489623
1.99883833249938,1.49987797918665,1.44460965704817
1.51414068275925,1.12231374813418,0.985573013926422
2.03265455460929,1.58707743735603,1.51230471297885
2.04260266983314,1.57084822854726,1.55903414934808
2.02587062705429,1.61443473521741,1.49426428948193
0.922958083485675,0.994382660223749,0.688647665394675
0.9781081583001,1.04837483434622,0.75945250770824
0.907224604427139,0.996040832221593,0.677365857482007
0.910428095802323,0.996385607895921,0.690276235441775
0.955845861136941,1.06460789907507,0.726245897788007
0.941721746997891,1.03101204162907,0.73801530855178
0.995616431636811,1.10599589248757,0.775180647644607
1.07835723872133,1.20400951673277,0.917115824588818
1.13648431384449,1.27428721995559,0.987626244547185
1.54814925826881,1.71760591168102,1.47389124038912
1.62664313769818,1.69183824471394,1.50354045457015
1.55354071552998,1.64349547718937,1.49580622818298
0.966959285844328,1.02936980058969,0.817413230787213
1.42910156104219,1.48965925149335,1.35234243088296
1.43523637787864,1.44809832326744,1.34751641676501
1.41501567591205,1.45645635319659,1.3596857897612
1.07609920944654,1.20815532132769,0.801809079141654
1.13745311950115,1.26503669779339,0.866379631943792
1.15574693312792,1.29588198681153,0.840300901935853
1.14312347380696,1.28191740814,0.833574195045014
1.3098690233954,1.4483553235143,0.949420031762075
1.38270815255569,1.52204684251469,1.01736659994191
1.42158839483435,1.56155797363911,1.0457082734969
1.63503647100563,1.71281203517444,1.17140414770504
1.7020278511511,1.73622115961465,1.28792277756552
1.72919593952456,1.71551870824005,1.37075084515529
2.05661388268893,1.94823797299398,1.66239831860344
2.13625164079047,2.05100074678002,1.7900643131204
2.27907133570937,2.15483448007085,1.69388394227818
2.8849207057218,2.68264335889754,2.13731818409942
2.80230780430465,2.71537512142707,2.3010364699324
2.97318134603048,2.94499644727337,2.67539559955554
3.36771946186593,3.24215595358225,2.70640423603192
1.34281284627906,1.46811373529196,0.974709745461316
1.48703864346812,1.60836561115382,1.10313201931071
1.26427452991243,1.37384973574735,0.925509780287968
1.21633608724883,1.31601991522269,0.906312450799861
1.32163835449491,1.41085775884722,0.978680802140536
1.44109589104967,1.56991551489421,1.09866511065904
1.34845094853799,1.39942753296969,1.0340232623026
1.49147593897186,1.49406284300593,1.41410006477246
1.76527862232953,1.72198482419857,1.46522795724155
1.69942043662842,1.5520958149705,1.62972564852186
2.0534905483317,1.82588889559912,2.12404199123876
1.29464259848776,1.3469725830804,0.959464420070791
1.49208542149109,1.48581578079732,1.09494897056149
1.15478341842726,1.22084291910642,0.908344074834457
1.1454520109889,1.22019217263557,0.948468619438659
1.13419942031496,1.18248869077723,0.911226724182218
1.15148769376863,1.21306971845004,0.939526346820265
1.23983679335038,1.28746634931254,1.01202790282335
1.04924464311154,1.05062981102844,0.857375662942225
1.079866818158,1.05004117106884,0.908523244122424
1.02067049362283,1.02607724513712,0.847181859710272
1.07270732843307,1.11775892972102,0.909050287525655
0.995071093487705,0.962695071961411,0.847856619873485
1.06646208057835,0.99616767436579,0.932256293876261
1.08169893061204,1.08701441470152,0.949204854431834
1.35789151909691,1.67705024700411,1.43443774951404
1.25960371692756,1.33237966806285,1.27186291408386
1.72620526174185,1.82550375882102,1.79585820115682
1.75685699358054,1.88145947385934,1.79249728357602
1.71431123542704,1.84067884947752,1.77718974669885
1.51280658443723,1.63088055725431,1.31794463957817
2.00595776744097,2.13612763126826,1.82950124363842
1.94288541186584,2.15070130993183,1.81846721881837
1.98547707117898,2.12833412451896,1.82896006085272
0.910204104084029,0.86898610499852,0.781485775982976
0.967837764249792,0.881333095762863,0.843945409814305
0.849476020059862,0.852512762991051,0.730174492251327
0.887048356011295,0.923681320668484,0.776141700631278
0.815836506361277,0.819777584975295,0.702463603401236
0.849690108760604,0.810537675028751,0.762830845471622
0.82420350914164,0.874599949383623,0.70570497957256
0.920739050493641,0.970759381449753,0.839823436258947
0.957700921447504,0.984455796474556,0.851726020556479
1.45441781590834,1.43371079661418,1.38157950136608
1.42543151944215,1.47550042930738,1.41385124369853
1.47391245816479,1.4803559918578,1.38519854456814
0.87274618666523,0.907145633747989,0.839776200334103
1.39097888185804,1.39506625556083,1.3886699814901
1.37479109525876,1.40540976747064,1.37573208985819
1.37961287470434,1.38647568987839,1.37606573024976
0.850520393925409,0.846524998006368,0.716555749829196
0.892072309920299,0.862394031993337,0.781779482256643
0.888920527235726,0.907632733454883,0.728165558621993
0.917261069045587,0.949235493534721,0.754705519973072
0.950658789586848,0.974186377722247,0.796236098114735
0.978202033877964,1.01617251101034,0.84761278038925
1.04483422894051,1.08381830933065,0.86482081491661
1.51668595860594,1.52660367094265,1.34685051211188
1.51489282763718,1.5239760615071,1.35283792675799
1.45706491757442,1.52766679126994,1.4016127889805
0.966584069282255,0.961249075952678,0.871734411632341
1.0095801683599,0.9980759111755,0.976609386717126
0.982221414465477,0.95478444825874,0.908866961759875
0.998729164912629,0.976956024834182,0.907220349689194
1.02909777231894,0.976886175437207,1.04273199066079
1.09545917855194,1.04786654212033,1.12484433588591
1.11536639628491,1.05991772410543,1.17458942046304
1.34482894293552,1.24915916417011,1.53372178122628
1.33324308703485,1.33946684286673,1.58195411627126
1.34432285043494,1.26996570917184,1.3233098836975
1.72944396349393,1.70298998161387,1.78663558439247
1.74820189179472,1.73748962664426,1.8301059697132
1.7947488833823,1.78971508994337,1.85554556326384
2.22681718142171,2.30132165251506,2.3317699597006
2.32452223683598,2.35647601540032,2.47762070589373
2.26812189266658,2.17949879583703,2.24130987721776
2.62931067231748,2.55503338946225,2.60713401312142
2.72710175600022,2.5952516197867,2.72632231000832
2.7966317486999,2.7030222569901,2.69981293481251
3.13757845721547,3.05384409514898,3.07240862419508
3.12398181704072,3.04711444950693,3.01510813839955
3.14993373889689,3.06350373878368,3.04598498096447
0.991284719726855,0.922375351871929,1.06938265873002
1.06490630295182,0.983471875721972,1.22535500708173
0.918363989426191,0.859251818063379,0.975662529525096
0.90824234435116,0.873902763644726,0.93768871865411
0.899863117808105,0.827736427938553,1.00551854239947
0.955404161014719,0.871683941706472,1.11875201685444
0.880717696614054,0.797706107328926,0.979866940816938
0.890212779526558,0.840674387145172,0.997841382633616
0.931644832221316,0.847745910016323,1.13218974534014
1.43192791870383,1.34726308985935,1.62890069431261
1.41715446605099,1.36324040453609,1.57587094651705
1.38979107080166,1.36112324528316,1.54876786518673
0.972213704636194,0.844648709274806,1.10047840262433
1.46554233132012,1.34637938500767,1.53755971471894
1.44073286113384,1.35074275486731,1.57047741225921
1.43728236956792,1.37532525262031,1.55775259822208
0.892695314443309,0.844093363058848,1.00222975653643
0.938865536203399,0.893012616980391,1.12369787118372
0.87941704954307,0.848326612389343,0.929451689964178
0.880125524535865,0.856567072094131,0.889281537290429
0.904495532814574,0.892955364037793,0.968738261094384
0.923358874118409,0.909449228982381,1.03715048495938
0.924195196073495,0.938812158949042,0.95017822498864
0.98496151422317,1.02802322459818,1.03867735046457
0.972514973386467,0.993216047950655,0.933339539245994
1.44386024559429,1.45880314021482,1.43204630473438
0.93009133601324,0.935589240896945,0.976755715329612
1.4288379366629,1.40946627298615,1.45693988078389
1.36893119371777,1.41626112717337,1.41852964495595
1.415478578072,1.38028302178671,1.43793283442558
0.957511983376585,0.952245661639578,1.02570275317359
0.987947173764413,0.994085959237148,1.01433889407674
1.00860912421,0.993614966746497,1.14714952855735
1.03117530176735,0.998743990501171,1.23633823066422
1.08427743537967,1.06399056817871,1.209519780814
1.1477268395634,1.12037732998843,1.31245673051536
1.20626478741462,1.15604296199649,1.44780409095981
1.29026572502838,1.30853372766643,1.45547389903232
1.62447065126239,1.5402967610681,1.86256928577996
1.66130603364928,1.59572192576554,1.92363975909135
2.30007403494024,2.21642002069954,2.40552314853331
2.17973703879943,2.14889808926443,2.52618423822745
1.04802638228766,1.04752893913415,1.06125783411808
1.09399499334417,1.10340771359795,1.11560830674902
1.00777085816551,1.01006781282193,1.00534917941903
1.01190425404223,1.00461775434284,1.07105314819589
1.01126649114567,1.02497701935994,1.00454417898627
1.07381107635308,1.08985765878855,1.0992828217956
1.04733223907934,1.05145266370284,1.16225108382357
1.46727838901049,1.25836588679246,1.43546992368647
1.37374845344779,1.29036132603409,1.54794666990215
1.47594181525563,1.50932000321986,1.57720325687088
1.88121498651057,1.8429347339248,1.94621992572229
2.09041638524467,2.22683042745912,2.18747849978825
1.69283795294656,1.9595786069508,1.89434743977602
2.06491826702541,2.53776951395334,2.2985803775259
1.92983802277434,2.13812987441475,2.12732990903842
2.26585320148042,2.57354122920636,2.52289887349193
2.60489052967963,2.9059496913597,2.90283586025605
2.73979211845466,3.08372297037599,3.0035408457056
2.61855536513556,2.86388718906654,2.92069135163329
2.91163245214256,3.14778426325901,3.25199263256698
2.90793090906967,3.16132143432254,3.25414182826201
2.92536886090613,3.13674622875587,3.19404182176903
0.977735902738116,0.997747618441488,0.904168841540671
1.04915495126088,1.06412016089827,0.938450928003653
0.915436991488219,0.935270289805472,0.837502313542101
0.899882625679055,0.922195282753295,0.856775679861889
0.912233079233517,0.927011634304512,0.789957163593421
0.945564319634923,0.954974303398318,0.78715803830739
0.87273271819497,0.888684891573462,0.78547717051704
0.890120043716985,0.918409316931218,0.829086418190947
0.907421072873439,0.920049271220373,0.822353172092684
0.883756256073663,0.893616417325988,0.816888549508007
1.21770681566944,1.35701973965054,1.29202105680299
1.30116562097555,1.3171836779745,1.26607789392098
1.34839786187922,1.25537025772482,1.2921652896537
1.26853086286872,1.08184573007103,1.22378322906608
1.74282850352975,1.56401438576671,1.72318007633011
1.73345684123235,1.57336414875308,1.74317647159592
1.7138850144573,1.55823508116457,1.76512206821952
0.969213699189315,0.97628500960121,0.836639148777449
1.02053414957465,1.0245467543417,0.850895486442304
1.00485958835391,1.00614602518428,0.923185638474825
1.0011319634745,0.999581990261555,0.960296385270101
1.0973240978451,1.08568015292118,1.00972295654856
1.13129836341507,1.10471063668253,1.00456951317257
1.1585704972876,1.1368705155136,1.12882350591987
1.23040108158817,1.29342560486337,1.24060072175768
1.39693799971911,1.36246181166294,1.33454190251138
1.35228928074584,1.3193946304052,1.25297560732979
1.80148329551816,1.67713714579682,1.72199636959316
1.89714505796914,1.82888472727196,1.75965066812943
1.15024030154207,1.15538136771899,1.05491729767114
1.23205093351095,1.23235119870095,1.11373597718159
1.13880031825889,1.16757370592709,1.07101059188291
1.11020136527474,1.14546064855535,1.0764884776413
1.2081304747031,1.24577278959764,1.13237802826116
1.28731422744938,1.32820643371957,1.23476760152888
1.25435560210814,1.2942000613942,1.20916671879595
1.63258073349674,1.68892357263955,1.62952871422944
1.6170288357788,1.65855357969826,1.58975333779519
1.68125383331819,1.66995854661544,1.63256737613649
1.20840835051542,1.25438028703832,1.07097548774096
1.31386717200964,1.3663390142276,1.17826245445842
1.14516511605255,1.18679587039026,0.962068780612373
1.12035390984055,1.15815982658039,0.944902131494796
1.17220702362662,1.21272919308083,0.943436213677329
1.26662785928614,1.32587401689237,1.02904200990874
1.16343931560843,1.19909524749895,0.938237386137645
1.54159566077967,1.56183372680656,1.39213229869705
1.55238136788412,1.59440381111738,1.429984904819
1.60127096863223,1.61706595949693,1.40581894323011
1.18387961575168,1.21404743964771,0.939846736382601
1.29109166164641,1.32894240699884,1.04688224846822
1.1685517309326,1.17885859387242,0.937067755513824
1.18459339263362,1.19814949352966,0.980842191627134
1.22597292748341,1.21204685122043,0.993402709263354
1.27306700171209,1.25481506115065,1.07263726481258
1.3206918808109,1.31064650144857,1.10111034857488
1.18244559179275,1.14378266214936,0.920363956845036
1.30959581702543,1.25099719792042,1.04970365070562
1.07626508094176,1.03639555759318,0.806970436218856
1.06334535486111,1.03746747256121,0.820725478746086
1.0512780667084,0.988581422382836,0.759899518745291
1.11387165527757,1.03774572332481,0.815284100417825
1.02359548161634,0.980119033172179,0.728166563900066
1.0054634606875,1.01338771886935,0.761709697788851
1.06161791466974,1.01252946726199,0.778273404743589
1.10241616718577,1.07286912732449,0.810941356451834
1.19098860731728,1.21451694288306,0.932132653551295
1.16445427979739,1.16284862341045,0.875095168820567
1.60384281864424,1.60680729412087,1.39506121501353
1.60070410029152,1.61387402382424,1.41323379980543
1.56463135494336,1.57233531481521,1.34457067214593
1.27398318028391,1.21920126634776,0.974590535482945
1.71890080369447,1.67112633260984,1.46078638868791
1.68728015450546,1.64223606229589,1.46825923135488
1.68263169725459,1.64315189868865,1.47571694635566
1.03077001904317,0.961421475555525,0.764029239246431
1.05293448326031,1.0142158266027,0.847665149928209
1.06307335456123,0.960558723880578,0.784609325325676
1.13329236137546,1.02345655431791,0.857129090193422
1.07856816860231,0.956090758252257,0.808425202743717
1.12287865389194,1.00053409130771,0.868340925796327
1.21365752785081,1.06110375562423,0.926407421165599
1.7134709727432,1.50934695480018,1.42974944046381
1.54352929008141,1.51854499924661,1.40052923305505
1.61989748243794,1.50076400727345,1.41886510646401
0.986864359722978,0.872093752143012,0.730273568108137
0.975152077658697,0.863542649474284,0.728357430198506
0.980422856668172,0.865132630827923,0.721621516066907
1.05195926810177,0.937445395805985,0.794131407451424
0.918316292521193,0.811274375000167,0.668232725109831
0.913502358092259,0.815089184588933,0.665181020716885
0.900652711475533,0.792965998593752,0.684342067570889
0.902746485987352,0.800020604154684,0.712948533976014
0.915007337502851,0.825444704249406,0.711332071178773
0.946496392182977,0.826718639181002,0.742004569709005
0.992571247606176,0.892273114319368,0.804729222291375
1.01580288425684,0.939723815355866,0.839858438076831
1.06902366357138,0.949469406946194,0.900941703776861
1.13446873100439,1.02408851830276,0.983386541665573
1.07657695871379,0.934316299709625,0.914038061025559
1.0031904403939,0.863541875843655,0.814560742817447
1.04857481230918,0.90820369906308,0.867463240469665
1.0428645265472,0.91494176457888,0.857981119142469
1.16699725965529,1.01648735779469,1.01440648231878
1.24730298990534,1.11105849261835,1.10728803913054
1.18846418962213,1.03191216894159,1.05718759959382
1.28056739016216,1.12491920332694,1.17512686890905
1.23442346485532,1.07183930624589,1.10369701725226
1.3587354563795,1.19433226468329,1.25645370434227
0.938868190233633,0.827209802057693,0.681116775395432
1.04484367483904,0.926934820823086,0.800690355622035
0.900328921146913,0.807561852271171,0.65907729644673
0.91409068859584,0.840518458842895,0.711110637286115
0.90803508635716,0.822802957599447,0.665346583576905
0.974585011111987,0.893808247372338,0.746616716751828
0.968345070391525,0.898550985328499,0.740272644794414
1.43420333874936,1.39595795222664,1.29733009596432
1.38677579320141,1.41405779682594,1.30502790648625
1.48550895237131,1.36342465556238,1.28163360312989
0.848616656620728,0.754132426279572,0.594682828491734
0.821175590159224,0.729748320958923,0.570113110402459
0.883225649357366,0.796051063436644,0.659515151779068
0.967468428334673,0.897412055864636,0.783857062826626
0.850015794950746,0.76461676390905,0.624580545771481
0.828341403332338,0.75536382812621,0.639749888596928
0.900574095875088,0.838059498267589,0.700871869127186
1.14388624948311,1.20076401050803,1.16715898740991
1.37170855706525,1.50119786796121,1.5122924557954
1.88065020564836,2.0188210445005,2.0746850553431
1.88922193843785,2.03404727476372,2.06287648021669
1.86870095646649,2.03583812785274,2.07337268020062
1.33521736697557,1.28547095698921,1.2288982792562
1.91726776246879,1.87125055262014,1.84792533254352
1.86141137998103,1.96587483659505,1.88888317710772
1.46524556502744,1.42023786225097,1.29498680825449
1.92821508536164,1.86182148048447,1.73392656238413
1.86741200615217,1.86699490722379,1.72907906402478
1.87568747413984,1.88405812345711,1.72514600459495
0.854992073210072,0.770474683929392,0.590902986124665
0.961451984284388,0.873648189545434,0.693002340964371
0.79758289109859,0.717736851656902,0.534757392866803
0.77556188762493,0.703723091382805,0.546551329044356
0.802504198860852,0.729706779378481,0.532887952615002
0.865992084022996,0.79901044910479,0.572196257788248
0.809048673408164,0.774467514584365,0.570858588045397
0.881909075537542,0.854007711081567,0.643529658225887
0.801767780214075,0.799712019077515,0.608980071397276
0.816574129690526,0.811303589738716,0.582566451590315
0.903254381185808,1.438451523369,0.633036839858944
0.990275578182293,2.2657247259988,0.69690312402742
0.942164565172627,1.464739660235,0.681732894998601
1.05402762536069,2.26419203174874,0.779815771531567
0.905441442564235,1.00847436723316,0.68138814790221
0.990634954412071,1.16309624127547,0.783811819944739
1.32676349495339,1.63336084698108,1.15582219538187
0.820734650798388,1.50525027928089,0.625587568205656
0.857304934695184,2.31195812558138,0.695998756643078
0.864651881945454,1.59665819214174,0.67158709566738
0.929484545532571,2.44830496089674,0.765142450402361
0.774605281822134,0.687804809347656,0.519601290368645
0.746265052917542,0.67542695078835,0.547531453379936
0.844305111869368,0.747421076287602,0.554307194118149
0.924287238957984,0.832708543213486,0.619249350732897
0.859892336785392,0.777179735360173,0.572959819554607
0.829848770278204,0.758780899396963,0.596479232272325
0.952196737954023,0.891965702154113,0.661508242278274
0.990947731196537,0.964554789967264,0.727313434170709
0.982574486154,0.921021125779938,0.722526521638236
1.0654397397248,1.0114293883122,0.735685983356821
1.52306931736126,1.47509427598816,1.30348292322483
1.57972651480185,1.59206672715078,1.38882599691003
0.897877355434578,0.832081671584602,0.585163609956121
0.966745084220756,0.956779459256988,0.669018125450513
0.910660784919995,0.85780231074449,0.59905808183696
0.931313251118552,0.898510118194139,0.644490104312789
0.970503308133049,0.95892021864114,0.657016852731211
1.067129751329,1.10282018640856,0.732482585247226
1.02632226230028,1.05246110410184,0.737667481428604
0.921534449296971,0.874249410091188,0.637439693400892
1.0010973964503,0.953274858902536,0.752714602604713
0.876280282509449,0.797624251883922,0.59453489300946
0.921802632390476,0.836038399803277,0.632993876810005
0.830715476203447,0.736651764425839,0.578003514331618
0.839475974715457,0.742105119470817,0.626093142107996
0.783409867810337,0.728809092753508,0.56414134204418
0.963478131489357,0.847560809515684,0.69192414781771
0.957670709894482,0.850441401949973,0.735054269676754
1.5078842772638,1.3797063223445,1.32313939456917
1.46701177563045,1.37737764490316,1.31242749444241
1.46746973263389,1.3651199194012,1.3167946961796
0.9659989149826,0.766814195086276,0.725528464270923
1.45669490210626,1.3233238604552,1.3164387957978
1.4843422745456,1.31778214301482,1.30717028629295
1.52598349697175,1.30541986709868,1.32380707656571
0.918361072271585,0.825509096752677,0.642298653099746
1.10468516344056,1.03366061721716,0.775106743427159
0.946062277299957,0.846305469020702,0.754893510955137
1.03570513426137,0.935513874985008,0.92101554336412
1.02333601500837,0.944666357552538,0.829456777406752
1.10430003176328,1.06077793918222,0.954184892764824
1.17221699059369,1.11839573364101,1.03258500913967
1.34844766236362,1.4555470460864,1.32091681393304
1.43466365858145,1.65296941697884,1.52719320797351
1.89398814974958,2.12587316545149,2.00479669615779
1.8375972036784,2.11749849665754,2.0154303627237
1.84210015293455,2.14558049269204,1.99633160602073
1.31756780435648,1.44645075916164,1.3800765303085
1.7380487451864,1.94432273581641,1.8528817507784
1.77511237948787,1.91926363131094,1.86630967591915
1.7236150164408,1.91540299027527,1.88145139427111
0.959710446330135,0.878586360396005,0.742461588848517
0.919200655952172,0.864665103785883,0.7514974297161
1.01722820941685,0.971812613454935,0.796463007199667
1.16174952825068,1.17000960421582,0.963156857132708
1.26669978033202,1.29403937611983,1.05260308654425
1.23227821213381,1.26095331452595,1.09489980502268
1.01412706129093,0.992081325942224,0.805897030588179
1.00079862534798,1.0040969138872,0.85838006820058
1.1605092258887,1.17241235313742,0.944150749224208
1.26548408935439,1.29130615198013,1.02705441321402
1.26723026487035,1.33779579128076,1.14239016540304
1.25902926112842,1.31637945983783,1.09754500052965
1.46979579348668,1.57524865200379,1.34430233513338
1.38972272506497,1.51781178427681,1.34499178585187
0.984868231877784,0.988957412089725,0.744984238852016
1.07477704037807,1.09081942818558,0.768654817302058
0.937272868923677,1.02528422339986,0.77316317406124
0.95114316545488,1.08619784457768,0.858985178026166
0.935368969964097,1.13195790288889,0.786411968481928
0.974637373575462,1.22996015064523,0.871813036609696
1.0387178515799,1.35131201736871,0.845629506871391
1.05473622005967,1.37773590589029,0.824906492527008
1.12729529858847,1.51862866234626,0.950460742376039
1.14302447653225,1.42705078760123,0.942548931738859
1.44313191030773,1.29422897539121,1.17422932425078
1.27323006890585,1.96027228986619,1.03392830628407
1.48215363204826,2.34540736744657,1.15097546137447
1.39075943379226,2.04889923790605,1.14506879819214
0.880939492906816,1.06503144158334,0.756431850231151
0.951744373294933,1.17148594350813,0.876731133797069
0.852839628015294,1.02126523440876,0.706605965433015
0.909755315038717,1.13941340674584,0.755734874293816
0.952200353207026,1.16659176652834,0.814794488592232
1.03315221101145,1.32294669935435,0.868183468359795
0.854502045475932,0.9796221909068,0.724828177133422
0.922435964942826,1.11506143158512,0.803786455972326
0.936053576810279,1.09186082929195,0.793907790316005
1.042315039983,1.19811170718178,0.881392700223298
1.08051453088306,1.28052197765712,0.93524550280397
0.944263665289085,1.20620235848276,0.81383201680584
1.0833387142994,1.42327465577763,0.953086359071887
1.02038233262161,1.37135930707218,0.934817401465839
0.812697072526224,0.839086420948714,0.708755260255193
0.83792181842805,0.841332927917436,0.755919683648001
0.839194322981117,0.913984580059841,0.777601079879708
0.910750957392404,1.11161172911509,0.91481067695292
0.863404351984709,0.879593053192021,0.78303183753086
0.895147395383623,0.85113846967862,0.835071130538333
1.01038574365084,1.11028557676755,0.932161522583831
1.29088357673742,1.85324109710994,1.43147798762752
1.27680106657682,1.25074862833998,1.60346838075534
1.667502610185,1.64503658262773,1.96376479816526
1.07520002335801,1.59503431397855,1.23936835609667
1.56232429632631,2.12048876360174,1.79016059332451
1.52978368344794,2.04290280249621,1.77323701969432
1.56097127017909,2.12895868558674,1.77632431226837
0.81923836582892,0.873070398169507,0.73185742249836
0.795344961126211,0.896087213492774,0.754155893952219
0.877389025442206,0.954022663853593,0.760151181325437
0.962618977808237,1.0148654202921,0.827474258118015
0.887663924408696,1.04408968715934,0.764198544232973
0.868355839698961,0.990157853541572,0.753933823788515
1.04117246709575,1.27062571276409,0.858053247108029
1.45062047166985,1.46739578398366,0.946830572546808
0.946488369870138,1.53754518070711,0.927372846734274
1.46539817136536,1.92051663949813,1.40503180640358
1.51374129365232,1.93077591697198,1.41022262662524
1.4834427647914,1.9407778363185,1.41748892588385
1.74351423034727,1.29031373320165,0.950224096133214
2.10344648678212,1.91597226167611,1.60866876605647
2.40935627962174,1.61865101184798,1.4650801510826
2.24794622326645,1.56960048670663,1.06617374487648
2.68332955272271,2.06004264183986,1.64226688208356
2.67504154053611,2.05329791129007,1.61444958078423
2.68569119072371,2.06444092956477,1.66538289181868
0.876097794802682,1.10815008711561,0.778893255056754
0.866559811112575,1.09327315291035,0.756462326510037
0.925009154504131,1.22766653113476,0.862319849074023
0.974867665059366,1.29159683883424,0.920621220840142
0.953057744005419,1.33543838402114,0.918740454346633
0.985631492598788,1.39864748402097,0.940517511228297
1.0676276468646,1.5480376490219,1.08641202425758
1.42433746795587,1.83378078192237,1.52660332491581
1.57371537832073,2.12193644642891,1.61294769284275
1.81030900031278,2.32931045424428,1.93371421578829
1.6928959943811,1.73341057368812,1.59259557381103
2.17656566841007,2.171458525362,2.09411979044988
2.24280116760463,2.12326996994043,2.09529927395164
2.19811690153884,2.16071685386835,2.12603933152803
0.903667544595946,1.23322873450905,0.866699900933627
0.928524359603976,1.25978703595107,0.866602311990353
0.872453554815522,1.15207653530355,0.862304632346891
0.90803966643769,1.1636112152363,0.908741150053783
0.839082453435651,1.10875282133644,0.849567516446833
0.88033800141861,1.21724264185468,0.891019549573148
0.864826405205108,1.15591216815725,0.97096485051477
0.875469628270178,1.14324870117938,1.33450806854617
0.914968206672299,1.27009282823053,1.03867909360003
1.37089887944577,1.70502881947491,1.54238518177983
1.45069479523126,1.67260465614185,1.55387756504876
1.39045303490494,1.67286930602955,1.54118085944582
0.999882536991195,1.40382374227839,1.36332211564277
1.42858350563658,1.81333381884847,1.83646065013088
1.51268911040987,1.80696480247892,1.84972910667946
1.48598256300719,1.82417382779007,1.83027697631924
0.787263241127686,0.967020712537689,0.743413799372649
0.804718596426035,0.973432231129508,0.770062680415969
0.760929372421988,0.886647164597909,0.676835360377515
0.795432412581488,0.9121693679019,0.709635747485916
0.72915961445357,0.832892852964898,0.611257616257446
0.727310889960363,0.830319084467852,0.643209619539136
0.723873708528337,0.839625782868945,0.610973088341321
0.780003083442756,0.911597938942424,0.670376286185829
0.751190297143653,0.926877768995143,0.635779352253304
1.30451628833813,1.39824250762319,1.21426375804881
1.26004594375839,1.4371948226235,1.25980338701828
1.27045789029452,1.40400164764068,1.20683228701565
0.738125390182957,0.833499673957686,0.66125640407638
1.27708058366526,1.36963803238096,1.25674592152358
1.30116313287185,1.33167196545685,1.24769022714934
1.27477334902102,1.32261896063419,1.22517907171557
0.754405879831729,0.888600808275102,0.590992101636442
0.771263875601378,0.902621210951869,0.607506053121294
0.795226784386721,0.981913900099917,0.617669446705521
0.821769917828284,1.02034923757918,0.659076542412218
0.835127036449464,1.08249558858858,0.640153832080694
0.841260467445624,1.09973910670111,0.657174337414465
0.907757941256636,1.24578527163993,0.73584476219264
0.983664976505863,1.52007460278559,0.926650563338954
1.03743081559075,1.51872441187633,0.960476355390225
0.970792170195707,1.47578645085669,1.0082968027027
1.2199882290297,1.79030173659049,1.49247268000329
1.27550683147625,1.96493925789635,1.55248161942749
1.31147926805934,1.92185714302437,1.43498650428797
1.87586478146124,2.39546809390153,2.14461664829224
1.90847795331737,2.44115870850818,1.94006257267567
1.61698345288295,2.32623748281071,1.83276560816072
2.22108454858438,2.8181032243674,2.34299548089867
2.20921086183398,2.77274875459769,2.40471954483544
1.75369041641174,2.58004774102911,2.08496901188035
2.10642120192265,2.8749512234255,2.4472937228585
2.11724986940341,2.90659937174393,2.40893748927988
2.11884115339548,2.82831770952207,2.41633626379605
0.854224170232896,1.0884832234681,0.630006487878854
0.884844674371362,1.12621850949791,0.646367140072833
0.86742956382096,1.08645245007602,0.645530131958199
0.880197987238311,1.09842059765577,0.681178425598736
0.89799643330851,1.11361305350225,0.662166604088368
0.955562665497593,1.2001396193875,0.701208809905255
0.947262183487728,1.19083256767774,0.730363231560488
1.1797303935951,1.5440780998737,1.18454771151842
1.27884459133782,1.51197988448408,1.10803038243782
1.33967595602842,1.5914821613081,1.28787027476859
1.94536291925904,2.22138367720516,1.99766006448953
1.6472903612029,2.03250557942834,1.77481978749813
1.60496252249418,1.86957881988749,1.48356520974574
2.10757996541295,2.38048672093126,1.99254935436457
2.14825626072931,2.36087997934281,2.03591308071866
0.856481243152073,1.02498724823337,0.638873006001973
0.893746965971392,1.07219232141127,0.681039041547992
0.814514295800423,0.937119857162868,0.615031433712027
0.8282755821287,0.937301088049991,0.642239956730112
0.791082320663049,0.88861505915937,0.609464006842815
0.831946820950186,0.935223549748026,0.660828313444424
0.804554815508842,0.895119763925565,0.654261921467794
0.774478013500994,0.871162413575262,0.578648946239166
0.792110272185609,0.87917835389958,0.603561638995708
0.782066598477364,0.904519079199275,0.574563297974108
0.800543412779396,0.925930730956784,0.606778020004039
0.80046886794075,0.964277406501168,0.576163017467045
0.807375271703028,0.955912851143768,0.598227576351658
0.845931383180306,1.04726485609941,0.625286803701324
0.999525283236173,1.05829412870692,0.779039823237999
1.07423430280161,1.11990039312991,0.792668391766969
0.907402824398762,1.18987480862607,0.743595343495957
1.2089605911858,1.31044587928475,1.07181610478645
1.17997439353929,1.28619672319925,1.03605014137018
1.66860726246416,1.71249862740652,1.58237215258904
1.68307973497461,1.70166849834819,1.53588150019956
1.66399587029332,1.65654561932947,1.57922411396805
1.17771085962303,1.33599742796748,1.02092465120333
1.65128309980565,1.68844559958062,1.55281498995359
1.69205413553435,1.79002410938396,1.52112662401834
1.64249276470355,1.71610882594759,1.56529326554311
0.829146512020457,1.02879015107719,0.581692424902505
0.860236918361636,1.07183516588115,0.608913936589567
0.862701904944012,1.07423524299303,0.6087473758586
0.881120314418841,1.07810124075404,0.645780925790397
0.926433874161013,1.16031859634899,0.651453911462701
0.977394797254336,1.23913167471707,0.706349420452422
0.982909559078059,1.2408086227448,0.724902330045434
0.918033254938332,1.10496433512859,0.630050085008197
0.971403136011419,1.14673823429712,0.67211674549941
0.885845614381054,1.03897057989819,0.618149820912286
0.882705124457385,1.04499256258927,0.645600672419258
0.887955354863418,1.00177473766489,0.625106623546481
0.944748932458972,1.06945547515354,0.664899667111135
0.901319791199347,0.991352843220741,0.677733182393624
0.974109694911216,1.0349439524648,0.816202098629757
0.966199689869992,1.02417727281638,0.773724536869619
1.41107418232623,1.49486866341935,1.34925696819013
1.47102147062577,1.45694328765366,1.32265017753549
1.45582376996578,1.49090649283712,1.31845629801527
1.03866207798022,1.13425715596842,0.809572565525263
1.51618833729446,1.57713596191769,1.34656909115283
1.52611756253798,1.58216219693203,1.37708774315722
1.48873558239782,1.57847702899578,1.34430258926459
0.857350259047621,0.945841534137021,0.602484111397121
0.902869887487662,0.978809434771345,0.647541759406043
0.812548559696467,0.899707796672488,0.575003332241566
0.814929683880118,0.90357734233866,0.589598080327246
0.800557214124578,0.879966506799648,0.569114897437346
0.802695284278057,0.851000170348957,0.592310709534195
0.778736589426453,0.865498523696213,0.580955118366449
0.766558047389815,0.838358506362674,0.614608808450225
0.862341306832534,0.946229473762955,0.644814103327966
0.796563012258883,0.868476712539786,0.578393899384909
1.07041303080375,0.845624361780103,1.3927309338723
1.38626531437103,0.889694475838176,2.27175798904138
1.16727873548104,0.907461899713669,1.40781504657035
1.53139192195673,0.978870355836838,2.2767109104347
1.00897916589756,1.00646223308512,0.695058088648064
1.1482272968698,1.10372817682955,0.789541705785775
0.952632836964972,1.02630168166872,1.27888717106649
1.23314894884663,1.16884095617696,2.13953845862607
1.03699463503671,1.09595844683168,1.32105566462898
1.33256580192628,1.29440419960943,2.19279221277802
0.866996747716664,0.960391954041364,0.604422741086465
0.909890478466111,0.986731305964337,0.649592091207628
0.911070241188223,1.03881058120973,0.63839184903535
0.910610202429337,1.05057544833247,0.648685792742334
1.00132315154117,1.14423933453914,0.720212510523888
1.03670373083828,1.17634415114271,0.764492148273124
1.08029820897961,1.23448321389948,0.805099995216971
1.25451151080082,1.47429880745346,0.858394907717517
1.26884237569142,1.36839965045036,0.928820423762821
1.31969515647675,1.36785519339369,0.92381186425046
1.74400950615615,1.76712477551358,1.47004296030049
1.74802303371447,1.78104703918276,1.37649325441225
1.72266755848915,1.76382368851304,1.51226960770165
2.2959006606221,2.43789772558152,2.31429423676551
2.35972813074182,2.27763642809856,2.15284657442703
2.68790564567006,2.54272654383136,2.38740565732145
2.87334108286108,2.80683128031989,2.81671464270646
1.04395568662865,1.18254564329706,0.756266839750195
1.13104489968385,1.26661215630366,0.854678581751381
1.031564313669,1.16892830088248,0.741522098582375
1.00886164641906,1.14810497239592,0.729452768372117
1.10555542392281,1.24127174203065,0.812837555024131
1.18613707639867,1.3439986325352,0.902894126691484
1.1700769841938,1.31728132557348,0.89637582279642
1.3868279412654,1.45559772467622,0.936817491323177
1.47451394053129,1.57468617309776,1.03686453637447
1.72119655672573,1.7324776248621,1.06505440217822
2.43303181687615,2.27437740140089,1.34143241803631
2.13121166356311,2.09463121764076,1.37421026827013
2.24806907689991,2.20443072011625,1.62644167229449
2.69848510605176,2.56534486073354,1.5741668620353
1.10182694674383,1.19657253101097,0.803692446633185
1.20729372506605,1.28864472405289,0.924042867067615
1.03287492528588,1.10975035885318,0.73759678873741
1.01370984677881,1.0940915606406,0.732714350109779
1.03605489754857,1.08724527662899,0.756054162082113
1.11190562391361,1.17135377490284,0.853692963493266
1.01349307733585,1.03630372248513,0.768838147656613
1.07602525673471,1.08714315087404,0.864710432962624
1.07174228192947,1.09573116132268,0.860822911807913
0.972329986017146,0.973023787619168,0.733641335607652
0.985407388112557,0.993009960024384,0.76121696578772
1.0454026374436,1.08983053881123,0.766587074064138
1.13441732542976,1.16689985389738,0.876424789896334
1.0349096277262,1.09022378338067,0.766820799272768
1.05277059232346,1.11146730263831,0.801332559523683
1.07917241412828,1.13782058346614,0.834199221657826
1.14616587513779,1.21050487268109,0.92882680964678
1.17223518906315,1.22836165520524,0.956412233401658
1.002640831595,1.05499580980631,0.751664280341136
1.07608396063565,1.12179639427422,0.847354161230771
0.921493779981225,0.966807876085571,0.677476305671347
0.93876485020299,0.982881829889299,0.716677095216371
0.875903668904706,0.913136023955461,0.659620551667189
0.931338229254112,0.944806428576712,0.699548347400242
0.871699078238156,0.889486031391446,0.713243584432786
1.38615445523799,1.37060183925704,1.21575651568928
1.36271992173133,1.39206927583729,1.31000404683041
1.33813257605338,1.33779331044036,1.27675655373217
0.863080016623123,0.934034931491283,0.693785341960903
0.906728355452299,1.00335582861164,0.774522593323117
0.89425988984358,0.938846413868468,0.74206879558914
0.943763325623314,0.953189561922777,0.772819893880243
0.946681618250466,0.980753884220227,0.834982508866234
1.02627832045874,1.05877978706737,0.998414537004614
1.19604524384226,1.08118383029277,1.07586139260441
1.63949930308621,1.33256511207878,1.432868753647
1.33301233743443,1.22414247790791,1.22510703375233
1.56396629227511,1.32616066378452,1.58976383324383
2.15761646830948,1.89222934618409,2.23526947802385
2.05351093331554,1.82478204691258,2.10854039652895
0.845063375424605,0.927875446883172,0.671851868648366
0.900322194327852,1.01364156447202,0.73991514774749
0.785734395608087,0.851621593373084,0.562041535537981
0.819846273495634,0.854783045248373,0.593117392013101
0.744877569767918,0.812140244912274,0.496619921203306
0.752221810663398,0.849989182106192,0.547596209243102
0.794270273746014,0.842977883218176,0.525836393923624
0.838087699628013,0.875818122200615,0.570034300068903
0.848170167323293,0.909913685847997,0.607071557309778
0.811344692167037,0.814475959351912,0.511273233913646
0.842510401187566,0.832617127863435,0.560546224109271
0.877459324851524,0.886096389650649,0.629756364910385
0.896761786330888,0.830651229075286,0.595452613521152
0.96800089801513,0.883922391547619,0.676250454761572
0.920772803550701,0.818417062656155,0.595033404881418
1.01331992738603,0.85040807484454,0.680058837974728
1.05826367450558,0.870184658478184,0.717789175035088
0.865691009421351,0.826180495150032,0.54419344816584
0.912391623387572,0.873246319685814,0.604193586992738
0.917989286296607,0.826162502698264,0.582287423847122
1.00047985184373,0.874586269340845,0.662153868250907
0.693840661801434,0.732683736328075,0.431709486551988
0.727463955607622,0.742701109303926,0.471177828164166
0.662801321696005,0.704589985083121,0.414487802299497
0.690517282977137,0.762767677460577,0.469995728962233
0.638506779577883,0.64149987669358,0.397902833369404
0.660241199657949,0.64413312960474,0.420356364999862
0.681544140548098,0.679231880306426,0.473825848829566
0.761330571514572,0.763182440039053,0.573509417345267
0.768804022224053,0.716099432425116,0.591905575619999
0.693729180932965,0.738060704365741,0.500492333915338
0.896485134539114,0.881309600709502,0.671395952036417
0.824974586564274,0.898883907985189,0.655897036213216
1.38612128206495,1.4347252338357,1.26332098103079
1.36610563669739,1.38907877037391,1.26320166008022
1.37858445276738,1.41578155252546,1.28690597719716
0.862863998234687,0.860965427237158,0.671356214168918
1.43258397377836,1.41179960238611,1.30440195531052
1.40058757133078,1.39220350323905,1.28163218169906
1.40145590022551,1.38166443823593,1.26382824702653
0.630750311987516,0.610364645339265,0.386497591134337
0.694343022556562,0.685915427573157,0.45424565150202
0.618509782278862,0.571486068218191,0.395095083618912
0.655541980045273,0.597765248496474,0.451745770808255
0.598838536467492,0.554450637838577,0.412084973761106
0.60676439107036,0.597641134609553,0.436465663369153
0.658635274996846,0.595986613994312,0.468682817873402
0.731836450965106,0.6421858965321,0.558662672999225
0.727818399085848,0.690985823563478,0.603246739095751
1.29851120645269,1.24687987359406,1.21290477753667
1.2847037644485,1.28807431545188,1.24223851542898
1.27734607017426,1.27557345638806,1.22264466195996
0.738102016218631,0.680189151094644,0.517574670713113
0.893785468972377,0.787245184205293,0.632271514964863
0.899155008952773,0.772359889310097,0.623035178915454
0.901037779194976,0.750476693615799,0.62112224581792
1.44185034734784,1.2943120216078,1.2427884070328
1.42198166653613,1.30111918153936,1.24201893753853
1.41847796639601,1.30458948781775,1.21619872434047
0.574552447381821,0.508290572018644,0.429466091829263
0.658681251366503,0.563856032566811,0.528554268995207
0.555294037072301,0.509183537267941,0.431994153438503
0.605705236619473,0.59511133861759,0.489404450936054
0.548700850132168,0.484525240155573,0.446869487140253
0.592150208630478,0.509303003189355,0.488524340911523
0.609018958909982,0.576521415528356,0.518488241065641
1.23681182246859,1.19335626292611,1.18472409122242
1.20676053022474,1.23534400858197,1.15303776938676
1.21677129934172,1.19174820378191,1.17730963083059
0.543740669181253,0.497672914144812,0.442357692132442
0.567334236027875,0.600662656258671,0.488109445582822
0.590249235605235,0.523247774246645,0.471985219220058
0.649448086008551,0.565365777783808,0.521895144431705
0.603312391292231,0.55866058368862,0.479850765041735
0.597747889476637,0.60324074790662,0.488087261827643
0.67567719811051,0.595684385365247,0.525988997429889
0.756478189380899,0.673587217944554,0.579968965699919
0.761796482819392,0.687374626769343,0.600285557666036
1.3071615457099,1.24074711178797,1.22666410760174
1.30951782558634,1.26699181380709,1.20105090105214
1.32335787059734,1.28395176929221,1.21850989310347
0.752084429325269,0.674122689619179,0.585611831316239
1.17671760785192,1.25379526783121,0.888770462838809
1.19702338229111,1.15779627602507,0.971700119917096
1.46691810381472,1.11980914140048,0.930950745568142
2.00970167441751,1.6911877269496,1.50917796901854
2.06177817110167,1.71263185502354,1.51333988695747
1.99079531967236,1.71972295307335,1.52257611331193
0.618651108706269,0.643526913012793,0.489798704154961
0.696514998648716,0.730527253843727,0.577157823574194
0.623040560991757,0.750084259035189,0.466179793836791
0.662482893779602,0.789473247840739,0.488846506875487
0.675787021139506,0.930156742923542,0.492775724726335
0.763308066735227,1.17569749490768,0.608359325083566
0.756599574218562,0.992963553948431,0.5590075461534
0.638911682994613,0.945774284196297,0.500890221057149
0.645967029689219,1.11997922726594,0.567156569761392
0.699371331531004,1.20773737557274,0.547327012485038
0.771485318171164,1.52072550651791,0.609212696945901
0.733297683600371,1.29531376717032,0.578810331980116
0.806259159392443,1.5551287276584,0.636899035590438
0.838613011801819,1.71572722741998,0.674459610001157
0.653868451663946,0.965846286906698,0.533861240572895
0.627093157446117,1.22569850800423,0.530798814702419
0.695388789756783,1.03848897479139,0.57546745653385
0.774530040872741,1.4338249176082,0.638961328738011
0.692239542936912,1.03358115087334,0.593892427837019
0.723056064260458,1.26675957535219,0.623187861447664
0.780962526714746,1.33049709380813,0.685336059350834
0.641036968292265,0.892917103566765,0.576989851927229
0.63367632428181,0.893309384193559,0.596825332104431
0.669235103250533,0.865172618500386,0.594380647881478
0.743058640995211,0.960784800116172,0.637575031192776
0.669499602373705,0.781743237721763,0.599743997222006
0.688947197837852,0.792676155487926,0.629146236764631
0.771322317209372,0.873793050991818,0.675581023213648
0.947211689446743,1.12814367492613,0.86100568719479
0.946200577557523,1.07773914049198,0.803482326497122
1.35536107515145,1.49501473063271,0.940726035756379
1.70609809246768,1.90833720862402,1.12886825565626
0.610506122682713,0.675964020698314,0.551906984615245
0.620310915790915,0.644848212792937,0.566346289678382
0.596164199741815,0.671633826969941,0.536276122433875
0.660931926595575,0.784100169453478,0.579736778015092
0.726260979198241,0.909958062430459,0.658788935926354
0.79290185368996,0.914339189447164,0.682655910333203
0.567822030979027,0.608331900035231,0.513009219473719
0.606390854872176,0.602444462374893,0.534731943541593
0.641899305690993,0.677612137450661,0.586334303030101
0.875732880534644,0.992386823879819,0.772500513358283
0.8561349252017,0.841237468748263,0.737696363801889
0.71092508486506,0.864687340063529,0.632612339658123
1.00045427196893,1.26593763522679,0.869084147881842
0.98370576594822,1.16890630529484,0.835448982918645
0.519647323259325,0.619344278059603,0.490216119006878
0.535366160354721,0.619074219202951,0.499343002161143
0.518741000150297,0.702151638819109,0.514076544841178
0.564900934344498,0.763784912846583,0.563664737783105
0.52071367540438,0.751837393835934,0.516752794702443
0.5381539602348,0.762203585678617,0.527818035301355
0.570343366668842,0.872623493360006,0.575361896662751
0.637574924968924,1.37719202482074,0.658891992415527
0.617693574689868,0.977544184051664,0.606360564431731
0.593301006508803,1.35482337185641,0.613245855481613
0.71173596249589,1.73957542217093,0.792330507253919
0.701801130844772,1.72154927555917,0.790371674132291
0.586895990672424,1.58717852681685,0.506831490384988
0.63482410182396,1.73981021002281,0.528536449237384
0.755402698109203,2.15081049776792,0.659704890327004
0.842225097939263,2.52021672683104,0.740363212465199
0.866624549802825,2.39687735830376,0.769396618902253
0.527027465284971,0.737142880028878,0.509730958869361
0.564342307354802,0.766828590919592,0.543552250211698
0.544575949335669,0.740023269402481,0.518027263478515
0.576951265226302,0.778430339763933,0.557847324257639
0.566526464122094,0.762486363566818,0.519686204196438
0.601605307376028,0.848430813519658,0.566437663321133
0.647367069690629,0.871911375268455,0.597392048098651
0.672823735149162,0.869653403646815,0.619193120086393
0.71245165991748,0.93134880260845,0.665489724309635
0.736648760847572,1.04802349323718,0.749322503269575
0.733106758547364,1.1144646062544,0.789027592790354
0.94118994130435,1.22963567721723,0.966499918691224
0.548045195346443,0.67291091943342,0.498981303137309
0.593647192835406,0.712622594768899,0.55070522917234
0.531737900014362,0.612294458309748,0.482107515794729
0.561108320482058,0.642539932008392,0.516323307552418
0.525740101645347,0.584207543132524,0.471397308543274
0.570203752305286,0.637073197102082,0.51050786371991
0.568695460078286,0.59879468092811,0.490983090290115
0.598511129685421,0.771868255483528,0.532721350540816
0.644951596266566,0.814967017915484,0.556027994653516
0.670527589519115,1.01434764584961,0.610174241341074
0.628518870553096,0.645635223988992,0.558833528041442
1.20520645901289,1.27568820574841,1.18903643393384
1.23505609532234,1.27655234742774,1.20040609147254
1.23882825907296,1.21301184031689,1.18199867024596
0.497046701443544,0.579966102744267,0.452789803633099
0.525102990513697,0.628706016995773,0.485591399577645
0.489871749080941,0.583538208214266,0.440049465525094
0.51584744984256,0.608283208014647,0.472987307257482
0.498650672171437,0.622344942601209,0.430735385102166
0.542907452845283,0.629449424937545,0.470142812789918
0.544567352956881,0.663616747944146,0.46027266764422
0.867794781893894,0.850496005373988,0.69388818073828
0.770469299840598,1.05657582359696,0.681189289904723
0.769056117022517,0.819717790215447,0.598327884242012
1.53087840693416,1.30994035437256,1.32298414564522
0.491750443148139,0.707849200278205,0.437790840219859
0.529512658929456,0.779378448334759,0.472174327071139
0.492689625421303,0.74413788140409,0.454618966733201
0.520856130399901,0.734699803271766,0.49528993431743
0.509381158409565,0.839307412690792,0.472355506925023
0.550581314280682,0.904956962252739,0.506383430181678
0.547285009213672,0.877346148633935,0.507734997075314
0.673617741362085,0.860117330562408,0.556489891972071
0.671959162905909,0.974021662966456,0.561614091451722
0.664340204905689,0.953728307719437,0.551017057332171
1.08907963334827,1.37528893667983,0.714899552595716
1.15099906546352,1.3338972111318,0.760535692697864
0.871450818119786,1.19924661152,0.670551255624048
1.33977684391214,1.62593493918996,0.94215896018959
1.30916293498229,1.68975396614625,0.901209878740662
0.91515128751082,1.30570750618238,0.719688370730488
1.38030421615587,1.94518469370406,1.34125953330571
1.27878318198263,1.69223249257063,1.07952459674665
1.05954850767348,1.22720252144659,1.01584412360196
1.59517816912386,1.55214079215955,1.47926823039549
1.46932069234874,1.80702402634289,1.51158924962944
1.58086975841116,1.6544192031049,1.57294076293506
0.504968116410885,0.860540425657131,0.473750261106656
0.55107063252748,0.955980989584463,0.516431484990072
0.501229337513985,0.812594065063811,0.475763168079947
0.526201739466131,0.783282323879703,0.508040446487438
0.523449373723994,0.862339956121282,0.49880252634977
0.567631673342904,0.952269238618895,0.544960567094998
0.589632362641077,0.851600393409211,0.552974011934739
1.22219992683975,1.36222620876099,1.20168272370938
1.20780090761874,1.30781234052626,1.19189721484805
1.19738314551713,1.36506094154805,1.1656930656134
0.523824121873959,0.88419362963046,0.499711809996504
0.595113462592104,1.0069394913247,0.57190040259081
0.500925597788305,0.80378891485546,0.469205083199007
0.513211369748582,0.754523522370085,0.480099916060507
0.52069789378281,0.825451236065996,0.474019455346947
0.567494144972178,0.883131921329383,0.516961921449278
0.54657730269539,0.757614606022397,0.471233941453558
0.56412011444559,0.742075493659562,0.500110666403482
0.642558957910982,0.831248055087362,0.533595151670773
1.22811927510224,1.3289015989565,1.17493265571179
1.2362062865412,1.33668613043442,1.1710727082643
1.25194055277407,1.37051597423341,1.18566521901869
0.599410014054829,0.750748002046952,0.511172553428062
0.691003867977013,0.846270366600474,0.627782121379449
0.62934674261693,0.778850635086201,0.616363437260186
0.677778912871315,0.752063398551598,0.616086272319149
1.2677090370585,1.28752854036373,1.23878545520169
1.25074875609996,1.2792637290436,1.23896140939347
1.25862431695311,1.30971916664014,1.23124870931453
0.535284585660049,0.904023319407031,0.495773133186194
0.599544716919188,0.995123154102917,0.554479154445715
0.52806981648605,0.915561493562995,0.494894930358121
0.538027145311274,0.885279248986328,0.509233853642465
0.592235256605205,1.02280796685002,0.540644752718274
0.674704585620762,1.06334499913071,0.598555708054472
0.652440080677659,1.06601281465918,0.593312917817104
0.592833799217612,1.11462639664999,0.556673245941641
0.689126464819299,1.23300702701858,0.627526187027861
0.561653376521325,1.13491817503585,0.546007168951481
0.573635910431855,1.13348747792808,0.559285303259218
0.595599548551187,1.22796808845505,0.568172939366067
0.671046807413865,1.32315999160911,0.601336938889211
0.642906538587909,1.23503776475992,0.606156055318488
0.81419255775965,1.22473775989739,0.83203120473006
0.770692284791406,1.42719654399071,0.844749310030368
1.33830753232206,1.81412215423431,1.40545706095555
1.30819921280196,1.84909882976457,1.42452112068411
1.36308860930702,1.9240888783151,1.40785584535226
0.846288752680547,1.78937705351804,0.833281314734122
1.1737851835729,2.25188820064643,1.04650634398928
1.22226572442041,2.30468027176564,1.26776446230327
1.20157664311163,2.01895526098232,1.14794327174952
1.7346814040302,2.41496422425426,1.64520803500636
1.70875486083061,2.37593457193277,1.66080347276886
1.70280871942519,2.39479550261314,1.66761645679728
0.607126174983826,1.26509729771839,0.586334864388275
0.690646447472224,1.42791296877714,0.654640136041156
0.602293523625117,1.1837476056561,0.575911824024147
0.610190294550315,1.14296149812888,0.579036501378126
0.668824640992575,1.23929380068336,0.603271577503907
0.70574712399797,1.33688299452759,0.648918019418929
0.740142514114804,1.216234683079,0.618145075822045
0.776175986018103,1.63481611586713,0.643238722975513
0.86008427465317,1.84956386054158,0.721700296792414
1.3436510977732,2.36783320866167,1.28004911876607
1.32920710281827,2.35227836551945,1.29892267231016
1.43172263339213,2.35801842558276,1.22115368426282
0.791313902557596,1.67560199737142,0.641316329375357
1.12242973530669,2.07984716517575,1.05278355192243
1.15073172062476,2.2576995695068,1.19263608340756
1.4926596379122,2.18329254938455,1.24956130465776
2.0388026351461,2.62958552902147,1.83044964140803
2.01694386544056,2.59684763689771,1.82789861264718
2.03561565820201,2.5680742607699,1.83547143878862
0.725231006668119,1.27864183930739,0.625674790643191
0.851449752847093,1.44937528506924,0.707129647986172
0.710318613102977,1.18731145104343,0.59786773139762
0.696820522062461,1.12681153612979,0.592061515165961
0.801370546424796,1.25758225135549,0.63017170353445
1.21781351236289,1.34392393927451,0.677608029050796
1.1896157306504,1.16328078101839,0.648306673872038
1.61294183154544,1.30768255418636,0.928417601473696
1.4770003182783,1.62939511984918,0.765825896920814
1.36866253497265,1.71112644541033,1.03650829578904
1.66110192019629,2.14858565664384,1.49717952435754
1.17738138652609,1.47707866833588,0.664270101899801
1.6243108199253,1.68527163250043,0.763988543059417
1.65171258760366,1.56368626855619,0.653000264832901
1.78211871709934,1.50051611797516,0.663773831173212
2.36374740911113,1.85022951304479,0.692738378797043
2.56319338795837,1.96774304632876,0.729436952016943
3.1177587369361,1.99776205931437,0.715142176226522
3.24326736496784,2.00735566234397,0.774631749302591
3.68568265119587,2.36539857248587,0.823011764704728
3.19510327992289,1.99993942571347,0.738782978105481
2.87082584542426,2.06436204871777,0.83315697124808
3.88172605160653,2.19185510123104,0.795132070868568
4.35034970184324,2.30261926871275,0.797965819344054
4.00124325014474,2.33937141940272,0.907837734750691
2.37667674507753,1.99662439758835,0.73601539330545
2.90241396572852,2.18978703811436,0.82695206083952
1.85804496216477,1.95752037609503,0.735439184983873
1.52607279657479,1.86230237763199,0.761406163487959
1.8693324146194,2.12149602347686,0.78706324263843
2.06868385227003,2.16658508678207,0.83745226430516
1.88414190265832,2.26508522662715,0.813968656043536
2.14736552350688,2.13206240080892,0.811450784989623
1.93448649952371,2.57849812804258,0.91446610278136
2.25113064547662,2.82467771311382,0.824223183562811
2.79294961404384,3.22810000028936,0.946075576386632
2.34831834576006,3.23746218889287,0.780222836098019
2.1269022813922,3.10073330391878,0.768760454457663
2.85341101041643,3.83151345250495,0.822821144755907
1.70258112798555,2.18847121917837,0.825417408314275
1.64406266182698,2.3330108138321,0.851125209724984
1.74672786790583,2.22452702875662,0.926800764877961
1.99160528570806,2.28588882920525,1.0255731248654
1.99954770499062,2.36474608167313,1.1042783126606
2.2113706632886,2.27252713187776,1.08269706449708
1.73399137509832,2.35304691177241,1.02655938823268
1.76167817447255,2.45602284272535,1.05576255950093
2.09929371656769,2.49888914704139,1.24680161621227
2.31584837382704,2.65521181540305,1.53748216144131
2.36365448258024,2.66777507366079,1.48375619978936
2.15596699650392,2.50332734473378,1.21245997180157
2.25978829122582,2.71129168107235,1.4717255980677
2.48083714792393,2.69254302944453,1.44097922230232
1.53979327033482,2.37997911162934,1.04345781700468
1.58013596450048,2.50024134837914,1.15380325563309
1.51397113297398,2.39474601897622,1.05668415059707
1.60028149666697,2.39571348193079,1.06439920655364
1.55784014066474,2.53660646677582,1.1742556380889
1.67128401729536,2.63702136554012,1.27903085953031
1.84837293796103,2.81319200322784,1.36301342387844
1.87458912642589,2.81507135936326,1.38680920650734
2.01122006817054,2.99413910145877,1.54432049570938
2.12117175444962,3.12074880474244,1.57010759772278
2.32043471637893,3.37850945921508,1.8351821640946
2.20672663211942,3.14148290719537,1.71468559283226
2.50281923873366,3.47408827044404,1.93866190932638
2.92072332577748,3.8192281156569,2.41284688752392
2.94467798229387,3.83273450523084,2.45788771687028
1.41610908895112,2.4454900864552,1.13421784807313
1.54030729746578,2.59657115310877,1.29585721918941
1.28927188058047,2.33548430939597,1.02544575278417
1.30179146573874,2.33992573036032,0.991880640808469
1.28766137597139,2.36417811125182,1.05507261314856
1.38579989311972,2.41504582306255,1.14693445194089
1.48204920182043,2.78745167919014,1.12674264747431
1.55470107104426,2.80378305473136,1.13389180552125
1.7345195942828,3.25577529090499,1.21831241033531
1.52268338569943,3.37329327238709,1.23130740360746
2.08154897771958,3.83385642876612,1.74078396458091
2.73752817236724,3.87542423772862,2.42507923258169
2.26260250128907,4.69097209770414,1.88558206286374
2.9856046461577,5.24884682438811,2.59954787561451
1.95793478342209,5.15485477811533,1.62965281393774
2.20943197192448,5.93866115741842,1.83038803472323
1.90954506202287,4.07590638519151,1.81478717305597
2.51608570576366,4.25760743886955,2.51407988968352
2.09069851120184,4.94176120419187,1.97548157022087
2.74894921637974,5.67529219859385,2.72690869693752
1.15241030918765,2.32351844970752,1.01716112263378
1.22962141185421,2.6853896925151,1.13697342198199
1.09676932214206,2.21103684960504,0.997731796694324
1.17050712654341,2.2116770303404,1.07511918919769
1.11368878213125,2.43585253698685,1.04434142121541
1.20793415147211,2.69690135875615,1.12472909845654
1.32719174163167,2.90970220845119,1.21689722862566
1.69458499524002,3.2312853406057,1.63705904822246
1.76261910117156,3.23443866759764,1.65442543117636
1.77540453349761,3.25189330867494,1.65232061937721
1.06926952857133,2.23498374893797,1.04816110599148
1.16283687048221,2.40374207509445,1.14233842867476
1.06324971850707,2.03586949339425,1.059786763817
1.11803530215497,2.09402711603091,1.10378553288732
1.12311959905499,1.92680929525718,1.11444894168664
1.19217208116895,1.91634217169839,1.20951567458938
1.33340334443471,2.05082497703521,1.28044666410424
1.41102260549072,2.2220126863599,1.52603286493894
1.54281771003062,2.11418405082219,1.61219466572438
1.63281565412799,2.05939946814423,2.07544896912975
2.138127191624,2.47480380120603,2.76492858435021
2.11572947908462,2.24973422235287,2.74270258481528
1.11265395705941,1.80669714626085,1.03641579291513
1.19481415777952,1.85629625133182,1.08546969182679
1.12715892587985,1.77152589318722,0.999047652614776
1.11690381299554,1.89129620880219,1.01822983666582
1.26384918114698,1.68928828665034,1.01180256437573
1.39203892869579,1.71156973482567,1.03926707089068
1.31347537761162,1.68023435966022,1.07808217802622
1.25791904834418,1.80883543557287,1.10622508561623
1.55297618400004,1.64361220796891,1.17979960978492
1.93686046415754,1.99895768813692,1.56406033328199
1.89293584732972,1.94214264582728,1.61568136887159
1.96316276994535,1.9529611649732,1.61317951521438
1.44197286504477,1.84020958470037,1.14787683337168
1.79536472815658,2.13612141196335,1.53643463342894
1.83285289717678,2.21846219789468,1.57828008697144
1.83659182247625,2.15573508509187,1.5974384782375
1.37635196537372,1.66353677139402,1.02533009373099
1.67951825781825,1.66260676527621,1.08709763560936
1.4582722384085,1.68626614778152,1.0425492159611
1.65077918419785,1.72906481081897,1.08261358801205
1.58096327536384,1.68259347216759,1.08364141451799
1.76737603683743,1.63871975722114,1.16081917684258
1.86723062058045,1.74202766184769,1.18443570438
1.91971466703614,1.95705890487631,1.40811915427066
1.97494266614412,1.77284613134695,1.34017210521927
2.22686355181765,1.76470094559447,1.34073684455669
2.56018859558639,1.89963697412454,1.54144785105362
2.57547823698336,2.11984462552246,1.61275335620597
2.290700788548,1.91185890611291,1.60278236095942
2.39890197979438,2.18737081306352,2.05580966398812
2.47510078195244,2.01603161175144,1.99572352206139
2.79202657505179,2.09716376948345,1.98645298255072
3.18187444386022,2.12524265015365,2.46267389453311
3.03088379924301,2.36180336357784,2.35842700336743
2.99015331564171,2.50040906096286,2.56212362919707
2.81660240046745,2.38986191809111,2.65939080434987
3.35445984205231,2.76294050033863,2.96466509021923
3.64769001246281,2.63231300046522,3.09419363209099
3.98174198747902,2.6152468557172,3.53805168235052
3.91225134293315,2.90170079918833,3.41002430910287
1.4392124091984,1.74623770528598,1.06173231514475
1.63674722278245,1.79860631048227,1.17856202788928
1.31483802705051,1.80378231288015,1.00112158069458
1.34013632552047,1.82970205185062,0.981309998769162
1.41278007418911,1.88886851530173,1.07477237379676
1.46661212089823,1.90901847378088,1.16332810372126
1.83185620080656,2.04048445102275,1.27356435622802
2.0362785100225,2.36361978736786,1.58786078039212
2.13993740108317,2.22971964918793,1.607673731864
2.62896265382602,2.42558252726292,1.60338503506037
2.98108152309957,2.62129130592866,1.786703510396
1.26939191823514,1.89038818954114,1.03658345319433
1.32019247095115,2.02766727796604,1.14456024722728
1.19836880376662,1.7981994063084,0.96701336326397
1.30689875250082,1.75359130269921,0.965737936948622
1.07628335095987,1.80993144208483,0.980852874536018
1.15590604911317,1.99253949330095,1.1030608255343
1.05419758554066,1.81020124588729,1.03865634324263
1.35673712569197,2.09236512606453,1.31388563426958
1.41246711883521,2.2398473427405,1.3473382167622
1.17250764974066,1.67150985115707,1.07996395456339
1.72347760111658,1.98327655929957,1.52859576451639
1.58764198177139,1.73788281008057,1.55064868140664
2.07154219640705,2.1792587596501,2.04954162179116
2.0738046630798,2.11253299180909,2.01013598687515
2.03537488507664,2.15086305259293,2.0344517960977
1.59422472327594,2.54717261081047,1.4195976801194
2.04856368742782,2.98469504577862,1.91624605401296
2.09153708308108,3.08388453109835,1.85546352691783
2.07507360022309,2.97751598159479,1.93563533122845
0.996631965840132,1.68927555205401,0.90439538746778
1.03672433985219,1.7627347744729,1.00704967816668
1.0012028831451,1.59528731720473,0.834146023313972
1.09402938545913,1.62802235622869,0.876326387254659
0.989077500980779,1.55001041446298,0.796606642464323
0.931741318376678,1.44335794475874,0.799900847294922
1.11047974352617,1.56385941990109,0.803355062621596
1.40171204973163,1.74732173199609,0.914006133759333
1.44225742252868,1.85286013123453,0.972076647427136
1.17456065729355,1.84873343052813,0.887011091980514
1.48086744791959,2.28247275128167,1.10921683135521
1.42039229108252,2.20705563880833,1.05033741128021
1.25318940077325,1.83103614921508,0.932396281118541
1.67734730448775,2.15843272186336,1.50232756923187
1.74431440863997,2.15235229828431,1.44483681836523
1.02643688179074,1.73436454676737,0.838148497066169
1.12545819132832,1.94793982942889,0.91356356512591
1.00643237947318,1.72974961292654,0.853354622463682
0.984730597958755,1.61161181374939,0.84943406471985
1.06956732192371,1.94029026391326,0.933015808038614
1.12262191800567,1.97479448553904,1.03849903455385
1.18340433014775,2.08212319401337,1.01771026091691
1.00353911470077,1.99733379697434,0.900371963712643
0.998252367352435,1.97065204433011,0.919245906195434
1.05702112887514,2.15546889242838,0.953245837466086
1.16655256094654,2.26140312605712,1.02858187197806
1.05205878813555,2.23550768175961,1.00769145714265
1.08078644179801,2.28904247825175,1.0763838128955
1.16273833224597,2.39599297939988,1.13690699249349
1.59571793921437,2.64395357208511,1.52164859637921
1.2432642809373,2.51664252126805,1.45740342918089
1.6450785942927,2.80400724075847,1.24290228454495
2.32692639670656,3.2630356193137,1.79218420829167
2.34404396978951,3.33342613887735,1.74481564286729
2.79299003275607,3.70999152304623,2.21084664878375
2.79966719525463,3.68631746919432,2.21699721794344
2.79431751440806,3.66820803589584,2.23130872505438
1.73700686560899,3.05464464555378,1.67487305999611
2.16498482977948,3.33120413517462,2.11152410373811
2.16369732114529,3.3477493161481,2.15457739019934
2.08436649569214,3.38322503068521,2.17791393690439
1.09649280444173,2.2281981953009,1.04915936849932
1.25602534033555,2.28088209161075,1.17148177521564
1.15996924450752,2.29713939155908,1.1731435975788
1.21643123490345,2.39352974191545,1.27902597069219
1.36134940991514,2.38182595989013,1.36470251827637
1.6763706588033,2.64800185902582,1.68888582409319
1.65605444617933,2.89702709244637,1.94705289899233
1.86484731702152,3.28035337118097,2.49411492357853
2.10429624495173,3.16429495949592,2.38103846079344
2.27956910278472,3.25358848847765,2.20076513253086
2.64725064584987,3.48634645748584,2.36149302519177
1.29705338482532,2.23930353319447,1.21091881782215
1.30456467913436,2.44546471647624,1.37378191140636
1.68076089171694,2.41942664022419,1.41512842803162
2.25541390605107,2.86356870643908,1.85754878818048
2.41983588783721,3.00442088549062,2.00436777179899
2.34429677953622,3.01224382021104,1.99192593221433
1.85779242600095,2.74945505494837,1.65601581924645
1.9202405511205,2.98235852410437,1.80803525752087
2.45597934617749,3.38275436330665,2.18156930959413
2.52046669583219,3.65723506803204,2.47711261362332
2.8350043707452,3.87224533369703,2.41826868376889
2.80974561642496,3.40300964063646,2.30671524820654
3.13762404843888,3.53451777349176,2.4826359324138
3.3785170784517,3.97288747955179,2.76436077409069
1.69081130774389,2.57672540219408,1.56117956882544
1.95636872845756,2.81129660577456,1.82332113499309
1.63329065863302,2.44835447006658,1.38101418679094
1.9077255018829,2.58024170702996,1.40457456873497
1.51965357303205,2.40071375251267,1.36088194563559
1.78705921494585,2.40297605276006,1.61476985837147
1.44706645259506,2.66430513407798,1.3819104291839
1.51710734481605,2.96426995561128,1.64347363438773
2.27948956190598,3.54240170995295,1.79389426488983
2.6681916530288,3.99106174688563,1.96411098390317
1.81698644934503,2.45644022145917,1.7650263091514
2.22809248990028,2.68652440986753,2.21833153263424
2.28409886347616,2.68901197737067,2.20926493606537
2.22538995416373,2.76109487939605,2.14371977293075
1.53873392161224,2.3782177824636,1.39334227472452
1.65873124727105,2.56360970690026,1.52605771706025
1.68037179233168,2.35265369661878,1.559764031945
1.78966911184896,2.38414484319078,1.68596144359858
1.89961901729186,2.48662266138613,1.79287211410835
2.19089455758937,2.65814529748414,1.97537729770998
2.49287800350158,2.77748142670761,2.34491906666814
2.70222101410818,2.94382269738309,2.38820808794637
2.93694455046913,3.09121090056462,2.76941917299183
3.06260702931054,3.06293548996345,2.98751962413392
3.54155265111862,3.48287073591028,3.54643546640431
3.653079157819,3.43573418247089,3.48760050843037
3.78959105453894,3.62936240458461,3.58058000532155
4.23754366889111,3.82678685663515,4.06070838710243
1.54046309781984,2.4201016807253,1.49255941000293
1.79281786388873,2.59707295876683,1.63829778119045
1.21390182804587,2.29995807573993,1.21889370521613
1.21702427244299,2.2645632134736,1.29405782148654
1.24958213422864,2.34948699446007,1.00823394211774
1.58762583026986,2.58394421869641,1.01119095172928
1.28090558317088,2.39730332676799,1.09879694141132
1.3390598567305,2.33197345510631,1.37764920919623
1.5799849964015,2.51112641834734,1.25548104745174
1.69723541051779,2.69849847739917,1.38129964835044
1.97260082971393,2.92597112449748,1.80429457875019
2.18010002207465,2.87155462582341,1.88912664809859
2.10406883935633,2.99454772686094,1.65347076820258
2.45215136156316,3.12547740622835,2.03453211964891
2.34729667307055,3.29990095402926,2.1100723437298
2.79559518235886,3.42604512975717,2.09309240019369
3.21751386856126,3.79704845142037,2.5263809424791
3.23882381526065,3.66633898714176,2.49986531452465
3.27475317961612,3.82376981780603,2.60741275737925
3.60745441639095,4.1024723243173,2.96065687994606
3.57998042665425,4.08632755627371,2.96204338901312
3.60059506268032,4.10626793513708,3.00383047827611
1.43255190800706,2.20357909945356,0.9068456447125
1.39340843208775,2.0287127147033,0.969816802150939
1.93077495681421,2.36030574197756,0.869860001073535
2.50035779522138,2.72088817984398,1.03849914714984
2.50472576911712,2.80321503256197,1.12289580191456
2.66977745754482,2.8734252101295,1.18075521939668
2.15582730718846,2.27570332356529,0.82224964198858
2.43628744220523,2.31356108857822,0.910288385727813
2.83669439728704,2.5948515477057,0.951025830825711
2.92982755849887,2.6523561109601,1.15666966470964
3.29314217775317,2.79003824044301,1.21136630976924
3.11628069592916,2.91468485058063,1.23873363041615
3.53635801430356,3.22402049663941,1.6553261686182
3.53337927135894,3.20052339508533,1.64627901480654
1.62820256789875,1.95826532917476,0.714775960263895
1.35273533797704,1.90552121537571,0.788637818257283
1.73593813785818,1.8449347290881,0.669535762714947
2.19333725682564,2.00296587103871,0.758584493267371
1.39634875123873,1.5943846917496,0.597209227858343
1.30691800769098,1.56370953581713,0.614440568591634
1.73104876967524,1.68521401916096,0.625981501180529
2.06085546226953,1.94063640253622,1.09133721395059
2.03827903883985,2.1343886532748,1.0945919264184
2.00369567140158,2.12365859985063,1.13309008012527
2.17949584004893,2.54992660195694,1.58509952257554
1.11581359242959,1.41462218682565,0.563850166845604
1.28570158076973,1.53758616803219,0.616262146239433
0.891446746398008,1.20698258779372,0.53599670949903
0.957905862704541,1.20265678182162,0.580695713999159
0.813987531607725,1.10062990912037,0.512254370341516
0.942335380462577,1.19838353721941,0.552603065876992
0.870699391583437,1.02924367074927,0.5408074104001
1.33501439189364,1.04283685415593,0.625304841921111
1.32475586859606,1.06002940594196,0.631834964947336
1.87146301868722,1.53609694250666,1.20474517752139
1.80578140875074,1.45662327454297,1.22512984032578
1.84255091500496,1.50115183155915,1.26363646468159
1.17195721975923,1.20798472078972,0.640138119612705
1.70632406438248,1.63530773956543,1.24440356999497
1.69138754344986,1.63273982994644,1.23753713152523
1.70902032493421,1.6639853500015,1.24864261105241
0.747989790968262,1.03841819721843,0.497096410230796
0.754209021911958,1.0425021335885,0.541343589138045
0.771943040308926,1.04566474302328,0.51011349022401
0.902709533117596,1.16884043391995,0.611131325226208
1.00847073085542,1.22165939294602,0.716519610772544
1.02993276115297,1.33470959153649,0.755700313883767
0.744304918680683,1.00426469446451,0.496747176254406
0.785809372692949,1.06903021984903,0.541874012206385
0.855156426692,1.06497092611843,0.576794329250988
0.997106870686163,1.13523919272476,0.786072629018242
1.00865484623715,1.19953750762055,0.791628624721658
0.988153695546233,1.2360949984025,0.756190124283431
1.25038762762745,1.4650119385732,1.11064056637703
1.21036106461824,1.50267001741886,1.10684992263175
0.672002540589273,0.893284645409476,0.45469315091707
0.701924781173402,0.88444725858931,0.517090364479418
0.665001260137025,0.86198083931424,0.449969233498107
0.738585814798232,0.929414661738648,0.540369057605782
0.644290638412214,0.783695567383524,0.428556813728039
0.671191464983938,0.742684669298326,0.43508803522685
0.678522416676259,0.816798716277941,0.481680120291336
0.741446905688227,0.902188235393698,0.550008953520503
0.765993396079799,0.849930346243702,0.542539572693336
1.319415173405,1.40364644697032,1.17397666157537
1.31737425136253,1.31398990462626,1.16843968517961
1.28955864481323,1.34203843030126,1.18200802023818
0.74922064660472,0.848783191665776,0.526390748312165
1.28232700975423,0.887343526300238,0.59937263621878
1.20781583950149,0.96581614409913,0.645359138145203
0.93785747306498,0.915850958417824,0.643162811162797
1.52455838687003,1.40121841086368,1.25092664651534
1.5314024868498,1.40035134735084,1.25787366158733
1.54301046664738,1.41524566491808,1.2396650349858
0.660195872086276,0.78777635628196,0.42303207776181
0.743191983249829,0.89443682914001,0.486899893898548
0.655246699016544,0.731226579204763,0.418659202144235
0.689426922937089,0.726626604937536,0.457939854930262
0.65191987706661,0.751150859463248,0.425147223892511
0.676521767399352,0.81434935675564,0.451874101536203
0.792073261996695,0.810549049724529,0.468563504531913
0.876285958417322,0.830947651593649,0.560368082563261
0.969012997681023,0.871377576673006,0.561578168020473
1.02387552675603,0.909744146881433,0.543158288967376
1.55990276838846,1.13690028202856,0.906263711217674
1.40011167611909,1.19737101074558,0.878382236299136
1.88504641707965,1.68501289394262,1.45338638937558
1.92656915801508,1.68030448085804,1.47615037668783
1.90819535093758,1.71113472532066,1.44936294302911
1.56549179105589,1.24971403710886,0.799816803267743
2.08750971891978,1.7428106791365,1.40835958400764
2.06953345851702,1.75258706778155,1.38459606964143
2.04451882409902,1.72238791299832,1.39666263138564
0.630170218244406,0.696933486698452,0.454120707262518
0.750896957818577,0.79345762598974,0.541447084358355
0.682175346255358,0.68607894210086,0.481580036306211
0.796307715161305,0.779653034422046,0.528839646765814
0.752875921555518,0.664163623324224,0.504004061662389
0.890645557011889,0.681815489315661,0.576878051830456
0.871198390780698,0.727541737509218,0.55439741047442
1.38236720208988,1.27460894960251,1.16619286594947
1.3574016993902,1.32052908125206,1.22251937064839
1.42270421827443,1.2633153922678,1.15008760423625
0.763193032704669,0.69408377589837,0.487424066673
0.875473416125324,0.805202502570944,0.527997032383995
0.806952123658311,0.659598387225492,0.498444118880457
0.845198932028033,0.648885832638641,0.546672416748498
0.95688773952848,0.689477985170697,0.48469129694187
1.16235231310111,0.720884656386269,0.493629324725927
1.07612870241054,0.77048498540027,0.592802303204468
1.10078114036388,0.798841833247626,0.631247171808967
1.31045893213907,0.895453681525652,0.680103186448656
1.7602260322284,1.40085977810213,1.27943793741637
1.70315599673639,1.37019518915129,1.26398318820244
1.73555404766982,1.42420663176772,1.24361704529055
1.36992208529896,0.858533130420409,0.758393142362227
1.83785453299857,1.23647867782933,1.03120982106933
1.77808136579994,1.31938327903477,1.01922679243751
1.59974192332345,1.27642973375533,1.06147091215395
2.03475713641801,1.82549771643023,1.56951500195533
2.04663028827062,1.79849838227288,1.59031205299446
2.06466973409452,1.82219850818079,1.59651906500395
1.08827974879769,0.68986340832684,0.454554146051571
1.0893043145568,0.723499219921621,0.466409906271665
1.47025759424157,0.749253793921303,0.504627616871016
1.90816194086187,0.907526194150143,0.634941039652318
1.99219998454326,1.03086845096424,0.783607796576236
1.96377557904872,0.987239809482638,0.782390899172432
1.68687948645984,0.7773780052957,0.565519060301384
1.78981103721625,0.772369859995172,0.567971110530459
2.28057291169937,0.906112949084033,0.802629119596526
2.46585271088217,1.317751692604,1.19536411523069
2.6611993083587,0.981133955787804,1.24524832322888
2.4387486299487,1.06527972232551,0.741519108150751
2.7373578705422,1.53000137660955,1.08683782258017
2.88757864350609,1.29269534456731,1.15613504736859
1.38952696163049,0.801806658164596,0.602974863882783
1.47304439450926,0.928669214795387,0.881363238766142
1.23464709618598,0.809608466883005,0.529455501816097
1.43436662426692,0.866791736906568,0.595029145656494
0.978011624440466,0.878275408857706,0.586426825913795
0.973614043698515,0.914170512628831,0.695718746857282
0.98231700218886,0.902832462272607,0.674777874303277
1.37640683966833,1.0307355882878,0.789974305969853
1.49237479963236,0.991426070001375,0.709585685133097
2.10626678536754,1.31140820832884,0.825165727094197
1.00332372478961,0.89369836664697,0.787357225486695
1.56520381309998,1.39489513009062,1.31828795038348
1.5045847983164,1.39440769374819,1.32691983894663
1.52593958732428,1.36234837282497,1.33756261483427
0.964362678496137,1.07250434979221,0.585575224271677
1.01425061357533,1.7567412215661,0.708492336076933
1.01365104347912,0.817126611983509,0.615213100118113
1.10341576605263,0.998139731939419,0.688141549337292
1.0571585864127,0.928837384475545,0.742782930812584
1.24976633777778,1.02601535963684,0.874234434719992
1.18627212009236,1.09704328612308,1.03761708559925
1.67270569847438,1.4443603599122,1.55778011218546
1.94714714904491,1.47814405041884,2.06798337608616
2.30280976028526,1.95776751339705,2.63816471285942
1.51423182158017,1.38445826572737,1.27850508641273
2.03641704830644,1.84513056492765,1.84552687816801
1.98376776713838,1.90311665764006,1.87335681211402
2.05050023224382,1.83070806341868,1.80534464478726
0.899189729935854,0.892640246928548,0.591096676722702
0.972200967593436,0.890879315720838,0.573384378341736
0.896407069924688,0.952797446724111,0.644068613988568
1.04136555993752,1.04309966714223,0.7861561846194
0.874742997090611,0.961971638836414,0.621309844614778
0.883983401241776,0.990587242742528,0.614987854028438
1.13036968875341,1.07120047560009,0.898093783464957
1.5924615290697,1.50066801595616,1.44280994773387
1.61697264412612,1.47148471137682,1.42043335564536
1.55928975134086,1.58433726226231,1.42446602956209
0.770212102658866,0.955527365373083,0.567474646477688
0.812874922558779,1.015618849141,0.707214639545475
0.739206821937396,0.976876066481565,0.52175983943011
0.783810404073316,1.01999664933972,0.568707138162877
0.744602264324876,1.02638388384034,0.585669729517071
0.830665672944047,1.1177791718504,0.680931465869162
0.775108952000424,1.05961197150386,0.664990831583134
0.739667074857896,1.07385227599647,0.603817459720346
0.861209238924653,1.20404733781707,0.747195231698028
0.760748608646739,1.11264187297942,0.554896917845828
0.85909418813301,1.16661010768176,0.574387631659447
0.83545623062213,1.22748890045007,0.578826809892098
0.924288232983473,1.24741211242505,0.657555711949475
1.08205174750529,1.36313804444003,0.610518041871595
1.39730401554491,1.94613369612359,0.719474124608616
2.00377695419207,1.37602820126278,0.73254201792577
2.64642614264123,1.79738406253317,0.844802128536549
1.27539884313983,1.84391346127287,0.640047334944549
1.83143747348104,2.3404896545785,1.25525979215808
1.78010165982712,2.31740904362508,1.20355950418485
1.79548695307742,2.25352468889849,1.24214963117915
0.754083474703663,1.3591640388181,0.592929135852669
0.805137440341864,2.26038233122962,0.703469004418011
0.792393614668399,0.894006581835335,0.595159203297666
0.85353239120142,1.17819281395781,0.664713019429126
0.942837247132823,0.995639447520981,0.681996374003007
1.10851822133828,1.24572772357971,0.771127572336914
0.972843690841353,1.31577389167898,0.875083143425072
1.43549778458332,1.78187075051976,1.37017652657291
1.44808730412904,1.78039051207046,1.39035823510881
1.46660845256482,1.80610363356639,1.43445824855993
1.09640541290493,1.13531607969762,0.656695227920821
1.85578470318653,1.59694406740463,0.78710296899103
0.646926202537243,1.59654698329204,0.590025478872566
0.804617149796845,2.01617677366491,0.621549173828585
0.696335341745568,2.07900259747216,0.590008836232151
0.790623394863072,2.12124759707578,0.626662650006762
0.862419682470244,3.06427526757239,0.667583290207715
1.37272863682695,3.45490658561766,1.24119911912806
1.38693925216653,3.52243939398417,1.25086836764551
1.40365685914434,3.47365516321502,1.26406600831368
0.642446357648461,2.03964798801777,0.579646079011295
0.750563734894284,2.87725309691446,0.674340624808677
0.620717548592737,1.61125190971609,0.572498795113183
0.676758838346715,1.63729723921479,0.628860371414515
0.6715183564417,1.98602534424248,0.587225615535023
0.758242416145573,2.08384188961507,0.643499450960978
0.801937164058368,2.56171987078046,0.620707990544404
1.05520992080532,2.669949674946,0.702189964564786
1.06194378364645,3.39903497559193,0.671503484256654
0.927099819753456,2.69532862539962,0.61046671791741
1.20900322780913,2.4093666852774,0.674828418666289
1.18330999307277,3.27443589450073,0.723203166049709
1.14854648916457,3.43209426310662,0.599045819008856
1.69568579117813,4.27232003024311,1.27294783044487
1.7132945545432,3.62566008002829,1.25992204038264
0.645292533940596,2.04994547468234,0.595453144800966
0.832736798368722,2.46418953981882,0.719699151887348
0.576997740666202,1.90166940779959,0.572902114246966
0.665782574543061,1.82127963540552,0.626589638688635
0.598213235542203,2.1972516809518,0.595200159317352
0.679281986843474,2.49967872170134,0.672027696732858
0.66497892349785,2.53170899039858,0.670649953174757
1.0743933500092,2.87127645662431,0.867497883165229
1.33318541023652,3.11116997654399,0.814065513729781
1.88683857954039,3.48884389918503,1.36169892532814
1.87954556299638,3.51669729834375,1.34975634672884
1.84498373705468,3.50070780093684,1.38643844786664
1.0532877500446,2.93466519296974,0.78742626086131
1.59773829944263,3.27928901161121,1.33191278252486
1.66803347817357,3.26699819680175,1.34800849615799
1.60880780738093,3.35751097191279,1.35244001836864
0.621320173223543,2.06691655515668,0.599381522873614
0.822732820742487,2.28025814391621,0.695281740584137
0.713521411336564,1.84917700703266,0.609444342955557
0.924429618565494,1.828726626849,0.683801210703732
0.770590289797051,1.81678357266433,0.601257078737869
0.887664682389729,1.96468316588448,0.646145125573931
0.952082288616589,2.08795438308501,0.675155643614171
1.32459160890407,2.5098534021828,0.732148788271885
1.93091327465223,2.64939333187274,0.73311227938621
2.06795675327099,3.05897717330695,0.777027471018488
1.12060031735711,2.09285694417073,0.807888277157055
1.69488269094613,2.39425558777347,1.29924176742186
1.69190937987847,2.49812906292004,1.34876422909508
1.68319292768514,2.36944595416707,1.3814546736581
0.674860388925012,1.46584439122291,0.570580398406985
0.695934550372046,1.36144451084455,0.661158904790369
0.688609921901819,1.43396631866669,0.608653681509119
0.78309961029312,1.66480122508737,0.702695348643228
0.68326208295553,1.26525631395626,0.659268520469595
0.7275382841141,1.25592806191105,0.733371122638495
0.85927715093534,1.54276928016085,0.740555733927848
1.35868915169302,1.99435858864961,0.958571925523911
1.31511671502578,1.79148794073373,1.07761300168538
1.82381758225217,2.20140334899576,1.62665346288272
1.86186817784736,2.22564598584536,1.56693512770034
1.80831124348442,2.2091599954375,1.60493453706072
1.10690971550776,2.05827721341879,0.948895598434454
1.37835493495947,2.39793870252194,1.23294348624688
1.59233135438227,2.50552513131151,1.32451693500999
1.55777081876507,2.55715055379138,1.18367508461859
2.02723320272782,2.96897627033785,1.6397071683382
2.00629802400334,2.94569947870044,1.69248270825327
2.03124631452515,2.9133499709729,1.64066752086591
0.646569085315045,1.12878954906566,0.714495503866166
0.786418096192737,1.21185225984584,0.913332321995312
0.644542760018785,1.24355316510197,0.746939671494246
0.759469302597483,1.48998203540907,0.85222473830269
0.664474285653895,1.28344257773019,0.839031683126873
0.693591377995082,1.3108423127968,0.915986393199097
0.895260211691713,1.70114691157445,1.01241608099288
1.53609409946957,1.90734608168569,1.43518179404609
1.50352958621236,1.9183249118132,1.52467342919237
1.24893031920762,2.04149433293737,1.29893955911396
1.87263050405589,2.23884160503033,2.03188719813716
1.85512730750713,2.6338148808858,1.77963017425405
2.04442555476906,2.93443278227838,2.28482645111307
2.44886726192155,2.97281443480733,2.08328953500051
0.671009805281631,1.16773677054342,0.842512310658202
0.791420116765589,1.33659037373536,0.982146284568863
0.653103948777997,1.05692073489059,0.775257391835205
0.647216395337104,1.10122784976481,0.762423981373949
0.724531569037111,1.02018208462277,0.781985284547963
0.835959864233702,1.15261705094428,0.857604435230308
0.771779074322718,1.01712050283494,0.843706444601006
0.87763401365282,1.12553406112325,0.927822415595813
0.866928812556675,1.10009794851071,0.923799144164491
0.706543544603468,0.971369659373563,0.824199241796617
0.778603288241612,1.10722592763681,0.913866461523037
0.907311908289321,1.2135357848646,1.00283419478432
0.824720500883961,1.2351009358539,0.992988267850956
0.951765656104851,1.43645668986405,1.13915084127404
0.854858311353188,1.20790388522061,0.97999838247849
1.04266416838985,1.4358944202194,1.14263801232255
1.184993614233,1.34370089576812,1.2003668614091
0.752376494138933,0.977399967508825,0.847956534964062
0.830371758350494,1.02836456656734,0.902859942355739
0.842347089369059,1.08041505705255,0.915075008093245
0.997742027490992,1.16834905872229,1.00117320296481
0.715944683200928,0.947809032260384,0.709601780913174
0.741968194492737,0.973242184371323,0.745801268250999
0.758556154630755,0.940509010277293,0.700767014050089
0.83744023824062,1.00092211683311,0.779977147459879
0.76713849315737,0.93043368752302,0.666716962430498
0.756345406353149,0.958264348608032,0.68482413566048
0.900654866701375,1.10875113839009,0.762166734392717
0.985692794698318,1.71837636931338,0.840577980073697
1.09970421676534,1.49402373034418,0.840635406731911
1.5504639527644,1.98192591529638,1.39164738441303
1.56847398069826,2.01989496085372,1.37346141462038
1.58040516225011,2.00307653224107,1.32536994904857
1.06043646488347,1.57668115933035,0.918029790643595
1.54231790060508,2.09194704634556,1.43266760248776
1.55771853882145,2.07099637073887,1.41341417409424
1.50588052658938,2.08919747162977,1.42601280503574
0.718575379617097,0.826906266257385,0.602478180639277
0.796244070696154,0.831735583353532,0.643674651213232
0.67011574745222,0.820821944641995,0.583372632357331
0.708506741888258,0.899497103862384,0.626021477943438
0.642519813640996,0.777441842388812,0.569115238703884
0.656276635415245,0.747096305138469,0.570738678014539
0.681686248155984,0.831613054470957,0.619576566009812
0.774658715196921,0.92837414099408,0.679490336920109
0.772643523626805,0.879199732249126,0.703341796820643
1.31701191260736,1.36289529999484,1.25524625706385
1.29461739229141,1.39681241508253,1.29230008348107
1.34536296224184,1.34822980662753,1.26664078446796
0.761834397214963,0.876942139542018,0.666375060242912
1.26439008854801,1.27779599067498,1.05095429060859
1.26482737536191,1.29966372510448,1.08583796732805
1.1632011160882,1.46158376136078,1.13152922411936
1.73251643457561,1.98734946708289,1.70960765709004
1.75195800125082,2.02345931699863,1.68538835873488
1.7159832865488,2.00156778941194,1.7003116911413
0.650735547679659,0.792418763872235,0.588054934918565
0.733190381581326,0.897048345003117,0.663890638513607
0.654475663953008,0.770356954470862,0.617812369310466
0.695689985451798,0.793823139237525,0.670013892032788
0.677916971894669,0.795884268693229,0.654413496466697
0.706825613904915,0.846307514888113,0.686940172667228
0.727366790229474,0.825043330899038,0.69571738859172
0.861210077356444,0.86330220251038,0.8103625515932
0.991142947322641,0.936355424588976,0.790826997115646
1.18653964776477,1.24838704598822,1.02742461687299
0.965033951266958,0.9358023530729,0.829370673258548
1.4844090395649,1.40753002528001,1.34313009418395
1.50043213476335,1.42318815220484,1.34461608975132
1.4976096032775,1.46058519905649,1.39996155481447
0.718444348488882,0.838319703047403,0.736032921286997
0.7825655931268,0.880818671173362,0.809962649174069
0.770128582045563,0.920224686192516,0.802337418241207
0.811817820584365,0.95786304263167,0.825402993364894
0.823993046775622,1.02682860767907,0.892096515924206
0.873108678578273,1.11868740190392,0.943096781038022
0.904706663348014,1.1399928158033,0.970433298537233
0.967847573768075,1.2113428941822,1.02219880848752
0.967111128030648,1.14940588911001,1.00460572616075
1.02917344684915,1.31759146774647,1.10794048499772
1.26326181656508,1.37518909712149,1.08521919489953
1.28953952590545,1.96509925150861,1.99934223678266
0.865378869693808,1.04174640905242,0.927245350665145
0.939479725790908,1.05109700721153,0.952434072542792
0.93967156544064,1.18535544829785,1.02249557283166
1.00963350614951,1.31144520976237,1.09670213367178
1.03741684221088,1.29386967419974,1.10847230949966
1.08149918880168,1.26561424358313,1.10562221859179
1.2229357886789,1.56753014010979,1.25848538470472
1.36431235668008,1.72080426948907,1.31444913543806
1.41083553979004,1.81335123182437,1.43309976737555
1.49175525789325,1.77070450086299,1.40172351019376
1.70038238314779,1.96049840891301,1.57288010389164
1.67238462434963,1.84932286243183,1.45710931245588
1.70801634305258,2.09732889147716,1.62783941418943
2.10477370351772,2.52161105348535,2.05897463065395
2.14553804094814,2.48640234123541,2.07779845313361
1.06005971936853,1.33334726630553,1.18952925049052
1.19710018136129,1.41476399661111,1.28149955123848
1.07306725113878,1.3835536115796,1.25145127049166
1.11960297380443,1.43129089243798,1.27382327543476
1.17045299465808,1.46802148160024,1.37831849724542
1.24238628418022,1.56668131263429,1.45546226758859
1.30718984730012,1.61807203668173,1.51604316722252
1.53661816328301,2.00509570256182,1.60188811570902
1.59144369754005,1.83290776754911,1.81597951663164
1.70329707836761,1.98385387464866,2.22488898760113
2.0912019568039,2.3016279637098,2.77238522784062
2.08659965499655,2.451607892223,2.6443895309776
1.93096130405962,2.15929473469565,2.37575898260315
2.32004347532059,2.53138986167114,2.72235920121095
2.38451711650677,2.50080364903543,2.69436607512779
1.18986502144499,1.39527304305937,1.35926460574075
1.31973949510844,1.49739633001645,1.46401370707701
1.15578292187181,1.28968167543999,1.28266887487695
1.12715303775029,1.27027430631151,1.25829118718788
1.26466480091713,1.30249340453475,1.3098678035059
1.39471975860033,1.38188302107516,1.42174264388539
1.39610132984188,1.42374516468118,1.3992210730808
1.33011778522776,1.45075043363709,1.3518033695441
1.55504593503398,1.52997946687034,1.51178638641862
1.66309390240385,1.62158308392522,1.62307013644067
2.11942948683859,1.80165941874451,2.12073041986049
1.87062243748445,1.89998051937074,1.64085834098577
2.00611327972618,2.14128252685115,2.16340686941382
2.32208264584617,2.573177342854,2.47928475135746
2.4006272689073,2.45360278033871,2.62604210494287
2.53115511144181,2.70161009917363,2.68085008350832
3.0933235347426,3.01390615038535,3.19901606397362
2.809912077681,3.11056508191567,3.00542686066328
2.8934760684621,3.058906155216,3.0568050384182
3.22631759463002,3.31838305969278,3.41591685578068
3.22081898114338,3.39068459355935,3.33430068527401
3.17119639119984,3.30368962660638,3.36854440519412
1.20943907811811,1.21316470611372,1.20490140105405
1.37672880666499,1.31525704251653,1.3061728543528
1.09233607588934,1.11977273011675,1.09438504401944
1.10007606515689,1.16151410714859,1.14037895338108
1.09288892812492,1.07309645175969,1.01734073328671
1.04241628271853,1.08300642581852,0.998550261068401
1.28061049632512,1.17575262516832,1.12512009011092
1.50946573277897,1.24798836634844,1.28288406199335
1.44363128709468,1.23031124812008,1.18972437608124
1.30971275267391,1.29634552246652,1.22686568249474
1.52035827994889,1.54752816915374,1.58677115438926
1.54166360976615,1.55219121058746,1.43926704271512
1.50748685707329,1.61789350612273,1.55155643634231
1.63006370654303,1.74020959911063,1.79624284067988
1.81230183758004,1.96928777890593,2.06918486506028
1.92433504615926,2.24692476475797,2.04866131223631
2.0741038205196,2.39450960305258,2.28955653422557
2.48313398145027,3.038196604745,2.79376252158016
2.76303433192918,3.31420204942039,3.07607041079337
2.58011402104489,2.98154381955697,2.86536491192993
3.30068924222435,3.99701101047292,3.72693623922119
3.04085862389982,3.82946228064269,3.63128924336071
3.09429810467593,3.88573029181256,3.79257896276223
3.53652501438014,4.47531614293041,4.25072603194486
1.07880570395796,1.04026702272932,0.958663962569112
1.224755723545,1.12584850723249,1.03599420044258
0.968756318839056,1.01429210544832,0.893609335218556
0.943641311215535,1.04081454232858,0.91784066480309
0.950823018978562,1.04554569711042,0.876488224121808
0.974248550046356,1.07791714904045,0.902763242669531
1.06154792978861,1.29122174574879,1.00579124573683
1.35687731400347,1.53259928258658,1.24216877542967
1.39166756892944,1.68266039621302,1.31388126845159
1.31208396613205,1.5115088051889,1.11805116031524
1.70471531121243,1.86713583334831,1.42326997527571
1.65871679866836,1.71420695418177,1.37089576092322
1.47910627807704,1.78442491813642,1.27795378360176
1.65547224045389,1.92873148067449,1.70352952298453
1.58869684867939,1.9323177175879,1.4548001393878
1.99065732829187,1.91184408716484,1.87127693325833
2.33472395909666,1.90318526029105,2.56896856532337
2.29436364292091,2.29171784401043,2.07855796067213
2.28079198106182,2.77054995279008,2.0191595487166
2.11465625353313,2.82593244972965,2.03099380601184
2.65235500477413,3.188875510763,2.45666884202092
2.90356348055491,2.41989010103195,2.97402329287999
3.16382489357275,2.29765459185026,3.5506809696484
3.17861712210091,2.7749856677502,3.20584903954721
0.872471226676501,0.951500928166264,0.787921625308814
0.875922294773425,1.01293632452288,0.846833053716667
0.903791562543804,0.949579117246309,0.750993828661901
0.999069268052841,1.05089265081458,0.834180577113756
0.873719450026214,0.936042677888789,0.689502351885276
0.829095700070878,0.906121970554809,0.657657983061365
0.97876938606179,1.0394493003535,0.769205366106582
1.44218796294966,1.37602755192967,0.977632204613511
1.34546256970869,1.29238295530407,0.893785749415279
0.996594034319511,1.11248190177133,0.856065585748469
1.44314076705651,1.56159903334463,1.50135205775671
1.4622484470391,1.56816079185337,1.49365402710125
1.03478258878804,1.11892047685297,1.14093136144421
1.59261625962011,1.64093755019379,1.84354368852677
1.66479429563697,1.6403095544729,1.90296270704215
1.11944611413022,1.15511080305981,1.27687662409547
1.8169458578378,1.67140888045256,2.01981512860287
1.69002208581299,1.5959826678543,1.56542475353117
1.06330554015648,1.23889567536563,1.48374797578542
1.49304527055049,1.6408973036557,1.87343568669653
1.46250622964815,1.67175892222715,1.86601230028795
1.46078244328763,1.60371278936553,1.87331928629022
0.940095812733035,1.03803134514556,0.764124331035315
1.14627290654002,1.22992433334158,0.968621526917327
0.857894157043779,1.02243667767634,0.704062362457719
0.818189134398275,1.00418829283332,0.685941467998266
0.894387166428814,1.11279045604953,0.754194210054807
0.995861966382922,1.20915748959377,0.868526398771987
0.93945369604091,1.18398896126662,0.887817395957515
1.01020551279125,1.29238233275157,1.24567423176053
1.03434871800972,1.25301642777891,1.18544969750245
0.872629008009936,1.11128257010574,0.748104468977817
0.860843057843482,1.13164689136619,1.07122685037649
0.925235780062339,1.20217874171286,1.39230595515321
0.864146536870612,1.12380128400586,1.30839350533168
0.930625941330437,1.18868735561615,1.69753938139439
0.895603059159553,1.1008677048767,1.33210870392042
0.96180049738499,1.14607609800585,1.67483069506672
0.933968514628368,1.09161339668288,0.954993796617135
1.04592523188404,1.13290903114315,1.21679677687707
0.953326462485595,1.08818842226267,1.25061526288789
1.08806608891996,1.13117133925669,1.64478055644385
0.825688438849241,1.07450496469135,0.676984458077522
0.801593290623688,0.998548873997306,0.684446042661589
0.877662926124344,1.20166591400311,0.717346340627144
1.00097045701712,1.33681498487316,0.811480639066795
0.828457089310998,1.2126065380148,0.714175002448221
0.804547475619517,1.10359749436244,0.724068398837483
0.992566273433611,1.46695521639215,0.828027698231567
1.20847897606123,1.87307822971443,1.03225622557518
1.22385342715143,1.75240198332974,1.11172842487798
1.70267328688188,2.15597976159652,1.6247801455024
1.7054765064424,2.13035335938874,1.63429551704038
1.70443824957284,2.21570295871382,1.60065939559321
1.43929892495551,1.79074874591166,1.175973158736
1.90067779867189,2.21241474195414,1.70259909632269
1.93418930430049,2.19434306715322,1.65677673652228
1.89706414251248,2.23299126907799,1.67687870551342
0.75259948418341,1.2260403618561,0.691006614687602
0.863619587089547,1.40350728415253,0.758197805475577
0.669084504438965,1.11673335014564,0.689162134698923
0.697768684150248,1.05432657316594,0.735985730506107
0.64150159746716,1.14951101347224,0.6889986913794
0.700741456780131,1.30101594310261,0.721927092468499
0.660369813090997,1.08267571877763,0.7303536088199
0.704518842544446,1.02497957643636,0.774867853392365
0.729400309560851,1.1961370801066,0.79542746917301
0.75157556933659,1.15046948579627,0.815133375206153
1.49857956094223,1.67701553399438,1.49864762647976
0.632762273265386,1.16515703281585,0.712789678562761
0.683718150584834,1.13974131894258,0.76701706755154
0.690790036932833,1.34654450147345,0.746429609185889
0.783643856267482,1.52694005738075,0.799928477710588
0.72646099500963,1.41265353140502,0.789851248249975
0.699423898180217,1.35633970979217,0.802405243135273
0.893045651437236,1.85884558039791,0.96528708989066
1.01935160466412,2.31080122199915,1.37945375802609
1.00619314579496,2.01097226566061,1.19336333366678
1.49164597148529,2.35163627586226,1.72601836433201
1.46194620382442,2.33557995852823,1.6912424744833
1.47452705460401,2.37753223203134,1.64476822632268
1.00786802739259,2.26233724097647,1.26269997482259
1.45858303228544,2.64388228676954,1.77082511851744
1.49530143944801,2.6204418827573,1.75484955255653
1.49471788323592,2.64138625027256,1.7272535500368
0.796247730225383,1.45255984670757,0.771370006987549
0.957599894683363,1.77851810633662,0.827701894788563
0.793468786138473,1.40615449386704,0.781596687795842
0.757946804319316,1.36394462935443,0.840027415862932
0.974865843214655,1.71926092218043,0.785638749164231
1.38078350078531,2.31263125895493,0.863449564847581
1.09338013911468,2.09654552473602,0.928964329774601
1.47113379870221,2.48069310958772,1.12624240554953
1.0761580277689,2.01191599117353,1.05097302380601
1.3702447891456,2.72551446426968,0.913750243662063
1.55405254649816,3.58770382348919,1.480658533781
2.11021496853052,2.6268772658729,1.4017895470758
1.11112559551372,1.63605475001727,0.844742857682529
1.12082286068955,1.55461544579208,1.16816605110422
1.66125794307075,2.28288922046132,0.840695084127602
2.21335456722661,3.13903614145008,1.0211954165217
2.30726439077999,3.37540566638214,1.04556369738296
2.24780559197404,3.21362856059473,1.19970932689768
2.06044500969979,2.59407294070671,1.02785648902036
2.1553565203082,2.75051954567887,1.41404034417081
2.84560917072805,3.49945333604733,1.33404436282486
3.30184557335241,3.50848417801106,1.61234116914927
3.1153067831037,4.06141965758316,1.73368602000681
2.88429876946309,3.94700423153898,1.35744601190998
3.15965388277456,4.3951761000656,1.67455315855139
3.30215899890242,4.61597547341557,1.59677231608099
1.84442776813706,2.25037706879478,0.916707973822653
2.1879110219696,2.1108143758384,1.1815345695498
1.50832780401274,2.43026642613331,0.867651738909517
1.48198848260366,2.80153264695203,0.796998417600719
1.51050032978734,2.36004710020294,1.24254042948778
1.74940547325675,2.89735372705094,1.54959696126626
2.01667168285954,2.43507111670606,1.63894934394241
2.03819541022514,2.23241822248813,2.12875660650619
2.18251379694629,2.53992779380425,2.09671570783591
3.03120844661134,3.95424697976769,1.7071573877027
2.59434332697583,3.23409056846882,1.47674376929008
3.5774873131735,4.66592580261039,1.92036736493744
4.08631137164931,5.40204513088703,2.4258632083503
3.54470379111516,4.53618130440531,2.12624673362063
3.95550008989886,5.09856062407397,2.66220144588195
2.96525914807447,3.6607652905538,2.06383900010024
2.9600478636994,3.57945296721624,2.79738433792436
1.12055137012322,2.1819583909953,1.19422731223358
1.54070694029987,2.04092983270674,1.58563096682323
1.23073350978222,2.64645550264413,0.855597437490832
1.76374114989288,2.93179683726628,0.7585769892989
1.37803978800731,3.06232511063324,0.864025769170793
1.49121730573686,2.94514833387885,0.991449061081515
2.1790751414716,3.49893895230474,1.00587158972846
2.30359946251416,3.28556298399915,1.17269404445709
2.72642584706315,3.80835430594463,1.09047403476717
2.6735066858059,4.17389531355484,1.20053506200343
2.90153811975514,4.77792520014218,1.54269988974388
3.39324258400346,4.49082458201942,1.61459844192968
1.20406564780842,3.52374309274233,0.774236171110362
1.48378002706548,4.06872496294282,1.02529335982143
1.27184959940267,3.58141575643114,0.740013993183311
1.70031812871637,3.56160999307437,0.970502839826968
1.16192848405363,3.98414811977273,0.691930632617643
1.11765033631802,4.61926108723503,0.773813069749291
1.21503244166257,4.87809582791955,0.84080702787742
1.73900964939653,4.83252777675901,1.47002793971277
1.94932480536944,5.31129111479298,1.80011327568626
2.48000411827675,5.59525847530531,2.38255038031716
2.47099309501706,5.56165741459934,2.31125498431449
2.4639884581283,5.49573321198575,2.3393159897556
1.6008410710134,5.85882513756989,1.04506221839408
2.00361418839263,5.97481667375537,1.36084138949407
2.22700147789921,6.22143470763479,1.68970790396076
2.21554183989402,6.6604653810859,1.91332459945757
2.67414266304027,6.96851495697643,2.4436492771272
2.67880311957041,6.98333030392915,2.46841864437398
2.68032089006969,6.99368074441404,2.45435446152438
1.26488658221801,3.00368743312252,0.598163593679559
1.44556377929704,2.36422659106309,0.627187166122605
1.25262628507641,3.18697641738515,0.590364753399093
1.21735907524017,4.35384064727317,0.716437738376652
1.17817181406279,4.94415984857359,0.790503550262974
1.29026396665949,4.71424944260635,0.885439281973989
1.40108484254386,2.58594960120083,0.54048197415127
1.55849488459908,2.42206032057708,0.573421629396955
1.37560606565387,3.51700702523129,0.591960210567119
1.32530872710017,3.64982139463651,0.629160038682438
1.53900091732026,3.68062453118989,0.680550076011854
1.34028880924188,4.53703827810987,0.708778677918854
1.36427047735913,5.27840487923644,0.823283276653422
1.4969450783364,4.83642641291879,0.828503464778462
1.4907386628248,2.02768405298276,0.498478186627823
1.44742164950994,2.60876236835348,0.537160540408259
1.71627166321518,1.78549844369079,0.491555921591124
1.83055566920945,2.05286878354129,0.53496046075137
1.89304173757713,2.23229481683763,0.498479272296643
2.04076155655054,2.50854333956564,0.547424017060848
2.32247806524241,3.18023177426501,0.55771846453361
2.40446307795474,3.46841485915541,0.654162922091945
2.48602066313194,3.80754422047168,0.617125080786954
2.72054985500813,3.64315833187862,0.667062068759025
2.8168832668886,3.54937309416346,0.882140859063834
3.09193101147448,4.17678609026253,0.937496264885404
3.07648356636485,4.30019178880006,0.756068327807452
3.41782651481457,4.82068409551295,0.977141793588465
3.5813678686122,4.74247164712867,0.996524246470642
3.78184202390226,4.65846572851569,1.10634279513577
4.02702920174872,5.39391959979125,1.22536628141431
1.65792390678,2.17523891953193,0.475377665505126
1.74432529057102,2.50508067279116,0.51928076126304
1.48127666933681,1.90304753434974,0.468830728840579
1.52859696601715,1.88810510708886,0.510667380791374
1.36755388468357,1.79416778347706,0.472599650010167
1.41873001699887,1.85107728200791,0.498915073364289
1.50768611074891,1.84651003253847,0.552227088775815
1.76915078453984,2.35180431758088,0.616439074173058
1.77765851961693,1.81680063087113,0.641377026274533
2.17895093147746,2.25525955275024,1.24564595563873
2.19290955547406,2.22517977468037,1.24539262011243
2.17197076371055,2.19658462899157,1.22422163952159
1.84576487981923,2.53246197032146,0.684608033470136
2.29580094507664,2.98380937885307,1.26817779930536
2.21433561875585,2.96006741981052,1.27833097806361
2.23301225310298,2.98797153720718,1.26864451509684
1.21822153371587,1.66632284674192,0.456539175190288
1.27449861300397,1.68630362904719,0.509380176022105
1.1660444575319,1.63033659093234,0.474916812065896
1.28715920129045,1.74225427590085,0.534831921291865
1.06046949942907,1.51841208547029,0.490316083679519
1.04451268599924,1.53530573219997,0.539049572667864
1.05161848928666,1.75907700871297,0.586856952942264
1.46514839146386,2.11748802692766,1.22007683321087
1.49606243283346,2.06893925462861,1.19709542910284
1.50386681326458,2.12944515812159,1.21538419641051
1.09275532528421,1.26851920995963,0.490813658732968
1.23166229905915,1.38303942956579,0.588481159123254
1.05768250950862,1.09020452547833,0.504799664307654
1.06538709968797,1.19642763269027,0.557573599115325
1.11924099471482,0.95181290507858,0.556091096874177
1.10511920414202,1.01902702141288,0.577205661475825
1.19794009229489,0.990762157959941,0.635375030136368
1.30086724759734,1.08608498922009,0.726344694214454
1.27889445804766,1.09056650093461,0.774641452230505
1.18626149309155,1.03187949174151,0.572862505543676
1.467138406344,1.18289672576913,0.648251309059735
2.12627274688682,1.30862233585072,0.77738388439262
1.59944311524438,1.32473846468093,0.694729681694597
2.31769617446473,1.5607882495911,0.84628469104962
1.42871545327768,1.29308013649149,0.685622232828132
1.59306710513111,1.4489991563986,0.812581609369833
1.91890029435815,1.12154312944451,0.613269765330982
2.71205121561398,1.24762620749235,0.726078301996252
1.97742100343168,1.22374487375206,0.669554103693958
2.76439963970039,1.37784378052897,0.816495763635605
1.2313782420181,0.907889502864805,0.60844071870869
1.37893944146618,1.09922148021144,0.635672285661826
1.25460717756386,0.856937197336693,0.749076586488657
1.2230308049944,0.980936704173797,0.83776016553925
1.41693534180769,0.80699545175815,0.856271003459404
1.58388343272097,0.813785195875435,0.915261998202785
1.58603996375599,0.854372390199923,0.917770420940524
1.52353450618464,0.978029466289386,0.909795361361982
1.85050942757868,0.924382368156253,1.19455743331549
2.20841598061572,1.38933066058004,1.65671918988981
2.18561890714895,1.42219244844241,1.64518208644165
2.16658432197067,1.43751567978309,1.63269939699488
1.76865285250614,1.00451021810204,0.934063277912402
2.21251989124867,1.34712880186325,1.45933571759432
2.49481260471306,1.46334843700797,1.34009846584563
1.54593968727844,1.3976897306058,1.23119245812324
1.96520472935188,1.88569206982763,1.78150457077781
1.96292769021678,1.88043648855571,1.76060370826905
1.92583880413425,1.93423612899389,1.76832066783743
1.30133159963151,0.846225155810165,0.92594486695308
1.4685955820404,1.00187162020237,1.11129250274968
1.33219895695428,0.835492119677484,0.957832598812459
1.63818384928849,0.843438013364967,1.0609614954955
1.19305868634806,0.936070832354748,0.994622752989796
1.1510864952775,0.993649201455543,1.02145671864218
1.30657134224378,1.07394215830847,1.16231164696585
1.42016493121776,1.14219316082516,1.3885961079588
1.43402652530292,1.09927928822502,1.19717595079318
1.2354249230643,1.24700777422353,1.12109222432837
1.58102927996257,1.72841408622296,1.5075422185654
1.68242014523345,1.59048907391609,1.40493091597931
1.09636728834751,0.941033554300073,0.890161147581328
1.31602111226896,0.92316299993995,0.881261008655981
0.889858651334457,1.05273144558322,0.903819671971655
0.887363341103273,1.1451816619735,1.02246995748856
0.860726564172621,1.13140225262292,0.881052765549574
0.950431091240471,1.12741117917171,0.89234079450084
0.921170081566525,1.33879030621447,1.13352288854506
1.45047834732064,1.78485491938064,1.60617486714356
1.3912460358811,1.68115802459102,1.54497232163458
1.39814248948473,1.7504805423072,1.60825895808962
0.856527570657308,1.15731784715937,0.782036673358913
0.923277213237401,1.22223481439332,0.825148207211333
0.888075121083632,1.19050890473416,0.78335741525193
0.933073450499137,1.21092089993812,0.865587139584639
0.977539427256431,1.26974939743189,0.78389313226424
1.15168289260762,1.39663879783527,0.862869342840628
1.17706249792141,1.46577547645616,0.876694073238631
1.11208992545339,1.49816095694837,1.06145534229301
1.66654551503176,1.65084347754528,1.36897172467319
1.66655240278372,1.83240556821571,1.2255377371231
2.13520622743043,2.12884087817103,1.86810146920588
2.34592351057051,2.45460898524492,1.87279259463388
0.877536295167597,1.12698773570587,0.829602894968789
1.04259854283708,1.23911751481926,1.05256106426874
0.800153645613021,0.964010284697962,0.79304128161316
0.813659605390198,0.944365216518541,0.774196487621338
0.900632971828387,0.928089448958195,0.931434869171329
1.01917459382247,1.00682259432961,1.01168383965578
1.05354029303608,0.931717304989876,1.07046332492192
1.05285553658934,0.956632211685046,1.10853989289042
1.38850365849859,0.969215717050513,1.22963665314964
1.44969509407157,1.03776739739288,1.13006254993307
1.60647600592739,1.23218973919927,1.24932000565091
1.68391040784504,1.18498795416898,1.36018983809652
2.17282129016058,1.14413660946907,1.30942996493864
2.96592685401274,1.56631529062136,1.39687985187364
3.39661350055835,2.07840543985846,1.92724906940847
3.40493648859712,2.0902195565641,1.95577766054484
3.38885503913714,2.0527576660312,1.93483862929953
0.913990623398355,0.917131333485758,0.963777235386849
1.00786019517354,1.02726396575139,1.18515176489555
0.915045535841396,0.930344123410275,0.857331617870043
0.934047411410381,0.97780946971129,0.842936367908579
0.982864392199215,1.01643476968098,0.902972586934991
1.00231308103117,1.06247353906159,0.995382511011608
1.09993413687467,1.21799952092275,0.877781982839947
1.26657063015935,1.2899163620116,0.882378662100981
1.31286445025823,1.38909845999923,0.971414126183665
1.0657722761474,1.32898053587396,0.926375301283823
1.29552857072834,1.44879114960882,1.35608987577964
1.30682911185629,1.24024027047533,1.17958739040108
1.23244718382966,1.77089939052283,1.02830124766755
1.42809319628404,1.61290229985276,1.06577382652597
1.87905900266919,1.9599095433653,1.56909882450196
1.88056740627167,1.98771024111779,1.55446904102728
1.88450307503749,1.94347677092094,1.59067729437152
1.02901165037537,1.07244628945061,0.98342166462016
1.12365248897721,1.14102734817339,1.08019726714704
1.05929142950631,1.21333294559593,1.18138327166476
1.07747818223436,1.30349443293646,1.35293972322183
1.16630713186149,1.37377054304557,1.37126001318224
1.21710137273272,1.50362636847401,1.43107740057849
1.32912795276144,1.68291042872831,1.53770887952636
1.71323555230261,2.22235620960688,1.61500913173821
1.60917765153929,1.696627027484,1.92691975365912
1.39591453524009,1.92853017940664,1.84378876420131
1.82412180281015,2.43743753517055,2.15537487246361
1.99470477751705,2.30715499646718,2.13503322422859
1.20398171047232,1.2571477573005,1.49528973137815
1.33675445098347,1.29276566551211,2.27948732790319
1.23084717885978,1.30832239824503,1.37268606093328
1.2699192088309,1.45245738672561,1.75549221832158
1.35141310539523,1.32074210184548,1.53674839836405
1.42074237170393,1.39139428783978,1.74777750471505
1.57979443476231,1.46345491429091,1.72012335402165
1.26400394240925,1.23877401723586,1.36676323057529
1.44837284926759,1.39918031188726,1.58091414483043
1.15595195079881,1.19817806217162,1.14777360324646
1.16805377706285,1.28862948802291,1.20024721568158
1.22604857374745,1.25269700795239,1.04616502452525
1.39995814256382,1.40926422173751,1.16376451921394
1.37694509725477,1.4064702801458,1.07853243288341
1.39766676908046,1.88555144798645,1.34577780803067
1.52523264422595,1.38632687112964,1.19221795851766
1.66926725293376,1.65347266041507,1.47419411851336
2.08576662094617,2.08575846560934,1.7441098832781
1.47517152709886,1.90068268143891,1.84901718180599
2.6547912848826,1.89720468575471,2.6173161077734
3.10093187179016,2.08976611533189,3.22859940836834
3.46436668243312,2.50837257771752,3.60016222848731
3.49343549670818,2.48674028200154,3.62849652157275
3.46548398012563,2.49218164104748,3.62037732738208
1.13417750433099,1.14600442020539,0.951189409673754
1.08360158953064,1.06623862183265,0.981127626086677
1.23325020931274,1.22601778829872,0.960961711577698
1.38351918993364,1.429461913546,1.06762084106747
1.50243354490506,1.52082332322436,1.16427184354249
1.4104193646308,1.51786273986315,1.14970199391816
1.28655588887903,1.20363908062315,0.952764443077806
1.2874902488382,1.21273039335772,0.998025530391317
1.49633721414958,1.39504544120995,1.06916024523534
1.65561488460374,1.49722787832336,1.20181285425317
1.64934228242223,1.54891285560565,1.2067784158211
1.54270072024001,1.55162842227113,1.16333934615177
1.78592753872249,1.79543185778977,1.40091243650201
1.65766717411656,1.71240353265259,1.32220158598309
1.23791855279915,1.1034684780608,0.898244168425699
1.23639587219023,1.11789593101584,0.901374205128331
1.24635905099818,1.07101988876929,0.910782255287371
1.31897927265288,1.14596722468931,1.03198990616966
1.39245659183847,1.27718952136711,1.10594651831668
1.36144692709867,1.18805525413043,1.12720055289763
1.23412380540418,1.02034949651365,0.878241198989304
1.2510380747822,0.983916651759267,0.897763020138765
1.2928963984907,1.08167077107445,0.982407391477276
1.43248823555513,1.30066923238327,1.18173367556623
1.4844234471818,1.2273261243249,1.19861262025909
1.43932285975406,1.23303449683001,1.16630488870138
1.77045317745517,1.58542669986416,1.50902533223733
1.72073939589049,1.49867303352148,1.51089076706354
1.2127712657169,1.07032542518202,0.819918101918375
1.20810006685207,1.05876473163056,0.805372077877237
1.23068754482089,1.17281189194154,0.847297774858552
1.2821847115097,1.22025880935121,0.916877178740574
1.21387631699877,1.25414427854084,0.843517893904301
1.22592704178997,1.26022084888847,0.860941005786794
1.29138431768949,1.4152384043036,0.978071797350913
1.70545388690375,1.75665881964227,1.44812845051674
1.64886923749354,1.87162155897323,1.41554870893108
1.68149850111574,1.75117203817076,1.5023325270535
1.16641404009838,1.24008316856245,0.799721528551031
1.14654093729421,1.26120218184306,0.789715186140436
1.17814279187877,1.24257701618008,0.830594877454558
1.23670075875705,1.26229212336893,0.90185875502418
1.15026617504194,1.2524060300682,0.83594318045945
1.17434248970926,1.33512316894376,0.872879372598878
1.19825352526674,1.32431200901548,0.96101935424816
1.3836944275625,1.6699560403701,0.927071752554026
1.30915451551504,1.55333222784684,1.38471976170728
1.3098258482673,1.5087220914077,1.58384038978022
1.59408673767195,1.94939346471131,2.21039990259023
1.63152967065292,2.04419060357712,1.79119305468967
2.03684537230889,2.46888795544855,2.20305898146692
2.07195353132935,2.45782303276214,2.2251557370854
2.0321364132417,2.4980491911828,2.17340417635839
1.52086909240827,1.78174947812761,2.22106274323841
1.90491155321608,2.15701536270456,2.63702220575362
1.95347989931534,2.24480481683556,2.6750869929382
1.95694662352534,2.18990330307075,2.66789709323002
1.08658033948057,1.14751970667018,0.758449265364399
1.04857810025469,1.16304848516661,0.759280855354237
1.09989132979047,1.06017873938761,0.750201556349216
1.14518813330646,1.07367748617457,0.797600070731758
1.07322838700437,0.969072075605467,0.735092094959965
1.07712318403806,0.994833078136521,0.793461632994533
1.16269894865533,0.928582262497831,0.852454050391258
1.21856451514257,0.995171553047132,1.15931094170115
1.17119212560375,1.03058288735133,1.2140075941499
1.28899192348248,0.981102220314645,0.964460835302186
1.32132508981657,1.1598261612282,1.36656689675481
1.37994781996209,1.13219223375262,1.35700693817249
1.42580075084807,1.00341310006751,1.01863615805407
2.00181849631441,1.56665015351894,1.51482620020835
1.9477846362633,1.65817014421547,1.6888650070697
1.37508626647761,1.17379171514308,1.27837739614563
1.84939453115643,1.87793721268313,1.98830027425306
1.88882143881016,1.79986418511797,1.80684429746523
1.45447411365383,1.09463287702116,1.21662665784634
1.79872709773015,1.46281033808186,1.5672137055301
1.810885479423,1.47029757531595,1.56097446062485
1.7726916699646,1.50707496356516,1.59004163716594
1.01275895156208,0.934947988474903,0.645447864780377
0.974250640060567,0.922898625453752,0.640029996233375
1.02708058889307,0.962754559688148,0.626939501313919
1.07747180700181,1.01235195877783,0.674747666560314
1.00649107328885,0.966178641628842,0.595930689821254
1.01392390697084,0.921450242682668,0.63498639985455
1.06001736856793,1.03749797290634,0.642361069489818
1.43390279034462,1.50538428828741,1.18892704611297
1.49849920391598,1.44856366121122,1.24254111799969
1.55338780465079,1.49715298632106,1.23972763845442
0.974884937096103,1.01962732147926,0.561712899166569
0.955051603079144,1.00147361593337,0.581827464599431
0.995024921215763,1.12059205029466,0.583828188161534
1.04352043410258,1.16591555253642,0.638902741425891
0.989589274902937,1.19404846384575,0.606166111031209
1.00768023135288,1.21977299603344,0.644049583750104
1.06644659446481,1.35792478480122,0.721202659069114
1.44479724412067,1.79435858457392,1.31250638593986
1.43543337404398,1.73245321192829,1.24739846868675
1.6142607600228,1.70012681400439,1.29959586275278
0.949551568750641,1.13849225481104,0.575194952595231
0.962424684323318,1.14572026490343,0.608911181976597
0.939504884585481,1.12031587044,0.585688254767346
0.976706645341177,1.16403219082834,0.645891534459133
0.909569832311195,1.09537911439145,0.5898902415055
0.945638760728654,1.15780548013055,0.630082451856505
0.930192348244606,1.17886940015346,0.718399150949664
0.985155177139438,1.55944310923199,1.46183129154068
1.05618044632625,1.55101052191419,1.6545718136592
1.1713076885447,1.90443204509939,2.16471670413643
1.02074158405017,1.390866030463,1.1959372241293
1.48564781636107,1.84788408304588,1.83490175987975
1.51535910352158,1.85683038051583,1.85010314926886
1.47151481729814,1.88671810982752,1.80653480858733
0.852725100983673,0.971098512696984,0.520854157530626
0.842716016636647,0.97109855682452,0.526951952146498
0.847398171378094,0.899260958556916,0.521564833464785
0.89529140293971,0.944304727415396,0.585976421300739
0.823224851629052,0.811705350843907,0.510193500793374
0.841232569963305,0.83970527017093,0.564161800893432
0.881692424227743,0.835550216033918,0.585682149873459
0.775616753715454,0.755180485197027,0.456117205727218
0.747869870852397,0.721251658089384,0.487320196820447
0.804562529229847,0.804449909976634,0.450572766085743
0.863765030129198,0.881082642528356,0.500691880157061
0.766824806076284,0.776347875607525,0.432488528982023
0.76018424346036,0.721886126975586,0.458347868643008
0.83045912630043,0.861516543460096,0.463581464485059
0.980243063012913,1.01617205054133,0.541397111631531
1.25003686826231,1.49911985732038,0.545376975776751
1.78719120576269,1.9847895851309,1.15657384948632
1.70644934069655,2.03252753630404,1.13797923479776
1.75621968712272,1.96751712205831,1.16083971004976
1.19039173600605,1.18475258992739,0.514553876617841
1.69795032110538,1.67661149429561,1.16032645218119
1.67418881680631,1.72022432109861,1.1856501932728
1.72096439017153,1.7114853142987,1.17295386172152
0.733352815458765,0.798159083842578,0.433275641341615
0.710297682242485,0.764374703766754,0.468431454310046
0.76754715633617,0.904506772844648,0.453728479376505
0.827623590671171,0.981940735443776,0.502364788647641
0.764039749163503,0.962257913443798,0.469849338268115
0.783004493376125,0.972240727215783,0.520311138494924
0.822425436204928,1.13060879138951,0.556969225131915
0.9435958182882,1.21512445388335,0.674076982904412
0.801251063558235,1.17609873402248,0.611739012159044
0.953913592614703,1.26327053952228,0.620920728239708
1.5967710578646,1.65997605351184,0.715777168091587
1.34101685993402,1.77338700938122,0.770108354423479
0.712540843681939,0.902634420283272,0.442619158892835
0.711375967280222,0.903862416152915,0.489403094489283
0.700473226868831,0.883166904094546,0.440155598674185
0.745754555736989,0.918855876169828,0.476340179872947
0.664412352130162,0.865304596333739,0.473678271104381
0.707328032812256,0.962985992045535,0.52844517708057
0.728549697526124,0.895940127855831,0.556756502843298
1.24850433687847,1.43354352477094,1.18788155657306
1.3184632034048,1.34339749011217,1.16957185254721
1.28108774740376,1.35140771656434,1.22899946610082
0.58444198237997,0.753980242964557,0.466980465877037
0.581471201129079,0.800086360867265,0.526532367122188
0.57192208900008,0.654789230505358,0.44373163631556
0.628946963920203,0.676252779200283,0.463520786359541
0.528512180106161,0.586467793372287,0.447292454303968
0.533680304306362,0.619387837240488,0.499998120883621
0.582859992683489,0.552311799175911,0.474375257612427
0.650838289272096,0.587869484996385,0.550643069178952
0.648432046346363,0.619796094572944,0.523446160525782
0.600708745471732,0.586896964508984,0.528862709818283
0.652661004279922,0.692658885919104,0.62195677571004
0.69965877374279,0.752704863167843,0.674630675680445
1.2663552681864,1.33581664011483,1.26225533085028
1.29549437555813,1.32411655543939,1.2730948733221
1.28400513944933,1.32587023292811,1.28935873187526
0.757430914746161,0.742050038366757,0.68661056331806
1.30319239202535,1.33591782877543,1.28700821049017
1.29567906836565,1.30271134076667,1.28592114542098
1.36740647759409,1.31139987062883,1.26968914303507
0.498522934908355,0.607743370316303,0.436139804231948
0.489643171502116,0.63614201605119,0.475628614223538
0.527623060777417,0.6537419029623,0.431234716608277
0.583256744610189,0.700399578611485,0.461605101686589
0.509702611527725,0.697904232399683,0.441090332676578
0.512952864764604,0.677527427183422,0.467019968617127
0.598987590201713,0.778944251215301,0.482670633537541
0.658579261265311,0.85203568994504,0.515417711745749
0.66897934510109,0.784895301998803,0.529551486115024
0.696091654261923,0.780575734340236,0.527003211155505
0.678628938867276,0.867372602850855,0.584589050879731
1.25939782595618,1.40305817311802,1.20063293164051
1.28634482512623,1.3531157492796,1.21135154749485
1.22705256598774,1.36428433160528,1.2185800789831
0.497168074843197,0.763524359371269,0.466080768446053
0.503372199459077,0.778875254542763,0.504656922048364
0.554352029060356,0.845431190253316,0.50386667944897
0.610093380769959,0.872366361249236,0.524607639928668
0.60733130599566,0.949520764221641,0.576725774503159
0.659736841443053,0.998551958820072,0.628908053556014
0.721789946571329,1.06720217077542,0.683601742928346
0.758911478190733,1.20867028070213,0.802414873161348
0.832394304189834,1.3014898322564,1.03970022167144
1.49314821955514,1.75356801157786,1.32959988136785
0.905846726939421,1.25654105484569,0.871870155619885
1.59204422014523,1.98768100250147,1.58547189935996
2.12721793489572,2.55460179789105,2.14257066850807
1.40376226120071,2.02792773027533,1.74369146531074
1.75018031530379,2.53393275149617,2.28964845273309
1.27129252309944,1.83341994889045,1.62977390049595
1.83317845148617,2.48568262393476,2.37974073882054
0.572965811977981,0.935307216095983,0.559257057153013
0.64195696448891,1.00668161822727,0.605819814840587
0.522151050154001,0.878893306399747,0.544137014230098
0.53692130791424,0.856792091254446,0.565691448803559
0.51291433845436,0.895366366972634,0.556358809151357
0.583097514673981,1.01385221787401,0.631140721042779
0.515062369837849,0.893722407897142,0.606914035050156
1.18805786023962,1.40118476943716,1.24113193610915
1.14669792868972,1.38792454642658,1.18959512005827
1.15209954399924,1.33436628767708,1.21060626543039
0.499744260917432,0.847936518541724,0.514790756030081
0.579140376884836,0.952740882802268,0.56924343614172
0.456752302308236,0.738938520554829,0.465166882268378
0.461120320457564,0.700477326006769,0.471189719580978
0.472376301713194,0.733532692195803,0.474434842871749
0.528933295000883,0.797673178748161,0.517886009305085
0.479990787810102,0.670370153460111,0.491155264796589
0.516326015496516,0.67653599561582,0.525225142486221
0.594560554045438,0.757852158934104,0.591889569505509
1.20557930805804,1.30832129649007,1.17224176173164
1.22898221104385,1.32777256849131,1.23833222763621
1.21712317382496,1.27299444414551,1.21898772871537
0.55074646752554,0.700289062793365,0.546160648679053
0.99750183943735,1.14681358135388,1.02549195341706
0.946072531658468,1.15742370716321,0.983041678396895
0.837530059079543,0.984264527565975,0.861767701671805
1.4553533065401,1.55436836279896,1.48102589526185
1.46405137797672,1.58050983996764,1.4732300181357
1.43335253531979,1.57501171816447,1.49011069703379
0.523677970105871,0.808485813829513,0.507060087273753
0.612214866030729,0.892072547805378,0.595616336353794
0.532440266323037,0.834318118504843,0.490372401338188
0.532231650216091,0.818449001741793,0.489624781767931
0.599283263497666,0.936989002416243,0.517211358570307
0.630765472072104,0.975649169145677,0.544563382082897
0.672954562853169,1.05676068315648,0.544879435295532
0.735644886960432,1.08537409371561,0.595378932057913
0.767683550479614,1.20641229758741,0.623654461186745
0.703248063370882,1.13152771643218,0.551257814708353
0.797853713291693,1.21775540427008,0.674149555019205
0.834885369467278,1.34888284286636,0.643659256596621
0.846336390255515,1.07516984218137,0.716157861938457
1.74762495493164,1.48343187585311,0.84951540137322
1.03843319484633,1.60327690600706,0.960495052335926
0.648634166961295,1.00447304585323,0.559684236388764
0.725473252965874,1.06667430995787,0.619501916862295
0.658299099002538,1.04979391212473,0.573498707787185
0.667233998727344,1.04004936505029,0.594326596416114
0.709169317658646,1.16101654766155,0.602664710888404
0.77200979260408,1.23874223949446,0.660150870970985
0.761453105532387,1.23255469987683,0.678246038001527
0.694055746383122,1.16072893919322,0.561396103911021
0.756180477701739,1.27646943740747,0.596353047143323
0.664698824856315,1.08898233326707,0.551241144045613
0.67562805154572,1.04763875530401,0.596388281485064
0.666136184032429,1.1254904774311,0.522662444671788
0.710714917439794,1.23169581303245,0.544943748482582
0.652779368472118,1.07578847298312,0.550377052792867
0.683271601827988,1.08923518057355,0.612310091032701
0.680611403516278,1.05541958540376,0.615110468479585
0.659987283176876,1.13724389400423,0.528408315922721
0.704187441347221,1.23059396969592,0.546002631899623
0.774371928012939,1.29311013684623,0.640686732689872
0.745538897518097,1.32827130874821,0.577258061438354
0.842735370483158,1.44965815224066,0.673802147490757
0.756872703741631,1.35212775195663,0.619195995819531
0.868517206596217,1.52145209418845,0.753222194360158
1.02067940685129,1.706660014489,0.861573550191374
0.712550628838778,1.19495624595597,0.618705783449267
0.789065089760163,1.2262312892473,0.736245988239349
0.759857275085339,1.30363179928731,0.665208643172206
0.864471635650961,1.4099881615259,0.816872098268062
0.69067642245103,1.13488475030407,0.521284085019448
0.777773478086808,1.26739854843684,0.609257862734615
0.68644226054684,1.05033075229159,0.516398409749996
0.694039925892094,1.01361569923783,0.556139694455361
0.746508843875152,1.08628005576753,0.551552788125431
0.809925082586467,1.18509085408887,0.615716507149002
0.794247865869463,1.05750106687976,0.625439548190215
1.06594329934855,1.13429949569862,0.696457395374539
1.15037340082215,1.13391462571791,0.802730551118763
1.68410222558558,1.57208605429882,1.38107080646613
1.69220522839425,1.54988043815745,1.33154241458461
1.61768288615618,1.56937592600666,1.33495862209367
1.01656144032065,1.02913887914648,0.666415657310379
1.17605069212327,1.1184161139563,1.09269017356557
1.42706848284614,1.2706951857336,1.17966736754021
1.52474858567954,1.4196071158338,1.02306895765949
2.00075763773099,1.90095740663649,1.59381084869288
2.01692890266436,1.87119474289452,1.59093817601027
2.00758082116163,1.88528443260242,1.61742475012862
0.78544414970798,1.1287885950342,0.553786743058751
0.869812609106334,1.22593072224263,0.649437419051356
0.829954212656471,1.1424206812137,0.556176198439212
0.90038173608682,1.16329406616883,0.61562197274127
0.885589211969353,1.19284659069733,0.601906279356309
0.923746046541909,1.13242789017118,0.619305992113117
1.07737745885565,1.31781811669679,0.737425574155805
1.2053606634524,1.31393665185342,0.921286066394195
1.21024806157233,1.41637834647187,1.12743508917423
1.31136389205769,1.46841164286917,1.39239733449709
1.27434173634815,1.51223595276343,1.05383688600961
1.71217822142736,1.86231668280627,1.61689237180379
1.7168860559923,1.9104155240396,1.58669060688647
1.68498957354496,1.88281941419263,1.55597844585936
0.933737588733477,1.28725729527213,0.68756345076861
1.0716844063444,1.40190869586161,0.808234116607372
0.998067626079681,1.29381069481656,0.75484924121815
1.03797935921208,1.25266071558299,0.769496170830092
1.15526518658157,1.40515869401179,0.920105251976088
1.27014431004572,1.45281034556131,0.989223630155678
1.39304123793046,1.48833394744153,1.10137013802666
1.67149718583248,2.01993371352481,1.51559093693065
1.77689622584944,1.92829347247453,1.49639187994439
1.88794818976018,1.66396095289546,1.19173028779223
2.25389833603283,2.1093912736142,1.69024070571795
2.44597051397825,2.19947056115931,1.6729925358418
2.41047279821975,2.12364127518867,1.58775293576327
2.8840550179091,2.48995806248794,2.17097456068461
2.76810482469419,2.65403867695749,2.13068290871633
2.93053731643471,2.53466108038928,1.9532163773755
3.24843452822359,2.77844095163591,2.30453053879839
3.52945359765898,3.16383106291447,2.60484144709339
3.78657732837576,3.51886381432718,3.04525682546735
3.64969966462618,3.43973663901452,3.06572154306416
4.37637537046148,4.13687386758563,3.67210859471259
4.31027158938984,3.88480086840673,3.36229461744926
4.56196983164671,4.04412708490668,3.62283758335085
4.82672889990423,4.42512518960156,3.90132688625527
1.25297247255834,1.48191702415426,1.01126722287633
1.68094319761209,1.61282387075772,1.31678405072078
1.81048915318487,1.49364452737361,1.204684446906
2.39724410072321,1.47850894960617,1.48870267603582
2.1284472506443,1.61570207668299,1.36648172344557
2.43879865322348,1.7567018593133,1.54006144993154
2.30090664224861,1.67096958748337,1.52428194098392
2.14605829752516,1.5849178014539,1.25658833612422
2.35936320310921,1.6199262201815,1.36553271386949
2.51974092059545,1.5994086037707,1.21087430820018
2.90101766494092,1.63721532714873,1.33231846830414
2.8407680676135,1.61552612651101,1.16191570134451
3.10009532357667,1.6193702083596,1.24851512374785
3.87337754225829,1.78174292131622,1.37448610168421
4.30566254300681,2.12231501372474,1.81660586197042
4.2847869289873,2.02070933512384,1.78076483346814
4.27415303158958,2.1597199466433,1.74684415220086
2.26757176436252,1.57807062498381,1.00962636204784
2.3150079097091,1.64054066693981,1.1469373099679
2.08428537000576,1.5642136895148,0.881904545344774
2.46794114321753,1.58668391311106,0.928160205497467
1.68678029991982,1.61199222636474,0.853207361122148
1.7991371626733,1.68341748061127,1.00092166043217
1.67956602722034,1.68824631650219,1.04738145671596
1.99545084732831,1.8013319774029,1.48838135770202
1.88598558442529,1.94012521580408,1.58522584220849
1.76426987518767,1.93362633169603,0.998958117745899
2.04212052954656,2.33228723447051,1.47431034608128
2.23160953305642,2.50563099119325,1.84050560069508
2.46447232786541,2.76734325700904,1.81745480804748
2.87735257089649,3.18698321804343,2.24805305922893
2.52558968066446,2.73655562508743,1.74544646737041
2.17333244355925,2.26384181174323,1.31977680545119
2.64183532790529,2.52467288003352,1.78761278109364
2.71713298796698,2.46304475187121,1.89458767081038
3.28344593572239,3.14653796283668,2.43672288832576
3.79169939321431,3.52121127652398,2.94494326969196
3.13904761958143,3.30049689227935,2.33939680401078
3.5247522661105,3.7380472144464,2.75122117731206
3.46753694430949,3.47056987188884,2.62867743702497
4.0380549374454,4.0016882547295,3.18826082032838
1.636019283352,1.61699646560218,0.74523139292945
1.838956529723,1.59646917539309,0.703281926703212
1.55623739067293,1.70639004854601,0.796714486187251
1.56661701212039,1.77303200091801,0.903495484824119
1.67959038101594,1.75890613384949,0.79959926635166
1.83802578636151,1.76917542513716,0.863050096248517
2.03440622065354,1.97380117881733,0.962800218764504
2.34716499134861,2.24899130118212,1.45782940087878
2.38047005741948,2.30966919710548,1.45701759225881
2.41220014507328,2.29902077048208,1.43620482455674
1.49716938415827,1.68453253774926,0.720312323902856
1.52912902444225,1.66740086492479,0.758504449661787
1.41166676937124,1.69279848800253,0.695232590159099
1.48705932867305,1.75533015722858,0.753972861172439
1.36059371146667,1.67281129593042,0.692254338930908
1.56696025016845,1.72517552743648,0.763975869814191
1.50026530967679,1.79733229323339,0.778947868442801
1.61889387339996,2.03226148551006,1.0023782859594
1.62148341815196,2.00512374999183,0.991789916043796
2.21596051949571,2.15024301254913,1.20611416175354
2.67098534671373,2.62842753098551,1.66508403870995
2.58961083322659,2.6164404657536,1.61522122691272
2.93493506802018,2.99374927150264,2.03502035433981
2.96434525917055,2.96133239926377,2.06369998457685
2.90535514350103,3.01982165476059,2.09125883205205
2.78375865803928,2.48907177613846,1.54174364979331
3.175676770106,2.8275698379198,1.9619591680012
3.19158493374753,2.89809948816508,1.99776504679205
3.12164310256833,2.83045259779493,1.98813433368071
1.09348695061636,1.54830426390945,0.64792362800503
1.15834016874567,1.55218859431163,0.720337044290953
0.933681271558495,1.47082262239686,0.609731729351238
1.04207441758308,1.51350119641598,0.638896302657628
0.775341951185716,1.3646192158461,0.620652741828604
0.871613226875979,1.38784791365929,0.694010077779386
0.793511216482588,1.35180836357852,0.696797526037844
0.925262960093805,1.33398011949935,0.755164965566619
0.980578076639239,1.38445108219854,0.795817197843914
1.30130801097459,1.45005421408472,0.893174142788327
0.920158065125778,1.44514070155018,0.866341512518347
1.44754164173982,1.7816127178238,1.39613297354331
1.42673033049172,1.82713704554365,1.36174646064988
1.41178190405322,1.80805158914955,1.42456356414023
0.697530313008473,1.28747257567668,0.578862596482377
0.67125749998585,1.23944287581653,0.583843058384072
0.716504212997074,1.31017647774144,0.589542723228895
0.78969197572729,1.36919070183185,0.641156272577645
0.692382150921655,1.28127977887997,0.584218516274459
0.679395186734269,1.22842747655071,0.604161451794687
0.792072493910904,1.36036456805719,0.650851695352348
0.968066719274665,1.44407548760001,0.725553852075236
0.996859284483099,1.39351927085857,0.796651485540748
0.796878181703157,1.3566634360988,0.785931714977709
1.39108361774211,1.47950611869269,0.983647438471814
1.3835799210195,1.28792650460491,0.929965718707632
0.675755561020236,1.28705320497382,0.560042225806653
0.661937923068794,1.24063899237475,0.580415784849687
0.728458495425869,1.37199554646428,0.576717024627531
0.789742923223833,1.43348987902298,0.623149278956183
0.7579587299075,1.409732766696,0.583667656684078
0.791622260961328,1.41698134231343,0.621209125043152
0.873164855494463,1.55563775199326,0.687038489241638
1.36360858738642,1.90759774623373,1.26066966618696
1.34832757987544,1.90904298491523,1.27894852176078
1.42262055134578,1.89502319131668,1.25408859802677
0.711503092572071,1.34955830179246,0.542980780910301
0.732345657766904,1.34113450123892,0.578527839378681
0.69008126246001,1.33719244527153,0.526397957980769
0.729140191930173,1.37470856229236,0.557560543410136
0.660745387952797,1.30269750958064,0.520764515701349
0.701802006738612,1.34059061214472,0.561558708340657
0.701547983736811,1.36149092717867,0.56694936971915
0.720846545526759,1.38960170277475,0.65253853318815
0.73615393269603,1.40991837766794,0.664087218560002
0.809028671186845,1.49836866080778,0.633096049843173
0.885173530974648,1.64158202868438,0.779797283981717
0.913146025507972,1.6427848812628,0.84445042774568
1.41162445892843,2.01637189304881,1.42396819242091
1.41380137497539,1.9827195147578,1.36748431212426
1.41389195094623,2.00653256432779,1.39135081090499
0.958034392149507,1.68015876638456,0.804998213835192
1.4595924547925,2.08114161379135,1.3767871647561
1.43315653907737,2.01854460577792,1.37973043753946
1.46735947145114,2.02839199425375,1.33958703766918
0.593271647522413,1.19974505385034,0.487153793529356
0.607815120214904,1.18858252830629,0.510131182990798
0.562858069131577,1.14883523768472,0.476002933088864
0.60330147621799,1.18167766281937,0.512151327625072
0.517870744382692,1.06108706042606,0.46137146985099
0.523921572833507,1.07673361852086,0.493935333128669
0.527207701125217,0.992726582400996,0.512701373814589
0.602666914854123,1.01058849016588,0.594013955248377
0.577742804037484,0.986437894124147,0.55557246541992
0.570079097433981,1.08495906944171,0.718310904231789
0.523272162199245,0.993852317452088,0.612423396943801
0.622302740167728,1.12225820308646,0.886955039406374
0.747481544075535,1.2612103686865,1.0739994202684
0.621103752206126,1.04935806482208,0.916586107707475
0.731921929929399,1.11926152351882,1.09690292987705
0.581627853621257,0.977182451147647,0.774283559314875
0.673277424047091,0.991856011640041,0.886324889627924
0.510271718043479,1.03978318355708,0.450663747520023
0.515490890287075,1.01307149214455,0.472358289635974
0.540164082512851,1.08169372933735,0.465360661755787
0.586978137462071,1.13495958367917,0.508191846058514
0.536254497857548,1.07146659942777,0.464929246372124
0.533512709319227,1.0436382428335,0.481934366697889
0.604216318267302,1.14097064976816,0.519457001969575
0.736982198843981,1.16737593487194,0.569346597113212
0.733830281672329,1.22573907111792,0.573130206088491
1.29774168945664,1.63631046946637,1.21982671406235
1.33843730925856,1.62889239027008,1.18015054686043
1.28172705934921,1.61345473081913,1.19523735907021
0.688468308797523,1.16108905195257,0.577623460612723
0.908600667022668,1.25082692764308,0.670025398210495
0.850783918094757,1.19602501197271,0.643524687800072
0.723226111548431,1.15222359065208,0.638170109437922
1.29916508949536,1.59594801809207,1.25484871005723
1.28929060009477,1.5232440913332,1.22152934133953
1.28110783707089,1.55688131479758,1.24474892790843
0.540115679022772,1.06814280285607,0.46800514917248
0.5601588657403,1.04588848793796,0.502387149559699
0.574386179416047,1.12449966870621,0.481010715122836
0.626425871843591,1.1816327381237,0.519307323512477
0.589144268546915,1.12327703605255,0.492752685180062
0.615162511826577,1.13719800403638,0.531926260459267
0.682640856289243,1.24288710876733,0.559822919601672
0.759140920169671,1.33060492677602,0.65312760233998
0.713663627303531,1.28632057270988,0.675282154820289
0.753900210194894,1.28125254517795,0.726899942959848
0.853262114538836,1.43115002428051,0.906560925814072
0.768057132818576,1.28404844585858,0.862462529075289
0.839700006945102,1.33762127879873,0.801483922790832
1.26544138940183,1.5680633449758,1.21151730502381
1.28824323151953,1.59251732175455,1.16378528675487
1.21734678666816,1.70761317252839,1.01022112312885
1.74948897295568,2.10789295214965,1.41009640251292
1.72508625725652,2.07106763397362,1.4332926178657
1.23613228507675,1.79770403344396,1.07800203693998
1.59514867357715,2.12749930372114,1.4416138347093
1.61637327704393,2.0625249766479,1.5152349238472
1.57564493126291,2.06472120812546,1.48936951878042
0.550739269724385,1.03598640517343,0.467733480853337
0.561929185158249,1.00696266551556,0.499406070981277
0.544603733681535,1.01984512993829,0.458974100674805
0.582856492554407,1.07278201583998,0.488344511670719
0.539463421442717,0.959655321018031,0.467196588258359
0.599535068956618,0.99616432436525,0.517744671008025
0.589140756369623,1.00599458306107,0.515455339110323
1.22070446586306,1.44943660737717,1.16644199964413
1.17589686888908,1.43509018095917,1.15336797713112
1.21325606987458,1.48781602189302,1.18820622654083
0.493484820173902,0.861034501502168,0.450923363485445
0.528725880084132,0.837056471608448,0.491053934089813
0.460421535925933,0.842512675377339,0.438055603421136
0.486224611215677,0.899363055870216,0.460421225053965
0.438120307647409,0.784135099018128,0.440863471887084
0.477925088610035,0.764236368166125,0.482618177197567
0.439086337804679,0.814338400039139,0.459087521086238
0.478388715444514,0.894763680355724,0.497659442798394
0.490537462378276,0.818707778542627,0.52024537497876
1.17650792716243,1.32013472962511,1.17626395643856
1.16082356538973,1.34373778465159,1.1682069968174
1.14169907931501,1.32603519285323,1.17599067276063
0.479629688075945,0.846172676737914,0.501523044527226
0.550114979188729,0.849927209909714,0.559420522711558
0.54678707697766,0.915640477549912,0.568964471390534
0.555957953695099,0.935598773045081,0.581715768302879
1.188225907098,1.42271424584033,1.20168263758924
1.18982650746475,1.43013348324945,1.20233670353046
1.20984284545778,1.41587250339777,1.22026540874198
0.440482119176394,0.774962341805092,0.448216890205454
0.487138095421981,0.749609990760096,0.499487887921418
0.447590981689782,0.837205399812494,0.445518881161739
0.48434685491515,0.901808787785337,0.466301935300029
0.461593042601263,0.855326786759218,0.473477971064291
0.484509350545349,0.862395695779965,0.51557382583022
0.513025405500157,0.971858960600424,0.511576263341718
0.59261148426896,1.0509118399768,0.616518291244609
0.585986485306829,1.03573427838835,0.585916415193971
0.620475748484924,1.06904697985415,0.645226226493898
0.75593260035897,1.13796290612258,0.8045119029631
0.780746077846212,1.16478291739903,0.84353271579476
0.73264082177259,1.23189380703037,0.737795711915374
1.3724596684178,1.69747296052352,1.37491874848534
1.36633419979934,1.74219587361317,1.36405102951236
0.46852166641806,0.807069677590312,0.47901843234369
0.50944285639774,0.805752913986171,0.541862648732317
0.483451833497925,0.811748310579261,0.458443011272249
0.509788261602871,0.868718422244947,0.471771203978661
0.513024571495911,0.783558559914617,0.46587516636024
0.541764610374823,0.802491622284691,0.503976120324716
0.573690519265248,0.862918642080713,0.490841254910866
0.59256951144927,0.905274197049337,0.532397451165884
0.685627083656537,0.903410290861785,0.572743262599346
1.26778027191941,1.39742019490415,1.2255882974438
1.23997880955069,1.38973407825787,1.17949792380205
1.26001211539985,1.37957986888164,1.17053009615136
0.641433823125379,0.967380121986205,0.549747955726235
0.848482097734105,1.14082965834048,0.794136044875604
0.80694383752737,1.09785318000619,0.745596802178917
0.918118271082343,1.31550568678933,0.900163546252869
1.48569493720065,1.77888546858291,1.47402604567208
1.46665741391217,1.78975839220534,1.46522763125606
1.4543003270917,1.79218026221125,1.47602448334562
0.524324398423286,0.721997239662454,0.475817188040294
0.574109746878711,0.721164005083,0.53098479621055
0.531139168795104,0.716227764356452,0.480875218043774
0.536184633860927,0.763330390917781,0.49553673074937
0.586254828536817,0.696518763578373,0.519820379129631
0.645720714123003,0.721170772187563,0.545053023792811
0.659299924991028,0.753083568430668,0.558622807774955
0.656531591518649,0.780002929236726,0.58633947937678
0.801535324436391,0.820733749435864,0.670286741763752
1.36190415236576,1.33389500973433,1.24726724983559
1.31663327276308,1.32677138722516,1.24937425262417
1.33723607262296,1.33575209880363,1.26515507156795
0.740569306694407,0.834887105012341,0.575934547865772
0.919682654485536,0.958710786911463,0.790962386817566
0.870381389338645,1.03894818796955,0.77762539525147
0.924198696559956,1.1608250600086,0.90150167279998
1.44942176624805,1.64544236054869,1.46755330970966
1.45289226839355,1.65154291124201,1.47745586763894
1.44710663935685,1.67701026200997,1.46124964759308
0.590576959175028,0.685480285550993,0.564677909320026
0.665103223547312,0.722679915008252,0.625902230778564
0.560948803744184,0.727798498277273,0.59104663408736
0.548506720397534,0.758053594556711,0.589563367440069
0.632124151681165,0.8142985154487,0.68019207579398
0.738904851911104,0.86836674571321,0.764970160207751
0.701711375157087,0.984181523957531,0.818007954208915
1.29912221240937,1.36473543564466,1.35846644324787
1.25692669236655,1.53171327618968,1.33566254357032
1.2463125347351,1.48602819821491,1.32466219736509
0.632851296594976,0.85163648212071,0.669146535744251
0.747811503694437,0.990569486522845,0.78460028006126
0.59194770015603,0.851870444500321,0.636226535771671
0.590141498666869,0.874825590585884,0.659101062846781
0.657631754313112,0.953367036521771,0.693726571234036
0.786365661237509,1.12584902378125,0.826530809275747
0.718049426484671,1.05657936866949,0.781046424109825
0.62687903035757,0.841454689856368,0.621251438451638
0.789372911360866,1.08296170849452,0.812820465472674
0.559502858731926,0.667002395029419,0.515865830057227
0.590988207262923,0.694879680560483,0.57720993839859
0.591704306767948,0.704896772002978,0.529796117374516
0.63134651833922,0.809608571066003,0.624625103948416
0.652293998954921,0.788225019996126,0.604064818104038
1.22563980166849,1.38535820969105,1.21379057579872
1.23286916046764,1.29180992608071,1.23454913240863
1.23934476279885,1.30600950249089,1.21640605841891
0.663678850362283,0.712473064433301,0.521306768560013
0.780486624678244,0.795394096532705,0.601243243222208
0.651630669580897,0.688253942354758,0.506866185902643
0.621138158435963,0.698044647672526,0.541988765505225
0.730028547763873,0.693123938390849,0.520660341737042
0.778155147860108,0.754152024099707,0.580945908600412
0.727973553204241,0.700818371470292,0.571419451155062
0.75091327944274,0.834529512712952,0.75766163745921
0.748452591343494,0.775642575593443,0.71348340346379
0.803157033905744,0.769495968910005,0.633360642578781
0.903316722501628,1.04427058805746,1.01218398081558
0.957557026801634,1.12104571602122,1.12602720234867
1.42227498362329,1.66179906405684,1.64929401957039
1.48448611512917,1.61404086558999,1.66904395560052
1.4514521446107,1.62093244137356,1.69333717109514
0.847761578002494,0.979814259306392,0.938668524899918
1.39523709223091,1.50497725276959,1.51255902200095
1.33457775473942,1.49497319457433,1.50101172923065
1.35529921641241,1.52793941045887,1.50747375901096
0.806328457699075,0.710258213862573,0.543433559129422
0.898719045625145,0.770722449850731,0.618167876275885
0.806217852111866,0.731727322378768,0.57767249596631
0.774384912445708,0.75616870436674,0.600518119181927
0.895481976148074,0.798038752327004,0.673907430598259
0.953979608294852,0.840256951283641,0.704962267904105
0.919252946579737,0.897226305050712,0.770714991422192
0.913032029090116,0.938437233414885,0.821076305289714
1.03323777164268,1.00738927889643,0.963406565442364
0.894094167264025,0.963777399401737,0.845736595939071
0.961029793315907,1.14403765718479,1.01615816861049
0.865796551685234,1.03892130921915,0.878164450994664
0.96212865270514,1.23889467001424,1.01426428551333
1.035434890494,1.67682694599108,1.21082172607179
1.09680285628014,1.64382413490947,1.20278045177991
0.935217916862471,1.42700249385627,1.20113342277166
0.977579531145392,1.91227794824266,1.34174236269265
0.926937800063033,1.6194500601489,1.44414980899192
0.975547064835077,1.75521347691674,1.54508171631935
1.03232156246246,1.84104108926669,1.46008637462413
1.0482236464879,2.13936001799248,1.85516462760029
0.989060377285837,2.26487980598022,1.81317204858871
1.03465485112718,2.65599050718028,1.88444581037512
1.06354002331722,2.5319364936755,2.09142243176268
0.947855696354434,0.823006134286502,0.732825237773512
1.04702973544275,0.894725489673938,0.847204063825533
0.91350757890145,0.819721357364619,0.713107453364926
0.885801733385764,0.842367804178258,0.704036829160574
0.972338735441278,0.857909249080964,0.777602863756744
1.05973342709642,0.935321256159334,0.903234984978904
0.959169711100964,0.894460983907443,0.79338598673181
0.996130469512508,0.843086802167013,0.748496327642413
1.08797885843237,0.91281706855782,0.853767148987276
0.953891555510483,0.805793009749969,0.674618037520432
0.906862272030017,0.800199060825166,0.642292451257334
1.01707209187125,0.832648439453697,0.723323303662018
1.05929952952396,0.893861878453352,0.792824356163418
1.01909956310065,0.851812412128973,0.738544867801879
1.18909527763897,0.909148380723873,0.922182763448445
1.30525485046749,0.863871415935567,0.882017536669363
1.30797243833075,0.945095063018389,0.95990780581362
1.79591698855475,1.34527569145985,1.57094422251648
1.09880471437872,0.849018320251737,0.78777340462856
1.20284285701229,0.917858905409868,0.893698979790178
1.08169899544417,0.82908129141377,0.769528890968232
1.02683492547922,0.812194621323496,0.725531449278659
1.16860227619727,0.874934178425157,0.866199871417135
1.22354449402331,0.915216624798072,0.924795270002673
1.14130622691821,0.872696150574942,0.87314750060583
1.10757782733047,0.896241596817835,0.868857785009906
1.28544400249157,1.01463601001371,1.06222354092192
1.63803666568275,1.48301970936069,1.53165334176206
1.69832809273122,1.46595246347859,1.52656965653794
1.72164811184267,1.5098908990258,1.51778262777993
1.11586114494414,0.880386220573193,0.84905569320633
1.54212055485778,1.35452487114285,1.34579583207375
1.51665502746999,1.38858243719901,1.35635963596785
1.52054468677205,1.38636529439904,1.34417018965357
1.25978971019638,0.949862668745808,0.969539422474628
1.38386790845949,1.0525791470532,1.09752326998704
1.23206200443562,0.952753322786611,0.965428420323767
1.16223386356019,0.920218006739068,0.9147965607389
1.33461558873288,1.04395132853975,1.08913728473222
1.43237350314246,1.11503551469697,1.18033212839571
1.32542428433964,1.0917692225686,1.12872483613653
1.6474208387965,1.48522311225024,1.55794310767348
1.71577326009019,1.54406095369336,1.54386491472362
1.69500970865523,1.53754159953091,1.5448501820857
1.38984530239159,1.08671628694209,1.146252189115
1.56220568032101,1.24399824474008,1.3430025445788
1.30114925138927,1.027591510465,1.05200531455598
1.2328438324139,1.00319744733503,0.985276363158052
1.36542574511748,1.08662974656108,1.127855148972
1.43074649520387,1.13729152478036,1.16363646463141
1.50702295831159,1.20206115616663,1.27646355106779
1.24117723257919,1.05701168630483,1.08321797892935
1.31870742223655,1.1625650673989,1.20695258858522
1.10217506657103,1.00004095599219,0.99238102474321
1.10912879289297,1.00180896328023,0.984245208438256
1.00894499154504,1.0166324245358,0.981927755686017
1.05773857168944,1.09445552824813,1.0953364752154
0.953751363386041,1.0017678397461,0.976762875850295
1.30297180152396,1.19799117623514,1.28253077838771
1.31067575086189,1.29249445173586,1.35432325928285
1.41483632823972,1.7107759148131,1.56428696451073
2.08817860511426,2.30878157122281,2.28007107575041
2.04802326940652,2.3724572686756,2.12451423132765
0.999912028812346,1.00979354855755,0.932092499637833
1.02343554380441,0.990957199066224,0.883161663620453
1.03377698277857,1.08691575998319,1.0272239278014
1.07443427926149,1.16457922834982,1.14882770140497
1.06546982315277,1.12202971297873,1.01874514278228
1.14796017174338,1.14811183681486,1.08046700907327
1.20439865745774,1.26819194844245,1.2430324538984
1.48134287251617,1.63470101430671,1.54934703777617
1.53455902684351,1.33043320603427,1.39602324215668
1.35260127355449,2.043023692719,1.64292264674298
1.891477099082,2.6466906047555,2.22580534440241
1.77057093281175,2.66082991255126,2.1061882901336
1.72411232553051,2.29575149693217,1.93705742759555
2.24810936179648,2.61225901221761,2.26513918071764
2.17717109652537,2.8219709114151,2.4725563650045
2.2180862072408,2.58101770392441,2.41775025235075
2.7092663998526,3.25167017934361,2.964449511924
2.76146561916399,2.75598348429523,2.709530775299
2.35949276060696,2.80643329625095,2.8287262121072
2.65150442845501,3.10286874789082,3.11423863001722
2.68902075833058,3.11101083231216,3.11897459842829
2.63073418216346,3.06645272598133,3.18287502796563
0.955515033288799,1.05386036593941,0.845327946051245
0.967838735093307,1.06776033369752,0.83183239980076
0.901833507972339,1.03640771386415,0.819059058788207
0.948254813555451,1.08425065945483,0.934723024000669
0.848644789739954,1.01173654795683,0.753036208224971
0.902323035929556,1.06870320057961,0.781615945730664
0.902951820588624,1.08733827018472,0.914688745556931
1.05883014796698,1.23462640727317,1.24260152988179
1.02727722751662,1.28555781247227,1.21259996858292
1.15418374340758,1.42881735291645,1.382551757885
1.73100141166886,2.02577349305367,2.00315288577676
1.70843013423242,1.93655059738529,2.02985431614307
0.771368211173824,0.921544831211689,0.643499322439286
0.777226030912431,0.925134959982167,0.650603118674289
0.753824258229749,0.883807685865795,0.626784680503838
0.815716657341646,0.934370651122262,0.69894830070206
0.711012110797067,0.825636781982401,0.582594356468306
0.703198976329009,0.833502379587168,0.613910604196696
0.759328337633189,0.844699297097232,0.6516152902528
1.30559412866009,1.31961243457656,1.24903395350024
1.28011209521775,1.34283642589194,1.20752783301051
1.31431239905429,1.37890255669182,1.24832662489932
0.733546175943731,0.81850303974574,0.551344696378986
0.738927873524756,0.814058116901819,0.56045048035316
0.801834208383093,0.875096787663224,0.59671898470342
0.847394030164253,0.935263369876939,0.673120214364878
0.867865520347276,0.915319023961788,0.630636555278551
0.89414150149624,0.912085384338462,0.664771862516768
0.961406306375112,0.998084977215175,0.717553261436896
0.852623452466131,0.9268461418578,0.611166941290485
0.877865204036901,0.959609444320815,0.653000370152788
0.8524361283668,0.943472256789981,0.619035247667141
0.874087520995345,0.967961217070934,0.669840709986726
0.861679557180995,0.965416521427437,0.633298483526121
0.92485669424369,1.0260246462171,0.67818427306476
0.915724638838246,1.02445222639581,0.719476091195918
1.28423676379492,1.16199842112249,1.19907485143045
1.34121830134795,1.25628561105821,1.08241176011086
1.19636530587881,1.16681022916669,1.02339064181852
1.70868013591899,1.44806363322129,1.47254792119105
1.67919849638559,1.35306354927521,1.57062439371489
1.20884492178899,1.310319624933,1.00042458059566
1.63705832840755,1.76943462744254,1.50896307257383
1.70383304088121,1.7896894932868,1.50137991452944
0.804797620133628,0.912255771489343,0.581073487978727
0.846707312964916,0.965071805606807,0.634693080683686
0.745602089717258,0.84733299108038,0.538472511900355
0.759299059807601,0.852280645569489,0.570067953470263
0.706760993247784,0.823135241641626,0.527369699411106
0.750495297516927,0.873149817424305,0.581746902719567
0.707313787732465,0.817911137099631,0.609234271535095
0.962901284734035,1.15831310464033,0.995856954672586
0.908974716414135,1.0396034707555,0.972077982054123
0.910580183315199,1.06785866949669,0.857593321798241
1.37054131401322,1.46998713901351,1.37696617140848
1.39148893174669,1.56434501594191,1.38828875207318
1.10932351796848,1.08759459488303,0.937727075210821
1.70844683046156,1.56942118589429,1.54353123729545
1.72506056483964,1.63924864427566,1.54394009975974
0.68279106999816,0.81926356057504,0.511531992778469
0.703300975634842,0.87086521426579,0.551302623702343
0.679490277125916,0.808289987442704,0.533604776298799
0.709089189065141,0.81073432598775,0.548984114520829
0.670969535783685,0.837002009086567,0.619205876137741
0.680751195520929,0.851676124895624,0.671717114786839
0.691813905226039,0.827114554498436,0.708956313310487
0.749098615912712,1.28552185749722,1.35342789633278
0.730582819346164,0.966236915071582,1.06716434822368
0.719561451147463,1.14520099606202,0.841099579479704
0.790654217399229,1.51222958603147,1.39168030049733
0.791340301842672,1.67281050577924,1.40818021067322
0.777226938350109,1.17590149075231,0.817686867184195
0.912970980745517,1.09029661983942,1.03172653650246
1.43007738677089,1.70633131389312,1.61050947516862
1.43107775157614,1.68463835701191,1.59819338564313
1.42063672944486,1.70084833552566,1.5993316340448
0.682064054898678,0.921779894148902,0.656235780042337
0.684656666841219,0.999882033206457,0.727120018896128
0.733449189217478,0.956607514600751,0.663602986761808
0.771576552527061,0.941912380693884,0.656268219929303
0.772548490085303,1.06246651844348,0.752362916695882
0.781838310460687,1.1321918460616,0.862151813273774
0.87352589843077,1.12888882234021,0.8654399933733
1.38507263144175,1.57732625708065,1.37068518700522
1.32105021241447,1.53859593274875,1.39422538392077
1.40228406597515,1.53445702865957,1.36718942623014
0.772200186504066,1.08699741305216,0.702982379236654
0.807453481704456,1.18821871329753,0.775515646941858
0.780531976308454,1.02884212916941,0.629052892905428
0.798505455365383,0.990971131826291,0.631132062315552
0.809377706146251,1.06499621310709,0.616815450138912
0.88138114271538,1.16102628429443,0.683958890848437
0.894978445231755,1.05487525131926,0.656698627086463
1.17451681085115,1.15304862251862,0.951999097059192
0.980021318006503,1.07773340750932,0.901946105393879
1.57187973356413,1.2449176637944,0.994281571866051
2.24722679742746,1.49825715512114,1.47820015099533
2.152448851297,1.49104869296687,1.4093010492298
2.62290660208982,1.92629213667188,1.90211832791687
2.56177349263382,1.92368063112337,1.86238687802741
2.61656369656902,1.87986140837422,1.90955489492738
1.95502846155642,1.48567181350695,1.31369673282704
2.38035456060619,1.87106513900972,1.79135162499586
2.38091951329838,1.91858326679976,1.81614555056382
2.39473944330088,1.92638388725303,1.77790205621248
0.734880706943844,1.05795987412485,0.593561888864589
0.782950178573363,1.14374221304335,0.638725008246798
0.672484177954128,0.999494240987892,0.582988060181122
0.703665039266443,0.971967191251073,0.610678148272933
0.644243462756431,1.02016541299144,0.595860740724884
0.715944234094585,1.04794078615191,0.644104796852366
0.672084121270155,1.03367179652068,0.655537377659554
0.617148534060992,1.06542327114403,0.572240546841847
0.638078494616051,1.10867927144994,0.585165863491905
0.631180683090016,1.09513794748142,0.586131670589107
0.676222018439738,1.08876808416552,0.635789593789544
0.644625345893344,1.16634778924908,0.58040029772404
0.67957173137081,1.19345709230778,0.608701118060802
0.756748394850276,1.216345397748,0.662303335018405
1.2559834104241,1.43009895574165,1.08699003128566
1.32037213498811,1.32733220884099,0.971509441312918
0.877245698038824,1.47138753853287,0.783585124465586
1.47441616350026,1.67832447582596,1.27789036473652
1.478494840656,1.38388025198565,1.32295411289735
0.90497823908951,2.38548648143423,0.599437588305787
1.11665367056862,3.05336099229794,0.675081381794265
1.1143287302097,2.93597821688195,0.778489526483299
1.20873697978132,3.00781576821279,0.882601659507796
1.3481547174015,3.54228344741595,0.956625629511791
0.635601956166116,1.21766885750534,0.569647522595527
0.651409576033714,1.31365232317393,0.607395739765297
0.657342627143869,1.20262987632611,0.570103440434774
0.700274543596797,1.15337298062602,0.6025300166996
0.687950521142234,1.29696296476948,0.568263646538286
0.740018149230576,1.39424211390064,0.607102498516734
0.756323676172896,1.34430745248621,0.594094001124206
0.843135780596795,1.41149149657409,0.65587892558378
0.785523673418433,1.30522114066401,0.647245625290939
0.803422049908294,1.51006806258955,0.589766507962441
0.930990506586976,1.96261308221715,0.634148144971776
1.03115418676381,2.46119176685801,0.737982883894016
1.0536445353798,2.21713491719019,0.695189480407765
1.22450238218066,2.85650574187218,0.83228749072641
1.05316824158778,2.02040260119826,0.723374350925715
1.23319714888507,2.33139701236182,0.858890365633071
1.32604120403184,2.66921735657867,1.12427488451263
0.876954007716172,1.94205087982654,0.706794637532543
0.951814963360715,2.47860134229159,0.850932180581858
0.995261687234434,2.12090606118052,0.770707085336023
1.13382385246554,2.6851359375125,0.94593535473489
0.668939195128961,1.29209950790442,0.554528893319709
0.727412200549425,1.40160634091313,0.604447630186291
0.63105831504661,1.19758957487655,0.53484748465949
0.632030512375364,1.15043967919762,0.554080168558466
0.653004779008348,1.19737711921359,0.529091251082392
0.758632706549503,1.27967431134046,0.576363186769117
0.697441819206111,1.14977008122362,0.559774350089125
1.10903490741582,1.22775166049069,0.809219925529021
1.37015710674563,1.44074257503679,0.92924358505794
1.92120620400789,1.86098134910079,1.47081697070965
1.91454196096929,1.85657176225882,1.49372006588382
1.89969557275882,1.88831952483703,1.50411770895069
1.07748082303462,1.24694956802198,0.777902975758005
1.63678618490626,1.70821204153511,1.36664815174378
1.66214082317401,1.67641208343596,1.38566274279383
1.64099417545266,1.66586456998558,1.37273374248131
0.614015257330034,1.21200375127166,0.53806911493561
0.658135324486503,1.27592704790385,0.593633140371519
0.569097754507817,1.19207067741786,0.541179890646492
0.584534706728053,1.16879472395269,0.567691658150829
0.544957364273668,1.21547916557379,0.583257466146125
0.562761362191382,1.2317577968279,0.629872976545102
0.562488970704253,1.23103653103299,0.64284914863957
1.20239912926814,1.61083494258864,1.24702928993121
1.19226625335104,1.57722541693796,1.22694552214986
1.16947101612738,1.65890488218014,1.2246241168299
0.580534463399822,1.25356647332811,0.602456689250837
0.603715407237331,1.27910515105824,0.738804516757217
0.638375758266837,1.28831010932123,0.565126021444637
0.65274276805201,1.29268656970494,0.577107974835599
0.748927343103037,1.35487211817248,0.641801977037122
0.801281765277125,1.41892115085829,0.699712058306472
0.822695317382763,1.42840176273353,0.732717310933417
0.806601372236903,1.33011093879247,0.679126966556498
0.897998824689508,1.37750591740648,0.750473784736265
0.815905712322161,1.31855166145969,0.718321526592071
0.795865235717563,1.32979432101848,0.756298833759644
0.908558924500752,1.36497801926394,0.808200511727768
1.00909291973096,1.44936203345563,0.87296584181484
0.995804121468319,1.47744084789133,0.970219096156378
1.2473374129065,1.83237012218008,1.73205893833876
1.3484814051811,1.90590838761887,1.60434860145895
1.00274215354408,1.70348053970038,1.03434595869856
1.43274493804546,2.15367543994749,1.63058161116693
1.53160901075823,2.16213586354767,1.77810296289764
1.24789933173706,2.33197637917756,1.0866436843728
1.85236736593508,2.8616616529401,1.56773538530728
2.35799887370648,3.26463519455925,2.1289208709992
2.35389764657719,3.23322213528941,2.12898044372499
2.34300282760246,3.27812125819024,2.11455325227237
0.863915888905223,1.32012897038276,0.874499613176116
0.961047066747117,1.3843819623101,0.960537630524189
0.752929464155536,1.28256533633723,0.956958781341763
0.749370840032489,1.29690344237667,0.987054500396333
0.70145906349904,1.3067803722016,1.09424110786667
0.804653498494894,1.37508060822601,1.14796570600427
0.677059712809329,1.39843918157674,1.21962984308692
0.670056072819233,1.23718644039968,1.12461542645174
0.746064775781156,1.26109939814817,1.18449667063733
0.648694533384487,1.24099700719291,1.15386702717995
0.651207242062416,1.30643022685982,1.16985618219647
0.696848053767309,1.24746600828404,1.24215125302016
0.736221083279372,1.23515000493881,1.31632146141851
0.71816948031059,1.38526456889144,1.38674847834973
0.802991856017336,1.66776729001459,1.75041025549414
0.749532922982315,1.56139751923412,2.08984722324296
0.714945708185004,1.48000236339285,1.06781429477705
0.796147541733086,1.70445482953501,1.47106584480341
0.88950242428214,1.88873453902187,1.70893387501687
0.855872702209484,2.02379520949592,2.26384313710728
0.982065359373449,2.26639320062905,2.93277632704216
0.838384361837606,2.30506828454383,2.53227146094793
0.933273334991378,2.71555998129808,3.28650064859108
0.741383508205433,1.81320736350388,1.60021666397291
0.795464981960838,1.93382705704949,2.02244768779138
0.800789182817821,2.28073597279355,2.20612971945376
0.893995655848116,2.75206108795022,2.77011198245728
0.767467391632143,1.27262819673087,1.25154718751305
0.833643905702088,1.35210995170289,1.41218996549233
0.833074160095826,1.29200718404767,1.202047115871
0.866519010850288,1.30476881737611,1.1868379700501
0.953021189955348,1.42037191212037,1.31627199121465
1.07132102294847,1.57092386970939,1.54724289565479
1.27522903644926,1.42538914844036,1.3761161256594
1.74461574329397,1.92895352583406,1.78841244639326
0.966791338135623,1.42047027282873,1.43355628023284
2.2659577609536,2.06187293460746,1.56853809191849
2.68438149622428,2.47038325160372,1.6216483516928
0.765085026463674,1.55567202042626,1.24366771395669
0.784084146411404,1.80142827729753,1.59016114528547
0.757926407926834,1.54572239473561,0.941025858016258
0.881976406088884,1.45119126160626,0.859584936039762
0.782872445953086,1.82100311106474,0.960940838700596
0.804653438880443,2.10760243744507,1.2119773577344
1.04939444988217,2.09761946387088,1.11245844413279
1.18184031384462,1.89494540670264,1.46883752051696
1.19213061484192,2.58884317307408,1.50932235360633
1.11047062258463,2.64422781537544,1.47458634065572
1.19252349024293,3.41726893520667,1.93289543482721
1.21653799970262,2.78598480555398,2.11392129228628
1.26798828317723,2.72615087179973,2.39947524642436
1.27554438212905,3.32692856510271,2.61793791411224
0.737675029760569,1.64976228353765,0.823546906620528
0.991610865683204,1.75433424126408,1.07856063213571
0.585440495164952,1.45872913005124,0.79006016771029
0.631623814050976,1.47622588035883,1.01725039644088
0.596588948815855,1.31413077259191,0.79624903909991
0.642479941331594,1.39675212451502,0.85262948301805
0.736240085253737,1.29092675701052,0.945623570369161
1.37489002931575,1.27042138401865,1.25401886856323
1.46924643844616,1.52362040863085,1.29744048954427
2.03335805544529,1.88557425149823,1.76734629846041
2.02594084432921,1.90599481593044,1.77769901288427
2.01931461866321,1.92438137309703,1.76296684380116
1.16928163118656,1.2677394079239,0.994067804121586
1.7579998487122,1.6713279625586,1.49387268484844
1.73418542294997,1.5961773527345,1.49803352983868
1.77031259766259,1.67247322264656,1.49260843684202
0.645745104262278,1.22051733134984,0.868374294288367
0.790590767700527,1.25766851254498,1.25937155037443
0.766996440384,1.31894606967001,0.926700735967752
0.894975268926295,1.49365462096994,1.17222616985959
0.903869018986767,1.37962019540577,1.04855563102713
0.966378044708919,1.60011907263931,1.10204412971742
1.04175876662009,1.49063627101661,1.20026073419866
0.951039172874463,1.23206276574898,1.07537393307085
1.02788724778012,1.28365140397995,1.07050695504401
1.0866880248336,1.32278425875068,1.28222535995823
1.22215158608424,1.54974885461441,1.46331279590226
1.15700513508758,1.32739117866146,1.3525488950905
1.32984553765067,1.35387910785011,1.49216941024334
1.38671255225009,1.63364763156703,1.50885316531604
1.37325390599858,1.70344990025245,1.46321528430624
1.49450726291145,1.98218296958757,1.62573345897901
1.68283507340495,1.95397544363241,1.73761006213215
1.68739597956868,2.00692492050848,1.82287278255755
1.94506723821421,2.32592755649399,1.84657305102607
2.27994298091906,2.64172128338672,2.14140823289377
2.26009424818642,2.69261674940493,2.19439892436108
2.2939038302663,2.66910132244793,2.16329201170526
1.90821081863019,2.49069915929811,2.03873108665194
2.21546319182716,2.86296269452612,2.35486929695176
2.25820026775491,2.87999818828874,2.35653254747682
2.24269088832339,2.8673072728623,2.41611216271125
0.940088442580104,1.23757955571431,1.19162185450785
0.952503872168274,1.31770497827599,1.39004148134405
0.866203848008937,1.23801421838799,0.980415281159211
0.951115242330453,1.34837263513036,1.01913510482447
0.792663429985492,1.23642181263791,0.908386933507178
0.794362968917288,1.33402769370043,0.898134576776294
0.934891085888311,1.29874700183755,1.04738555000435
0.68805981713478,1.25270636071549,0.788764083009778
0.686480267915038,1.66326857843743,0.793318922530662
0.684139004878214,1.11140807236697,0.75663799917582
0.777131276401242,1.27508187390807,0.832761602447715
0.625828358427121,1.08151530787902,0.687024383817917
0.644435918040283,1.11635486213596,0.706588891949629
0.670186416036602,1.17192406067784,0.73850013030055
0.75777313177255,1.27638029149351,0.822322937070524
0.741610493142751,1.19367349598251,0.791655407262717
0.670842598448686,1.21724574323454,0.757848703842406
0.733521320916713,1.21483622732296,0.787134651732497
0.763687661025479,1.32236990820483,0.858791493904767
1.32875141067134,1.71339292792734,1.35957842948308
1.3120314026326,1.70675960634947,1.40172445364785
1.3066711538913,1.73317432459788,1.37616976438104
0.792607195199163,1.35817132837356,0.900192524084185
1.32705790786034,1.75334553492875,1.40506941823961
1.34575081777875,1.74379193749241,1.39415386682242
1.34172987044946,1.76003137716968,1.43400436162533
0.590980482700499,0.991052902275474,0.629729693132085
0.611602789650567,1.02364837220212,0.663486415369527
0.595074050725144,0.920988893305017,0.591606638337348
0.632754506029633,0.944675556023032,0.595774969804529
0.580541592265895,0.831117840466951,0.551344944798319
0.593120352244582,0.870551613621468,0.555964547476823
0.636098605940547,0.853243593552814,0.552945228775998
0.952719106716572,0.873632096396705,0.567106486945685
0.886265041285401,0.863127539143826,0.618766438295567
1.40761024817426,1.35272911204861,1.26255160478507
1.42972353966257,1.34610926414531,1.1964264391091
1.5031818636684,1.38598288168806,1.20892667795757
0.799715816246119,0.99468677528107,0.606783467151057
1.3640331584091,1.43407570503335,1.22916427692002
1.40693477068545,1.48228347865833,1.20831309051016
1.36930442773462,1.49511214838327,1.20994457104629
0.560963599936769,0.749368690761582,0.554010157337708
0.563851751738151,0.736203954169248,0.551917418904302
0.59186903562845,0.787680009681335,0.615220013919124
0.644988264832928,0.867034851536636,0.677228055225777
0.603999208686053,0.822514057172643,0.640525408478281
0.635088073804507,0.833561595219301,0.649372020186596
0.69133052232258,0.976159260310516,0.743429562013897
0.697721317517187,1.08011783079858,0.756820711862319
0.757231941907817,1.07831784599554,0.792446235951302
0.883209113268103,1.46389341850311,1.00523239900408
0.911013808241337,1.77735849764327,1.03244429938929
0.822884156173044,1.11662222439252,0.88807704852641
1.0297437536954,1.58047761466586,1.15399404863752
1.15879183900536,1.92853404958558,1.31526249184439
1.11173385135076,1.50234372504226,1.16631160865086
1.016854235475,1.32662695311468,1.02845253041746
1.17690217772149,1.62408875415653,1.11923249317205
0.570164377546377,0.821965396645426,0.624558658743522
0.618333395430684,0.84775677055817,0.673645086016422
0.559109491868473,0.881521683626777,0.628094172216812
0.599087283590642,0.953677142306139,0.673402043122031
0.578574861390087,0.942628362513433,0.639115653200474
0.652826215491606,1.05392177278055,0.725055749553414
0.634628134873884,1.08888071936789,0.707123093371387
0.553103932827589,0.800272781754283,0.563839268346083
0.617811266144353,0.818294926972161,0.607260731999363
0.536283903549568,0.767615451638979,0.526803339822249
0.569238475316603,0.837247123097659,0.57089118106328
0.540185772277091,0.741528571358843,0.506117907934198
0.586579299499468,0.800076865539909,0.552432444415246
0.600436449647552,0.871866388724656,0.56709068745484
0.854054770262292,0.884891906931955,0.648755849117221
0.840752609372195,0.940323731624829,0.673590629622215
0.665956967028518,1.06552120720485,0.708048541916654
0.970634747706067,1.69885865488119,1.167004688761
0.973961025131149,1.22291662699373,1.08676196805619
0.748399123785096,1.53027753324401,0.966988244356106
0.986179566703374,2.18889348347197,0.903622108573475
1.55960885258941,2.65560901621743,1.45573783213862
1.56213828775546,2.65319512776438,1.42967210813414
1.52753239721385,2.63367930529024,1.41576059908533
0.536971746009905,0.670949199431068,0.502446534545897
0.601366123562682,0.743784067747048,0.573949234395774
0.540736018565668,0.63748048799083,0.500965974849396
0.579587731662511,0.682051150820498,0.530152650563524
0.573091845401342,0.659089615544307,0.527356940580791
0.612050944868381,0.729223762128545,0.563663711174571
0.627977836429397,0.745555710172365,0.575548426493667
1.22686178503716,1.31929705807579,1.14442224539959
1.21174563296688,1.29708088871054,1.19414282415712
1.16066932315014,1.27454707264144,1.17714084769414
0.604219137076128,0.684452493562017,0.552574158969934
0.663662709102432,0.768188983694553,0.597049922304561
0.615211285713399,0.69389093472944,0.57082881146275
0.613584801824841,0.708908286746473,0.584503774315248
0.661651141034295,0.768074212189386,0.610823296159868
0.709546200948975,0.823494341489897,0.649596824438999
0.702482945327147,0.852648521035567,0.650979932531873
0.724236020128044,0.875477406327621,0.67672077079452
0.77356196555111,1.02634878673588,0.723589211721545
0.935751727649898,1.23877070327358,0.722562422767106
1.10643445125229,1.61375669108082,0.796672965525983
0.742511035979631,0.966917883280916,0.668243820759257
0.979608281387593,1.34263636886749,0.768019341644096
1.18560241008954,1.65829998860086,0.891434757292027
0.868756364445407,1.44844182565017,0.778840547689859
0.764854318333456,1.37052427464202,0.749069882164269
0.85951418473851,1.86746563241411,0.887603071013816
0.677364913983854,0.783474821515293,0.628844673234497
0.741658352675565,0.856425415491998,0.676297636862569
0.674405823785733,0.765946017148852,0.643249995131743
0.696416503064952,0.772477236144168,0.655243054156052
0.775686341748503,0.809022817435104,0.773769450794583
0.810962952997023,0.888222693174089,0.774433159293143
0.715077999246273,0.809299206190274,0.701800990886627
0.781934880048878,0.886416047015514,0.73768168853203
0.793149087937732,0.869795604482246,0.841900821504339
1.03521842518378,1.13222873767444,1.1867899715978
1.0417343652098,1.10537421132586,1.18742505655784
0.79296258958044,0.887875888447222,0.702875089801468
1.09213681280499,1.22860151344726,1.00342814773912
1.05182355402797,1.15983187666368,1.01019390807549
0.697352970848647,0.789808444327104,0.695389661321388
0.747021530101389,0.849794825619539,0.728010514595627
0.686951370320568,0.769718498784077,0.736387848441681
0.705449936534361,0.780219142878308,0.775882811885062
0.719778113994563,0.815455242287609,0.822746641667182
0.753060853924564,0.860217300899043,0.892005485956531
0.759776521964033,0.84006280910225,0.961136337752382
1.030922095932,1.09269076919802,1.61581653018315
1.00608516260849,1.06712633045239,1.51078902224922
0.738967326800762,0.854087714066818,0.742474753832305
1.07281984678097,1.2674552203192,1.54023532501529
1.00994928376395,1.21055619229479,1.31043773425367
1.57439385881897,1.71472890818522,1.88283881843915
1.5399351424476,1.68308075617685,1.83739642031894
1.49230499433891,1.74169794895901,1.89422758735938
1.02501106866793,1.16098137870121,1.57131321268211
1.55898154700885,1.69843957727248,2.16520631538827
1.5522888780885,1.68911712744073,2.13545481483412
1.57771746630557,1.66725543916906,2.17449664981241
0.755161459167503,0.86577200175472,0.824050184308779
0.826562221079464,0.955034489982933,0.932482550309544
0.763066474273852,0.854812059724556,0.770388651559091
0.753606335264034,0.834567383119485,0.726838891141148
0.849722823168217,0.946942530755694,0.869821038717237
0.934682342636409,1.03461589491415,1.01800594725751
0.884112946889312,0.969770763430298,0.909822528842837
0.877633685613476,0.996035542297635,0.85761449710228
0.996347121723118,1.12822198504108,0.985952512434246
0.842050599468335,0.952787843254548,0.779613881275039
0.821700845072472,0.9136511473139,0.759886646765897
0.91559917834959,1.03845644346904,0.83010157781299
1.02324803480215,1.14963283712344,0.937156855092111
0.960849014939835,1.03323799803826,0.859362428138195
1.40147234495947,1.48560315027546,1.37637252624304
1.47589844809976,1.48275021335761,1.35483387215471
1.42062519380719,1.44906093600763,1.3455793908256
0.914593661919371,1.06824241482996,0.833006822744441
1.07804909106011,1.20941633010532,0.955528355860276
0.806841050927525,0.997519042273184,0.778084198865819
0.770791676009474,0.951608923890541,0.769585672940358
0.833894927996532,1.05459679989148,0.80944724043833
0.868406019854167,1.13079922354639,0.860768794513046
0.903838615461463,1.02872381439546,0.829699349024684
0.957555527248712,1.00034778489303,0.866770236532077
1.01174192307746,1.13453571481715,0.941388451912059
0.980558116166982,1.11297252108026,0.854240348475834
1.57593093483561,1.41627708552281,1.61364871295776
2.3286833124081,2.07408231595422,2.43743564793524
1.72817273191276,1.56075219411577,1.70778294070425
2.50077455992202,2.22524726356689,2.53345407090897
1.42190152384145,1.49062897447183,1.18035940541342
1.65362663997903,1.68843585165853,1.36434107954225
1.63431939825032,1.88640701935301,1.38890900679671
2.39557374816958,2.64705161197721,2.17027660330399
1.79942067186032,2.0269426860176,1.5120360863983
2.59795361881758,2.82660278639686,2.31087401730261
0.854024440468325,1.10974715903901,0.849597163226525
0.983617697342486,1.26187835365522,0.979801939901228
0.834706742851986,1.06277026827729,0.809576686069076
0.855992099515899,1.03105251575936,0.780983095192717
0.871284540277588,1.13073106878612,0.86126658910161
0.901530684592851,1.20966202066365,0.919610270549574
0.891015846663771,1.10644626527057,0.859971414526821
0.953466026497839,1.08028163484108,0.871038316725471
0.96990685386766,1.19445091186904,0.944339805274024
0.838816022255272,1.06807678552308,0.822990389648367
0.917238495720113,1.22157074878231,1.41641345294691
1.088459309519,1.41406413303162,2.24329247258965
0.929960078761121,1.21458016583172,1.43656176266861
1.09752610742017,1.40015828070137,2.27205974043345
0.889412493895722,1.06953777221735,0.845974606418051
1.00589374218714,1.11785134851811,0.915610761227956
0.948005113414579,1.16728358419908,0.866006497491312
0.904629349660792,1.01648518301161,1.4964680512285
1.05612322454049,1.07992493405612,2.34603817613958
0.936286843172771,1.02156640131873,1.48955793931177
1.11551570148319,1.10034173285169,2.32438629420832
0.908386933159831,1.18220087829169,0.890598902339403
1.04285304136387,1.36025854984642,0.996273735796944
0.863309673080713,1.10127880023248,0.857605819521505
0.871443829602983,1.05600862592942,0.855849588204091
0.896587353078168,1.175482606346,0.896633502886736
0.920461868192294,1.16107314595453,0.914242350545693
1.05938215324459,1.37270047394458,1.05449887283447
1.37121559236293,1.48759852114631,1.40821770872831
1.22331726241602,1.7583286819778,1.1182945842037
1.50154087441276,1.79946061947479,1.49915819788157
2.09729551668929,2.36327543699969,2.0552788400227
2.11586696284455,2.38750272859441,2.08976302396307
2.50174545556226,2.70291886177258,2.43227189772271
2.5413712493017,2.87628547093217,2.52000262001052
0.843672784026773,1.18909775832975,0.841515282235455
0.909353005893449,1.40633938578007,0.933024658030598
0.796099205943379,1.10659578815882,0.768277862914255
0.829269712987043,1.09656666093687,0.794019639360802
0.774675707980903,1.20386560610813,0.740391116351762
0.841785799575865,1.39230085806302,0.812461873355757
0.799773788278246,1.44931958132756,0.755333364327252
1.0255347596952,1.73705023734379,0.99523988845792
1.02679118819939,1.52456429979466,0.958347375517551
1.23656680353122,1.761576396125,1.2296241548962
0.89190738898569,2.03106049782897,0.941800818037616
1.35975864870223,2.4758194155423,1.49099835657726
1.40924970163823,2.41851289514241,1.44499127347169
1.42859314383503,2.48189817839098,1.4887826045052
0.735202923296432,1.13581928852208,0.716270480328276
0.740475811961795,1.17727642512242,0.730971422921704
0.760525706366468,1.22513269333584,0.751881418465575
0.866531910153148,1.43667879508799,0.847282189762146
0.92489657604922,1.55144641433017,0.889284318486946
0.968148206012701,1.5994067657764,0.951637856355503
0.747927364754567,1.30033829609795,0.756707057150096
0.788850432356215,1.44132294140877,0.821297032355178
0.838988758909455,1.45826124726553,0.842882571197956
0.890845831574964,1.6178450801063,0.881942615444625
0.951839453080641,1.69173656878493,0.950950112696659
0.950152499508817,1.61029450146277,0.931797210288794
1.10762499661837,1.91817911576885,1.06950635748451
1.12224423661258,1.91060144240823,1.08233627462976
0.693475104215589,1.34493092830645,0.695205076889057
0.678074210898307,1.40731968112929,0.672500371927693
0.727706156433918,1.57636302387782,0.730986193150188
0.811412283620253,1.71317507303351,0.816232124389293
0.711385400136164,1.86004101747355,0.725317809088965
0.707963032838548,1.99856601651018,0.743646774771017
0.797930420526843,2.35700586040633,0.843536405408568
0.882765639816052,2.57319314962742,0.93275233416286
0.912803083450371,3.03946866215669,0.885400248500968
0.93441533400086,2.62430228569221,1.06882954309526
0.816072639250357,2.43540249315295,0.962997924676434
1.05544741468929,3.14729220771986,1.06460039652803
1.26442662733061,3.67223994019739,1.37333843673755
1.06090391860279,3.4070217423792,1.53906155786555
1.2467833184207,4.02235088428968,2.03299184744121
0.948624472993947,3.05494102532484,1.75740720577134
1.09515402929812,3.57170151014742,2.61113050028782
0.697056241189453,1.71175384256064,0.668431283344952
0.694948760989277,2.41580221352827,0.673964145186945
0.746912588915869,1.34063743697365,0.670946136176864
0.79708685923514,1.69349995718118,0.732917803621933
0.788368676843207,1.22816012368811,0.656896183216877
0.834177551486744,1.26347910165119,0.707589862649002
0.876607679008831,1.31206061732806,0.720336477908235
0.742425192037463,1.15414558164389,0.600743418544349
0.791807594920652,1.30097780834414,0.62171456308815
0.712698981757604,1.22030651396624,0.600318605503241
0.745451973733189,1.43968435579066,0.664065356335914
0.702849602143243,1.22715497912889,0.601998115566715
0.775335542266794,1.1920233463503,0.645307157829108
0.747836161137932,1.50137015866128,0.690973369637233
0.813984665401323,1.70582769677519,0.900814085657474
0.873148531718987,1.69117483454993,0.824796140685357
1.41279196869375,2.01811665832252,1.39008315757523
1.36987039381395,2.10156157774278,1.37675977444251
1.40944937805966,2.06602887872806,1.37076925052069
0.933553433170523,1.76416011062989,0.93469212688956
1.4539012206255,2.13259830782166,1.48764643176073
1.44944114524327,2.13037340847458,1.48781048119506
1.44057512217375,2.14053738571259,1.42393809245402
0.644913107305221,1.13155635005405,0.565141650944122
0.699887111364525,1.08586991593509,0.596441571185409
0.589991830674584,1.16211116237382,0.555232305257448
0.620063232929627,1.26707860569448,0.595718590398455
0.561468485320096,1.11306987085039,0.557792899491876
0.606598240476037,1.14063349596034,0.599868641768663
0.604859835752308,1.23633078520204,0.625095024250002
1.23427787173699,1.58739321478992,1.20845181670351
1.2279240273072,1.65354260791808,1.24921623047711
1.1807142701327,1.6871615194015,1.20766800172364
0.557091075167889,1.01081348914638,0.529141344118234
0.607185663046839,1.00265795236588,0.576596305757087
0.580343726801035,0.986894861264106,0.509973843496508
0.621061001069381,1.03001087941964,0.534869278914296
0.615345380373611,0.933998912130098,0.50307054049875
0.605534281827195,0.961375152852279,0.528320939078282
0.707747831446149,0.979873739280636,0.537032232060023
0.78225056057146,1.27575187796394,0.562983689277156
0.816657701880324,1.27885323854654,0.637817953640362
0.711622151247855,1.11339365296774,0.602790960698239
0.747462794758174,1.50220764060229,0.681485153887488
0.856296538282244,1.48700162345985,0.745467533695347
0.982108570779105,1.6049851938851,0.750196766370582
0.944982953514827,1.8509097953456,0.934908755691808
0.660458913138675,0.871263544568276,0.513351125335619
0.682966266678942,0.852127007733782,0.543554166425718
0.708168101963427,0.887714679706804,0.536324951415441
0.738595101571787,0.942046849448146,0.565785157593924
0.739613219948738,0.880027404392634,0.566945692509636
0.764635544286158,0.891894725514506,0.604744382786159
0.850790114084184,0.96768245107665,0.627030049019445
1.38820075012856,1.34991338588414,1.20521536062182
1.36366629060088,1.4504614884012,1.19779792914923
1.27781988057859,1.41549751416308,1.17794353491666
0.710895348066409,0.851904038111187,0.565234331564182
0.732974624893624,0.852835632436653,0.620070265952805
0.722925957500567,0.872150349104936,0.551118789366419
0.761295252945266,0.923197796268451,0.572398529696331
0.745543317936194,0.860940122462089,0.561379087417992
0.795530272327541,0.897804158836884,0.614589561413604
0.841311753776563,0.94711986324799,0.591503083034138
0.889073263864608,0.983628534409758,0.613405285819266
0.960309612495244,0.955121186604465,0.690171198786034
1.40799710244463,1.39222048481343,1.24690476638465
1.45073507521675,1.41129040795143,1.27030787443058
1.46806190928748,1.45038306352076,1.27186146542048
0.927307159013722,1.12287417811659,0.649902396087872
1.08372485031666,1.234544885038,0.767765033958989
1.10243727213366,1.39984350024229,0.725661045082456
1.14469956226387,1.51774338994203,0.742579091670543
1.61333070080097,1.96285196764424,1.32957371556271
1.59643402703276,1.96826164620133,1.29446473153141
1.65103786121763,1.97437762434265,1.29276945297259
0.691374375432873,0.793874237259873,0.548417708764964
0.734125163851579,0.810676232180336,0.613401383944035
0.650220952267325,0.774182668256823,0.517267151957097
0.687608119850488,0.825806519940851,0.535228808316451
0.60794145472884,0.736071258869473,0.510196963106553
0.644140572227227,0.760947058468363,0.552989813079256
0.6095273082104,0.785388528493674,0.519455441298045
0.680961173681011,1.01523740515154,0.649626984006273
0.675659516515661,0.920651931413709,0.670832165797641
0.654719234293563,0.818253972231994,0.592556069717547
0.868650485329986,1.07532032886947,0.852577212400696
0.885320120867017,1.21929370523184,0.810538583603701
1.42254422538082,1.69463142265871,1.39153852726289
1.44099460779633,1.73952444819234,1.3755197928861
1.44017548036833,1.69715250816252,1.38323584453421
0.84686622192491,0.904437300331291,0.851019938243414
1.39915671405041,1.42148472840838,1.41974608215427
1.40628070323859,1.43388566335603,1.43234373992143
1.41625948201132,1.4694814831381,1.39893136484231
0.600583221405664,0.706402910042158,0.519826469106567
0.654923099342771,0.738560117509499,0.594694106494495
0.591246279633819,0.692764000048662,0.50658378809328
0.633464302735573,0.73004214410882,0.545178475419636
0.571281222953093,0.671638380697393,0.502949987915433
0.598034724651199,0.721137436202012,0.537450007648401
0.625157118875991,0.671811331861023,0.537783022685288
0.690539244715352,0.729124462058451,0.59548668048402
0.682578547739874,0.707115972850444,0.595252080560685
0.652159595584237,0.684744215327786,0.568910797968535
0.6728546774407,0.728890919730092,0.599585980281492
0.713678290409362,0.786016178710832,0.643492625280638
1.28707807341202,1.34722246596669,1.2400593945541
1.27223421733366,1.28227182222351,1.24624792268238
1.27830775924864,1.36344148115678,1.23808014950915
0.751472366026768,0.74340164566046,0.655910276848965
1.30627568597287,1.27461552753767,1.25540265247951
1.2996426758535,1.29892109086832,1.24889982735378
1.30008114637291,1.3090948619295,1.23719263171911
0.541711684484308,0.655507600868572,0.501672888726252
0.547098767118416,0.691230589674185,0.528043031639306
0.568541009986515,0.656353358852397,0.528104948155788
0.639769831921115,0.694155958406317,0.591552981811934
0.762471198921301,0.809027869441972,0.708661338816323
0.755214481228632,0.779170798663506,0.711982138375881
0.574381983108778,0.671006042356321,0.543363790792476
0.586564072842518,0.700371517342821,0.55766864254861
0.681166819720037,0.742331618500568,0.649974973998897
0.912102572764017,0.966303641250892,0.884107273071014
0.902154973997898,0.971172004465319,0.86906350978251
0.781577391694795,0.834746221753527,0.742957028794924
1.12545102273723,1.21271936631543,1.08270922952669
1.13027494586892,1.1670076563775,1.08221998724786
0.564003216128594,0.674595453503287,0.553867293276853
0.570775888403039,0.697743160817521,0.582487264335517
0.60388066408646,0.700852290506422,0.601130255737821
0.666419635697698,0.747858962482769,0.65339049661088
0.625624961721245,0.718161853666302,0.655539462169334
0.661510216141048,0.756756866496205,0.705138140749786
0.690153923307496,0.744962597367652,0.748890983320893
0.724107456356779,0.77348558059442,1.05631865480192
0.749993537168066,0.80419004108051,1.08887006963904
0.914625531726054,0.916385688844905,0.976348528423508
0.752302407732966,0.775027346030857,0.787171274725385
0.992299147598659,0.982318819166192,1.36980563101459
1.19684135893953,1.16815648069328,1.68462185497887
0.932586926565129,0.919858791863787,1.61703225888371
1.04674502802882,1.02011774132006,2.09202494028336
0.839977083055535,0.83339204460516,1.26590092146627
0.975090604773345,0.93703434019856,1.54251541345337
0.588511762552534,0.722517859199737,0.633725898974558
0.61397730735097,0.773298733247678,0.70035699083105
0.572519429870927,0.712823099693965,0.588771206547727
0.604558601786426,0.716889316200297,0.595239144871581
0.563379617368013,0.739750111031264,0.59385827215384
0.61034677791181,0.798155283035497,0.674605406287394
0.626496892485061,0.78641392845581,0.632802882086179
0.630937153310415,0.768207698545861,0.619337265348194
0.717109656065406,0.891772538953212,0.755821825471743
1.28514604471682,1.43542153036611,1.28805777218871
1.28909323027439,1.35901513016622,1.31209348038605
1.26496341256127,1.36488049076066,1.33209533488407
0.747638039648236,0.880908999222151,0.736843527592005
1.334001103925,1.38205950424664,1.2822361562698
1.28989170143893,1.38322786744853,1.29664011974772
1.28482000405572,1.38745074199876,1.30828067735823
0.517930773946758,0.724016953595689,0.550446368540005
0.53996040363729,0.776150729925829,0.602305128274526
0.50508641596682,0.698628030044736,0.504454823933973
0.540395299871915,0.696545503218736,0.520671723844051
0.510794739664231,0.714799936123163,0.494256542870893
0.555271816388658,0.762853393898685,0.53633629404781
0.553403398733332,0.70826438206532,0.499039266138211
1.02817067675595,0.731645124345832,0.705379099596687
1.01822776054379,0.781256797295828,0.725959350497927
0.731383190243261,0.743819423952106,0.546729903203965
1.20390955572675,0.895371633193809,0.770475552906605
1.19563227521991,0.89471929121423,0.766744427402293
0.744509580102371,0.855166203581174,0.600850385395982
0.757069059752314,0.905596776930919,0.642635562963772
1.30898632717904,1.46944298054162,1.25211775947445
1.30512501936383,1.42053407645972,1.25034027705479
1.31402834584795,1.41364154390785,1.2345399078752
0.539024754922118,0.745430572471554,0.513629250477643
0.604972921670438,0.817664250619006,0.565165587260096
0.580302238847919,0.743365050493829,0.532509298299689
0.60621589094581,0.735498878409313,0.551169286637115
0.687436130893284,0.802832037242345,0.592530378564535
0.77515932310804,0.855465839980884,0.629534022255637
0.88657209853504,0.865665152583908,0.671539185952304
1.5618390925092,1.28319180432915,1.08849497291793
1.53534464382298,1.23279404302477,0.942983249246311
0.947293487374984,1.09002651527806,0.84863401064648
1.51879784377069,1.57004273707904,1.46189636974303
1.59885100974782,1.64089553078999,1.3434510472048
1.47149032264441,1.51027536254025,1.33547672813418
1.95221783023083,2.09136295918231,1.75703440508205
1.87525814324379,1.9425314358415,1.86901705242594
2.1541947176377,1.87034788230932,1.88500412633433
2.23826561562888,2.13270043353629,2.04164254050148
3.17766766376159,2.58476007782081,2.66338815543563
3.75803743103207,3.18223701352336,3.124684746896
3.48213055668336,3.22872855517056,2.9330001155668
4.62349780552892,3.83624407538073,3.81305630059667
3.95737622440803,3.2268203370169,3.32467074395203
3.86986314177119,3.37054396377343,3.31895376791021
4.7500190828084,3.7946782237026,3.94565968789629
0.664165034792712,0.827663266753504,0.616720480299938
0.745763387685367,0.909189294313428,0.691897133115282
0.60734932369065,0.804491468795855,0.607254631166394
0.613738110844009,0.790680567835387,0.609818990347338
0.611007706508128,0.844188519666285,0.654497068575014
0.685845476274724,0.900766311843095,0.726536899302851
0.638221304586763,0.86923577866912,0.68658564063526
0.743091897857496,0.939579711726284,0.762487545586801
0.687854847313208,0.889035476156449,0.712139454487982
0.627785638047284,0.928017586750287,0.758159278841628
0.677023378721216,1.07093511079904,0.90336524540545
0.750055487889451,1.16010853386194,0.987285057287618
0.720193292540093,1.19736253114921,1.03574060373471
0.817630547005267,1.36149033653459,1.20178719789652
0.72428994619713,1.20338251562202,1.03932024226114
0.830861316769622,1.40487190864742,1.2281667101487
0.901260729415955,1.46842365964722,1.982497300429
0.664768893302232,0.978757865002835,0.806974495605898
0.733274929129965,0.999698431299692,0.832377693479289
0.71374812028226,1.11581803396891,0.946455647842566
0.813221134263874,1.23495182109634,1.05799884059825
0.607274279029717,0.868707888883448,0.654743176068619
0.687803104545551,0.938729969052742,0.741086855271607
0.593274037818427,0.864905553589767,0.614198272837759
0.594623605732389,0.859880747129179,0.612064791192486
0.650081195336369,0.932152129008491,0.63797554510773
0.734916606112263,1.00647186359039,0.750467394594659
0.667936776226649,0.987344767189023,0.66196232227233
0.687864014270985,1.057354077142,0.670705593371629
0.77708133095348,1.07922052971967,0.751497644829465
0.716386611618274,1.10915123991146,0.78594604691159
0.826204799218321,1.30571130167145,0.897625536245194
0.791531583410169,1.32190525304446,0.922610639811254
0.836591699089098,1.50367549588936,0.970904926781107
0.898305309723706,1.48339920201849,1.06232105728258
0.689621899898438,0.95824637754008,0.641757389178322
0.797116362432671,1.05597039165527,0.744682343430171
0.715169663395713,0.961621679744047,0.659357209947393
0.759971095594153,0.979008746402366,0.746607025205059
0.790062980571987,1.02850975529191,0.706636829891581
0.80930566542856,1.04034658185368,0.763103136004824
0.873220697211842,1.08142083905891,0.855459340812388
1.37752486408365,1.46980095982228,1.37693239742353
1.35751954748245,1.53633633264815,1.39844325558824
1.37206291835708,1.53753106643926,1.35547517896629
0.866336765767169,1.12250873163081,0.724685917009606
0.948478156911535,1.21066754373347,0.787377574333452
0.894667740194795,1.15227028278336,0.763524990257249
0.89285231664739,1.15011018345088,0.806363423803803
1.00088507635629,1.26202981788417,0.837728085118632
1.0471003099704,1.32470443726972,0.883382892340632
1.15475975721659,1.38507760338003,0.996657513765788
1.21322662020954,1.41038654067204,1.05396030134647
1.29589853935672,1.51656054936344,1.15191140779873
1.29912722704927,1.53223859157217,1.12284847925255
1.77663335608157,2.01884755780705,1.64509546822603
1.7819783739464,1.91363739466715,1.62494642852741
1.0057959642056,1.25426830907591,0.81796878906426
1.13654267310051,1.36852399252954,0.939279989355669
0.949663206879568,1.19270224160238,0.761311915413888
0.93045021315577,1.18411919423137,0.774118681578989
1.00711625472272,1.21478006166071,0.783118646568088
1.09049515883676,1.27912977206203,0.84767685026662
1.05925353325765,1.24176412134588,0.84477211418828
1.03066662531011,1.25634024625258,0.84878700645745
1.16142539252156,1.30489790592387,0.925605532467662
1.13441266995453,1.34875762081078,0.932593405564573
1.77880213859023,1.81855177416045,1.35180251333641
2.52072905392719,2.37680567211421,1.83355731609652
1.88841659851678,1.99004825981177,1.48854413084762
2.65830267878525,2.61394068332345,2.01769542125004
1.43285265958534,1.76237940636224,1.2594245507833
1.59166424315495,1.98038969483838,1.4286099706747
1.59101999125087,1.74533842502303,1.26260861140659
2.29136520329019,2.27882557351591,1.7193856242237
1.6992257326545,1.91353580798403,1.38801862761398
2.41736148261211,2.50522816591636,1.87701280100668
0.993416101401334,1.20248299785298,0.761617428885087
1.1232934234566,1.29022807533773,0.894562161720671
0.927317209479613,1.16773695784662,0.709705268697026
0.931509937450292,1.18892875920236,0.753128166638526
0.931708003115521,1.16778703429921,0.70924431265525
1.00064427872982,1.22637441000213,0.812107579881975
0.944801438269575,1.10793713220357,0.73149118864019
0.984167710683879,1.14536610876011,0.874926369110114
1.05101485008766,1.18084806281568,1.03154323932947
1.18665805220835,1.29414367980257,1.06506009894668
1.01794037212003,1.13352670828834,0.955908357325359
1.51419350692958,1.53162946156095,1.46213607512083
1.47864439505037,1.55675391971851,1.49521814777379
1.44784015588377,1.58515140392301,1.5123400083541
0.972170119526912,1.26070823097846,0.877019702149123
1.01359898601968,1.31228424128299,1.06104738931676
1.02726725623941,1.36062573418685,1.00125075210905
1.06860678511188,1.38189815975968,1.00775000302711
1.07955878200185,1.48176728262362,1.26659686524691
1.1739861673636,1.57750904169201,1.5853152287594
1.12288916366375,1.54605790376067,1.50569161520095
1.02632323141024,1.45620043253771,1.01032279044994
1.03521136089669,1.44848649910726,1.07884037197617
1.02292930162162,1.4936968101423,0.862817872918742
1.08116020649759,1.55140881815837,0.986432835126804
1.0003726929715,1.50999987123599,0.730207527555806
1.03297706921047,1.52858523641205,0.78541983310513
1.11552119548348,1.6764963357542,0.871304210520213
1.19066572474648,1.83264502127936,1.01542511035627
1.16247454938262,1.76007961686398,0.964785091979865
1.29852246098168,1.8960011291488,1.04815094898204
1.4221175920542,2.0592808493688,1.24127797918925
1.43878081202214,2.09478080201235,1.16298486726688
1.46447362457215,2.07071911807696,1.33733919716264
1.90405731675456,2.43440179215543,1.82806740639451
1.92264282012922,2.4372027683734,1.90759465246139
0.909694605587877,1.40881255451947,0.65990892073346
0.934593580641662,1.44134016726112,0.726037605159179
0.854702736112267,1.32602693162976,0.611757315680874
0.900452216984421,1.34386301313998,0.649699760531903
0.786510454957963,1.25311683267891,0.58496756098672
0.844406536452465,1.30481871272501,0.645719118253066
0.780591319473247,1.22939443713383,0.58109228543604
0.80920979491143,1.23135723145464,0.624187671676082
0.764462765284738,1.19825606589306,0.608854482048781
0.891210199784449,1.32841736128433,0.66239168128191
1.12063228005131,1.38490589464868,1.0671639142021
1.21921478905996,1.45857427635724,1.08495226972071
0.849246339692485,1.33840657892987,0.748904577301679
1.16229333416648,1.4775523957898,1.19833270914296
1.05564013794703,1.46809750829441,1.19999059139886
0.876324009027178,1.40618274867042,0.69546715173993
0.998091285490211,1.57923324726868,0.948281970855981
1.0547273422816,1.57789521912398,0.844883371974823
0.913874360333754,1.39727057976421,1.00564823985921
1.33589685957101,1.71736783414255,1.47828206225006
1.35409490886758,1.70132510866324,1.46713620216748
1.37627750969602,1.70495365585539,1.51318696834593
0.712875019835683,1.16952168082722,0.554903446666565
0.706970414507642,1.15629763172267,0.590541273960933
0.704148075147152,1.13925986069478,0.544461919305878
0.774098277676834,1.18579765165305,0.60103020330424
0.649512238954213,1.06615455913611,0.515289247656886
0.627591155265861,1.00991964524759,0.539125246998797
0.645071765402636,1.04126346640208,0.527828324885022
0.725628855883065,1.14218745660281,0.600275416106676
0.669181032220909,1.05115504517241,0.581383117112409
0.607403425669883,0.953871134268479,0.535223171209001
0.665704877892606,0.962495930633749,0.601485235037432
0.769028328562804,1.05615911234738,0.692342676865251
0.692276464718751,0.941125823064925,0.659167267259879
0.830590007311113,1.03393964659418,0.775914663105549
0.648612737107255,0.898955331188076,0.670319757851321
0.73501276250351,0.947408692167449,0.786110864620211
1.06957554709031,1.06495577507136,1.43943153913272
0.63154539359084,0.949316610203908,0.603749676388955
0.727849961956325,1.03604350168435,0.682731568244219
0.640388692481921,0.917320653965085,0.668947566127595
0.724826585341641,0.985420829026213,0.788809465511182
0.676012615963929,1.12218280899135,0.522754337553267
0.676943952157493,1.11008060256528,0.551326562236545
0.735135433129883,1.21019953829737,0.548634578643645
0.785870609728536,1.2622050363674,0.60199139882675
0.768797040689089,1.2622940946798,0.564421059639649
0.792377428261618,1.26311117692708,0.59164804320783
0.875793404056651,1.38865640899982,0.648659269205948
1.2760297352756,1.50653709434294,1.0757857410954
1.22456166191905,1.51652890719293,1.08306722853996
1.27369382635669,1.61579408787533,0.998177901600553
1.69253180833274,1.80903727623293,1.49001730350455
1.73879557584111,1.85680751806646,1.45717621471123
1.38341759951389,1.77591639283062,1.13007140443745
1.77908331033761,2.07119736960991,1.59191785919533
1.69554646536436,1.99855251525422,1.55106674049315
1.3945037391951,1.86908083818484,1.36881815875938
1.4908865165339,2.01331812899668,1.47089321347737
1.87982605756202,2.21739454858206,2.15483373632343
2.21771723383936,2.55452833310142,2.69693976292265
2.0587494322796,2.56242001958321,2.49925478210879
2.76430495538018,2.97530455425719,3.42856285943586
2.40678029233533,2.62048277976946,2.76533117689745
2.35309116025642,2.69937125988143,2.62876185794203
2.92860300635127,2.99754143500871,3.42926784149961
0.733815226801858,1.23948043257422,0.55089852102353
0.756617338871775,1.25138893816396,0.588492650033188
0.720427058630922,1.22746585467452,0.551214679947321
0.757342468787536,1.25470199387495,0.582903475730169
0.703499170987101,1.20972083883488,0.574953951234709
0.750261828597778,1.26152119283973,0.624200634052806
0.752838272642636,1.26072810176163,0.632543497069704
0.788572149138477,1.25920645997885,0.683379703191983
0.775166163679782,1.27546318515811,0.687916529725308
0.893023936821357,1.41573114882258,0.754048084760168
1.44863034851092,1.87952894141402,1.41007718266605
1.48654285820513,1.83501288640423,1.34591127582057
0.646359874681759,1.12130936718365,0.557701927710536
0.665990105513072,1.12856180610083,0.600846511778968
0.608732459435215,1.05806328412421,0.535140406287641
0.638513448025139,1.0855328829048,0.559799187637012
0.570792557369632,0.982676952313157,0.537634523024925
0.584167218036908,0.979610211120736,0.57713184427054
0.554973472703767,0.938414829819824,0.536839129786881
0.602025649730036,0.976498059958877,0.573669883212022
0.585722263704372,0.919981599162479,0.606184928673702
1.1882993832099,1.3876702567219,1.20832926025928
1.21245507851466,1.40402065177613,1.21667477590451
1.20037641800365,1.37477666432182,1.22415424167667
0.600845091367602,0.980540565798651,0.590977940089138
0.798990495567543,1.18734127340946,0.844139518978224
0.80624676463613,1.24151653929036,0.842454696080654
0.720556962955922,1.05497360332312,0.711077232245999
1.32370340692797,1.54608504373202,1.34256732863837
1.30836705083244,1.56797850246984,1.29192816515606
1.31150920759366,1.5242247924022,1.30981925307581
0.59332392591229,0.989583177346254,0.553223578748744
0.62462283300804,0.987505907807222,0.611178421376469
0.62596450313187,1.03528696474942,0.548992176412094
0.647507148595753,1.06837867130038,0.56104684284199
0.670729129811996,1.06985175587419,0.582643054781834
0.684623227432101,1.03901827579292,0.619707464731874
0.738554261588013,1.15190016723296,0.615602224211422
1.29939564748485,1.57949696998529,1.23386578316709
1.28779283205514,1.55795261365297,1.20471399380626
1.27223249233207,1.56791335688871,1.21084639178707
0.693380828051506,1.12056445925212,0.607731675009543
0.732070840359522,1.13354917590913,0.660322352272404
0.705918828202634,1.18251484427818,0.610748657048597
0.72077319911341,1.21279963708485,0.620427632292666
0.736270155058623,1.25459972924686,0.653816991375187
0.797412101170766,1.3197895587029,0.710315949299208
0.791653096124038,1.41095074833601,0.71547289154662
0.924706393072244,1.84309812382893,1.1403705043967
0.841275847674759,1.73863076556878,1.19088774233508
0.910609202837844,1.61540902574067,1.12264820945739
1.01875406292326,2.21246129598548,1.6020551314294
1.08895094877638,1.97459946944706,1.64162311392559
1.00773417054418,1.91217367275355,1.72513444105351
1.26506219542612,2.44263720132855,2.33510162430204
1.22595956712705,2.12151089584487,2.0383409918778
1.13999952525115,2.15052857933963,2.14884175743083
1.44997534786201,2.29755075754183,2.22012817396625
1.43690066944383,2.66367891151058,2.96297186636741
1.79754108006555,3.09360162418893,3.50399539444096
1.89646804100546,3.51005261105222,3.38567235405285
2.19982424702158,3.27730354100344,4.20538351884594
1.85581658156176,3.14878550920302,3.60139725174887
2.06121680733701,3.19221742882283,3.58566016349214
2.1596291069604,3.63238530189007,4.25001537383453
0.707185262884182,1.18852791068396,0.660585063438279
0.767355181908985,1.23025425956556,0.734925614261825
0.653334490850687,1.11724177029439,0.636270224155708
0.653983630933188,1.12387144788768,0.637448008520526
0.64285889649964,1.07974948135924,0.666571518535562
0.694549127982457,1.13751281358103,0.725688906515242
0.639877928096458,1.07530888154512,0.68843011989843
0.687696237569567,1.09691096032857,0.760036194745948
0.703151680968558,1.16717717565527,0.751046315807179
1.25529492226841,1.60545281503205,1.32667407586048
1.27893715529819,1.57429220439564,1.27174570044767
1.27137212513465,1.57205924938809,1.27955026433694
0.649509436940943,1.05032175202223,0.697203787425768
1.21294499095186,1.46410058756351,1.26540458502901
1.24190072880495,1.48762660248019,1.25355328574389
1.23476630552802,1.48184933799672,1.26089065777775
0.656189756729642,1.03163165556527,0.690227156103404
0.73553761474527,1.07745255681191,0.797132886249204
0.662462766226741,1.00756782061209,0.676697310130148
0.692696976656166,1.03911636737186,0.689112850970013
0.704523400284097,1.00036087401759,0.72411535969344
0.747509932875244,1.00749318681229,0.790535554059125
0.72111013622821,0.995799681602913,0.74125183478963
0.767631590764138,1.07630639068822,0.77689127779356
0.81893477519956,1.06049385460889,0.841235717917533
0.743276804965147,0.979768938549056,0.793665880253444
1.03672727200082,1.33388275392636,1.15210509998745
1.17251190987843,1.44325370003365,1.25601249115684
1.00045023543453,1.13326128757381,1.02107702915581
0.920740871095735,1.12589287383788,1.1142296736766
1.48004197593332,1.62300912404026,1.66849812362732
1.47561113615991,1.66511574842462,1.65642810981057
1.45918644739155,1.63305712432533,1.67044600836113
0.79822206792764,1.09946755461065,0.790692729142419
0.976952166317295,1.22732484902458,0.979162134464336
0.812677184540563,1.16424006346961,0.783057945827048
0.849768097226698,1.20951241508847,0.827892503863896
0.916431815614821,1.27750992512357,0.866781581550512
0.980011555176875,1.35644345964981,0.941638818492567
1.01119952453588,1.32648902748119,0.973587351040605
0.939405952817556,1.33676095391861,0.850925698552123
1.09096701217747,1.49072654135353,1.00673921868965
0.889614525243629,1.30121170145047,0.778037983070567
0.877576966620899,1.25384793055984,0.777931369268509
0.930202842556493,1.38543003214664,0.806755322377597
1.00722717521496,1.43957583009623,0.876249364385128
0.940012035790512,1.38123673576806,0.864817104087868
0.942105935506881,1.3777220665664,0.988703150910856
1.06762711660528,1.52692447672956,1.06789785174974
1.50801274217476,1.88306621637707,1.54423069714762
1.53999840870585,1.87300095776148,1.53963161097875
1.51189078983116,1.8987377690066,1.56289236105719
1.01384172183642,1.36981484899775,0.982209383435386
1.48849236019115,1.71988618391044,1.48524573827504
1.46951765584465,1.723845102241,1.49773498122618
1.47645214236312,1.7436207638245,1.44380330052278
0.967211814800009,1.49331052760275,0.851741145315639
0.991521780083643,1.52953965725764,0.917465964074627
1.06178370471578,1.61028977843275,0.944164004345989
1.13575866193397,1.64927417590257,1.01106864618269
1.13585074334315,1.73905783551049,1.04198315028813
1.15281684571669,1.75878719861714,1.09204436416501
1.29518804484302,1.89409804878999,1.2290032293093
1.58143591295039,2.04236089540918,1.41191192609432
1.62425655653557,2.185194803936,1.500219686367
1.55945668598329,2.0983222666673,1.67339251765282
1.99202373704158,2.44184141165395,2.17796982571423
2.05114028338608,2.38698635393658,2.14563242709678
2.05495200106927,2.60329972031809,2.13410177539824
2.51430468267909,2.94116666465409,2.50302102605409
2.51952913029129,3.04583258340305,2.57955050402426
2.53436498109714,3.1004117427296,2.71278493442824
2.88993788530313,3.42614670911057,3.06481137911646
2.904283818768,3.4004147866586,3.11836124075632
3.09216492459884,3.70158349317388,3.2747129850708
3.45860565309413,4.03956184329781,3.61588134593813
3.44031212834341,4.04232529353234,3.61897522888598
3.40909600095267,3.9997342242345,3.60267836107563
1.13436937603873,1.7634819074008,1.03456497013151
1.22123524851256,1.84088084513946,1.1649086253672
1.12833501480947,1.76852295210586,1.02453297745717
1.16894573958807,1.79401634974116,1.09673323432081
1.14989740340258,1.79527118209948,1.05875222670372
1.16490361502265,1.77791647318598,1.07117701575344
1.17590473452263,1.79816148056365,1.15962940705552
1.25214192666185,1.91676037405558,1.30521952720949
1.18078350758792,1.74553368320549,1.27926818723273
1.5669012103503,2.06465080208746,1.68083549522439
1.59244015444905,2.03215048879639,1.74000141036048
1.59736530662131,2.04274733847245,1.6781857816688
1.27630258203832,1.99139391101778,1.30938430511778
1.70063636777255,2.30172654358212,1.71622567303006
1.6680525320074,2.3232076593166,1.71972888535055
1.66303101667077,2.31331560867056,1.7448932169733
1.24550259866411,1.94876556675702,1.12401833614579
1.31857149928905,2.03780618108657,1.17061883364681
1.32545360138124,2.04168113547791,1.21865168680509
1.3439260018575,2.01269051153112,1.26296272095894
1.47100357807972,2.28716701506593,1.36926717066508
1.55752305603184,2.38502694990375,1.49490745722958
1.64732067131223,2.36900712869702,1.56908516755431
1.80951642417732,2.39021332114343,1.73003606284539
1.91057691442369,2.66688417609041,1.89011770012025
1.96062218249168,2.59438929835407,2.02810348364726
2.29689509286891,2.95975988809462,2.47614366264265
2.2795533347061,2.79688912581861,2.43171055830674
2.32681312481458,2.84828887092236,2.42039383396983
2.80842474776238,3.2541307930753,2.91180477837745
2.75889758567967,3.19699978394671,2.88495855543495
1.51046580881896,2.51368602578469,1.42119161224012
1.70472911326761,3.33559901007121,2.16832859791866
1.48113032385797,2.11922855426653,1.38697132153505
1.49003838363131,2.06150303653031,1.88781898472683
1.60368676896276,2.27396031193485,1.4523256339898
1.72445307765979,2.40741336918159,1.61197079534612
1.71494008679449,2.33087536160893,1.58311442475044
1.55290032461807,2.27691138586394,1.3459913056789
1.77315891095995,2.60356891823968,1.65061070054532
1.40667409814722,2.05827030704952,1.19481804720974
1.42779617229037,2.01571592537008,1.33774787691679
1.39631601123312,2.06226880298568,1.14701219289669
1.48828219505714,2.10957381725852,1.27967423074148
1.45791720059862,2.17079994815766,1.23970235131407
1.93276949252065,2.58989989558082,1.77013893889718
1.9899767429424,2.74322786797399,1.81626906029672
1.33341966336009,1.79864374700337,1.23389017952009
1.79048820905433,2.1427848742118,1.74332144074082
1.7657824095588,2.00660857163322,1.78604410224369
1.29734110215294,1.79443287259291,1.30380591267254
1.43287022562769,1.79758449377043,1.41123087175739
1.83645313466482,2.14033216471313,1.86527683752237
1.88285383120553,2.1542469965363,1.84016331957805
1.85069929950944,2.16971140012624,1.88622412959161
1.35357703434035,1.99820414044623,1.0618899422949
1.37348815390021,2.02527144308194,1.09901888433477
1.35830120869653,1.9633208211896,1.05325382793528
1.39206840801232,1.97413301227158,1.0923776659705
1.34804351628649,1.94378533344438,1.06109893231189
1.40835762278749,2.01897188017825,1.13199142534201
1.42237938573552,1.98040780168179,1.16968818657995
1.45567238084454,2.01926205503577,1.34972483673252
1.59743186252019,2.1015478524428,1.30124325984298
1.50046122927025,1.92123885394598,1.28712281819977
1.57593802361404,1.96490265701169,1.35808479219967
1.23775642844099,1.82837349059548,0.971539372506946
1.18050057014417,1.76098680513448,0.915456359679903
1.23867500173989,1.82916785491697,1.01162995676782
1.3200777832583,1.91339130338268,1.10225237904388
1.15732963631568,1.72991641147691,0.959315849010968
1.1338048121388,1.71686666138353,0.945752630395895
1.22104378671944,1.79989621124201,1.09970781823007
1.29505330968439,1.95982521921842,1.26587602288702
1.29677240736754,1.90040429016629,1.17573818920657
1.17832832355728,1.741696207818,1.15910575440692
1.15388587365542,1.79188215150845,1.23181667736335
1.16419021646846,1.87136600009008,1.30758620894716
1.60355282820249,2.19330354374316,1.73224462253517
1.54768156356878,2.210764008325,1.74458846562605
1.55640009242277,2.19292055899156,1.70979337930652
1.31261002303327,1.86880212198618,1.36654275600723
1.72875100673278,2.24362170346073,1.79250954866715
1.70172283053272,2.16360896730746,1.75770034502256
1.6866127085817,2.16763882023486,1.78187468644753
1.08981229152356,1.6173720408075,0.864655618044813
1.01845296775605,1.5195724985958,0.803981924048755
1.1443291237456,1.65590217812908,0.911103159157058
1.23237531066207,1.75544716188367,1.01396596355024
1.12632442876107,1.59057703660753,0.884756837888777
1.0981836543888,1.54023705449476,0.885389138956272
1.26435662266833,1.70283766773082,1.04662396818064
1.54874978349918,1.98860203889355,1.37762992691175
1.55846564710873,1.89028584927216,1.3788291470816
1.9116405022403,2.13960701793714,1.68438908149275
2.47542237300878,2.5393570006186,2.20896071337439
2.43228003058937,2.64570304901556,2.19334702026317
2.17003423087593,2.40351245840507,1.93028358051325
2.62330225134402,2.78192244103944,2.34438073728848
2.59463595977491,2.86932569536518,2.39293121777697
1.0794844122221,1.5384086770272,0.810362893166735
1.03345328277097,1.4643345562512,0.780184797520766
1.12380634000542,1.60203042169818,0.830526177332991
1.19307079052827,1.68842526317623,0.906902630902017
1.10825832103286,1.57873227387984,0.811591369938598
1.12877885602045,1.56632491987419,0.839609133299899
1.20884242532864,1.71523607374893,0.918861651056925
1.22638213126309,1.76087306867968,1.12329721638737
1.22565861753094,1.72931541910707,1.00556949342825
1.34714368214012,1.83303342100085,1.08984914240212
1.42964361805706,1.85047980324797,1.20397080781761
1.38470157922409,1.87215574965577,1.31011150739056
1.47560018409227,2.01662500686478,1.25621344835046
1.89287803453247,2.40956190672314,1.72780914155356
1.90488874987236,2.35401433585563,1.75049251770929
1.01083404719315,1.48025300393459,0.726841965221806
0.985954257449933,1.42121377180905,0.716596441562874
0.984686122100883,1.48721317937832,0.721606020613377
1.04303821955635,1.56487890345219,0.782503517690264
0.907655570135557,1.41226324228329,0.690081606445443
0.926752066637255,1.41796980103261,0.724091969261861
0.950928001342673,1.49900398737647,0.785512974044371
1.42580572154803,1.82715712075961,1.33416713194932
1.43014878671639,1.8739919482232,1.32040308664721
1.4069909684201,1.83559294045232,1.31130097807715
0.8280928596094,1.29030168129979,0.627269977662037
0.795982561526487,1.22500540754197,0.635966766773671
0.834858333863967,1.28475296601414,0.624024655866952
0.902908630721031,1.36261889392669,0.677532786414181
0.788987645142078,1.19574790787128,0.609708102301752
0.762677876182978,1.16218901444583,0.63441949153902
0.834918504307516,1.24209720369298,0.66968101219915
0.911246826900349,1.31845356356035,0.707272464664419
0.846831753369227,1.2141289512138,0.726072766502401
0.849061062995784,1.28289930339726,0.734034756389959
0.846152186014085,1.26903552067823,0.850159838570202
0.904829677021658,1.35748133889102,0.869541193670989
0.917243171317976,1.3469638439466,0.793072585733117
1.00654834214429,1.44539600244634,0.940438558309073
0.964043522750802,1.3579885195539,0.906893008879723
0.940573699774044,1.3869652053094,0.857397568799595
0.986417005576299,1.41986749447203,0.973773877010337
0.995046151890748,1.45323612411497,0.918403546052358
1.05899395789446,1.51056118491306,0.968005232578379
1.08914236838008,1.50145938187605,0.964388629672317
1.13823438726343,1.5931470075187,1.08850993841022
1.06082141179106,1.53408133614852,1.05720589609402
1.06292846463292,1.53566185535389,1.0920543524816
1.13266326332157,1.6211493320312,1.15486448146684
0.7729264454986,1.14105699844412,0.587704518336881
0.754160353492007,1.08510181477766,0.622861473919781
0.828478123423287,1.19824102429003,0.597653171323295
0.89041646801701,1.28198189980889,0.642907472922016
0.847904116294684,1.18139009485303,0.613435772015419
0.847840967060071,1.1478828868497,0.652120833455831
0.972994780196663,1.30919443251096,0.716045080846825
1.19365305069843,1.67995935538697,0.865177319403648
1.22043706606295,1.32763222288878,0.892255005627025
1.3517408216935,1.85402714313387,0.961146316328852
1.744382608595,2.37862075499661,1.29858632017198
1.78062776645565,2.32289261380225,1.26292727923922
1.87753556828716,2.38349319328582,1.41261513992104
2.23327005110359,2.88400322557407,1.55538147015665
0.816669745978319,1.14385566455737,0.580407947372596
0.814091070643042,1.09805115066359,0.611048569001281
0.839549283294831,1.19215222062905,0.580120229774081
0.886651376780036,1.26245770155811,0.625337915712534
0.842449854702839,1.18719104186738,0.584830030579472
0.900880567656777,1.22049171757835,0.638082742841528
0.930025231347136,1.29585154644733,0.679380414378308
1.42698892566657,1.68561888074221,1.25808164065224
1.38396901605257,1.68736973259076,1.26610753250921
1.43024132244952,1.68595692578914,1.25176239418809
0.749310012026229,1.08537961483478,0.537303947325275
0.771051350442543,1.07254247643244,0.565974468975567
0.692995136090383,1.04315497479168,0.527824374134973
0.730702047123295,1.09700235128108,0.568078231345854
0.627856484437195,0.950958032114168,0.523444469215278
0.663402494681605,0.980288617842122,0.571910650718149
0.641761747335327,0.983047038949341,0.591373725505148
1.22808641383062,1.45052253269735,1.20317502666058
1.23075579602264,1.43632210868735,1.20680364247753
1.227801720888,1.42911909361594,1.20985490975784
0.588487692808067,0.849960561377028,0.485710388660743
0.609181109576359,0.817798861919198,0.524117635108643
0.59397291001272,0.84625594207243,0.466809373909513
0.636030476276315,0.92000014389431,0.499069217235403
0.601839542040719,0.801139135750534,0.469436850392444
0.604434506426167,0.756757916074958,0.519154301104831
0.644849428329708,0.88212394915006,0.518691511311573
0.729617706114956,1.54659879681115,0.663330809248852
0.757351743639478,1.37991085025617,0.761777660322087
1.31852118049862,1.92003383498847,1.35998184945134
1.28094815435005,1.95820778061301,1.3509852400168
1.33503476085284,1.90615030959849,1.32723089612003
0.667706598396919,1.24677828368986,0.689306143334611
1.25354959865107,1.82377072609198,1.32291005847515
1.24064948057859,1.7799177278288,1.28691720264869
1.24943255221372,1.78933872916225,1.27518414431455
0.647557772339814,0.84984738582977,0.46933434693407
0.684065435513582,0.85827618442456,0.5200412294302
0.701299649259165,0.938935908956421,0.475039984452114
0.729054740718739,0.987611805277815,0.501370520525831
0.773096521927446,1.013967458951,0.501846144601924
0.818253570777987,1.04175401526628,0.551713171162082
0.887339115558489,1.18118214871446,0.582318230065748
1.17557091548758,1.33212876911533,1.0088914199201
1.27891079046973,1.54719258733166,1.04261613138924
1.49053371327472,1.59651262728344,1.19023885887288
2.13932502809314,2.14272692177958,1.88257066160545
2.01886914180482,1.94270789414454,1.76838846551345
1.64993031056215,1.99035945276983,1.37212219387388
2.13746898165427,2.51231193717368,1.89130193048227
2.11419792061178,2.49611514679997,1.94703619113442
0.756453241029545,0.967394845441572,0.490733542416897
0.816267782734874,0.997057546865076,0.543683011981632
0.712783806602813,0.937597009564835,0.484073683405908
0.718326747395164,0.972560521640123,0.507712669441454
0.702886137771788,0.910002926071311,0.505076070441689
0.774290204465661,0.990440620587577,0.553292324887229
0.727190989738027,0.96907228367318,0.579755291019254
1.27095950083522,1.41846957414221,1.21636014453402
1.30063803594253,1.44076487644138,1.21312175256076
1.25636616895851,1.45758631274093,1.18227767380538
0.659743670980159,0.799981845321234,0.493894212622589
0.707618171414528,0.820801296030615,0.54630130339899
0.615537043697581,0.728693943184053,0.482331127424745
0.624354750010421,0.750769277555058,0.497013988369995
0.613950214518423,0.674526397896711,0.498959925592286
0.635181694027526,0.686593780868019,0.544829716882511
0.606244396808779,0.676146112222532,0.529806337994995
0.707078183246005,0.779849029646156,0.594553193516299
0.742636807381237,0.787007551767699,0.657694294821518
1.30096703003469,1.34004723739111,1.24922874497638
1.32271336933507,1.36459042765803,1.26405957258697
1.32255981305788,1.31924975015805,1.2629026651328
0.728418109988306,0.818702670320031,0.655897164386547
1.31374764744955,1.3766472700212,1.27346297635965
1.29261956167144,1.37804718588885,1.24327073199842
1.31751368197396,1.34107686246354,1.26196156594506
0.678960226584569,0.718349770886257,0.504825283942437
0.734150041105381,0.750568009767449,0.552851220749881
0.717470492518027,0.784589168740602,0.503602595445144
0.717885611804649,0.80089355716372,0.516354967959407
0.809060887779516,0.884973192933793,0.538503353010962
0.847928878881833,0.906770331824325,0.590646819246427
0.885692657344905,1.0001714267369,0.599161244978315
1.05478330236644,1.16456243187854,0.742492509398524
0.931117619683963,1.07125612152438,0.716169914726582
1.02484929182574,1.11042109193896,0.71882063012208
1.59413788940762,1.90715334832037,1.37823087829747
2.30573761945851,2.51357743389413,2.12890986390535
1.81353528704349,2.1501175779883,1.56490146874785
2.54889559962941,2.8755019846684,2.32012342117541
1.64724587851025,1.68987455664209,1.3362583836664
1.94222034365116,1.97638531779499,1.62446480313508
1.73782390242884,1.14653077817788,1.47258218569093
2.45772379158889,1.56057380951585,2.21658591234725
1.98251397589566,1.39476122952842,1.69556077099054
2.78204533431121,1.81562166220257,2.49881104933868
0.851551886129815,0.93149607345923,0.542311478433688
0.917315013697275,1.00251809422707,0.591923178823672
0.841570782954483,0.944164463005415,0.535446173805482
0.828572810349698,0.944755389240434,0.547271989451988
0.889086155969479,1.00776955836656,0.572036526391739
0.96984661340629,1.11040912075252,0.627864237562949
0.919987929570657,1.08900794044763,0.638569500063748
1.39280445584836,1.54164645230788,1.24064095150975
1.38666618658587,1.50214012736419,1.24618564409393
1.40916947678502,1.53459919572778,1.20944529506358
0.861458294127846,0.92805575647449,0.556756328838827
0.935129548014077,0.999780534136799,0.610648067635686
0.78949587891452,0.813471010851678,0.535860464182915
0.769760691919,0.800172855328458,0.554676566282395
0.772350231239483,0.748507283621169,0.541633730768373
0.808499969926947,0.801148110309873,0.587694047304449
0.724584090941627,0.70212281718508,0.578590608890177
0.764866830137678,0.86331694378175,0.69093699653758
0.74192983008505,0.774569428006609,0.657641748629687
0.735184433552998,0.758158152919943,0.644478502023968
0.975415037168053,0.985488846273101,0.872919599677694
1.0755015226901,1.02722540577691,0.935532356757894
1.63093829567459,1.56251631636185,1.48885428360771
1.56755844912435,1.51725121589182,1.48524505146713
1.60607402824818,1.54108082795258,1.48151670484182
0.97305961951568,0.942773588410538,0.896832007274226
1.52433372008066,1.46812118663655,1.44817042479807
1.50001650731396,1.48040184558773,1.44270643957037
1.52618332646598,1.46389558721611,1.46074354937154
0.815872355166708,0.759421187558347,0.536296381792964
0.877056751290669,0.80816825605508,0.576694902604452
0.821461151886343,0.779155974471397,0.530323268576545
0.81132807455353,0.771057023209186,0.549300424639724
0.8832093067034,0.860008753014414,0.560344477065543
0.899808612469533,0.857994017009625,0.598213898668757
0.90607248209852,0.922217291488333,0.623470421862524
0.930219053537608,0.948493204309495,0.642336682050117
1.01862304144395,1.06512015058565,0.803049540090407
0.871043428684532,0.890278789616987,0.729486445165296
1.04315609823286,0.97617691766367,1.07242837082867
0.979573249414728,0.983804558146921,0.968556047109091
1.18101490320283,1.10677849628229,1.24454254459109
1.03293045206017,1.05526159140286,1.11793401194992
0.957230724419953,0.962210384993644,0.567910935508061
1.01943002639701,1.02840822951332,0.602928112869393
0.978048892733786,1.02064625143087,0.577470194942627
0.956039103612558,1.00041417421411,0.592795031955534
1.06762122680845,1.15268067080346,0.621238900860547
1.14206292518365,1.23992323032329,0.674950662780149
1.1303357213649,1.27604777330454,0.698616518353799
1.12301082746646,1.23165903252914,1.05356725629669
1.2435750013456,1.41273558862918,1.25045625394576
1.22721939710701,1.37357823813475,1.28063903502224
1.47795252847202,1.41019290775171,2.11465026767039
1.32738585501244,1.45189369706619,1.71427243778999
1.91510662186039,1.98383122603744,1.65501402325296
2.58655528844422,2.60274725980974,2.20288816918779
2.37070950942993,2.57580811810242,1.68440252123828
2.198258982921,1.85155646653127,2.62741341098123
2.26623763251242,1.78288664551783,3.03950625855936
3.05266696816969,2.53717258479736,3.45947449535824
3.72639343742758,3.3544120952806,3.5877605894069
3.77572977245906,3.63216877936259,3.08747244933724
4.43890334502932,3.91995865671063,4.42806039185797
3.69972684582712,2.89723035671357,4.55262201004932
3.74365821719115,2.91160101533498,4.76143622066008
4.37658182352314,3.47407923794996,5.27527296130021
1.07003038506269,1.14634379059681,0.617239623807402
1.15070009081082,1.2456150855926,0.682149829531036
1.01755377841569,1.07188875193094,0.596207467733216
0.988302605810069,1.03672048150111,0.611544942247487
1.03729542030454,1.08773800570335,0.62332765978425
1.10930572319277,1.19545546699626,0.689194267998369
1.00254153520904,1.06348978897125,0.669699902087204
0.986870913539461,1.14531253559873,0.841397163685383
1.06261916814901,1.22659730934684,0.829680190187959
1.06275661259851,1.24439291225824,0.780929711154641
1.43540473508789,1.51847636155207,1.40432037630029
1.66306458604481,1.93650073939644,1.40453627291862
1.04483188856521,1.05808474648844,0.610924767562738
1.1247372149871,1.14539684872289,0.694667998923023
1.0060655899092,0.984358399202623,0.575434265623495
0.987120381235277,0.962118647306324,0.587664961850452
1.03075365104149,0.985500334539798,0.5889128516964
1.08215857537216,1.03799300517928,0.647606458406577
1.01497118727395,0.913400773573328,0.600461295020434
1.06179758692757,0.959598614111845,0.64872713366257
1.05393785516438,0.928568030384939,0.688025807545954
1.49615273967798,1.39698461010744,1.27448829103712
1.49718294429042,1.41373403929887,1.27103884585338
1.49456984100308,1.40217179434872,1.25347979558159
0.983477242362426,0.889185256469344,0.600206364686433
1.43662062553873,1.37428718115752,1.20262382111021
1.42528131288758,1.3543152383635,1.21971896598394
1.42994453855141,1.3797058913494,1.19889395732192
1.06833473425857,1.07295209922807,0.599741359797962
1.14779975681346,1.17197694809363,0.710054654266321
1.08818726114731,1.11821752821004,0.599252106515615
1.11627251661653,1.12912021743731,0.663862757200084
1.14988819842712,1.23609289346498,0.635157453847115
1.20215623491008,1.30650829185658,0.695059074434052
1.28329774828596,1.35355668339846,0.741586866406167
1.06958999074896,1.204897609774,0.599749286559962
1.1332276550347,1.32281325211155,0.716149400594559
1.0089977864155,1.11333191996907,0.552432613495469
1.03093250709005,1.08852579777125,0.578319531320304
0.991427896623816,1.10787332602566,0.560985883032375
1.05367604262534,1.17084288830781,0.641414054166792
1.11181246562445,1.08201842988086,0.602633585711952
1.22256574560141,1.11731926387909,0.792221509971379
1.26326381479037,1.15574714809993,0.688819746589711
1.69627761248499,1.55129327391131,1.26597822791791
1.70728931911731,1.64352345891168,1.25545204587253
1.65426679945435,1.53023101510485,1.28454478897048
1.25886571039808,1.12225237059854,0.740207755934936
1.5749510052054,1.35175082725479,0.958681192595019
1.59007461743851,1.35842431688868,0.973031169022148
1.30438074877603,1.17463338808002,0.826972733291145
1.72840357231194,1.62809371988281,1.37221747179563
1.75129153076187,1.62201850266541,1.37976562602394
1.74169244942299,1.62607658612841,1.36181158601368
0.909713171283689,1.12539432215843,0.613350688592768
0.947058142720162,1.13132719339482,0.696504713544398
0.912249901843908,1.19827128284533,0.707791554054702
1.02352026837779,1.30279347100963,0.810287590242682
1.15921677904867,1.33185267111444,0.859189265431966
1.11221447522558,1.37801435282544,0.886623694493016
0.921858831921503,1.25130460334716,0.838586888203164
0.968387354969609,1.32155123118183,0.976212856158447
1.07696409474089,1.37620601577019,0.961503882234137
1.29522671026648,1.43646217615005,1.03068407842504
1.26424762386817,1.51755503641243,1.16892023840007
1.06845359942384,1.42681627334716,0.992860059561434
1.2930736859731,1.58098674819031,1.18846287964485
1.14497668428838,1.54947312977584,1.16127209636427
0.934111110438828,1.19229648550563,0.833430589453304
1.06486231919205,1.16237038173771,0.782703119099864
0.992072126123015,1.24173122442225,1.00567988167769
1.09123365076615,1.38682609940171,1.22750246063309
1.14878163022821,1.50263008841511,1.28059179255698
1.18156528074128,1.44318169468556,1.32412673284348
1.12211810991165,1.23010435150677,1.06722651424683
1.31433883193184,1.26454412100802,1.10277340360583
1.33548612335793,1.35333006418365,1.35661621038211
1.51702666967744,1.45162270592606,1.52636201953882
1.57734292399322,1.49417870313219,1.49902295426637
1.29277925249212,1.48849626891207,1.42556319949942
1.4085341790191,1.70707723504144,1.52462787099607
1.5446349486112,1.69203178919801,1.67879576751986
1.02527534444495,1.17724945476818,0.941743977249593
1.19127891148216,1.22485590152867,1.06496291870844
0.939224241659671,1.21426479366486,0.842117929168013
0.973888877512407,1.34645191279871,0.932091249835089
1.00662523541677,1.18807852591068,0.766004706892389
1.17547529678039,1.21987716716713,0.778770380357052
1.3037616748665,1.25465348405503,0.853808606801395
1.74540141215914,1.53872404209366,0.968834995584836
1.75114298176999,1.37019104241596,1.06159865669873
2.05328732708517,2.17495858386676,1.38982135339617
1.47285402061927,1.39540388411004,0.99250327224375
2.53267374098274,2.36294842867814,1.68601523961993
3.26413331674549,3.06808343548414,2.17429899840898
2.46340488686926,2.0009935548394,1.46336102350352
2.99166596109525,2.36001626042104,1.66310976461957
2.06182191793654,1.64616711416886,1.15292815684478
2.64210833855779,2.14240671771266,1.31341789826412
0.87084304265733,1.21347421249772,0.730379901473459
0.962951395942388,1.35336721706647,0.804046308529823
0.792143413079996,1.19828875365415,0.710703531862314
0.844365312758028,1.19650878464825,0.753521615881231
0.776588547353819,1.27912258393817,0.723500803266864
0.845740095652296,1.39266716381961,0.749236113254095
0.797975054794466,1.37000313212574,0.736130219538873
0.816745573528494,1.73252955333824,0.875438232665586
0.867479166033448,1.57472919557798,0.895833466694485
0.871864899154232,1.47777315623768,0.704366357847852
0.898127231110221,1.87319660324961,0.883613706709441
0.964147048789093,2.33253212832824,0.896811731274802
1.42527297303864,2.77568962893975,1.45314217018727
1.43268039551293,2.78947359720173,1.40715746408191
1.47207079457163,2.8036029521499,1.42878094122928
1.00447481027225,1.2931494697913,0.902898694937661
1.48777183141297,1.69768791363128,1.46230798911101
1.45452011501806,1.7514308262042,1.43009187178727
1.49507086703133,1.69698220200801,1.43270233873803
0.786248022782627,1.26503756896618,0.789412311463268
0.815258644621307,1.59081622568661,0.827273024183914
0.954687175724166,1.57806937621239,0.90070008878986
1.15324381718672,2.06934391527117,0.982928802240871
1.03133006875395,1.65284372751085,0.994285000137031
1.11034009390078,1.56189338746549,1.0439391838037
1.32298731333463,2.26142304171813,1.17080936876687
2.00372688239621,2.42541257275671,1.41500000085476
1.84178226993344,2.51036964594505,1.22384567301525
1.4774059478418,2.64424109711188,1.39022565920473
1.82036777020037,2.92021290084364,1.78124308609039
2.09669823050535,3.0266910755491,1.88201264333346
1.92777240592646,2.73552435637558,1.66209342270976
2.31396361730737,2.95438517584489,2.15764596261623
2.29055878042322,3.38646646669618,2.07778448115348
2.53118764615856,2.39489699606064,1.9574708863598
2.88955587290065,2.48956012302354,2.23242930476848
3.18056433262485,2.75483986245596,2.46009259509079
3.3494582859536,3.34837563886487,2.97361136616743
3.09009162616145,3.56773770984082,3.0239016353665
4.01023220771952,3.85934616404092,3.51488421896671
4.09431292449562,3.14313834434709,2.93171657171876
4.34262815730589,3.23280038127824,3.0813933750032
4.6716000724797,3.65280692474003,3.3641983360365
0.993019791516883,1.54858185366925,0.97671456044203
1.11268344106588,1.4463508700503,1.04999168423614
1.08033448351274,1.80070986397593,0.982597118532556
1.16542556846783,1.97938362592762,1.006654844905
1.31020080759967,2.02331929614257,1.07162220361314
1.44083474896239,2.091729267708,1.17398183137472
1.67541118263231,2.56198994729103,1.23518099063923
1.68596585619734,2.65956909473427,1.30542484773465
1.94693941970863,2.82682545753282,1.4672207430707
1.9576610171668,2.89236977619711,1.51062002210369
2.41873190202009,3.2675680226329,1.99558930267155
2.34242916191917,3.25192959366665,2.03411493153097
1.28867712728241,1.86956499024975,1.05004442486653
1.53889988463639,2.10544032689883,1.23309669158157
1.14335988370838,1.61607835915307,0.943285696598629
1.05654030137159,1.52520693891395,0.912146540878398
1.30587355342343,1.64732522070735,1.02511757037964
1.52676858674669,1.96344990252474,1.15847563257567
1.45658061392134,1.64731950161472,1.05714060126237
1.99929092156951,1.90104501663093,1.25151452015249
2.29690639901951,2.35137351925198,1.5358830723526
2.79201868256444,2.8255830676827,1.98033227239399
2.77397062750213,2.82108590405576,2.01430141983112
2.78239125309155,2.79241366410964,1.94845791836311
1.41154989335547,1.977402823863,0.958428685661578
1.89732458775102,2.42771776836325,1.45765956998929
1.85084607979817,2.40482895374298,1.42267908190061
1.87943621303362,2.38708572580417,1.45104805383504
1.32581721959621,1.54264650787632,1.09737839284541
1.57099232420021,1.76034825582002,1.27709403201655
1.23180198214818,1.36735370765581,1.08796298929228
1.16894068606749,1.3351494308176,1.05337243471279
1.40944485156207,1.42211247428759,1.26166387210128
1.55119228481236,1.48747144679547,1.40137237084413
1.62436218444773,1.6040163042553,1.44022732745768
1.3012282184661,1.33760557861086,1.15986772622544
1.39606848723101,1.42039560135148,1.27668728206471
1.16619032941337,1.25230824480954,1.03076872279206
1.16174751274185,1.28665343846486,1.05935697212644
1.08540339663584,1.19445908866721,0.949467588673365
1.09113316138474,1.17046045348638,0.936074111400488
1.03680721772857,1.15176089116045,0.928420394524788
1.10304523804285,1.33545195644065,1.32783783779682
1.06300848094917,1.26485373095872,1.20861079942936
1.50893348963252,1.69497516474423,1.71293306370988
1.50207817733746,1.67967709683425,1.71293499889744
1.50254380531796,1.70586132746177,1.76080601020717
1.06946226879003,1.26901536086085,1.35514191126979
1.52277834813855,1.67587440269823,1.87513414671246
1.51970498348874,1.73640887434207,1.82203645585365
1.49046587874765,1.69408271634165,1.88754967845653
1.13629075475601,1.31213821727424,1.02391117865279
1.28803465164191,1.46325899886781,1.19842289620685
1.0983793656202,1.32703715978039,0.993945743853556
1.08192831793075,1.29020631252928,0.982367030820325
1.16965542633275,1.4494484620435,1.06695237365683
1.26193043382235,1.56933065967359,1.15810946201126
1.24508268147498,1.53907050120555,1.13657329205082
1.32157223520573,1.56737722088973,1.12700537348003
1.4313607128756,1.70212435783999,1.23814330382568
1.40861799883455,1.60407175452141,1.23134171048089
1.8121974267698,1.82019090776792,1.46984426334906
1.95505420624563,1.84032779230286,1.48103096588307
1.73360086902851,1.98887775470468,1.75593412366864
2.1344872651036,2.2697039854663,2.0665621020882
2.15940352545654,2.19737024381979,1.95897395337987
2.20761192945264,2.44090121804621,2.48563353593747
2.44274992479487,2.49642150487181,2.70254812565385
2.9708064977963,3.17582677408277,3.26824484578786
3.44465889821138,3.58808001134417,3.55309458824013
3.34732630887794,3.4101004927771,3.26188050121872
4.16536436356827,4.24109358699389,4.26738641468778
3.71843737096219,3.7901946865962,4.08630119398626
3.83785508522811,3.74779333888412,4.17508543226355
4.36533160443653,4.40466755731869,4.71737107057856
1.12556917174989,1.3940264144424,1.04367068503095
1.06827787474336,1.29391511789644,0.989636329001807
1.2207513249272,1.50877681960928,1.15169573389565
1.32624906203792,1.64300939165145,1.24925964006433
1.2443987963316,1.48864718137063,1.18654546819536
1.24224187049624,1.44755253790475,1.18444923898911
1.45211460500944,1.72220839804417,1.39409817143431
1.99080963034578,2.12380008613264,1.61169812507445
1.93455813595734,2.02110306372874,1.77810330825591
1.32368387591101,1.98596721588555,1.7672122871278
1.82292295874383,2.46150606528256,2.25175595524184
1.86442037449955,2.47531103618714,2.24051441629609
1.5410458875068,2.22632409753906,2.17148498118055
2.01547451414198,2.59668205657937,2.60353761015721
2.05796845174011,2.66592440519402,2.52035636536088
1.88562284657396,2.57868243767097,2.72432765564686
2.42054427199226,2.99860918791647,3.1697954572048
2.32967381514053,2.90942824537454,3.13177450452476
2.21839051091218,2.99349853410745,3.15907631255251
2.6029479427602,3.29141142482639,3.47297723687685
2.57462582316534,3.3034347698369,3.47582305704546
2.54024004504439,3.32316672023296,3.49018143753912
1.18783776298296,1.40225640384196,1.12622127117501
1.19098405115855,1.33423464944924,1.12430429275997
1.20624825808382,1.47770327976923,1.15208181503487
1.26818619153752,1.586715541604,1.22589484688867
1.22798239201525,1.49617758333669,1.17206346964264
1.33350116951557,1.55233806630532,1.27024826978955
1.41142532922406,1.75610871342375,1.36435649726297
1.55173289982533,1.88703026813721,1.5738939073088
1.72338300662161,1.88778746182045,1.66831051271232
1.98087559747795,2.22341916540389,1.86422293436513
2.49904994442243,2.57916380065031,2.36897539689241
2.35981895332622,2.47915790540944,2.22507367697842
2.41285925696415,2.78038162730847,2.30302272264819
2.8973377409738,3.25618782917086,2.79383403629022
2.90624189848056,3.31803032681276,2.80185856859847
1.10499622385434,1.34518125580235,1.0398776147888
1.18176394090397,1.39725393113011,1.1120839231578
1.0045135978358,1.23603840329411,0.932170140027883
1.03366557381405,1.27409078401235,0.9686495093381
0.943871487401521,1.13455868544937,0.855415814136684
1.03428452204283,1.21891241405831,0.923558580552468
0.98143381267059,1.14863546279548,0.861690032547795
0.994338161816477,1.14597239522649,0.875282178264513
1.00830995773374,1.11886326958641,0.891800704665024
1.13604390967825,1.343532185065,0.964994773543621
1.32828830261194,1.94640135202896,1.23156052819739
1.61977822779757,1.60744821406839,1.37963614176312
0.848219121238188,0.999198692490494,0.788916629097494
0.869334199168933,0.982871765326504,0.806567679931836
0.81009261253345,0.965486430135369,0.77405490395426
0.86073616910474,1.04132839750069,0.831172857564743
0.761566710955604,0.881710582913968,0.735574079953518
0.759154987436639,0.856817226813425,0.721152835776826
0.775978212017618,0.913559647776865,0.765049441047033
0.842041300468123,0.9976600647247,0.842294961770106
0.794992171664375,0.896583698567126,0.785852028191464
1.24592846721848,1.39758062945948,1.28500765731385
1.32743092985138,1.28103703262262,1.26321767104645
1.3448518262399,1.38320119055806,1.31019738160862
0.840676048546965,0.996250298856799,0.80904483032185
1.06962685783093,1.14445841330888,0.923371831706914
1.0518465110968,1.14657597318628,0.935263602011265
0.97932041226961,1.14322345818664,0.907632979515231
1.47266475839132,1.61027787167645,1.43467322630843
1.4922940443431,1.59283873641971,1.40016668596757
1.51683915049648,1.60207582256721,1.41447386681221
0.769121272208499,0.866652323026493,0.7409999491764
0.760378032028501,0.841205085872284,0.723296881396783
0.830892248591512,0.92729594213658,0.80031283027467
0.897767228955156,1.025075376286,0.88466490923404
0.983007446189008,1.12534113430767,0.967138289726961
0.953517133905855,1.08024376480874,0.953121365955132
0.876181901619489,0.952490322189036,0.824118420237405
0.876197041392297,0.936140452893106,0.839132049474695
0.998038484031088,1.07338054368779,0.942407821135946
1.15531351961525,1.23536810924644,1.06935071204552
1.15282345992182,1.187511421728,1.09409222848598
1.04261218374784,1.15887502345067,1.04033489980218
1.30101764705245,1.43340258328174,1.31489313496573
1.2550966715019,1.36706059010351,1.27966786279532
0.883980799791593,0.965490553872219,0.799995630638995
0.907279140381325,0.984509542263749,0.817440711897722
0.910831531490776,1.00722078406973,0.812618252975361
0.942807826347781,1.0447448021986,0.85727859595423
0.94839521312629,1.04619903254365,0.827148758887481
1.01424417298965,1.10800843777587,0.877589112174944
1.04240202546652,1.14451523694997,0.910812038019827
1.46749212261275,1.61387867383107,1.43075702195484
1.49912960863247,1.50611870619149,1.38389360040011
1.50668871146496,1.58411041110684,1.37676251300157
0.879912871667302,0.970920621384826,0.761906793691291
0.915153625560918,1.0150249505903,0.787433261090135
0.813696892861598,0.893395167176049,0.716902306511662
0.827019407971871,0.903736462002159,0.745550266250048
0.759607833753166,0.831612223126,0.668719399808851
0.817293636090349,0.873991801226731,0.705003114879535
0.743696980460999,0.801247864421655,0.658388576905545
0.790437493029293,0.825132133561329,0.714499389230563
0.810476488165405,0.805424000549111,0.687273907494909
0.840213780387605,0.86133382883754,0.721301405101417
1.04396504003618,0.953914204104231,0.858486298876651
1.00143212295666,0.902136039111759,0.793603246533625
1.50519353629893,1.41142237006603,1.33186353397485
1.47384032988878,1.40148918873989,1.31807071648627
1.52178882724006,1.36567924309727,1.34922228637179
1.03561443112167,0.935784008681996,0.865517607555367
1.52196350201752,1.41453760171855,1.44752619077614
1.52992119874156,1.38776590364973,1.35214670429789
1.54923192286265,1.46242719400072,1.37821127906846
0.712228710479238,0.803351847944858,0.644627548103403
0.724628234655923,0.829504896403824,0.661416513148209
0.701515776762571,0.796301206462273,0.646479351663685
0.730778281685118,0.816511059116845,0.679209218387585
0.691805227457553,0.798218383028754,0.646493783619712
0.681792363955584,0.797522526018615,0.648138597331481
0.724240978110586,0.815297903674757,0.695108096271032
1.29127160252238,1.34253467345689,1.16881306220331
1.23607312715622,1.3621658426414,1.15599185242453
1.25595308369694,1.26936771929459,1.1388987666316
0.731698280812634,0.860739987746371,0.672302620222674
0.748757527598608,0.903842688837927,0.696715059386209
0.789306913043142,0.917609553434737,0.710189769864111
0.819647053436965,0.930854843651367,0.734848446201373
0.859503975083668,1.01617330881948,0.766002629762798
0.885137839150092,1.04990003590459,0.80383867413142
0.969823140373943,1.1120656574957,0.853531840458167
1.3428296651659,1.44504146056048,1.25297564525788
1.33668128940065,1.35856944338123,1.24188785160457
1.49261824682779,1.65112794068888,1.39390455762594
1.84843765188117,1.91062310671112,1.74377677768317
2.27489601031458,2.40795101266689,2.20938579326524
1.94206819238135,2.12421123154307,1.85919491385524
2.31847389487873,2.43037461843843,2.22966574474368
2.79310483343291,2.98557146406676,2.75369099057432
3.3076489488508,3.30567466054662,3.08181699564623
3.28097051465627,3.56065599916708,3.3680763581791
0.86797705652566,1.04210506312538,0.766564301792169
0.924326158619416,1.1341192077713,0.825171974704463
0.853387399084291,1.00456330668555,0.747758744933992
0.854951467445461,0.987528570144429,0.751022148665897
0.879603814920591,1.03677803416961,0.768252187093271
0.955660814114993,1.13709964891918,0.837139148191995
0.919545471616833,1.04598968087736,0.801439157822761
1.37558291500391,1.47998205753954,1.31318214014538
1.41891206413567,1.47330102959022,1.30479376383768
1.39164162040635,1.49602589530433,1.34074613638054
0.836703769621073,1.00340518233575,0.748685931936494
0.913710670841339,1.11222582136495,0.834311765555547
0.757093549387553,0.911585813735709,0.686338344914029
0.750654815317962,0.883391279054155,0.678603522554251
0.733093965531185,0.920724383573852,0.688648620902219
0.778777993625146,0.983207009931892,0.734241200149284
0.695648033695146,0.882604662290485,0.676868220381533
1.27901741514949,1.34542208133807,1.23988794339933
1.24834325590832,1.37441055414707,1.25066997449412
1.20902712646244,1.36718742115432,1.23718919336869
0.766897981485265,0.992680236473034,0.739687958871121
0.821921350312011,1.07255723516977,0.803422788880595
0.789534402355823,1.03079291712357,0.767356208871045
0.795916747050435,1.03113416901306,0.773208041018713
0.848320574178488,1.14270956534818,0.851051240423696
0.870624023907941,1.30632136652477,0.938941448936018
0.910948541842268,1.21055495920575,0.884226237265313
1.06026801725273,1.45218647884327,1.1651539759707
1.0662610047192,1.56641414439683,1.14499683696854
1.01223533972364,1.47659383092677,0.997466512258333
1.28374851963651,2.06758017803076,1.48536941084008
1.26740033744174,1.67539033551198,1.30339216487168
1.75517623022793,2.10572468155451,1.78247694357514
1.72305624341871,2.12362459542078,1.79554390439383
1.72906391581704,2.12387984887289,1.81908695876681
1.30676667678146,2.24617084309656,1.49491866998771
1.80701816121464,2.70316081817665,1.9595569102885
1.72519868196183,2.71176097755275,2.00359531225687
1.7807677449656,2.74999505926224,2.00116829730514
0.93761492417334,1.20554417778414,0.951572084948624
1.02588790207138,1.40407988587207,1.11739416850578
0.993787597826395,1.20668766036103,0.975967119844695
1.00199068119132,1.18191647788821,0.955743082548629
1.12478446337245,1.42130520220408,1.16286722570563
1.23428264852327,1.57745098235249,1.33440266506281
1.29824031046283,1.75449923699727,1.39584255016668
1.41902218431335,2.10345925241265,1.55437510032096
1.68732812574177,2.30339154081856,1.81984842464211
1.67521688094975,1.96550725976865,1.80977502637684
2.15829648874134,2.37023074921445,2.39764364718375
2.28359491340234,2.5476464955416,2.2605212180986
1.09803258290072,1.40632327427121,1.10497818485507
1.24192989016437,1.60975263158644,1.25610798838476
1.03350762292833,1.31140373270961,1.01956137578252
1.05509196987873,1.29159667579937,1.06593004872653
1.03861618904351,1.39787073175858,0.993710785362554
1.10461172166495,1.5518249434174,1.03822478581263
1.07124479859561,1.47633741711896,1.04190342276858
1.11684626024737,1.53828255190674,1.07369885308561
1.21191205255707,1.56764091271189,1.2486515855904
1.19324808062772,1.6936810803193,1.19285396958395
1.69960898433307,2.06114489124432,1.69037977284999
1.68163891394367,2.19123811313173,1.71968327992152
1.03449784796713,1.40056077128776,1.00775352029352
1.03000346934721,1.40319751932336,1.0963553793727
1.10705332682225,1.58504847934577,1.0525309347186
1.1691577228308,1.71943208681708,1.1057263175144
1.1599153384806,1.73836696496812,1.1468983936939
1.22468493277006,1.71984176023409,1.21184817011087
1.33973381212129,2.10092033223268,1.36017849088215
1.84090012492155,2.78942492935263,1.85662066516938
1.9866918707733,2.59953400612394,2.00996899317056
2.48876230744877,3.02668893646977,2.54186091052143
2.46799655519082,2.97833334081226,2.47011768172156
2.50292811282898,3.02371552849295,2.47955010284154
1.83534590861189,2.14897122835079,1.8126897206773
2.30499723388819,2.51145982112211,2.2934622477831
2.35759877748618,2.48676120406165,2.31155284526475
2.33566888452427,2.53743258776159,2.30521476362151
1.072574513622,1.742443642647,1.09092667139355
1.10895072433867,1.79178094556113,1.09153222252399
1.03305036978977,1.77154599521416,1.1349001223887
1.0855674457417,1.81431839816635,1.23146423463531
1.00585512963825,1.82848617638103,1.12811381668407
1.09807521356516,1.8579703754803,1.15110983654056
1.10798170960518,2.00477752895888,1.33133988909497
1.32577539520987,2.11976905432595,1.41706456103089
1.29868992747166,2.16392288922191,1.42949921010119
1.48368878371636,2.29195061344968,1.85910433198605
1.98093843671837,2.47600884474941,2.11514268150133
0.89987580351938,1.80229425797879,1.04325286465908
0.917832362282477,1.94722662511427,1.01448543387642
0.85387306060249,1.73875425554819,1.11689410695174
0.904692854194889,1.75644427310194,1.23087794727033
0.809134101204035,1.78013715625808,1.16716719921376
0.815557657182126,1.83237076606541,1.1917048653578
0.800592949942682,1.91226612742236,1.39386588926779
0.859138689343194,2.21823399092456,1.80632469919196
0.865669401942758,2.27540955539454,1.97270394457114
0.870773877936645,2.24474792661415,1.90163937267273
0.851976083966026,2.24291324047537,1.06356607525831
1.36216487406438,2.59993720714382,1.49730568142027
1.35446496398163,2.65406388544631,1.48338833058589
1.37313055986454,2.62313030449681,1.49892464917396
0.858832906296859,1.76866538113349,1.12825777778365
0.894314436009709,1.81097673950639,1.21781918411372
0.927006295470044,1.77787609826396,1.08794943995035
0.958042669270493,1.8091725102411,1.08711132277625
1.0345658585458,1.83024576875514,1.16402632221411
1.08298267759343,2.01504277733435,1.32650328435941
1.11750072551617,1.91194347125863,1.22532447964309
1.06493755242886,1.64865753610254,1.07460804510495
1.18775377719079,1.8121064145577,1.23113145189833
1.04354893476676,1.42882002200446,0.930697678539218
1.04528831589892,1.42079417913545,0.924924646586378
1.12393617680977,1.37161375471531,0.919800790347166
1.24802819630784,1.52559663804226,1.07282400345733
1.20946048487813,1.36989531571761,0.962658618079584
1.03452765529583,1.29705258075976,0.791801528722734
1.11224537286388,1.3907542559914,0.855840167359814
0.962722121384598,1.26857816375003,0.706822083680206
1.02177253236459,1.31388340850626,0.759966002799032
0.907972278401944,1.3339523087529,0.644373910891189
0.940630621787684,1.3759264283368,0.659775163565992
0.895829981069272,1.42756637530834,0.656206569713188
0.956361114689468,1.43327186249607,0.731277079327963
0.954935883601906,1.52036889394171,0.792477088805515
0.871682288534517,1.61829330822323,0.708518196845113
0.928319312458847,1.8527156904475,1.53159376132015
0.920819215543048,1.83066978187517,1.12591927485041
0.977044121090025,1.95436445657643,1.89128784698269
0.959868404054473,2.04445160436275,1.10966565696947
0.918030091485009,1.41071418588427,0.694260449290819
0.972214753518383,1.48679846183104,0.792572196565336
0.941789562972326,1.45894639182976,0.724899751611037
1.00175162419387,1.45727503499336,0.74970238702002
1.08263138207463,1.44174798483282,0.827298027115613
1.09060387989325,1.48322768271324,0.828788889867286
1.00376958998463,1.59614549868398,0.848067558865975
1.08181400660016,1.69565997605483,0.945871478951669
1.1102566451884,1.6874716696261,0.994246556612883
1.34642484841079,1.8342039530859,1.27552357700729
1.36128394232953,1.89358639125091,1.27109989357642
1.12571532833048,1.6253261714661,0.91343745085149
1.44926143777881,1.73087570385223,1.19764544216545
1.36968661438205,1.86182204143399,1.15698829489475
0.991656362444917,1.61909218818319,0.84877221931856
1.18954435892251,1.87653585865149,0.968085144195031
0.946742619300785,1.47494361764074,0.963871553569937
1.03717786424924,1.44839785124638,1.14304213552262
0.976949309986983,1.5108488193225,1.01919077974986
1.03775396069686,1.53202614397334,1.12217274952307
1.08725196375196,1.58762823669675,1.08792979958101
1.64543317106326,1.98770098159613,1.53835913838737
1.66759064220075,2.23286097732784,1.50846259030849
0.870148242261792,1.24133402950902,1.00836992268442
1.40649107200125,1.78949213054825,1.41389589841983
1.36023759566268,1.4766765729226,1.41117544248597
0.804245971429521,1.18937763027094,0.956638375185116
0.832107699813089,1.19565163722256,0.980045759579585
0.800841698192845,1.20256846977334,0.922845003282623
0.87910554621504,1.29878416413718,1.06159046552551
0.993096996502484,1.42082169609185,1.16376413043735
0.916919223112961,1.34913284218226,1.11754250566155
0.922869574785248,1.32015012966047,1.10667006804747
0.867190785332135,1.22102351268347,1.00365577999696
1.06837087744265,1.45951638046707,1.25045615869226
1.10568114542368,1.5682924722093,1.30163763545691
1.23323346417298,1.69950947495852,1.40230925003781
1.26678896108945,1.70893207592052,1.44204952781856
0.929734152502481,1.53705085098672,0.992961262394589
0.917572140794437,1.63340076397709,1.04581855271657
0.974197110908209,1.53450979828153,0.999471718278991
1.05110334813789,1.55621455318145,1.04912088539593
0.975281106167276,1.56769079550841,1.03785255428235
0.994214101944159,1.64524467379859,1.10677195191909
1.13585127120225,1.68480609107815,1.18791620782588
1.39108776792635,1.84834821772045,1.36713492679117
1.2782657435851,1.84229983820483,1.45385444515706
1.51610926725078,1.97346928781134,1.5400305108802
1.8499434978139,2.32364555825549,1.98619066329996
1.91039921694141,2.26331734124309,1.93831988892895
1.77515172311781,2.24370203046363,1.79554833304707
2.23660446205724,2.65354685641325,2.26711712339544
2.24677127052474,2.69581694489234,2.31090697013166
0.914887060045297,1.49043054602596,0.982061944688535
1.02432155157492,1.54713599299742,1.01411956580794
0.89610581082364,1.51587530070239,1.12882534027283
0.994750243566877,1.64937399764536,1.36880077502293
0.876177473159134,1.49754773712393,1.10036901899036
0.899498400372017,1.48770811855433,1.0837767652135
0.969397784566305,1.755922117694,1.29634369531601
1.45721546372645,2.10222820356648,1.7125716343826
1.44760735061896,2.09325479294732,1.72457521094961
1.43755464214516,2.13523311518209,1.69312244485191
0.904710727540047,1.39599215439084,1.05571752350301
1.08026617434501,1.52179869250752,1.19059885761981
0.907892168132488,1.29794042977242,0.999046270751242
0.997340450970903,1.35161016122057,1.06232095013292
0.945973808915902,1.24302732228988,0.978302603109751
1.02334355451449,1.33276034480012,1.04504642324293
1.08190756234023,1.31703969647135,1.06824346610894
1.55589834875073,1.6565163339411,1.50062375538272
1.6973577664788,1.90787019158082,1.57554823410519
2.20527681676584,2.40061149171538,2.01444222999093
1.44638133475488,1.55542234155916,1.33197693846592
1.97145974579716,2.03655875743158,1.81577706163764
1.93395336374972,2.03367993723263,1.84804433077355
1.97528334134677,1.99964057479229,1.83732852491269
0.862453800884125,1.10897569037468,0.891707811487099
0.829705323224593,1.07862610063422,0.891852451157083
0.890263564039934,1.09051130769667,0.877331041227527
0.966789999691852,1.17296149505319,0.93498549620052
0.850727417917504,1.01089317024289,0.83480418049124
0.849803519341369,1.0144480507382,0.844814956841989
0.924671432050124,1.08240491207189,0.883670532725397
1.01145035605663,1.22085423829362,0.961842806493326
1.05635025330307,1.18170066356166,0.96694292372447
1.01008439572953,1.18129533730249,0.936339699655637
1.44397125257464,1.50304114837289,1.19511137987052
1.17369069451637,1.35821866363787,1.09055091216856
1.70198080571988,1.82782589666479,1.5514501231465
1.6894396804739,1.79116273437563,1.60323538166985
1.66187612645499,1.78385147565196,1.59004933349399
1.49368881841198,1.48962737332271,1.20826266871064
1.98088609263791,1.94122616271769,1.70722796555282
1.97579643427319,1.94958410386245,1.67082228991577
1.97008228174917,1.89191408580125,1.68000837521485
0.808822005010799,0.930170793365161,0.801970053197429
0.780666113525372,0.885859525556902,0.787992257635013
0.848173166683381,0.960144631488654,0.832553971225968
0.91275593106974,1.03704630857212,0.884207064077056
0.85174258714139,0.943007664122645,0.841776204173375
0.871802309062166,0.946423944392297,0.864048953630804
0.975725519076238,1.05826093160276,0.967548467778953
1.19359101186282,1.20137082912475,1.18222072698198
1.26173541284716,1.18906632178885,1.17760314968233
1.24074199387841,1.33394848690213,1.27387341811054
1.65696258727202,1.64015715306452,1.64595240800888
1.57653730739211,1.61102211483423,1.60553131689894
1.51928738657433,1.60229957060288,1.57799123098867
2.05380998198378,2.08574427228739,2.09218362739025
2.02602783937389,2.10728900599954,2.10280158699128
0.796138270485809,0.906048182952513,0.800438711385804
0.800242468549119,0.89304930086133,0.801731044359364
0.785616588341899,0.938199201466231,0.805978855748537
0.833067993045775,0.997438612293561,0.852094118696197
0.751716850681546,0.941070781490597,0.799476112867376
0.796629609656118,0.971503987421613,0.835941177731733
0.802380833337245,1.04363871297508,0.870463423774016
0.834885735882508,1.0895590060123,0.92855744035641
0.819237379880928,1.09422784401334,0.923672484859809
0.921651401027224,1.15340146902623,0.961985215207539
1.47742276296462,1.63019060796095,1.41702024598245
1.37866057707742,1.58455387052678,1.47498453223089
0.681141388165358,0.873823788087397,0.75168044717197
0.68736485868286,0.887286539754415,0.775766492156729
0.662241506943634,0.853151163250058,0.725857010584556
0.706196355905045,0.904885188002865,0.760939015112778
0.621269622829351,0.814542618674914,0.693415245434467
0.626868992062481,0.843329014874272,0.708077024691336
0.649390811727277,0.856696182329183,0.720171421199324
0.70663074407228,0.89483254587908,0.761770152524102
0.682436333738002,0.859608571530249,0.745087882324059
1.23669297489444,1.32593188583736,1.29126871738411
1.27014910903549,1.34837586771142,1.30192655520557
1.23749037175791,1.38558999065599,1.26946086212387
0.734915907901645,0.982382721470421,0.801294844886095
1.27459725864915,1.50966611963266,1.48209442750011
1.11033276575535,1.35549760534083,1.17738247164669
1.20948249105477,1.58954366201072,1.37042021970739
1.78317288672423,2.13617095510754,1.96411135981381
1.76823599894966,2.11585032844488,1.93655267025266
1.76522206163938,2.12184779558731,1.93288204040188
0.614147209096556,0.768052803150188,0.675079844094475
0.611259989044248,0.769874221523248,0.673965036207872
0.645654565526864,0.769806396605501,0.693508979402995
0.68611707951957,0.807231531987007,0.728088458670558
0.662844817217262,0.765438775271801,0.698034596083322
0.671484962512435,0.771282556949007,0.700821533055274
0.723269203063307,0.808777207343431,0.736494506064199
0.773428721708042,0.882564518049436,0.779504826542009
0.801422456613513,0.885453104190168,0.798596066085516
1.30236262141299,1.38755942664204,1.31629911205808
1.33772569466271,1.37461980988607,1.31867558429159
1.35463422143454,1.39589047296265,1.33776274719943
0.766808960722652,0.840058729151097,0.753233970413872
1.30698690861136,1.33051808236093,1.27515280889189
1.30058403515633,1.34422349221497,1.31282807878717
1.30406105084536,1.38265234885741,1.29071806931144
0.665600607741285,0.776804941562525,0.704872302746677
0.681377903117926,0.791219313990522,0.71870900593046
0.6892580622962,0.806397029997629,0.728928602995733
0.71936842889644,0.832676741524083,0.756266168518846
0.718681167369707,0.846001668045614,0.755170906823296
0.762548168709834,0.87531676624212,0.790808095022413
0.797423501192762,0.927196463516777,0.830871016685416
1.17790644286083,1.2550950779356,1.11452824537881
1.14924854476886,1.28437141236171,1.17254716813844
1.41216253844326,1.43548152164123,1.33116437750601
2.03970880230899,1.98069505495565,1.85839394595357
1.93321887589637,1.93422887930136,1.78822990908136
1.52904407746076,1.50464229583034,1.40053287888007
2.03384622114382,1.92700873333034,1.83518174074268
1.96104514462976,1.94556920006109,1.86783839063727
0.681449679559537,0.840281924566901,0.72614200042522
0.722216003757274,0.89050063662416,0.762452300707532
0.640754880841185,0.815723348011608,0.697054390598531
0.655006262551924,0.824703954365172,0.711757217801477
0.626062567378708,0.827577853231604,0.682602295433496
0.672455969414668,0.908022372418685,0.735418023359882
0.61682162926102,0.862091851695881,0.709793688898172
0.711445589693338,1.12692611207547,1.10311054969787
0.742017703121539,1.35920576173462,1.17318194976347
0.688350702896079,1.13092323388665,0.861231638508587
0.910655248298555,1.79679274836903,1.6022525789244
0.810321293452251,1.29406206495365,1.28877648717106
1.34828904782869,1.8178020648936,1.84634590476732
1.37352989621903,1.78746654354065,1.82245141782112
1.370588643198,1.7799964173364,1.8471520670225
0.948084369292918,1.89977620479877,1.48965381776996
1.46687716446423,2.39961397064433,2.01988502134699
1.48548615058056,2.35704337400765,2.02809780930185
1.49097392321192,2.42790303266768,2.02208836505196
0.611811067603719,0.791433286537212,0.651962540122256
0.656262880236912,0.850436917786195,0.684503397357972
0.59488164216678,0.745261361338735,0.627434959434168
0.615070091473392,0.749919106270907,0.645530153998068
0.599579974314814,0.745868229810024,0.624107406655014
0.612675844554388,0.75999258520074,0.632492657271662
0.611852144319951,0.744148397493112,0.636002179843395
0.66272079697443,0.777923561000096,0.693390910011768
0.684149517808488,0.807527847818645,0.698943421588847
0.574957176658461,0.720546397588289,0.593437654700491
0.621096546221083,1.26443511805385,0.606243517861117
0.728486863530635,1.92282127037488,0.686440699850536
0.625245022044435,1.26801277971607,0.5991860228613
0.725878489259072,1.92105811265296,0.672616888291089
0.598157769128851,0.743229130567484,0.585632258055011
0.670474438882105,0.805593248143845,0.633281536207779
0.652599091686751,0.811299039884741,0.619425799659753
0.601435529121723,1.1223410259511,0.622852488572487
0.690120650418319,1.76287646039816,0.713049469322724
0.614981861996125,1.12780562456528,0.619508147848163
0.716939006061542,1.76280735942907,0.708427667205581
0.642160298306934,0.798202787957212,0.657569793813858
0.689256805633344,0.851102243504665,0.685369718211437
0.670793550677576,0.820843141880578,0.69515880283472
0.686188441522692,0.821741758402653,0.710655960813644
0.727323477983249,0.881700055526059,0.758864042857713
0.752613777479635,0.910853629302731,0.784637682937308
0.792646504729284,0.930888886965552,0.820217672839943
0.869973176353419,1.08209713207581,0.856066886523861
0.895123697375053,1.23185810343524,0.89465633908996
1.34601279289159,1.51577940598303,1.0762358973023
0.855042355481742,1.19455770755248,0.855197330470934
1.32480519406636,1.94324486446714,1.08725353005208
1.77579052730793,2.36306153918372,1.33835922101147
1.13760159409487,2.12782405023523,0.978650996656455
1.39202057843719,2.64238663163668,1.09663685428136
1.14202855128293,1.73971120763236,0.953977607268295
1.70768088680342,2.09483797136017,1.2016081943586
0.763603660544701,0.923055777269436,0.793948514065845
0.844663949270486,1.00023889142036,0.864844901695348
0.75266494562538,0.91102338540495,0.785256710489451
0.746293287039658,0.898136442466873,0.779078118587687
0.809333171805057,0.967059891259903,0.844435950941664
0.868487926457382,1.03892561983709,0.948992443426915
0.877549536829988,1.01093115435723,0.917832505124607
1.23941945999787,1.40969623434285,1.28485851481406
1.1698149122821,1.43396398677842,1.08180020434913
1.46100930183031,1.67941121978712,1.31396797623122
1.26689214771726,1.46687164248962,1.45802638347304
1.81378016742143,1.95045699129409,1.94266815016283
1.75346963326232,1.98525649342472,1.94261052102803
1.77366637623926,1.99684199863292,1.98480905938848
0.817678050624816,0.968444428607764,0.799120875462497
0.931848186516382,1.0829206122266,0.864604950248277
0.758705750094608,0.889689375050581,0.737887495987314
0.744055204213018,0.862436407023223,0.735230443354504
0.787976558871107,0.908564042867513,0.731332935567521
0.873239874109385,0.969637449772295,0.812633969853914
0.822891342682589,0.921154341196472,0.733630696834956
1.27968679514679,1.39047673859926,1.23765197241355
1.35902258275693,1.40176005043582,1.33270749952842
1.36953610122536,1.32441069467458,1.23621609277199
0.761201654102735,0.931268758263786,0.724104433239885
0.799398296574977,0.970441940434069,0.764633106467825
0.796449382316613,0.990495510312317,0.763307545733751
0.901062666595696,1.04585348817004,0.825858352194668
0.78966998568393,1.06963522022853,0.805364517688844
0.872872389543975,1.08329933080354,0.831291165844318
0.910441288647474,1.15497159169638,0.89671020779082
1.06113182617205,1.21747961713801,0.960587759969956
1.0410822737123,1.1910826738612,0.994245659651682
0.903031174125999,1.23368287964759,0.95691854573506
0.998649751811781,1.57956446778221,1.14821154337664
1.15164039160712,2.2431646532208,1.31022395831304
1.01608247847274,1.57744167128775,1.21587406391503
1.13483028921779,1.99619373120207,1.38734046714136
0.992187182239072,1.59107636822157,1.10182812956985
0.943845617415053,1.79345946605051,0.959516416903394
1.10226574276712,2.88384654469564,1.00533173018894
1.16839987438243,3.28633825707393,1.02544562077006
1.30506070642455,3.58898712463698,1.17159876950342
1.53548436575502,4.54841837537631,1.33437448382169
1.14561912056388,2.10897765832044,1.21646631038405
1.2357466552593,1.99067514914473,1.37173235334845
1.30467932607132,3.12730058077225,1.24298338866698
1.50680335978964,3.69623842955981,1.41191488135376
0.893486716533078,1.17576563485407,0.898675059180166
1.09333221758213,1.29088671786312,0.994384736408456
1.03628091394573,1.23978155783827,1.00457406193616
1.09773309586994,1.23525633368187,1.02550668145169
1.33931887765136,1.44787319686909,1.21720489132458
1.60700813887087,1.64602328322087,1.33262161264711
2.01282405843431,1.92104842708948,1.60442400639437
2.61651413559106,2.31551969433413,1.97725598933059
2.45441132635398,2.22049748686765,1.96278198889145
2.39918148088927,2.36326837293422,1.75693101263996
2.62946233943329,2.61987962849441,2.01846113019572
2.86437138397503,2.75956904390975,2.09400489403213
2.84881021744144,2.90495253743628,2.14872781049132
3.30726863649206,3.32491938810109,2.61444012887744
3.24827221957972,3.43328384190466,2.64656044791512
1.35325341820057,1.54904097005691,1.20042994684056
1.67375601045154,2.01760224231065,1.37362318345271
1.78065571232068,1.92811314616335,1.18214912046252
2.16078246757036,2.32044017725855,1.15215642124289
2.19196349352715,2.35769035208365,1.41304374022802
2.54591562184982,2.70285574156929,1.53813889022687
2.68874987866038,2.98799488235499,1.43143646113788
2.40340412696677,2.43260762723223,1.83851408425398
2.75839116426597,2.68281068712728,2.49603674249632
2.93710881625447,2.96136348870856,2.13452793030744
3.20014491668261,3.24528134152719,2.42034999997373
3.64304993005224,3.61913473541228,2.65209780284134
4.01489305753257,4.05151392607232,3.10534721297587
4.05157251731024,3.94524660358828,2.94040071429689
4.01333275049582,3.9464275144431,2.8606974300961
4.41742058219707,4.27344533577655,3.2472666603058
4.39445307793989,4.35133392296592,3.28873295074154
