R1,R2,R3
2.36239290105084,1.9480029634223,2.19287222481415
2.64816103809743,2.25321686409027,2.46723379646739
2.61291770927163,2.20393016767349,2.4698818797253
2.63751609028903,2.23827569244138,2.46108940960243
2.08722186332522,1.73136659956224,1.93505736914159
2.05985958829198,1.6939877191091,1.89828507997837
2.23044466150941,1.8117962747216,2.04446222418324
2.570776429274,1.96814415373988,2.32203907688931
2.46490826931213,1.97208564727443,2.2732245493045
2.22178495801379,1.85416445772948,1.994506524397
2.58258582030872,2.16909899853001,2.30381328613715
2.56786509762824,2.08875025363986,2.27560751272115
2.24971350426343,1.78522957689358,1.96136783125506
2.65740703643125,2.14587254392812,2.282685741418
3.03721841687064,2.53028312383679,2.66627525290646
3.00834279680113,2.56200036605361,2.65068093892921
3.02140514715691,2.56060833615884,2.68322789916527
1.93910931688046,1.60333570112726,1.76615606658909
1.75934762176803,1.46063533017982,1.6004413184783
2.08020242471913,1.71211965525051,1.8765816681789
2.26264297622253,1.8555131016869,2.05034402930257
2.05381771879097,1.68577243291078,1.83089892888914
1.94950438073258,1.59201566475209,1.75425808101567
2.33000470146105,1.91180915192002,2.08699256777693
2.67565404932787,2.27383431907715,2.50915695115603
2.57459089230074,2.1867458252398,2.3093633256154
2.73980879910515,2.35385685281979,2.4594945023121
3.00305641754309,2.65647908250119,2.75275732447701
1.99280900642518,1.64869456922089,1.73121658877961
1.90925863495923,1.5712068108557,1.64325772714777
2.08923646437225,1.75243946503418,1.80452157104088
2.20432322230954,1.85207128665672,1.92280696256925
2.10020817396114,1.76874910026688,1.77847673026588
2.17210567583281,1.82568280773305,1.82917601447348
2.31377273044436,1.964020995015,1.96614324218659
2.40473015169487,2.06697815652364,2.05644397201568
2.41650013892171,2.16393982858194,2.09947813542777
2.76107244368906,2.1447557723451,2.30401993592566
3.18880884164108,2.6321428573916,2.78134307546889
3.22500108507506,2.43395270533435,2.69309642489982
1.89576024679077,1.59668173365287,1.60609992239367
1.87126954361126,1.57849217140646,1.57491605299732
1.8006582365621,1.51793241362395,1.56196163844485
1.88011169807913,1.59454692408202,1.6598545414426
1.65804929361855,1.39570029839273,1.45368941121366
1.72848777668098,1.45998548613707,1.50159627253455
1.70557986666888,1.43780326269843,1.55455994374871
2.04793694636999,1.62239698106867,1.87204061426865
1.84205091551803,1.54022146305719,1.64714918207223
2.02536660942412,1.74230747313237,1.93199019146007
2.57991565894833,2.16271448372387,2.51955812257196
2.33394444891913,2.03439057725968,2.23040173927295
2.41278845351169,2.13114542738211,2.32090310931551
2.81311698786942,2.4060146037727,2.69751243186275
1.47692069715328,1.2313486343813,1.2891158036195
1.42486470569032,1.19246000476003,1.22766353751691
1.43744909731316,1.19275035528844,1.27855024346181
1.53100062374442,1.27357655275307,1.38908288554005
1.32094241786319,1.09794225820772,1.18019627668273
1.23071633013359,1.02728059147676,1.117004998732
1.37733994357257,1.14752122695996,1.28842648139482
1.65262432452357,1.41529400109229,1.73502366395908
1.54747046570804,1.29682559899282,1.64516150871003
1.29801388584196,1.0994953008283,1.20466109192619
1.53862077435005,1.36087585379705,1.72006504675581
1.60758869492114,1.39108242101569,1.69874858761318
2.01560516424018,1.81396468989918,2.17372066660159
2.00814030740702,1.84070767201478,2.17849085507257
2.01985333978034,1.8454854683305,2.14946225230318
1.35687146812804,1.2189438545453,1.54316758467242
1.77845202489013,1.70628141370086,2.04088566653554
1.78426373424209,1.67134900113127,2.0458244347878
1.78579203847961,1.66992585966647,2.01880191021401
1.35222118358435,1.13844045154328,1.16014727143241
1.27423170428149,1.08615554471222,1.09587273319627
1.51785829779729,1.28630226354675,1.27446899219474
1.61207248669245,1.3702460679069,1.36462344937508
1.61031210672091,1.38820664151876,1.32691260552431
1.58245053177461,1.38104334045884,1.3190410122499
1.84043093967881,1.6042056580977,1.52410405478147
2.07198238348567,1.77438299897024,1.76891237974506
2.07211799494848,1.88028662750937,1.77265689436585
2.27313752667836,2.07439098303438,2.02423667972664
2.14214510822825,1.92505767525059,1.86845813578369
2.53231031377273,2.35208587331331,2.2590694324709
2.49344351545773,2.25275934187351,2.28060889181348
2.47956834029697,2.31484318168762,2.27205441905817
1.59136704070447,1.37177541721143,1.28653294580501
1.59056337332679,1.38753288101918,1.28481632429007
1.61588160245113,1.38241368501457,1.30652448397722
1.64921177389015,1.40780581965632,1.35438040832668
1.63919325788439,1.41251877782161,1.32716364262417
1.75223226741392,1.52472946676469,1.42041581743903
1.74342779980558,1.51407527423351,1.44193999773188
1.98163001131274,1.81540677173224,1.70126848528867
1.92940583902537,1.81100300613606,1.70357165789596
2.2157310476171,1.89864216107567,1.97668791416062
2.65130508989461,2.40310622598616,2.49946410341349
2.6658553808641,2.34751272753675,2.43082486204178
2.33368509295543,2.05762702461178,2.1420540878656
2.65513340119189,2.43883092539216,2.5293769720917
2.67436643330972,2.47286677601166,2.50738627321157
1.48959491148403,1.29005416476848,1.20704117611789
1.54222901648999,1.35183106179782,1.25467798935748
1.34149431160474,1.15568618578116,1.0906494754136
1.34449690383257,1.15489325236582,1.10933404038248
1.21446398439584,1.05492196057659,0.98741992643233
1.28763848636803,1.12473591378544,1.05611964694158
1.11050113426014,0.967234453189589,0.931437618764723
1.10776509205514,0.963563635538314,0.957011578219928
1.07616583837261,0.952463519703685,0.913624326534724
1.18414849574966,1.03271709955371,1.0221482588202
1.28988081402307,1.12003650481564,1.12379521210673
1.1739538246729,1.04248286789353,1.06631057856785
1.5693725460595,1.51856267842649,1.52740139733757
1.58547590915366,1.49250752510219,1.51146075767808
1.57320986294233,1.44648815049808,1.48942121127183
1.30503277384955,1.14891349299552,1.14216943396581
1.69630844867018,1.58265510353071,1.57731681332737
1.69977684226903,1.55259670820955,1.58004857380775
1.72128267386121,1.60820765908916,1.58751164755584
1.15987633936733,1.01827830592592,0.935959297109209
1.16330296034036,1.03738830015267,0.947090915774298
1.17716068902218,1.02970956659707,0.94986190530345
1.2221107653015,1.06134496128808,0.995379407445828
1.19342934230301,1.05953821505577,0.968098487420369
1.1196362044137,1.00797331562853,0.920803170640312
1.26709003822906,1.12986474163147,1.05235346283646
1.28590889121286,1.25638431289666,1.14151309283542
1.41767141057701,1.2635502069751,1.18571253260646
1.33051716680089,1.30698989809409,1.14617462734622
1.64821658877918,1.69736420414732,1.49178545403095
1.31890229444102,1.17339283175502,1.06230731820547
1.3403160931863,1.20834513273814,1.08117921220437
1.44962728386965,1.2752136104349,1.17523047098206
1.47094294630303,1.29255689261943,1.20081609215648
1.60513083659404,1.41096725404135,1.3116591514976
1.65676621944909,1.46510856554337,1.35962822371549
1.78669189494672,1.56607396361072,1.4651667317313
1.83688351246305,1.71324979194983,1.54045564856938
1.96823268594343,1.78252216916775,1.61066073561525
2.07128987113193,1.7829925089973,1.62819391623622
2.31200515819534,2.0904146199065,1.95470453818047
2.44394144359956,2.14123021491632,1.9432567695797
2.37164191545717,2.12045961709903,2.00037871774937
2.75159809578266,2.55393132066768,2.51276831750763
2.93362195106819,2.72029022908888,2.61443722047927
3.22665349331994,3.02779181562636,2.89269670164112
3.37242743647274,3.18879519679925,3.14983855484051
1.60046097883266,1.41130507059213,1.31525884436199
1.73177583676025,1.53851078333014,1.40490098835423
1.52074385641199,1.33970312646917,1.26638844047706
1.4942248237737,1.31952172144967,1.23780687904427
1.55263943168624,1.3683465249695,1.30702666415512
1.68865029569505,1.49118489989088,1.45469899720351
1.55692743265375,1.37666133874747,1.33021491434136
1.54636502553115,1.40724613779796,1.35441043798642
1.6741936482016,1.46583076199249,1.47398785058883
1.73721130559376,1.63204724494973,1.44330642149721
1.93767376739144,1.96022270082514,1.76208262070074
1.86536617732715,1.95016260091477,1.72052563775226
2.05106920250187,2.06155764919381,1.88187785604003
2.26296943062979,2.38115112908685,2.3472708039545
2.6234339950532,2.74952768142234,2.57443421569343
2.87493296180371,2.95227381338603,2.85446495969434
3.00514296773966,3.28502164600101,3.11539219109077
1.49280493918,1.31813561512245,1.22973599302853
1.6008889367755,1.41010425830264,1.35843611616866
1.41957386789459,1.27473290403849,1.06950803357723
1.45774641244479,1.32550463295312,1.03061279831471
1.39118013247149,1.2530170743212,1.0026157373999
1.45677322673281,1.31272749304549,1.07373690169556
1.30512003504086,1.18840824940476,0.886337741883049
1.88681617774377,1.73729294285181,0.928128805046416
1.56505418283177,1.50988379170544,0.917168863069447
1.08514110054606,1.04651126990385,0.877863591183933
1.58792631687124,1.60654184810729,0.930623650303646
1.71037688316428,1.62305068591514,1.06072375516607
2.20962537718228,2.13776817488792,1.52057968250792
2.20182828490858,2.126899450624,1.53501281306668
2.18803506293441,2.11412318704784,1.55751205815611
1.40698932702293,1.46410420162334,0.952779351286438
1.9407584996447,1.97351743676067,1.4404191171503
1.92938550294186,1.96970817600434,1.43883904987024
1.91507790185554,1.99504178680009,1.45243361659071
1.49674409655523,1.35804487082309,1.06990247904644
1.6301329202092,1.48886532236744,1.15139529355604
1.54022529066445,1.43380488741724,1.12022094417401
1.53865865380775,1.46754245351186,1.12205779768931
1.69952408525319,1.6051315362877,1.2554818005014
1.75498045139473,1.67326760888104,1.25707873841249
1.79138377593395,1.7097539237271,1.34203146081096
1.82188456114301,1.82733834782873,1.396298178119
1.96893702139047,1.90100442006392,1.50686284017072
2.29163929218692,2.24550813907307,1.46344856162233
2.81589704075361,2.62410545472344,1.76626237320684
1.82374773311259,1.84982953543975,1.29159866321105
2.29358348922661,2.48419461905837,1.46299189999119
2.7980683987285,2.97906522334594,1.73537072749928
2.03155752734158,2.44935556584334,1.43833398699829
1.96454364082247,2.20770235798938,1.46778313566736
2.42242825459368,2.65023699729697,1.85392840013075
1.84970434253215,1.75247090155219,1.44618079981596
2.15868146142681,1.85973772550957,1.64526101289354
2.19139319970359,2.01971453180077,1.50199049467191
2.59950081482903,2.22058075164669,1.45900162799767
2.42589879230251,2.24114731238397,1.75324626231897
2.58874020683255,2.40948275595755,2.02597807611246
2.8401204447977,2.54449443020868,2.03022150031634
2.78041116543382,2.46315625424687,2.3597894132973
3.19167199967228,2.79877688752078,2.10983204962928
3.2905997693216,2.93427827213266,2.6609413831141
3.55747347492372,3.19811581009834,3.1929064959322
3.8312379918701,3.44552724309847,3.21123755358498
2.30674559804704,2.14603281369069,1.70023304667322
2.55392364163501,2.38320677255082,2.05425462664806
2.16480266163937,2.01359908137828,1.64282777492786
2.26479263218651,2.098824803706,1.82303826940915
2.11267944036222,1.98179958168739,1.6874205720987
2.21771065591415,2.10001393486744,1.81289061049566
2.06401628385183,1.9165390023283,1.6370486643679
2.311890639387,2.12812798325738,1.92624825259152
2.34329385071059,2.17580454794322,1.98061408800647
2.2871459667846,2.22359474629326,1.91823044199986
2.11621953129622,1.99735414725829,1.81176131576701
2.18169413952771,2.06921982954589,1.87169701348827
2.16925306071725,2.04660138111243,1.95603162292192
2.22945693677944,2.11236343809693,1.98938017513998
2.24910780315081,2.10821241254861,2.14356702515297
2.40228990275127,2.19663364394489,2.27788487459171
2.46417405618409,2.29656303594191,2.48394746066594
2.75330859254593,2.56755445060769,2.76780031627308
2.63271603699418,2.63551444393031,2.85715304827084
2.80108901533303,2.51975861259237,2.79958566525147
3.11621501765848,2.79143524689432,3.04633832061166
2.10980980063695,1.97833224569508,1.9855547231489
2.00449303685397,1.86419955759172,1.83499105938853
2.20033559814134,2.03863699269499,2.10981958853118
2.36476991527482,2.16762131151965,2.32373283262121
2.15262066822784,1.96336360888186,2.04399682697635
2.14122802778784,1.87683049112942,1.99566739958962
2.38283775514858,2.16635121726901,2.29745421646354
2.67617889727115,2.34614922563025,2.72230868675408
2.62442267185919,2.3052666627018,2.53444600940302
2.73297131655736,2.34407098272746,2.53704848247364
3.06638617159617,2.63679047429475,2.7788785920107
3.03436090135847,2.53529341806007,2.88808795361837
3.02602493105684,2.54651861341482,2.84352203161364
3.39417250846074,2.92610074821559,3.17709957828878
3.35789336125551,2.92368920923704,3.23395842697063
2.05297696994804,1.89824022779866,1.96024983517054
1.91534030393499,1.76014269961919,1.83097884936835
2.18270476903239,2.04851977981936,2.08818884856587
2.32827562948758,2.18933700374631,2.22123301952813
2.18117804448365,2.06235522216112,2.10225973822126
2.16904790487386,2.04342636791344,2.09471302627448
2.46521883297652,2.35392043978982,2.38100085364281
2.55985126817992,2.57591888640703,2.49180786760216
2.83994212940079,2.53670315759986,2.48411534972265
2.80417600493594,2.92718844663349,2.78716584608762
3.17860140561651,3.34802270016993,3.07888677465162
3.20793819046008,3.31324437494145,3.15580403018286
3.06612303637389,3.35914764721084,3.10011600417706
3.27356191442344,3.58452746436812,3.29028514622412
3.28322778203209,3.58699465017814,3.33156329629376
3.60068757558514,4.0013148018981,3.58940384873995
3.86537748264506,4.31792954591285,3.82376816793035
3.95861464115143,4.30157095786505,3.91695158238545
4.09278466193505,4.54079955796506,4.05687940638386
4.39246798859137,4.80932422079805,4.34029998835755
4.36546245226634,4.82269640863639,4.3241969784967
4.38333866061008,4.83531293198593,4.35801908471625
2.00820673006726,1.89509145147212,1.92888260747344
1.9361048982176,1.81632289796037,1.86400295392551
1.98748303519142,1.88422234756413,1.90007224699245
2.10164078367746,1.99000734803822,2.01583755174218
1.85921849556309,1.7668094114812,1.76284772379172
1.90203429824351,1.81500532734119,1.82661950594269
1.97686063551797,1.90448221603893,1.85181256840457
2.1147566711421,2.07641938485603,1.86324560902061
2.10781821714354,2.05840021890303,1.80625129214072
2.48839781448174,2.32815839523499,2.14663036366491
3.02623711528408,2.77498914011137,2.44265936285085
2.90726979166272,2.74169418373433,2.40709221792424
2.66874307827329,2.58710143570215,2.48063266568994
2.96299642735924,2.89745758135064,2.81206835097298
2.92628619686323,2.90073190870092,2.8490764065794
3.05380444472433,2.95323631488869,2.86441058282161
3.31903898570353,3.25012175218684,3.18130182246702
3.41447333007629,3.26871516918504,3.16209282755581
3.45476864234332,3.39690821860109,3.36757917731405
3.71453662803791,3.68464287236267,3.6922908834396
3.76892467014333,3.70917725633551,3.68030760502766
3.73125715394236,3.69482765618563,3.69343668790095
1.63465278765132,1.5197796726095,1.52336350030257
1.52448682368085,1.41704553502498,1.42727573564527
1.6081357185449,1.46766131426649,1.47778894131488
1.73751170363249,1.59113590424509,1.61342819611858
1.45002233066801,1.28628582010043,1.28900680458509
1.39486375943932,1.23675580954359,1.23665275157135
1.54234029473454,1.35457921125272,1.38342174028079
1.88593147457131,1.67599384423726,1.78768274571357
1.90631778293111,1.6864518538632,1.78220659758015
1.68961162872259,1.51109699383665,1.49047076078936
2.10077825986577,1.88912032174278,1.9309161765259
2.11783314265689,1.91050124871306,1.93963143440686
1.70061599602419,1.52736069743304,1.48574012898131
1.99730486331016,1.82965204191795,1.62499563002615
1.88369159807366,1.72156038173267,1.75615644984866
2.13985576409616,2.00219006665003,1.97831412650547
2.04042178537777,1.86135487648067,1.92235322352968
1.36868802517349,1.19793066548111,1.15437090496168
1.25417245588677,1.08261881764655,1.01483635527788
1.49420057613659,1.32081413750441,1.25612309018714
1.61741609063404,1.44479236817824,1.4001847245649
1.51877284873601,1.34644444775874,1.22085260633708
1.45943625102409,1.2848535217479,1.14074331946281
1.74019392315159,1.56292496700891,1.41147276922774
1.98016833323642,1.84847753113106,1.51209921296882
1.92912366904456,1.675646330945,1.64041297831557
2.20379677760368,2.12224300235688,1.8690797202481
2.77118267932398,2.79018848966782,2.45408289951742
2.60325766073032,2.5961653460594,2.18825426845279
2.93936340812424,2.99198101038289,2.56744030552969
2.98785594638447,2.96926193346215,2.54498878886947
2.98805840325426,3.00157947843178,2.58287074058654
2.5855478107318,2.42853522143892,2.21923345032056
2.93970439303312,2.75353257329453,2.62963853150426
2.97407438369074,2.81985792380362,2.58540978182067
2.94337089698361,2.8124484664943,2.59774391642456
1.49087958100006,1.33440509080642,1.19125061284525
1.45558551938197,1.30771714625838,1.13132593145146
1.55365937093552,1.41089937834718,1.29492077610848
1.63559731132687,1.49278004458123,1.39820602436469
1.56487759177609,1.44382050641748,1.32322640129378
1.65396772093153,1.5273629580594,1.37798867081673
1.73790414199843,1.62491352810885,1.52981076020296
1.97474681819386,1.86223544980652,1.8200229250774
2.08521329038595,1.97402424427608,1.84807514861884
2.27788598345245,2.126304413239,2.03342413625297
2.18332474412829,2.0676915647246,2.08083569289537
2.59937193846377,2.43240078575396,2.51668748657979
2.56851527554997,2.51201735842606,2.54272218151726
2.61592929099081,2.5064878494098,2.50525287411206
1.37501275065493,1.26844480623243,1.16309923833803
1.3748169078144,1.28116297759911,1.17253561862857
1.2600158000414,1.15083080721429,1.07163940394456
1.33010935288327,1.20621032447701,1.13351737155032
1.10654204125898,1.0051218455209,0.947368304722209
1.14543984566202,1.06584064902136,1.02207363236546
1.12826175586702,1.02244783599203,0.975638699097916
1.52586494085965,1.48024222553433,1.44402356212581
1.57188270615075,1.46525253130817,1.40543525142
1.542138361621,1.4730922992166,1.46432868869015
0.980840005011308,0.872931822215609,0.807669893873792
0.940529691467849,0.843563070344444,0.805141410658002
0.992355760958416,0.866045916401177,0.764524034048531
1.07494456194727,0.936835319729791,0.831447094174371
0.953776243214177,0.837626209467669,0.708276774522708
0.87592244269624,0.781271959488399,0.671735710507318
1.028499984442,0.899223809358103,0.734339550083727
1.18808073666511,1.03585160067866,0.852043605652481
1.09008180864677,0.984874725682709,0.771901789471448
1.53626939411034,1.43643452130687,1.29317291866337
1.51398658699831,1.43932549624011,1.32693207896857
1.53110476551193,1.48946810672445,1.29185318311178
0.985730601748783,0.864030546759015,0.733902675080127
0.911181006128157,0.814975168644545,0.717273130476539
1.04908672165209,0.920311248917138,0.813577684615312
1.15083301924445,1.01489604131834,0.860689678263082
1.60954123270212,1.48319844386419,1.38879373670499
1.57620628038321,1.49608045778426,1.37734835261638
1.58618354807289,1.47729160945979,1.36817650405145
1.04183548647655,0.935584539941259,0.802807368689594
1.03547957445335,0.946133241212348,0.837018542212649
1.19167813204371,1.07812258582275,0.927742617862957
1.25238118583632,1.12995005474926,0.97540166110297
1.32578067279533,1.21834368150067,1.06110101238161
1.37731415657368,1.27532792344297,1.09548504408232
1.5383737049623,1.42303894628574,1.22381395809483
1.85806564110038,1.77659108979983,1.62941045859925
1.90951005558248,1.8765486177008,1.67289735591186
1.93366587080992,1.77644836092284,1.61733933380457
1.27268143983107,1.17181044117087,1.08031860856957
1.34411145848665,1.2483069689083,1.1804784141559
1.20084295012609,1.09881613435695,1.0413271711307
1.21355625862372,1.10536321316803,1.03613419893668
1.16623859627901,1.06960256490225,1.06833063227244
1.29050781409298,1.18871741279074,1.19344774969709
1.20656178027646,1.10078485172744,1.10757905176807
1.62883342816107,1.54981680345563,1.5232126720513
1.63358685192163,1.53559479265381,1.52500116020363
1.55954525577845,1.50275342175049,1.55839043169602
1.02878802153432,0.949167159827808,0.983596017146913
1.09073928385177,1.02023548033438,1.08632505382584
0.899141488602415,0.829454386876597,0.854182004123814
0.900716831804534,0.834754491553667,0.826492644564245
0.819311792698226,0.761151946861559,0.808293355377068
0.860413617065245,0.787609925571961,0.86078756963738
0.726338228887501,0.684865731841484,0.715510528908684
0.755591534516552,0.718227709250837,0.729401111758012
0.742709363427535,0.712402286517603,0.749707950874657
0.723122128757235,0.68047440189092,0.700583628906009
0.787712799755087,0.733866855237827,0.755501885020306
0.742135538317961,0.714517851892259,0.728623531816137
1.25459416165994,1.29656650557439,1.2856782172405
1.30478014638581,1.29593995973334,1.25047772777271
1.31260326512215,1.22588848130864,1.31700526046472
0.810971033981153,0.748042858797724,0.781789273448381
1.33992235281876,1.29783421687858,1.32397586770586
1.36744939548894,1.30830616119005,1.31190165178181
1.32155549958469,1.29427016283932,1.32906996104748
0.896762633410008,0.841786213611621,0.883962036238103
0.95537689876056,0.888373542125819,0.945598096830869
0.989947737182187,0.942155265391714,0.949301732249227
1.01262152027818,0.9698810400649,0.951731240995301
1.14119561667567,1.08913290564876,1.07888255860484
1.16596569199436,1.12809080565107,1.11597364766533
1.28647996344951,1.23651236540589,1.18570910689625
1.71952900534863,1.6203120089361,1.63537280049246
1.66372980236888,1.68863874253188,1.58579596407417
1.68414572146208,1.64227816935984,1.58675227664773
1.23231692881065,1.16466397838388,1.16631211856486
1.42002829898086,1.32870804655996,1.32252030030556
1.18722317284317,1.12859351381375,1.14473873846211
1.15590791901313,1.10543115569732,1.11706379841429
1.28575647399736,1.22884679686443,1.25350044075645
1.41207000832935,1.36422770267809,1.3783743063763
1.40867298227841,1.36599274863114,1.37857975824388
1.54648971331406,1.43476642368678,1.59249026222556
1.66932444002468,1.55839296114398,1.67694303733132
1.78544817553356,1.65694422542981,1.75580996277084
2.20267847007518,1.97673118767431,2.18960205222992
2.13404697552561,1.89475802458762,2.13227504162566
2.05937854554122,1.95710314069111,2.00646706054041
2.49756507890292,2.42364585429855,2.44015084469836
2.51420251496447,2.41615346408571,2.44528420954204
1.23273006822195,1.15695852156406,1.21244897399752
1.41023992955853,1.31235342891374,1.4105553316654
1.11037032876479,1.03247819536075,1.06728336560144
1.09878859887235,1.02833491983574,1.04164097571192
1.11794537283866,1.01722096056815,1.0747916129416
1.208195085091,1.10407135646136,1.17411702974923
1.07689699432217,0.973133331808531,1.01857601511087
1.06345387274526,0.97459528869953,1.02918071290107
1.17708077808424,1.07009749444666,1.1363120083208
1.21026570080508,1.09868875794046,1.13606476813399
1.61773613482729,1.54095957298101,1.62920379880279
1.63747218604876,1.54115064621648,1.57370238663122
1.62818809860747,1.46323184142239,1.49834166052303
1.871791499109,1.72428350760929,1.70543998264075
2.32804819117174,2.17276009373477,2.16086519822986
2.30861571976453,2.19452324701666,2.19560053967009
2.291706351307,2.2164272090795,2.14895865942851
1.16981277634227,1.05292572163728,1.13589446903467
1.27656062651686,1.13577485137633,1.23975045076114
1.24064318628137,1.12743757147942,1.21037425596694
1.30662664309439,1.20393889149909,1.27882426941785
1.36761401539086,1.22921328749024,1.33217221815394
1.46686036765124,1.33162783892734,1.44379982842415
1.48656643447668,1.34026173367094,1.44996370915794
1.31816496630542,1.16921010317722,1.26804341297881
1.23961199683035,1.08252930466573,1.18218153747141
1.43200335567698,1.28347641878797,1.37397521875023
1.54376916305143,1.39866145695835,1.48889987685126
1.43271585812384,1.29628917592819,1.36665582055223
1.41438759187423,1.28777478121445,1.35851712511609
1.66829542629391,1.5385267525749,1.58876824746927
1.77746803277576,1.77002197672735,1.81132332199412
1.8170818573638,1.81466828117985,1.75114102012215
2.11960513747874,2.05647662830946,1.81052907631787
2.4423441062569,2.5103109595613,2.07389106387589
2.38196128738262,2.43466199152245,2.0555482162309
2.38554533703941,2.32750368469018,2.10717655084877
2.75796202655907,2.72993374482779,2.57225307506938
2.77820932236323,2.7216366385181,2.51934632336071
1.31268189287309,1.18094129226681,1.24645284734964
1.24560847179164,1.13133638695538,1.19759205916399
1.34184548890725,1.19626981835949,1.25790217570396
1.44049185533963,1.28602635739688,1.34732226134843
1.29867323275557,1.15703054491753,1.21069544541281
1.35767319658581,1.22751572367609,1.27651486592385
1.40834521302061,1.25891903510719,1.31451391541309
1.10658827818334,0.977696882941791,1.03819913751743
1.08218552956782,0.960445819624574,1.03524612965818
1.03441365844893,0.912543656425246,0.963299902370025
1.11929947087007,0.997801544215067,1.04388878275232
0.90701051737319,0.804447954806158,0.852064683456711
0.936670555900097,0.844707167342879,0.885030204084725
0.972987667814211,0.864529792413773,0.912052934442226
0.770220576476759,0.690335584556535,0.746992724554675
0.701678275724091,0.64907176282348,0.695719365915806
0.812965868663311,0.72243895073131,0.792526651058591
0.929252418653565,0.82074699875329,0.888602493118244
0.766168026792014,0.700189336191285,0.781422876048583
0.741973458207755,0.689287151526613,0.77210487298529
0.931590198123697,0.854811239083969,0.961803363284594
1.04027426313138,0.967159528163647,1.0636625692623
0.993177956225876,0.91818521454159,1.07509802019954
1.13194932655826,0.99830858074243,1.20820624399472
1.23451071253523,1.52180770588992,1.50984944531307
1.20299254023837,1.62314840181956,1.44182488166797
1.40755900647469,1.49921367694374,1.55608862156591
1.92448730437562,2.23476564412707,2.04287637478128
1.36623363603013,1.80831980331114,1.78807080076516
1.40102998933541,1.60316515074845,1.81423007815734
1.57994830650185,2.55047243871468,2.20199686689126
0.71218199290686,0.656876989476555,0.744056454245345
0.677935686958746,0.640666884897617,0.724505731583119
0.77961991831017,0.70909570527144,0.800620229202433
0.878921327082661,0.788983040735927,0.87691171064219
0.789008505974981,0.724351838651382,0.819686659551325
0.816636388577805,0.768588899148402,0.872159185301882
0.903407157242304,0.824658677820908,0.920511565612742
0.701313980926192,0.653350742748974,0.730708517435241
0.708216314827938,0.668078015506171,0.7454667112725
0.684306908429126,0.630572575341487,0.68969116251059
0.740889885699638,0.683226447345375,0.73770924410131
0.642025856170721,0.598131095647609,0.647625098960322
0.706924876687161,0.659109244286911,0.712907700537369
0.713076453356706,0.658119614655602,0.709822179317999
0.747904285226256,0.702805363216574,0.809076692483553
0.746617364386803,0.704237509391235,0.789117754694912
1.29343545935801,1.27823954983568,1.30693311500039
1.29609954915444,1.27800915205334,1.33372782861044
1.29846442043519,1.25731324413696,1.36580361998608
0.938451723646161,0.870848868998965,0.928413282052439
1.56991208690511,1.47318174523022,1.57110202742896
1.35976279520009,1.28189274165654,1.43297506984602
1.21690640547011,1.11008616256583,1.27212128805521
1.77056834321721,1.65282441926634,1.81049893260023
1.72133723628289,1.6748057175149,1.8400147506656
1.79200861530721,1.6718545136693,1.82234836933201
0.543044930678119,0.531352677276933,0.572674302357117
0.564743112896087,0.565076329679548,0.6039972000184
0.508629557514791,0.499907039447875,0.546352043084848
0.561212598450328,0.537652842905614,0.591503503160677
0.481645559645777,0.478413955837301,0.533348797058937
0.505809151293478,0.511098401893236,0.553836798068504
0.535657285969211,0.509545858825687,0.570481208711909
0.601860206991899,0.563541407437203,0.635382241019861
0.591919146757301,0.566816301065012,0.628826921769461
0.591544884017237,0.552983972331384,0.595879828785254
0.653400312470287,0.618340570519062,0.646680784864085
0.745563752821686,0.699652059800812,0.738663469223062
1.31286199214924,1.28170169958437,1.31915782403139
1.33186908222205,1.2854261737744,1.28100044475849
1.29169589734855,1.29134696901554,1.32221074209933
0.661668840713658,0.666132209598116,0.681440450404653
1.25293484140935,1.26744213761923,1.2757472252301
1.2532107823649,1.25608065841199,1.28166030932983
1.25247882221111,1.26732047376344,1.24787116744139
0.490472955954618,0.484377882591893,0.545629007682653
0.52015690613581,0.515645585712454,0.56591211531314
0.536475460346134,0.510818079255904,0.59007416192251
0.584233213796111,0.549461965074368,0.631886412835388
0.587912998380678,0.548951974835151,0.649717036837255
0.623174351625928,0.581645624863397,0.684534210313986
0.708818360681545,0.623080035402463,0.774754561417583
1.25965723908348,0.835516080722353,1.36794708787677
1.12492357838424,0.854642085227919,1.16286151262606
0.929087880946024,0.791839378151743,0.989862263748232
1.71820397059016,1.19236168608946,1.79233581766424
1.67173516675198,1.14507717368928,1.7805970595481
2.24829093221057,1.65575950314393,2.33340276073522
2.17226136596709,1.67659364741341,2.31706041242796
2.2025365683021,1.64346690424674,2.29293750248187
1.31953576306663,1.02461211546166,1.35266514418426
1.83852903997776,1.55855692500245,1.93411301288993
1.84975390295639,1.52400338993467,1.86034603495593
1.89755393124706,1.56135741142529,1.87458734396784
0.588601702090365,0.564438261578736,0.651404019698226
0.633352620832665,0.616276787882905,0.696600044631239
0.601193762210822,0.573545438092755,0.658197197833271
0.62680873947616,0.590810526090911,0.675322720638895
0.649010237395864,0.615395446221072,0.70127861967372
0.721212564455511,0.674024411867176,0.774183578570625
0.747971595682832,0.702150435980299,0.786416143662119
1.03826559885538,1.00855755711583,1.08575556578809
1.19704548815465,1.14702391039112,1.20531671137443
1.27617487457083,1.22252269132661,1.31822649847702
1.92381104780399,1.87295559821332,1.96822112545463
1.95174120568662,1.9057586315887,1.9831082391569
0.613930595727136,0.595086016676749,0.653951291659408
0.678839751361723,0.652107652718199,0.70466263817736
0.571481556665361,0.57120053409363,0.612553229728608
0.586714623762885,0.591925056328771,0.63539614726466
0.570495445528914,0.573226238167742,0.599913014424905
0.633856138947743,0.620106371919036,0.650814362338715
0.592551379080407,0.604447310089672,0.633469803249255
0.672563263208149,0.67955544172633,0.715156011687377
0.658580804010655,0.671670049372328,0.70915277502727
0.593102269301229,0.586466073361232,0.618707994531926
0.681890628051851,0.647837285804307,0.688856437657224
0.783121162869066,0.751516310650469,0.797002770260564
0.783672123184039,0.716535208273769,0.760586654303755
0.934355910235189,0.858037062873693,0.912623307384044
0.805671298055927,0.730626158188652,0.760016365734183
0.993714553357107,0.894036187946812,0.926985188513403
1.09372684800727,1.00852443571427,1.04832657647772
0.680566280131803,0.661140191382388,0.687123978400607
0.785344954005325,0.768589854520785,0.797420288972641
0.77870901737317,0.727082117533769,0.747539171431983
0.92886399356853,0.872250060670234,0.881588046009192
0.571223642485345,0.568838817468264,0.587960274380078
0.643033045133975,0.624083030481705,0.634570265530668
0.551061512590938,0.564202768596997,0.602314873360917
0.562734357138518,0.582054446519056,0.631152906310136
0.590204131276338,0.61151422104851,0.654054632150289
0.637768921632653,0.659931914819332,0.699355267685869
0.636162062564724,0.683639786720247,0.766820359531086
0.938662214260356,1.07912627240761,1.39068863392585
0.929700060350413,1.14770665630823,1.32824082605013
0.66707476089149,0.692174702181305,0.774157379445789
1.10432482196075,1.32194498959843,1.62532122197331
0.97757984639169,1.09412715048025,1.29941982955692
1.52866956013246,1.64129056935231,1.83757898322459
1.53823299491725,1.699788503663,1.86827747525833
1.51484255538433,1.64180004804317,1.87308698087291
1.0370998010772,1.29795072274223,1.56938724622208
1.58719008971362,1.84374461310505,2.10640743776564
1.59775789993583,1.86196259866737,2.1755741790713
1.58420842037603,1.83642984487239,2.13956305942816
0.627162619259403,0.640939989442404,0.671914787535377
0.69560352022139,0.71124924473873,0.732480183580428
0.640675336326172,0.642820174658116,0.680526317313007
0.650858752034313,0.638888906580427,0.687017939743457
0.719080388412481,0.722198550199605,0.758963377135325
0.794964771485514,0.802048461916036,0.84183003076928
0.786283924683847,0.770485756771704,0.851512792207625
1.3456624313439,1.3129096297718,1.36950883209997
1.32056787000408,1.32468103351798,1.33173646023074
1.29227534724485,1.28524677926031,1.38876322578283
0.756375513546504,0.764773254250072,0.775612049287958
0.881617759311523,0.893944292852331,0.896092834514331
0.73713637003507,0.740576754998963,0.75230451328032
0.73555599913503,0.732626166163617,0.759344227717651
0.819847102434845,0.821776811950839,0.831759455671382
0.908592871390212,0.931575352867851,0.934566684411953
0.932051411972877,0.932984294589039,0.967714980827937
1.19962018320729,1.42719312987998,1.55520691528203
1.22591883233831,1.4911519834405,1.36148627456268
1.19094848116487,1.37277384147749,1.31220376836631
1.71281134793654,1.93552157540779,1.7896901956295
1.7822873102955,2.06091328483687,2.00702326458926
1.69229935887901,1.84225811815728,1.71247261058756
2.27487691114117,2.37301100619578,2.21289664345044
2.25415201256789,2.26775894286604,2.21422133805349
2.02774405979873,2.37298404477244,1.97828674096695
2.29791388250831,2.68552563970571,2.20170218670016
2.54598832866482,2.83134246806652,2.5054639522256
2.5371492922068,2.98267062544499,2.4366376580069
2.91137047707427,3.35270297778345,2.77535769841284
2.88328986374817,3.32204206359438,2.80453377916376
2.9332796655271,3.355514402787,2.79899377192382
0.827691340321533,0.819173883523275,0.804073140349855
1.01561957820989,0.980471943386204,0.963321436565397
0.759918899691477,0.768708492185291,0.746392622830419
0.783255591789783,0.803342318262441,0.79794593438873
0.800720757861202,0.803480237052793,0.759089986593989
0.874659124416848,0.876032761449882,0.828949407809129
0.828019168201171,0.826714156303976,0.784326589070602
0.826731760709491,0.825625938891664,0.797640363577615
0.937644659005217,0.926875222208184,0.871901837650674
0.889142990707033,0.885133227481804,0.862535880100802
1.12206487181109,1.12881511220484,1.11765072797669
0.929000861356639,0.883217954460057,0.896587928517988
0.98376580912782,0.90026845400107,0.954884595916517
1.04830074636935,0.99588578635283,1.01943413740705
0.835336326056811,0.841091336860672,0.774555899049671
1.05766874369439,1.05336774549854,0.969436781970464
0.776125538905188,0.788272410403866,0.731496932174833
0.822886208229975,0.826127875925729,0.808647918875737
0.826868918041603,0.84412468891274,0.765776425628539
0.887930246932533,0.894229551817837,0.802329370930893
0.82485597121933,0.85509992034798,0.785495429586969
0.783577663627098,0.821535782454248,0.775454624819088
1.01438322265153,1.07058335328874,1.00476517667828
1.40087167114014,1.55081016671485,1.48944400375399
1.50876913059057,1.44930615885223,1.45472708291686
1.5329007596215,1.48291995430082,1.47339786885823
0.888334733234474,0.922232694381067,0.920141471909983
1.39678679470511,1.40258386328207,1.44608389239713
1.40772112550222,1.44192819794023,1.41589621768968
1.365981589286,1.39885980968114,1.42465551695886
0.943047335878702,0.969621445998549,0.875606345169841
0.995449890986326,1.03197269973675,0.937478737930951
1.09083771117114,1.11506489187853,1.01418970583564
1.29787046034982,1.34017213399228,1.23612493224938
1.40781069136369,1.45482507893494,1.34183120027744
1.35451451655341,1.41286320032167,1.30614451235706
1.14256979710586,1.15110151187601,1.04750609253068
1.13545953228386,1.14005382084076,1.040867454471
1.45451674005011,1.47374588607579,1.34771411835843
1.73619933483584,1.75648263884669,1.62171920301009
1.65548427944378,1.67478593774712,1.55128338785012
1.5036680451565,1.54374195177891,1.45950860101237
1.83148984683303,1.87479827780492,1.82519626991048
1.68205723309296,1.73595439585508,1.70176698372502
1.02124945169419,1.01684085197875,0.924703131731072
1.09410765218993,1.10374611269716,1.01643864894427
0.985266744039747,0.958688167320045,0.856743758790889
1.11489832356206,1.07434018048959,0.9581140520096
0.912424238892559,0.887694968559936,0.773347188447866
0.968176725494693,0.918758623521891,0.783592069241953
0.982298337886325,0.966566572684132,0.807267493128592
1.30674956411325,1.47087860998436,1.17935662095435
1.27818194965565,1.36238400059091,1.15448707960318
0.909354788406885,0.926163316668336,0.739433270136739
1.21240605475305,1.57340501531208,1.27050840245276
1.35824326058968,1.48587275945057,1.21113268291286
1.83103344050011,2.0263510934816,1.75565101546922
1.82526395192013,2.0012344708533,1.75692210157195
1.87849427246455,2.00230827486399,1.75212114628713
1.07320648253558,1.32616802512366,1.13342399565275
1.5568368196382,1.8606360982564,1.67424237084024
1.6028032206321,1.86890315826876,1.68991047573151
1.6137172106034,1.86299328168175,1.68848693174523
0.888502926094618,0.908506961291667,0.815163493385266
1.0306656772916,1.10714506827274,0.964433768554841
0.908603957184439,0.911105491518852,0.848680232400223
0.994550306938338,0.975801629498129,0.906995599023112
1.00320026864833,1.0233130689289,0.949719294605511
1.08902181033713,1.15436216730473,1.07655001845024
1.25017777226731,1.27120765859585,1.17182823496613
1.45053669345265,1.37626454136807,1.39598385587704
1.53646234007694,1.48884234583769,1.53650551509878
1.68808088153271,1.60890182422715,1.66357314092969
2.08361396309056,1.90776650804561,2.13851974798314
2.00253421427839,1.82325626501816,2.02091057854485
2.0174237480556,1.97908533624347,1.9402940949965
2.50100065649564,2.48333520884052,2.38754027090945
2.44371367189142,2.43507022070631,2.37520279080179
0.941454164995169,0.925639134963918,0.852165207947648
1.09643329906498,1.11061455114319,1.02730795019281
0.893009229123109,0.828781386247199,0.770389745683479
0.98334268174165,0.921916248314263,0.879914131833312
0.883933198152602,0.807787434320542,0.741163387534204
0.943455907333406,0.877881846640028,0.810900327670602
1.0537943070961,0.976571724855182,0.940219450949503
1.60779916180942,1.5492467478248,1.51318409575544
1.48874397206486,1.47413244977495,1.49524104434287
1.51293410211287,1.52255338999339,1.37224495233511
1.97053869528827,2.07702217203268,1.96907777673428
2.0696857891374,2.079878623132,1.92590989477588
1.98393590464664,2.05815625234888,1.91238310472664
2.26176508196413,2.32249795834742,2.26968541410427
2.44548251649438,2.56879940291134,2.43965164876858
2.73715342941823,2.79747444620965,2.62186720919849
3.23256827885546,3.21249228227162,3.10104453041628
3.11849365749798,3.18561886834154,2.99883646456149
3.28041589165689,3.422673908547,3.22248895389022
3.59900342229235,3.75014077872825,3.58621078405236
3.60225895548832,3.76308856304595,3.54567573953143
3.6166393971048,3.77449210809959,3.56561608171114
0.797111083954935,0.748879868452531,0.665895247765241
0.83737784408359,0.857182762190056,0.748550244223996
0.797386563460422,0.71367628530347,0.653591288083797
0.887136392770186,0.792249075194324,0.753713861626571
0.98685896388399,0.907916776945045,0.880370536276546
1.00353349068946,0.897040300955693,0.847449185711344
0.77261667891198,0.704095879258432,0.643775520217739
0.777301035036049,0.733489721493819,0.674548946989767
0.869699396791006,0.794405284909926,0.746832658345247
1.14395703773814,1.05839629911749,1.03036641449668
1.03495350185594,1.11579561133848,1.05712447563292
0.931863927462653,0.911403636670292,0.883924384825651
1.19503461273863,1.27901397334363,1.27229271989489
1.19230992648375,1.29647646619189,1.25919021541503
0.783133865279265,0.705417411275226,0.649160352256477
1.07851679869708,0.921663578466375,0.889723843493061
0.743757061167228,0.679416540628393,0.635864720594529
0.942006640856421,0.825890473992712,0.815417315011336
0.741664219871136,0.674899382018514,0.634321632592551
0.797795708633017,0.709613181626428,0.679883811166209
0.793226536580207,0.752404174608154,0.697333237358381
0.914485118274468,0.876700398717695,0.863914712796384
0.894852656161582,0.88519470478612,0.825789081154851
1.40621692554233,1.43569234994792,1.37692030999235
1.41371395958435,1.42886257512472,1.37806051538655
1.41376998713143,1.3589656037317,1.36893380333874
0.962306337851822,0.915834145994877,0.891510478380119
1.43969078045934,1.44056301347355,1.44366007016767
1.45671679920736,1.43843381321834,1.42865188482841
1.49883569809778,1.41901728431805,1.40167963752516
0.699845052816009,0.63540909627489,0.601403896129368
0.693373513232683,0.647290304878245,0.617747742782326
0.724157689757823,0.650119256211348,0.617333082666915
0.786163006076641,0.703859010297066,0.665081618491064
0.728401185878044,0.658870962862764,0.629627494929545
0.766657331279798,0.713065726416163,0.678277729483192
0.834191529573185,0.766364501029916,0.727478309484047
1.27731133322217,0.937209838806611,0.841670011726679
1.42708006610786,0.915513078709406,0.811642416327503
1.04227549804258,0.941989932267359,0.89008015032437
1.81999939235539,1.20126895988755,1.1669054595519
1.58048911671352,1.26593868462387,1.22219450362951
2.09003498664592,1.76128704839149,1.72240238364819
2.09950472539442,1.73444905829719,1.71517346170212
2.12031258989562,1.75065218942147,1.71165554999153
1.74862167388137,1.29922763117021,1.23607879230113
2.30545142640927,1.73459598720922,1.70915325646029
2.28033569908028,1.77200085363557,1.74792740699756
2.24621943340005,1.8158671016921,1.72107372676356
0.689569060708405,0.612365280727331,0.590408872347957
0.704302102347442,0.619294982232099,0.606561445467341
0.687064072662154,0.615664883604423,0.59597621598688
0.729419283309907,0.670341394781657,0.636509468209923
0.682724857761808,0.614340002578739,0.600871770444165
0.72936268408262,0.659853083864255,0.64959934468632
0.751406518678434,0.704644587181394,0.679651268168598
1.32484357329639,1.30902685087062,1.29127379063531
1.29680586085206,1.27142546425637,1.24235088210184
1.26297145431663,1.2296895511785,1.2323776427682
0.633841692013694,0.566609016251428,0.563062316432554
0.650717566426071,0.582091191339743,0.590695231783
0.617626568051035,0.56186321699071,0.554968558473895
0.654856599745731,0.607929555454996,0.598406421553695
0.595093046039089,0.553476243144438,0.548014946078572
0.610039984585252,0.572742357144855,0.580277222310766
0.626388714329174,0.59396745056259,0.58097302085537
0.675959110603971,0.62556130371508,0.617014024640537
0.685415704803588,0.690215752798331,0.67768855582106
1.25835702446075,1.27730953478058,1.24887615825923
1.26587068813043,1.2564732597675,1.25827433326908
1.2591343233886,1.28087293608844,1.27904602088502
0.703705973693278,0.6946685585701,0.653726271069485
1.28653884659793,1.2696272694554,1.25961151905734
1.26513836802077,1.28226781602768,1.22741576554908
1.27001376446688,1.25805311334133,1.24334713953908
0.578565665624308,0.538310768473417,0.539673784090313
0.594933233031577,0.558147120276189,0.572622265766606
0.591585780794957,0.54850447689566,0.542783347656591
0.630922339225254,0.588708442181537,0.575157278501024
0.603461170587387,0.564477975947259,0.561019449175518
0.636355026023524,0.612048973745268,0.613254674111336
0.665246199225896,0.620050368777322,0.615605787938963
0.593917894298,0.542570461358562,0.544250761797409
0.614394701545611,0.567774315977837,0.578079420323779
0.611322602487104,0.539588388913264,0.541320865280741
0.644690402625605,0.568468661237846,0.564956453281766
0.628616986417741,0.550213880545997,0.558550747575873
0.66743698653713,0.589953453916825,0.60198096216676
0.69080020794834,0.59789990896041,0.614658123712968
0.881434443597091,0.881906058065218,1.10989314364911
0.915353181648575,0.819450347364822,0.88578335978758
0.971012999479409,1.00556675071655,1.26093547787408
1.5764875028554,1.6245407807339,1.98307166978828
1.26066262221738,1.41071314248834,1.93842043755162
1.55927362810141,1.69171470249985,2.2917116831283
1.56038232520344,1.78572947777918,2.46020435260175
0.597935941127874,0.529579562071534,0.540456927054233
0.636259408406026,0.564311174850577,0.573134063647712
0.564483999193064,0.512239606135979,0.526815292644031
0.579367907988919,0.533196803584695,0.545247758687027
0.55057359783975,0.505962485722293,0.524383344346767
0.595151247051267,0.541235143009474,0.552254472434919
0.563962043584526,0.527010853630266,0.552509339785225
0.625433107607359,0.573365190270104,0.626190059955579
0.654622058670748,0.582054891215479,0.651556046417138
1.23818507073591,1.2119229867804,1.20198710357601
1.26209375288805,1.21408194542135,1.27608212458764
1.25434919335603,1.18159970736131,1.27450284098958
0.677280208974984,0.599617910857033,0.658870559886823
1.2560739085286,1.22012823388595,1.25387483215666
1.27723545584124,1.21432918005546,1.24997700430987
1.26456299447702,1.2085940069008,1.26684754751077
0.539517038055724,0.501200556703721,0.52838867929396
0.570988550045366,0.52455807565959,0.554684382536849
0.53464351105177,0.507911488176633,0.540202294306201
0.555952932355247,0.534866453393618,0.56558489811203
0.538577796935656,0.509484251818087,0.553283872579829
0.551833296505513,0.522659274757075,0.571913857602775
0.57080127987682,0.555304727774927,0.59183530225013
0.618254229119003,0.610360474055669,0.641754187050678
0.619925164336947,0.611943648732216,0.650977837610222
0.576876794126382,0.552046229874676,0.586790549133361
0.648520171959725,0.59683085734661,0.630380809405696
0.752270023616907,0.699546333934161,0.729421667014921
0.688632830552729,0.627148965190677,0.661631123266937
0.808484356394547,0.742464614684417,0.773072576313124
0.676293839883615,0.628439434928219,0.668386080178054
0.772470896854219,0.717068059520213,0.767367904764848
0.791139936239602,0.743197545302562,0.791886496429018
0.63319308564691,0.637134916739659,0.668204729775354
0.722621568008597,0.75702840924862,0.776958150583558
0.686225014344931,0.678929963953701,0.71193212334799
0.809436443007068,0.827194161766699,0.852017120024908
0.553961021623623,0.512252602178674,0.561215834111065
0.584423633566102,0.535947836037803,0.593455524412015
0.574424112735369,0.527263220244319,0.570364681439783
0.597906883451948,0.54863544272721,0.587988434161375
0.608707013364432,0.561064938057233,0.596675727194861
0.631590752885233,0.595622991395146,0.636579955701394
0.67667975750804,0.63144486706803,0.646270699909887
0.768847898147166,0.91188691295393,0.758364576508644
0.755582470103139,0.858218996743625,0.762787796131326
0.705328827245923,0.63538536263749,0.681424416382091
0.792784876426939,0.860038914910542,0.777563899636681
0.838429797523862,0.876743777730251,0.844708293968713
0.659500847214288,0.618715851419091,0.661907271991439
0.722543084825851,0.702441524930718,0.694353232539779
0.758290179103188,0.693234465031604,0.817447705737467
0.890863140292459,0.800763649655646,0.971143594961009
0.818948542270176,0.745323311600408,0.899254383223941
0.62302416806119,0.560052294157906,0.591232570329814
0.677897648360461,0.615059619108784,0.64843962937623
0.609008626331665,0.540634832628,0.560967442827943
0.613267906038913,0.549164943527215,0.568313249837486
0.641477735858861,0.555528366655323,0.568445232460393
0.704118675667807,0.610224823461706,0.624107701236773
0.660102245431693,0.58079907286147,0.576095900699976
0.681621420964838,0.654071114955635,0.596816059595211
0.757708112397849,0.693939042521322,0.640840051505144
0.868512970560339,0.831842672173285,0.697675906012272
0.781262674743683,0.69098661026015,0.669859766848184
1.33061268402563,1.30622859411872,1.24229187275519
1.32047390206472,1.27271960916153,1.26568462312743
1.31938469839694,1.24725839250364,1.2601200563489
0.645904844760269,0.555901249583646,0.579884704753473
0.725631055453193,0.621800079242904,0.649972934040249
0.607102635881242,0.533253350119971,0.565166744000671
0.591950054005274,0.53979632513546,0.565989006260733
0.640033658934574,0.547399851066096,0.603296302313533
0.690619992266109,0.600143002103296,0.651645787740001
0.627090691774852,0.550637386080579,0.600994458972899
0.662197445638656,0.587485010796298,0.641587121219054
0.698876541673564,0.615677804200441,0.676845715191039
0.614746499812657,0.564039669740626,0.599367559966903
0.626807930405918,0.587213635620605,0.629976062870516
0.735744068398191,0.687067377510787,0.72587838931429
1.30795552996899,1.28455428880121,1.30529861857043
1.30511817045721,1.24795043746036,1.32818019802369
1.30273884680212,1.29272897949844,1.27002614329609
0.788055139068598,0.721970355036017,0.760980657182401
1.35347848115324,1.2731612013158,1.31723098748032
1.34067101867297,1.32735974493004,1.33617882343883
1.34496466359117,1.30777601077306,1.33271455191864
0.700820377269439,0.582548935018316,0.682750734984051
0.80005083605417,0.65832230357275,0.802630764227609
0.696741444914878,0.590518896852866,0.689691634856304
0.689067179291012,0.591575883773135,0.679936919260218
0.7702512322004,0.684221343832046,0.778180921416206
0.82129418678254,0.73491585583297,0.85073642568617
0.779672390701286,0.761668613175642,0.828893528995374
0.955834182732856,1.2328163257906,0.88901841351342
0.935908703082864,1.01382993925572,1.01012446853548
0.789414206893231,0.984303079138225,0.931160617317216
0.97580321632522,1.64146222813368,1.41419795788649
1.01806951450058,1.61927686689257,1.43221051443481
0.946393411349941,1.19427245758232,1.02940683169662
1.17273448464217,1.66923907665093,1.54506063372089
1.20195926691483,1.64207507465934,1.62487076997807
0.965571027702114,1.15252585321542,0.903112668103565
1.1165646598027,1.27284073821134,1.190043780875
1.12704835114749,1.2292542771591,1.08604881106972
1.47855647643281,1.52775479603867,1.68738217083663
1.61045646579298,1.65759196590309,1.94254707993174
1.72100397331181,1.72540403766195,2.0159466897119
1.24832823945131,1.32913628480035,1.21780795825264
1.3197362359347,1.43300069518839,1.4067832719097
1.44345084387693,1.48756336482175,1.46609794501991
0.851925247949992,0.763126307576876,0.833238573298144
0.965442962376529,0.889084117429398,0.966019817602462
0.87699141558548,0.758557836365191,0.812042209437281
0.877033888353032,0.719094857846712,0.786988519304492
1.01514959051062,0.892094451150865,0.935618691156556
1.07815640125311,0.992017675622351,1.00436411716137
1.14908580859391,1.08484116959423,1.07504929848456
1.34944408054419,1.03348185769918,1.14487766857219
1.51826174069336,1.34796035298938,1.51788671586712
1.53962515371674,1.32197610548235,1.66501914972051
2.11431340086898,1.42954408890903,2.35965903926999
2.04240889724565,2.15399381938072,2.12988325754688
2.30234551284678,2.71303268200004,2.28811678185588
2.50871112680394,2.39689112935391,2.67469335812902
1.08573951910574,0.868641760948464,0.992500130675536
1.23804004104019,0.980957049094142,1.18819737786142
1.07321996766706,0.835155279350359,0.960281483816319
1.05003389059512,0.873656717369702,0.988987157392322
1.20692217480035,0.869094973428814,1.06007150019698
1.31194455684529,0.951349098421533,1.16069856607718
1.34151373920863,0.944081567975786,1.21588177469152
1.41862459710217,1.0131684794739,1.51128035581064
1.49562987994977,1.39641415721121,1.54379770609836
1.47478075139467,1.41101575283751,1.45601953051388
1.56692503317349,2.06754327476094,1.87457421903584
1.77028768189494,1.71444291580276,1.98392256677419
2.15023271983416,2.15298739173505,2.39072672870418
2.15283227933995,2.15710283946995,2.44204511454761
2.1258418950885,2.14869080268373,2.41972098165485
1.66822240639074,1.9509585996267,1.85692677707445
2.03545655098446,2.3970415051457,2.28362404917349
2.03786622608022,2.40973888457583,2.3050809552002
2.05233893100499,2.41234041376314,2.29522640515827
1.24098253877521,0.969160533843505,1.21867139433422
1.72205097503669,1.16318153364959,1.74573610582252
1.42066558783091,1.00115376427719,1.41074357964699
1.87006236065727,0.981474941745598,1.72988134553497
1.55542326839861,1.20921330218108,1.72791711534093
1.67924129776781,1.33546877597807,1.95780351381409
1.92648825516337,1.43417702619664,2.09288317647717
2.06081795489021,1.48855689692606,2.13355004353506
2.06965961477372,1.59395412629517,2.36036495812696
2.27477837743885,1.59967919278754,2.483440449553
2.40391941100596,1.73641843193134,2.72108494015817
2.34233717723362,1.62497449687881,2.47877901510676
2.7262819622729,1.94969698984831,2.96230455152261
3.17536046263226,2.39219609117433,3.35136797046944
3.09505266819877,2.41214545578835,3.38559354327553
1.43873473362175,1.18801158990166,1.67810119940932
1.5592637037213,1.34870741044248,1.87301766939941
1.3567190741488,1.11451254012306,1.5899286070141
1.43562113253356,1.1438154381442,1.65066095066582
1.30266922013754,1.11767251050288,1.58435184104136
1.43586984614264,1.19111717748173,1.68203469741097
1.28375663445354,1.12279472414553,1.60167632084267
1.47660668897992,1.36643745949952,1.6369009711642
1.64733986794605,1.41004771188731,1.83822597236345
1.57452142291183,1.47314247157305,1.86437112973346
2.00593386469142,1.9749824104778,2.16535926960352
1.93546295679954,1.9558675308511,2.17414315554651
1.85262104914715,1.7862146396147,2.08926518320057
2.26948623048169,2.40444793790997,2.49516978095856
2.39128629165601,2.24935753609655,2.51694747180592
2.7804159604328,2.52930594657725,2.83335917656674
2.73115310540295,2.72380862007541,2.8436636931077
1.24651523926007,1.11971089003403,1.56973790535039
1.20089146658523,1.06877652134096,1.5592325730006
1.34235903250267,1.23735962052429,1.65194807530643
1.44783505370806,1.33588334886419,1.73865224732172
1.38184794624513,1.28883379443984,1.71060799601334
1.39984697349527,1.30749529892904,1.74336484590611
1.61962896618971,1.49841739858196,1.98018880596375
1.95083935758006,1.88229470434853,2.23058531665091
1.8580296071418,1.71287918130889,2.25792009682742
2.04276527284764,1.97808708848188,2.52147145036053
2.4269610610501,2.39872545046501,2.96204950902828
2.46802372671529,2.46673496125107,2.89056813363518
2.35272034427793,2.28147523579235,2.81238119960936
2.74685910232232,2.67839651858397,3.15726610632219
2.79581514412486,2.75192629783498,3.18558237412501
1.27333071877566,1.1994561302688,1.58731244633554
1.24813167445448,1.17501484654697,1.52972908969424
1.2602381591674,1.20125962108123,1.59624264312713
1.33122550780754,1.26998480095889,1.68521738105793
1.20909561481999,1.16842655191847,1.54131892630444
1.26697330105606,1.21529613711139,1.60600595118641
1.32580529596176,1.29215354493243,1.68587527056637
1.44496035749626,1.42462663529105,1.83792226162198
1.73005199559476,1.78048268674891,2.16035168510803
1.90295735166548,1.97562826804263,2.34744435378033
1.77851689913841,1.89070136297991,2.07692394418695
2.2310325432375,2.34729022785051,2.49412995527651
2.20965773020849,2.36272843509965,2.48550964365423
2.21903831045686,2.36141491463316,2.48107573095928
1.06593841749484,1.03522634411155,1.35198093546941
1.0562677466783,1.04152409361004,1.36433537479587
1.01316575948959,0.968588945539756,1.23898200611608
1.08289707704228,1.02291104362381,1.2975167898886
0.936466672461264,0.887434002516692,1.10824643824277
0.938525655667125,0.903187904455461,1.11771684954231
0.9818527700979,0.885739746864381,1.0965682215012
1.05082944989402,0.950036816420954,1.23456222016174
1.02000741116305,0.963536349606012,1.66967783379811
1.4921363526864,1.44193061402243,2.12618898179661
1.46358814087118,1.45354597598681,2.17229940184909
1.46651584274727,1.45226742825498,2.17029698909271
1.07476781541667,1.02667869900616,1.62096170960588
1.20048359575925,1.24739296999275,1.9240668786548
1.26619635722656,1.26846145343114,2.14349736526102
1.31596811506967,1.19241501860039,2.02114174624677
1.74138697472703,1.6323515444679,2.41084200453206
1.78749917615338,1.67448277493451,2.41438610000246
1.76256465535235,1.64721830091801,2.41951301300645
0.91697128365926,0.863879471459952,1.06558055488574
0.890364366261784,0.848253480016536,1.02548433324721
1.00112005629422,0.91990391674587,1.13845837193436
1.06848642369755,0.976060299333635,1.21934713383348
1.0609692591386,0.966372122967382,1.16097757969315
1.06485106624492,0.961099214525158,1.13534614952708
1.26526719291482,1.12036286334617,1.3239636895192
1.61051776596894,1.38303051375676,1.57852961279314
1.35988179000036,1.32993657087073,1.68907419456836
1.55981458163823,1.60574322903603,1.89793219633725
2.05265960342801,1.71133073189992,1.96852529231144
2.52591581165966,2.18684695239017,2.43553305453412
2.52932367828836,2.17493089203969,2.47565576302027
2.54572057889105,2.19480702942827,2.41213300742622
1.02938099816414,0.958179932865517,1.12393264260807
1.02259215030215,0.946400382123143,1.09364942323308
1.06416266136436,1.01207073034785,1.17405924763585
1.11427641782453,1.06144868491563,1.24256764749918
1.09320374715063,1.05687611567721,1.18066858645417
1.16798935577105,1.12268978518152,1.23660741097522
1.22658095701041,1.1954398577627,1.32615965008371
1.27159448282772,1.27981240315997,1.63704743781821
1.4611836891333,1.39136195778309,1.94004910734628
1.61022603182784,1.52027958457736,1.96660817678217
1.38955896859544,1.43793317324565,1.73137331443191
1.76463604954405,1.85592393629594,2.2516539259959
1.81076248088725,1.85912125345945,2.1690340433901
1.80215310349503,1.83864983888747,2.19939360149095
0.986461728132751,0.967273077084798,1.05854889040736
1.00536390760578,0.989845358474062,1.0500968045113
0.931580144381875,0.916867961571914,1.02612762206589
0.961794603869799,0.9405789981143,1.08038024080663
0.894286497065046,0.885986520257243,0.981195339149009
0.95852337042524,0.954752063669126,1.0314207929018
0.971997328444845,0.957619589744987,1.08585766249385
1.11333228396513,1.03566705308344,1.25441811959573
1.13193105870665,1.05009007452226,1.33522530373127
1.14108416440112,1.15429215146429,1.34808358675507
1.38692067536029,1.43495276418724,1.919668174789
1.47936803679403,1.52557106330794,1.75564965465213
1.3929981491731,1.45090676035685,1.78112946293989
1.87199428774047,1.93983037943251,2.38900382800522
2.01030246211874,2.13841834549438,2.44020604346739
2.45704897803067,2.55173818882503,2.67437097991755
2.36348649160774,2.57408024919634,3.06816669545052
0.817157519375515,0.804911951220875,0.878418613764087
0.841295809576333,0.838319963748009,0.876089502836199
0.800673291770981,0.762917285657979,0.868700163514718
0.844457162262585,0.78779931411012,0.934580166526624
0.825394152975336,0.757107658952414,0.856539174398769
0.859244899081869,0.787799677598151,0.875285369661222
0.922871435026784,0.811285853709441,0.967028180384937
1.52762346513797,1.31674791624202,1.59640824893048
1.35799100803776,1.18627485157855,1.40658014550425
0.891566893858872,0.823737555080842,0.879076789251355
1.67785037753336,1.53290835726102,1.64093750774394
1.59194453133306,1.34717545450928,1.6812987149969
2.10961641926673,1.86472589631442,2.23855330920976
2.13354791912623,1.90088773985125,2.19027227320405
2.15383441875951,1.90364015263836,2.23225048998963
1.47713242319418,1.38823226586027,1.3445267383817
2.05493944461978,1.95691659769405,1.93577167514698
2.02478855024043,1.9314843526478,1.90824044424584
2.05069182886347,1.93171933216135,1.91247259690243
0.856067815116366,0.790199710219057,0.852499686245424
0.910085481013259,0.835193629846212,0.880465243683084
0.894286154769629,0.842613378094801,0.901936609763879
0.91100391927353,0.86838472621121,0.947196187748389
0.987066365072056,0.93820337505609,0.974820183641867
1.06105038157602,0.988608990921367,1.03064641437482
1.13518231888244,1.0987441368803,1.13640931544732
1.37619932458351,1.25949902406632,1.22660492388429
1.43062553689004,1.30063453626314,1.30000900864263
1.43271321015071,1.41677812821805,1.45472062906499
1.82764784037666,1.73304048733254,1.66711708176296
1.86940987003854,1.80708403662403,1.75437735739758
2.00732541374691,1.91900425300466,1.66722882479335
2.70017443019929,2.59946230898581,2.01168862719142
2.47569413171568,2.2092197913015,1.93532200547572
2.56749081072844,2.21395214348996,2.10858436821504
3.08356973890955,2.75231458913183,2.2014536790094
0.954992552061091,0.934480219486973,0.948523796711401
1.02845514944185,1.0061645031688,1.03443911322755
0.922669751485271,0.921608807590643,0.92196394340896
0.925690916451125,0.927176186170815,0.937299587754794
0.957138978621619,0.974676070012629,0.98024165745192
1.0436796097637,1.06178417426188,1.0747003117344
1.05130562425275,1.0845757114425,1.11192219389178
1.31868469095352,1.0749270532963,1.54045495712711
1.30903678323241,1.18996838841148,1.48926830961571
1.50482025437252,1.23845389929348,1.64693432494674
1.98791506401373,1.60036200115834,2.1764260561608
2.0376880916499,1.50022170375623,2.23701389747736
2.02339076243059,1.83110586390082,1.98020226674564
2.55517643952092,2.37080730550207,2.52784000791736
2.48695882092947,2.33946639636258,2.28480613255662
2.37105221273571,2.08513733184405,2.38072773845745
2.51059704997721,2.17502975199744,2.72410921975626
3.11036214235701,2.78227610450669,2.93443965760006
3.7164895224013,3.44886427772524,3.24890519774103
3.72149383143884,3.50877028628285,3.21190504556548
4.39135847172621,4.09254131137748,3.82644795071411
3.696741374323,3.2422812647763,3.68764004756091
3.74760944477642,3.24000161383912,3.95352342297988
4.30679764071459,3.83199426385777,4.18188369598454
0.899430204601501,0.908116176017673,0.928002159811644
0.985171375459119,1.00049058063392,1.03264699276621
0.831936053398713,0.824891096500719,0.852825140490094
0.833683315131538,0.834702834503801,0.85111165846601
0.829945012947745,0.821237503635159,0.873025758076628
0.923019271397498,0.91793743902288,0.988869876668801
0.886404469208892,0.889955501332586,0.962538989388952
0.927345652148156,0.880859786416536,0.988430550698462
0.982869705915688,0.960818923124996,1.08846508588461
1.08224326422665,1.05294414985965,1.1647511698458
1.36846922126388,1.37010925399708,1.52182828843866
1.44201281832437,1.41832763657557,1.49472225159815
1.73288766535541,1.79830962644077,1.80582043433033
1.64221370765433,1.55803630059088,1.69500330712781
0.773764830926551,0.753114534567122,0.796266598554583
0.845835186624612,0.833151035256162,0.873517391796148
0.734803825301937,0.693844190647763,0.73692514319688
0.767189930927684,0.715403861855092,0.763618998708048
0.728361466368831,0.676989952106395,0.732375608440468
0.76565278829332,0.724427228434919,0.776012952092922
0.754585206975865,0.708150901206312,0.783798710493129
0.796767891205991,0.771854306601635,0.835064166691023
0.826692813896174,0.802568788785628,0.870078559996611
0.762533211394335,0.708661615987826,0.823282245828542
0.820610793795438,0.795211287983045,0.896727902662233
0.913536792544791,0.901836985195563,0.970270316586911
0.872113264292827,0.872586652534709,1.00404796693822
0.985778242910404,1.0199098064165,1.14138703683812
0.878543575563124,0.875452113078136,1.05148475671848
0.99392089744548,1.03198289783074,1.23129412681647
1.43598275174549,1.46676794050018,1.625822839252
0.83165254364342,0.779690085618434,0.939224473306735
0.926479286285493,0.877253248267383,1.04109371707294
0.890087892423317,0.859659068974022,1.04850668933959
1.0247928303328,1.00310866818786,1.21581852788652
0.745141167304797,0.689403876421863,0.748364860825861
0.791431583616618,0.741525157552984,0.821394593928885
0.802084558383182,0.736167295420178,0.793671826586502
0.880828969494489,0.823112906624046,0.877820113964292
0.921098707419526,0.870967163494678,0.93427793424777
0.975656271077238,0.923193358044109,0.966304492847572
0.860713833680113,0.802714579610187,0.858296633951911
0.922746584926746,0.880542785204384,0.930667772220799
1.00579640964292,0.940490076122992,1.00351475308985
1.16795150596342,1.08540736531284,1.17197285504431
1.13952154638991,1.0935094798701,1.14788054175725
0.988456192209448,0.942017952508453,0.99998520419998
1.11184691825575,1.07190718436415,1.14471863778361
1.14743686826389,1.13173628743215,1.17853561555833
0.809462889709142,0.755357808348448,0.80707932284105
0.933799354568769,0.909937970353795,0.929037683177955
0.743645540701402,0.668118909525929,0.744072439364734
0.779445068366754,0.706840240840297,0.782350810972233
0.737588195282506,0.662872998811672,0.743836392114205
0.799248091930928,0.732887799943794,0.805304820782595
0.833841059361453,0.757762790918519,0.857708989655645
0.919801440688918,0.863257254789785,0.966622400644098
0.916716027677867,0.833281790070531,0.930287475139197
1.20940837284818,1.14664292944916,1.22772893291101
0.979406762889062,0.934085379640246,1.0096038829248
1.44135119376285,1.47554349456702,1.48006277245732
1.46715550587536,1.40448705412996,1.4552041951042
1.47829570793269,1.44443690086088,1.52274080942936
0.679908056745246,0.605867291405031,0.670526589080103
0.74757337506114,0.671297289046234,0.723895251849811
0.648572249719347,0.584196348068903,0.643282171522082
0.713816238550918,0.653397023194956,0.720318405706722
0.620792682088695,0.56442665018095,0.605083517980643
0.674637965183976,0.641165928992394,0.675100923208223
0.660450873110822,0.6081129538116,0.63893016469358
0.590525489775452,0.53307718429145,0.577033058636221
0.684284438664195,0.632864772100733,0.684565404814924
0.571992792283043,0.524767079717941,0.553171863991116
0.628726626667127,0.597205321287779,0.601007239827424
0.576595567566034,0.529904445446231,0.574557077012989
0.620854908459,0.574641352442144,0.640428186896098
0.612367457295281,0.607618418770041,0.637040182254077
0.667040041392848,0.653352561414062,0.700516414372391
0.684142557904041,0.722952683353096,0.746974844033831
1.27373645264075,1.29381117645006,1.30745178851306
1.24715502127996,1.29215059320772,1.30529499604133
1.25766361507954,1.28649190045457,1.29446540178394
0.651575803979046,0.720972109077721,0.672733405497559
0.815510714648657,1.18956786153449,0.860716881718132
0.835842658861963,1.22194662890069,0.892916379998261
0.777763689795051,0.831655667816343,0.78335608511813
1.34680010948865,1.43389435018762,1.36111479309188
1.35541063348383,1.44190123490447,1.32804820034126
1.33641353401974,1.43006547045019,1.37055804168219
0.57653296358656,0.523117204887829,0.557401856541745
0.675132252303048,0.625850504019412,0.640235383716155
0.572599611902102,0.519729171867865,0.553145690495742
0.644243792064164,0.586252129792688,0.615668436860248
0.567558183813248,0.518290835136992,0.545928941255859
0.600447110594681,0.554061836827267,0.576507227761324
0.629779164302354,0.594779724333678,0.609410747374414
0.73402728918688,0.697421354817729,0.71441086197679
0.693890636368806,0.673549128077329,0.684166717528074
0.618746015484572,0.586372424315751,0.594928532147543
0.713387282351257,0.675449969279825,0.684434836481231
0.829499944825312,0.779685705797456,0.789454939256692
0.774482175601265,0.760978770342034,0.76282301762955
0.931989965570435,0.912933605417812,0.912275939941025
0.744832574158282,0.755192003774813,0.753382321226879
0.861024700150937,0.891136892256247,0.882540550067728
0.644889037029144,0.632569429189399,0.645228846220072
0.724661384105847,0.718137891888568,0.73850647374508
0.701612586754493,0.705567261302535,0.714011630518911
0.816777592205458,0.826283649857756,0.842453176992366
0.554759033950649,0.502805886406253,0.54380955583124
0.611193361443975,0.562156325714277,0.609494882015322
0.594251176662439,0.540910400829595,0.575431467632388
0.734765768189218,0.681853571788632,0.688166453673879
0.817886508803764,0.775192575443933,0.776352414406596
0.857598842922533,0.79597382203131,0.79230522591823
0.615511327859045,0.570276168472402,0.617764807488344
0.656368116646582,0.612002013325455,0.658935413947256
0.757455902395559,0.719777861012464,0.742106780001138
0.944499109950539,0.895631752800794,0.937534416274985
0.94567865790416,0.920126206361301,0.954890695945509
0.915273719983353,0.859339670976627,0.84959546693461
1.23937664468851,1.15983951863727,1.15690581879924
1.2128712411011,1.13584149458289,1.13743403075743
0.588928957646671,0.537358867263943,0.616812953160204
0.671311819604128,0.638562454012315,0.694231456316786
0.593528250139888,0.525331989347709,0.647155909939552
0.662360481937583,0.603648220230663,0.713056598825136
0.610371953805247,0.523694936350525,0.697249107884489
0.646800561325703,0.556883622961246,0.756482395042756
0.610060231021373,0.533398764876846,0.665430212937822
0.694888063923902,0.601759962426166,0.718667177033339
0.677472016267468,0.597805606872998,0.751854081940021
0.602791344639261,0.548117209792785,0.648407346231574
0.63703485695776,0.593715058983334,0.659973098636682
0.73593817871633,0.679281618571919,0.762702156340017
1.30186798426808,1.30122194157818,1.30166870485688
1.31202138665092,1.25688062306228,1.34320259627361
1.29621491975797,1.25135942775299,1.31128522462106
0.661875032103165,0.635408865964127,0.763591080926701
1.25838813321076,1.25820456536946,1.35180900971271
1.24295631761242,1.23629557822913,1.31433859366739
1.26104294885672,1.23897701210052,1.2948963020558
0.743861800837868,0.599897147072181,0.869487673247077
1.03189452057369,0.943030117567055,1.37663402693932
0.975177133288904,0.588263738537008,0.905284090064013
1.2639135749068,0.790819670327931,1.189481734084
1.12466177173586,0.620544094253909,1.03837012003069
1.15342635805859,0.667731494331269,1.08934361275164
1.52866473957732,0.747077002185572,1.3695245788476
1.74934479640991,0.858673514669728,1.86935684821
1.66240632578341,0.874505211536952,1.73933644196259
1.78357814663389,0.919029020125599,1.76753217066939
1.91742402105743,1.30685771369126,2.1011925018167
2.26163729103949,1.3991459968719,2.25380081581479
2.20809700567554,1.4784201661908,2.36304022544517
2.64134759994032,2.12606051639173,2.83636794408982
2.8602897928996,2.13824119047181,3.11692022688495
3.09247648059785,2.37182188564205,3.27886010805355
3.41621152485084,2.75022008375918,3.80321682171436
1.02469680208682,0.582469011923719,1.00213332712073
1.20747284507287,0.638101911732979,1.37919261053674
0.976288718091075,0.601654670987165,0.856585360081726
1.1557851833951,0.699131642602017,1.05116317007769
0.871489336760272,0.561098984304518,0.784611540708121
0.94156980728426,0.563963254997901,0.861963183396957
0.707767259319335,0.576816593784849,0.675969502616396
0.723573649291453,0.617357427946618,0.715011522028379
0.779823891572648,0.644317863158806,0.737105824180953
0.700321156461963,0.573602021027181,0.689454443175853
0.738838717636005,0.559543245324319,0.708739011861383
0.975546411826904,0.591334179382764,0.900805631831895
1.13588626967779,0.708186893812573,1.03644486877646
1.03650189328408,0.576120384709461,0.99564402717276
1.11729305351826,0.577382699789562,1.07475696064028
1.11858505195113,0.618766598399262,1.11844922828857
1.30285297547079,0.683293969443733,1.24018371479716
1.37308406100354,0.691455572388957,1.40164815335746
1.78728560788557,1.25211908628736,1.83844649698061
1.82206962332351,1.26469202609324,1.81911478077939
1.76940629683536,1.28626311297569,1.7886581728257
0.993833162489394,0.652624657543557,0.993687068980211
1.16502695677375,0.801552229088977,1.12326174805351
0.933718409749932,0.650027533975677,0.89666271175251
0.96046841792716,0.68580408579192,0.940041359503028
1.08415658367937,0.723361053494202,0.915672093106912
1.27506406295681,0.835226744523936,1.01696257997597
1.34792956389894,0.826749078510177,1.06806388610298
1.37234191600245,1.11954111808055,1.15609249042489
1.62480888795604,1.32003833234626,1.27222222097199
1.63945855060165,1.1971528386773,1.27935304332863
1.82835275031972,1.67500715982845,1.48502693917082
1.98790296189479,1.59313836072566,1.56724430852242
1.88691919763318,1.33876007392341,1.59753367368489
2.23832734648671,1.71253453179807,1.81559553901837
2.42301328949784,1.71323744340048,2.36303585342578
3.01951979201599,2.10380282364183,2.75657528027048
2.6866097345177,1.89945719098406,2.77134674834342
1.02297025466923,0.728699623201591,0.861163328032861
1.24983695292184,0.911290923470057,1.0130764849059
0.879769647488717,0.676005187822564,0.793260324014598
0.881692224049603,0.716066757680355,0.832792298259579
0.941539495281703,0.736427845848811,0.839569040231917
1.00184240887655,0.787371061432812,0.907578284743557
1.13348943386861,0.862954853471019,0.980424507363086
0.843499393845657,0.719395242189039,0.77086544619204
0.999608132078154,0.894099758392932,0.91013685771399
0.70514712254494,0.640006392223803,0.673140075723063
0.71758042845509,0.641347170526619,0.693205099957061
0.68488973184075,0.694804930839469,0.674580650536251
0.76500018430618,0.840384767763036,0.745785589271984
0.760190880505712,0.872676148273905,0.735188295963969
0.859191475240801,1.43028947284489,0.885403273321761
0.923686982523546,1.50526239258215,0.96071731379265
1.43881624561244,2.01957005665641,1.45139336807164
1.44301028820482,2.00526542217302,1.45881442097437
1.42127942169325,2.03952232720619,1.5135249920612
0.90574313972067,0.923470823496802,0.822358592664
1.54107324523995,1.24103004562392,1.30022004154165
1.30621828300174,1.52501638438355,1.34274508988626
1.50342966586286,1.25772017761343,1.25991199294358
2.05866083642316,1.76983572973616,1.80730021158735
2.05661640657013,1.80809723517133,1.79899110319041
2.04156142216071,1.78949177326114,1.84611620344036
0.635340180104605,0.605570769424434,0.656746499497089
0.681365475951938,0.631686028378304,0.700990699807338
0.654925019279065,0.648303529750587,0.686913622897448
0.736045438593921,0.770502600358916,0.764503447434862
0.64423490970766,0.629100122195426,0.686053126464919
0.667250526516028,0.636314795332586,0.711167298376228
0.782163615021089,0.776846478494129,0.856304360237948
1.31022358088139,1.28666050655486,1.48639256670222
1.20229106430659,1.03886023261046,1.07651038449854
1.70440512307221,1.44827937765472,1.40082417363426
2.36522686795064,2.05941874062914,2.12266651134965
2.54018246097764,2.10104589957396,2.0117057863227
0.588643375075684,0.569805011624356,0.607347600557459
0.680611989357233,0.650039635222176,0.683255701922745
0.547644965142938,0.521264812847302,0.567986061784485
0.623907550697946,0.584975159605032,0.64447410113331
0.519961973976823,0.49341447795817,0.54628628957241
0.536129661209379,0.513810102085097,0.566215746505717
0.55551867520431,0.512742860940954,0.582351348493836
0.643040711489695,0.578572718936041,0.658600045648094
0.618620561854793,0.576032528896106,0.649458147305448
0.553075978813014,0.486564327304592,0.569570765179417
0.615068711898762,0.526453508807287,0.603919120722104
0.691823168897883,0.603903210759366,0.681129128408502
0.702355604592244,0.556326303255142,0.65494846291311
0.838350480954456,0.654982862071937,0.767042634673385
0.717830306374022,0.539258464965308,0.664394776537433
0.866368196893782,0.622661785285694,0.778468396645037
0.894591281829644,0.611549029335836,0.826018122144293
0.640899979182753,0.515084749681867,0.638648066079178
0.753524931047269,0.601353005456188,0.744836689039587
0.70495159525326,0.530337651026894,0.67110695795109
0.83267656618502,0.610513201854816,0.785545398507169
0.524773098509759,0.491039644311256,0.552328186807643
0.547069352788682,0.515634669606051,0.578557485466096
0.555367650086686,0.512904260441354,0.576284177071162
0.612961427258045,0.565615376256414,0.629993358619801
0.562054396953509,0.516671911150278,0.581667166765342
0.573759689403995,0.528609997088444,0.590496584673809
0.629646753090998,0.587253875247901,0.653778349275685
0.703100200434884,0.648675175559519,0.756049961044063
0.69035238089186,0.652312334485806,0.737850509893942
0.725922149773117,0.663647937747178,0.749792098522107
0.826648681259293,0.757907928044215,0.898696527363917
0.874820606571043,0.789523128942814,0.961625143869647
1.39497611002824,1.32708943659056,1.48356511252175
1.42697524100156,1.34272798994267,1.46848791074078
1.3858868555944,1.36248539834512,1.48216124337327
0.882494643709581,0.841042732905073,0.928856638875857
1.39943922356119,1.38775144533128,1.46338558038167
1.40919713524201,1.39625032096364,1.42150592061807
1.40562228323968,1.35329279698043,1.44735607257742
0.552958372976697,0.4998468578558,0.580109304672056
0.572673137462131,0.519044990998238,0.59738019260277
0.570038059760206,0.516063280803843,0.602456064423779
0.643517764468768,0.602618770288801,0.698924116315311
0.694555377718065,0.664658481010196,0.760569291515642
0.733523218947853,0.705667491033018,0.803754283190037
0.577771857082853,0.524968178472424,0.616354073410088
0.61810631083763,0.569716777837701,0.656305595901433
0.65121099038626,0.602734794283458,0.695926660601154
0.733916991507848,0.753300160948982,0.88586926387113
0.777897193189295,0.754628482186195,0.887688265344329
0.766529216465251,0.780407064481689,0.931547121768072
0.985554254399919,1.08892148213482,1.33216407500381
0.984482307100445,1.07706596344103,1.31700561568933
0.542527728692795,0.48830002366352,0.579784874601088
0.577965970605461,0.526235598568688,0.623082886150533
0.522106014153585,0.468973889270108,0.556906818192584
0.557169769838596,0.506289629298581,0.599547635176445
0.509371623976604,0.457870187503255,0.539754123680108
0.541440059777297,0.487275124739821,0.570830146611865
0.526709411152038,0.477512075270212,0.559495487579549
0.587026454026404,0.535554033448709,0.619126338044763
0.572409340529846,0.527592266706707,0.61423178515317
0.554621311771781,0.499376645571889,0.588001731951668
0.630077484052477,0.555538078261595,0.679888999492442
0.658322872786517,0.577200143920037,0.715424593639742
1.22710978948101,1.21315731467858,1.29492548466362
1.26671207867731,1.21052664992477,1.299270945941
1.27295966445986,1.20447154368009,1.27268007831503
0.691509854871168,0.632023908719049,0.727398703467302
1.289222853221,1.24586849868469,1.29434470739997
1.2804988842162,1.2393514527885,1.31382703541979
1.27085848127866,1.24368442417454,1.31073257862321
0.49452648705805,0.444050844681711,0.522423613596673
0.521242928564075,0.472045026853138,0.546255863062675
0.490249276526382,0.443760149246438,0.519859122414996
0.517679594948325,0.473895440774715,0.547579998363315
0.502585001778835,0.454462562121935,0.524192120302216
0.532639022913532,0.491428501390291,0.551014143045486
0.532025133597256,0.489576196402145,0.548169450227826
0.57597403002245,0.549798633859476,0.614529518907974
0.576637014829513,0.531733674214206,0.589291910175014
0.600069991770528,0.564456807854426,0.584605943066976
0.737065821701048,0.808478321636171,0.743455501169909
0.757758424624601,0.82427268489584,0.755900332008441
0.618068295892875,0.609640111945306,0.620700282442823
0.773715907571046,0.917386748660834,0.813776180734402
0.747416294510902,0.749765813641959,0.756878167251497
0.875966258152545,0.874734214263616,0.869480856341664
0.884241378062065,0.978145465949608,0.929822763585904
0.518413032042959,0.46390787167937,0.543361833261671
0.551869885550702,0.501888180899887,0.578849745994936
0.533704968553491,0.476424772296795,0.559809516241806
0.555380684243985,0.504238769558808,0.576270760191493
0.565788089545013,0.504157681973034,0.597166380206544
0.614745553564708,0.548133574293277,0.642623963200585
0.63730314010688,0.570100036121161,0.669018259358358
1.05036551386195,0.631408259388173,1.08142215934211
1.09677971585504,0.63829699787965,1.10733624007939
1.29848847975267,0.667699366930403,1.16382504215705
2.03621404317279,0.873100216909927,1.82351083095561
1.85675311393746,0.963524828980322,1.72783907111898
1.56779036291257,1.24535047026278,1.36673825625134
2.11628371275784,1.90527033221241,1.95534527340133
2.1222624074055,1.91485692967954,1.88903071982868
0.546950497107453,0.488227830024021,0.584781715502851
0.582218708118193,0.53138472175964,0.631127066707456
0.53217016004679,0.468036829472334,0.561831884982478
0.554818375395496,0.487863406702154,0.578627562209065
0.534527917592967,0.467304745254151,0.558454467541373
0.575866451740263,0.511235599788627,0.60331093893251
0.576728167393557,0.509398086768784,0.594270061013361
1.2018509570905,1.17229534354113,1.16747384921129
1.16509821004608,1.17489255121657,1.18936092927522
1.20000566535555,1.14719665781095,1.22178786759212
0.516945414921317,0.458531706846719,0.54355468407151
0.55839524790143,0.502076440060208,0.584534215354792
0.504961517985279,0.450045213386905,0.526912415175224
0.51870982518646,0.465602724686005,0.538559580336532
0.514598287045524,0.462813804974442,0.53337637543047
0.548150667156553,0.50048658506395,0.562544382220152
0.518203777839344,0.464494542851413,0.531653288922945
0.554325341879525,0.501511482727671,0.569566706934536
0.586304654006689,0.534442297022127,0.605374852046281
0.521666663061546,0.471146310707896,0.529759251349076
0.542812482638544,0.498644711280708,0.556415468128119
0.583990539827369,0.529893598965054,0.58657500393409
1.20023325564753,1.19895851348513,1.24187814011599
1.21598414734144,1.15131078084313,1.20306590519411
1.21021728999833,1.18586854499308,1.18049062798721
0.61474380619895,0.55702957785275,0.612973084018088
1.2328451629869,1.19985003510393,1.21966358848117
1.22306957428568,1.1740594567712,1.24837928286592
1.22624939989213,1.2076527553086,1.19993457196778
0.535205219191397,0.48440568681944,0.56121110607647
0.583658367025949,0.530716074537186,0.602931766182905
0.538019760568238,0.493276779573407,0.583430885610319
0.548161902761119,0.510760758003243,0.59706480393833
0.580351807578542,0.542428485508403,0.646188912490345
0.633905851117198,0.604413712062178,0.702492261123596
0.629708390472707,0.598032975308175,0.708430575123671
0.591116919177307,0.541526403354176,0.653368120880402
0.670115394353214,0.60985280057005,0.736670409207985
0.584221260243506,0.533197541814917,0.633846850359456
0.604687569662097,0.554809147535582,0.643679812447112
0.619634577847127,0.570234307477561,0.668429566129149
0.676423953279286,0.630286375422609,0.728177616231788
0.687760787061336,0.66889256650167,0.738152401844967
1.14069284589544,1.26463312549712,1.04590917400584
1.17578562414776,1.30342819118633,0.990744595344228
1.26979848562683,1.12301283617675,0.957902462144473
1.79204154979023,1.36309224828519,1.0680192040771
0.624089769993955,0.570800691125985,0.655809910089257
0.738725095983862,0.683187862177311,0.758679311051064
0.602766408147527,0.548299839574543,0.615549578825121
0.64705833239317,0.593540274738513,0.651662955030498
0.614389412657201,0.561717501677484,0.620715746897744
0.63042273470505,0.582844308219651,0.647680147779483
0.680252437893299,0.639431699977547,0.722158147079671
0.75391038907251,0.705047171622013,0.799504400387783
0.730037143143077,0.686561226363201,0.76197337580304
0.739888922497981,0.7050971649725,0.849403991980855
1.02073023710203,0.95364071437076,1.31306128040368
1.04543942120894,0.906091186306847,1.24049723660802
0.878408856035441,0.85488681332823,0.918509745572304
1.091292245882,1.0212018380536,1.14100883434089
1.41417212776198,1.27860633805138,1.60665612264539
1.62926568763779,1.41558359746007,1.89943705287675
1.77477353125476,1.59809774787104,2.02813638886849
0.608621110334748,0.560418597640678,0.604189561500272
0.685281876163937,0.648359292213182,0.678194330418546
0.588799914419008,0.536010054608739,0.586586136848609
0.606242539542241,0.567150187095792,0.62202538612425
0.603869926996495,0.541421631197953,0.588460632599146
0.667109251101534,0.595100583864899,0.63024545344428
0.656136279083728,0.602074457546405,0.6486877247559
1.12611508341252,0.996763887726884,0.969706055176469
0.990654613854863,0.88082619598144,0.895869473360537
1.25418244891889,1.00991585257415,1.04498433304825
1.95151995598337,1.69207384472414,1.70810223024571
1.83231591246517,1.69215553205156,1.70233896390749
0.581317505542116,0.516706761709628,0.562086133473175
0.617291109482959,0.561432425622186,0.589929156136555
0.599611188400028,0.530348203534661,0.574446678908358
0.673015709140155,0.606640480591934,0.640322891119319
0.589908763545345,0.519554369693271,0.560279079387576
0.587982798610518,0.522354442737291,0.562004719537101
0.655703422156575,0.594725047409143,0.616161811181724
0.745079535431147,0.681527823309816,0.690968042909625
0.725505803907806,0.679425914877456,0.69274218391345
0.642175846594787,0.590252699496603,0.613885938936998
0.707928115251899,0.654375073304973,1.33274906252726
0.814820728044234,0.757904572959212,2.15864585544122
0.774439077361832,0.729542559475311,1.36800693951412
0.922803839647593,0.885681915243742,2.19444885798817
0.776119633567627,0.733006108059548,0.756746094188122
0.882962648978108,0.837773081319981,0.859281300162511
0.734605166477029,0.703246303910971,1.29849717853488
0.867663174325191,0.850910128087839,2.12124992828367
0.795598983006953,0.759148691913641,1.33908555086988
0.950370939393781,0.922126187488215,2.1647936436536
0.583419858454616,0.505691906943425,0.558686208743416
0.599562693676707,0.533305667870859,0.57600581885557
0.616491629889049,0.53040727723636,0.598692883683761
0.678519132469734,0.590285651366543,0.652415435242502
0.64083796773622,0.550941445651484,0.631366077698405
0.673680375522489,0.586295117998227,0.661066191731424
0.761907035245008,0.663257118029423,0.738429510628691
1.40660636819582,1.25589897921232,1.19486775607496
1.18332821394484,1.03244434379914,1.05955611979886
1.25167727011339,1.23050539550989,1.08834641510619
1.73235587162309,1.68838555381533,1.4561816995166
1.87997428429067,1.82085650101177,1.53478847762643
1.35452994161112,1.33964502789297,1.26490229966573
1.81730034554216,1.77572756001433,1.81816229823215
1.79273990005733,1.81574314351748,1.71539065941898
0.613881258596189,0.524877534551569,0.61383301530205
0.650881871842836,0.56433635507209,0.653251208968353
0.603393836264373,0.514570009817444,0.601259283525283
0.63892338390702,0.556248471670861,0.635391432466238
0.600575176884623,0.511172765366663,0.597779101886338
0.647815990036331,0.558384235305239,0.65037493343418
0.654356018920193,0.57009138562922,0.655640411412356
0.775424900019994,0.6772925790456,0.707260688256991
0.771479732712834,0.701592814463149,0.750539718206599
1.0277002121713,0.910567206362619,0.931034799061334
0.82303384533223,0.759439546916251,0.815896108759879
1.38066647093613,1.34965414074321,1.37010808648877
1.36873930099646,1.31304236034146,1.36862117617789
1.36482447689893,1.33826314087938,1.34160041942194
0.558545729177406,0.47252942052564,0.547507792844717
0.584124810509267,0.500786609349083,0.570780228395185
0.534733403241585,0.453903405736374,0.519692539404033
0.564265257921482,0.485558388425093,0.549516643696041
0.513357812507002,0.44380680347491,0.499527362719968
0.549226368767255,0.487920622050817,0.533323611015293
0.546602525728945,0.485036238718892,0.530646212360516
1.19035927285387,1.14125627095882,1.15061636652928
1.1721133351375,1.17021912172398,1.18568624688842
1.17983563071265,1.15177983121884,1.16751009279642
0.48637530451745,0.415305192283194,0.476932295721402
0.491864607625031,0.430977412270476,0.491966690564256
0.492797489645519,0.414505378439289,0.48672226623496
0.535643242914327,0.452893458851314,0.526437716574101
0.483557986674431,0.399545482915252,0.489468325849017
0.488082130600877,0.414654384598112,0.501750300800181
0.546267550403301,0.441001528263951,0.556709561491997
0.606749548777927,0.513736002558842,0.624052940415256
0.620193914425607,0.512991394396233,0.623443523498166
0.62483394035211,0.452055560787622,0.694247298963347
0.751419069472335,0.48839901268604,0.851207321907766
0.699879796733071,0.535261067288593,0.794386577063749
0.491315517808319,0.403266679397451,0.498108029448853
0.511040084026141,0.424872509643772,0.518042447429452
0.526211440405128,0.432839325246346,0.531120756108612
0.566344867825803,0.479987144097595,0.566287659147323
0.55650051538056,0.463745481243511,0.567181105711057
0.591224593285503,0.500123986128075,0.610040597839716
0.648059694730742,0.547279727765763,0.656578132536922
1.15344723526686,1.03786669606682,1.16730068772129
1.1982051704873,1.07887362737112,1.18943644105911
1.19229404501946,1.13326283988151,1.19016840931159
1.89159235820016,1.88202566577355,1.9098842222318
1.8189613916577,1.79307104743257,1.80118490598077
1.3671348615459,1.41575720580015,1.38104749889284
1.92900946750831,1.9520316270881,1.98245096859096
1.87838113150209,2.09135988956843,1.87638386441597
0.537565440346833,0.454318359752454,0.548921669227505
0.578891914249091,0.501889870485612,0.590546266844906
0.518073056865301,0.442633080573316,0.528975109447535
0.542398625467635,0.466515339538034,0.544764255945176
0.513757730665335,0.446839491415474,0.532395643760777
0.563870735049624,0.485583786212483,0.579737842294588
0.55205495476962,0.476626282154886,0.572524397925625
0.770028986611775,0.509846196117915,0.734079929560182
0.724501236207179,0.54731600444823,0.74393733259289
1.30893184610721,1.19442032750396,1.2847502796769
1.33304869721937,1.17911996084455,1.34478555744585
1.31625887170841,1.1769378220622,1.34661586865429
0.776268922096337,0.538934840520174,0.728340293025172
0.977033141832412,0.793156912318016,1.01509225523921
1.1201005604543,0.74083858230864,1.05680052448567
1.11125880657302,0.825739435100554,1.07730901462866
1.63470490042169,1.40399433482951,1.61411434644983
1.6133729928472,1.40580110316734,1.58777156754586
1.61581822084026,1.42423172166512,1.62007031413628
0.495223722259383,0.435547852236489,0.511321058647059
0.538290862216664,0.479807223185186,0.555698340913972
0.477433685436852,0.412869084924524,0.483433357314213
0.506390098734288,0.44121803859212,0.508945757834024
0.464357374000568,0.395683369101181,0.465499350455464
0.486487807377171,0.43029549785566,0.49468911250812
0.478293293695951,0.398384270656915,0.473340692912703
0.537255510309437,0.443931366034571,0.529188687858549
0.519343642046755,0.451572228201465,0.50495536644128
0.563419690865512,0.497050548948567,0.542553709892626
0.542396379364123,0.461905991138444,0.545081423580284
1.17413233784555,1.14419657592138,1.17938870948377
1.15082305290255,1.13369201499918,1.18218703810929
1.19512244314553,1.16460693508842,1.20695126171935
0.486043451995265,0.39379075119948,0.481581611049786
0.511112894547571,0.431699182726855,0.51628742698404
0.540861612581216,0.40583569469882,0.519939736716531
0.592790811347052,0.446820694539804,0.554107059671722
0.615111894314941,0.438298341882356,0.5879867723321
0.629496458137172,0.482391484959302,0.614518101240341
0.806945376236285,0.535998618056286,0.729852123541565
1.38658033062173,1.08299702032601,1.05445023735307
1.37357268223838,1.08413283013473,1.15331996541599
0.994873422216791,0.774721115138688,1.00515483169577
1.53223753536723,1.34323849607526,1.44396064216572
1.5391720613288,1.34599091378476,1.36092241394106
1.10447004261387,0.650144015108925,1.15483304908034
1.31871908515416,0.695360295926584,1.36587950908593
1.63218142451151,0.753251951123605,1.78917852332471
0.946423087220044,0.570835057258,0.998030671156465
1.33554909350916,0.620106143849151,1.4814260887128
0.925045203893405,0.552540356279337,0.973568622583194
1.17608021339325,0.668846662124183,1.20717932197226
1.28285813023699,0.774047230494229,1.3005814027497
1.59158032372804,0.764963737018132,1.68731936986577
1.41918320843635,0.585312607969806,1.57280515150031
1.68501924766885,0.633404955648458,1.87742261854334
1.75366281630578,0.648204596573263,1.93880781818506
0.638122476905485,0.460289227266566,0.622727054433905
0.704823923794191,0.523132401427316,0.701845286404017
0.65082699252803,0.472404142404918,0.625180240834838
0.654217292345255,0.500726281058005,0.629110738974887
0.713346591500644,0.516633101896901,0.68666142508881
0.792539462153704,0.569686908530404,0.763010069040259
0.786392073152704,0.610735745530864,0.768714489900086
0.962735739395059,0.867587680961259,0.846265015747375
1.03950629217289,1.06407935453256,0.948611450866691
1.04285550657282,1.08297915986907,0.965500848480116
1.65953273746872,1.73950318537592,1.60254194704062
1.62526460104721,1.75972895484917,1.42742763449526
0.682573941242803,0.505961949554258,0.666334000220619
0.762333939982781,0.560631743155416,0.744599537095761
0.617951754708453,0.489055347205374,0.614455813691459
0.598558947795136,0.506665762527673,0.601628812839981
0.642479808868319,0.513626780102993,0.638648193336493
0.72960329746098,0.559146263116542,0.708646027648841
0.697231074331261,0.5874602493369,0.705015155251236
0.731421256846655,0.65058351289812,0.737139218393368
0.78790618744728,0.66491634935416,0.795012768086413
0.801263962816963,0.684036010924748,0.812745269270427
0.895110702856092,0.825970796453111,0.96416615020684
1.00245190371461,0.882456982937753,1.08811709181985
0.95103153411624,0.842960209549905,0.972324644620577
1.52460107669519,1.3294314182838,1.43720886641411
1.51020298481335,1.26220088691811,1.43419366348359
1.09784490750691,1.13565165838494,1.03278389430037
1.66763215050919,1.71858953337015,1.49236671497951
1.68733556658727,1.72868504588374,1.48096111250252
1.12405843713244,1.04320897106359,1.16241117685687
1.53345368026133,1.47516770190389,1.59393376772547
1.51090281220497,1.46634083136811,1.59208903709279
1.53388086114817,1.43498467218791,1.5764481457228
0.62757974728778,0.502674352231363,0.61789468703799
0.702754090074534,0.559312266888598,0.677589953235538
0.591053481408428,0.487141998991489,0.59015146867111
0.589290937597194,0.501024607261162,0.593310159920469
0.61018392370551,0.50254238479119,0.606716190405156
0.650623722168437,0.538398787545129,0.644046515303206
0.642956272989219,0.525593030080969,0.631826223960893
0.910394004348219,0.583408492442145,0.685933080317587
1.05059258153434,0.589496661023234,0.704283049659344
0.885086619347038,0.550208289457418,0.66576725983277
1.67253516583633,0.660615613468162,0.744423435504826
1.36600113469639,0.710511684409365,0.83482087088274
1.90779492812736,1.28935730477117,1.35711567534721
1.9095650747977,1.28872894168147,1.37373998665526
1.93991714610165,1.30332421279664,1.39642101598736
1.52142818684971,0.63482856856442,0.798413521601513
2.04431692719097,1.24759454058543,1.34774430669048
2.06460314560659,1.25626206083698,1.35908786180567
2.06499597713458,1.24649709126378,1.34951222323404
0.650531957363258,0.530283349379684,0.646559957497504
0.715281350592122,0.59586481546926,0.73775497295419
0.676202550377448,0.534406607659338,0.637972437276215
0.677443628076084,0.552248068761432,0.630961744835125
0.762181293875764,0.581912330353736,0.69784170736638
0.797344819897635,0.624318001140917,0.732784674018651
0.856439470077226,0.632772919416422,0.768393972248361
1.25375551722813,0.877909515430776,1.10581541359319
1.25662678073221,1.00437955896238,1.3007389583926
1.26788404011801,1.15318256591854,1.58926005941209
1.91885269461038,1.81175515580197,2.14604819324853
0.815218151630794,0.619145096068489,0.730051125265684
0.905840900550403,0.69263794178626,0.807717678958218
0.812892593308827,0.641609915194556,0.735146399179712
0.795568413803858,0.676390752016713,0.742968749668056
0.892610043941563,0.708603761534012,0.800355942769797
0.978400967943545,0.765764149638208,0.88517283532957
0.929505693363431,0.768268594503726,0.85768213220168
1.20352619173859,1.05865769857587,0.927979821994339
1.23704471802878,1.00985003073992,1.00001567896795
1.15406287992044,0.913054566004713,0.998260736091677
1.56189303088527,1.26009785620979,1.21496408995097
1.6447735442391,1.32631426015152,1.17757437736116
1.40871219744114,1.04098513257073,1.14768191829435
1.97008013630857,1.59532730295384,1.70686189253993
1.92432313370526,1.61537664174995,1.62568683788411
0.915154350559334,0.729178916962243,0.789746934613936
1.03109730620904,0.818394617128886,0.854334814892083
0.857348403802854,0.719132541610982,0.774451107733543
0.812024202524013,0.726158464317363,0.796771488304278
0.93447351073415,0.780716974188172,0.793035186420765
1.04655159888603,0.871611674831264,0.867901819196199
0.921869968742178,0.813354849548447,0.827292620302734
1.45069150921508,1.42131423171712,1.09241505019844
1.31524198031829,1.27436126196981,0.991218710030857
1.02835165889665,0.757535638161686,0.829274862598535
1.80422237317096,1.58713605868226,1.08689750963482
1.45497481949074,1.50634592833862,1.16585063007184
1.96050566725616,2.06970271474226,1.65329962070706
2.01209920650907,2.04502933641104,1.66839316780986
1.97077861704446,2.05361273814728,1.67083818752033
1.75386771398793,1.29314478853921,1.00464191850729
2.30124366256052,1.93957058297367,1.49626092338348
2.26920588078225,1.8814727093437,1.50076733549944
2.29230509724304,1.8179989917083,1.53232389993374
0.999743860903662,0.818170041511715,0.829414882846096
1.1652859865951,0.971614636325769,0.971791697898734
0.938358933448749,0.754202528217912,0.82980692994943
0.88669715097904,0.719701460499688,0.83829044174463
1.02236190495112,0.827876789877198,0.968130793739518
1.10472292741889,0.937662235329194,1.11296767441841
0.977429418807734,0.811296458453312,1.21390605961759
1.41061908239881,1.34279351667963,1.70675734540614
1.43033499208799,1.3273179526942,1.63544942883275
1.43983935362318,1.30100336764508,1.65032721330697
1.161243660623,0.910996638330971,0.961630047092582
1.38122970056015,1.35642823362597,1.1052967528597
1.14644056489104,1.54001379006177,1.08590133561574
1.12665605871149,2.19417583389915,1.24856212920662
1.27629040040541,1.77376678269485,1.25169840072474
1.37195272909668,2.06926670386792,1.77879356433949
1.44068792759051,2.03788825303187,1.48025396258593
1.26981017555401,1.50363992142896,1.26580052467155
1.26821782470108,1.31327212798787,1.70283518926808
1.42453803943356,1.66391871932995,1.48000466071409
1.60606000381154,2.09130183337262,1.89609359699571
1.71386913120606,2.24695339736072,2.06932994695328
1.65284608688405,2.27330088164498,2.30461164853299
1.55580242214066,1.5875863021743,1.91618540569952
1.59428698129453,1.61751839929093,2.34483894082919
1.81131064388404,1.9232721422154,2.18021285704649
2.11337021501313,2.04045483837045,2.3924621947945
2.02716825000068,2.08958635703096,2.69535507159868
1.8383963704074,2.27425405410662,2.27464420906969
2.19768989083935,2.6108617305408,2.62233343290721
2.01261635376738,2.54374554493243,2.77518991868736
1.59202318144551,1.44845342378442,2.28388283025513
2.31084372584565,1.61608208186885,2.52885381632766
1.49807120619273,1.43060914426713,2.92513905098698
1.90995640479348,1.53050458373977,3.15448149514028
1.58813681720872,1.56073741112105,3.68019138034784
1.8082761294897,1.77753645298339,4.31791398365795
1.75869340092927,1.75988652609809,3.97719086634126
1.48083710610994,1.44427042930148,3.8039187786644
1.68494958642335,1.64075008822611,3.81762072698594
1.46371139481007,1.34798519114999,4.41303016289387
1.54170589018507,1.40138858252847,4.78261783217629
1.64016101204228,1.42663689421692,4.93429390144348
1.78640431060403,1.52530303255925,5.19248020920221
1.91873348152881,1.67828955452317,5.8892282963015
2.22841935742329,2.04110017507656,6.25600197847362
2.27771011920474,2.04351869886913,6.25389908709553
2.29167116791377,2.07758331978747,6.25424814250329
1.67545395881916,1.48124500923649,4.70873989072797
1.98250896247915,1.61327284963487,5.06642357617527
1.6457371340885,1.63019607022681,4.46003119652798
1.72406705832684,1.73182613431861,4.53358270494755
1.80355838771185,1.84499370021159,4.45021690651177
1.98991560856632,1.94093870163929,4.7249337521789
2.29712549874541,2.25855103762781,5.07806640448816
2.72505777011091,2.59433706788685,5.46682390103756
2.65517066929202,2.57642952996954,5.31125959496576
2.68690414295285,2.69888810346213,5.44448839400756
2.98349477886748,2.97318314044986,5.83823698721618
1.598325589239,1.75877143059231,3.98105047388412
1.62732959681945,1.76707426979027,4.08351894541047
1.67458471557378,1.84898220606333,3.89931606646685
1.85515375592792,1.98089748441876,4.23512938355413
1.7726959068349,1.93560004860904,3.80260023868194
1.9891310647428,2.1018872519465,4.12137309264269
2.11682292412752,2.25613823638459,4.25299356939863
2.1128157451397,2.2005848555092,4.26942578972261
2.35812890094896,2.39803526208652,4.45271422100938
2.43053230204391,2.64036212386325,4.88509108876492
2.47492081143067,2.73876901312152,5.02122593941608
2.80810509200337,2.90905729938783,5.32586737773674
2.72133143570467,2.9725199744465,5.25606491408657
3.1409855771992,3.35100271130547,5.5257015836395
3.15374872781983,3.40199596792558,5.72835411390878
3.40452879805598,3.63974228657681,5.83933026089286
3.54269588942508,3.77314692498242,6.191241985717
1.59079250822732,1.69096666134106,3.29251091735492
1.84003826353206,1.9262315833359,3.47102704297011
1.31443699993142,1.39642421103338,2.89357692902938
1.32433676575108,1.44672122085891,3.07749877542235
1.20419064357582,1.22847219988791,2.47230534245602
1.34188095843678,1.31583312915259,2.59285719127929
1.27951461121426,1.28464488944484,2.22118556289811
1.37655948421693,1.40845401950929,2.16654858093987
1.5916696711307,1.63723183896663,2.55282471045606
1.20854693207965,1.26091557915845,2.18599089674162
1.59111803829984,1.68277537980404,2.50703410240465
1.66458474146488,1.68484591274254,2.69546741212902
1.18868966351632,1.40291591065579,1.96678539592558
1.65442141648352,1.84634783925839,2.30395972872122
1.56099238321556,1.81443148850003,2.07084749368351
1.08164750601651,1.35877561999639,2.07682099830037
1.2058236765616,1.52835031099958,2.383552700998
0.990127197522651,1.18001609524238,1.94157540182453
0.949180266681521,1.01891229584273,1.78146132430044
0.957711292266194,1.01325433617753,1.78366707093252
0.920048347787674,0.96216969716879,1.77317400833906
1.07433301357873,1.28814796478604,2.17105428716622
1.2060914516128,1.51960416562262,2.46858358938973
1.06134053799294,1.19186308201259,2.08421577365886
1.03282876825759,1.10390251240172,2.36190042301779
1.07514038841021,1.21687347449281,2.50609116563318
0.979965148187169,1.01866130300136,2.28722350689983
1.09587374774433,1.07254007013538,2.30739809293605
0.915235467599786,1.0113591297392,2.40062693760285
0.991931290826287,1.11239896126634,2.59547351142073
1.02339445266414,1.08491649638046,2.68269700113858
1.07502750925252,1.06641961959343,2.61218270556336
1.10148600421817,1.19468124667139,2.88828542811021
1.2376399579074,1.26942866760897,3.01455569709151
1.45673241166702,1.40616271679851,3.08154583323088
1.44193615554109,1.37372249024736,3.29549166767068
1.57799836568538,1.63723326735684,3.29168835150792
2.20113430681606,2.32372236079603,3.70823844184473
1.92471964037754,1.87240356339339,3.57109273592256
2.21245405612789,2.13143508024665,3.7411607046583
2.28677181483858,2.20293363996391,3.8845183673523
0.807217456975355,0.933711595971473,2.15462042506373
0.868467026997111,1.02276314658775,2.48276838874488
0.78889194040119,0.880886624091989,1.72147157388739
0.900265874467451,0.944990559774604,1.68390358613004
0.761061144421798,0.847844307940729,1.50583689879471
0.787442721520532,0.902528350658447,1.63570203762479
0.845928691085,0.898647353986005,1.49197919420239
0.907708960189362,0.94921409142186,1.42659976933061
0.908581773115042,0.970020938466855,1.71907621775159
0.935706654302835,0.953534226874587,1.48754598639858
1.05241326235092,1.05174796955685,1.43536888435449
1.10616438035497,1.09903289379386,1.38435198110712
1.19225934047768,1.18107276860737,1.62849493357753
1.35266940932873,1.33463059617845,1.75646337889296
1.17650393153661,1.16994241721285,1.76051097618414
1.02351225310468,1.03230478323381,1.70273380346367
1.07997180058201,1.08875475003345,1.96309529760377
1.0607199476757,1.07645810067404,2.05777762952101
1.27064974112803,1.25935157350355,2.20461580685086
1.38349187226292,1.36769204030903,2.45011041128572
1.35732156407504,1.33995738607987,2.03476381083639
1.51939641052017,1.49421801210266,2.17711276515764
1.39655310024587,1.37372125020591,2.22819616659717
1.58177323687799,1.55039407890474,2.47392938079827
0.742140036290269,0.800820129161512,1.25825712853191
0.866355160506517,0.915251960433811,1.31956415582451
0.692742902530415,0.751884385275153,1.12011873326417
0.725483938590333,0.819963433050492,1.24417109277178
0.70771424453669,0.732008696465079,0.949524235442127
0.754191501134206,0.77084188061669,1.02406557674902
0.771606831329392,0.807987874090908,0.955145011848092
0.841090792191282,0.902924926879351,1.10538811176559
0.852249933853368,0.87645529339823,1.05853383424979
0.889634598020643,0.959059112945329,1.1359890058283
1.08530261506786,1.24356609343117,1.41493680407068
1.19186607820852,1.43030803615995,1.33882382888806
1.69731840837336,1.91723192125067,1.80329280658744
1.67110784235199,1.92692030030534,1.79176185123676
1.67260765593466,1.90730596380184,1.73444576194355
1.19267797070345,1.29580211007752,1.41591442384087
1.66930798172683,1.80869692938155,1.86336432457284
1.70660446066442,1.79005421735888,1.88178573966044
1.67558448117425,1.77357669935087,1.81185390958428
0.763731863053634,0.757694396113314,0.87917573722359
0.887995602267651,0.893525378163324,0.94824267651514
0.797279298898578,0.776062439490081,0.900864847101081
0.828656559990304,0.816936097615677,0.983070513891938
0.87631334410952,0.837269156519169,0.930841573882233
0.929691200609317,0.893757029974668,0.979451438163177
1.0053938437256,0.960413202187854,1.10668153240352
1.03222437484161,1.02176637279819,1.36585998623165
1.10839935602764,1.08223088582441,1.49860280863898
1.09657972821702,1.08717774947085,1.54290331014062
1.68094332176091,1.60091164501224,2.33685428714311
2.39459269612044,2.2918035339688,2.79082704997305
1.79250981540737,1.77320053237134,3.05285662036274
2.52437029415664,2.491529782662,3.84366811253259
1.42672642342446,1.57110686376566,3.15018299012201
1.65131796792172,1.87945684382445,4.03756844972544
1.87791849998147,2.09867961671689,4.32355065641832
1.60804254293352,1.75346461877235,2.16730507050518
2.29598694365974,2.47011734463343,2.57025302879802
1.73884641743214,1.94372714812449,2.88930043593944
2.46298646058703,2.72036947834207,3.58580804147329
0.851983998369618,0.818494984630562,0.877390385467952
0.828332288387422,0.792484133914764,0.867282222761118
0.941909362487153,0.92979503562797,0.965594433122883
1.03515841139925,1.04845075637511,1.07658694819926
0.995586849694085,0.985360620321847,1.02593327902685
1.03214776966673,1.02531799839466,1.06455621799127
1.21332529442565,1.23563003608517,1.30569818230275
1.66186104991839,1.84837450407929,1.84064528680417
1.7992447806807,1.75961395579584,1.92765789375398
1.29742765311479,1.16667478425072,1.29199380405086
1.92534252899715,1.80702800289738,2.02498647286649
2.427232395407,2.21362467679319,2.49667676378045
2.60485246055952,2.57034486610903,2.76034088655345
3.3008126694121,3.34682251718503,3.56967543851075
2.90421154663877,2.72405533075527,2.87414840277602
3.63110470361954,3.44871775183943,3.61228284172483
2.06808864442686,1.8046888114275,1.86972856166725
2.55236433326419,2.3033040802477,2.33900790906756
2.81774992107233,2.44208176306204,2.5610496104938
3.65164234237703,3.10241355673667,3.2463200209615
0.959365092691094,0.914465901420628,0.983166817183708
1.00980711505881,0.96118489013912,1.03422852469534
0.972970220804991,0.908167124263605,1.01768271578469
1.02057363819121,0.97422516095357,1.08040909986402
1.03224308759527,0.938069107623889,1.10284477422572
1.10450102431448,1.01217997598076,1.19116469461979
1.21752245577732,1.13601398861235,1.35457587241924
1.47721534072646,1.32620035053733,1.69915295755483
1.65908770754304,1.44797184823275,1.81649843629025
1.96960153016956,1.7161175248359,2.21354411171606
1.74444676349664,1.56087684055977,1.84617040166609
2.20414781701594,2.03376045942224,2.28072331149869
2.20770425398024,1.98860083127465,2.35368469238317
2.231597252281,2.0161856976711,2.28727862451781
0.95544084482112,0.848991530223621,1.01128111446286
1.02827649028852,0.922807985967538,1.0982108463949
0.87768291783839,0.778958600461608,0.94226276743262
0.906601169822751,0.809713154695228,0.97015381255668
0.832199384308156,0.766135201215332,0.952902777416803
0.906806332738368,0.850877584613153,1.0766037069372
0.837041453818034,0.811445331504712,1.07415205004533
0.851736008018211,1.13110731387679,1.13582094150061
0.928627664342652,1.15278128452968,1.27455219098637
0.976812348226201,1.05250383814799,1.25462741786288
1.27467796561332,1.49755766182819,1.48802223664385
1.17033284147113,1.4812120994325,1.38053532699395
0.941481648026146,0.987228152078864,1.50823063459864
0.907384335496883,0.923387411233873,1.98994932847782
1.18495659872731,1.15678673601557,1.87644014649792
0.782834097984095,0.720987139014473,0.823020985459658
0.85014781767125,0.795595386200828,0.907857063243688
0.770519704817844,0.688020573383308,0.737627124991757
0.825396411414282,0.724700058322126,0.791712328785462
0.791344347291993,0.697430410601644,0.724882922425202
0.774994534213248,0.725396649254461,0.754220667231817
0.9658875094732,0.816069519618717,0.875429123360169
1.71671125758109,1.37502053089866,1.41047182767539
1.68255808527721,1.61181677574803,1.53677996759511
2.22706016103062,2.17373864260019,2.06057517959684
2.22402094715503,2.13513805203177,2.10761448582594
2.23101244694905,2.16407618361909,2.05261257990207
1.29097115947791,1.27246146490067,1.38877518904442
1.87787985103581,1.82179822593476,1.97473711494467
1.85766792834025,1.8512425909472,1.93899712899192
1.84217496418328,1.86187961729836,1.90606343127194
0.838532467437138,0.725345103253205,0.771120830767355
0.903667745407541,0.769070995151984,0.817124170019138
0.913166493133845,0.809690761766256,0.910720663928023
0.946693102757404,0.862420504646488,0.971522526655691
1.04161173347802,0.928765159078509,1.09988323344483
1.14276140884512,1.02524168900911,1.2039023012379
1.19967703485405,1.07980509034947,1.2742745060468
1.57780727582111,1.61654824182414,1.83245627402787
1.5413782511264,1.50284743397227,1.62912421476723
1.55237476952209,1.43036513191509,1.47764986140945
2.10184775352715,2.01236579741516,1.91889088105333
2.05155626214057,2.0078103625198,2.05476307272476
1.67567701740093,1.56622878922265,1.59349258201533
2.13845289953157,2.02278377571007,1.98382201074125
2.11802272199088,2.03172145394028,2.07152841860733
1.02953208377534,0.934229144395267,1.15528307846942
1.19424670360323,1.12384300945498,1.40796078078137
0.959577694061649,0.85943915596437,1.06254024880005
0.955149090548166,0.843307302198968,1.01086358518636
1.03894530820949,0.966966712592268,1.21882755861314
1.19702499913529,1.13497738667726,1.42490131167274
1.25499896799625,1.20001270721758,1.49001818933853
1.37498328605646,1.3670111211006,1.59713717779747
1.57414125251302,1.45755878949647,1.76342876880276
1.68106016198674,1.56028094364165,1.89177518427243
2.11126316709478,1.91960194619576,2.19422608685878
2.14178220058037,1.96739917173069,2.27626937508857
2.21854540866783,2.19535038593004,2.50199254496517
2.64220103347026,2.61392752991808,2.90517283792035
2.67805032519431,2.70508320822973,2.92224952764051
2.77257791227505,2.76086399626426,3.08424404257023
3.11872106102248,3.12129890403993,3.34730516106531
3.15968502277512,3.09559898126515,3.45240575232915
3.35349824843589,3.3974603843958,3.7326140454104
3.71834271913477,3.73855487750709,4.04266580829417
3.66917113514735,3.72845195498629,4.074109296363
3.68015983853747,3.75633978033697,4.06716616491257
0.909538354241712,0.816094309987944,1.03965614359078
1.07526206588752,0.944096758408492,1.23846128441797
0.757666823944211,0.655757040442027,0.79160049650954
0.794326706453247,0.682891539860786,0.796357155233668
0.693102960753819,0.588909500575086,0.684282075160698
0.760354677917135,0.692500973444525,0.802635304884254
0.692756231292144,0.563621865091354,0.642529227440147
0.742980034015959,0.609318371703752,0.677078285796849
0.765570643723249,0.659272573942136,0.714758089669705
0.70389590945611,0.581201106711491,0.655873405070394
1.44643763258028,0.724373662342428,1.41360522427652
2.19719548465378,0.866361653021643,2.22270830007395
1.50897964358025,0.845881439574403,1.45922211597555
2.27618801271558,1.04084490915015,2.27252741738237
0.875819712261406,0.844515959694748,0.816338184408458
0.999564305863304,1.00236437900418,0.932343530462017
1.11457836890677,0.674532937852295,1.22294389838158
1.84196053491965,0.779667229171932,2.01913844273776
1.15239275360732,0.794771023528578,1.26557457321819
1.86046815911631,0.960130081021565,2.05360837725264
0.654918620539125,0.564155414292871,0.610369352000604
0.712696848490076,0.603098070284822,0.652303892634211
0.64609137302519,0.586177886799538,0.613890124459067
0.756827962930041,0.693903785740817,0.759339520754903
0.854117334451134,0.803091878365466,0.906736364532799
0.894222866092705,0.824755075575046,0.895709859152509
0.639016842063788,0.587567522686659,0.605473143184021
0.704035486463926,0.642129313979518,0.652175557318847
0.740431798019167,0.696114992819011,0.737034749005401
0.922639645751,0.951327443632236,0.963444321490422
0.924747983345631,0.911453940189332,0.902736309356419
0.838962753866759,0.781506541234695,0.812786826765368
1.11785948047096,1.10927454010445,1.09692817356268
1.05881777785079,1.01386393113797,0.966003317656431
0.586328833443375,0.547288447854944,0.559948336007479
0.603013691620489,0.578353499037106,0.576681425029115
0.610650579887384,0.56143562622575,0.580168435167494
0.698010420000559,0.62615978769341,0.653183035140203
0.599719222392712,0.546108844905648,0.565827229619484
0.625083657456972,0.566374603661448,0.579908083098985
0.720814233109404,0.63587061289732,0.66509586474784
1.25067288962662,1.23119633360103,1.25488951073439
1.29316098045639,1.20775774090741,1.24181608678387
1.3030785774307,1.26330730329686,1.25462172478994
0.567289809204227,0.505870501301361,0.533355737039526
0.577588719018554,0.519731702000386,0.531502825479853
0.617155948434996,0.508649314362892,0.565619627226577
0.679814876791382,0.561742852220645,0.627084444164968
0.671620470865496,0.495525764159386,0.578254493042405
0.730751131699358,0.52791669924738,0.60475944946995
0.892717767228875,0.556808405205909,0.728957499150741
1.01859983276635,0.633279084591355,0.891672401751805
1.02143798221669,0.610665941586638,0.85840262766244
1.15323212211102,0.621406100755173,0.928258018801647
1.31886455983809,0.708661621869894,1.17817060485981
1.34432805822671,0.793161531063813,1.19097546826915
1.78352026474588,1.37495414623208,1.66504736981705
1.77329753800234,1.34632299165641,1.64493481797838
1.75380621876753,1.33313823228236,1.69231947112504
1.46801489943338,0.745223377904482,1.16925699683601
1.87137628600517,1.31942162809321,1.65775056831021
1.90389749503144,1.32003116731509,1.64609828371417
1.8830050903549,1.29786940663843,1.61844675300929
0.589577727458564,0.462969452354805,0.525083247409131
0.592124431251032,0.480713177271177,0.527628217529819
0.579205333371278,0.465061658852414,0.526698621647056
0.652128670041737,0.52046043024535,0.582631411557157
0.552423314025647,0.449321414834195,0.508500843734354
0.60551277081335,0.472110668277038,0.546945061066822
0.650947504897728,0.475961835000658,0.559109394167645
0.717711399555501,0.527724292102581,0.598979343449635
0.69369003517419,0.517413477897233,0.604059893881722
0.761260648375489,0.48992563096803,0.630762910363903
1.01250121039808,0.973966292063324,1.22139380048638
1.19648883180985,1.09388428476678,1.32912900666357
0.479107831636572,0.431550159376956,0.466044744979273
0.500672637153378,0.445304039598236,0.484519781723187
0.461087849087136,0.443386622358492,0.453564826296045
0.500131164404686,0.487314220625349,0.492707586542931
0.452193838888881,0.454886835266619,0.436817742479125
0.504597147181935,0.490149119778236,0.466401285799053
0.508431481701942,0.551081842928182,0.472727056650336
0.85431409238562,1.12319042408383,0.674382820168236
0.853758103135654,1.10566633937304,0.700679612377639
0.711379521508599,0.761355768947387,0.604949861923359
1.29479293645593,1.69777420058909,0.991216379516511
1.1591166208638,1.46867072660311,0.882755456686512
1.69615584636267,2.03261988251554,1.4544974023567
1.70855080898163,2.02914987332859,1.46015020637267
1.70479560946936,2.05217005374804,1.43533793755412
1.05299822154561,1.35812254153196,0.841740531723458
1.62620616296425,1.95350974451886,1.42095051062205
1.59608703848866,1.91163110905269,1.40756361740501
1.59345367096828,1.94955957629871,1.40639106051522
0.443185168940644,0.435884258698387,0.430496376183944
0.493683796825335,0.472080961999755,0.465118503802205
0.452835921295697,0.434363960841079,0.437946359510225
0.487311880865022,0.46849743047848,0.477199719827658
0.487550754185958,0.438180508415343,0.452623023045828
0.533068299064526,0.476746187962264,0.486622675415851
0.564420493252042,0.475136943781404,0.492656519399312
0.639720905892811,0.530140151092584,0.558598269739297
0.619480425863747,0.533875704705626,0.542039007484278
0.657798242850502,0.570405524547977,0.607049405258422
0.599708602015481,0.50998526464085,0.518611473986918
0.725421579233621,0.648592220951097,0.666264921311653
0.861107294063983,0.78628014116609,0.818867371952498
0.740185011113803,0.668243851389845,0.657617062971694
0.848104895867451,0.782341889734896,0.760605337765445
0.69858767191092,0.612162555093864,0.614209996013671
0.830351424722443,0.7348812633298,0.757673100650124
0.476617358052016,0.421913582611166,0.45301003065818
0.514530870452373,0.454666250336169,0.484340284707988
0.470519702293741,0.407384135028162,0.458646467612004
0.50286092566736,0.440082521673437,0.49171111216557
0.475048038266361,0.399613434551219,0.468883108185041
0.523886185923697,0.441524343127875,0.509996752995972
0.518047420877711,0.43372896434417,0.511648987379797
0.54673046367797,0.483423813836571,0.543305261027961
0.601397127665719,0.506726519660432,0.573487849423732
0.950448478530133,0.811272698664402,0.761457150806662
0.59356394562814,0.519490773972575,0.581768933822114
1.1896174086809,1.1850595987841,1.19601862765743
1.21438180592278,1.1554924885436,1.22651979820221
1.21509543481182,1.18893383488593,1.18187201226623
0.442125432570893,0.387190350298358,0.446111591503367
0.474709872055686,0.426172132769934,0.484517698699955
0.422857679484519,0.382116687700295,0.428260631071693
0.448987733672778,0.415387629576824,0.449534404502546
0.426306474327369,0.386199612880718,0.42705741178803
0.477901708734801,0.424101177823203,0.47115995843568
0.464198470206008,0.414379572973258,0.458656864640963
0.608957953947364,0.481580000905419,0.602538525715789
0.637113072182844,0.528842269368996,0.622326778271515
1.24887040579262,1.18261994990977,1.23865835644773
1.27216244238374,1.17527035180136,1.25902570792453
1.26295577591036,1.18632483981582,1.25916923902251
0.66145532502016,0.477272667655717,0.636469424709103
0.9219710444385,0.593307346644075,0.831132102910872
0.937304154590863,0.583799662816434,0.884879535432849
1.06857232837332,0.613319642416257,0.823469707314673
1.60623774053532,1.24627194886898,1.37150479786118
1.59906681408957,1.22483965712832,1.39487281594876
1.59983335125744,1.23422189877505,1.36674186651647
0.417899746730689,0.382683624655109,0.415477415574084
0.458817230802913,0.418025985295845,0.454942153256427
0.416275318336662,0.386062628499113,0.407975511948222
0.443738080616347,0.414430423324586,0.436747910855375
0.427082860982349,0.399065577881664,0.407175905444467
0.456751031213695,0.428335580633615,0.43802139727309
0.460974101042653,0.446607812995292,0.434074703191351
0.526103677219883,0.527204045960258,0.487369063137495
0.530965540597144,0.537634944906692,0.49558299111546
0.483855111134616,0.455640778499115,0.44707378045828
0.573105606758397,0.542257064654012,0.520347514798881
0.604470947285022,0.588612379237413,0.54239834064865
0.728359064062028,0.722631656528109,0.644781487405982
0.663342050669061,0.655343845465696,0.586440837244453
0.441287418564917,0.404347238506644,0.420352817439487
0.483158672232381,0.440622586871256,0.455131366309036
0.448351649295099,0.413055373652931,0.434281229268473
0.470596488113107,0.439790019390784,0.456166855376335
0.474487019722846,0.436128628068554,0.46050051631518
0.521768869392867,0.490411493240555,0.508807423681288
0.53209942774009,0.496688534082813,0.519471928121471
1.17909891012595,1.137728406693,1.15855347398713
1.17486101749016,1.16690196994771,1.15827582249115
1.17082910487407,1.1694288338556,1.1861161536495
0.466793898398528,0.424082429879416,0.451876028609738
0.514829361557818,0.46371663412118,0.491085723047384
0.452954411658108,0.415516612156972,0.449113412325028
0.470879437146764,0.438039354953124,0.475525246809946
0.465441420874391,0.424573697911632,0.465322622986614
0.505602303435551,0.466610790299969,0.502493244157175
0.491090319406112,0.453588694133886,0.509481163123994
0.547417458380505,0.507938316974331,0.699486580770052
0.558324722890442,0.535395620854772,0.751886331131301
0.517240906721484,0.472278077677234,0.615669497522979
0.586182050401545,0.53741847481908,1.10953513560045
0.636627587480433,0.605160870182618,0.937348335420964
1.25334434159529,1.22965421111762,1.51003156982652
1.24977243656604,1.21876493328635,1.53817153499677
1.22864606429968,1.24630280972905,1.49207244498686
0.604222141150468,0.583363715532059,1.02307171817081
1.21650859924597,1.22578602923614,1.59575568463959
1.24296520084126,1.22295049393899,1.57301217525501
1.22329201489474,1.2049806736338,1.58675112832962
0.463755951540576,0.41880286677824,0.458469724539976
0.511193514121837,0.464277794592772,0.502298240799286
0.447641059077819,0.403413677928693,0.438541051889302
0.46207248671675,0.427448410873155,0.456979022883
0.461340887000812,0.407195085402201,0.439822896554683
0.493609696361347,0.439197725621172,0.471558354465357
0.463491201939996,0.41307913305054,0.441685320452271
0.507152614030936,0.456966295777085,0.486202488842655
0.525104092669624,0.468698041926615,0.505793662018954
0.451243784972759,0.402445102850063,0.427057930286016
0.48636093887301,0.438495116190822,0.457843527301611
0.567463227629668,0.517642019954862,0.530149554712656
0.490619340090154,0.443241260413446,0.464036779473694
0.52578434074717,0.478376861468084,0.500734656118244
0.466988537399026,0.414565574516648,0.443716593687056
0.454522540495291,0.399401160942514,0.429438311531643
0.513580154756455,0.455401839458078,0.485504035289552
0.577102583426856,0.520624255671793,0.544094797751216
0.563667744671258,0.499011977192328,0.534216255483373
0.659629299432602,0.585287753338272,0.622533239802328
0.513876096314696,0.464409589399926,0.499752944875477
0.577136636826543,0.537563670406247,0.571674471601662
0.555265816122691,0.499863240589785,0.536038363585044
0.642546569879062,0.585034636004921,0.624613867375806
0.487944936528957,0.426302028299924,0.45232342667836
0.556316352357733,0.48538074323167,0.508041785037539
0.483882275545917,0.423630978647325,0.44446494730033
0.492933534194039,0.444392621415478,0.462948983193158
0.51182830370593,0.442086347460571,0.45414767470631
0.541941619053852,0.473349135611948,0.485314497266941
0.540502318652667,0.4777202742147,0.481651582210925
0.585340780417656,0.533069790982616,0.545399478619707
0.58246495519702,0.516795190583783,0.526316265592258
0.600670153359734,0.520821819097939,0.506722866441095
0.685848007270799,0.613780360797719,0.586276014482533
0.757561875623257,0.704582695033225,0.684546845278019
0.801622772922858,0.690249345601683,0.651637724106811
0.961561352720551,0.847565931682843,0.787763490936711
0.814335048786219,0.672883741597802,0.638628584189716
0.70711122156708,0.581222855187876,0.567545144275726
0.824465097047523,0.676371651356562,0.678997241786268
0.839543444018765,0.704309010782903,0.725522938713814
1.01446885831206,0.830825044408375,0.830230575605021
1.15258980938452,0.957584239637981,0.977787302025429
0.995943605444525,0.813991570649512,0.77566989266896
1.12494070861075,0.933574992598951,0.878525039499718
1.08737337827835,0.882618131556307,0.861673209912263
1.27150122488084,1.03422184968437,1.00903942578983
0.526370484818245,0.454760802061784,0.464107536141471
0.577889024355775,0.50987771955557,0.513647291004851
0.510702149914578,0.447737109819528,0.462644241529501
0.512467133082271,0.459480337306747,0.477186558578501
0.5194257142205,0.466728598196002,0.488156504216241
0.560994721156074,0.510270478096106,0.525763564504079
0.532145721907074,0.489603944732896,0.513575617050972
0.631120811567298,0.517433680252866,0.546521105695655
0.659826000728927,0.553029650325299,0.580344793151742
0.637323831189095,0.520386043984244,0.532197355840906
0.864221351983367,0.537129877442806,0.548209898329431
0.839061900751065,0.613400782292328,0.619416755442071
1.37617821673613,1.21750674950362,1.23869227687904
1.39160406782083,1.23375017182649,1.22300398569539
1.4163114500626,1.2260877748645,1.22291638561635
0.840032893049656,0.633181543438799,0.624976396273739
1.40736774404663,1.25414104941669,1.2250433715135
1.39938611837169,1.22542710607482,1.23107768950989
1.3834850280852,1.24064294350122,1.23723841805211
0.53936781995642,0.482671359661095,0.504034605607899
0.629426233115611,0.599409487275754,0.585560501677607
0.51531353099753,0.45318249741053,0.492164744463743
0.520864394583549,0.475614021291306,0.513936783474936
0.533711622278505,0.473821724460125,0.512512293129236
0.573555695163191,0.511016372591431,0.549343870489939
0.545414690342182,0.493882650491476,0.533950561061514
0.562419587755069,0.5168640234793,0.554063666484526
0.615859476746061,0.562770450556455,0.596367115708588
0.683718842950382,0.615554842459052,0.639248097792581
0.812092305097304,0.692402119487187,0.689849008156816
0.558689019764264,0.511874312357667,0.554482336849439
0.707990286226818,0.670884873818121,0.700481045682897
0.877487810283809,0.82994536115881,0.841907647156854
0.649480528996443,0.622582312907216,0.660805839966028
0.610049058700392,0.568478273050787,0.600069243483101
0.756822802722527,0.681619528244605,0.67407282243532
0.560257010852248,0.50106397390606,0.529006728073356
0.643438095771658,0.597238396715656,0.631825053642737
0.574379547036488,0.526631174254368,0.533086911465104
0.623996437732146,0.605038559370676,0.600963507682233
0.602816880998999,0.535988061217672,0.547044854199687
0.655016038984225,0.593925130329694,0.601702274798934
0.617858006829009,0.537033402785007,0.557413212463794
0.682163508517936,0.589944441559229,0.617114379976142
0.655991225710884,0.588646514973792,0.608720254593744
0.609856060031351,0.539003833093962,0.556532808351804
0.60776197961279,0.540615039227891,0.560330414426502
0.635301033062295,0.56983407662966,0.573418463406926
0.70387238603494,0.646035675138863,0.643822282753791
0.665756573970143,0.609753634769061,0.602184000844993
0.723628991172417,0.673382046961163,0.657942956150937
0.713897635682671,0.674753036775457,0.651749129077761
0.766855971542847,0.7465908516864,0.711891469552307
0.817476839989194,0.80506864429099,0.77640869441676
0.997980445640362,1.00047139397646,0.937822073511445
1.08092366427209,1.27618901876625,1.03633902318661
1.30251416374731,1.66566561767847,1.09266430786991
1.83335098767556,2.47488303872954,1.6684270679911
1.70575752972903,2.2683872624561,1.71579415680999
1.8345416915531,2.41679079331834,2.19385067844321
2.16891771090291,2.93283965237793,2.03878192302895
0.680387692253593,0.638023668809836,0.620492990352819
0.751719570942159,0.738012369122826,0.703983657569851
0.6413237193526,0.582936177205693,0.576542702546767
0.660541695512677,0.59091374613593,0.58844528865465
0.657998498878133,0.614316528054992,0.603599547668516
0.69942579326431,0.663618455661504,0.656136306861508
0.736938531993991,0.719560272592937,0.692799812640538
0.648798900613743,0.59901052493024,0.59139705770077
0.750177128622501,0.730140001407159,0.716305384019872
0.636360240991405,0.562137935830166,0.566602439683016
0.68749641468475,0.608888032679331,0.627186754882648
0.657384547962209,0.575109794184194,0.575252280517827
0.71907768358412,0.643217388045683,0.64190718600591
0.73999680572202,0.645298559297814,0.638349067506231
0.884784285474262,0.73175952834514,0.649982890477146
1.12167745004853,0.827062322664896,0.707150799129936
1.17150122471484,0.896525320166917,0.75610452486883
1.35898303057148,1.0780107500031,0.970684806355137
1.81237341266096,1.3126143388161,1.02256984226177
1.95500994992119,1.50378807885038,1.30194408239294
2.31200645594788,1.6107336828099,1.14210089125484
0.609313398073505,0.529458219656333,0.530709868202207
0.678686092008757,0.605321376739609,0.592201878024376
0.568580724113197,0.492472980697274,0.506137527255188
0.608918215013356,0.546868553865893,0.554846904938629
0.537202162716089,0.466515185275444,0.48016355276189
0.558779473324717,0.49028163735772,0.503615210320458
0.552460759547249,0.485014863086148,0.490956576146872
0.578658932297249,0.517471624445911,0.52521210540321
0.579593387700566,0.526167132910248,0.523910904397158
0.586959244692057,0.512974960530395,0.514638824839194
0.641988629757636,0.575640931564678,0.568382986089883
0.677056351648777,0.628892241297272,0.615540870874869
0.729497184150304,0.662644401060199,0.648590888713646
0.820882634809224,0.766193726457862,0.739579714550251
0.765115402545249,0.692431954959842,0.689677561384356
0.87469805749844,0.813486583185344,0.804683611604895
0.637046391183467,0.565126437100019,0.564671524284245
0.669796317466202,0.611381532695553,0.602854128447929
0.724930745922545,0.65091031591321,0.651694372812732
0.812045043145717,0.747326495636515,0.747078391996638
0.521625220703896,0.45985585088104,0.476226271100762
0.597832758658992,0.547293087960615,0.571309934129098
0.526214720037097,0.461677108539102,0.48036527260771
0.587354098651219,0.522848093706035,0.552817741787965
0.528977703880692,0.459380762656761,0.48885814319561
0.56854021073492,0.499697775118703,0.545602612804749
0.610492008081631,0.535184148643925,0.576978862782865
0.492535214384654,0.434251366909232,0.439016158441233
0.537326392409525,0.494906183428051,0.488650139939704
0.488834046169135,0.426103119702844,0.429411626386183
0.556069490100412,0.482999218835096,0.481866347556834
0.488259091880121,0.428946024884498,0.434985297914503
0.513179623396054,0.457482601815601,0.469131741645424
0.527257803176075,0.467853242212594,0.481958380058517
0.600632193425946,0.54772203965396,0.56205168699087
0.583220003571567,0.54190260962307,0.570080993211195
0.571900578676688,0.488753618613653,0.523444103438387
0.637045173134837,0.544890469689433,0.614544304474694
0.750661956503145,0.636336549410298,0.706172889444682
0.744230121770289,0.637385711771781,0.748644848641804
0.878316157038945,0.757488225342595,0.89649341754877
0.833597179523492,0.693682100378009,0.814093071136151
0.98348666707511,0.82119937381465,0.97148556272854
0.754813160630905,0.609750259682546,0.676781818191609
0.893541277905719,0.715070770434322,0.790806911810906
0.887794191550723,0.706810425641539,0.81383155830678
1.11185809297861,0.864473161349385,1.00184542609462
0.505995065282631,0.441665087373137,0.451074594620752
0.550808690013325,0.478892420977778,0.49564055134668
0.513706512861971,0.453783167552066,0.465100781989669
0.529133149322031,0.477777072628791,0.493772988389635
0.541560869383697,0.480432608842941,0.49302231590227
0.569176469873119,0.510939152685438,0.524513518506563
0.576552467744078,0.535407159321777,0.540070248145373
0.655076009578748,0.629828545293489,0.626114191319991
0.61108383573945,0.573110666683358,0.586574331723684
0.592937321950341,0.558449442676539,0.557630346010666
0.717211177964613,0.752028167253242,0.647565041539122
0.56360871136127,0.493602167844519,0.505181636913084
0.601712554741794,0.535321617558429,0.546916343645186
0.572199059477149,0.495759355584574,0.508440356200348
0.599798103113792,0.522631699263171,0.5364632307332
0.594519178418663,0.521037002454932,0.527975851825224
0.636165124514547,0.571594510862564,0.573956215216255
0.619389348742374,0.551348307528852,0.557835324361767
0.637948217247209,0.578165674277237,0.583615874402938
0.686920527926047,0.624389558063093,0.631357104545057
1.24982317167793,1.25017741163566,1.23499036586605
1.27251895484649,1.23340243501908,1.2031180199079
1.26380147727073,1.19937916329521,1.25166941402129
0.687568000613343,0.642398681678962,0.644294065313431
1.29355206168428,1.22917021870119,1.25138844692626
1.24576078639749,1.23283242950743,1.21659851659456
1.24192946953103,1.250464911433,1.2464477747401
0.591889655266949,0.511094107653092,0.518549910188668
0.641734619536734,0.5681531450788,0.575525936410275
0.561751452126893,0.475339239453093,0.48407658923609
0.566839883855449,0.48184072695267,0.493523207184563
0.562829566031548,0.476706539433627,0.47689782175156
0.598548248305826,0.516259530019123,0.512135694062201
0.542263680062694,0.458478528391356,0.460254996967319
0.582697228760073,0.520202696233728,0.525837287605502
0.59850020058734,0.541201312283432,0.5384425702437
0.53615820345391,0.459918989428481,0.465094187358009
0.621241143291947,0.569486941488875,0.564972659223196
0.619765133031152,0.560282988218597,0.567564586106388
0.536499257601451,0.459348221496338,0.486241661951131
0.615702493719583,0.536631724728803,0.590553976513075
0.593586513112063,0.546296758419426,0.576229798472035
0.644888031319719,0.620163374521828,0.629880938630214
0.651495590784377,0.619004036185624,0.667455315372063
0.577642163382814,0.495280262404417,0.495709023153425
0.624196543619874,0.544783583305737,0.536907854570486
0.572575215058251,0.491195631176647,0.498781612619033
0.582680177249805,0.498060358712242,0.507281962495897
0.592852947001587,0.515368748271538,0.532628269702296
0.615851043774422,0.540395656467732,0.552773655868528
0.600052876071135,0.539627885311026,0.557933898278721
0.6419679531011,0.599914827354401,0.618031532966036
0.648341202797728,0.591591195209239,0.615431565922997
0.669004435417104,0.61735811674585,0.653182357788117
1.1567859061601,0.953724125517048,1.10833922387058
1.13652604695136,0.924480009208552,1.09207884123776
0.952918208295033,0.801205928784853,0.880348439216114
1.43200830566843,1.10992702607324,1.31658501813339
1.46420326488012,1.16109130870029,1.35304480114845
0.93862645827399,0.856916635510763,0.907463399182381
0.988145354690974,0.914988491459024,0.974539947418706
1.0025780880908,0.964337640747278,1.01355301954594
1.0632251640881,1.03132605724667,1.10281459282356
1.02312981031998,0.970323508830802,1.05475826747241
1.20805305997606,1.19676288528143,1.29056791386175
1.14452096699666,1.13778604663642,1.19056042188853
1.20472089740026,1.18707154010565,1.24163900371083
1.29048282320072,1.29817417022413,1.36310863238188
0.632585809252136,0.554654251064067,0.57335885713213
0.675923970201859,0.603512649493693,0.621175253663334
0.653268166266983,0.572209434959814,0.593651362552918
0.659295831426281,0.580671119236413,0.60126643574049
0.710906471756964,0.632699690496774,0.650149205223982
0.755381570273282,0.682115104572642,0.695700628379204
0.783529792305729,0.702619718718898,0.726210300190868
1.22997868009151,0.816694865594027,1.32999374849842
1.32352284594325,0.786155813905559,1.26283295561307
1.32937858130395,0.899616208115929,1.26228055731344
1.83019121534603,0.981861690219447,1.98627920448382
1.9195850434506,1.11686651236769,1.80557108075077
1.69221040125946,1.16058950695751,1.91202684517582
2.03215585755875,1.37830312059552,2.45394602519647
2.25117119997843,1.46475405683541,2.26224369582259
2.14856755756718,1.36702266092159,2.40665854752857
2.43276269879859,1.47593857303171,2.4696354565248
2.80428021743121,1.77850075875587,3.30910548124699
3.02192551185682,1.98510287082228,3.91729110171279
2.87105037246101,1.90637290234556,3.76883140818695
3.60785789840062,2.35779281006452,4.69032341337696
3.67317247819217,2.24550512270387,3.97578554156572
3.93349189998988,2.33316041384384,3.91247976332393
4.21890867593099,2.59903396899255,4.68931560816261
0.722814526655034,0.643255834973339,0.659333503465161
0.783348583894674,0.706806492594036,0.730421945426201
0.69557022027564,0.615972307516094,0.62850404447264
0.685925484387265,0.613687024763923,0.619490455944462
0.714269070319269,0.63214656664781,0.647404802323308
0.768016896507609,0.689415007666411,0.7075666302594
0.714132133052105,0.63441921706811,0.649311444388635
0.739736434158376,0.856967931929479,0.778154205051824
0.799231592298732,0.853066120140762,0.813976360489164
0.802051723589656,0.819929426180158,0.792791909826939
0.978584024646492,1.28418450158978,1.15936240259421
0.92435589256391,1.21805392638935,1.1167250015972
1.42640727364668,1.72706242330921,1.62947339661538
1.45646368523151,1.73252041056825,1.64198058029415
1.4393822883222,1.7322667678244,1.61764577306479
1.04606888199583,1.08886788770083,1.02989047757875
1.52901045528941,1.6357677221414,1.56141405152266
1.52708953876104,1.62087538246043,1.54437770911876
1.57049344017332,1.58230192890323,1.54662149632958
0.712817612129211,0.633230708525462,0.646237745134479
0.784386743499628,0.704646802023159,0.719051596107918
0.672525479327627,0.596639270900743,0.604292648901091
0.66034538013788,0.593630958296903,0.600163717628758
0.67980420012084,0.605104538768682,0.615486732524797
0.709394579101858,0.638939946971269,0.646836339929951
0.665110870652837,0.591456749957371,0.607418996870098
0.70449610091885,0.628010079836582,0.637355977985116
0.69544594652286,0.623642994854501,0.646053076892563
0.690779370162264,0.629372374500803,0.642291944979372
0.751174564866883,0.689532462672921,0.703915076099858
0.810264086623494,0.741108831044548,0.757034416853553
0.812508989612078,0.763750289250542,0.784222603632083
0.914496754770839,0.865409906785728,0.891156225106955
0.79843549496299,0.758846675465668,0.780790956181371
0.725620686482434,0.681637795981979,0.69877154243744
0.776141010428906,0.744227527589301,0.76822056030003
0.796407415051129,0.763380682403881,0.792398600463873
0.878895749786823,0.864361009354595,0.892996508134371
0.968781235971061,0.960131334269733,0.999714468323464
0.909167288382437,0.880630339332841,0.90786386362982
1.019719083757,0.990499282670228,1.01990521571392
0.940398038635908,0.928392793225514,0.953572906248959
1.06360748286828,1.06551657222901,1.0946875562696
0.720535284859903,0.641609362623532,0.661819202505446
0.771574982421425,0.689328069420958,0.713111725841874
0.734010129430304,0.659994926767819,0.680718353417391
0.731007550794821,0.658424268620879,0.675964393481519
0.799328468142097,0.732261607341202,0.756157337215149
0.830619889423331,0.763917441094938,0.787650717540194
0.835119434817328,0.783239775905022,0.812384777561131
0.934593345008576,0.995156457126227,1.01222598724314
0.995446208458936,0.988476409473614,1.02241978706995
0.877487259174118,0.864544270931723,0.894774696953622
1.06830665325896,1.23308765341243,1.23137767489795
1.06643219018216,1.14587411615867,1.19715759354944
1.53829343370642,1.66736055235572,1.67724148859657
1.54867115298856,1.63626888845442,1.7176739584886
1.57538529428095,1.65008374097412,1.66144193464985
1.08993982216035,1.1696989580567,1.17695092797013
1.56665441162996,1.66474121462876,1.64426574551666
1.5895139169668,1.68563424844517,1.70879366833918
1.5721005382072,1.67377065786488,1.66544217905173
0.855194808354037,0.784994792427102,0.814507888758191
0.932857639733879,0.862088381833407,0.895701441955239
0.861083168765652,0.785690074142385,0.814453262667088
0.842293931476088,0.768180372728941,0.797539241331431
0.935077982206171,0.858101492952562,0.900009841136307
1.01509309621616,0.939163625809,0.991560927559765
0.979066174679562,0.902172295593593,0.95296315184223
1.43066018941557,1.36911039535325,1.4243364715482
1.44527855058158,1.40210970952021,1.42307153084567
1.44057695094484,1.37886773754848,1.42180686504834
0.94326120225169,0.878221660344551,0.914454174732752
1.08460199589961,1.03519618729693,1.07134291069671
0.878773345777518,0.810765369587593,0.842521733924128
0.877066411912002,0.812186990281574,0.837824871734072
0.901075977723408,0.841312639944854,0.871641334032351
0.978098321395537,0.926573615234036,0.960455545835084
0.895616673687824,0.842326004657755,0.869088848509973
0.892863206742363,0.820453470945504,0.853460867266659
0.975835222089534,0.93283149650727,0.96555248815768
0.948444641387571,0.884947442525489,0.908075020070408
0.980565654380427,0.896214037284083,0.894145528998546
0.908501012574502,0.849718322698906,0.884317059299451
0.96854098932929,0.923305116325407,0.95606374956591
0.918447739191615,0.853310472213417,0.892838043201713
0.952352697802682,0.888204378319837,0.917042712967574
0.966133383751656,0.900382283299927,0.942078772878188
1.03286522617117,0.971396422625301,1.01561830286868
1.03840271011175,0.978142834525852,1.01838566914128
0.917422030920266,0.848055388513366,0.885854468616437
0.98724237746763,0.915877885338087,0.944916224229353
0.852854835564067,0.786320433220188,0.822516783937169
0.84929259874198,0.787203263472884,0.823075424531539
0.842679311232385,0.772319653662016,0.807088183839173
0.832340050320058,0.766286395322597,0.794363729947828
0.917695882000783,0.847676913069852,0.882535465973833
1.00674873306509,0.916204241947873,0.958057361540969
0.967608943865742,0.889559334196412,0.918163703344408
0.992921475153361,0.906127155611491,0.943068791717734
1.18168943476834,1.1743158942884,1.1598963733994
1.20559250546413,1.19619490098384,1.18469166784634
1.17530894732069,1.26516955165353,1.18770137990256
1.66077435621704,1.78842629576335,1.68113059750085
1.74720425395205,1.92000634023711,1.80181679398173
1.60627747011448,1.67249224723286,1.6114926557089
2.23143540660417,2.26254806385583,2.23497371323989
2.12864464293278,2.19667982132922,2.1765742376067
1.99412441396007,2.01700497654452,1.89969311108286
2.36468399148866,2.39128588546619,2.25701133003837
2.37731972144907,2.37657020759073,2.2826135059098
2.3759658427486,2.38218321202105,2.28334706241278
0.835329968341906,0.769231413936494,0.798685435413983
0.908678038650892,0.857838381875639,0.875408719398497
0.833909577338271,0.769292278394513,0.798114196987297
0.884986678844578,0.828841003614219,0.852800510202669
0.849932819259653,0.784323542992307,0.810077366552964
0.891564369897807,0.830737488726234,0.858426499353329
0.924089932022425,0.870788048458721,0.890696311485661
1.03845980386056,1.24641276914559,0.922056297317747
1.01804794708889,1.151522791563,0.961435233601898
1.10406215956699,1.3658562716371,1.01307771828561
1.32296857765397,1.69247196471681,1.3234123813866
1.34371503071579,2.00837600574505,1.31571367950745
1.24542392039619,1.75009225795837,1.25024822099251
1.76107269979808,2.35530655707946,1.84515796899895
1.74085384772217,2.26890379783481,1.84945860175073
0.805067051861931,0.731840344357641,0.745451787509851
0.824734774382516,0.744607859536913,0.763212376782735
0.810398297276586,0.73685449450434,0.737540797793043
0.866936631726828,0.7949189060467,0.8046639401451
0.788173974561019,0.725245884271602,0.711488123872108
0.775927643719777,0.715144053959026,0.702344601167307
0.827446440132985,0.772887142284976,0.753656668897983
0.898812568135516,0.826563497273598,0.811042052311757
0.898146099206082,0.854298166058931,0.835667759177859
0.831880546441175,0.791103787513529,0.767296589124107
0.9073187594616,1.32824327780807,0.86007381478924
0.985728800847309,2.01085403795659,0.939591306223438
1.03394637967911,1.42794596320516,0.980484886438179
1.1875920749408,2.13958928753831,1.13387443450178
1.09000035693575,1.04402890178115,1.01315093928789
1.26373338130098,1.20756646474356,1.17545352654941
0.930662984173923,1.34827088005943,0.842382453218034
1.02294983937173,2.04650608480487,0.915370971648683
1.05448630366724,1.41684002165168,0.960845717334841
1.22295469382701,2.11392383757134,1.10228448940037
0.79438023981708,0.730622747049636,0.722148303389923
0.781395542185894,0.727420831398608,0.714412068928849
0.85318601393497,0.785025272752837,0.786539168170975
0.906137224620723,0.833044445880193,0.842832638109099
0.892883925105812,0.833899229286775,0.83395118193111
0.931053826346662,0.887916831654323,0.877063749888525
1.03403362950085,0.987042493241114,0.975565295235621
1.28865279480776,1.25010496161714,1.25660779396487
1.4479619131977,1.29179574065361,1.41688673380811
1.7252375019791,1.52453074712309,1.69428094144099
1.44707492965714,1.34746039223571,1.43623240665625
1.9234165076828,1.82412053735016,1.94284980538321
1.90954621014502,1.83165213729995,1.91529600358594
1.96477578625393,1.83020150069074,1.95285188322491
0.853054314391916,0.791582099869114,0.79702584133962
0.908032259070142,0.853910638277239,0.847898637567615
0.841571447682606,0.773696034303361,0.79074245690485
0.898183449747329,0.827251303794225,0.849178185814112
0.833302907214019,0.767241167456271,0.797632964866452
0.891152511129032,0.828071024386442,0.852902628502443
0.89360776079413,0.84220365621296,0.888154113403489
0.914669342247084,0.865352228330875,0.912776830441262
0.962720297941661,0.903175137159152,0.95962318037767
1.03643869185354,0.995114042718144,1.03948665568603
1.57527565839696,1.48884354202411,1.51669806875848
1.49724803923437,1.48174435048019,1.54208108471409
1.51809148340906,1.50857208069393,1.58581782096592
2.07540184637041,2.10098197229363,2.17626568632106
2.13441542920484,2.08904662535754,2.17473986914841
1.61150449554478,1.73455886233417,1.85600032021792
1.91828073446044,2.12064510174159,2.20559670768589
1.9595517408274,2.07008654480884,2.2794931821334
1.76420994420454,2.12541903181229,2.26374690443553
2.139073026132,2.47392329579548,2.65510960099748
2.10034985114638,2.51522685768877,2.64604832528165
2.12866642480076,2.51797297458437,2.61126582920087
0.785645602274304,0.721829882418406,0.742597434532968
0.864886795867167,0.827591471098233,0.829968918670243
0.738356064288439,0.669558369229754,0.68221052147644
0.788296292563405,0.732463632641504,0.728427635095667
0.696064573217634,0.622139399475221,0.626992689474081
0.730548439671148,0.665256948528964,0.666444531769991
0.691570310328197,0.626863397908366,0.621651866936846
0.75874900663348,0.703237070638573,0.698626449691057
0.738679107842478,0.682961551916359,0.679865183780507
0.674717869857158,0.608904077737388,0.615452278177144
0.710189905695956,0.638356340229857,0.757024205626099
0.730400885318376,0.664622022007035,0.738748138606649
1.28957694136262,1.23743336231248,1.32160088918649
1.29541481497382,1.26895316108438,1.32381210201077
1.28318473571043,1.25045042544273,1.31078157889347
0.738832149660911,0.679762587224967,0.795746253216164
1.3042485396449,1.24638968725561,1.35565243078392
1.29879626257502,1.27842818015615,1.35799186817662
1.27348903829603,1.25090726440748,1.36766546213009
0.684930396888227,0.602791243048838,0.605872469719299
0.694176658876056,0.617429679173189,0.618759044288993
0.722320862893089,0.63037328583558,0.639781831220033
0.762479335136138,0.671729419556596,0.683318327458527
0.759951017368602,0.66154613931367,0.666635037857881
0.767588309689066,0.658766087302218,0.660756466251087
0.887654660829032,0.784260418463551,0.796764030318637
0.971826662064534,0.891685211850656,0.904975946919145
1.01145101118205,0.916713463541749,0.905067427093202
0.911689408540561,0.807081721517192,0.822451039566006
1.04413646919823,0.976263492606055,0.968398691332237
1.13979117213718,1.08948619975551,1.07093256601926
1.11637668032644,1.07011784564702,1.03805483567955
1.25698577647724,1.26501405442669,1.17996239886928
1.03393117332792,0.946410216784173,0.942607101003686
0.911717598474641,0.801399188088615,0.8128227292868
0.920639500623079,0.811546090368357,0.803513682455718
0.939281585545156,0.867424060634183,0.812104398786936
1.01635472396307,0.892451916175272,0.896489026084637
1.0935293876335,0.981054208042957,0.969452532061571
1.1258919676744,1.03005638060435,1.02275004049118
1.27082058475026,1.20637090698902,1.16537585450714
1.10496709267283,0.973686093177858,0.99095880195495
1.22302455961281,1.0821139342859,1.10536363589608
0.754732615499129,0.667898779447209,0.677071637534595
0.77126187376921,0.678755922204415,0.678363212721131
0.801417851318776,0.72521806254224,0.741643751837413
0.884183620413781,0.81080831967351,0.837825206847023
0.920548451151033,0.869985278733532,0.900300070053168
1.02369883398801,0.946000063665205,0.964833721947802
0.851377530289669,0.775021335286203,0.796042942769359
0.895024159226715,0.818533136645095,0.830156555927287
1.00578585878829,0.914894592749,0.945696982962934
1.24510388062172,1.16074849410534,1.18241983024984
1.20350129552733,1.12222160152455,1.16145454792957
1.06406316591186,1.00461920754588,1.00222911981798
1.37890818781065,1.34285981576999,1.31066009412992
1.3745677989361,1.35575202893578,1.31995158970707
0.80341220473778,0.738429792761501,0.755276207024532
0.873278606359722,0.819201642787116,0.829850242682527
0.767565611578801,0.702800403475082,0.718973886202647
0.787345553422438,0.728321518274656,0.739042251141019
0.778743763797408,0.714620162209727,0.734278517022645
0.865216950931092,0.802662732557557,0.827757917132673
0.828680674410219,0.772516031299456,0.789421718154974
1.20680143851864,1.04783406113846,1.12864661827667
1.19301233806921,1.09081548342917,1.19583492811373
1.19801062450862,1.0240845300091,1.11211176572104
1.71689129877048,1.55306183462744,1.65709635044446
1.89830624829212,1.60618556643821,1.80603159682998
1.62167631607161,1.52894353083731,1.55816762779296
2.2138512986166,2.1334479846684,2.1372029195412
2.00960860904601,1.98441596477528,1.98995901348651
1.99195582024636,1.85693307908081,1.94125268785499
2.3232237992032,2.24071476768839,2.24518318724212
2.41814450449411,2.22837505930299,2.40442510989683
2.56824595260951,2.47307839577403,2.5329672942727
2.94345973670568,2.87574292111173,2.91902305243705
2.96220477507087,2.89641623043503,2.93213583972586
2.95664358366421,2.85860594910976,2.92623956029492
0.736201113270665,0.662452705249008,0.684140216369169
0.818449995880455,0.738173468296803,0.769432228798389
0.681956268004133,0.59711301995644,0.613304453588027
0.691093391135403,0.609259264409572,0.622937143392227
0.689103208821566,0.578343693884965,0.598843559260432
0.749720104959022,0.626786923800495,0.654612590402619
0.722733055141855,0.555633405556895,0.577502778013188
1.10474661465665,0.606631441760856,0.634844143149319
1.25958079997592,0.604590436620483,0.623076777520588
1.80903734413413,1.1888747956968,1.222441299689
1.75312094057306,1.22046524059835,1.21360098928658
1.78136191598849,1.22495874496129,1.23534327671823
0.742806354490876,0.574357194266648,0.59896729648026
1.08307960165342,0.653305348051979,0.672407054239335
1.13850220277776,0.665597366157806,0.718146086527285
0.770528433549587,0.613245073034471,0.66492391485395
1.3191367854019,1.22377409967842,1.2571799654855
1.31530078452392,1.2185371250362,1.2644045601841
1.31223615098467,1.21139490862867,1.24196866609871
0.686386458560913,0.590957905218993,0.612652883396901
0.728430768201307,0.643935806026298,0.680855282751458
0.71642894211782,0.620412971688799,0.641927469243637
0.775602806281019,0.685276116989105,0.709398663480194
0.752228379737139,0.658417285421922,0.685750382990231
0.820813232843596,0.735642289231491,0.758273288995796
0.813483610427884,0.725253593967032,0.756150527308748
0.723634936265338,0.628163083630636,0.667293568669549
0.806977566701352,0.717550468187033,0.762931241934832
0.697651329206725,0.596651254560982,0.649719729166031
0.737323640791037,0.630019848442348,0.687339650481965
0.701167121568947,0.609159004351378,0.670818085868268
0.736776854535558,0.641919285172858,0.708592712168207
0.681298375353735,0.59374391963609,0.726791117710841
0.729626500238761,0.64404084382137,0.798898159179786
0.754871170042939,0.672900213735656,1.15987404336468
0.624267502766662,0.535689700239631,1.0379776372071
0.648217072067182,0.557183646078018,1.31881377880741
0.729136763532735,0.639326874397657,1.34125690685953
0.625432061515808,0.543268074402063,1.86379332576426
0.665927901024275,0.578739517151743,2.20769345957082
0.597275990010219,0.51441067805617,2.01424238384499
0.600132910680834,0.516503432179711,1.55519408172163
0.650803286298364,0.566149354774502,1.85855517027534
0.713498339099617,0.631814502405948,1.74292141909729
0.688209198079478,0.599238429279394,2.49027965721041
0.782678954156512,0.68900517622077,2.78655611654757
0.635177220188962,0.545364871549666,2.63916486212159
0.679613461321171,0.591904540531258,3.03211542069235
0.677610781417721,0.584161166036656,2.84206329679528
0.757372991887373,0.656130515487714,3.35670920011125
0.773948943684794,0.671296514022065,0.704597098585326
1.01906941003832,0.820461587943881,0.826936350700951
0.817433195611703,0.730693901442749,0.767471928160506
0.947795253148749,0.828179589532675,0.866130511055139
0.93148860971722,0.841247901807641,0.85654822017283
1.04730506146554,0.925784837104123,0.959132891132104
1.1878668528209,1.0454650311603,1.05433211145767
1.29697510153574,1.29874471953478,1.3883039383605
1.39259548128209,1.38508298400031,1.43330904527518
1.52153466281229,1.60298385020628,1.52079252726137
1.89367574028543,2.09257447325361,2.06097379656885
2.02175216495292,2.15601831291264,2.06331672476927
1.95584641174419,2.14821573377002,2.02682317667059
2.40723965315998,2.55502216114346,2.42163492705963
2.35941342439267,2.53721299592948,2.47979792175107
2.46101805599786,2.83796681158004,2.6688746470387
2.85478735117638,3.21987477318838,3.06695055593543
2.90402693485238,3.27214644041355,3.07171414723909
2.91870293082793,3.39160574659338,3.25478404697677
3.2486204428223,3.73406007068653,3.60286616333641
3.24326394165005,3.72228819021802,3.60897061772595
3.27384851986138,3.70619078632205,3.58335885531761
0.949608848071415,0.894662774916871,0.925612842965503
1.04778918674075,0.933261079195903,0.973807686387305
1.15504062791747,1.07460758495487,1.14942074475864
1.33135058838275,1.17434736451203,1.24570772116433
1.35498578910436,1.26678440237261,1.43594468074225
1.49170349559641,1.34320375044563,1.53440730656477
1.65024944163298,1.53541752805013,1.80987719907275
1.96026267503805,1.90252656025137,2.09106993062315
1.99549608366515,1.75579241019773,2.15112566652063
2.32440894415214,2.08045183789257,2.37428867079171
2.63880203549086,2.37498565478229,2.65201086227258
1.6426815894056,1.30612932308516,1.50001214640262
2.00429389365146,1.39939839905235,1.61751415298456
1.90466994495067,1.41494635656546,1.6339668856897
1.98538081432149,1.49910750276586,1.7082314289988
2.41204385573208,1.56791607850577,1.85151012410712
2.78513722008936,1.74558668626288,2.06757904559257
2.73824165902734,1.74670286111738,2.09922028709904
2.20862996159405,1.395705885434,1.64716470768463
2.76537132287292,1.55884833862684,1.92061251553623
1.59605400641751,1.16010557430301,1.29987953956702
1.49841564925395,1.15669904583442,1.22841359225903
1.38151793155024,1.04392167131851,1.2330263754417
1.53019203178709,1.14622472633649,1.46779449868825
1.29130708731462,0.980744706845844,1.17029195723007
1.41473662652574,1.11785638755211,1.32696287957043
1.65647921076833,1.31658683391908,1.46642235468819
1.33705137614553,1.08650908995006,1.253078778725
1.69972813386368,1.50044069630097,1.78732090681619
1.5497757536087,1.23459320491759,1.30696703307456
1.62991066440586,1.25710443827899,1.38416062679956
1.92330094418721,1.60401104480531,1.64406024752012
1.20505051990936,0.987674517869597,1.15786574130035
1.61311515523198,1.45319369932415,1.60543866725727
0.958525083216749,0.771973012734574,0.928397178305
1.20182607733308,1.0136583223064,1.11864805544343
0.844370212914052,0.748194177299157,0.900724250133507
0.853291713609955,0.799539473341778,0.912932211884383
0.927329507070717,0.907023040756699,0.990211339351622
1.03982738065182,0.951917000453352,1.05127420123017
1.18405709740463,1.08376912741035,1.07672881922776
1.65736463182412,1.5492952937877,1.51739532875179
1.60000371535805,1.5339643510106,1.53512121033244
1.69148213666044,1.55423098683937,1.52475871841999
1.07076736409277,1.07784737141132,1.13139643645925
1.53101360100826,1.56339135310621,1.57136379383523
1.54271520424332,1.54536206776831,1.5755461049711
1.5725019809204,1.50789614326011,1.57631200461572
0.835579338932015,0.718357094298015,0.931528697231134
1.01816197005157,0.87752484749874,1.07276921291498
0.764813977769911,0.67599025264194,0.924044175590254
0.788138666354711,0.709425546904529,0.948329932109209
0.783832170227144,0.696021318283229,0.972423562237095
0.872476169092501,0.762334042925236,1.03032457828354
0.759523393223633,0.685358745003157,0.992791662737809
0.855427636458414,0.778445163098302,1.07584976917831
0.806111989734917,0.723699491164882,1.02790197530413
0.709655539964587,0.63967805762813,0.980509855210192
0.802786462064332,0.735542988522413,1.06778118503839
0.923053214204378,0.854760825932312,1.16248450112026
0.844184645916664,0.764937993715189,1.09432844005122
0.993058360238221,0.908798175737661,1.20753929591651
0.778720693627873,0.684113069377871,1.02389019745658
0.693710325718154,0.606410778638364,0.955174415429542
0.755516290539424,0.637484946998416,0.971860606351181
0.822123237689775,0.696089306784621,1.00486859095169
0.871494569634497,0.71756605896086,1.04020484087167
1.00612380018464,0.825644364125742,1.12458570801593
0.89860057063229,0.76642837789077,1.09097572094563
1.04424497703353,0.899747956819983,1.20970885768973
0.930221927820204,0.770757643841063,1.09059025503172
1.08911812624813,0.89955815674386,1.19628928175
0.80925802912393,0.715241934126766,1.00169450890419
0.821547018463549,0.743539722741436,1.02285329660051
0.927868874667357,0.81073934831676,1.11178680913296
1.01907028829442,0.898928694833937,1.19801230367167
1.01917929452164,0.881198645345376,1.20978710030366
1.04737282903464,0.937513144047999,1.23683956731916
1.20377070059159,1.01585911699603,1.36050171878353
1.63669319557178,1.40120864872318,1.61532243858297
1.61163939417042,1.48900388290695,1.54957466062769
1.91639176905805,1.79736640136056,1.79749857148729
1.60840203158738,1.48506598520773,1.66515677129182
2.08656798313647,1.98752130444809,2.07592305395941
2.0673770837376,1.99015640429191,2.14404506422564
2.10664010573036,1.98731384780378,2.01708985549671
1.04523131099204,0.891122535412863,1.2750974067694
1.19136361699268,1.02346186538816,1.45131296533307
1.0082230119274,0.861461049322756,1.2517814440641
0.99656695109864,0.86917187628586,1.23230901668086
1.10045962870916,0.941031207276004,1.36990667881206
1.25779388970353,1.08306033729916,1.54869607652621
1.29241688114715,1.11029770146509,1.58389632889541
1.37339665356494,1.21350826008816,1.78203961801275
1.40073069429261,1.26884747208319,1.75310354519102
1.69125715720274,1.43421508780367,1.86625071539351
2.05443660787633,1.82240398078123,2.08408074549667
2.04937927814876,1.82533040429446,2.21592133416187
2.23291452272823,1.92434436887166,2.33538974915011
2.61132318197245,2.33524918105116,2.70630796314119
2.68088420876343,2.44922072690713,2.73041751714679
2.83019379950324,2.4407042989066,2.91085263319706
3.11478086972518,2.76044943527237,3.20398506376928
3.53848501178166,3.10794338979956,3.60894879864824
3.88693365477219,3.52412835528264,3.95078636658672
3.72548379804032,3.43993289820572,3.78882111130127
4.5692212049696,4.18613903290992,4.63749272652413
4.34798268461331,3.85256376433125,4.42362228544667
4.53817181905415,4.0559404760385,4.61559034601609
4.94037588485523,4.40973833156588,5.01609699715185
0.986043318965125,0.858548505564602,1.2811297786776
1.11912219895009,0.989213921773702,1.4364561672479
0.926803665567174,0.826950953862349,1.21723410109055
1.02191173578264,0.9249435966,1.27880974533903
0.924320391306679,0.844542689792113,1.26421504920101
1.02599361542555,0.929588142541455,1.3903181223868
1.16687072625082,1.11028871753017,1.57414135056366
1.60723986830143,1.67740900672201,2.05749575549007
1.7053105432287,1.49046789526644,2.01729049153
1.41068585683003,1.26970664298815,1.77595062399763
2.10440148751763,2.08609940561643,2.57343685789503
2.5539994291285,2.62209400754939,3.06774579557996
2.68906340992198,2.56631632225338,3.10344537847241
3.32486013274087,3.26883681854626,3.80533278161534
2.66905862761839,2.26623987381373,2.84987387503604
2.03459705781022,1.67244575920901,2.13045499937153
2.69987139018182,2.31802436315977,2.60031199846288
2.74857909158523,2.57557020419516,2.68572058930758
3.68238337584771,3.09328614725925,3.47833883604293
4.38779335838846,3.82008233460052,4.13225267914156
3.55021263979895,2.9241231746692,3.59714262414423
4.1105544043222,3.48697347395577,4.24578547897994
3.98455320716995,3.22365947987483,3.83013364183332
4.78811603550054,3.88054420249343,4.57511999856464
0.796484616717679,0.724080346612388,1.09556657293317
0.836705735140939,0.756688740265291,1.1058030509016
0.741113973591704,0.674650142711201,1.02068157171006
0.794127666851551,0.725611075227138,1.07237446324673
0.940707861750913,0.870933565432486,1.2286023172194
0.881834180711046,0.817375361249153,1.14677335942333
0.708304230406626,0.625029145868703,0.913455529013707
0.718924124556656,0.642419144486499,0.913552680692227
0.756314643065111,0.651761608130948,0.892487875475621
0.970878020162002,0.812776062569093,1.00569577596108
0.959020899466232,0.836093747524451,1.03723479103738
0.824670277215742,0.748623049980363,1.01837407939485
1.09651060714797,0.998940180799495,1.24348414792571
1.08979227388779,1.0084429137504,1.22140759707704
0.756979168096181,0.667729300248924,0.949270193246752
0.875256818011619,0.767135354181521,1.05567186762148
0.777315045087381,0.69541604097547,0.95388742071856
0.808089417560075,0.729578395094183,0.972643695044183
0.861070038654963,0.779250570359994,1.02233949300552
0.918001838655827,0.837136122856965,1.0688900063763
1.02424289664176,0.952288315675611,1.20479765995822
1.42251817278662,1.44759206363607,1.54105975853102
1.53953648985643,1.35939619604844,1.63012999990042
1.53811769725467,1.40445439390658,1.58700140821417
2.04590051469831,1.81266744828222,2.02846904211873
2.08591662278154,1.96337199964809,2.06055451900971
2.07091388495317,2.04776212956385,2.1011310193535
2.37684945889626,2.40738704323645,2.44726547366647
2.46182651350465,2.47772814953408,2.52609211094903
2.83274575918023,2.82675550139184,2.78331570312568
3.2016315386616,3.22098169496934,3.15784395000004
3.14555896287737,3.1507173404805,3.14437155587497
3.57381105109494,3.59261753078869,3.46027604775444
3.93344786337972,3.94742821673501,3.80986070454972
3.93788434488957,3.95546866087149,3.7980180313026
3.92053342253534,3.95603159846436,3.81414537034883
0.839219289322596,0.756187511203179,0.970427602076177
0.901845684172221,0.82565027120536,1.02765495029718
0.852731513373201,0.768253282687621,0.954939696800084
0.900363843868651,0.82442962619052,1.00075980396005
0.888459232254987,0.807998964616069,0.966914395036144
0.982569301530895,0.915062367095606,1.07673394687708
0.970957589161804,0.890243838334807,1.05650881579297
0.812806296510774,0.726977801337562,0.845556321948588
0.95147104682561,0.854622542487422,0.950979804588787
0.733329821761166,0.653665471711165,0.771407180529041
0.816815014143526,0.733816210412951,0.876782598686905
0.692559735526514,0.618657595324251,0.687658305242816
0.719683870643444,0.640743098036759,0.718308442837143
0.694312626127148,0.624177511867358,0.676476980881967
0.745844816709779,0.683953234647673,0.734369432787908
0.733698767474117,0.670784165749598,0.696747255071528
0.694198191106592,0.606122526654447,0.706557995723891
0.726636537908449,0.645984803382387,0.758623600943663
0.792228275030694,0.718998156682324,0.810906997977408
0.782814010463928,0.698865422967208,0.853917629316808
0.892329455873457,0.81763556502703,0.967980478989493
0.806592787469674,0.69966327344073,0.890580793048069
0.906601463693776,0.786364213353757,0.999846343093608
0.75943342834657,0.654641977613735,0.786637639863183
0.845728187337749,0.740644783745755,0.852159416567041
0.809213747756074,0.692162006697312,0.870502190872406
0.924525106011802,0.78928815264121,0.984992684731857
0.703250001916122,0.632661023643984,0.673569505106653
0.796700035371709,0.719188759945517,0.758778607892187
0.693945625543408,0.628388308391003,0.656354346085806
0.710056705547875,0.644603078986102,0.670309526359353
0.741651474789423,0.664556236718767,0.695247541852344
0.800052035650236,0.719691282221704,0.747636868615333
0.873913929936864,0.788565031248384,0.820481515193426
1.44037684499168,1.36495563849632,1.22807422575269
1.49409251920003,1.40571971609265,1.32881040070431
1.9444094602421,1.84419899502705,1.71993969912651
1.51970916694471,1.5202792172081,1.45792223498037
2.08454510245048,2.10246243182554,1.98754320973185
2.05583841449708,2.07491857279128,2.00316674770866
2.08678704905679,2.08084387399166,1.99694160395293
0.703758421045708,0.63046801408534,0.654798628492648
0.784675927172699,0.742225547138089,0.734212913718902
0.692657680820012,0.59884218930866,0.653637765228844
0.76170879830419,0.65811026858265,0.733473881392866
0.689275991904673,0.601265402205282,0.658595995808624
0.694464673473141,0.605097936346506,0.656673421682331
0.695545080223571,0.616816117062764,0.672440614055567
0.763567653749614,0.677238289154934,0.731000033058069
0.7550078737751,0.680298044868514,0.735921297177612
0.641185886092477,0.572368830469765,0.629863354753607
0.628079756689969,0.561687721675682,0.626273503456403
0.672357869768306,0.608389560220537,0.676940856144563
0.623543456405601,0.564891630459917,0.630691453064799
0.655608972277376,0.59510740202362,0.678291398411288
0.629491068025272,0.573087878942014,0.632569374032428
0.651557988200797,0.586335903562285,0.639897626151963
0.737374164938812,0.674436969126534,0.721076453542772
0.81240939702814,0.751042153310166,0.795171890211306
0.781136293739283,0.721731170540102,0.772203652145352
0.891122245836758,0.835627351185385,0.879493432723906
0.679598631660818,0.629316535852075,0.68936419780098
0.719638974142091,0.674591619218038,0.74572130735558
0.747772555433857,0.694992904844521,0.75123797544148
0.831465507027612,0.780661588922058,0.839228934548901
0.761162118062739,0.677399247787155,0.729796527985583
1.04570786936115,1.01338760751878,1.0505148867027
0.89555335367492,0.826327992882898,0.814716190803541
1.18988182020331,1.15148483930984,1.08992795101615
0.956439116753189,0.890045958649296,0.862624342123867
1.10142272236851,1.03427053870269,1.00391734989812
1.09083314735962,1.02218398696192,1.01745702246595
1.55957293620997,1.49071180939584,1.49279534035076
1.36875373179964,1.2563247030176,1.24812552504324
1.62261282588301,1.60289222873145,1.43540833165859
2.26371625874878,2.27589822010322,2.04375722874404
2.26026381378326,2.22017416865273,2.06424635147092
0.911172286588544,0.838163980116997,0.787763068602723
0.906680502006828,0.838672437768622,0.804170501475742
1.02589530156883,0.934253709201556,0.846571299230463
1.12794875765504,1.02587612954655,0.924584338866863
1.11297941944069,1.01365548619657,0.907815786340302
1.21174923182055,1.11986498610039,1.01123684707103
1.32350288031383,1.20846053372711,1.06173574237679
1.68331772172564,1.4942475100273,1.38405229256584
1.31297523492598,1.3445783478045,1.39197171951544
1.81776130223102,1.51900224668056,1.16590963219584
2.20832446181559,1.8614133243321,1.59290318566919
2.4422364809815,1.94140904811011,1.52025623719227
2.84213845545396,2.34712976166578,1.98914984622976
2.84453985154922,2.36350642494225,1.98272653815307
2.85929591124447,2.36101200121104,2.01467017590319
2.0329975356846,1.92471034162464,1.74499188102855
2.3992387731482,2.36509255122744,2.22991093990857
2.37106604241579,2.30257250701694,2.21628125922693
2.39746567026326,2.33405752644422,2.21021421702178
1.05148389954385,0.943685430283474,0.888508379922509
1.18797196555083,1.07485850239076,1.03434587679569
0.995361031847533,0.888244533606013,0.867390223215718
1.03342862019033,0.926572080797842,0.897172425560377
1.05281966568074,0.946760346674844,0.971088256887421
1.16254186009305,1.05863945412571,1.10802712978946
1.25651594952588,1.14113418448629,1.19727986346534
1.45944236183125,1.43051872757315,1.46733055764476
1.55495260131749,1.44902343802706,1.50146770752649
1.7460152063473,1.66373708604431,1.67227312630519
2.00587787169735,1.84805468009289,1.8181643570953
0.968550060172673,0.886219568650845,0.88921455002908
1.07304548624896,0.995602238450739,0.993270225098208
0.881744700707232,0.825297538539636,0.804898130226875
0.918732970584625,0.86817575288887,0.846407281683661
0.832733580272366,0.802510237920807,0.75822953377951
0.898342111245522,0.882203282828255,0.825771034147632
0.832263043976323,0.830310959167435,0.769434050439039
1.32965850853425,1.3332216254984,1.28455153499698
1.32378482017373,1.34193712291324,1.30764850684474
1.36011451947004,1.35243312018062,1.30402866993388
0.804702507369679,0.761085794470708,0.72037465572581
0.849879913227909,0.795709334258273,0.767583161459275
0.801803636348753,0.763776521770656,0.714676479870099
0.870139696071179,0.843864896836173,0.789871136380101
0.917251955084766,0.913706474037771,0.854035306605956
0.984760267837798,0.967541831795995,0.907156835122939
0.7813316482391,0.730645574207747,0.689931686500854
0.849267838650301,0.792620065795343,0.756595607296898
0.835625482745817,0.803374404336014,0.76141361040928
0.917797942358092,0.918001591962482,0.884142114310928
0.97116455270352,0.949670476983746,0.920701438220467
0.917200732540612,0.886063147536558,0.844642047308922
1.0847577874372,1.08173873289011,1.04182104064475
1.08887802840114,1.05820233891528,1.02145571861157
0.711782252616745,0.652525443807966,0.623279585852111
0.693168017272373,0.649593118432027,0.627674115294961
0.744871411802801,0.662275423455162,0.642378161481625
0.842156464398503,0.752431486935133,0.723921909116885
0.717174442478903,0.634382386208543,0.627999665692917
0.729420991123108,0.658992568039451,0.658866957403652
0.859501614012074,0.762921027546341,0.755303140148533
1.2943857838217,1.29479073552817,1.21869927425833
1.22239344995149,1.23487709011214,1.19440326382056
1.2584745381843,1.17437081511773,1.13510975550369
1.94726882621275,1.82034170860241,1.77786717061763
1.81185399594297,1.81160573386226,1.80601552943752
1.72826720372695,1.60941786801485,1.47735168451017
2.26656086593998,2.16465107655211,2.03324210643826
2.46640338871913,2.22693370574666,2.04130249198431
2.7122911932775,2.46628681622189,2.28346573763408
3.09104203421445,2.77671383195196,2.56162536890189
0.64833195248372,0.573301118189964,0.570520024112777
0.728659608572482,0.640687222883518,0.634447388861782
0.591292646610073,0.535204049434049,0.540424763119957
0.632982841106995,0.591345255511546,0.591791021873544
0.567404365659,0.517805725831965,0.524829770525504
0.620347885034713,0.587133673854877,0.593871177351814
0.632748288522826,0.586411083802876,0.589979324499007
0.534927481561324,0.461285253200873,0.475375978693318
0.568788940478685,0.490727952271394,0.50839549605199
0.543969131464213,0.467939709460749,0.478279421086825
0.592822524923416,0.523837125091055,0.529014161265129
0.53490030661325,0.459096244307702,0.473126035383164
0.556287042742431,0.481148902219025,0.494325282850849
0.592487892525694,0.52077725239498,0.528325686224616
0.661604204408155,0.589312227802317,0.602012665578745
0.648640316263348,0.584433271017149,0.587929843648954
0.659165051397191,0.584864795012232,0.598351069820225
0.725894144940888,0.655132463750391,0.666843499342758
0.599892507870648,0.528911744672631,0.539957309663221
0.694445643988489,0.62358084148883,0.639123889840003
0.797831465078513,0.738773791281553,0.753255986386745
0.719493305756143,0.655710963730048,0.659237392282
0.679720108906055,0.623376774053057,0.623726478057305
0.812831409124025,0.769840820846304,0.756144513602956
0.510293194332889,0.443222552081097,0.459347887079722
0.580207753658202,0.520345533204786,0.545354284014587
0.508247720999263,0.443275343226044,0.460743987848658
0.594868669299312,0.534833534318844,0.556279886251707
0.48673334113171,0.420438103385592,0.436779010580584
0.494951942643205,0.433649851891041,0.44862476746437
0.521158517801414,0.460355919860409,0.471042794394301
0.581468984703564,0.526012388033601,0.53343253231997
0.579909961118663,0.517819838758771,0.534936814240312
0.576077503027642,0.509727710914341,0.526595175567415
0.692668064417221,0.60657637307264,0.719615284150518
0.69602844767949,0.615127508714876,0.721228911705275
1.28594605511524,1.23740797791219,1.314209208326
1.26511100071963,1.23309203635496,1.32777340645843
1.29070600754938,1.23226735375602,1.31531126036132
0.690403997646932,0.612875465417186,0.717418874131461
1.27508130088095,1.20970188010747,1.28898118663288
1.27460334326367,1.22088499868276,1.347420964101
1.27403301732798,1.24654094179247,1.31700690362247
0.488821934718604,0.42063630565643,0.448575928635641
0.530895119283002,0.465819886621127,0.499609671464319
0.501193198377897,0.431593409454251,0.472137414099661
0.550916233858241,0.473173603435975,0.536434570073344
0.673087155104688,0.623542766532202,0.676956274509761
0.720198628739564,0.639236755641592,0.712872066515222
0.504539379997188,0.420560740952929,0.470909302103542
0.539005284841575,0.459816459427634,0.50554612038914
0.616442828974736,0.515797462956836,0.599631438796289
0.926314723640171,0.796693351478827,0.90765522384928
0.870277180783017,0.82321850194034,0.866008844814784
0.614097733474321,0.513641033525558,0.604027801277154
0.990046341896817,0.8873070498473,0.985539368855916
0.947207724623714,0.876981783859426,0.93817816651127
0.47337910767857,0.392201410273097,0.439912784920935
0.519711873541295,0.46453113637697,0.499117372544769
0.50487758017022,0.388269999898552,0.488311867028444
0.580575836548291,0.433001419909197,0.57366463149804
0.506025638732582,0.398290520565799,0.547749816318
0.514949467120484,0.426702739836626,0.550569136486487
0.573873332301131,0.455456507954087,0.725228345289792
0.677968298651793,0.74558914424289,1.43437092937318
0.635060646339572,0.709105883980108,1.1665466979461
0.615600430436144,0.596139384619281,0.86951662679779
0.716496486087822,1.01827840367172,1.57341244907
0.743907295939933,0.907250012673147,1.47826700476305
1.31438336368261,1.45385318618211,1.95553428812133
1.29116678367994,1.47111857181128,1.99781392919576
1.30136848153881,1.5000851542868,2.04512360977095
0.666679956786437,0.899804722542406,1.28351393296518
1.24994262861622,1.42503043003635,1.83999315638302
1.21292281909259,1.44480911786658,1.83451906823448
1.25824063544123,1.4326575787345,1.79156325807128
0.535589820769458,0.432035244445093,0.635135163956317
0.693851116371216,0.578130715770944,0.865391686232951
0.528857338194857,0.441340743179512,0.623907219129387
0.615712278028186,0.525497635339849,0.700835081391199
0.555355885500471,0.475185272557662,0.686520365374401
0.589658905760646,0.496208374601213,0.714174301357453
0.659896120290884,0.572004699816062,0.807631113243102
1.09385837362716,1.18237031894047,1.26626829979318
0.8979857104446,0.904806846566379,1.02686633387967
1.00093282136751,0.971407386325628,1.10686830625502
1.61698706568226,1.76281382300372,1.71686562124073
1.58150398348879,1.62700491381889,1.66663331143399
2.08209876303931,2.11758426281892,2.13031315108936
2.0566687352807,2.15246030204746,2.17309794351183
2.09220598279522,2.16058074684657,2.14450394645672
1.29942900919434,1.28790114794811,1.39232489705257
1.80649802245603,1.81188299638217,1.89846194388466
1.83492624159103,1.82499072251392,1.88230319107038
1.7721837970562,1.82273559050964,1.8675442672435
0.54315193351795,0.492358574776254,0.708445409737727
0.617704385794006,0.597783672269049,0.786813589665855
0.556118455281153,0.510901852292421,0.736592784605398
0.635784824364213,0.583020821390358,0.814131929378274
0.555677417531484,0.520524198846359,0.737168938742491
0.578906398474222,0.562366724798442,0.743628435697029
0.57997309241258,0.533286758504551,0.802244870400588
0.624885290574138,0.589937519170933,0.864811051262041
0.629143471370805,0.575880873161911,0.851290521284295
0.612838946336273,0.567410152902034,0.820504219348194
0.677395042911833,0.621097730729937,0.846215970097707
0.685866509580572,0.647844187833709,0.910386796767282
0.746067628922055,0.709342144277128,0.997768200428213
0.740894650672604,0.697214153114391,0.946956251646645
0.584246268431593,0.560203782375659,0.730499266228581
0.663793306357211,0.650928138957729,0.801851972850297
0.624244125803617,0.627594776577322,0.732285471392436
0.688575617953678,0.72102756012974,0.774991740252468
0.672380277928308,0.688475845858843,0.76160720531941
0.692592960472376,0.719619219159868,0.797608573317061
0.81612297069212,0.878270501819286,0.857729778404097
1.20741017965591,0.963327285340388,0.85227939744456
1.07758885259409,0.995331993204085,1.06852997105808
0.961011370703529,1.05078387023257,1.05787851127019
1.24391202009577,1.23174145943361,1.39160492548776
1.34507777304218,1.62477245675539,1.41408408064789
1.38075868006733,1.84189324867307,1.05619031130023
1.86903298431652,2.42413413770548,1.18973197487176
1.69459034667295,2.31161673126302,1.39951158503342
1.64441934774998,2.03244946191523,1.61560158611431
2.20321515457605,3.08547986483169,1.64648871354212
0.689638731981418,0.665243274047813,0.75920818025095
0.759087203366251,0.732067261638334,0.787240153636028
0.695994063851973,0.654602179401911,0.803356361158231
0.713899996683561,0.682545106884686,0.873027121789357
0.753621823098921,0.702710063265013,0.828885886433151
0.818588677272508,0.774617601285247,0.862054439636599
0.790561310471056,0.738508711880226,0.941395946721444
0.830744923298944,0.776936071912613,1.01509057741718
0.810352329442741,0.763476274752813,1.02324580406076
0.901638100111846,0.847869066924807,1.01479696584188
0.984791241731821,1.01514011690321,1.14930950469673
1.07391421874882,1.1105281498639,1.23809872833248
1.53656157159212,1.59965678961052,1.70358470372065
1.56485470303867,1.63360559839656,1.71043026742676
1.52793011710441,1.57631680473065,1.70025137963115
1.03240986226699,1.02832130209055,1.35430059921175
1.50567252292358,1.51895854320302,1.82702413809276
1.52443328127786,1.53379942705623,1.83818975748706
1.4920776675369,1.52931080514899,1.77268282389108
0.799333683863022,0.746571196037441,0.859185432925356
0.913621064177028,0.873151834598231,0.958275120469031
0.797527005214538,0.744905658365552,0.908865533438826
0.788586615354148,0.740226650158955,0.947043201469361
0.899446556307399,0.854728024038488,1.0518617000602
0.96809085626892,0.937822218064733,1.13421826104196
1.02420284926586,1.02397791831579,1.29340640873933
1.06322362623896,1.06529532225245,1.30972780612732
1.13893022236006,1.14344102372119,1.45119518366927
1.10917034607483,1.1570207622723,1.4769946694834
1.20048127401621,1.21990750617777,1.52202527565496
1.28986818142352,1.35717677301292,1.76161335137219
1.24401618530574,1.26346100073788,1.63316477855319
1.58765889710781,1.46005989175009,1.93526665232294
1.6884719173647,1.75833863993059,1.88395330215427
1.64634329408855,1.71148321146946,2.24824642867141
2.18830992825808,2.29283464982378,2.75898533719504
2.02380077220638,2.06434760692264,2.64204781639408
2.2993891027128,2.28610608898381,2.64669040501443
2.2844306346098,2.24836511364354,2.44856833174061
2.86170496900144,2.85064183021022,3.15970245661098
2.77629594608906,2.85152359174309,3.49663038798555
3.14372954893278,3.25493224280823,3.88520171272507
3.18933636758925,3.24355389856723,3.887005224968
0.914544259773221,0.850700324283206,1.02063035376306
1.13959275114736,1.09906782448332,1.26479755812232
0.831137361969201,0.772121150957898,0.914565421698751
0.868703308067174,0.856961328815447,1.00466714552561
0.85610167213512,0.803779038076319,0.895009600788401
0.952220468115199,0.929243169921854,0.970106126013482
0.981017553788386,0.918421980672807,1.01292959708076
0.751943419638044,0.716840380487929,0.793421958260076
0.806403672686084,0.804660921422639,0.873053869783095
0.753820075013036,0.712403045765098,0.765578013372626
0.855552873664742,0.799892860331952,0.851304337245711
0.731857836359219,0.717085068297359,0.728784616940351
0.74803231568529,0.741182569838772,0.732161778204144
0.840935225125813,0.854873618009226,0.797641163361847
1.14000244530639,1.28497534023108,1.1397622142826
1.12981186857641,1.27884284587108,1.04247331375497
1.66522673205667,1.79684679937216,1.57477955309901
1.61920111659676,1.82084246749399,1.60686485013934
1.63704205954607,1.7875322001363,1.56583120909992
1.11649140923582,1.28704760229978,1.22912780797991
1.65169402469866,1.82302395331997,1.71473775256291
1.60322767679698,1.82463075825065,1.74949705345644
1.6292846526511,1.7878207984984,1.76613869036796
0.717518792950403,0.70975623341439,0.758093626100504
0.736238667848621,0.723493764904432,0.758875927560747
0.76707088217646,0.779342689716936,0.85249693304339
0.841316516186981,0.856974691875873,0.938012780028784
0.802550170391044,0.837532511915503,0.912041629071964
0.853430692132249,0.883430575615243,0.939474682486757
0.979627914630928,1.0441486042442,1.12170985503664
1.39223936599947,1.45687463527664,1.71888894236434
1.37668618422376,1.28147992504796,1.40216344541913
1.48031623483341,1.57135884547071,1.40550107226446
2.09434081536524,1.94667627939566,1.78351759289434
2.01294959941728,2.21227173526122,2.05463599399118
1.96200096730987,2.1339677825014,1.82828795029134
2.15202628670838,2.53668977486006,2.20161499769502
2.51706882973648,2.59808946639707,2.06057734189217
2.68573176661233,2.60348024477976,2.78948456550354
2.99381083659448,2.73253951442968,3.13166122906556
3.48125787027096,3.37126709819001,3.69489880801967
3.84800115238887,3.92558523183939,3.93176222192745
3.65882260534288,3.86319357125735,3.51047669302288
4.5833745418196,4.61130158259369,4.7584882591678
4.34699580015589,3.98533670505033,4.73615076873899
4.54033578907559,4.03483745471793,4.90343566805417
4.9753066189968,4.59414202955945,5.46111974560885
0.725888310518565,0.756687665271528,0.834830836697207
0.734843180895163,0.752840129018329,0.829677927258067
0.710740930610354,0.753658569727612,0.823662240053188
0.768627650206864,0.820039161603783,0.879130979838358
0.689041771605699,0.733790477714619,0.793036234916252
0.748138238090664,0.794483992538696,0.848288147640518
0.779768954738993,0.852436927585213,0.884263001144416
1.2513811676346,1.16721868072742,1.0560999747615
1.60888775840007,1.56398015107615,1.20009714762519
2.16021940849788,2.11224708246094,1.68471637799364
2.18143371022998,2.10157397569025,1.69909995409238
2.16907635711751,2.06529605318899,1.70358179759887
1.48896327611719,1.41324593395969,1.22655135336506
2.04160325193012,1.96086977264276,1.74013089608358
2.03446114434399,1.9291641804939,1.76055079974462
2.09668226445323,1.96184189867698,1.65404367837589
0.610046543135912,0.628645057143138,0.685706753846571
0.62793887299448,0.636984774291027,0.684198283369059
0.59320870611971,0.594685334631032,0.648246977208432
0.65491433385713,0.658978404487338,0.69310495132041
0.575402569565982,0.563368360511976,0.608549986180584
0.604133576926796,0.606943412301868,0.637580929052915
0.64120951188908,0.62392622281272,0.653276994561453
1.2124813776126,1.2476591615612,1.23665149961869
1.25869044279766,1.20234926449867,1.23206280024914
1.2321511268459,1.22059892783347,1.23418844237197
0.565418242112023,0.540768273419122,0.594997719019549
0.583471352708634,0.559517906049071,0.603395735335793
0.600595289737086,0.575590219128542,0.640971220257278
0.641938054571473,0.618490319414407,0.682694878811052
0.645457412831243,0.621154037525747,0.69013018480304
0.686777816117796,0.664125684063204,0.715546335798518
0.754218386863219,0.737108149057866,0.806189084929896
1.03971030862717,1.04891475346672,0.899270996925945
0.970817476786172,0.940697128344127,0.892573412785566
0.990582121218387,1.0045227247819,0.965387508790032
1.30369161518282,1.3092766832218,1.10999013910504
1.33469124935881,1.38804278724528,1.10028321950644
1.07820025608947,1.07848479004609,1.10100739096994
1.63681659888543,1.63742414446956,1.57689461468997
1.55273506892566,1.54437024682722,1.66124056567207
0.623654899261288,0.599250547195024,0.681031874044468
0.660101217269422,0.632300018203422,0.713735655540737
0.618620195279956,0.599606505570207,0.685861116798581
0.646576473633213,0.641029917046675,0.72289686389966
0.638252679753207,0.610856047168437,0.697493725429561
0.695141914972505,0.664917757877657,0.747756422037677
0.713385774236145,0.708687539782472,0.787234296594387
1.10352801131897,1.11391057243483,1.3052438942592
1.06693988032877,1.09164994851448,1.13450575715776
1.35824710495028,1.34411949972346,1.33053170887657
1.80716288593935,1.77351842562692,1.77251261926672
0.608514415166892,0.554488039973598,0.637896581708283
0.677670078702832,0.59429469780756,0.675301818849146
0.559912970187328,0.53052442467813,0.600035923394196
0.573770459041849,0.574602405209036,0.632570727533202
0.554429191988912,0.517282391932429,0.571582985089479
0.604096689432284,0.568389760871099,0.627527150664952
0.563271017786655,0.576511463673124,0.623150284822214
0.691894432916218,0.920902716798635,0.971307845610908
0.700929722041232,1.05855259506513,1.0499434317323
0.664623644600109,0.784991333120828,0.80389906885398
1.01289464815417,1.51286457196016,1.50830438748712
0.975863083097568,1.28735914270728,1.35102738735735
1.54477671411691,1.82267273437915,1.92412190689087
1.53101554450275,1.82907151448232,1.84121024597
1.49657681578968,1.85453496312339,1.91129332955047
0.935625346084646,1.30288082840986,1.2889009018594
1.50149958633918,1.83957071464775,1.84967340936047
1.48803904944499,1.85579555058071,1.82016318900201
1.47195331541632,1.8439047644538,1.83150786729551
0.562093073372387,0.488739922798655,0.536746112527986
0.618021323042059,0.530471078608156,0.580015826584759
0.568323715517558,0.484333309882049,0.535100161510128
0.584491696949156,0.510921131421101,0.569455990703523
0.61186340704472,0.501354195442198,0.556950236312644
0.626747198562493,0.526478934261675,0.574386858506479
0.651092015277876,0.536258349114167,0.595252667008846
0.686991486746872,0.58850294703332,0.645811278367158
0.736366308158357,0.604398975264275,0.678717970515955
0.622700149283041,0.511035688982113,0.56687359340175
0.617322598495808,0.526031131568239,0.574483602941874
0.672433652287519,0.597230089287832,0.636218682045276
0.629412081988461,0.530334235500566,0.587019378916482
0.684633927991379,0.59656210845244,0.65819514227168
0.655306892418852,0.535928162112924,0.601255061864904
0.71726831237579,0.588723296307276,0.662143961637513
0.686688668009228,0.572828254376795,0.653066469304627
0.681772878161904,0.546767097749672,0.625431754714466
0.765882224676687,0.618518013989402,0.715017021097706
0.701414354512188,0.56346901220434,0.644117959082335
0.804070157751541,0.652281446290946,0.747571457608797
0.666172489302967,0.529616997577465,0.598064748503332
0.73519920850216,0.609484008104124,0.669967181299704
0.695012531808982,0.535725538904526,0.613992474096106
0.711059330121469,0.569495976998792,0.648012452351862
0.776602555200596,0.580481541029994,0.660904848500323
0.865752223138461,0.649445011061145,0.728877783027175
0.834766343870442,0.648483174900605,0.737590851741061
1.341198031252,0.825478429304266,0.837252988612925
1.33844395329722,0.901197661818335,0.893854994274538
1.29108016155975,0.850368489462486,0.911586238380042
1.88424436886648,1.2805121688074,1.20133727711407
1.87162797722453,1.26132335248667,1.20569418560654
1.43915757356336,1.25959103564372,1.34848664046493
1.66389642241432,1.8588997606106,1.9869805242758
1.61245855215033,1.82396564459958,1.85112370364785
2.25540288444193,1.7802088665088,1.80200355581814
2.71758931482305,2.29316051397986,2.30642702106236
2.79966632828446,2.36030347851504,2.34662443668377
2.86678946875402,2.69271753306619,2.67768352449223
2.59089872656831,2.66976363325472,2.69111115248048
3.45357616835844,3.31962071296758,3.28249145822941
3.67191326000622,3.21886048030815,3.17983938791575
3.97792075387893,3.56110228759636,3.53070636969362
4.1114560605026,3.69043429501796,3.63182206440394
0.78938017473746,0.578572202924061,0.659091765579701
0.921325939018433,0.699360216729487,0.791602075249411
0.734454491026475,0.546248688313337,0.61692930840938
0.73886299534748,0.590545063888768,0.668734378558458
0.758761349821274,0.532892458488731,0.610587904013408
0.818217498520054,0.5670859480188,0.649848492941011
0.769229684752503,0.541391191098822,0.622244877928968
1.00823091898272,0.6063293445315,0.751594337679427
0.948474458564811,0.575854016876582,0.698569901298032
1.42896557597892,0.632169394397517,0.845672030421581
0.888172675410933,0.568405986083587,0.662917956570131
1.62690523898198,0.69747997964452,0.97341695454924
2.13539674381969,0.839586283495707,1.23399754399912
1.35414749430107,0.710956444990053,0.933679138945651
1.57834857080155,0.817086243797158,1.10409341649017
1.04674005985536,0.669811324650754,0.820828223122598
1.32164772178026,0.804222952937392,1.02000638140466
0.788807241106103,0.548007722028689,0.619692783795062
0.790385857728033,0.589284693759675,0.640723520445145
0.886824657648791,0.604052192012319,0.684963299750105
1.01317290195368,0.694894147557486,0.786467298766722
1.07195268242943,0.767635075083396,0.850407298553699
1.07263330861663,0.775822473391917,0.870508565933231
0.987162278358961,0.687294491272848,0.756194968218962
1.05168910641038,0.767043555717971,0.831510284207395
1.23021783404772,0.879030206435795,0.94364715196313
1.54009935875735,1.19761333137788,1.24439042822593
1.51035819142386,1.20019053372527,1.23917905899367
1.25790784763215,0.927363830371715,1.02472196472881
1.64047341398527,1.34045274466099,1.43950755489934
1.53884194043078,1.27241727571406,1.36441336524168
0.894924747444374,0.628900137382435,0.687022410030265
0.966274390478112,0.702669860635921,0.766341209076151
0.812770944613977,0.576135044306684,0.624231851175308
0.842326228174851,0.588164396359425,0.647104755935701
0.768966582895713,0.558509917440485,0.597900353391432
0.863922037221906,0.62057130269654,0.666742124184693
0.815025457219618,0.547728747986299,0.601278524515582
1.2014435503467,0.597470068605619,0.770858578406663
1.4394395839512,0.556059037145135,0.756514862802655
1.96425019538835,1.19389049205889,1.33354841638577
2.01477514720158,1.18439753579476,1.33643699721726
1.98990388707125,1.17966048023571,1.34760266755072
1.45318231413663,0.625284671496772,0.838959677346283
1.98458910329992,1.2227615593925,1.39418393416445
2.00985161349505,1.24263312407228,1.39347001810206
1.9888707344423,1.21412022479633,1.41320933366956
0.69114812444584,0.557803507477507,0.577236051649323
0.727242224827141,0.605133105924332,0.628382108269384
0.660256181166903,0.559013281393642,0.566817164895603
0.68314653377064,0.575404645750715,0.586115542719541
0.687247226633588,0.605913007722964,0.602846593427975
0.695757430922613,0.619516985704953,0.616876264068288
0.727356279718339,0.651054872745122,0.64756596082772
0.808443802226965,0.713284224041516,0.717021799439969
0.806765027652443,0.735150276684049,0.727498821769524
0.669237813360065,0.606257423665485,0.603016046192913
0.710135312739856,0.62203102495503,0.636484920883383
0.796598061202972,0.690919936161542,0.720344920214631
0.690636639086462,0.610177214860945,0.614225443423732
0.718672897151304,0.63576560475968,0.642214517201514
0.642848757654905,0.592616252197583,0.575489279647241
0.628946134080352,0.585831645864519,0.569174187449384
0.661795643970954,0.631308502986118,0.613785059853966
0.720232550444214,0.686646374943022,0.678541126101707
0.704805375412794,0.677304997205244,0.660863180862179
0.800808404915837,0.761740715072625,0.765052641127936
0.681543347456805,0.651246097050026,0.616373815658778
0.757802615415065,0.7203274462366,0.683817659408993
0.705034467227391,0.690241739950008,0.658201080863987
0.795183029055065,0.788843784219098,0.754196380978801
0.770224911172568,0.674128237108043,0.673511643606226
0.833010616155309,0.735221709044476,0.732242482332937
0.83978008305201,0.722020230641884,0.725455998859339
0.867742019877843,0.740360817386679,0.748966598465709
0.951104071184407,0.821078192029635,0.822162863597288
1.0200238916932,0.888537675045657,0.885344236106679
1.07792890327544,0.951702775019215,0.946176741560026
1.72068044608034,1.47522212513774,1.50584038689816
1.30444616716457,1.49283850546171,1.41558885464513
1.69354773262069,1.47631903180391,1.56096838683345
2.0856267117393,1.98104451827667,2.02837050051923
0.949041960554971,0.810107833161979,0.822327989374393
1.03587432759065,0.894228619989732,0.914509810136684
0.907117615999618,0.761403582432337,0.783731217161959
0.894335066288614,0.748659375272357,0.777152846402726
0.947665381463394,0.785540083620046,0.827394436292015
1.06037849247039,0.871586386006631,0.927988502839492
1.00640024114544,0.847660852062947,0.896778787635665
1.13843323550315,1.16168383693022,1.16394772796896
1.25947839383791,1.37097496899301,1.31802330964127
1.51100077528482,1.38119395901505,1.45803669810868
2.03291248711647,1.9948758686074,2.000952311879
1.88571539926712,1.95341223382511,1.97144019207009
2.04603236092227,1.87449337852793,1.9860630319957
2.69717692440606,2.55054419591609,2.64758777567461
2.55515163889339,2.40479062647822,2.49315697321517
2.73007645885659,2.62268262649496,2.67743228303411
3.12168827633493,2.97034025713055,3.05835073594192
0.903255491388655,0.760229756240101,0.78933438987345
1.0026325810187,0.862084138978079,0.885858044846876
0.812419730139298,0.697265005490412,0.715689408150909
0.793828160166939,0.681713797703155,0.70324502853995
0.814402950618108,0.712200938776544,0.719547601246163
0.868804872453464,0.75700286328002,0.769914220616526
0.804094228380301,0.717318164890038,0.721765498097481
0.826158939939801,0.743052278968961,0.747850949191696
0.859708509183205,0.792217215557916,0.789982360504789
0.823793847532644,0.706868157186575,0.719836716632839
1.38777595571849,0.746876411214822,1.38151725427768
2.17747393451017,0.866815774509772,2.20791455478266
1.44857505456958,0.797113559817098,1.42037020984244
2.24050315790276,0.94043025203015,2.24758354426167
1.0276764842138,0.806590844751793,0.867192616914356
1.21395513880016,0.926000199382027,1.02027491138275
1.42300384679497,1.28537447370024,1.3115677068873
1.52344324388823,0.823337039855046,1.40415126761686
2.32573429894231,0.970530421096833,2.23071008840208
1.58983107993462,0.869358291582313,1.45039432133608
2.40812445724328,1.05056738780077,2.28596792215836
0.834049369705785,0.752343756532674,0.747088661526171
0.907615073796528,0.841948742317553,0.842790074312816
0.852821552437994,0.77245950321125,0.765682679134018
0.887975636601726,0.799508492225099,0.804181907367495
0.918968653440294,0.856882290515249,0.84633381447044
0.992587175124878,0.936947982131768,0.923545724186956
1.01610143788545,0.954831498829568,0.945309976554622
0.875579886732255,0.828958419475306,0.820601066719817
0.979767624358019,0.945933417616343,0.953103840935806
0.799265181581951,0.758866134585808,0.737866523607004
0.806350262269025,0.756700443626468,0.739752670728074
0.802131343699133,0.773638842808446,0.747920957211936
0.835942174621856,0.824895227143104,0.798929271766606
0.735288589170465,0.706131503604467,0.679625448638884
0.774221095572128,0.717531351021583,0.700851037286881
0.785272758621303,0.768861142711401,0.743558512418801
0.674484191932087,0.658488176081388,0.62669768835261
0.696376293709933,0.656625630615873,0.636661312526824
0.771792200727906,0.703963766149214,0.701005891712962
0.688176386746754,0.662274775780566,0.632264497129042
0.703966334493896,0.665375102115274,0.653683727709896
0.660736344727355,0.668323629643521,0.625738632653039
0.6536594066001,0.667745385588307,0.623001131171426
0.697357422513011,0.737029092647599,0.682299656709581
0.761219837885237,0.798069612584774,0.7426812983131
0.737527623575584,0.792228994589992,0.735046484913053
0.830246310277128,0.891666139040267,0.83199090479527
0.706177139282024,0.734154226082593,0.683130442016257
0.767206646187806,0.790085601750563,0.73806542701184
0.736727489590302,0.785996703456083,0.73263253070664
0.818603505172871,0.875423424182145,0.821515554225726
0.943571907593804,0.904622550576384,0.883064181571371
1.49304359679334,1.47974168526588,1.4543516440798
1.49854472609228,1.45151454647723,1.45370530356925
