R1,R2,R3
2.22917912110065,2.02088896788019,2.18694233813271
2.55309382379436,2.36325966985095,2.50922415604641
2.57765137784053,2.35236141586395,2.52393190681544
2.51780461118959,2.3757488975848,2.49996984167641
1.80878210098426,1.60345425457478,1.79811723971754
1.85578109927229,1.74806282292927,1.92122365469875
1.94999032219647,1.75269989494489,1.96973666618153
2.19591812193988,2.08147755173421,2.27407726116357
2.2917378107862,2.11168455092882,2.30511444009865
2.20560532955083,2.0398039850169,2.28611556100746
2.59491047012085,2.48344431632316,2.69274090599401
2.59048106696554,2.44281165471169,2.66629561715164
2.61926991874008,2.44166821662104,2.7845010750877
2.97513048306915,2.87509250326212,3.26090474889471
3.29948392335376,3.18895259796117,3.5792363159349
3.31532501683804,3.25030423008975,3.60314968990734
3.3000134535843,3.24278383622363,3.60752297381656
1.57268300285518,1.37182382033614,1.58153183814654
1.76251137169242,1.57163123465504,1.75620993348393
1.31507461938831,1.14642579380351,1.3634797630986
1.35219109778465,1.23514713461752,1.42003810040153
1.17174507255635,0.992789425571995,1.21931854219922
1.290657725525,1.10427850076998,1.33373378208874
1.12657916390798,0.999588178347623,1.1885642222423
1.12665639666102,1.15957005872463,1.2700180123395
1.16187241354214,1.08294680684003,1.26111663072691
1.3035922195241,1.17604491101284,1.35408255795076
1.73669433348987,1.61410368595624,1.74820183574633
1.67015625113428,1.63813659631478,1.77383928991501
1.59150592009887,1.39549287887459,1.58914430225609
2.10734937656041,1.91311992671403,2.07282625601163
2.1193332006967,1.91203566821131,2.05394126708925
1.82308511992118,1.57885457164707,1.73634076510064
2.1712338854207,1.94984715435909,2.10172634611753
2.25898111791823,2.03092459743138,2.10835102341301
2.30506564884482,1.90636331651091,2.05455467679308
2.68039559981175,2.24362866908568,2.43145450622654
2.71162821576704,2.29996488157031,2.41992924556012
2.65203020020987,2.30675330288188,2.40890281733257
1.08542141141073,0.883413051131397,1.1077819363372
1.08590545697295,0.889590470664042,1.09186751154652
1.10443000309507,0.89345578213779,1.11416715912492
1.19283534012652,0.988101360733061,1.20401000031798
1.08389787708636,0.865258058072043,1.07175189115678
1.14551451863674,0.929406657505481,1.13362163665675
1.22399500640938,1.01366132891102,1.19190046591016
1.62571378766722,1.46573957632154,1.63723586090571
1.61661467825241,1.49034449286589,1.617993394954
1.67838918974248,1.4895997698877,1.58077538995574
0.958936239160749,0.737236769103381,0.933113201027346
0.933527972233815,0.7189500315415,0.906187111843986
0.933576353753401,0.716630480456892,0.899306863090111
1.04874993410609,0.849521041854411,1.01323097168965
1.17170395614898,0.98168887827989,1.12156821808131
1.13456058189359,0.95388198543849,1.1273572491296
0.856071842647906,0.634021977518591,0.802127708109378
0.8326615127084,0.617550522786107,0.785170418351125
0.933376232767923,0.743573716023018,0.879532231968797
1.09218599739304,0.939761318495145,1.04207471558788
1.00895186569892,0.884055304644116,0.98778770558125
1.06377305704819,0.892557914396917,1.03038550648229
1.29721042216397,1.16208434122776,1.2637204678315
1.20765293581692,1.09539912845163,1.22227802698564
0.845930192140095,0.600612460570909,0.760734789645897
0.974114396878238,0.756860283158631,0.883690846935517
0.777710500301788,0.5091974611492,0.681244275604337
0.781924702256634,0.54932245311875,0.711720529377874
0.781733997684879,0.491490795329758,0.653255638772791
0.857828279023507,0.539740193200739,0.71680343755925
0.854267365887267,0.548555732311144,0.691096390840867
1.69179985719634,0.620986422026263,0.740255889601814
1.46033350124973,0.650118431586079,0.816528039201245
2.04667036663373,1.23499049754615,1.33109104364915
2.0035216315027,1.26634461436202,1.36031404066577
2.07403554636341,1.23852447767112,1.34426998032959
1.43393773774118,0.584998271097101,0.689899675172697
1.99514314322423,1.21461657224775,1.24073790727507
2.0183372565032,1.20067870796704,1.26163480813014
2.03599553642873,1.19701080700388,1.26079803596612
0.712148371908052,0.460519492441905,0.593718132877131
0.732774207232442,0.521336467740088,0.631503372825802
0.719982715158635,0.452053530334815,0.580063348017179
0.805455737198659,0.498650468787818,0.637912716762659
0.676149800271101,0.438720466259242,0.533733651239979
0.661629098809391,0.460911596330631,0.538557648024495
0.765315633806025,0.490282572695907,0.575423785875244
0.834847458702532,0.548797467129526,0.634010604640007
0.787995561454579,0.566262792724052,0.594382560198071
0.839382552095775,0.560907436370209,0.647437477140864
0.850611105859772,0.65147054817807,0.735267966953274
0.9461281397286,0.67537960054219,0.796418752933039
0.950239423344582,0.645873892905076,0.72717731342489
1.08223158838416,0.749579267146317,0.890242425220656
1.00157567997841,0.728212382711673,0.812539008787813
1.03118618356939,0.781050741932972,0.828362889152095
1.14569874566524,0.904650338364013,1.11412765244478
1.11137685427207,0.999588884981769,1.18093329659599
1.20281916547725,1.25332041487839,1.8537848946247
1.18238412548007,1.24938739646192,1.94485139370539
1.38123765847819,1.53653921130505,2.36656936137562
1.27063955056113,1.2010013744766,1.29349356841724
1.3413657477564,1.22997290813249,1.2365678103478
1.42754008339902,1.46386598889687,1.73224358878617
0.622557632094033,0.416141363817929,0.500412577111292
0.719800536890318,0.475664792225353,0.577860251085692
0.535638174689796,0.412450925240527,0.458080380337447
0.555441561519331,0.461395822030458,0.496583783509306
0.497842105134101,0.40939540496851,0.436384400327133
0.525677929724409,0.425394819309446,0.464074322449903
0.505268116303902,0.472653982464984,0.481286458370147
0.571384017084177,0.539952373564301,0.534143717823621
0.570375812382308,0.560887413884559,0.533586643728217
1.18556686280872,1.21125492288217,1.16869710077547
1.19908062397476,1.18613515077104,1.17425209194746
1.21831835536694,1.20095922871535,1.19865587267784
0.570251443614726,0.537993691261239,0.573129508590658
1.17769573168469,1.17131262784024,1.21433351183342
1.19507574253868,1.19374083239129,1.19459268628138
1.22898254344785,1.19098025661739,1.2008254501914
0.52018823227138,0.427412323672675,0.416449236762766
0.60832813305323,0.503504711039155,0.478275190964596
0.524523928710355,0.448732486472851,0.424090543885632
0.544575941973177,0.48502883240399,0.478315699645707
0.561422559846346,0.489010149432183,0.41798828380483
0.610715378225068,0.541764639132518,0.450241269209922
0.650249506267574,0.569804205879837,0.49927731395947
1.2105135170687,1.22775604253281,1.15178622060828
1.21145332499753,1.20848330563383,1.15235966719662
1.30137520608482,1.15837003215961,1.17553883544301
0.543301319901773,0.510945179326557,0.415905675188431
0.584952615575477,0.5680384635505,0.513876555319492
0.56331182933357,0.544185100447588,0.396866238473012
0.609562379527713,0.586378402657511,0.44141387710546
0.573375988968778,0.573325981981934,0.384276204011942
0.57061555064156,0.575727689745197,0.405058047664239
0.590376941971098,0.632290715013126,0.436031313758262
0.644859533137911,0.689331501470868,0.496151101998678
0.68185081787493,0.712986364907545,0.540802522603587
1.25528710218376,1.29374341621551,1.17980552807908
1.27518890336911,1.28903053218943,1.19797051197881
1.25660808420267,1.2536718620111,1.19610735531141
0.621172440464824,0.693672834257199,0.543664780315097
1.2279862875623,1.26094743500115,1.18392447034946
1.2009451869991,1.27070772400326,1.21035978916626
1.23915083074389,1.26839215970877,1.1923761184199
0.651032003962986,0.611261523471003,0.386861601988899
0.722253389905761,0.670528054668908,0.452405205428215
0.695166069784593,0.632665457828327,0.40066963679442
0.697616040737371,0.648437917537442,0.450113179127168
0.793661325474583,0.691371559606958,0.409233650638092
0.795817048678784,0.677828837010387,0.432118412483845
0.920171921102604,0.810574602096851,0.455212389091595
1.35785836732943,1.27105922600213,0.539706201774347
1.3672328241601,1.61596920594469,0.577061140309838
1.45397264813549,1.66628435852425,0.640013254735792
0.88813243305797,0.845886734512866,0.559808936366319
1.32286704853128,1.42334531525483,1.24408255045453
1.54505378702407,1.50859296816883,1.19368487731486
1.40439581581843,1.48039144792745,1.16286506576394
0.843245062524052,0.751905137477419,0.436115693581482
0.902849658490678,0.907411844998986,0.524989011719733
0.891617373361098,0.743668919625541,0.4760690868358
0.935463545431682,0.79185888320184,0.559928740973341
0.94512339373673,0.777696131431907,0.514038885201289
1.02720155144262,0.830258116556817,0.588106427271327
0.987504124660416,0.837446630795576,0.572691860814181
0.896887734184778,0.756358662132184,0.502907658287005
0.944855733630595,0.818681827434159,0.56880869044708
0.852289715276618,0.723171383756153,0.49201888531502
0.881293968218569,0.743772442954819,0.532283848555695
0.809228847683579,0.71363946949298,0.50072663487591
0.83029051332682,0.754992268833544,0.562928113983383
0.802413526317082,0.737444494342568,0.561058242402507
1.30105953557156,1.2653714189892,1.21150636232853
1.30821938370748,1.2972691228502,1.18133434559026
1.32924670827734,1.29053955925647,1.19957330831742
0.841973596977201,0.73849416969089,0.527211102478294
0.88267313096024,0.80114777119752,0.61128191368188
0.89398339083442,0.765752489108113,0.549195161257519
0.930098699535087,0.792618911273665,0.584116381409242
0.946059670789535,0.822714786021883,0.593425133940817
0.968718366362371,0.855829111950343,0.639462380235312
1.03735546781514,0.912049739470956,0.677841901389988
1.50729433251985,1.38040316469853,1.27758379712286
1.46205189352076,1.40188495326561,1.23806852752141
1.49800197989882,1.42492734788083,1.25526064621693
0.973278539873364,0.850842067407031,0.618961378102218
1.06458986579114,0.954211998980886,0.739604669610543
0.968146336650391,0.837016257512205,0.621263310779577
0.978320897215717,0.850566002340664,0.672784419916981
1.00952868664672,0.882727953768112,0.660488103053159
1.10936005254502,0.978532493136464,0.72777480762467
1.04980171888907,0.918008585196733,0.734801056634153
0.976534804132861,0.866583498871436,0.637114929576626
0.983485866679145,0.890301994684504,0.709135618819095
1.01744918201276,0.920226175519317,0.666524509434069
1.08570056234092,0.988750391395471,0.74517926903145
1.03152376497365,0.950460482205997,0.694855657773918
1.08552763117733,1.00087435822053,0.759252893440935
1.15810523809989,1.09100659140449,0.825560996970223
1.20509461462922,1.17343493745363,0.901773987725561
1.21585743131117,1.16774268389222,0.907071913200989
1.34964253547936,1.31591110088256,1.03424231977277
1.52810750457787,1.57810800013813,1.33138307342291
1.68058117491731,1.67961105799592,1.36128231472875
1.71852340676086,1.75465170299093,1.58719758189199
2.32103685008226,2.41079589422042,2.27102237212897
2.23453775556865,2.28572319643692,2.18519433456349
2.57013407522018,2.58074163073372,2.47474700958666
2.67349588935537,2.7880863707278,2.72318807278657
0.943816165302125,0.874212958541137,0.634586934637474
0.970408934681282,0.910189918032476,0.687167735260818
0.885298121968049,0.826605152497662,0.597837411193416
0.921302210837486,0.869629548656203,0.64535218554767
0.8233808299622,0.782787796161445,0.577523371006073
0.846680776484592,0.806976691828706,0.597492814870333
0.818635238762508,0.798770316404521,0.619269226826362
0.856677227269276,0.832663143465197,0.674324079587448
0.841818386345064,0.834586778299291,0.696551739643487
1.35481250565458,1.32794843263133,1.2799711629893
1.37740479093488,1.33654397941632,1.25013048150075
1.31470850616108,1.36835189533957,1.27241601192753
0.893293206192243,0.905429854313177,0.718161214726171
0.992364369859835,1.04553720031248,0.934250983934358
1.02114679823783,1.0555550104336,0.879582935831981
1.01412218584571,1.06297535189897,0.976258490562286
1.47872574702547,1.55670091655152,1.50745429724316
1.50295573796305,1.53623190715392,1.47506790536606
1.49573584774876,1.53023482740643,1.52461177677163
0.807586810468454,0.773026850706118,0.594659112184223
0.828838235718764,0.793541487169962,0.640669238318703
0.823476151781372,0.794984024257741,0.620924199876938
0.854601378687739,0.818452094914329,0.629556382875616
0.847452212667707,0.839426438424687,0.699791587059485
0.865688711317147,0.867538809127865,0.738594922771684
0.911270330966044,0.91407971697412,0.789839546312107
0.861294451131307,0.846434907323659,0.723309524963606
0.878963855297883,0.873115994226731,0.779668655044008
0.911090743016638,0.879057269571089,0.743008072113016
0.951277794528605,0.909274688417469,0.751821510722233
0.952323710906003,0.930190160559281,0.786935884201232
0.977645651293452,0.962512208193239,0.838685035159748
1.04395035869662,1.01839534964021,0.852139305399973
1.09792184388296,1.06134886638557,0.915019356212044
1.11535712508534,1.08002472313748,0.924258425793196
1.07020984244481,1.06938086863808,0.871986304438514
1.82252515820442,1.248447937328,1.12105002241695
2.63203957673615,1.55437190024835,1.61783862885379
1.86325699288636,1.33907453874766,1.17581029934224
2.67124993783344,1.66665370759117,1.66175116872003
1.23903081766087,1.2946249055969,1.05142960724376
1.38455978732328,1.46077814544854,1.20814056073113
1.32790174123794,1.44941557356109,1.18637726287403
1.40726176688422,1.35866085425167,1.35131079414215
2.12012323486778,1.69849786386487,1.88328847546762
1.49025700185772,1.46428271440767,1.42900913681045
2.23287255963894,1.85626970230482,1.99952990148696
0.94439341756804,0.925625819336486,0.774608717217438
1.03384397732335,1.03150565341746,0.886211817966819
0.908889975716826,0.875076571319353,0.70860794299326
0.934578855428393,0.888912637606519,0.71936324117759
0.904620602402276,0.87970338718282,0.688029894908095
0.973061828312531,0.950164789025941,0.754212652563806
0.976664374534813,0.936112049800197,0.740848110035668
1.41990534220768,1.25758408774417,1.26597309670303
1.16059914641196,1.12697958993685,0.985542155113494
1.60433500314385,1.46545173615148,1.43586967838369
2.06412643059365,1.80045915378542,1.94956902992144
0.823590309231347,0.823116516855132,0.620464353378806
0.937721863311273,0.913996610728424,0.703509532993364
0.7438513966133,0.775012567417553,0.589279322805597
0.813941010218927,0.840381895503374,0.665868872363929
0.683821553465794,0.73627586654042,0.57580627928599
0.71913629222926,0.76971651572104,0.603805632498649
0.748272883101182,0.803307929955292,0.70763693827323
1.2680048037767,1.37139082653785,1.34351476432378
1.10203373608509,1.2596510561966,1.29228685851754
0.80688243732641,0.858978035776141,0.70727467124605
1.45648324161678,1.6669727584267,1.59090559506999
1.51510099198987,1.54542469406405,1.51606393756036
2.03151199930081,2.08025945396093,2.08965080151931
2.04588082714752,2.09519723142684,2.10866952722535
2.05214746727025,2.09462555716614,2.06783400884819
1.10525107934189,1.3647130486312,1.27998594669692
1.67545867810477,1.94619273609914,1.85390067631906
1.66389962436158,1.91907379353307,1.88174635307386
1.68782322211542,1.92903038864808,1.87970918358707
0.622925314286517,0.704154228290109,0.548616685761893
0.632972538801304,0.721398087273148,0.592821501866078
0.619652968569675,0.705600342703748,0.536007277170201
0.664337438457003,0.737024761994904,0.56401428111216
0.599956260202921,0.697248617110595,0.530794365429857
0.61390527402763,0.706519215285087,0.556099610221347
0.702622754944504,0.791878706137087,0.600485887264083
1.16575549147839,1.23517510508911,0.865589550041695
1.13696273066929,1.37164120945187,0.765272498856436
0.832336338567293,0.900308488122288,0.610183707789492
1.41013876098539,1.47155910875907,0.861638594659602
1.27689442697204,1.52660928896163,0.795032472136531
1.79622447355671,2.06798388069817,1.35500122122611
1.82370506426469,2.05007873568767,1.38486352678262
1.79732182428752,2.04497295232686,1.33600351074196
1.36827961151342,1.56337474275318,0.800042462585198
1.90525010143022,2.10601673243334,1.35148212220413
1.91402495524789,2.07986964826389,1.39086322889996
1.86724704802503,2.10494934374082,1.38993918879846
0.596953826093687,0.696290148873381,0.54239102088968
0.613508107209234,0.699348935167985,0.570437818240306
0.646213358293397,0.744230747996143,0.585563330338299
0.702283645983819,0.790793246620671,0.629099279007117
0.686099289478323,0.778863893064257,0.645822678676658
0.707991056582353,0.796304040274111,0.674722331243581
0.79677782736652,0.885097346528076,0.748373956048604
0.915143759732401,0.952090081710014,0.866382319862596
0.961571642418616,1.06138371280506,0.942982443299762
0.806286769781488,0.917060743126325,0.761278428960441
1.51019586530021,1.54003633823158,1.45982381294199
2.30374321312882,2.31273243024785,2.27244074440994
1.65402739884032,1.6862777730528,1.61586600860106
2.47061452499787,2.47765060089518,2.44037636077787
1.23724936202015,1.34747622562336,1.26216604471431
1.48220708124354,1.58814238674768,1.53403854216314
1.4349106421426,1.56922412788381,1.48156410751188
2.22337915618247,2.3426903471801,2.28761082895856
1.57684173224026,1.72463808744484,1.65512921865746
2.37762378687211,2.52824110651066,2.49696540522367
0.677895876893228,0.753479483530807,0.650806941495916
0.744765767347908,0.79033088413708,0.726323040458292
0.657986738100033,0.737503501776962,0.630963196136218
0.683016814305405,0.775269636479894,0.653445240855856
0.659148057334189,0.720568666994624,0.641965189447438
0.720461848122761,0.758100102017488,0.717370893122831
0.685393556800144,0.752614935732912,0.706759151977453
0.692840273419809,0.762547691124101,0.71568388381913
0.725714993001204,0.777909551625284,0.762699181521899
0.783751368509971,0.846049721511148,0.865398143465058
0.858927919951496,0.902878514471798,1.38485607555636
0.87415169033495,0.910429524881695,1.32100846430028
0.820256515104,0.906594386255343,1.0974426279478
0.932718024925393,1.03097788134655,1.66347546971821
0.832034558634162,0.92668357117565,1.56623269431011
0.832601215756929,0.940196062779596,1.63901201492879
0.848524237047818,0.957398655774278,2.12569540282025
0.971195389011225,1.1171641286888,2.13931330806261
1.12864913958207,1.29796839248783,2.42531254977631
1.05225954376204,1.21398346304405,2.35720912342408
1.34271818728455,1.55085716120127,2.98085012802898
1.10027417563376,1.27767060709745,2.91016879055583
1.03016973461124,1.19607645548861,3.21940056118502
1.31623815199553,1.53777910160933,3.3435348303067
0.620705068514175,0.675424795716545,0.585467210499312
0.683608854076873,0.709219453302463,0.642170494951589
0.564884247892923,0.63131274978523,0.523383487257919
0.574429270381654,0.653298061277138,0.534712549432196
0.545958988549595,0.590354261971295,0.502042379867845
0.581551131433403,0.61513292657711,0.548492724413233
0.533271228019466,0.578213309634719,0.481004894068655
0.587173757297859,0.635157260353217,0.520074233631124
0.601521540840804,0.618319518293587,0.570743560193264
1.21544559630355,1.22273286695958,1.20138060597786
1.21398880718509,1.2033719915938,1.19110157701377
1.2092597060436,1.23647201728163,1.21047799667068
0.576367648039446,0.622407128537694,0.536052628713975
0.665466108385755,0.69619048561489,0.670345190801947
0.668587532948113,0.729855824096634,0.635014182513452
0.644854802908463,0.675093312145951,0.614800941983961
1.24462509938053,1.25268511135567,1.22974115085101
1.23858458457983,1.27445888585708,1.23585779754785
1.2480666675845,1.2418369278261,1.22849191558559
0.571413378262607,0.59396950558252,0.530265164988564
0.619072317107917,0.615081234348326,0.583504783315877
0.588456984397009,0.621002317496863,0.54625017515252
0.602904822361512,0.652481306860013,0.556656671371966
0.64286567216318,0.653882678909342,0.608115415790166
0.683511381701485,0.667555075154084,0.651537960246864
0.686804013658207,0.724224969387061,0.664853394245305
1.2350317942336,1.29564859592849,1.22364868677083
1.30886123333785,1.27951608115066,1.19885492043295
1.22357479946464,1.25526949186261,1.2278917551991
0.693103281841224,0.687246977401404,0.658837017275859
0.760601849694709,0.734311770213032,0.734399706039056
0.723458929565226,0.718377545278539,0.678113636002335
0.741077134036163,0.751881156026147,0.695611311538555
0.795089953830544,0.761699983168252,0.741526223285582
0.866716365353615,0.820486679080884,0.816820998140142
0.865675640482625,0.837513279669084,0.811945506612863
1.33917137767916,1.32522136545504,1.34165054390474
1.37957648431482,1.37350424401173,1.29768422496022
1.38524457091741,1.35941825291438,1.35771509755134
0.813224383774404,0.753605942827966,0.747708044013393
0.980198902583532,0.907233962567493,0.92106352400235
0.75906907651497,0.706780134144041,0.680851952026169
0.79269004629878,0.762362887230993,0.710543878001593
0.786522104698403,0.706977820997705,0.707417850589329
0.807573154679075,0.727779460831011,0.735698463950951
0.880676353977467,0.777527969069524,0.794094520093569
0.773256259710172,0.705528462618664,0.694466830554875
0.872492667561054,0.781559302087968,0.803822005470851
0.729368003444507,0.700597057073245,0.643979143075181
0.735157594035894,0.727052064457635,0.652457522281872
0.751886622162952,0.729876933730063,0.667452529960249
0.817727945459416,0.783182882861634,0.73023760022766
0.792387373716967,0.787673292405606,0.725654835836172
0.814172634343609,0.870961442360684,0.740811247674009
0.858451512219269,0.88974455480989,0.797420856893158
0.893250529592313,0.872071136303764,0.83470670861968
1.007037333091,1.03329896138914,1.14239504556903
0.97624559099868,1.01669285019697,1.18289270434521
0.979220467412784,1.0207454046596,1.12619444013801
1.53357301217895,1.55896361408463,1.78424283445917
1.47978578293466,1.59228495193361,1.74977728135991
0.742376527144284,0.716920381093692,0.668210197044069
0.907697716954653,0.868362707077465,0.862715172218213
0.67809626023818,0.64146095751811,0.599936962941658
0.730608504649802,0.676768665189735,0.659773866773245
0.672257167201248,0.619924299619094,0.593940189613035
0.755032524116647,0.671534669487573,0.650450228248031
0.718657549384659,0.616063122326276,0.598267020416761
1.13930236394459,0.783311870560341,0.784709992504654
1.07535523604485,0.73558448223772,0.757781095646164
0.689489874300139,0.638873857291577,0.584790591225845
1.04437589611409,0.778929431057783,0.734519106329487
1.10137267331357,0.830821082552525,0.769307460013638
0.67705404435844,0.640926696407281,0.640571179893466
0.689760459471039,0.649653929067246,0.684033060160408
1.29296825070016,1.24321172883823,1.22908298936576
1.24645568360002,1.23178200067737,1.28247798352994
1.26825565934516,1.23736366931093,1.2749606004928
0.657901786494862,0.61420355945184,0.631503048284646
0.762543899559961,0.721194523305593,0.757265294388573
0.632504743478369,0.586431071751127,0.630319674255361
0.651882345212018,0.618235347975999,0.647204980247978
0.658864078326099,0.608608528470278,0.705291670993104
0.704236707705195,0.660447084906842,0.767103266066525
0.654029357340028,0.608172438211485,0.730482699457062
0.700877308455173,0.647035390915379,0.746818416672991
0.7357001455021,0.685960817453753,0.835863156519378
0.658050335762418,0.63130574980669,0.738055998012779
0.720912244073142,0.722905333638776,0.742501616145615
0.785114177715718,0.779618307188739,0.866263150502103
1.31484866120059,1.37435633112596,1.38112463261642
1.35006771105063,1.31301087863598,1.40043834735587
1.34578368528352,1.33518091618064,1.36903110294189
0.772872448770624,0.775605882841268,0.860360046682875
1.31101654115239,1.32973416275684,1.36705466416279
1.32983521006418,1.34804076474418,1.3700307546557
1.3386632441026,1.3315675359979,1.40717824995047
0.727339547354155,0.657124992210652,0.783486283251972
0.804374132689582,0.733173828565599,0.970654476229299
0.778523722585189,0.701991607064379,0.81078250259121
0.81298192977016,0.761873814526362,0.911092031725012
0.866947749019864,0.759260162057825,0.884026464460642
0.954572144432161,0.84552419324616,0.962525259051372
0.969741392675312,0.854031993644686,1.00362643099139
0.83330452651978,0.71792366367448,0.828947786921349
0.813059639659359,0.728633370298384,0.838115930273319
0.928902669084669,0.772154817131434,0.874684048100424
1.03168489016328,0.849612425386891,0.954438039941899
0.971963271538585,0.813735500789289,0.897528999227286
0.98937243497128,0.838592045165636,0.904289579945278
1.1479472986114,0.969880455191053,1.02954436354482
1.44236491921101,1.15672479023381,1.10641451178998
1.64948919738649,1.15756076336265,1.13184299347264
1.66037073733234,1.23485959595308,1.20340468226776
2.16789461424303,1.67870519049218,1.67789015210677
2.05448317324261,1.65195170272969,1.63894907122142
2.45264184663077,1.71777494297534,1.45163251232003
2.80623186828751,2.13016779073024,1.90877468306581
2.8523256442985,2.21593130731988,1.93601829822374
3.33995823723236,2.26573885998145,1.90008733099097
3.71872338955065,2.71974444050135,2.3666294162664
3.63050054444771,2.66739030111785,2.35900139801444
4.10712904447142,2.77183632476978,2.38214418255633
4.44686108552476,3.10916117548617,2.74967392815776
4.4529131522674,3.13807150984844,2.77439439473642
4.46010261760062,3.11917544660027,2.76303855314599
0.96620450588322,0.806138180395848,0.910749063191594
1.03386522837044,0.899926430383465,1.00061251034084
0.964099119561571,0.782017274408011,0.911398653821035
0.987799984236306,0.790285615859352,0.931372181344415
1.00526636634096,0.822482915431963,0.967880925437741
1.08612223566822,0.889777535392513,1.02973616584791
1.0996123913861,0.93642477864237,1.0934863705952
1.60137280983656,1.03538019980325,1.45281843834566
1.14011323517773,1.00615058670894,1.29264440091467
1.67694472500624,0.983330641661722,1.42930993292298
2.3214278970978,1.47859754868664,1.99548161305065
2.27272293345947,1.52115977854311,2.02929576105281
0.935213081502791,0.753971020591793,0.916941563399564
0.989473047251024,0.808099984418342,0.984391404185141
0.856814693798949,0.687829722791995,0.841318027620957
0.875230121506464,0.719490350446817,0.850703656693905
0.791090041977322,0.629102118473246,0.788108055518534
0.826017986210004,0.653252526043395,0.8262730047258
0.772179917396731,0.637073111550398,0.780581834326202
0.847317738840075,0.704309340930401,0.846517797393084
0.782536156664347,0.674002978356327,0.788756650556451
0.749106014913979,0.624087014531375,0.761433302644686
0.809783985393826,0.707145238283093,0.819377907602988
0.744616274878361,0.632762235256925,0.750518954136474
0.795255964901755,0.625254837405729,0.79241125873406
0.927352895535798,0.761847974486202,0.918885480435739
0.799321432553858,0.608361276421895,0.785627858761804
0.797776023562267,0.63051625790855,0.785258584150474
0.866903300405486,0.659495098005076,0.846174759160695
0.752026775933851,0.59617262953933,0.747841075190974
0.750407475791164,0.62789701882008,0.747375545781277
0.777145570466641,0.600970730002801,0.765563455951103
0.881330265584509,0.684092118882159,0.860984080311749
0.963490304586021,0.773587559288037,0.929601823566971
0.991636465570158,0.810994148655706,0.96498548291553
0.752364823598199,0.59433716121236,0.755433676722524
0.782618121453721,0.651567317341001,0.794141867817492
0.852610180225682,0.677677787891955,0.861348571153704
1.00703871133605,0.890854693108509,1.03392219122692
1.00526079242313,0.896530697233695,1.03751001218209
0.981619214099195,0.78074865549291,0.953987929141335
1.25493553475576,1.08960553014476,1.21279361660358
1.22193801219399,1.06444957352869,1.17894641236222
0.685340123902988,0.533502071710488,0.676022759626849
0.71299033270444,0.559882627511214,0.693321823596751
0.656315468993204,0.524810371149101,0.649229537751803
0.705395935924283,0.591350159884513,0.710426506225977
0.60639203695998,0.48854613847237,0.580282270405608
0.63273858325199,0.501793516625065,0.602352459939966
0.631534034928865,0.560770435198457,0.606469124842686
1.30178547986053,1.31878993593039,1.26625450457188
1.45608521709506,1.46350116616973,1.36588215063217
2.04121152907855,2.04368907181983,1.9639845968708
2.05456420082549,2.08923794935579,1.9572345957697
2.05410531260764,2.06509364042861,1.96362391093008
1.42977485249569,1.38701486875042,1.40530219450936
2.0103589694159,2.002128482652,2.00918458050467
2.05472410126992,1.97173823717766,1.99416790872785
2.01799150882216,2.0291671706117,1.98990859328858
0.600720024868258,0.486851105664102,0.558314176017612
0.662844376178511,0.575533634936427,0.634865224783089
0.616445029521496,0.477538748395211,0.539909703635312
0.660902423714845,0.508561220512232,0.584737608944497
0.632123343804918,0.496276215379365,0.525319233811328
0.660244370537332,0.543509509374329,0.553448458271844
0.707756642968682,0.53689328132147,0.578422522839023
0.742525773157759,0.546270693555678,0.603848582276383
0.772788033996754,0.629031369899777,0.645516648804578
1.28728327607573,1.22220954189898,1.2399847279095
1.34124327190398,1.24491586109109,1.2319742538177
1.29370401693731,1.22583795603968,1.23692892111475
0.797212469362553,0.627402796184646,0.68455176427286
0.933150604635652,0.851076854154221,0.861182691953411
0.891939919748011,0.789037410707422,0.819451251583778
0.947434760978062,0.781010824153304,0.840670901485309
1.44441237718351,1.34277737486245,1.39219730428008
1.46936308781968,1.36280356856982,1.40372106177758
1.44372733483739,1.3581609129168,1.3554050695048
0.593219538925686,0.484248270141225,0.4763206398665
0.635825641942544,0.52395796797479,0.535092052238359
0.5762310993917,0.513411437705407,0.459900436822313
0.627022445773691,0.580448878428296,0.523170514471496
0.533975640497215,0.5212080901051,0.423643572742469
0.545293387239892,0.508809389605825,0.4378442942777
0.590493585156378,0.630671071782598,0.47522168053556
0.889702477350849,1.00901525493826,0.651870506255101
0.946116541661406,0.970356454911185,0.621480617048674
0.752850623355774,0.754864499422948,0.591315736147423
1.30839450263559,1.33323490328418,0.900265986598463
1.17191908473846,1.19849695964071,0.815283313026034
1.70883275357039,1.71901173130929,1.36854541460949
1.68196735137381,1.76030649778769,1.38400438889618
1.72534474778508,1.73422266104014,1.41155188160819
1.13240463430631,1.18095342744588,0.895472355542274
1.68214795768035,1.72864760820727,1.46585301279597
1.70486449569332,1.72042364644327,1.45961151982216
1.64025949149967,1.72343164272546,1.46456520838005
0.554621032611521,0.54094657380294,0.425970385962105
0.644888900649545,0.643097279399434,0.53663068609576
0.565624591284682,0.523207916538584,0.401102962605993
0.590837967561961,0.538182336145787,0.433437941265822
0.614555823592153,0.545575445428626,0.413837149176969
0.654491738775373,0.587260021909676,0.461421705972366
0.6947394409942,0.578150530574442,0.502819066537237
0.798848767627631,0.675905419174254,0.871694717741443
0.90298336332934,0.754337950098682,0.916186771331609
0.880394341497707,0.765921553539999,0.735874514385546
1.28252862144451,1.24335419643439,1.2939302925269
1.4144657073561,1.41597908603152,1.29309794422289
0.996866418048553,1.05314223949375,0.731104032443376
1.32539135985416,1.41599841226128,0.995477247496576
1.34797409738066,1.72328079180714,1.00725804762412
1.4065801425007,1.8835476845995,1.09875114943444
1.75367304436633,2.25329729899021,1.27669011507067
0.618898248677863,0.57485425460989,0.398525600860142
0.666957356684254,0.625542205661492,0.468231800490922
0.640653006786892,0.608931074287573,0.40662609070133
0.683275818165415,0.651814296229875,0.47112902707259
0.652537293609959,0.620299266321479,0.398675868620702
0.65294731850417,0.6246728953986,0.416763404376326
0.66546951973961,0.657134787306148,0.449251494425854
0.729144071400512,0.703943439785399,0.523552416356512
0.727269643555076,0.697019644507611,0.507594147529459
0.644677422985826,0.690164979978412,0.502280976986767
0.816758126280833,0.809523494791632,0.748567501512434
0.803808009655742,0.852867355722813,0.824649464284299
1.36779088341717,1.3669245533419,1.42078478167317
1.3823657433027,1.40386403367933,1.42260899458342
1.37227225027743,1.399228209245,1.40463105167562
0.881645094099337,0.842755118199034,0.861040806903369
1.45278077269862,1.36015751010155,1.44889261212517
1.44073196846067,1.38998851550537,1.46358982467341
1.39987710133663,1.4066626538336,1.41986426145989
0.724397709148436,0.647508869192322,0.418511824667007
0.804133265179562,0.725320906573439,0.513991004112754
0.759056067958399,0.648831629405399,0.426364991993079
0.766843374842223,0.664158194537501,0.473441499943442
0.835824027246354,0.681580892739163,0.455662747079362
0.866653788247438,0.713508456265748,0.500298777769453
0.882003002806283,0.70863973383994,0.482990012541043
0.905558699496023,0.75478368214145,0.542364381133008
0.893976119813192,0.743119485049076,0.520200927213419
0.98027431086758,0.757698796962182,0.542985183722301
1.03399529490318,0.82169004668483,0.627732799108759
1.03693833531454,0.806393975473981,0.611362627693462
1.48141592915554,1.32454111583029,1.22994561939466
1.49283835682225,1.35101828717281,1.21222066335163
1.48325576676904,1.32024973728004,1.2238952779033
1.05808502766219,0.855755884228019,0.630149292771274
1.52461901936554,1.38831836705998,1.23615169839213
1.48784130295347,1.38177076431677,1.23759053966587
1.4957693315794,1.34692491914938,1.2344905591069
0.87125872482483,0.712060913598057,0.484559299255221
0.872665149722379,0.736914568940161,0.511009602377647
0.945563022912656,0.774227172060799,0.553490373351075
0.994100423390594,0.819924768008419,0.616203722478604
0.991167656630818,0.843992164587389,0.597178854151214
0.997840733705265,0.845850025817463,0.604488426685776
1.01302418698217,0.913015937120043,0.633668367586124
1.1177065361981,1.33520112173733,0.712760920024499
1.24832400185398,1.10105335166004,0.767689595265385
1.06617353773688,0.974855498467966,0.63225051439772
1.21324891431147,1.41634430147423,0.71797843943762
1.38282662228847,1.30984329606524,0.777380182261113
1.04970497955059,0.882255959265528,0.62606282610888
1.23596552070938,0.96355473383374,0.701890943586467
1.78614858260412,0.882200023586094,0.639687120320738
1.06666146813524,0.909911299667636,0.677766502842003
1.10060923338797,0.940835981740232,0.722720482240948
1.13196200618728,0.976860294705823,0.745881908461023
1.1505160603379,1.00512205331644,0.770828478972798
1.20795662151478,1.04430707682006,0.832884726918177
1.21792162735585,1.06479399939219,0.835598481901205
1.26929606182834,1.14312600345703,0.940963661319388
1.57844365384688,1.20139289253214,1.01523872212874
1.84742151669459,1.22709480918375,1.01839210858943
2.36643401799449,1.63345343812211,1.48685978682375
2.40972769142701,1.627773354005,1.4730745437688
2.31027183196138,1.64088768983938,1.48462196586983
2.06071588219047,1.21752379209795,1.04977554479184
2.45001482070757,1.35108825011031,1.28265557373963
2.59275214432839,1.34604732764935,1.35372525821487
2.74922432784348,1.39557515172917,1.18288099813313
3.14037240357735,1.80648464124449,1.65549817740843
3.16618666979022,1.80996823125773,1.6337655128907
3.17622916735008,1.80413520645167,1.6637785157906
1.25963840958444,1.05624514654444,0.891212085985214
1.23735862329901,1.05892090076605,0.906545697176462
1.36430087351333,1.1112919565509,0.970052507939947
1.47385812781294,1.18658801644539,1.01960002850553
1.57892952842376,1.26609886916987,1.09850280301398
1.48792600735384,1.2292481292415,1.05186016335404
1.43643871048183,1.16145186905148,1.04873048611226
1.3983458775257,1.17861280392365,1.05484759329474
1.59904281396185,1.26985828973268,1.16423342113024
1.75522901269837,1.44307163077248,1.33957769253499
1.75691428383549,1.48069411391036,1.37747366044346
1.60228060724567,1.2991914790211,1.14965750604881
1.79565167342839,1.55067014145238,1.37060807122365
1.73743127217877,1.49353430665673,1.35694968344576
1.48234994918063,1.18898402833654,1.09103450470741
1.54964019390329,1.27828752184217,1.18314323753789
1.51409286361698,1.20304189773944,1.10741506648388
1.53997149989341,1.22566699161001,1.12200568388942
1.59696654645307,1.28404408377886,1.19235853960773
1.69400064266833,1.37912312568667,1.29693952464181
1.7654451870157,1.45240326184277,1.35246320541725
1.89821296594011,1.64975931898592,1.41192780118134
2.00571843501631,1.7642579339644,1.51095194085257
2.03012736655684,1.96409644873274,1.64732777310992
2.37135000547864,2.30055774913228,2.00234967317942
2.35916234955558,2.37179257897027,1.89301077860316
2.48580869851764,2.67157406712574,2.31599875658086
2.99325910936751,3.28978046781382,2.96321224580342
3.03438377495476,3.24407911474258,2.87102480331624
3.18702502027729,3.27634139629322,2.96167248309943
3.61369887796376,3.93291470834005,3.51859835192827
1.49960929138452,1.21405866669332,1.11047352038603
1.59513581099213,1.29536013840407,1.21928448579399
1.37199673991842,1.14306094123947,1.00047893577188
1.35959444779909,1.15320783979389,0.996208856964197
1.29870245530324,1.11617356873519,0.949732939756257
1.36834983640278,1.16141653893731,1.02520257316917
1.28776962133032,1.15977012267252,0.931306915309843
1.69733438080161,1.57507348398315,1.3405791020537
1.60582623545071,1.58334010140149,1.42766971123118
1.67135533381809,1.55504669032129,1.42112065250751
1.21306929728003,1.06372844495681,0.891660526495958
1.16739702655961,1.04516688520311,0.866733753726416
1.22758598348239,1.08227490950602,0.923134624994523
1.30381806932965,1.14572739481345,1.00205588203381
1.17576366287448,1.06253943821706,0.896838702934468
1.13486889290888,1.03270085515202,0.852486493512667
1.24195739656126,1.12883261680031,0.974838627435921
1.3437053590439,1.22463801426924,1.08397683709283
1.2344395380119,1.15280130819033,1.00415691014767
1.27950250751972,1.145503319212,0.984101221070282
1.35407310482955,1.20500607254051,1.03970224881953
1.36518236588633,1.23432633920008,1.07444508080436
1.25667344354416,1.16342244507556,1.00497136045189
1.40281264181823,1.46482182882339,1.40585444843272
1.87356165343116,1.97436274795657,1.97959932526356
1.88473176313767,1.98840507790098,1.93064414628172
1.90697759901768,1.98523771638228,1.96415515095538
1.1510871390222,1.06916027282711,0.907831142233627
1.1080268321025,1.05282958831017,0.880204598435763
1.21393022802704,1.12997197782416,0.986161006799136
1.27499337343815,1.17648041386088,1.04714985921929
1.22347683043448,1.16992764365505,1.02506975124755
1.2199179130627,1.19069695089135,1.04745775467089
1.35211353686441,1.30362437408833,1.18355837940402
1.44303624078648,1.37320080857588,1.33863244010378
1.60723084643772,1.50280489963451,1.67152888769176
1.97499988631968,1.73422615694841,1.61568406984542
2.42898289456536,2.03559087608032,2.08308812057612
2.46274837505776,2.03692285651877,2.1077804026635
2.11774937320487,2.18080671804552,1.79056583645099
2.52551240024338,2.58798859544222,2.22917714974903
2.4677509852058,2.61560337693973,2.13678696115417
2.28919063809925,2.59210165139638,2.10518261311356
2.58854411878967,2.89586313878598,2.45511903180139
2.62130946305257,2.89650719629235,2.50115985427926
2.60143574770968,3.092227255029,2.42736517545282
2.883131422242,3.37894842119399,2.71619032700352
2.89574381017033,3.37900116123421,2.72048083175951
2.86329609256732,3.41158771025051,2.72762367537499
1.16696715403055,1.12106260984821,0.961449748441671
1.16243012736081,1.14377139848049,0.980951914265426
1.1648065582386,1.09538286420923,0.932135834935497
1.21711675101217,1.13067378036376,0.970416818130819
1.13792477423292,1.06496606063714,0.898986852452202
1.17898932699027,1.12125120735364,0.962536159912232
1.20988588513735,1.10419165011597,0.944987682074339
1.5971929712362,1.54564351805179,1.415422150359
1.63213534524216,1.51915950377286,1.41908089535464
1.615023062709,1.51847411971417,1.41351187489959
1.04547135037861,0.988178290846687,0.811044455375566
1.04779683519532,1.01074387442618,0.828391338712701
1.00538736940274,0.934790228400956,0.759064451864142
1.04620804942888,0.953600490094247,0.795569372011632
0.938222843772095,0.88696212680401,0.693302578246323
0.939480109136338,0.89167502193963,0.692941246454343
0.940708567748391,0.863615942339187,0.671399221256105
0.998418662671773,0.895196118479376,0.713872239188736
0.994499248571536,0.911445074635726,0.741107174546694
0.899559481989614,0.839679858923717,0.644209467994229
0.903286220938664,0.885447160970762,0.709381003239131
0.934179687817996,0.883266509337002,0.721905894419685
1.4067588604947,1.36992086592005,1.28439466665233
1.41839432478271,1.37469040749046,1.28155562728579
1.41619792061761,1.40051808869231,1.30876521318918
0.980683724694374,0.877574827183258,0.714513669129468
1.44443848495055,1.36471249149177,1.28338836923841
1.45242490319893,1.37623418457152,1.28821755209968
1.45931420758734,1.38571808627722,1.27491577441166
0.918606316006065,0.905734331082241,0.710645563881032
0.89289734925709,0.905709397713391,0.704160497824603
0.973051739494957,0.962632818788752,0.774677629127069
1.027081606685,0.999475438714376,0.825783827110563
0.995456696238203,1.01024939935353,0.818686433369538
0.988520604796843,1.00345251277176,0.823470608545785
1.11494290921434,1.11885292390253,0.951608022224607
1.39760008714017,1.39653431867737,1.22511316709397
1.5327960420646,1.49849689820285,1.42404862412963
1.66074938572143,1.69396847502857,1.50808288549245
2.21823273278886,2.25622486951448,2.08879321233919
2.11803743834345,2.17120242744517,1.94280050153238
1.75568376966911,1.7599325436274,1.62216309674869
2.12051742656732,2.14095206302438,2.05417955242463
2.13711344447066,2.11264883237847,1.99682646695001
0.984842387444635,1.0274666046392,0.819067801911693
0.987490792562076,1.05196959839505,0.847332886041758
1.0190469659468,1.049945134296,0.8383594843242
1.06601307140574,1.0719499199101,0.874154075718705
1.0448049430237,1.08532524780549,0.868868234929803
1.09451545423894,1.13969599599343,0.928185663856771
1.11911985145002,1.14537837005137,0.93356301356454
0.982665261328645,1.03294080063485,0.811884649605765
1.01539349912031,1.07495532096763,0.856615444435449
0.93863680212259,0.979351610586937,0.759520740893794
0.963047692726121,0.987643279657304,0.785821488980245
0.893330964110851,0.944789579329719,0.721413167946724
0.937533714851325,0.989283200071095,0.765792725697351
0.908645492356841,0.938477747483468,0.724769485626053
1.01267486435233,0.996949025534572,0.782256943008234
0.961686358706888,0.970466510561284,0.765623945610207
1.44027847895358,1.46072615968635,1.33615152525589
1.45842024869836,1.42128853968973,1.28056401001825
1.44267702007844,1.44810488492815,1.29942582879885
1.06845637104335,1.06242831934883,0.793372946004832
1.58610095200853,1.51138121965403,1.32721593738136
1.54003078279588,1.55258463540801,1.32559424591612
1.49410957299977,1.51088200164894,1.32639786875596
0.840877374069211,0.917277932309497,0.698124239915317
0.851803299912905,0.938703307324796,0.725296319717804
0.828688309796798,0.904002170972147,0.693525765619051
0.858613206812894,0.918587273135736,0.715815829276622
0.814038060471039,0.902953091197898,0.705456248553252
0.813898128768371,0.904287094718596,0.710561918875796
0.854194336083894,0.917675034856313,0.739934206331637
0.954660746048758,0.969523382694169,0.790231100409323
0.930139977424313,0.964661275328305,0.818394765918358
1.42726646077849,1.45116027438448,1.33260434503501
1.42571529432495,1.43378977122637,1.36163545727796
1.40385959002077,1.4086856309234,1.32755582990821
0.903406046961997,0.931809959032702,0.768347106260721
1.40759199660253,1.42428243384569,1.30841521507838
1.3916343291806,1.3898912213605,1.29795520175119
1.39445991061468,1.40330233683203,1.30365553163153
0.834856233855752,0.935918073446012,0.745117614771616
0.842882450833465,0.953058979440342,0.773183331062652
0.885275642555169,0.975998587880389,0.789137841147987
0.922040958707354,0.991628485882786,0.809303593556016
0.937731452516834,1.02482484967364,0.851032513041728
0.961474337339667,1.05444230491393,0.893152879215902
1.05019859675453,1.10366343419764,0.9491080479427
1.28137747796655,1.32756758670995,1.1552319541887
1.36581913025854,1.34867029539527,1.28709167315584
1.41598324961879,1.4388051067692,1.38962445215404
1.87614729957655,1.90007720491911,1.87613678535667
1.88487615018316,1.92657003609748,1.94309081332852
2.20751441214407,2.13960380894255,2.10094565457595
2.84504557025923,2.81307703485344,2.81189696757909
3.25055330946467,3.23681422385519,3.2345442890646
3.24646622501642,3.22110078740946,3.2274294628725
3.28177943319467,3.23917709872773,3.25610536351545
0.927682936943804,1.02336895204917,0.840203727263796
0.963140821693531,1.0597019964245,0.89471289074975
0.924224450121708,1.0090638207708,0.818533409901835
0.940389706615847,1.01202820843985,0.823629482921904
0.944158338218483,1.02285763271417,0.837006495153532
1.00128242751251,1.06602420768085,0.897605650145153
1.01188707657101,1.05557361218218,0.890801257886729
1.30849925985659,1.4265143397163,1.32931712382726
1.29037196711322,1.28585875194933,1.28648004681378
1.21357597816598,1.40587804759845,1.18833630678964
1.6234348129366,1.87164749800505,1.76468749097022
1.66450433116773,1.96196790212578,1.79342542982341
1.32090879915387,1.46528569306563,1.2895934896049
1.80915145143532,1.87534277489963,1.85175912075361
1.82235923024716,1.95442125327357,1.77284239155057
0.890237706381176,0.999460361466553,0.807821890534283
0.941402989002919,1.0469066716087,0.87217428172575
0.829636569146227,0.960456473608702,0.758210034927308
0.833671625838598,0.954875955537389,0.754106435613027
0.80518629294892,0.963144626318097,0.759530582515267
0.847708810385827,0.993516045585451,0.806358148292073
0.799722573012826,0.972546197033017,0.767962544497339
1.15525439961989,1.50479604117122,1.06776026038044
1.18178289760636,1.26960268060867,1.10933704144842
0.904888443377565,0.956392319315272,0.821757593697007
1.57208618855441,1.62289800203389,1.3846414672639
1.45745784155999,1.74690199746358,1.29458118699773
1.9724061077318,2.26074070737909,1.80508711758943
1.99040574651991,2.29402323970221,1.82241086766428
1.98909543433645,2.25485361796577,1.84820652813381
1.26676894864622,1.17313972741681,1.19329355728824
1.8237423483993,1.71543402325694,1.73443452324518
1.7863332978574,1.72428956229355,1.71179044907547
1.7637772549629,1.73139976661413,1.72184439730382
0.823084395080135,0.988950732728577,0.790531642268527
0.871761517370122,1.03094256941707,0.851198640807248
0.837944087037104,1.00338968801452,0.803506588097632
0.844722981390126,1.00647222841449,0.80449968505313
0.898598485513973,1.05723769528836,0.87449459020815
0.926998819721977,1.08916837228558,0.91838383480173
0.979238062102236,1.12469293208633,0.944897452764371
1.38132817509608,1.40658309426396,1.23764339561315
1.29815862242687,1.51151173767565,1.243692071689
1.38682962344218,1.51629849724571,1.2559913852433
2.02485934947596,2.12413700094563,1.8006283143856
1.96853389434712,2.08274331232294,1.77147262249301
1.51071957934111,1.62271696575496,1.42886752891036
2.00820413934716,2.07912612522211,1.99853733299234
2.03413902282327,2.12592044320254,1.93936428939656
0.944072539137008,1.08581595165887,0.914758235519178
1.01128232149458,1.15115581091048,0.998937273842397
0.962927849966464,1.09129399056319,0.914497476818074
0.965311131299475,1.0944005933982,0.910264480953381
1.0363226931975,1.14392809465005,0.980141135795999
1.10967673402298,1.21410236347004,1.05195492571967
1.13303919346114,1.20754952076079,1.06485116672125
1.38344340394828,1.43460589762797,1.2664182663974
1.50072365857339,1.51337607989544,1.43266905523519
1.44994787099693,1.55601336288183,1.4631126993207
2.00556478710531,2.11083648522437,2.06031791036375
2.02464971695288,2.1211614381408,1.98487931451271
1.02767743418498,1.13194770437346,0.976469644018339
1.12051116068326,1.21089698737129,1.06529532985162
0.985178850530398,1.08701304224048,0.943371868421815
0.977998131190461,1.08972100653482,0.945683565942831
1.01524380382887,1.09351311093854,0.984355600350777
1.08852191455899,1.14646686774646,1.05946768223021
1.04654495069766,1.12272852789079,1.02667014270614
1.20872648406032,1.2986775371016,1.21311993968147
1.20705237457996,1.2659939977169,1.19436858516627
1.26053810165101,1.31424064836885,1.29683601806223
1.78606336278003,1.84099186361907,1.86622895087678
1.02308865396109,1.10036417568644,1.00513325944764
1.13527667285527,1.18988208666539,1.13028483671319
1.00380514359639,1.09190580987112,0.985199517163148
1.02601334139787,1.12336090295681,1.00215475959768
1.05527798309946,1.13212408224881,1.05766087912182
1.09378821627134,1.18323425745618,1.09978993342616
1.22409977410946,1.28956604712135,1.22612035507578
1.66568096133406,1.678899080049,1.6419235042457
1.62829832669994,1.71352681451693,1.67915163199133
1.64045981786936,1.69450169023675,1.61493937655983
1.02937989731614,1.07660388978792,1.04736680597028
1.27469597074198,1.2658410050711,1.30270164603344
0.910315298148839,0.978939979529607,0.931103860061238
0.980015110747493,1.05903570669887,0.990525900391149
0.911590356515553,0.938113439927563,0.935298049787216
0.959570776771992,0.954281836121184,0.976985702305251
0.949684762401305,0.987374571698844,0.951720752428092
0.997259736935623,1.05383456891576,0.990118294064517
1.04404960572982,1.04173897679552,1.04317857771604
0.95321181440524,1.00666036884366,0.942135249456724
1.53225593157478,1.72606824996064,1.48847383425666
2.31157906134888,2.49019300085812,2.27637399600624
1.61030910734001,1.79164246750377,1.54008451925033
2.42169760120881,2.58728044726934,2.33350540509994
1.11387662297987,1.17023757553241,1.0890077492792
1.22942268158896,1.28214882215784,1.20041326027642
1.56389585310811,1.34627651453997,1.58684784931954
2.37059537528052,2.05397660314478,2.39225730732224
1.58965202325907,1.39157913710585,1.63192333146864
2.37347859235343,2.08889250288986,2.44182091357164
0.934897625305573,0.918293151489953,0.969662616140742
0.946086972396795,0.941917267279455,0.983280276313296
1.0286173441967,0.9456370267965,1.06608787566633
1.21215562496165,1.10059655427906,1.24239575547586
1.25210916036611,1.13726460410169,1.27248091237235
1.30736098930897,1.21448724876205,1.33761118185594
1.08136573467115,0.942908874220393,1.12367348611113
1.14703690281467,1.02140632814537,1.19479114621065
1.28166745310258,1.07437253681921,1.31376440059512
1.41657069973109,1.2212465087953,1.42658535823899
1.54986508350157,1.35894915219267,1.58898108808416
1.45884946920237,1.29535990767421,1.49807475774463
1.75600310589363,1.6162585154663,1.7824011612209
1.85650092123915,1.72181025017042,1.91997468600944
0.970888527338087,0.837017133430745,1.01032761421071
1.04866094172319,0.911281241470966,1.09505571033557
0.878281720895995,0.761071697398708,0.912994178571876
0.919138663423238,0.811777879587405,0.951674137453557
0.81861202030829,0.704407637803978,0.84291813667661
0.857944917780284,0.730625347499511,0.887815124762416
0.85053515941739,0.733895506470097,0.848457252657671
0.998024802378458,0.862344721045594,1.0004712114641
0.985884691725107,0.845109738320258,0.950542666735714
0.928414978652792,0.83975552073023,0.969696985526668
1.45442037161677,1.08475116782267,1.49013756562937
1.30425415721531,1.03060266034437,1.18579679304727
1.85350572912508,1.51878042829217,1.71103074010112
1.82656869411094,1.54417094966997,1.74717245262602
1.80538104493431,1.53559184802158,1.67862573290003
1.3998567314666,1.06895670409114,1.50719123601356
1.92151591365383,1.57756308235547,1.97852638715321
1.92321966879089,1.5694552894025,2.02276003346261
1.89923441127381,1.55999701780736,2.01540105198857
0.77464844868291,0.678474913996491,0.791008556670332
0.824540377527704,0.730723736599739,0.839587244115191
0.771626395495203,0.693653193824307,0.775638783917335
0.849214243020123,0.771615506470859,0.844397434050686
0.745036420066065,0.678260973695487,0.733177541427588
0.72606648814516,0.664700449557409,0.720472605658795
0.815488279349809,0.757555923281464,0.771645747665337
1.05310591905398,0.93756929300667,0.906871878915945
1.08775837095303,0.949974182185838,0.910188366098001
0.739328145859891,0.794872340077216,0.795797181536877
1.16387362925612,1.11685401174903,1.06318699703122
1.16442054829677,1.03179430249386,1.00712501071378
1.68760446378982,1.5620619020021,1.52622998752851
1.71647265419227,1.54319632997716,1.55875139866338
1.73475994013828,1.5640791256892,1.49344560293264
1.19644345637479,1.08498185969554,1.03684511987108
1.713847205658,1.57785685471242,1.55543600971888
1.74926626736207,1.61066459567256,1.53339185832633
1.74223610485933,1.60863683704817,1.56622788465145
0.776643959480729,0.695505955203964,0.756604122631645
0.899697781322373,0.817373384958781,0.878012719738701
0.75776233014576,0.660151263245203,0.733663078014098
0.753981007096677,0.661186274690704,0.737884221463476
0.822512031696838,0.706719785665353,0.789756426399092
0.89633616290379,0.784099152522995,0.85913809846288
0.898384383118633,0.757681872538196,0.843001469726111
1.39864386777258,1.32357965102829,1.35128676048196
1.3900933656691,1.27016807803794,1.35289182189076
1.3903598983163,1.30830281622102,1.35813264814472
0.833767157443761,0.724657932297075,0.807533015547024
0.989197858539942,0.878453866984654,0.954077777302532
0.785443142581193,0.698378283144159,0.776210200182269
0.818952478789664,0.755520000836534,0.815623089679205
0.818404009459299,0.738552989716025,0.817510914646512
0.937684053275357,0.862209075642198,0.955795985079979
0.915815913373184,0.810142971187187,0.929718643944253
0.700056047233485,0.65987559178642,0.674274358983264
0.688102350985204,0.654694251277268,0.645259622524282
0.72026480134165,0.702289268281862,0.698293221628881
0.841109544695979,0.812774604388596,0.821587206438385
0.684580789842223,0.691138588519939,0.669688021224193
0.689489468022826,0.694738607959629,0.711478487485107
0.80128895205918,0.823642593452725,0.889804711351695
1.24083082656708,1.20546726327293,1.5745823982787
1.29323637076019,1.24747560486306,1.5901878969842
0.844606358897872,0.861683902540389,0.886235696063565
1.45850160871649,1.39333691472997,1.63524418453218
1.4061214132554,1.33095629173196,1.66833926430616
1.9147298410752,1.86510295795511,2.23260011144065
1.95239636725289,1.86164573919588,2.22255092941206
1.95746560487706,1.845814062916,2.20459488335494
1.24956043216433,1.26915866951702,1.43402796156166
1.75448729597971,1.76667793470715,1.99582645596061
1.79058531262269,1.77763923938042,1.9669473349837
1.78957657932717,1.81527036731739,1.97730178653083
0.734051012261596,0.717606341893628,0.649583838915188
0.890601160453792,0.863089594280732,0.810993301375588
0.724190920695608,0.688164755789567,0.59137159457204
0.728384623845806,0.695750946996611,0.598493561488673
0.822189016197285,0.75309992029832,0.650117874320761
0.925895251477374,0.841749415414373,0.755941068107962
0.995404093130191,0.910491027280171,0.834214155063352
1.3270939385017,1.2597369216913,1.17326464946997
1.44746458755082,1.4042921979192,1.1806626509148
1.65220484071229,1.57980680183874,1.4753482201821
2.32289877902813,2.24063832792996,2.0484026171216
2.34069134990989,2.29941526689431,2.14958554895784
1.70853487611187,1.62965770472091,1.58917666209078
2.13717849787936,2.11523022629588,2.06999124395093
2.1962190766682,2.08988054717324,2.09775596600579
0.771705685724901,0.711509385346398,0.592289276341249
0.807316893501774,0.777791089952967,0.692460833611052
0.829788040367496,0.747171761248731,0.627392711074384
0.950927861440917,0.855131388705113,0.772770515824155
0.836080582099111,0.754063705029145,0.616018984550905
0.835158151321202,0.7682333725952,0.620909467774412
0.922125347876382,0.856851335323612,0.742905392908923
1.41341402426433,1.36816158622626,1.30631440291482
1.42296618792035,1.34083068379373,1.29249355794949
1.40265667106774,1.40795170439155,1.31698935517861
0.895434699302563,0.777238052920272,0.652973299075164
0.995845580572372,0.860821408436376,0.795484114123856
0.906270759310332,0.777784826491823,0.620587132835628
0.896460814471107,0.782482219967197,0.603663495013916
0.986042756773806,0.816225684265765,0.671161319812538
1.04973726053954,0.864436523417901,0.751390286831424
1.02512038953896,0.838475241359725,0.716141045795117
1.05093917280457,0.86662940027133,0.771941605979127
1.14529206897382,0.916836542415116,0.822711451655312
1.24801682068013,1.02742207839652,0.970355296734947
1.00839072779598,0.855543185983155,0.716980513405801
1.42831254946452,1.34045502640054,1.26684794663075
1.46518449171773,1.35549531044103,1.27509906444896
1.46314908488767,1.3765229133694,1.27136938326594
1.0077425997986,0.832297162470476,0.648244834213732
0.992249181505626,0.841385676429604,0.62614225467177
1.08716425582225,0.876449151008359,0.716058234875674
1.14246688901056,0.920406055987834,0.797185690590802
1.14312447513649,0.902417772381467,0.72617290323188
1.12656904852799,0.910272900784201,0.720454414075351
1.25720848584763,1.0026603254448,0.847359789216303
1.32661434588126,1.06983105399246,0.909056154007563
1.28213119074961,1.05554072042995,0.915948063726544
1.35968132525652,1.07978744177619,0.956040650864683
1.74602323121293,1.59212025895155,1.51752234276001
1.8309167069079,1.55606051515376,1.47906997562671
1.18199879450698,0.894688960956792,0.720057227113818
1.26415410131235,0.957901272796888,0.779953530219737
1.17511598303669,0.872157547346362,0.717083246981437
1.15408397944786,0.884625951591892,0.741858206999489
1.24858640578677,0.886998522149172,0.754406393119335
1.33366056087072,0.945201927622209,0.805224512030531
1.3373959661742,0.948237362872697,0.855770090825371
1.41274537772582,1.08195275276863,0.994857221632104
1.30796577407648,0.999339067449295,0.895317170443737
1.44464302680359,1.05421285592975,1.04008123263632
1.70596268612729,1.57036083318803,1.56020156213083
1.99699149272083,1.4793063572035,1.60048288170282
1.17719489885781,0.816753455635668,0.699443438850515
1.11979328679776,0.794986526492895,0.694396029771429
1.209373186954,0.820655536141211,0.718474823841302
1.30475122856529,0.894963988605924,0.794792386168613
1.40675395009595,0.972170732433178,0.881654461822447
1.35717704145314,1.01066161787297,0.882438401681622
1.16644066898277,0.767317471583459,0.702781570561818
1.12046027974252,0.778284795736603,0.707957725298743
1.25488179732554,0.839773036575485,0.79156541261855
1.41443735054134,1.0790933289339,1.05573364291065
1.34665602367292,1.02532609876536,0.964142616572388
1.34931711283366,0.919410162399404,0.87030134710033
1.58234931334137,1.1927713225219,1.1728475241679
1.50085751490277,1.17870108186131,1.11835725110541
1.17079520291315,0.727007649492944,0.707566313314915
1.13156799777319,0.711030182623873,0.73722867106886
1.25286295919867,0.781493383268335,0.747349128658107
1.3117158324595,0.857137920468865,0.794946924584051
1.29764061413653,0.804909463719885,0.789279979684612
1.3112634205709,0.80423324814848,0.820993725090563
1.45861965840004,0.971158565125779,0.889103273663823
1.4872628808222,1.05574383434261,1.3182724304422
1.52505562657974,1.04683753355169,1.2883079065943
1.58666108027645,1.16043661667169,1.48141939642223
1.66434538371793,1.31753134744578,2.02370986789262
1.59439954014495,1.5233947931274,2.07101269406499
1.80320332603896,1.59654506155729,1.57863545452856
1.91310695990739,1.69761457446456,1.78957635842567
1.94616669684947,1.97883873248055,1.73287966407343
2.0106360973315,2.25133366349348,1.93993975366473
2.08131994856044,2.75432150409247,2.35958249115198
2.26844779827569,2.48876894501867,2.23472897661558
2.09569273021086,2.65735957915435,2.25916741518729
2.34570254485544,2.99155618605797,2.59102755857544
2.35077123584631,2.97012588240479,2.58323523102959
2.37609447502927,3.00059312947909,2.61483838262369
1.24389559409578,0.789723878429225,0.786122562711402
1.27854711268921,0.874806599909935,0.918188214305024
1.21957241731202,0.793893215210389,0.737133008422343
1.27260001271001,0.86471715358325,0.774160956153686
1.18185638753574,0.790983611863895,0.72641285178687
1.23850878758827,0.828496211850068,0.780313193945317
1.24392885984774,0.875304440395137,0.776134398578488
1.26832076058042,0.886924964424155,0.771729912219259
1.30091466128136,0.945030567059786,0.839373712790424
1.73814502497521,1.42848160791024,1.33181203555887
1.65232248486395,1.43021509065965,1.36091831057532
1.67770550103052,1.4134432392469,1.36744110980823
1.40067997363989,1.00499948609939,0.905047017739901
1.79520989119251,1.48088648076037,1.39433211298325
1.81425785345881,1.47192374471347,1.40238215922353
1.75355755017699,1.4743135783511,1.42035234198286
1.05961299733698,0.718794401960874,0.670555968799327
1.05412888914212,0.735900910156742,0.701209485340362
1.00256770538515,0.688364543826455,0.63918538433728
1.0625596559808,0.733439650777913,0.680701623057132
0.897254290498734,0.653040476055635,0.609058436367293
0.90259934562528,0.709612292274543,0.643640442659119
0.935496302296959,0.714649089034147,0.661227927222228
1.39204829037475,1.26065047049734,1.26434960358557
1.4178883985704,1.2862353154205,1.22096051453521
1.42471224046894,1.27871363926037,1.24597495699673
0.828921931131858,0.575627875080427,0.574517833849826
0.791426149076252,0.601550120894152,0.597389365276212
0.86614538111806,0.537826308108666,0.585799819743056
0.950495007759421,0.588632145152086,0.635763223633177
0.824856166834947,0.492850858607171,0.588665329554746
0.771556973614506,0.500507242489243,0.593898880946341
0.869520035871828,0.513161431244288,0.65090784943137
0.970104425185514,0.584299333247779,0.747997088786166
0.91360090026848,0.58497890496441,0.739459269149639
0.828099759503899,0.492709121255724,0.605409299686617
1.46593053551991,1.28924536792262,1.41504393578571
2.29309102623256,2.17395497131968,2.28497821749157
1.51013802589036,1.32701670140271,1.4123733186156
2.35282299058071,2.20912570702704,2.26611168745634
0.917522754105139,0.655644245110559,0.666572731881427
1.01719250675252,0.786846571162977,0.755407068225569
1.46096660318506,1.31681308247841,1.2147022257177
2.30202837402358,2.2021983788787,2.05283493716358
1.47458361765375,1.35393374973456,1.25275784323642
2.29779053732572,2.24065721214292,2.10645677561679
0.881979149980888,0.50003361923239,0.600727409330442
0.90282498098323,0.515373468150436,0.642644581238642
0.965539003275119,0.556262128947652,0.632217525198236
1.01593317730943,0.620203291614398,0.69405566686412
1.03273585860175,0.587855725519597,0.644618500383013
1.11270653547554,0.614675747812552,0.740922678930509
1.18124953599355,0.727502351902613,0.766349021177816
1.3272470655475,0.909287477438434,0.985347583430322
1.17599273935831,0.832703248080281,0.872706933260885
1.29258534668556,0.871598064028706,0.92982709828694
1.60854957668198,1.22101228545644,1.27927346732779
1.53571571319122,1.21308194953601,1.33829719292816
1.65474263175571,1.31714156108536,1.32470767048224
2.00506581282374,1.74437433762504,1.75805727858998
2.03140828414172,1.61289057293065,1.62564660071053
1.89778730676854,1.68040284751876,1.65958291089773
2.2620924119511,2.06381056598509,2.12725667184964
2.17004186185692,1.92542910177916,1.8601090536043
2.00324965709031,2.10560173051192,2.04496430887446
2.33174918435743,2.46570163241129,2.38836067476684
2.29238390533023,2.49059250113112,2.45304496447594
2.31225042064533,2.46552720395663,2.39734749349834
0.943065844471747,0.554908952782719,0.552636858907751
0.912683255010044,0.597794574469862,0.562485296687644
0.976437794663445,0.542591184234205,0.606105335349304
1.06766228249741,0.582613504320035,0.710122200074829
0.969657973853721,0.55356784150767,0.643705519754279
1.05864349133847,0.598175120785598,0.75632227388415
1.01622359711151,0.638078162400161,0.702896912437008
1.00972602117567,0.692260607894988,0.806458949646172
1.08395620155351,0.733113310175587,0.919429354217206
1.17128248162152,0.774167105323496,1.04829503924941
1.60788366433195,1.36102563917882,1.55648700133606
1.46719123575,1.35900004805364,1.63687053021977
0.903574238528699,0.510664530408709,0.623859547844184
0.928148016890001,0.546198460960165,0.685077908668513
0.872766183103038,0.48842841832037,0.607819709137952
0.926571937973145,0.524310880138993,0.644881151860568
0.813009393439349,0.458456618392627,0.585766210962281
0.90318712214298,0.493647677735977,0.61366483946432
0.909366186334108,0.535761226051681,0.663536922522125
1.40113517659418,1.19312258477684,1.23849319088205
1.39892624477776,1.17451898435063,1.24873119157319
1.38955328997811,1.1853446391874,1.26127732464376
0.656386484588361,0.431197099305981,0.55637511418985
0.671437017733048,0.526527057979863,0.654337548280966
0.648077207479972,0.426865949089211,0.537353831227566
0.791309235236563,0.521776595202976,0.614611983491277
0.572196126358898,0.425913589059591,0.52784382122311
0.562212963801176,0.477101505682025,0.566921825214721
0.754139021554363,0.483923946273975,0.590670112967544
0.890058955022707,0.510901167265045,0.61586753895321
0.84242560055549,0.564951402473263,0.665805501563706
1.06013784327274,0.560886295706169,0.681075874250352
1.69770070349054,1.19807003449505,1.29309305522379
1.5829429124967,1.295620000825,1.34741829043251
0.493143818166908,0.405795215286653,0.506900409773148
0.526879660168355,0.47185302467531,0.578630444766801
0.505908228783727,0.407127479377042,0.481912778267248
0.608504123460065,0.467228619059508,0.524754102587881
0.467513751659904,0.420917899998046,0.472176330578115
0.473029592604233,0.452836830704027,0.499735874583049
0.529285084514179,0.493154977886926,0.523044210544284
0.616583558731897,0.55926138969748,0.577911020782639
0.582351641295934,0.592135788201907,0.598922521997682
0.595070616711872,0.507640940439123,0.565140083949047
0.727872828950436,0.55440954018584,0.651554461524091
0.809354165884109,0.614724664051201,0.713639180160452
0.866907707112255,0.640370488549364,0.757790157824733
1.01984260568349,0.745440915244875,0.879574595652691
0.896843659275919,0.699469927649892,0.794349825085719
1.10135440192799,0.860744308642816,0.968553360729395
1.16132349663734,1.00938121529245,1.07195807501686
0.680540843272692,0.598968542021692,0.642125978733814
0.730855592818625,0.675547813118318,0.695599657865564
0.831872009371842,0.698840348400302,0.756786123461114
0.974763795350011,0.840235995571785,0.882764254096838
0.469656234291443,0.421982121970965,0.461996339266579
0.551938680748505,0.504073875978639,0.536129900863144
0.47688398574176,0.416045039201574,0.454145508254131
0.52297998606357,0.458388458350079,0.499949282661603
0.509387089481337,0.419930002306208,0.457589152556216
0.556653513661159,0.475574314305714,0.506055933385802
0.618722321323252,0.496788646664637,0.545313323217119
1.23600461226189,1.15868656234113,1.18219161066422
1.20791435847419,1.17841666278863,1.1943342550964
1.23916868675975,1.17121773317569,1.19635356253854
0.489646869468322,0.419982481935078,0.432437119647509
0.552873207375076,0.500127161748449,0.502408098291787
0.489239280879425,0.433229637791259,0.413037959471901
0.53529987285165,0.478650713207982,0.458865277427109
0.489367507493371,0.465156478106457,0.397798972662059
0.495581708512706,0.47999984100503,0.411584474351188
0.555972259473193,0.583662282731265,0.475364078891214
0.641396029089445,0.671974992651017,0.556829679777463
0.671524221619529,0.689970694043721,0.566509228124768
0.71297704157589,0.722980954326029,0.618396551828932
1.39379971973406,1.36292807353438,1.26976026762778
1.01552966438857,1.09204914038234,1.02861587633574
1.62684797107655,1.6863499154406,1.63449442112262
1.59640748079163,1.65180449708428,1.60801870371116
1.58968475412512,1.64614327754679,1.62868710530773
1.30211780628573,1.20047228909382,1.16030552035211
1.84541502596511,1.78417127019619,1.74267160288122
1.85852572317924,1.74947424394788,1.7387970445193
1.8609472160606,1.74324956461024,1.71868632129018
0.518422030557142,0.462050612695121,0.394515163721415
0.598446262518489,0.53229952656244,0.469159043538672
0.519584734297582,0.45083183369013,0.386007108365332
0.534117465962884,0.485090416718608,0.421411403049256
0.540287460092486,0.448619778946379,0.389025499539491
0.581487580640087,0.489317626659671,0.428664751641654
0.571137943842455,0.459279930581621,0.4348327123662
0.859621910668753,0.543731427453309,0.515367604444447
0.892486509753331,0.568762500489319,0.565449667920701
0.846248687162072,0.566437033063115,0.593782942461505
1.56618779242617,1.2831322582542,1.43123945960196
1.48553952049198,1.11812018653295,1.18773855581507
2.03655767062295,1.70433853297445,1.76881569423153
2.03396011744884,1.71502535127388,1.81068373449983
2.03771252207473,1.72060366416697,1.79651702087667
1.48424827533679,1.1375854424401,1.28222463954973
2.04740819885502,1.7036789839224,1.88891952890628
2.00145627830263,1.7256736664798,1.89948798134624
2.04037678190593,1.75292613704515,1.83910354797746
0.572079185069628,0.481901119438528,0.387661910056584
0.623919441106524,0.536701157194885,0.438486052380289
0.630757890584168,0.556672266137408,0.433739867926577
0.679018251160437,0.624350357075399,0.506969037501543
0.726853466138019,0.651493820092878,0.482847974939662
0.873352091697625,0.70283498188671,0.529451391469711
1.12525056662106,0.779685960981197,0.581909194294172
1.76787976593475,1.04482831095993,0.611156577384996
1.93187594087495,1.42598767098292,0.811396601216207
2.42277355300197,1.95390654025406,1.38299520028463
2.47800377746124,1.95353205802839,1.35837130481051
2.40198122704125,1.9303819379883,1.34890972132288
1.09016217743567,1.15365509969583,0.699024573069083
1.55211480792752,1.72539892358754,1.24230242957838
1.63165542314531,1.68565521871133,1.31334615111539
1.58721005767877,1.65915424470941,1.29713333313725
0.976497298401838,0.72355825871574,0.588552669172934
1.38825086133811,0.987326805779281,0.8554720056695
1.09309979907103,0.69414673879532,0.575164236538925
0.977047606756726,0.752031347379951,0.60902049060508
1.65939947078668,0.823277488044143,0.734567238905088
2.23150467551061,1.03348801683351,1.13879583344057
2.29292204902664,1.03008155269507,1.00316133397848
1.31368764331114,0.869030138234374,0.886783226357001
1.6296175361562,1.1677390147751,1.53276999210467
1.34686097922598,1.03473582274522,1.3413718014407
1.58989694695739,1.20871297084192,1.81459964684549
1.71154039232565,1.32189886545007,1.79597576846106
2.37165629339821,1.45054921172398,2.21534675976967
2.21313572892401,1.78558818831917,2.83476505256695
2.64912872229014,2.1732393103557,3.29808819502893
2.61628054900161,2.17003412872077,3.29027890689715
2.72607620540799,2.21859876114154,3.3119799310494
2.049484633204,1.38079419546094,1.48700650636602
2.50469329377873,1.43198229108752,1.7346236725019
2.46357808147498,1.581534667682,1.79662961131758
2.56940467938364,1.69048795549506,2.27898332839284
3.17550179517475,1.79576377093329,2.02239606094645
3.74674876786889,1.9157583118998,2.31115391834017
3.63273780901822,2.14118264421744,2.77865626802999
3.86104074261503,2.41195317994959,3.20445274322042
3.95396072829253,2.48189407646419,3.18927390938559
3.95375844430958,2.53111428645654,3.16778193668675
3.28427067637015,1.80784068879351,1.79576262473899
2.90105375536883,1.85064948048434,1.68444711914315
4.22559283833364,2.00712260548085,2.18274643201339
5.07858349962179,2.29469704023568,2.93974505482116
5.2598742750129,2.50117963623537,3.22206704858676
5.02949387516075,2.30546932596648,3.07815017766365
4.78921030203085,2.18704129026802,2.18760709506055
4.84027827086722,2.15597376773761,2.20145183346855
5.90972445447668,2.54448611574541,2.89351442587494
6.19040343642306,2.82319343609647,2.96328552647883
6.48730350795846,2.76310292546725,3.2125087503945
6.0718269761945,2.60592972444274,3.47465770449455
6.69589218509226,2.97092461859106,3.99752684319338
6.41208847308689,2.75258410668493,3.96842896038347
4.53259637379302,2.40800392666021,1.94980654875944
4.33267222428604,2.64741847874562,2.21359488830465
4.82522051712105,2.61828927198599,1.81468257350875
5.24233032792585,2.65211690011481,1.91371117296115
4.80996136658938,3.05497619823903,1.93881951406511
4.2725511062041,3.25859249504839,2.09421152252421
5.26426054241392,3.56012260606469,2.18492055869536
5.78378876159932,3.90634706681228,2.2704374656754
5.45045269347274,3.96980567831053,2.51043212420693
5.23484445805644,3.66486311809368,2.26282689786154
5.16991970315461,3.85906358400952,2.70298584858799
5.80807789146844,3.96827463339287,2.43619140076482
5.09141189676037,3.88647421041838,2.1769947934197
4.88528095049277,4.04678791606947,2.22068763570256
5.29647563794696,4.21695043779205,2.43291552871936
5.56737285257165,4.21051984008199,2.3694735194257
5.90194329093557,4.37619929471978,2.51805496082815
5.9455711215931,4.68862699498061,2.50265899350039
5.96876414702192,4.99249645504998,2.57760983626496
5.6360736223706,4.91801797130606,2.47879195402206
6.52927955753705,5.51847579187855,2.82502609124094
6.66297979919829,5.24473473602021,2.72596874182826
6.87638051889759,5.37128582841206,2.80565672577326
7.12798147944222,5.70932113324664,2.87415865042003
5.33552574567907,3.09575267908213,2.0617486735498
5.98958938417211,3.49198853070019,2.34299648253553
5.19240596054307,2.99884229090907,2.10448904961258
4.80329594025205,3.09233825109573,2.20733488607589
5.71967108103136,3.08924688586852,2.25562178174352
6.26106701475684,3.37578215550546,2.45082242800805
5.83389494781371,3.4851081497697,2.39815327073
5.68694107090231,3.71685305200258,2.66933895565421
6.28758566197698,3.82076111351065,2.72369416363156
5.95953163165076,3.87251686766229,2.57598032825246
6.11324681803128,4.02359052558964,2.79843419168096
5.94619893851903,4.14332936891014,2.98087021489917
6.33909718160288,4.41969832783205,2.94479044973964
6.44742277094497,4.65415997346317,3.25731498497775
6.55976358217138,4.62087476534528,3.25621409718765
6.77031276862596,5.07089889066372,3.48162470138605
6.99207289672426,5.3323218674885,3.8265829481109
6.99222294021834,5.28634312849081,3.82587774976145
7.06954808265807,5.69492438852336,3.93201717696565
7.25132697899071,5.94871638283439,4.21447700345327
7.22718987406917,5.95984531206591,4.20168197431237
7.23890381398015,5.98197116758692,4.21187988451823
5.63131116259407,2.80155029027102,2.2595627228194
5.13054398081936,2.76044083889468,2.22885387688156
6.18710595121483,2.94647261409042,2.47484971265175
6.61961157956233,3.2703352711333,2.65304258524212
6.29125814071371,2.9613364630719,2.61088059605143
6.16233368973658,3.01977845476682,2.67292310596987
6.90039793625718,3.53122719391181,2.96044704142297
7.17035671266309,3.87305563081396,3.25833865113417
7.15100112707959,3.80919808166681,3.2323660145328
7.08999632100729,3.85748084779905,3.24308875242059
6.09974667435136,2.76041841663174,2.63582214634832
6.65754880282709,2.88937391703026,3.00729887160438
5.44573050505393,2.68961258399216,2.66266727081161
5.18996143541799,2.80381333406477,2.81961277931617
5.3093645632523,2.72566259778654,2.91513541537036
5.30004056971431,2.91311516241842,3.21002184980498
5.5602282272302,2.95472423488489,3.21021069763449
4.93255763950614,2.45225026975381,2.69075645799494
5.00573798310238,2.60640235314055,2.85436828833172
4.64504453078157,2.20340826544151,2.52754938880413
4.77076519563565,2.29284869238591,2.63621953602299
4.29773510910952,1.99168824155846,2.40697492804615
4.41053951236739,2.03876712092241,2.48990023960641
4.20140609971508,2.03249090040239,2.39308546433919
4.34473050935212,2.4010767236769,2.75383778459465
3.97633653359641,2.32761807297253,2.57093297745555
4.48788470853048,2.18601451473343,2.46379728323814
4.65368473119216,2.72163674589261,2.87826329521789
4.69697544005468,2.64987448509415,2.88797814037824
4.95392147197618,2.226886649936,2.48151001039051
5.16839265998588,2.20812101965109,2.51642847772449
5.40292795340124,2.53885492757496,2.85211094440593
5.3432647866533,2.56007572177076,2.83133536050633
5.40852572052811,2.58236000847889,2.85809610717458
3.9805583473384,1.83103822447091,2.37443920720896
3.96849648498097,1.90882849904092,2.44224869224117
3.825545389395,1.71879117132872,2.35689239567608
3.93975296392429,1.77103817110177,2.38704893076933
3.58614686501309,1.63669635000929,2.36811416649019
3.69766362424409,1.73535806857528,2.49949505554248
3.71258922670686,1.69981848356661,2.47200251427219
3.76070901489618,1.70608281051112,2.49457695878789
3.7083784741387,1.73441484155966,2.56461300487474
4.14891439004315,1.91482531262055,2.83481265206793
4.42111770100645,2.09800306472073,3.09235888671117
4.43720830978653,2.13444033719374,3.08773265642954
4.34468730971521,2.2110103279683,3.12191589775027
4.62598476234321,2.70816587348851,3.4713459056661
4.63109325988326,2.61965067491058,3.49718834629642
3.19627704715833,1.50539291228774,2.20031862516964
3.09355020719702,1.44059044342414,2.05024350233575
3.04457986105927,1.52741588801379,2.26131707879176
3.19270266370022,1.62268929212178,2.40690162766707
2.78562367327599,1.4821905945953,2.1520763640588
2.85492987357786,1.52195585252924,2.1181859771264
2.854974834612,1.62965994388332,2.33723263403841
3.05102781947097,1.75818739064193,2.43767016704607
3.20184635449748,1.78982468757593,2.6469844522117
2.82697606502163,1.73373665161181,2.78039090817977
3.07301090938813,1.96528255946427,3.06441034877255
2.82701100492868,1.84097410397147,3.29008442757469
3.21042515832965,1.93658186929325,3.16168539338524
3.38700868791147,2.13671039982807,3.40637434746445
3.46854551526608,2.01354378135407,3.4981061679221
3.65584987197878,2.30617031089935,3.62993304465296
3.82244299321958,2.44760966998237,3.79206497697034
4.22972573174479,2.67406250188159,4.3208331071178
4.49495812266327,2.81363265311073,4.6968430981544
4.30947980053751,2.64975353686879,4.51683325629751
5.06784911852868,3.19608107254718,5.37780770196547
4.87450266802968,3.12157863323328,5.04416628729755
4.9736277948224,3.18952401866182,5.13474246560469
5.39258335051581,3.45226125300482,5.66238939488685
2.49012711136733,1.33742331429552,1.9770466020053
2.375523737144,1.27655167930118,1.84031194398223
2.45798745418979,1.32780136958162,2.01440393149275
2.59654087842008,1.41318162289391,2.14912263695144
2.32392781339125,1.24492491108941,1.90518158771766
2.21123649394237,1.2326327386865,1.8657612429639
2.4662874927259,1.34833726404386,2.07363106109151
2.64093556980157,1.41125078891615,2.2960500362673
2.40317775235238,1.52310617291367,2.33707451187269
2.79408688679644,1.81808007456114,2.6597552253513
3.13874901645038,2.24065171550143,3.15750695008713
2.86819017913543,2.20019194755509,3.07416408748905
3.31385778918839,2.01023098445362,2.95564471258947
3.43992122696475,2.21700389722804,3.19904576543176
3.7821718129141,2.26385987308447,3.14074560706965
3.7003361038225,2.60591405682342,3.47416010744936
3.72632069092724,2.99489099497192,3.77029226942801
4.34217757171666,3.09396338898091,4.0017953783341
4.81184441282274,3.23217407590561,4.15824921310628
4.75730246359662,3.01978301809938,3.96958909719238
5.41201463934273,3.79372905563626,4.71595181465645
4.82506860273135,3.86205522799307,4.75686962493915
4.79034527533535,4.13406521511142,4.96947829383062
5.37581120829831,4.30418860132661,5.23873271703387
2.29856213450157,1.16934130522278,1.74993981406142
2.08655917370236,1.10161280638121,1.61962734197089
2.61651986356285,1.23496236029205,1.80445256015134
2.89211809652552,1.33387929045122,1.94482402095561
2.65818069673531,1.23479744795307,1.71587052074498
2.82008957837124,1.222187099532,1.68020363148036
3.16603004060053,1.39909099238114,1.89194233159281
3.15928209148928,1.47136603263742,1.99714998517102
3.40158228053907,1.48337623030968,1.87901773136251
3.6936914602454,1.53964841023745,2.09136073884367
4.00888542940907,1.99912548291231,2.45889376301397
4.17775684904314,1.92224118349561,2.43459373551895
2.15564310353594,1.17721742407496,1.56929023120363
2.17922182232062,1.14166766093078,1.45390972756894
1.92409747208095,1.22079817592035,1.61789966107234
2.17381244014483,1.29432444874879,1.74673486374733
1.64075115714643,1.21691347324876,1.54054126412138
1.58522606793007,1.26838799301779,1.52295793697266
1.96714479484793,1.37528202255281,1.71400847047548
2.31043815317143,1.58521208890786,1.90504494189237
2.35290096370126,1.60433757727572,2.00908172510899
2.20001319786136,1.62194396053645,2.06272250947822
2.60750785852182,2.07600451801389,2.64725929730381
2.6493153687899,2.10987664312665,2.33399341549707
3.04611946441437,2.49038033294169,2.70410693906449
2.99506170230771,2.55730163551074,2.73507390946982
3.00260960529594,2.58000962584797,2.69545425948471
2.57220025390767,2.10154611084348,2.55652286502577
2.98049871652715,2.51601471422054,2.87921743049383
2.91116190954966,2.56022260793875,2.96673765659134
2.95674744051816,2.53753915112724,2.98893946262137
1.43744018512471,1.08039836526953,1.39123763995736
1.36185791894475,1.05904002963334,1.28970028566243
1.40265991938633,1.03200156913769,1.40971705421749
1.49580167269297,1.0947211460441,1.52601483111673
1.29733905339037,0.940943064342688,1.30670588755241
1.32640309625015,0.980466212388074,1.30456602672356
1.39189273746899,1.02619340930683,1.42470047776847
1.71631502782935,1.41573243078974,1.75084634057462
1.56840753117959,1.44239028516169,1.49198709509667
1.36255018284446,1.18552060638521,1.59696993293786
1.56509732416175,1.85034999460813,1.94932749144176
1.84363722114142,1.86154103327898,2.04075072480796
2.25592590571315,2.34129106716405,2.42744244511293
2.29507943161284,2.39197403479024,2.47027554407495
2.2586325295558,2.34037318154044,2.43286729900734
1.50481763322701,1.48481870746371,1.72863489645276
1.89064528676992,1.99786641398247,2.12115038790317
1.92548507586011,1.980692820691,2.08216523209668
1.9294372370417,1.95963743509852,2.10605349379917
1.16614332094906,0.829158003646728,1.1607800322101
1.09164192796622,0.796998835784174,1.06182010458096
1.20121312487991,0.840611588085256,1.1938370683351
1.31020374585338,0.911759417470474,1.30798286829181
1.1603346340104,0.819275400025098,1.11618436227777
1.13445956320833,0.814718601869335,1.08159642657441
1.31768747592575,0.930534282749805,1.25049075252941
1.6472536646981,1.37472340438012,1.43250904153039
1.66279042039568,1.29145275365488,1.39406323464886
1.75390183624852,1.39938596467895,1.4713010123554
2.25097879960052,1.77207305280203,1.67238773370217
2.25438031627163,2.19105818163028,1.8209859130926
2.12751602725414,1.76214734837135,1.6761994520183
2.7417283371819,2.31157889038134,2.09560092501484
2.5964753220707,2.42523874690029,2.1844413857457
2.81730704383549,2.73443977324159,2.601067116534
3.11931936349093,2.9788795263482,2.48207818798678
1.1230562355383,0.80173614537707,1.0250411678707
1.09711780266283,0.795223299338321,0.963282073372721
1.20371416062808,0.860244841578363,1.08136578964891
1.29659882711937,0.92804752824802,1.18765195827749
1.24329027410387,0.895970752410017,1.05104592739225
1.28726029145354,0.930484257905557,1.04806678626025
1.44723185810807,1.04839097969885,1.22932489469631
1.69345132651599,1.3248091168737,1.48607663690301
1.70094843874379,1.7095395093778,1.39088257840283
2.12448054705619,2.21064685995238,1.79069674217163
2.07581438548032,2.23733942246514,1.83515785942581
2.09713973917213,2.20111704814826,1.83465459044502
1.75121726802032,1.671244842413,1.53276530103018
2.16708111016403,2.17411751704001,1.98261379506207
2.1602349395351,2.17482407044957,1.97449627537451
2.13508697104055,2.19726973227396,1.90886864655944
1.13633917833596,0.834665792211899,0.949973042579914
1.12844738610511,0.871642439850703,0.897326992773069
1.12430915277221,0.809735012367073,0.988777884370278
1.1937016228935,0.84022697983496,1.0783012290378
1.10107245027629,0.820218993023021,0.970757701918759
1.15864149758644,0.886453712741325,1.00555832435811
1.26057236589738,0.933472200982925,1.15367554340538
1.32337411690738,1.02809078939649,1.32661004387445
1.51679755835116,1.05178445354704,1.26444919023995
1.455480485322,1.06314722516614,1.38588107448874
1.69641691781246,1.26764953250501,1.77391752887669
1.80566092076118,1.29717259340375,1.73739527589371
1.99598600568732,1.48713238005261,2.13744857045252
2.07726705235839,1.47264159645111,2.10789476579598
0.966178653784461,0.757299026144797,0.8424584088643
0.953259335767725,0.792091533858523,0.812625271580564
0.937192060208409,0.727515570452842,0.837001257460629
0.995727289981458,0.754345769876299,0.915495701881082
0.902075476499307,0.754332034220255,0.808186474684862
0.97615334372217,0.86920948763761,0.865987364243513
0.983894696146689,0.837114015768156,0.898879670341009
0.820888660703839,0.693435343855106,0.71382343864226
0.794843419223005,0.70946118972072,0.699812966390315
0.855020153338535,0.696209271172579,0.717194142717871
0.929968338899167,0.744134107425552,0.780881739649411
0.860588731539225,0.710483921275108,0.710807249866794
0.891632179732984,0.768217786798919,0.752492826584419
1.01665482957405,0.824402753174627,0.823987457125928
1.33100664538631,1.26004190359099,1.3284193617032
1.44667401041922,1.30889038683145,1.05494706024555
1.63772686118473,1.54002430706846,1.61779300659877
2.24473555248488,2.0907660621134,2.20492527948415
2.18905162545206,2.16199585183767,2.25319313003797
2.13282001259695,2.11564280895828,2.11580461805675
2.39737974721463,2.47223101478738,2.42637759942693
2.53032587014394,2.42562659152191,2.42654582852958
2.92662066915808,2.92972339775176,2.94247006613167
3.25818778070447,3.23080341711336,3.29141360751098
3.29814462347418,3.33681282664491,3.34201224305421
3.63096393220633,3.62467198694007,3.56291891518965
3.9811085785541,3.98786214949632,3.88816681473591
3.95354412068525,3.97570698459525,3.88891538195472
4.0002446152819,3.94547517719771,3.90212807147159
0.792225832085599,0.658390120613106,0.650143184957889
0.790431481253034,0.691106822706661,0.667574356266431
0.806201312229169,0.641998322837174,0.642827212707838
0.866442430706223,0.676796431608334,0.687733855287836
0.797933872294644,0.64066578844795,0.638422488625578
0.847569884837083,0.701755032254282,0.696160480017262
0.9434125130516,0.734144907289968,0.729991007160727
1.18230501422363,1.0150732703052,0.882462531456719
1.23721480240987,0.968599559769445,0.96537083489049
1.72176083511639,1.50822633378324,1.48533971492995
1.72070666173342,1.51315122069213,1.50219546284291
1.73286626795075,1.49238958580796,1.47483250161896
1.33944227588109,1.03510738190678,0.950042214146229
1.74571094596031,1.55916532312418,1.41491972071774
1.8781992703694,1.50423022281219,1.42146089073548
1.8550342850557,1.6500608831131,1.46810279268991
2.31350509538235,2.16629112785759,1.99741270372349
2.31561078220039,2.16893618298775,2.00075006132974
2.34549225822436,2.16120829448727,1.96683448606796
0.702298109319108,0.586437902597205,0.580828895796897
0.700098318289659,0.619724454456993,0.599466494181567
0.680888733736113,0.569732354980651,0.570725090580966
0.742644176349339,0.610607245583355,0.62038031641102
0.637384335916754,0.548777033724622,0.546057917114059
0.625608769995712,0.574231611280222,0.555337321004238
0.69297318234028,0.560691656446756,0.573556666707073
0.802845665442083,0.619915179368663,0.663691548640228
0.739217105707298,0.598179689065438,0.631562863829908
0.752805718554431,0.560383622594897,0.574201936489222
1.4852770633213,0.641000371901233,1.04539770875385
2.30025595343967,0.757066476640383,1.58758130672479
1.60126845111818,0.715758503655448,1.13335099917369
2.41535911243413,0.876045125903865,1.70459370361577
1.17484086079406,0.709811836953738,0.797067705462619
1.40769550297526,0.82407918939191,0.945492840494869
1.40979149290249,0.64393611317087,0.972575880979081
2.19896941972415,0.772475368407642,1.52550422206931
1.56495126057383,0.705498198741664,1.02908248121135
2.38812017183193,0.85178695255585,1.56433800574725
0.632589262763252,0.553631654828668,0.54842150144277
0.652738613961501,0.600705550822754,0.5812639367203
0.658410137513166,0.565188761893886,0.567288506577039
0.706709091603676,0.607137637698032,0.610801505393414
0.671982409433147,0.578895701769878,0.590702194268571
0.696241558039031,0.606981799115279,0.62476485846593
0.742663764026718,0.628642222486799,0.651233970984104
0.781372108600081,0.69504559098436,0.678083905789839
0.822593754118576,0.710053868592903,0.72782567323119
0.862267870371495,0.772444412982466,0.754081312789628
0.798494565915926,0.698702564816977,0.724187826728714
1.34103096978673,1.28571851651647,1.3086865457023
1.31137111398306,1.27107111475749,1.28157491020424
1.30648473524526,1.24114961656649,1.25702436294141
0.660203393750658,0.576556327889499,0.583194853125572
0.684896711063811,0.607324446954146,0.625173263977895
0.680592253486763,0.593137354705696,0.585279055737583
0.71505801872003,0.621024451092917,0.610488211672236
0.709476621847379,0.635019279294131,0.616672335628807
0.765082876448445,0.688279343271698,0.673128353268918
0.818910410441057,0.733475662271662,0.699851207934245
1.16383140170177,1.09319647215841,1.04630846662434
1.27550433084131,1.26533342339245,1.15407333906563
1.39126546680938,1.2952207908079,1.14874910956086
2.09635405625445,2.06322681107598,1.83704303504478
1.93629702056257,1.83651056272006,1.68165259633914
1.64940311702844,1.55045078041399,1.52852086041471
2.15924786632077,2.09827738895687,2.11144304518817
2.19840781086725,2.11009164924494,2.14924589392315
0.658829304081929,0.605944639754768,0.594010151826521
0.693333249092824,0.650554979030719,0.655882043894895
0.628733354027963,0.577790892987105,0.558108022529529
0.655487417503496,0.602401039372615,0.565764384292832
0.613764259085006,0.568684808240439,0.567565755718853
0.65587693286428,0.628268957434744,0.617414765859841
0.664149082796292,0.623990545588842,0.601668836965255
0.730405464920107,0.701758903689358,0.621454467943913
0.692559257702269,0.648490796300468,0.666856016062797
0.78643369684793,0.795394455096907,0.687871572572301
1.39554347303934,1.57895533103479,0.817610513059769
1.44305170165733,1.48594196056523,0.706805527280667
0.969479906969709,0.997471502901679,0.7936218118577
1.3750066895594,1.52693203857055,0.750443194737927
1.50702073724164,1.64600770201198,1.50108828162295
1.42395232911924,1.6774441112487,1.90472031378996
2.15074617294341,2.30353655986965,1.70131697933486
0.594191206603521,0.533726810739662,0.575369418492002
0.637055793599532,0.564456566783832,0.635905380910784
0.595494465802542,0.526289768300692,0.575452661522829
0.622376324441861,0.559149815273294,0.587304006908349
0.626812794415567,0.541570987942691,0.625714281542947
0.682139119379708,0.58645798385372,0.685907247066662
0.687913708173897,0.595861578955847,0.673811033713446
0.631281343787274,0.532833478951983,0.639072363618107
0.67742676635653,0.558818218211522,0.699616855650107
0.644142897921249,0.553104528813349,0.640078263148131
0.666277560115109,0.584789080573769,0.643207764676933
0.695465824447886,0.584211148970936,0.694604458347096
0.748262165579181,0.622672404715299,0.757177195645008
0.782114772110782,0.656235303222246,0.757852957936326
0.886824889450477,0.702330302120564,0.814160446310383
0.925361249813378,0.722975675526719,0.890047704557565
0.897059789801438,0.72815600754382,0.954803086588619
1.36063237211359,1.19319496450984,1.25480995805761
1.40178094725842,1.21101543086208,1.32257158304035
1.44730668889041,1.28737844822517,1.13317087496555
2.06428416717285,1.92716044001098,1.57529216742028
1.99767003728148,1.83920735769911,1.29770591211252
1.83548153549278,1.53773538065552,1.49389637815932
2.04290567900188,1.68648804001399,1.78748956533972
2.5770097883736,2.25774780363621,1.87529259204379
3.23112919444246,3.00661734661252,2.20083275370818
3.25860628685452,3.09478454817618,2.18324266170093
3.88355285536016,3.6304580344276,2.65463981829982
3.13119307896906,2.66667649259631,2.32967600057317
3.22205028522327,2.68588093964333,2.48556928338236
3.72046296015612,3.24305583253264,2.67526667871243
0.692821230859309,0.58908753775759,0.704275557512044
0.770915602344965,0.655462833128633,0.779949480445623
0.668521409657365,0.584056391480066,0.682927552486171
0.675829882562504,0.603580311024081,0.677341637121095
0.707815192909651,0.616403243335552,0.728817524027714
0.779774209210942,0.681855299016182,0.791705427735921
0.783224823367087,0.684941493848739,0.774003829806489
1.31292264669198,1.32832287020289,1.23571105162151
1.33984756124234,1.19385619692107,1.28576508821776
1.30490402688297,1.24776744051659,1.28886060017511
0.70331495289753,0.600860955336962,0.757412896564612
0.785160434029636,0.667172335266697,0.834965550767598
0.676824729535462,0.570049899639354,0.756683943817489
0.66410056000868,0.5737705530208,0.750363155832583
0.742596076135947,0.595550961887538,0.848914071695872
0.810976090559639,0.650086623061395,0.929227039001835
0.764213796716459,0.621384891816171,0.908668106660004
0.939002503347093,0.867584830406274,1.46775051210804
0.925573587791773,0.875483837326369,1.37966472860732
0.760765236540721,0.576500768944443,0.816085004676323
0.992554148776598,0.909454266178754,1.58323791980058
1.03803716241539,0.907544357745531,1.6004552908395
1.53544400047923,1.46924632439554,2.14503765373
1.56180728859127,1.46172579144457,2.15297606178152
1.55002717416984,1.47991130507634,2.16666614417745
0.924525696003423,0.858578504369203,1.35824424270018
1.47464229138301,1.44194085190872,1.9391216011892
1.45943650032663,1.40676573889303,1.91609692580077
1.447108951637,1.46767827999334,1.92662471556029
0.810829726000218,0.627073283009146,0.9003010307731
0.958491925430409,0.734890336834312,1.05086725724864
0.791037964606809,0.600434871887022,0.863941327154107
0.760054818594424,0.596607926120586,0.822902107323144
0.905202484020737,0.654924484865282,0.977718196806508
1.02973119526291,0.737729122073835,1.0936530180633
0.992366592308727,0.729073383813899,1.02664278094302
1.44593990168102,1.27344211651244,1.46027216310614
1.47505380632768,1.2937107241048,1.49425775719724
1.46932819261559,1.30259667613757,1.4858783179774
0.923635023639242,0.675469809414895,1.02805507076575
1.08006861622165,0.850383471262672,1.20177724524852
0.909133044830805,0.667252983570486,1.00784035691716
0.959134946678851,0.749760866340756,1.03203942555265
0.998693924401306,0.719262522978275,1.11839525801254
1.09882222692402,0.829158107516036,1.23410002607368
1.13459440934294,0.816817616565412,1.27900852511302
1.30876902272298,1.11051583057898,1.40434361444813
1.46473680925237,1.24539001704754,1.62384618329025
1.6654609689525,1.32031296390746,1.72581673909572
2.19572490150853,1.96719079336542,2.23805682967893
2.16741528051582,1.91502927393015,2.14040345893828
1.81506175939718,1.42320123149257,1.9282563920437
2.27498582260099,1.93673317608675,2.36246774399678
2.23661995099611,1.94789520608815,2.38970800678868
0.97018466715432,0.686917521149637,1.07385876378893
1.18136911124436,0.884072730373196,1.25195194079524
0.89737481861226,0.593153995134553,0.996991173642124
0.960365149328552,0.637268218757611,1.02099720980282
0.9276819737956,0.6143628228961,1.02754501891451
0.988016540589912,0.693964754706266,1.08842466109433
1.02928850720729,0.669818502836867,1.09205058919003
1.53342456811573,0.799093034385036,1.67942444908312
1.41787023537216,0.856083341579399,1.20832124885897
1.89448938277762,1.37871802610143,1.75506669409198
1.98196531213081,1.39109632205683,1.7058868397066
1.88993988522677,1.40760778064091,1.7583854721122
1.31211667160424,0.765925877779814,1.63929753947805
1.80834847629499,1.3078187051609,2.14119659741377
1.82023578896244,1.33451997405184,2.14052122130213
1.80604840372536,1.34440992073751,2.12766823138837
0.943761873867331,0.569912225836891,1.0632175813584
1.1408771314604,0.618217929859633,1.25637273399507
0.849806607294528,0.547480959203341,0.984626836184014
0.854458428006741,0.597843264436351,0.975535758887048
0.851393978647729,0.524306925478585,1.01388543047284
0.883135571207778,0.548647720906392,1.10149954630119
0.847152901419592,0.532689067597771,1.10594590065992
1.33760389271611,1.18203471554518,1.52788497698967
1.33747437717039,1.15876143289535,1.56520807961973
1.36351295311234,1.18223303190295,1.54904050577969
0.895142888447192,0.566270856072818,0.971998300228334
1.03189916859116,0.668425103634871,1.10284558759305
0.869887939560029,0.568551347169231,0.971376225110187
0.886710382208477,0.584726900565621,1.10893612943634
0.89659659062693,0.609192540369545,0.942464965510734
1.03227775116086,0.675009658090253,1.1022946943762
1.00551178867079,0.680027097964723,1.12644690599706
1.60955032628009,0.703379041539692,1.76525503974674
1.38303661001486,0.76636403033728,1.66148996405155
1.16592583854676,0.794400599541662,1.09930178263593
1.70780139194655,1.29523985851168,1.60359880533399
1.88202098763493,1.27855007044114,1.71609347110912
1.07072199838759,0.903680718026271,1.0993907822421
1.58312040190811,1.47881050462125,1.73296897399237
1.75913896299063,1.50120117695921,1.78544608811073
1.38411850703253,1.0449179802621,1.2363120319981
2.0547074014066,1.53386311197679,1.94523900112879
2.04520029009039,1.42143053098312,1.87730879639686
1.35496013580129,1.20001655605656,1.08189407760687
1.70677688095126,1.61926741224763,1.45043201613822
1.68166309766769,1.62805409326484,1.48129922937798
1.74837994015363,1.62942249710131,1.53463685939557
0.79348346496679,0.611122216597449,0.82112637881311
0.761231659837275,0.627804291054659,0.818031927321456
0.858799233174783,0.672141506331156,0.943072357882915
0.967272199759257,0.733215317680809,1.05884298539445
0.881766177613476,0.728471543788368,1.07590113014256
0.936582870597865,0.791168651580392,1.17819610898177
1.06443671044319,0.863902084926973,1.36151247786777
1.26007127439399,0.973231506531146,1.49724599438025
1.30890704955352,1.06703972627296,1.66695958046981
1.41258176777444,1.08100804339754,1.79549714839106
1.77092579071472,1.37811914729981,2.14276427033361
1.78553176439496,1.40700167310383,2.23538517939818
1.9796583112793,1.47146936862875,2.36692166003492
2.34256399248938,1.93980069318801,2.73296626744073
2.35949325274326,1.89179036090342,2.71208773259221
2.64597447554977,1.85121674691476,2.99600894278514
2.94969599377873,2.13726628722124,3.23935101061802
3.00205216440567,2.32289514911787,3.42126011873606
3.32890948924177,2.32281895028238,3.60657923551513
3.72537754275657,2.66722897239581,3.9489162774649
3.65455112466928,2.67412239148369,3.97535460328925
3.67500070611901,2.7066525848212,3.90544721028313
0.823823752414389,0.709341912577761,1.02652684372197
0.935586307403463,0.829134180557762,1.19385177423863
0.80122374826645,0.680308076417473,0.956394105272359
0.86350754640331,0.719541386760706,0.976857322388984
0.847884068598052,0.728450385294639,1.04586187809338
0.927339025498681,0.823894922129323,1.18562648744001
1.036215195591,0.896407025879588,1.2915177276133
1.361970041044,1.27655481827383,1.39654203857076
1.52758535261367,1.24916512806855,1.49425041062688
1.73838237724801,1.39995092632115,1.58634514416688
2.41162675053941,2.03145934734801,2.08622133036516
2.45581961185471,2.04199298000721,2.04808045073068
0.752137623157082,0.654702728085315,0.915359573332773
0.869323338855162,0.768624801805102,1.02114907644958
0.654766047502793,0.583059223376218,0.796194099869276
0.731422985717602,0.647517153011667,0.863333817880549
0.56846814685202,0.515793022455364,0.68622900320857
0.581537589970147,0.517427127584195,0.675453646975653
0.576515093184701,0.52284640386553,0.675443932894633
0.636185802688374,0.564457963883044,0.714157248443878
0.626930017165696,0.598587736941702,0.781391108215381
1.24049482702036,1.21738871743021,1.2850181274347
1.22899850698988,1.21890615907671,1.33077993950002
1.21208747813894,1.19979356598989,1.34411937047508
0.611261319566778,0.514092934729293,0.636796134206635
1.20272910221079,1.1580958265413,1.25308267228477
1.23291283992812,1.14722035235736,1.18475802779442
1.21590473961861,1.18046771978476,1.21658987431207
0.555362033096186,0.518159369877394,0.684868610594602
0.676470553101163,0.635880377819471,0.846762024645536
0.509378420083599,0.465960188157599,0.575573698274195
0.533751364654527,0.480706551423353,0.579072110544187
0.503086188393927,0.476820244170106,0.539496428367201
0.559366357759514,0.545141242537162,0.589624858026843
0.558946274890663,0.537459892856467,0.603850932303806
0.659927040889945,0.563907800760976,0.678594847006782
0.592715971054129,0.648292820360651,0.636399100907738
0.755921451242056,0.706006351664874,0.801225271527464
1.33225059453502,1.50816206390292,1.57086586019449
1.37726036618888,1.27552701271898,1.439171911729
1.11002619032332,1.20072135159264,1.10543758880581
1.79085624028093,1.79531942425403,1.6648683530707
1.82950836186876,1.96615554011809,1.81421095045081
1.25327036673709,1.31208290522252,1.37706422234378
1.84771330199572,1.89924139134974,1.99201531449676
1.57648380981543,1.53420347388136,1.81712072663908
1.5413201778113,1.67533844712718,1.55622518107058
1.92809836111217,2.10565494265337,1.96501892493881
1.94954786753327,2.07879548037867,1.96624412164353
1.94284678238874,2.09429989389154,1.94863019510684
0.471657314592542,0.437786019321516,0.479993958730928
0.568916723181069,0.502469501285836,0.543476078252018
0.424911336220545,0.415227376694539,0.453488989700177
0.463964727019558,0.469617555975113,0.506774587762682
0.416101058024467,0.402054584411544,0.44561331667485
0.446720164676673,0.416422803154237,0.475011706899735
0.466899189913046,0.441760647217885,0.51508279541887
0.521814989556339,0.50414277775252,0.561392273381412
0.557187604956859,0.526590056585015,0.580529497727498
1.18550093490136,1.17052558860121,1.21711228365851
1.22029185255296,1.18166747392513,1.18269554561059
1.18750623844724,1.19070985968215,1.2093916356249
0.554296409890271,0.503133889443965,0.624116505890034
1.20481639664818,1.18091017994134,1.20505606215026
1.18791759487864,1.17209973253201,1.23686231644065
1.18880741176307,1.14028775282868,1.25486691738978
0.399427880491527,0.417148441679863,0.404390939082238
0.457973315868804,0.487656956626107,0.451950817434964
0.399865023137364,0.421055014293126,0.389504254171465
0.448411202609436,0.456209208537704,0.436196095548018
0.402843042082027,0.435270742529842,0.368734803435959
0.420483329661365,0.462901309598996,0.386493398694376
0.461374376318038,0.492354950742727,0.412303683379575
0.520368237700648,0.557692080827733,0.475642135888949
0.537807927543346,0.543935378906483,0.487766173354256
0.51845911567652,0.547355803788869,0.449961995161401
0.579248561160213,0.590314119807985,0.509129221340532
0.571425201671611,0.602614679477996,0.494496974937878
1.21059164015615,1.20655909104033,1.16625677262475
1.2051601046174,1.20408805641338,1.16189692756248
1.18959623528874,1.23413810587556,1.16307294447102
0.624399365353559,0.648783182924908,0.552557455683163
1.2190310315545,1.26484512656364,1.17274788812815
1.22378616626382,1.22681053861879,1.21086859926141
1.25066541022133,1.23958919168414,1.19714296195771
0.417337869023094,0.433884038242503,0.369111553482357
0.490249308866933,0.478889587934459,0.432522523347522
0.434535205263781,0.459181488996329,0.377335741221792
0.482081798716922,0.52163872170617,0.424079750957339
0.445116309309472,0.461783856726191,0.380724936935673
0.480852610374355,0.469383422066852,0.401578159171824
0.478261862701687,0.500898370290639,0.430395521620208
0.527624840336253,0.563611110655634,0.508147507729778
0.599092357377829,0.593444020572364,0.528948042949539
1.2338047338152,1.22955035831353,1.19020376860986
1.23748919664849,1.20387231755737,1.18982051645979
1.19984722523246,1.21409289666083,1.16704565675839
0.570746072134118,0.555906864763938,0.531141518470449
1.21553113806282,1.16993612320498,1.21967727004245
1.22007793741192,1.20823704807004,1.1748014438626
1.18903804821224,1.20312930131407,1.16964997993286
0.464254517111355,0.502162806069731,0.397594510258568
0.502529773221574,0.565348353768171,0.445639692449664
0.524744353464883,0.539253647144641,0.450367825508928
0.580907187976189,0.572589950593094,0.504210463692096
0.570503282248492,0.597928227992137,0.488974962520247
0.643017275029905,0.658282092486004,0.549934962243001
0.636317072582501,0.624140826885154,0.512870399438246
0.677754798630189,0.65217656386186,0.530883082384323
0.747663524166157,0.755046633312595,0.616593465289447
1.29236090422591,1.32693856573005,1.2255772770664
1.30765975064707,1.31613589276607,1.22768965057282
1.31716754840638,1.29016352003181,1.22728870257298
0.751531027737974,0.682783775849796,0.605544524714023
1.26791625213649,1.23950754472683,1.22687491501938
1.31341162207023,1.28330560213136,1.20795254201514
1.33862254759026,1.2589597549627,1.22045188028184
0.618258519740693,0.645642555440554,0.526978334006706
0.803871253239928,0.790723139110927,0.655033863156611
0.712114480920665,0.620303647629916,0.533271910511474
0.833685368965496,0.632030563446006,0.582540243182369
0.880741348147843,0.683158508514375,0.60977583118571
1.02992061916283,0.770711456681202,0.710604801803892
1.06324277274081,0.733346431016024,0.700222360953299
0.788671938855186,0.676929046124831,0.592475512479651
0.80623133464753,0.725107776272794,0.676639298329383
0.852879711825279,0.720384191908741,0.6667264036715
1.02382781900052,0.813567662954851,0.826192740864596
0.791166036910841,0.726265832733067,0.658899530856956
0.776712766696355,0.728740705464072,0.661487286329765
0.923057291291176,0.868338672290595,0.814524843580811
1.44716774244929,1.23664522260178,1.20603000802676
1.37383780298869,1.3134516580045,1.35079492545306
1.54916725028163,1.33456306424388,1.30639341746469
2.33149507278839,2.11155288836084,2.11247871948369
2.05508240498779,1.91597579597675,1.74355073698146
2.13803421264209,2.26871201739759,1.94031517564165
2.7219817986957,2.44152604676068,2.32707793706658
0.762299252808055,0.707915157063067,0.642291678221673
0.889228278705715,0.772951272656054,0.725629889380039
0.71457596801463,0.698658994562665,0.636280155470006
0.820960145208129,0.759146141800583,0.718104141883687
0.936065822447205,0.868814936187065,0.855658089753993
0.955818283029962,0.893007335341732,0.85582469040304
0.651617590360236,0.677454624476191,0.596932946336883
0.684609920877708,0.731953197538082,0.636632714827855
0.728006939082705,0.746238675717328,0.673894410178615
0.831383349564922,0.858179566077857,0.759238777958796
0.850626435445207,0.914884642446944,0.84617826960109
0.914594455489308,0.858348152478164,0.808838761615851
1.18060190228136,1.13363066301978,1.06316492258086
1.21087690988672,1.15491516369828,1.11113235066956
0.593738130404349,0.616008513673584,0.54187685856884
0.626353409569046,0.610769049791381,0.567068916461264
0.575468123060316,0.633271081735233,0.533173640598597
0.613870061251709,0.692358756361149,0.583364648993519
0.56362953012854,0.61478979190215,0.511745356954455
0.599137172133949,0.633149997748698,0.549313776533834
0.643554632258158,0.727101836692843,0.602781310551876
1.26415195529606,1.30193966937213,1.20511281447386
1.2020323869483,1.27344396466422,1.2092785758839
1.24663926768464,1.30095110255546,1.24105809884165
0.539119350646667,0.567848455702953,0.471341114688123
0.560938240918138,0.56853065173409,0.483822551982009
0.547212580664405,0.582734427867648,0.482016114672162
0.597965350730288,0.653518325553168,0.543756342651616
0.54573038527943,0.566544259552564,0.474046552998507
0.562011475893087,0.578811236246821,0.484322159734583
0.590197228370039,0.613176956002686,0.522303534788819
0.645383470440177,0.676242580910438,0.615955743613464
0.639823038331562,0.661498348456692,0.566631312144627
0.625241680197995,0.647597376008545,0.544402075269998
0.950449601481915,0.771943145138909,0.786337979255162
0.570998149425406,0.843782829326083,0.525113092544287
0.678488840370288,1.09380079568053,0.611802104704045
0.638118616868122,0.898524210597094,0.594796565352047
0.557275509358351,0.547120207494112,0.481752386599142
0.603696362652141,0.569918937334751,0.510941294869781
0.574352836638936,0.555262221232163,0.513879576623215
0.61651338380153,0.615315927087596,0.566017116875196
0.600550802885587,0.551888968660235,0.547366861445957
0.632273342190251,0.587130018785354,0.599328726551345
0.668803435539693,0.640603176898561,0.643685588643512
0.818102381261647,0.874182573777789,0.776664481941205
0.855446795582967,0.859194126820416,0.84681288732171
1.02306802063616,0.946867587424591,0.870425425745683
0.879466661095627,0.804627435580949,0.93034757643051
1.45356615489155,1.37775891435392,1.45896028549227
1.41204864481582,1.40384618977288,1.48071051529239
1.39658298349528,1.34165912799049,1.46980927030288
0.596673851422319,0.518145407351055,0.513235476797737
0.635654802498178,0.539582910112548,0.549993745487995
0.584270336736834,0.511866296160651,0.489185677300213
0.596288005089506,0.549584058389932,0.51178639983574
0.589666644808855,0.497956412591569,0.474555960086593
0.646759638158702,0.525646631331219,0.524641238240983
0.602124763494609,0.523219689074224,0.494566942703617
0.608862105206252,0.561205650053118,0.526094890730777
0.649302676699043,0.562142363086507,0.539046194745797
0.679658308212226,0.57702593962243,0.56117930608446
0.769377189020381,0.641316728522536,0.661456735846505
0.745497028406048,0.648348823568104,0.639912299115912
0.779117050106981,0.70268776528974,0.697875864984567
0.849285457130076,0.739717192503859,0.739901201201235
0.564884655233256,0.481532156722044,0.453963076491686
0.606771821178093,0.507440182705278,0.500890291117246
0.535886138698378,0.483542959965281,0.436765806799365
0.550461191092476,0.519559950999863,0.464214672177104
0.529478419118167,0.480283378006637,0.437315883813113
0.557311184713774,0.500500935191193,0.470867515796952
0.555019058103383,0.521003626556629,0.461833714900355
1.20717195315789,1.1537984819486,1.13724882986312
1.16814615979913,1.18565033713259,1.14826553292485
1.16430164353452,1.16345890292988,1.14246786757887
0.541239712182349,0.48289869973375,0.463343559793224
0.579679434665905,0.517780967961213,0.516332472324831
0.547464383363496,0.4917289504302,0.482195275330597
0.570924215672666,0.521893620760694,0.502177351238872
0.565089694480419,0.500715794508787,0.533024607950239
0.590306758201909,0.531628793791466,0.560707891708436
0.605079694303202,0.538579883812246,0.602202846740688
0.683804847631524,0.604636580635633,0.663888996616731
0.672409656711499,0.594514474948341,0.651530739471492
0.656442935828334,0.605150490982421,0.721873476064503
0.758545284062007,0.782427084473916,0.831262071745488
0.813390453573692,0.794017279287174,0.836636342897126
1.37522609535004,1.34580456618991,1.35669392186822
1.35720106281106,1.35239684590051,1.36282861957425
1.35326561287791,1.38280674006839,1.38145535844336
0.799151810720862,0.809223814644128,0.935165949639266
1.34727721029857,1.37519273658256,1.44069984032211
1.36481439221673,1.37398618328817,1.47390275093902
1.33521608704409,1.37669766061853,1.43605884542462
0.57877922040602,0.496385577338287,0.559148793601943
0.620263739326293,0.532955968830583,0.619142258554536
0.579637709975285,0.493392183144546,0.554919922190752
0.591036570262055,0.520124820618038,0.548756268374951
0.608249618146724,0.50644413385869,0.595722352888355
0.653109872289021,0.539505393879657,0.663415879156369
0.631690949462368,0.541673245023846,0.610721480531774
0.653969752822292,0.577683126623944,0.615373070575943
0.696060257266632,0.602630131228065,0.723739566178503
1.26916166090845,1.20167476693968,1.32863504668241
1.29135899400871,1.18727643058371,1.28345343457397
1.22430819214418,1.24468050149347,1.25016267216332
0.688677322092391,0.603342201266186,0.674860334115725
0.828089507622993,0.868134392714413,0.826064308033613
0.80555676927268,0.862453012576451,0.796755874484993
0.846639512816127,0.905349671983915,0.812394124450342
1.38126008547571,1.48121640969734,1.34878209791155
1.38526282629272,1.48284804467886,1.37521201024954
1.40073936311833,1.46259072738954,1.37044936941427
0.614047134543537,0.502218441612951,0.604848843642143
0.672176516271752,0.5472639865472,0.685130868342806
0.590162592047322,0.4892275319254,0.563047930523819
0.59466444699263,0.510010321807711,0.548155564944275
0.601320519332655,0.495472301299021,0.593156050521582
0.640387850208407,0.539002710259366,0.642119172105684
0.634562593707133,0.539399445127427,0.602315294561461
1.22437818284557,1.17806551238941,1.22201833149228
1.20992174030782,1.19193463929823,1.18020358774255
1.24428536581031,1.17582815923633,1.21579873917469
0.617054389881822,0.495797413114201,0.633276656199816
0.684057611085961,0.555636850019656,0.725866814493216
0.61546115665564,0.498374206044614,0.620301573301978
0.628570156234499,0.527091418236204,0.608165826048394
0.654261310669595,0.551099310372951,0.681229696216546
0.687359366988983,0.612581924928259,0.720006800344145
0.735697994769107,0.691545180377349,0.746089779797375
0.983916085676995,1.03419507117022,0.971309634783067
0.924916959011426,1.03851530517737,0.974164357251416
0.603006337495388,0.598967845733446,0.602884157665908
0.797584307281481,0.82491419633898,0.785909570133791
1.01783711764333,1.00073621483591,1.00412479376396
0.971337889530698,1.13052503921378,0.990327546866307
1.26996307724725,1.45592542688146,1.30873194560339
0.95619623993236,1.21552465853888,0.993270660287888
1.28203014476642,1.63858436103385,1.3527455550725
1.56416801586362,2.10858704304073,1.58721750470553
0.718766320306469,0.840055554351755,0.756972905547383
0.934962312490415,1.06083726616772,1.00106059061322
0.870252249107435,1.10583376487293,0.910152973404815
1.11918039061291,1.40455550940406,1.17537575919356
0.667362148745581,0.548024492204422,0.726510729519408
0.714157339044546,0.603631473658622,0.807064687420479
0.667307604025725,0.541467998917265,0.719449193643755
0.678580551917085,0.561924193996069,0.709143713911802
0.699933828782786,0.567307597407787,0.77395404284433
0.745576370702147,0.618639252921476,0.838089440397214
0.730084187291572,0.599391603029657,0.811806379115639
0.757110499783744,0.63439670832404,0.857528069615426
0.803255635947228,0.676593044464394,0.945140741761733
0.782217816934235,0.650892909578114,0.918773682610488
0.854147592683003,0.700883229544751,1.06211840167874
0.90559345334895,0.761100812146526,1.17282631964468
0.953366602997705,0.810906925247486,1.05821735117455
1.52936556494119,1.43652292988052,1.65414295361957
1.41724632024443,1.25357851227394,1.42542325965671
1.32456415219996,1.31646588658244,1.54474807983003
1.82058501078473,1.99131160680418,2.01582295146992
1.93507493818591,1.95539466444408,2.18793453136261
1.38301839563538,1.47786470301905,1.60291564916572
1.67642020695434,1.87430007515277,1.90669551788049
1.74423549735115,1.88316561565686,1.91772639959732
1.75591592525686,1.8441608882821,1.90732047881738
0.746099888149333,0.593414778333246,0.809690158956419
0.909776342266297,0.754378539840458,0.949112414255775
0.700587321967375,0.550526660283999,0.770688218939601
0.710171181292299,0.579832934771323,0.768111426207579
0.740153452286491,0.580036593575251,0.834450452803215
0.810890064820383,0.627714781929641,0.916352198964724
0.748504218069817,0.623035404101184,0.825191110711962
0.728722010945782,0.635361372768615,0.784422988278688
0.836174646906792,0.711275533443634,0.923541044865915
0.787168260635216,0.65874393776871,0.86370659520467
1.03200189312923,0.851225530077089,1.24500256964305
0.810254663714056,0.697479822744851,0.898032884022302
0.941513824193549,0.795635600188214,1.16784440926099
0.855601586358924,0.758652361996766,0.920050529588434
0.751683177927331,0.602394378736492,0.873332156101799
0.840629082470363,0.700994019684784,1.0229061537614
0.744154476838847,0.593950507223268,0.841931023813104
0.781322310115934,0.622395851815719,0.856066697320979
0.763786782114138,0.632978791015458,0.888101201507812
0.799770644582765,0.688520856982776,1.0812344188057
0.765328624527764,0.64011434825648,0.929670666501303
1.30215579532629,1.22486395386795,1.41643236165222
1.33571223084991,1.24503411135707,1.47958669820489
1.23019065932589,1.2093406525417,1.37132215469808
0.84308686730576,0.748918723169819,0.979763383273238
1.01590256331537,0.865739478292801,1.20719270476426
0.910138828396718,0.926916466268405,1.24309959538781
1.03379149539798,1.05003990379139,1.6871184416057
1.07240626586325,1.113520070545,1.76845567083516
1.13362635965075,1.10488756461177,1.82740951477545
1.02191529022674,1.12771815811217,1.43667997420995
1.15924322824222,1.24328148041387,1.61503830194661
1.25821112288908,1.45234980293209,1.91871390143633
1.53816460759058,1.82764465850182,2.03683100957513
1.60990764973741,1.79975486479875,2.30874191550599
1.26141303776789,1.31693202595605,2.18730964561462
1.55171383408875,1.61122688701173,2.48956309337876
1.59296969465488,1.55139580470485,2.73994102397514
0.978184279013173,1.10403648861934,1.2629139981226
1.2474226284438,1.65460211440793,1.83392404672154
1.05931326370693,0.944936765477408,1.29576061021095
1.28389974773012,1.19705954389429,1.77038491837275
1.19139847650229,1.04108349484056,1.47424633647946
1.40601016332179,1.20928859211675,1.72077019197011
1.29377873497597,1.17222475689068,1.76352510054699
1.12499649846763,0.97162420753807,1.30180811089954
1.31856104781644,1.27566888440902,1.68611930336604
1.04154323409608,0.823072432613578,1.381657557599
1.13518659243389,0.959819323247966,1.86481035223087
1.01606089022337,0.755102573639973,1.29201423960636
1.1187486924129,0.78008270218079,1.44431684472674
1.19055199943569,0.804372894668285,1.45733963797048
1.29517184621183,1.29187002407257,1.62323632299341
1.59963311773759,1.31684584529469,1.90504556942341
1.49287502475785,0.929970807215034,1.66265282678957
1.94898844200359,1.7483634319484,2.13053559570221
1.51957079132813,1.47750359439711,1.9049178230896
1.91433846545025,2.04095642427496,2.32205324798451
1.92392683257691,2.02651234113329,2.31686552693473
1.95213547709754,2.00451764008502,2.34340587080707
2.26370712333333,1.56898139331821,2.38139142414836
2.72137313411483,2.11497097347604,2.83884820870361
2.73292766045771,2.10777629262014,2.81845274109682
2.6918407891665,2.10525126646731,2.82189804843268
0.84780827461609,0.748862944419169,1.06756473321779
0.909874874278878,0.875378053858039,1.22465387436664
0.806784499019568,0.723389332532524,0.955847358131137
0.941619226057079,0.766077764124039,1.12704402336141
0.726794392399271,0.751460460954167,0.854584574679774
0.796784100915359,0.854781820225375,0.883575994375528
0.845829589444354,0.853570823056242,1.05018422564162
1.08077285310639,1.01871786030522,1.33717498993978
0.996456371057939,1.09742435515233,1.2994353323752
0.849713190235697,1.11544388435144,1.0351907559818
0.894571674599094,1.42846846217175,1.11454747402465
1.22285141449097,1.75577044489844,1.40850565080535
1.46866371554548,2.14583213232508,1.65464871353947
1.39105728638221,2.07483041030096,1.60315016718071
0.673955455783729,0.698506527587659,0.779568687625295
0.698370986168731,0.667088437200889,0.813580036174466
0.727902354235395,0.767118402254128,0.812086335695949
0.852108094039922,0.931783708887524,0.920496638076922
0.872975197568883,0.994630622803857,0.971698254426032
0.988610811907694,1.05740093535346,1.01551825453975
0.804705418186011,0.753035766516464,0.885226446259942
0.945964136589412,0.788243621851535,0.999854112312469
0.919933981637056,0.896822304331368,0.999748878210974
1.05633446558226,1.05764826667295,1.12754609009574
1.0831830118594,1.03173999234083,1.17701894737303
1.07107188916205,1.18067817636786,1.15313025673876
1.36994003862667,1.57586644219183,1.47275083953597
1.35770238350814,1.55975149562286,1.44771626413332
0.796584990712608,0.691448363674828,0.905350964426537
1.01828803282591,0.74136288175765,1.13284015949433
0.71891639736837,0.67883956655356,0.835051044786591
0.684428941619977,0.728232624028603,0.809720149796082
0.874979967810422,0.679748682062815,0.976206906254503
1.06404126272561,0.700531100977204,1.15265761562781
1.04620657286411,0.760595074461081,1.19052046807018
1.02895906895428,0.858255492180199,1.20869329764194
1.19692998288266,0.794531602033533,1.3117819157791
1.29901332487469,0.791207467726781,1.47522346856412
1.61996621576444,0.974526106849576,1.71232255895636
1.70526867209851,1.21652100192245,1.8048800766122
1.31548729775804,0.800913437632301,1.71782110480444
1.57067334683796,1.22028831421953,1.98343413717702
1.508982399928,1.04459996684902,1.9143219985785
1.61936059467524,0.672643744682596,2.11094427983857
2.0584142836313,0.716883689299918,2.46822571437311
1.67736529166191,0.637247232827327,2.37571667840075
1.87107654559258,0.743601190256935,2.56383030765791
1.95541436437936,0.859119512967909,2.51531277673481
2.1971997047495,0.797201840008157,2.96642279563958
2.03335905208388,0.67890448828711,2.85801382794338
2.39147954265718,0.706056321959806,3.12366865796791
2.12789182576191,0.714858770474002,3.11098741795944
0.859464870898666,0.646787971042462,0.904264086944505
1.0352007557417,0.75097311527698,1.03491009177935
0.774397781786594,0.576987016620602,0.821570410286113
0.742824023025679,0.597833279911472,0.807655749033207
0.872144360962513,0.570327216845744,0.892665347230211
0.960827469119571,0.644952686155893,1.00245053403159
1.19898131503824,0.692128864422577,1.1507961951844
1.6726300315499,0.770187377121323,1.20960521224724
1.70371135068601,0.732471730691013,1.25729919366108
1.23005116110151,0.876557851575453,1.39132074282851
1.59828175118161,1.16383720677585,1.85771677152602
1.71663279803889,1.19313953808349,1.5550490345043
1.94115013939612,1.46315526198312,1.79602196641421
2.14053533971139,1.36056273747711,1.73631613366497
0.731049983552788,0.506093553685631,0.729609459698031
0.707594001665428,0.541733377425335,0.690648165916656
0.751749891195827,0.541579876922953,0.755302939542609
0.878872271936532,0.642999564048502,0.903872879554407
0.672336495212846,0.524364734205957,0.660314197720683
0.692191614813137,0.513722000186571,0.662090013241095
0.837717072058588,0.594488140349916,0.828140071820844
1.24303246878423,0.683859592814354,1.21356180330997
1.36305733436381,0.655105207025656,1.27962457877236
0.693436714552263,0.608180477049576,0.698381759960374
1.61012120185062,0.712437822377457,1.54951703515345
2.27507911214668,0.810127481095643,2.25440677661446
2.15528758527371,0.80657303361613,1.99956874671276
3.08269810665993,0.955851034120692,2.89564173593634
1.88022236189762,0.807344732269852,1.70719864127373
2.43013980414505,0.9388909681853,2.18969004043351
1.34287906867843,0.655417230282615,1.37436655487506
2.12108023099032,0.722125967005481,2.16555521150839
1.67695721190946,0.751161747811853,1.65261035729758
2.35829793920369,0.866263023329825,2.37898930102138
0.564950166628969,0.542298246806138,0.556055563247679
0.682038843749339,0.702064448337318,0.680523854154504
0.461616527677822,0.488520461512424,0.445509488729886
0.485926131846689,0.523253386475938,0.478205478527986
0.43632944496731,0.503978816065147,0.407263961106637
0.48381800622541,0.543546842812669,0.448816400940578
0.47441925972372,0.560759753526536,0.45061687895265
0.540618500696161,0.659948966235053,0.507956327208997
0.487000314311884,0.53406391649821,0.479025502824056
0.540364978821748,0.53761109135102,0.566388604739789
0.594684005766125,0.656932098047283,0.59386441033934
1.205667804353,1.23929200419607,1.19394339052868
1.21613146211456,1.22967742968487,1.23550403474073
1.19847726424113,1.26761945345961,1.2209772311204
0.427404790960584,0.478436922266217,0.389416505854744
0.488466883366064,0.53285624752417,0.436326036534608
0.450109074949044,0.492297078827413,0.4101487026573
0.516852797378794,0.564962379179606,0.475162611884941
0.459255099089812,0.496625425411472,0.408847985476545
0.517560932517531,0.520168925299274,0.459619286784305
0.534159288019227,0.574306391729815,0.480218573678328
1.17800272707916,1.18732584571139,1.15547991721463
1.18998326988923,1.20792906321215,1.15734896584084
1.18792989749923,1.2231313929535,1.16350109802171
0.438817418814739,0.570633478582471,0.394870809402372
0.489296594000436,0.714473814848084,0.464276629279679
0.469094244971204,0.621497076164679,0.409624914765293
0.532004912424875,0.675161450840009,0.468730714582236
0.496504121098789,0.724985054894418,0.446670512501294
0.525071752617447,0.819127624075731,0.49219511419089
0.611454588876128,0.874419549347328,0.592292365169256
0.84715621113757,0.938921530658583,0.852759646985054
0.755843788894994,0.95436785406259,0.732831342010056
0.804115975669556,1.16768468278785,0.866182758239695
1.34739065424893,1.59596407134887,1.49156454148991
1.42035040261581,1.82424690503186,1.55665264526178
1.08933038774541,0.999099732269021,0.963257827550007
1.06594721918637,1.34938499051096,1.02540638188176
1.56724849947965,1.92340456472655,1.57809353934757
1.58304428183605,1.92391649224511,1.55575825271468
1.56817634563396,1.93137793357674,1.57882725200625
0.500915240452311,0.675452658133303,0.41779680414001
0.59828749005755,0.694941807253065,0.52256966224542
0.479359392713148,0.751154581366514,0.383846408377614
0.521657360618893,0.921110151459465,0.429874095304826
0.478336703810219,0.646517619362832,0.382034536243301
0.519248470522276,0.585934060380752,0.418554490014997
0.56033980775979,0.845016923366877,0.416902977567751
0.793519111540802,1.27430366860984,0.522221640679639
0.659605287871634,1.03567150725309,0.458760025850754
0.91817107617905,1.64281623826478,0.456748966552102
0.905566789042466,1.11007904044592,0.556972753320581
1.46012089300452,1.59055666406649,1.20142899045099
1.44476614883214,1.62684390697854,1.20610188471744
1.4599124521882,1.63672329244407,1.21395662712503
0.466017264815304,0.618504600530872,0.382354606175505
0.494841694484794,0.583681613041701,0.430288328344828
0.482617549013127,0.715832648583917,0.385117605934266
0.540053719837116,0.868067306507894,0.442029132962315
0.489334493583922,0.702125222975868,0.374248829690132
0.516463687169654,0.699127005898799,0.399429357141097
0.554941356043483,0.907639723904636,0.406450662638776
0.627420119336289,1.04157025199919,0.465366476272281
0.602061795857481,1.03264746602772,0.463084185156575
0.599318420876805,0.897243433738794,0.413813000734784
0.781109669035935,1.12190488065834,0.473472092887381
0.777617940608867,0.890680174402058,0.45810399399196
0.727774918877016,0.898781644528069,0.421623932495551
0.947025491511058,0.95531120337784,0.467495374921821
0.969303465608717,1.13792943307424,0.456677863254375
0.766444699757253,0.848711068092522,0.460644675527403
0.913306331017111,0.979177554955243,0.57005356706663
0.859426811409505,0.722041368715046,0.438059056733227
1.09784701423615,0.690805304766279,0.474682063530643
1.16664661457822,0.715822747462168,0.480225504957281
1.3179781114184,0.721519925536027,0.555261777422249
0.95035749254936,0.747125844786089,0.504157665565645
0.982247973271981,0.840268343791218,0.57723472267153
1.11736724212139,0.733499951351984,0.547428730421183
0.481523155216615,0.62080205450203,0.374942556024125
0.511198569687335,0.593019546377513,0.397773318369584
0.49366176124833,0.668372593973665,0.400803768847468
0.535465875304349,0.735589046441977,0.457153396204162
0.502821411101515,0.696301722654233,0.410619367388907
0.550142770536747,0.778082188592948,0.433527239991647
0.555767941435962,0.840642409990474,0.480655670376554
0.651345015639878,1.25867439548453,0.538686376536142
0.638973861262324,1.35067283030275,0.542301917094669
0.625037525672035,0.779099469537909,0.543970845336108
0.743002445186144,1.37449206653581,0.580957511066732
0.756810517909595,1.32230012701193,0.626618128133206
1.32878379132367,1.85708687582966,1.23316571088162
1.33062869572783,1.87052015524135,1.24713856052852
1.30709893744235,1.88566532527973,1.2210162758159
0.780975130935259,1.34796516588416,0.665417525979357
1.34336239600629,1.88266029333608,1.25432884264545
1.32076357470392,1.89925607885464,1.26988652380045
1.34733948452667,1.8828038270481,1.24877580466988
0.475497504732891,0.603562407635637,0.401369037194449
0.517358659382563,0.67990777708868,0.433709662548036
0.462965763886336,0.525565830410446,0.414314583647447
0.497046266319768,0.552771055124176,0.46190236557769
0.477707274767799,0.534822243301503,0.435153033882587
0.532327510906203,0.633208467936954,0.488908854894672
0.529932701265365,0.609503382092664,0.522486880326177
0.545836545644903,0.643846991416648,0.569848577646287
0.614916341406178,0.724281909654984,0.583261740883151
0.616415324793359,0.754489937007887,0.664783558764973
0.828307513487746,1.37407102698277,1.39227824825757
1.04579852547961,1.37781250555662,1.26166426755228
0.478360554785414,0.510265470670931,0.407129686304922
0.537224550407862,0.592550810563133,0.460423865322765
0.465098354420394,0.459896676418267,0.38441224666574
0.486101630167694,0.478110818611636,0.413227251908752
0.484478760428487,0.4523680339461,0.385946719563185
0.514947051178637,0.482491251528893,0.426735858375069
0.526786431947341,0.468344942754145,0.415244127242972
0.591192985210724,0.540956385017326,0.495271086287938
0.592288802740391,0.570175827674246,0.481905844137007
0.830570555556241,0.949996305545738,0.724160083198398
0.562563606671732,0.474528078385949,0.443202597955034
0.798883178961534,0.793418107484659,0.632000921749037
1.06082101071254,1.20399177494432,0.895317372000045
0.710646370737789,0.74265763420002,0.659294085451591
0.848302092238129,1.07211118659608,0.899119007806295
0.733724991520369,0.934588437579497,0.755981065286894
1.09082632343293,1.61399354190191,1.22347083812036
0.518952336306856,0.509245842652035,0.393736942903346
0.569042937588869,0.56486531012945,0.447915391307393
0.540307404347051,0.562175968501026,0.394250521961198
0.549147424172633,0.574973035600904,0.413332637766461
0.607365771051281,0.660003334600406,0.42509363084599
0.660045918632595,0.686938850209028,0.457577975451335
0.680108024392403,0.754571249667975,0.467373730108429
1.01865502794259,0.790454303257368,0.519118298261738
1.08455666522153,0.859006276558098,0.542997010412176
1.19175210761286,0.782920562363516,0.486967150674938
1.89698250399922,0.78977914005552,0.545857609348974
1.79546308911384,0.912588306115691,0.602746419374048
2.14632147626274,0.994848339162814,0.693436556486014
2.2515451901815,0.980004027796241,0.694906858683302
0.616224272071551,0.7055420338138,0.451725957423651
0.674195149109052,0.781946229693464,0.51520145491307
0.597484608525913,0.693846802875593,0.455809825228315
0.589792549028948,0.676692378129089,0.465177796607896
0.633161183567059,0.744794891646073,0.499095860371061
0.696392211042706,0.820675156996146,0.551149841723689
0.664013360802107,0.732882399882029,0.545513326020744
0.640432345357613,0.714326885469156,0.565810896905143
0.745032803055011,0.792370756663924,0.624593002049506
0.785639656717866,0.758572421050967,0.592750466980036
1.24430216066507,0.861844274058691,0.698487124283145
1.37337726596966,0.789209830000062,0.609682815380132
0.842457758883256,0.749392744196,0.681804451349206
1.40354794434248,0.796641045638558,0.718801949051302
1.26964455558841,0.813982105566641,0.800413392221657
0.811962882489603,0.786404049982874,0.760501525080818
0.893259303196428,0.865969935072112,0.832882321827682
0.81589019915337,0.828112968292629,0.858857700441756
0.850837071559851,0.875269635504745,0.962543106539021
0.849170869446539,0.884113510657416,0.960930915756285
0.950745907580643,0.977407886805899,1.1196997650658
0.923030318996463,0.953862635386103,0.974284531247735
0.982673914115097,1.01078642641414,1.00353829426617
1.01319911238879,1.0782104392084,1.09855007994594
0.624485320694489,0.753418464427051,0.503130307587996
0.694005454197924,0.849940399499303,0.568528956422741
0.5747266497132,0.681196282161279,0.481384703559743
0.567164583605248,0.643460783541523,0.484219997547757
0.578312573886555,0.686065666078592,0.498436101116673
0.630210401120062,0.754006505362156,0.559802943123179
0.584907171521148,0.651407349000973,0.536651184004978
1.18850776458524,1.23528237469334,1.20116093534721
1.22479742150956,1.19978685927884,1.16174196390697
1.18081268508234,1.23229655170989,1.14164102050417
0.590577173841326,0.706814384658782,0.497016054977196
0.645503567571371,0.778595629782455,0.55117964156513
0.583060532655371,0.679864321014559,0.484997899566378
0.58721032419526,0.669186079655887,0.492872016387394
0.616337839217122,0.713465671616716,0.518452440981226
0.63735503375744,0.725896750504683,0.557759536185486
0.647160150823314,0.703604109520935,0.570335368843505
0.752659850805012,0.757255842955144,0.833263985782219
0.775577954397147,0.790838962004639,0.941933036426005
0.694340227615493,0.668631863378969,0.859692862414386
0.833318540506567,0.748641379923237,1.25678802582977
0.856272727778207,0.741398766480647,1.22439290511471
0.815589675839212,0.760601090056671,0.935374336664758
1.33549579213098,1.23413581728425,1.5229332984247
1.57830614475917,1.48491600127154,1.59049037979852
1.32050596033691,1.33238610801294,1.15829187336804
2.10694272382602,2.08478917346081,1.83584823207371
1.89550056986409,1.9050371832215,1.75269849737696
1.29675996878139,1.27685151277748,1.14505812840636
1.61131492933882,1.60890025289831,1.54968470766924
1.64413725834396,1.62417075022979,1.56117696944398
1.65519409192217,1.58627470706876,1.45285951383864
0.664854808013986,0.791681805450035,0.542493995150535
0.709303509510207,0.8474711555837,0.593595440078601
0.690693101696386,0.823498823669852,0.554637433716989
0.693391954016069,0.807536128972834,0.560780931582345
0.751326610600535,0.886199077869438,0.608841954344189
0.797359329684356,0.909984942415789,0.658342364271406
0.810311389054395,0.952075693910328,0.677138209601556
1.38556905919464,1.38182644827311,1.26739237872968
1.27161038238162,1.38895271423959,1.24457380696541
1.32863555219845,1.49848076790979,1.25256096985047
0.762375903097561,0.905251982747704,0.610295515314838
0.82102349462629,0.946800064974632,0.673401849301949
0.736898602994875,0.900715747593225,0.589034116654026
0.731754593470029,0.899294800635778,0.591255683942169
0.761144129591252,0.924543305746908,0.617759237050915
0.827904550147731,0.96987851407397,0.678995434294631
0.777981785598246,0.960643410312783,0.665660698067687
0.812058841003638,1.11540346599473,0.890465843394627
0.877322621044281,1.20693558026981,0.910819980236549
0.860329372343008,1.17749260370752,0.990433656893113
0.956344287982065,1.41064439737519,1.38025794194587
1.03446504409852,1.47521613070059,1.48603570761536
1.08108870860891,1.34451279208,1.35131874219039
1.67600686149959,1.85608956727764,1.98576501626887
1.4006368669893,1.76296026520016,1.93594530422649
1.83829201064565,2.15559428816344,2.33160333885507
1.58634305136914,2.24158184766697,2.36858256804342
0.744328732667391,0.916395143213584,0.602717785456111
0.806394220879435,0.98079373407463,0.666201732351485
0.690783564698336,0.859857031949048,0.566205794889543
0.678528514485457,0.842284223906336,0.570138259183152
0.685268883696995,0.840375770429442,0.569167410051925
0.726864571020385,0.884731576190701,0.609751081031194
0.652662041192036,0.801219008818529,0.574270103084004
0.690782374034713,0.848994041791939,0.627942152295548
0.676293148299576,0.82395338167998,0.614299671474529
0.690141499027773,0.796418554445375,0.62981554713575
0.806004024446108,0.88307180351203,0.710691031881589
0.833000750452425,0.901367314924746,0.764730350789752
1.36436103530258,1.42355185449009,1.28266689428063
1.36305119884041,1.39328596044944,1.33919065418412
1.38336250149395,1.41204361548296,1.34346713013135
0.751517370922109,0.838890687831384,0.690841211907284
1.30371175009085,1.3689940619986,1.27381713749396
1.30824977968203,1.33231144833142,1.26545924763899
1.31636407102474,1.36718633395551,1.26537833515596
0.716604606427412,0.851292413272196,0.590189545932962
0.760347926840972,0.888612190489827,0.638324867576489
0.733031773096998,0.849893493375002,0.602203599430125
0.735916992145266,0.851015290607951,0.60395122887892
0.78542843968997,0.879288331344343,0.660852067189549
0.794742840502187,0.887330934938965,0.696761391068354
0.835407781649763,0.900003954863195,0.708173706705842
1.33494910912257,1.38400247563793,1.26482705293443
1.3425574693132,1.3862410736727,1.28371520939261
1.34823964935302,1.37245198648532,1.25737313956824
0.844727226251369,0.931239410715654,0.696965840261494
0.897449320527447,0.969743492755855,0.757882011057402
0.875418878772608,0.96988695689323,0.703464758081628
0.868253637145334,0.972908529722601,0.702080887599642
0.950950434619221,1.04327788322017,0.763826587409538
1.00680861642315,1.09253911835827,0.827519836463267
1.03281284362574,1.13130139173836,0.838450689335069
1.25912543649551,1.41386876030017,1.16437030308013
1.50105605078946,1.50796055899852,1.32146372441213
1.59444825073806,1.6026516910184,1.41563491122387
2.16410453273055,2.15584151273061,1.99786308558653
2.25970248407156,2.23288702784225,2.1048176124285
1.91773513037225,1.97810528068822,1.87323730197946
2.30248672579563,2.40026965557209,2.3593010093558
2.26338588347948,2.3766510022554,2.31538278224123
2.59475628346776,2.60693090523072,2.50468306355314
2.99499907015548,2.98285191139481,2.92901363260957
3.01598940421668,3.05053207618579,2.93822403290947
3.14946652587024,3.13043959772879,3.02662814735072
3.46315014703913,3.48666416246193,3.36920793599171
3.49559626888147,3.43735674622993,3.38969909540763
3.49172848030129,3.45647732566507,3.33914965907657
0.945452247204742,1.05000070446797,0.754861194944588
1.02571369127604,1.11721157871054,0.832946573527173
0.892952677345185,1.0188870117006,0.710854029980249
0.874957636056401,1.00573654405216,0.707131890276277
0.906865982148396,1.04328037239631,0.714563726447376
0.980066004426816,1.1096553039255,0.769489328662431
0.889744694923293,1.0416567275892,0.714497982119619
0.938577583547404,1.09119139967107,0.767062219325477
0.878912977406456,1.02784665159314,0.734618890649344
0.9445620479848,1.10475228291907,0.771277402381118
0.963282646501924,1.13044285737052,0.804532777550123
0.983300015918323,1.1350353295753,0.820925533528118
1.04364129079074,1.23448390577127,0.874377343296029
1.14486254997534,1.52937077048993,1.04168539613043
1.16636120680791,1.55544989814949,1.06768294878934
1.19588112193174,1.49140200366876,1.03913837416148
1.45232400409622,1.91943204594769,1.36064832218009
1.42123072536399,1.87360403455359,1.30448786248888
1.47008152303189,1.71130213052227,1.28237422589721
1.83030115130301,2.05652222790423,1.66470818671747
1.89122284804025,2.03739387667294,1.73289882444216
1.86526988291998,2.08162362100201,1.69556594695681
0.910081011881381,1.03695322031203,0.727861360277502
0.996472444667778,1.12333719058558,0.799973072416954
0.862725169683916,0.982104090158061,0.713445599730526
0.849437671389697,0.97277193948452,0.728563063542878
0.885581195155485,0.993454400436073,0.748661457533951
0.939207997203623,1.05290774096617,0.804408642108637
0.858296149848642,0.961781169648137,0.75338786795272
0.922718124173032,1.02019344203508,0.880744222968317
0.842454175781543,0.945279814552836,0.780586549349714
0.858047595489797,0.96201441991512,0.748791210069384
0.885498851341115,0.997424208837817,0.854139208588365
1.3471280786305,1.46010237602321,1.35791120298346
1.39254506876276,1.47831848757652,1.38159897525767
1.37542610907707,1.42370003915634,1.40012251297344
0.940651453445316,1.03837358708768,0.816074841304566
1.04666710433911,1.14028936588066,0.972185560730332
0.957283802156375,1.05057508350624,0.795935960167527
0.981041041142091,1.07396160772663,0.811464585047871
1.04445734748185,1.12022128420039,0.883408100372687
1.10638529267685,1.17673538129384,0.931886631938535
1.12526139217979,1.19967380665672,0.96787093599922
1.03797843608722,1.10491972869617,0.901842837869875
1.16151614688348,1.22496721722136,1.04194057951174
0.984772782131938,1.06175749910677,0.863525329270385
0.986923461622384,1.07834205152467,0.86794831844792
1.01908708705089,1.089198145523,0.919649671238127
1.1216759138633,1.18560368953224,1.03106864210561
1.09232311285595,1.17047676014641,1.03032328387032
1.54726262939903,1.55295697487607,1.38539895474382
1.63260085419531,1.78549899832726,1.65217674326699
1.96055133177068,2.13748214760758,1.99913334766888
1.22662797009727,1.43707803833187,1.24898347413892
1.74332880798004,1.93430359568526,1.75769117363179
1.74460385631774,1.95945298093372,1.72939695145995
1.70297086144285,1.90015243623172,1.78343705443327
1.00524047533744,1.05616653155428,0.867886872229472
1.09260905925879,1.12616825842892,0.917870941923338
1.02832419607757,1.07699340876383,0.904674183393042
1.10033219753498,1.15356449934948,1.01339303349251
1.05171866393764,1.09267165289069,0.90765631690494
1.13457625639476,1.15199540639523,0.967173418536176
1.13568076932866,1.16974230044177,1.01125790895034
0.965262040475686,1.04130002475779,0.825010163436202
0.950329138274764,1.03987685729149,0.834757268603631
0.98108119390004,1.07067803618826,0.832664915167175
1.05878909548206,1.1306607641167,0.905731688012691
0.95279430817079,1.08695811751726,0.824630739248605
0.962892909448073,1.09368702367602,0.826544490281213
1.02733985942827,1.16230086227017,0.906420978486749
1.61501487871542,1.51492833242161,1.46767429260268
1.65695184137495,1.59694184306529,1.523921482945
2.18808191831103,2.07850755134356,2.07479687845986
2.22169693836244,2.07379775527444,2.07566933514059
2.18909671589827,2.10396188616646,2.08413547229791
1.65462465844184,1.68407463900504,1.60613033584853
2.21330329487739,2.20651399571491,2.16334831756654
2.18440859574969,2.15349584911434,2.16160503254802
2.19980729272296,2.15521305038259,2.15284945312678
0.944385443051331,1.12145321251487,0.852066650423959
0.963688802774801,1.15928624377565,0.90191578921512
0.99317809033523,1.18006128134959,0.906718717157813
1.06364053910982,1.20917686831776,0.949437886830761
1.05447333159113,1.28685933229271,1.00822857143986
1.09162732152404,1.37402398164972,1.07876533570741
1.22961087998115,1.58267664168861,1.22401410455532
1.58180633690498,1.78298301471867,1.51246091182535
1.34793577541174,1.99467311720353,1.51225876962071
1.84167639080832,2.11612952567899,1.81071813843999
2.43665880388251,2.63492943949492,2.4200224155992
2.46290472455868,2.76190655846717,2.43297204253964
1.01280286337886,1.14830967911218,0.943240785265117
1.10110395046392,1.21195927593733,1.06975869479275
0.955886050609875,1.04639504532758,0.847493649666635
0.976604133440675,1.078480248573,0.855555042538829
0.949366036593685,0.981304035751596,0.839134558249113
1.01988997363506,1.05474829305201,0.940731299479146
1.04707764281375,1.05530581334605,0.930505972320614
1.02491529260368,1.0441311345111,0.922026137273392
1.14358794195554,1.08679470237963,1.0347651641834
1.2562476434585,1.2515345403341,1.14199178462567
1.86628257624772,1.42583977777129,1.74195830612506
1.51148302649839,1.39227624657994,1.4921975476331
1.50476566520194,1.52340024779969,1.43037747727728
1.59417950463166,1.98781416127626,1.75947200219538
2.03393077530909,1.96463409321926,2.02546404959978
1.96174342206241,1.94693518647862,1.95027099074793
1.99279495912707,2.36183455174388,2.21991540616997
2.80917719871456,2.51405659115233,2.71942467107016
3.27483164256533,2.78580713043184,3.21197680600445
2.98962693544869,2.72155690349941,3.073357216167
4.00103534047141,3.37710436435122,3.922657308535
3.48383521106908,3.34927586053573,3.44616441208163
3.38613880999678,3.65137644458879,3.54511691000465
4.18971753241834,3.85353561361604,4.07550673315611
0.842847480764148,0.847918110736468,0.742233580728918
0.900118010099856,0.872484711608637,0.823386399161964
0.785090315107576,0.834230641024877,0.689122031304671
0.85881414225297,0.959408902036552,0.759813076731407
0.714479897133025,0.739585758677832,0.639371405579774
0.72525684436309,0.72587334377737,0.645310901526195
0.740809937265767,0.793725360184782,0.678727062891129
0.799396398362425,0.859921841905496,0.755655117064102
0.75099021704777,0.791957530456786,0.706724163000857
1.28427645329136,1.28299243371864,1.30265000241719
1.276805220018,1.31802468352891,1.27008932321147
1.30356547048209,1.30266418594227,1.22920367422954
0.880933246006223,0.919628410084021,0.795410387911231
1.48964219391041,1.28876329208621,1.4060477707565
1.46852302017378,1.39377770746747,1.41731349566192
1.08652098618695,1.03051093334421,1.11286917347658
1.67678688358569,1.57242709788504,1.70226068572378
1.66135365829877,1.57339737333461,1.69938705577464
1.67195196275086,1.56943713191457,1.72028893268336
0.69820920490672,0.705736430735947,0.635412599043707
0.802935440580464,0.825870842311077,0.755339517866825
0.650272321105615,0.621446196161343,0.580268375904106
0.665205124409102,0.636601342648795,0.597229494017826
0.635283814517662,0.581752812806617,0.577294428087224
0.68131626365098,0.602400532435919,0.653235773423409
0.713247592026219,0.663388344254467,0.6996675607641
1.1081983183364,1.14426603742434,1.18843009855461
1.1794713229209,0.98351258286816,1.19274524022941
1.09970738138015,1.18508323170517,1.16412444213295
1.62780879461654,1.63331190995503,1.83728560958855
1.59419515202944,1.72532141691309,1.8089872289181
1.30077979530771,1.27629118979255,1.6073109564309
1.42434286788786,1.3272199382325,1.85552534872965
1.56422401655709,1.4326730877036,2.02075686622147
1.42240834365699,1.53340353364098,2.29118587238265
1.3071128282858,1.8656099409665,2.5177625606595
2.02783814539704,1.92239007792748,3.05966979221415
2.69150945375369,2.47574359470235,3.4035547125357
2.65136323243211,2.46678346512213,3.12156345779582
3.25249274985163,3.07840364889496,4.13043611655057
2.17693520731362,2.27862030114805,3.82485576747996
1.83086232202863,2.33528776841239,3.88747095555189
2.72483992369842,2.7459003073874,4.44632077949835
0.577868526112323,0.52778968545209,0.514736285867624
0.607155074247224,0.573746112583652,0.572019399954127
0.560201073883739,0.496242689749947,0.495570024349553
0.585001128015338,0.531564725069664,0.529528369159453
0.564608815761297,0.473746934149296,0.511548923214339
0.604586777207671,0.503880649625631,0.558782605938807
0.601630376088384,0.489306727403444,0.580586605916675
0.62326595625936,0.527288242727726,0.609269193744398
0.662148630104787,0.538976096883187,0.666305897620487
0.678252198335853,0.536029972562507,0.672370104083587
0.838121698783164,0.613114747953582,0.798506740510096
0.763225123315598,0.579952407907399,0.719184647137788
0.860011711904945,0.643982136024591,0.89449325795737
1.43118824076775,0.753316903340701,1.48169338157567
1.3427062827214,0.741288265156984,1.54520681077357
1.35568785358132,0.782175966075839,1.22240754505537
2.01001602974623,1.02354734462577,1.87671285524598
1.74013071459469,0.971800923046358,1.70300252004067
1.89382008235485,1.3326993102298,2.02155053209702
1.95728641721817,1.39785028650154,2.02829020240562
2.38531143932595,1.66483953323136,2.66565967530293
2.63789574459017,1.15853171444439,2.59672059050645
3.1252201606891,1.23777905302181,2.96748429554453
2.98958719145298,1.4156890863957,3.0873935186451
0.569511151317611,0.479269796546578,0.522553879614278
0.620516855333528,0.521981128058846,0.606730906349123
0.61269822975941,0.515695237647285,0.561253792305012
0.693366912892029,0.580054360076359,0.637334625937721
0.640725538356764,0.528655858939929,0.595540410558562
0.72838609117963,0.548014151553926,0.691466123383386
0.871362260487516,0.614486650514454,0.865424520319879
1.22818726796078,0.684262991850013,1.3236033778663
1.28648034144971,0.692738763681884,1.39277616433213
1.03831094378918,0.672774474140654,1.04097067259535
1.7567581233091,0.770620585947966,1.87090361007249
1.80379463338505,0.720982048259087,1.736939657468
1.24303238159652,0.762302378605052,1.16379100750504
1.23542676857082,0.866511318539656,1.20358420268879
1.78191526017737,1.39217234354326,1.72584221654344
1.77323458286413,1.40860656870261,1.76622754412675
1.81592699078773,1.37136679177179,1.72926491598741
0.520670042935882,0.52045213210348,0.466594372519283
0.596829392474271,0.572287531479714,0.567172795403783
0.516331990963392,0.561444651817435,0.436430062780852
0.630262820677221,0.635202953516337,0.528192427493282
0.52761862421582,0.586264070961332,0.521916971781016
0.619159523012235,0.626041925620518,0.706525373321699
0.684341537557439,0.646445223659033,0.796199602043631
0.958663947284707,0.849050228944894,1.26554828046374
1.05019185478037,1.30925114324776,1.39690030628987
1.26852564789392,1.59584049177137,1.71174218213217
0.665700862521545,1.24989063616383,0.65781956530089
1.18818713876112,1.72431219253737,1.27205665797796
1.27819856414253,1.76585447360743,1.24830757294091
1.2425386908458,1.91840182817161,1.28313184757959
0.461469733318995,0.589990948459665,0.419470670896348
0.511008527053967,0.696045314581174,0.434126285439864
0.476055765592336,0.561592847200039,0.447400668536146
0.571395863418297,0.601841098991829,0.55640574267531
0.460226468926696,0.534594145298225,0.4012813591826
0.473907270820524,0.558437540044862,0.393888646150855
0.569509213031879,0.599980953710989,0.524985818633986
1.09773011206582,0.660731865767237,1.20815137157071
1.1501123405996,0.671936936227974,1.28864271863671
1.71807219343629,1.22923172095641,1.89318040468374
1.73435152579752,1.28074764498256,1.88697307839816
1.70430299549999,1.25814028635968,1.86597713761012
0.979089707172955,0.729685751348997,1.24027070573419
1.57499123305913,1.311500694319,1.86963188690568
1.56328064946205,1.29062745917089,1.81929921775209
1.59717743552588,1.29701913161764,1.83458799880413
0.443047352398466,0.48233875586544,0.394944678166859
0.540476624940601,0.533424917562911,0.516217706754501
0.412086306810493,0.465392747296656,0.363112744974315
0.463575424452082,0.520938555305783,0.421687179029859
0.402295885613707,0.439471507591809,0.363620048346193
0.434333556647055,0.456504380376039,0.415236667684851
0.429911416650442,0.471525852793585,0.406953255563135
0.486735009815985,0.534542009148512,0.468077419995219
0.498824016041565,0.52362998475842,0.491340020853158
0.433227339353006,0.481088675652269,0.420985568600853
0.506215171075046,0.557615352893767,0.502192941822553
0.589551863541173,0.651026024875087,0.59092654229825
0.524652566565024,0.565996687598112,0.525785457946248
0.577950356667653,0.72394388449361,0.576805531247472
0.460517653747983,0.497502240573798,0.447945954832265
0.415440150824679,0.450021997675597,0.403035522395868
0.463722851315052,0.473169872518601,0.459058879648159
0.544604402185572,0.53507270361026,0.550737145481387
0.507122859212827,0.516438074433675,0.5087495952625
0.612827249925258,0.609583541780954,0.618235155515862
0.499748570242158,0.541317786221519,0.490306184460159
0.59581817606896,0.631490457343844,0.588912507773675
0.507619506340679,0.539646199397269,0.503372022973136
0.596631252948045,0.626773253880136,0.589515542148801
0.409939192561741,0.45021386367157,0.370094788491742
0.499519432016803,0.552807737875589,0.468071294679863
0.417022538761182,0.447816508802722,0.379414378369261
0.47591277324075,0.507396117316112,0.444245194638792
0.46082387155604,0.490939759161763,0.420759326965573
0.588015050441517,0.602710464828969,0.559629056610827
0.57764478839607,0.613671002976312,0.516729880150555
0.400735862388497,0.518859502452119,0.361579646996301
0.445401375192024,0.6466829764331,0.418159609451824
0.435268723207961,0.56987892943622,0.388971043447688
0.511759262873041,0.617798022636862,0.45532209541273
0.45228180661313,0.645682274450294,0.397746647504112
0.46737779055898,0.653580907903955,0.428314175438985
0.538683146830733,0.684822576731067,0.435702676264583
0.582201883715688,0.675186308707116,0.485676713110656
0.611562499698302,0.771418106979863,0.482618451338865
0.61717501948643,0.750156347492566,0.475446884609979
0.630905353083252,0.804445229950572,0.510115169203222
0.776539909627007,0.859608146266638,0.555098636268217
0.81348874322559,0.882536405787566,0.595212855517063
0.892849508074261,0.96902561852363,0.620931184471622
0.494775246579482,0.786297995872313,0.44906377171625
0.617391426404321,0.903267768560146,0.622863172179738
0.52173505771678,0.859004399304096,0.498495113754573
0.57470475838598,0.859521793315358,0.613204327297697
0.579981545274166,0.993369404172249,0.558333011314196
0.668840849840059,1.06590217262838,0.620830152721457
0.577940785700297,1.09410018343843,0.646044694307016
0.834894230299052,1.24515300793557,0.747266147724862
0.823213298599401,1.16227949849438,0.713047743581861
1.20792313238801,1.4966108156977,0.758526431248877
0.829727424611062,1.10202811338337,0.658167974157572
1.68883345053093,1.33548499751988,0.826663072150081
2.14881993526803,1.69953091878296,0.990670275631676
1.75487049041051,1.5199052895739,0.816291962896225
2.20879642617615,2.0028219424794,0.953301361887842
1.28721310943462,1.65326248884907,0.750586573264754
1.50170046450119,2.46019174364054,0.884252126963413
0.693573596686745,1.03973788945118,0.572070483569594
0.960627431334714,1.20928406291645,0.704369971807872
0.648947301205536,0.982504035501512,0.555574832726036
0.665383355702647,0.958740043784195,0.598264303050343
0.786337882155431,1.05272766622942,0.60273889461658
1.05715575539604,1.15897988346164,0.660990238234881
1.17382618391677,1.17740183335814,0.71329476178381
1.5936079603365,1.61387799498728,0.792842017444554
1.35185761400718,1.70255861781116,0.790213093395299
1.74212791337424,1.4581230768829,0.747063971311826
2.28952961041109,1.87749837825027,0.74919192948136
0.607133819904431,1.00061528387487,0.5838607721897
0.833268690514561,0.978657816513262,0.691563874003882
0.643912445738945,1.07012556044124,0.602563706689728
0.911040588635461,1.17276667605093,0.704949106814175
0.658248508575729,1.07854359317365,0.647129414651352
0.797887034145312,1.19370375573265,0.727247855841481
0.963497316244401,1.1040326699655,0.767238432127757
1.1392422115334,1.24754747976658,1.36415714824892
1.29584212586855,1.14115484255018,1.34233892666503
1.18360061446266,1.21429636063346,1.44204385195789
1.39092213910961,1.32033719640439,1.8875691028525
0.593804491945546,1.02785605876805,0.605797987778571
0.664109468966677,1.16941771388978,0.725313800625745
0.555579681592454,0.890580014761404,0.516718502631096
0.612418828203328,0.875483686980328,0.546351225843739
0.531545946401414,0.850600597617274,0.488352827793
0.58505825970227,0.952104486711453,0.547621214930147
0.575418516233921,0.837924663594364,0.500957595413955
0.615513338107308,0.854291200109418,0.539037932737449
0.586056617462176,0.798541036190599,0.492546955885375
0.600326847458385,0.831720518581562,0.508271497155241
0.676782835034595,0.986854539025593,0.599825586254161
1.29758061714452,1.47084241368028,1.21065933917886
1.23869159837045,1.46099855254386,1.20320224194725
1.23854993898039,1.44562669968699,1.2267600819581
0.496900916175293,0.780496614186052,0.460645462620271
0.561509410858681,0.789836651612532,0.524955579910269
0.48665110713772,0.810353760181583,0.473003118684722
0.561778175997604,0.900883707558798,0.543342009940548
0.462826805058665,0.806506260590038,0.491900414070744
0.510389918360309,0.752452724332533,0.543994114161304
0.545328293720747,0.977930398370334,0.658184943877984
0.819555525750322,1.17181117341347,1.31208338200235
0.818603059252435,1.03355854436027,1.34967980127384
0.747268896001156,1.41949628683853,0.973084044894665
1.39008762294075,1.8555444551858,1.6378595663111
1.18291621976232,1.91061394974941,1.68301535105745
1.1128036970066,1.97333052466204,1.1370605829855
0.985618050104377,2.24687698806992,1.61225962024385
1.53319543912303,2.6291419960042,2.1405156969225
1.53287476915912,2.6323909632213,2.15348055471641
1.55300418947198,2.64858965952626,2.14162872408073
0.444042521632887,0.795763645425566,0.45067375501579
0.497649440575349,0.937131500814183,0.520021056741866
0.432717016167282,0.711239561680997,0.430168102519717
0.470861759764394,0.742084186191849,0.471814740647506
0.417432844553242,0.671154858499934,0.410515863662353
0.448230451453682,0.715610696982787,0.442298288066907
0.459337450531973,0.674040526770973,0.465387066429822
0.536685374077634,0.741134232810883,0.547373159352229
0.519925349206385,0.687330237680194,0.531738983836491
0.467878375438623,0.697644274793947,0.484173591975382
0.534036334216656,0.818246070324197,0.563140895321823
0.622168865424914,0.937878632228129,0.671315777079665
0.606938609413657,0.907063022666156,0.648281175841019
0.729640278219081,1.08403559485602,0.796063185319576
0.628311613552382,0.888190950696661,0.671323345857741
0.739922675097002,1.01278096362521,0.79458773928205
0.547347340468953,0.753750794684478,0.594968583709077
0.644048485455484,0.835333364460463,0.718022096337266
0.624238738998859,0.845781967144174,0.681139099466408
0.763618640602463,0.986841293033536,0.84471043646743
0.397928887280708,0.64374267477456,0.385012922716622
0.43327665891318,0.663195873107626,0.424605597595271
0.426236125688885,0.691058936878857,0.417295237533717
0.504025405010672,0.837770822748984,0.53371700621518
0.592046286454092,0.921656299351203,0.618602181240982
0.604355894985788,0.931561125111925,0.646678132096754
0.439682447372166,0.67525261269546,0.415160095976809
0.467633532548874,0.684932640686659,0.434511111165294
0.529622871262225,0.76279486869447,0.542129035717209
0.695016552067245,1.08916797002776,0.834907701439874
0.672918331664323,0.953584390630997,0.791085601906188
0.612662000667079,1.01610444672178,0.705102639402824
0.833223915008605,1.45978139891345,1.05645971209654
0.843812636979167,1.37372805722598,1.06574190535283
0.446937363700249,0.679785656765965,0.418177425959726
0.597559817506182,0.80497316545078,0.551198938865855
0.458568140159669,0.639986589254348,0.416411718782053
0.558664061564451,0.655302549922689,0.479603324794199
0.444175658311477,0.675232293633699,0.426914669729561
0.465160279580776,0.751334347003287,0.471517566956354
0.486453934543943,0.851691983854964,0.511926752294076
0.57480015393713,0.881684402955466,0.625889675340345
0.584981919405857,0.935847731384215,0.61825929039622
0.531575374246593,1.12362610773611,0.540860907248674
0.72745833456586,1.6597015169308,1.2892388181
0.901816462675758,1.46079701041631,1.18876349408009
0.455406713576805,0.609577723727965,0.431540526580994
0.521317922912403,0.652491935567779,0.49578075044927
0.471114480031693,0.625722474581627,0.442188826605239
0.521497219855042,0.709767954087873,0.480619987138892
0.495379051341876,0.624679127653863,0.467908428629142
0.530746823720554,0.645064498937489,0.50157603411212
0.584909840400765,0.767029416128263,0.527304617415103
0.838001847017758,1.21344176979255,0.586747086539534
0.799876850307291,1.16307715155154,0.607753088524616
0.650673082750606,0.84085552124179,0.578317196307039
0.737595132363497,1.04501021348644,0.695089532311576
0.960963782123554,1.24255359525171,0.74802285758431
1.45391413846527,1.75699255815029,1.31955456411787
1.49760163679602,1.69864150079769,1.33682889559485
1.51890997054184,1.7612197663395,1.31792776811742
0.906896509842819,1.25899562983943,0.730111357157529
1.44052893678412,1.7555798682097,1.30325689901634
1.44518119416912,1.75032364793527,1.32173095877185
1.47555411291672,1.76298987113511,1.31126910413926
0.501031476926979,0.611022716072028,0.480580048323052
0.555586681347273,0.645440395874276,0.542978269180468
0.50927576881029,0.62027460236722,0.480109450153837
0.525927415097102,0.653976029129368,0.500346331432869
0.542836183067859,0.644277244518724,0.499689700235193
0.569882328946183,0.70619933814297,0.529985286392074
0.601912022448598,0.713385229319574,0.538002507402509
0.701722432032038,0.960548310096602,0.565701982626989
0.938519445671794,0.92053616773334,0.617629895844266
1.08327392933466,0.828007869595664,0.540257684154502
1.23990141840217,1.17424314147917,0.658584473484046
1.13472267325091,1.43070075788321,0.782049518375214
1.85774551434571,1.58381697147626,0.71383124971527
2.018592926896,2.00818115426004,0.872132834882783
2.41966879385888,1.72553053159695,0.661268649523232
2.9590946232644,2.13408945481813,0.758091155857332
1.72732462031402,1.2592105645094,0.552116314404515
1.80629958562519,1.54533538053481,0.623766353114117
2.39532647713531,1.65582281833523,0.61051331899352
2.9479301543743,2.1115681347976,0.718596574970316
0.567678531910298,0.611458779220849,0.530942965342122
0.686058631496715,0.69056891819999,0.654017711242637
0.547422546835535,0.567745073235479,0.515720109799654
0.563598681861361,0.594829122745035,0.540064826625813
0.590726612354413,0.580359607027575,0.556048674708741
0.643395712075277,0.634089382244322,0.606309409319368
0.677850938876299,0.652391855337851,0.62843804032257
0.694253391073888,0.689783400749658,0.825759243539132
0.777474393850316,0.726415114684404,0.771565641046064
0.990066368842677,0.92155527710146,1.00035099118481
0.790858058766519,0.769977352931872,0.868201059796631
1.1347067117392,1.0711852216548,1.39737968578615
1.37896881818894,1.27411794842467,1.6524139138818
1.10119750506087,1.06187159691407,1.6342880801748
1.27831775348435,1.21428295069695,2.04862568139189
0.936717853538381,0.906601619595442,1.32083106388026
1.07765733802296,1.00623925047991,1.54470996632995
0.579707719197392,0.56076502272532,0.553888691337231
0.668408869030548,0.63154696548715,0.640583306836162
0.551889766328443,0.551394446427761,0.542191446440972
0.614456965238297,0.614352396023547,0.617973876764
0.545593666007302,0.546283386872196,0.53600421706975
0.58163891877032,0.555859677783274,0.566991683865954
0.559287879538926,0.601338321007783,0.556169793785591
1.19001262892821,1.22056336407562,1.17079087746737
1.18970096073373,1.15472834994605,1.19028996944464
1.18369739884316,1.19173622713174,1.18296909461733
0.566553076238983,0.571646126234191,0.55313954172456
0.622558400779805,0.650487850142912,0.615178593288203
0.588262433697653,0.575783659150516,0.57194397793652
0.620053235253936,0.59163863099092,0.605049626484729
0.624110732587779,0.618852460186906,0.603023144889624
0.657196840117249,0.653385676968324,0.642633815177272
0.713323376820932,0.705583264506545,0.710896723469563
1.1187930581878,0.901597125258355,1.1467933999811
1.16371174307734,1.06220312358415,1.25744625992244
1.39697885062792,1.15722669110011,1.43109645452525
1.94642499333165,1.56776780555965,2.03606534623478
1.92028366299578,1.47891611927159,1.98014281508924
1.4835532493422,1.29241153299166,1.54245452860797
1.86006055297174,1.72457376483187,1.87100889883711
1.92688176283497,1.79451129733502,2.02017114714523
0.637509548676085,0.657638679819232,0.608761810099577
0.706744756121698,0.729739948515468,0.691253369130479
0.659869058303764,0.702097571502196,0.628630682548392
0.692299206074836,0.732499118530079,0.660606202714035
0.71135670606342,0.786691392590193,0.683125462483079
0.734684779684134,0.869155729632586,0.713173093289094
0.76774244019923,0.84690639096911,0.765737977878331
0.826037907249092,0.870715500482745,0.985999193479761
0.904755467063108,0.997876797413338,1.04098635566375
1.42474431872691,1.48124256999511,1.55627807587081
1.39482898307396,1.44843569540793,1.54457393165452
1.40554738749749,1.49087186728917,1.5480953899435
0.783305429070644,0.924483753234223,0.864457715835001
1.29778230224888,1.42897352848646,1.41848042518395
1.3191531989386,1.40143055375674,1.39556131107769
1.32106772963231,1.41980260646645,1.40935274794326
0.79076672916062,0.849483099274624,0.752764994610762
0.849519075443753,0.891567253095511,0.817202840626083
0.863630115513562,0.976474462493186,0.845769266254425
0.87542934038571,1.02966823128728,0.892042541331464
0.999124864585986,1.14906465469831,0.973534720508761
1.07137849556418,1.29763550004476,1.06280425400424
1.1826087281935,1.34292496640459,1.15949576717732
1.24843513161423,1.63562983614633,1.30419777289762
1.27360536242477,1.54207602658736,1.27312398777376
1.41212394888886,1.54980604917638,1.37506714107066
2.02925742644916,1.96850791439947,1.48769278127899
1.72241449193718,2.10933550482145,1.63745139155575
1.04522257835228,1.22222163190908,1.01315420970096
1.41000122689986,1.94705203333054,1.3414977381779
0.995065619965251,1.19084465493614,1.03539547349487
1.16128302086378,1.65881400762772,1.23293271985621
1.07896833286436,1.30511987561797,1.14838936418502
1.15703925344627,1.42703390192868,1.26850097859433
1.22136018816209,1.51124138718233,1.31666884865472
1.02027517589005,1.19770110686051,1.05453624492254
1.1796506268346,1.37584720629868,1.21218475383047
0.913784015841602,1.0472262860792,0.927322818270824
0.920176401585778,1.01896988823526,0.92585166390566
0.91613839579998,1.05538397246661,0.930232585408788
1.01617360476753,1.22825862054375,1.08114855433841
1.04860281030427,1.2552315684171,1.11913215207387
1.22832223931097,1.7555009129391,1.52831963005179
1.20075670244943,1.86563991756601,1.5406275927249
1.27369806286052,1.3773645301767,1.28929344068335
1.53584961916424,1.86100189969574,1.80420458424944
1.69540457026873,1.91143747225702,1.74312456972427
1.89435143545331,1.79161500762027,1.96040139157541
2.37309920207261,2.20925318689707,2.49874754587459
2.32705832519431,2.38721786757832,2.49738073510846
2.36747601184263,2.21654600889135,2.37755227536988
2.42852279193461,2.56175436901822,2.33877207098391
3.25737119809935,2.84077201332672,3.35446768725631
3.88017367541501,3.16313138793355,4.07693991984425
3.7617584775377,3.11123205625006,3.96942530470619
4.63999505846518,3.78043836596636,4.90230755700314
3.899443079314,3.65719375393492,3.96568722089565
3.84039316737675,3.92847350713932,3.80660739231714
4.60861794144602,4.19781756635674,4.75189670767304
0.787957860121268,0.860462760811277,0.764255674282548
0.781337715336911,0.824287392021216,0.731270616403828
0.766568948419762,0.845636503942814,0.758240630389501
0.906462135697464,1.01125267753377,0.91778741401409
1.00092822892458,1.13664839621056,1.02792700307968
1.04381810087243,1.14993519011926,1.07033836869785
0.703794119383847,0.780351506737845,0.695904925551032
0.720545860260618,0.768447984413939,0.704235131863523
0.799523784107756,0.903653001088183,0.787694965732116
0.925374835122866,1.06562053422937,0.896478895361637
0.935634115621625,1.02789524099023,0.889410285674948
0.965023197013266,1.0611952775137,0.946074920458785
1.1992818947279,1.30394813701183,1.13968172615237
1.16845617494035,1.2581050472819,1.10973519325577
0.664494947948325,0.771219210217759,0.661604926124885
0.754529266627599,0.881195344659556,0.739909588715373
0.624928183490412,0.729371112813008,0.619793318623499
0.653497897814033,0.716006880814185,0.632520108887354
0.624100729330782,0.777659537247415,0.618083513216973
0.669145571656054,0.841117411426228,0.661796964402741
0.639753894253255,0.78843582445294,0.622059826987216
1.22918040240674,1.32879526595148,1.23127850959562
1.14883444090284,1.26870144210552,1.17443371052955
1.27482138731828,1.30954861359386,1.24143356614465
0.685471294579877,0.857109539803279,0.643689956743813
0.793233444491503,0.953129118521936,0.706718653486093
0.716606200509176,0.893929108549053,0.653865604650922
0.709318482563553,0.874331105252004,0.662105635156564
0.837041768482828,1.0409028650615,0.697678689111106
0.959973019892478,1.1721588130281,0.72420141395046
0.945052785349802,1.18340399421233,0.750684382704171
1.15659658103465,1.45435831734637,0.823668372161916
1.32693554964454,1.61838297271493,0.872950143423273
1.06801800911794,1.51354904967553,0.768724483778191
1.45312473559231,2.1130507891395,0.865798587372113
1.10917748777908,1.7718124717163,0.894984917540501
1.59799453444349,2.22899262156943,1.44382215471437
1.61004755854317,2.20007387350368,1.37810637941824
1.58097623168165,2.21676193755022,1.41337865291326
1.80182742768983,2.28293820360796,0.943716132889356
2.29150947613817,2.75768615765627,1.47244011976713
2.28142329666683,2.75263589801206,1.45812317244032
2.27217972542959,2.75271953544874,1.4312488599047
0.888393764552895,1.09443055824924,0.76287065366038
1.03370702349077,1.25994947476003,0.871398953472702
0.888316297364437,1.10562290613924,0.782464892744842
0.884817208677166,1.11325322264493,0.798640411507154
0.990972515967851,1.24872243013454,0.862892752859888
1.08554732682776,1.35129020272116,0.927339701327944
1.13703271837117,1.45370356514275,0.98345525317371
1.32664534271304,1.51780917249875,1.16355961787353
1.57465947512918,1.66668220028682,1.39843164051366
1.74286151022571,1.6735821433473,1.6123641578545
2.43861633858067,1.97037967823513,2.32605533839673
2.16409601789868,1.96055368495548,2.04724424926547
2.05159609779124,1.9102138907888,1.92636327891083
2.58422764090735,2.39593336376671,2.42905538424278
2.48965467812465,2.36391621097124,2.45964351122773
1.02623594654628,1.21848003865937,0.874934386979808
1.20699064494421,1.39540904339795,1.05430475263354
1.00218102703509,1.10480631686514,0.832770365772877
1.00931955767366,1.09175470938367,0.862100622795322
1.11437622352087,1.11821194678021,0.8909703083405
1.2224719379785,1.19938309628272,0.983422059821161
1.27577083183267,1.13213922910378,0.982989571013715
1.44808060873947,1.44080958570079,1.45585559125972
1.49586298345816,1.49324001673571,1.42742310527685
1.46198681548089,1.14882836338842,1.17439829269289
1.7446920690005,1.64003775466388,1.79946396118537
1.84766986869746,1.61425812469788,1.78306297143356
2.28309219663277,2.10489988392306,2.27172911391886
2.23596093037929,2.09670769859775,2.26299330031516
2.27190330509765,2.08545958466538,2.30808077764467
1.86352791065828,1.5917644280384,1.69327485009196
2.30251415321265,2.10159958447558,2.16698114061405
2.24848486982259,2.03468882080871,2.19739488206625
2.29191640841621,2.08347726000764,2.20414290592851
1.08066917987153,1.13065020131042,0.896494127264073
1.30302744829251,1.40830969931533,1.20782812711964
1.00107519637531,1.03588867631694,0.783867203288994
1.1060110714306,1.11058082086239,0.879912911966882
0.994084667376503,1.04720774365195,0.818098013501706
1.05056172610375,1.13174479724284,0.917586751531009
1.07122097225022,1.08669258933614,0.928812254382321
1.5787574445328,1.13860757525787,1.58972324119153
1.42298572561226,1.21425866633469,1.47297707216798
1.89012503798192,1.64974225958665,2.0144746421268
1.91109858453037,1.65405292497266,1.99255878541493
1.96287911204274,1.61088328055284,2.0226185945436
1.54242424950943,1.18852687965939,1.34652729112063
2.05191548963622,1.62468231858788,1.92626990122677
2.04771379991762,1.62023302060182,1.88732622415483
2.04142803187206,1.60689008580102,1.86847533106854
0.977085419229551,1.12070992231537,0.783928559809283
1.02152830546361,1.23402472499701,0.827016458967494
1.01081631236343,1.21565921648409,0.810119060379721
1.07910015706986,1.26396794289005,0.87608570788053
1.03462144050714,1.36829043417501,0.837310608145736
1.09309125974672,1.49333020300053,0.894556769871592
1.14560673796175,1.54568278199687,0.959814602584216
1.48650316527545,1.86659387805311,1.27510220565459
1.52175996302998,1.84037240555124,1.37101999115573
1.65690700159799,1.84457349615142,1.39518424406811
2.2676858165629,2.38758414391077,2.0263619430243
2.30607276442082,2.34670781000757,2.01768454559456
0.972898974556454,1.33970256864636,0.786136542370431
0.948494803938841,1.26481000213739,0.766231049759834
1.0010126735462,1.46106242836916,0.821870475241263
1.07734116734595,1.56097048182299,0.894855559216121
0.968492061825956,1.48570653921251,0.808532153186743
0.936266446799884,1.44520396445655,0.79282539057166
1.03695879266531,1.66407692007502,0.909092359842696
1.12721811277167,1.73350473102191,1.35694693150431
1.0614502676039,1.83020593979825,1.34691178427917
1.10768831255618,1.85086210526249,1.29196426589939
1.22507616485552,1.95209363167872,1.75242023286527
1.22057127820227,2.14523084221836,1.84411449063096
1.23665796852859,2.15447416245482,1.42374590406255
1.86064359274965,2.70167337674675,1.84996244710389
2.35238731835868,3.09098480664201,2.3345011004123
2.32573350539811,3.10679820642125,2.32988699113718
2.35189300142482,3.13410508418562,2.29831186597607
0.983112421402339,1.454860533383,0.795056733608428
0.969147602692607,1.44420479238162,0.78588086429762
1.06362993965283,1.48589394953334,0.852699375713299
1.11589344946477,1.55559758638815,0.909540109276107
1.12619411815677,1.47832921092904,0.893838243695054
1.14770660043395,1.52821271404169,0.935467220981931
1.28593036526019,1.60472649790988,1.03951733278361
1.7169673713281,1.81464359718203,1.25545008134755
1.5814277710743,1.83440572605661,1.2019124670479
1.68632301838786,1.9633022021154,1.47778279075112
2.196249995415,2.44459165756366,1.99534172363346
2.23409882976923,2.24875766822545,1.96229205205451
1.93116876223868,2.44633586987206,1.81839842394873
2.42144160594958,2.93948692744362,2.35522825505078
2.37523602251069,2.97656984863243,2.39969636993242
1.08199828657966,1.36776762818605,0.839648512199691
1.10123107448884,1.37180402823437,0.864762665591808
1.06368881363625,1.31099001663662,0.814632282071832
1.09421789630653,1.35822993883331,0.85361050099322
1.04239343554099,1.22852125514683,0.79284207834013
1.11721097397209,1.26721405505467,0.858921484752168
1.10255900112734,1.22326094407394,0.850493487662219
1.23150680504376,1.33044153149075,0.961880346585085
1.06764418307604,1.22951782396415,0.826385384059417
1.14363703963097,1.16623761288549,0.927231356651926
1.3099581123094,1.24668272181257,1.10555735368634
1.42999298447953,1.3602222564914,1.21338751295061
1.36299703300825,1.2304485201996,1.21326845622147
1.5090595392502,1.32756219704018,1.38486764857408
1.24561763711718,1.12445806744993,1.12309516594791
1.10070538580663,1.08516532494277,0.943325439415158
1.03633986526441,1.06159317379965,0.926302205710727
0.997580629889336,1.11306434848671,0.886222023876852
1.12661179802079,1.06511867628823,1.08052086782643
1.16198077791645,1.11839172908295,1.15363516510489
1.31993453530358,1.13175173327198,1.25798797236343
1.4757064911144,1.22862622889498,1.43265818877068
1.25949050430406,1.09444985615032,1.23134850730218
1.37882016836824,1.16540768424374,1.39591090237425
0.927143352691347,1.17118673925292,0.701977290337516
0.92892129900116,1.18450791003848,0.719453050328743
0.857270726789683,1.16763755122969,0.651907613667641
0.884890411176846,1.20444639450786,0.681332027221693
0.761571103121142,1.16334461851,0.597365624265996
0.763712918655304,1.13642226226582,0.611036346063568
0.743446863651436,1.20006513162603,0.618767838926345
0.811884987429884,1.21426325565147,0.697343940404217
0.819959210070791,1.27848603461826,0.715048918145953
0.646032824653439,1.2085312138827,0.546159852271537
0.647131040932513,1.19815129444806,0.598675707781461
0.777167163468883,1.23142755743506,0.758050600236214
0.59749518037613,1.24100503969041,0.55759194352415
0.68728817565669,1.29082087655215,0.670179283478992
0.566035763561199,1.31177842509884,0.514214960341337
0.598201122769785,1.4214688554375,0.563452767421093
0.658274931345284,1.27887921764346,0.717776950535522
0.679999288178713,1.31735747168947,0.582358115441625
0.816843690664756,1.42196053592232,0.713771980703422
0.655980993769607,1.37514561599778,0.591002665393967
0.790769668627917,1.52778083980463,0.75597000370746
0.755536725994607,1.24384969117221,0.605525947820978
0.748660410665817,1.29916831318566,0.623253234418833
0.809672364474927,1.31172374721726,0.652156980067252
0.852995579555556,1.32580340252759,0.693014982428726
0.848893052971388,1.42538798997326,0.701000861690736
0.846225922326058,1.53487937622245,0.720766129117472
0.937474084053949,1.51432795079048,0.782915711326982
1.15747922116605,1.82274454850187,1.11798610957042
1.17165774095971,1.61630860143733,1.01728588711064
1.15921382302993,1.91013770746583,1.14215650064406
1.47492123181997,2.28731852613427,1.51754615958287
1.45994158686503,2.32065379188746,1.5726331147664
1.24620994999803,2.00089735188445,1.20307400493496
1.69776228639246,2.34254927457246,1.68166032030138
1.7394386133564,2.3614074684456,1.67225134975321
0.887289959084967,1.41240438589665,0.733462184598065
0.920611230553944,1.5793295763886,0.785417277846463
0.938543995238274,1.29338879773779,0.761710428703859
0.971149835352919,1.25000156032667,0.776554018361623
1.00592230163216,1.32809540430677,0.835261672979247
1.10681308612286,1.37661786162626,0.901270542216594
1.06538629618145,1.53544858967555,0.932892812480678
1.2425861793663,1.88566136298586,0.951683727765207
1.19334957233521,2.13442409420591,1.05414456454717
1.48289500925808,1.43346597456409,1.08735239079698
2.00277673006745,1.94518868812523,1.61724539496789
1.96348978011095,1.74537632680725,1.56990486240034
1.85872541199082,1.73704694697634,1.49909695679321
2.27256479509465,2.16675410742004,2.07056380050633
2.35547120799763,2.25136773255182,2.0640900899331
2.26687906520026,2.10531078132433,1.83896351059577
2.60888180792291,2.46945550114333,2.13249265735941
2.70939704317839,2.58846319033312,2.34610316435258
2.7098066853888,2.49555888969835,2.22219992144319
3.03901181635234,2.84746557402155,2.55380107876148
3.03227950854597,2.86885325614092,2.59789218620581
3.08498021664444,2.78395864470637,2.5745061468369
1.00013555451527,1.29608968148023,0.822093153362585
1.11833775176395,1.40716768291187,0.939596608654171
0.939002815325282,1.23381460403042,0.75396523801256
0.930389895896827,1.23010266817213,0.747646790722193
0.953762295969667,1.24462077022696,0.764049940365613
1.01753267072538,1.30371089396569,0.82737701867422
1.00887622322676,1.32525352411435,0.818259746784808
0.998047591540318,1.28374385657377,0.803896514678625
1.08249351616273,1.40595240929544,0.907859783621251
1.52012065227379,1.77261686059044,1.40734736609643
1.52200090311692,1.79619088175418,1.41427790788459
1.51058510533593,1.74775389106448,1.38865659979145
1.13615579959614,1.48678882845533,0.942094523982228
1.56433962896736,1.85054334140349,1.4384488441586
1.57388729583102,1.81792897758128,1.41303657360362
1.57179229550159,1.89043770274053,1.44424045302696
0.891912932148911,1.15109893251841,0.706061030411889
0.923499755213649,1.1620405280053,0.746372621825318
0.837016609239012,1.10823016109039,0.657042440682436
0.861748322102161,1.15719204949813,0.677770587311363
0.776425937739856,1.03494771932087,0.619350869623885
0.823073308189201,1.08535283901799,0.676654323510434
0.758105332904105,1.04132926060996,0.609293437869389
0.873490979855923,1.1192433365448,0.706181134360068
0.759320457626264,1.08934124517413,0.644687960813766
0.708437028311354,0.987879410086158,0.577010594290903
0.809291162687814,0.99985930783239,1.26012720960761
0.930235483671482,1.06365603499074,2.08021422150795
0.841843297646701,1.01590667415488,1.27059191539746
0.985549007795946,1.09572451281338,2.07424808257393
0.777796665290163,1.02149257653964,0.684399543216175
0.875288704185699,1.09830296455521,0.792237732608826
0.666336363381718,1.01541147021368,1.27887336680745
0.708281724098285,1.09438644367244,2.08764095893671
0.700850887452022,1.03065645059435,1.3203788528689
0.763064379358832,1.12760419117313,2.14601026063473
0.727555995808752,0.97484812400177,0.603072609430572
0.746404880344405,1.00983393243854,0.649168375412221
0.712702467142652,0.957306151299371,0.600723240115982
0.735592993387041,0.997457961195506,0.620661092807033
0.707446809205368,0.964695711558876,0.628274209488068
0.696240926194402,0.965980593893877,0.636091480268115
0.720974757022177,1.01336107856648,0.666360407274624
0.775779912605309,1.0709917365516,0.734241378526097
0.793712224384884,1.12005356841739,0.780586176982616
1.30540008296152,1.57377117845929,1.32984931917696
1.3087630412375,1.55616487223195,1.31943885522125
1.35030978430204,1.54270009307973,1.31789827315106
0.694057736433743,1.02484734876383,0.646800704688069
0.730408611811383,1.11566769254942,0.735309994084363
0.73577114355199,1.12452727619313,0.711495611816519
0.76262399952495,1.1892109874565,0.758568206215473
1.32310332578976,1.6479989965096,1.29864043629579
1.29728600364444,1.64007061032626,1.32065281798428
1.3101899101286,1.6297853459287,1.33455656446494
0.757618235334738,1.03159868326572,0.680556882631804
0.790878699954093,1.09182200901614,0.725446082126707
0.811862695993064,1.08643875573667,0.730947200600803
0.861126820355509,1.09886740975482,0.764952047659211
0.910312128641038,1.1430834311748,0.805131507093187
0.920961489335372,1.14173914037147,0.852832827820198
0.8703293850151,1.20089924899067,0.820620206276716
0.887808036765272,1.2592804597444,0.889154943979453
0.979989486468926,1.31177078643155,0.937642436929068
1.17165538025834,1.56598740494946,1.20576440535156
1.1654187921689,1.57455534923548,1.19642037503147
1.01972744109679,1.23386494912236,0.935214517987227
1.29692077665048,1.53633416229456,1.28920189124164
1.28636229934509,1.44699681271855,1.21981280680363
0.85971806743816,1.21740345014989,0.805914458680217
0.904601651021375,1.31214106967563,0.885497987426784
0.852461263612096,1.17743319194649,0.769131336262363
0.871211846006343,1.15581254260102,0.760943910856722
0.879289752261508,1.21772827448126,0.802644723936828
0.967741382771568,1.30735347144055,0.86684407369831
0.965395106732968,1.25747478035645,0.842846984701788
1.16144434002071,1.51597149278582,0.886286216842033
1.19771678455149,1.51391369614031,0.948813766245261
1.39856078386035,1.78347835129834,1.00243151066533
1.20515940686144,1.65206690786378,1.01433672435106
1.70985127159278,2.07549719172181,1.48213079406885
1.67600397259794,2.13403875923417,1.50127929544008
1.65736299834604,2.09586000275287,1.50930760380832
0.798794420746152,1.17898782520272,0.807229466537469
0.842333243033449,1.27974082179927,0.902060774729911
0.724200997670269,1.07526668017225,0.762234007941996
0.731999039009545,1.04974087743449,0.743799924214687
0.676926519109191,1.04044986818163,0.810836677930339
0.730190954362786,1.08304877611231,0.881546555974885
0.684796284856912,0.979751569804026,0.815075579353584
0.716091419193245,1.01244191467626,0.832719434303078
0.751778445723162,1.00644963287359,0.950232206678798
1.3196849750475,1.48982485225506,1.41241919307443
1.24748329838038,1.45762548892846,1.42013056286915
1.31433709336296,1.42586004387648,1.47546008259919
0.786763144500484,1.001181928968,0.834313629008144
1.34524751080763,1.45538680749857,1.34978675809347
1.32401806217354,1.44031717523571,1.33939372136891
1.31572612751437,1.46624589183779,1.34072464289314
0.663179898438968,1.10287903116448,0.876019019447389
0.700036207474611,1.17106136305318,1.00862694608075
0.675160062209231,1.13777693638473,0.863053842718771
0.704465099593309,1.11568355127334,0.831310866845027
0.71776269487302,1.26047319878979,0.979525385793352
0.751263372477576,1.29813896908502,0.980880621911827
0.781746129621957,1.33446610340329,1.05562659422583
1.3326628496867,1.69111479180135,1.4707363516341
1.27055877324956,1.77292362508286,1.5121019067886
1.31511944927791,1.66893664357659,1.52916551540686
0.761826022593214,1.37203238455742,1.14772474285938
0.848589590041944,1.5100307986672,1.09267248559179
0.773534240526183,1.38708018400124,1.47201599468039
0.787069288956637,1.33654146826729,1.58973789693284
0.842535108631178,1.54521288243761,1.72235676278773
0.904915292256793,1.70049505322993,1.80381159149756
0.938475874937667,1.70486058807413,1.92485989799912
0.966725641143944,1.66789309188878,2.16052330607349
1.05021990615733,2.02519508084067,2.32031900029225
1.05537161381459,2.08038812604352,2.03091970492509
1.28982954205158,2.25045137806492,2.34798062167896
1.29116206835295,2.32095170362185,2.42131849187785
1.48207964459286,2.61419404414735,2.54952189750721
1.93940131565364,3.08489199173994,3.10866936133569
2.11818158031981,3.11039059611523,3.10735660820046
2.3959234447701,3.26214859811698,3.20504083038992
2.60045299686738,3.59735830109148,3.73452803998528
0.830892863048901,1.45684267038184,1.80999501945197
0.912734029115184,1.49514984603482,1.95177822506741
0.798117570570413,1.41493693731621,1.83475463091188
0.80884863503984,1.47707500912795,1.8036332539418
0.817671898531019,1.34628627840524,1.99261066643555
0.862632331966897,1.35915123469121,2.15922821697196
0.840062425451515,1.36699194661262,2.21698903095167
0.884474314082279,1.44987408401453,2.20597145782898
0.864650759741033,1.44831298559262,2.40898579887013
0.891974365812144,1.34092701930163,3.00191181175725
0.949821021527995,1.39936762363678,3.45156486787575
0.917527001406948,1.36837020250374,3.48365492322774
0.961552474971217,1.39814842826615,3.28141617821165
0.984880801034198,1.42510265978576,3.47043827305654
1.03375529945118,1.50155248628753,3.27052092885626
1.04907821163283,1.48819373536571,4.11005141425745
1.10835164100775,1.51756815589426,4.45060304782222
1.16641554492406,1.67273474111065,4.75367048415418
1.28883315805742,1.85885019097032,4.86504968266361
1.2537402681636,1.83483296177428,4.48954686038082
1.47342598905979,2.08997215899225,5.494406963341
1.29671916588633,1.82435515255748,5.62523221809983
1.32916063404947,1.80878869695166,5.86520176029564
1.45562967839864,2.0427228522957,6.15632503270151
0.83835520280828,1.37083858822603,1.89129635056159
0.91240117135453,1.40741046180747,2.0163298778486
0.84008599724863,1.47301944212521,1.78633210931701
0.855663300192088,1.53519625080008,1.80155661734712
0.901398156111601,1.6069738824536,1.80854063442786
0.940174731750544,1.60821587552221,1.87153944256307
0.954033032679693,1.74238938125295,1.87451015759728
0.968797356492541,1.69268594248802,1.87176827147305
1.04631316904275,1.82285963461656,1.9901002920272
1.00848488250953,1.71280951148831,1.9080485805097
0.99357320980416,1.7004132072359,1.85552048550323
1.13639060407037,1.85264735934413,2.12577447886244
1.22025027450364,2.02009422379615,2.27872724407428
1.22175388817905,1.93771288237457,2.19887605519639
1.62872486342278,2.19431438827312,2.46881828475728
1.60738014792845,2.27202853423763,2.40297033057466
1.63076933558177,2.21455572187136,2.49363190681855
1.16525978564777,1.8445606850619,2.25029941412279
1.28795106915633,2.04286017996323,2.51142923433757
1.10539961581314,1.71666829610979,2.18402746520343
1.05015246789921,1.62605919643602,2.05009572788764
1.18014393169378,1.81352785096351,2.42712305651374
1.28794850273804,1.97155434671938,2.62990953715034
1.17939871398007,1.79146342673543,2.45334223109749
1.62134304697058,2.08798352059252,2.66961889150398
1.53992726486494,2.06528703695608,2.70274680185941
1.56817770956904,2.09107540409977,2.67953596860943
1.20759373910118,1.89380037709084,2.53750054031737
1.33549736705295,2.1164628619063,2.84085852402952
1.13041664028294,1.79578386606573,2.34628629773813
1.06587498575565,1.67667330792718,2.16514748188575
1.1851793438144,1.95917283373188,2.45753418024782
1.26923468417397,2.07715541053063,2.65963987113899
1.13446752774181,1.9456926390635,2.30837112271365
1.13709396147209,2.2392064161367,2.35015741267033
1.26991348576599,2.16170567644929,2.52759868426563
1.70972562119971,2.51801032202759,2.82604020019077
1.62845946861961,2.53326082364566,2.81685306051866
1.70268264283983,2.45840529120694,2.80909474761711
1.18957297569966,1.9606877252305,2.36237171493643
1.47754380166005,2.28995327513069,2.64652766409566
1.52969698229946,2.34306505588637,2.60233074082016
1.58110432687577,2.36330149289487,2.77164882264688
2.04480006491379,2.75370224891771,3.16377394088653
2.0755883234046,2.74732309415613,3.12017001450577
2.04615026118749,2.80153366588076,3.1328034347789
1.26054791980648,2.15919424286693,2.6111423727943
1.3753251712814,2.41168733903967,2.86489087102979
1.25179162859933,2.15860749824094,2.5570483457583
1.20252131770115,2.03295693433614,2.39108931448145
1.37340499762043,2.4448921449815,2.82746466804295
1.41733659871898,2.56230564485878,2.87260004734345
1.40356724338665,2.50790274997616,2.84680532374103
1.41524148296491,2.61682739012449,2.93007365778789
1.59620787198163,2.87556772989516,3.25196570729418
1.96881124620013,3.21084935672214,3.59426931734342
1.94548470992757,3.15757344286175,3.51266015391213
1.95902665144754,3.19943915543697,3.52044014273575
1.41082781065809,2.64106346533405,2.74653443492919
1.60467906452229,2.92333756452244,2.97186498292405
1.4382648020897,2.95523553953207,3.0209161356556
1.60303049620072,2.97060119993875,2.92167186892343
2.01768711363384,3.25996518879595,3.21298182657557
1.97316565324471,3.30175665360198,3.21850477411099
1.95776663221104,3.33479993978983,3.23798422706997
1.48896796017177,2.70260140727657,3.16640992375614
1.59865182647667,2.99782149200468,3.46342040153115
1.50187543265475,2.68965464475228,3.17140096066023
1.44239882173456,2.53309160197335,2.95214866921616
1.65228270056018,3.00481245217082,3.52660703581594
1.76241313021911,3.3017644983179,3.7638414056176
1.68788078105262,3.04576941293707,3.50587330099649
1.64860464665787,2.87389840759286,3.36726793852522
1.87924260206659,3.31785222120817,3.80102780791123
1.80993224057359,3.39091257148284,3.54333630923417
1.90293395978901,3.42796758543859,3.53919335882602
2.04277440125831,3.69363587907933,3.75388898487264
2.05146216453679,3.88411939371267,3.8936147804025
2.44659110619696,4.25182887676614,4.17937799406113
2.52996937599317,4.37511041828891,4.33616500618199
2.89730690701071,4.48545950759139,4.43349216038934
2.84276304175062,4.8609490339338,4.79025166002436
1.71036547891068,3.10220599060733,3.72438286737505
1.87205375025661,3.42721890761504,4.10508836336895
1.62972922716719,3.05846159410626,3.5296012756638
1.53600518219649,3.02782182045819,3.26245822242948
1.72650938123692,3.3041220750182,3.7719169898025
1.84021219634963,3.62712127810615,4.06393329790123
1.70867601558854,3.48684558024179,3.62527696171656
1.97060787493979,3.79138424385642,3.77280953312312
2.01723056474975,3.70825548961477,3.69793039494815
2.02075519382898,3.67900354544285,3.77608512005989
1.77283935614459,3.35673876178924,3.89716232677049
1.91870544627229,3.71161592378914,4.26506415459785
1.6907277393585,3.18650139025272,3.64541033815506
1.61195315468411,2.99190889405572,3.39475829101655
1.75472311366749,3.42377408682007,3.76542549345925
1.87989467303787,3.73103519703954,4.06251817921378
1.7275925920766,3.4202973122868,3.87187046701497
1.65480626274875,3.50531196796859,4.08671391198461
1.82664184084855,3.79529125484769,4.32830016827367
1.81906562029395,3.38050961356238,3.63526845446928
2.12289399260236,3.37854435027689,3.82635110153304
1.98426824783307,3.57069105446066,3.59259457820049
2.18381401740729,3.7995392410304,3.89430299011315
2.5970496600389,4.1061165931174,4.20389816096177
2.62192388000127,4.07494634539808,4.21349573877583
2.47545232047601,4.14658477657361,4.05447549568482
2.62848011191096,4.23180321889537,4.14697929437234
3.15349621576105,4.78357300893001,4.52769925359611
3.74914830716785,5.23467684432151,4.96096132126393
3.73178289134235,5.12425969959749,4.9589839197376
4.42647682838589,5.89413150677497,5.51836223819768
3.71000100535737,5.3575460191894,4.98118800132508
3.75450870500448,5.36073266671906,5.01762744116778
4.31448988544363,5.96115397860848,5.5000063970949
1.78809058421321,3.5456289462559,3.62352023259518
1.93497667119931,3.43526032375957,3.71280323003083
1.73955452776144,4.1655260697194,3.52138490550603
1.70231679755095,4.56832397128896,3.49182566215882
1.8323753018923,4.57593817248144,3.58193944049858
1.83487484448625,4.64842720147697,3.63028030357879
1.96349904033933,5.00271412423982,3.76937402743285
1.88369467805028,4.53806795771867,3.52550783129739
2.35818965995337,4.79236749839077,3.82200650526783
1.61382586913174,4.3647429919877,3.46460892778866
1.58953435627268,4.3262724874832,3.60437751330831
1.67452641501811,4.36544570504066,3.4965056079967
1.8473907035805,4.93239499028803,3.90250966757009
2.00896496568799,4.73338193931868,4.10461321968607
2.37115473225137,5.01281354651895,4.43118232978399
2.3567501511293,4.90890776948894,4.40524736565369
2.33815814898297,5.02848972508463,4.39941207887903
1.41120860003721,3.52838923815977,2.69572915600095
1.36016916174629,2.94600811283633,2.22023584544983
1.48721219295826,3.64182502920169,2.84617184546497
1.75347212678664,4.26629447467682,3.46486670228317
1.39888099376493,3.05311875083893,2.46970333689373
1.43130078943663,2.99978193246368,2.21877714409307
1.79705029043506,3.64868082608608,3.48721410069454
2.19010276115708,4.15670990903303,4.16458590511055
2.01328144850414,4.07693296210534,3.60784924948556
2.31940646268018,3.48626537468422,4.04698684399249
2.68145008235432,3.69963859205615,4.31283064653201
1.20709700297026,2.25488943673766,1.96977631067955
1.36906960417427,2.49560416973947,2.61295551658874
1.2052658653137,1.69031875754998,1.28967757505033
1.42261094656632,1.98637809704932,1.52652770331655
1.24979749517577,1.28717962913032,1.09304014255438
1.38373777549684,1.54024098068896,1.52163699606578
1.67996463429863,1.74472719208153,1.42052880636012
2.12614302608476,2.22128077853567,1.73858759171674
1.63849119872967,2.01008352663569,1.71964778189582
2.18051271503885,2.47985556913219,2.30416777505276
2.44298022299747,2.78151858132324,2.65266972865677
1.08556638405341,1.10691048125629,0.814345531067649
1.31537531589256,1.1496536741331,0.785709235119762
1.04665431488015,1.06922629679317,0.78861027442271
1.30219158939615,1.18137094116675,0.884553320665021
0.967207836190855,1.02354251768539,0.782197796835543
0.971661320258594,1.06998197645387,0.893563935435407
1.13744877284796,1.13826897987156,0.90912677411377
1.55485769843784,1.55945736710952,1.42404271836629
1.60533497540481,1.60277258532165,1.41314921117761
1.59774890199887,1.55626807466625,1.3886071883801
0.907019309072669,0.968439848590235,0.694240552839071
0.883348195961036,0.94209523479167,0.696990859647078
0.928493730619154,1.00548815962226,0.681821457980543
1.00404743736586,1.07141952387287,0.731561681972775
0.907464010498905,1.00383390117054,0.67055517331164
0.914642782375659,1.01337618312303,0.720765056009714
1.00993694719743,1.14356331774421,0.768077850354359
1.45826889634022,1.56872081848418,1.30792488951818
1.49126557624291,1.55734203205309,1.30647022098639
1.46432332338813,1.60658185493054,1.31851407015797
0.867079227081432,0.939749915083772,0.614141662539544
0.85575601997292,0.911965248502375,0.625921938089126
0.887513262624211,0.957809454410893,0.618897601171376
0.937123925143082,1.02340159426981,0.678624279298872
0.867748032363929,0.938555577661263,0.616029513837334
0.894941323927569,0.970424052178701,0.654793838655471
0.959806670941524,1.04426225902557,0.71537484818395
1.47797896091687,1.54916676915019,1.2030461999648
1.20783429524773,1.42019747279781,0.972904228127804
1.20992521566892,1.44574112690963,1.251801416563
1.51993694259084,1.82095809608713,1.61406852575667
0.789655199608855,0.852046571732029,0.563899892041682
0.776656351300768,0.844773190034941,0.565232731625874
0.783230181677999,0.832169451423139,0.567679319681819
0.842086154159177,0.884008631839505,0.625426090543942
0.737680880546893,0.781474871150011,0.550506497330143
0.758913274859078,0.795153579219519,0.573638435736122
0.812244503512263,0.838521726927553,0.623673610420888
1.34200245444259,1.36281353788933,1.22891716092232
1.33413097297253,1.35029823410623,1.20326101146996
1.32231887846581,1.3307088090869,1.24560224629625
0.674423479400035,0.723992016738498,0.521263812217775
0.648962586587532,0.707825641080427,0.535600708490609
0.692652595578305,0.735817499059112,0.530149137394305
0.750548525557406,0.791457077102486,0.567390063859453
0.673134190816589,0.708520315717457,0.5293544988073
0.6703221112642,0.698207794727682,0.554957251952739
0.747317706422,0.778390975054535,0.591826664141583
1.28760998468823,1.33187092718254,1.17865556328836
1.36050876204585,1.30392010387703,1.20140669836186
1.21779415526921,1.30163141539151,1.22234752824581
0.651468647104136,0.700768880031086,0.511250384730268
0.64408227070695,0.686511639843118,0.533520319912014
0.689688401959336,0.751777249733458,0.521173665840445
0.738748854687704,0.804083542769314,0.560606855880878
0.705087885766063,0.7742728832393,0.531637231160151
0.729034221438485,0.790154974615955,0.575873409324893
0.800931853388554,0.889554975053204,0.609318370532801
1.12895844885571,0.976651213378696,0.96110646478778
0.957943803860574,0.944095561650126,1.01181346198335
1.69150037080703,0.967794277500771,1.33542167456065
2.17170472429183,1.257036376314,1.90374563336384
2.33712478499497,1.42362658275317,2.01105473960014
2.31032368262205,1.90155546612696,2.18354354890672
3.03387571964197,1.52590825467017,2.61769025386313
0.6480644504725,0.73100083423618,0.491935847903977
0.658831591197477,0.741897487618497,0.516696164792978
0.626222638250301,0.723514879537895,0.476494580619181
0.669534335464562,0.760849278504694,0.511388239260952
0.600326622146099,0.711306493983313,0.467076802992404
0.650573049360199,0.765764493671096,0.515731701830672
0.646955357729964,0.773566487647541,0.516882962352944
1.25127874195834,1.31904995146146,1.17530345243019
1.23754442442097,1.30574882530481,1.16751848320766
1.20620925053025,1.30594784707556,1.16870561458809
0.545549236511926,0.645724515374843,0.437203976883646
0.566083621537585,0.663386968361772,0.462563848467944
0.532579465149319,0.613951226878165,0.436501152564085
0.572700731932502,0.646071534949079,0.470133415219307
0.518622181891546,0.579894189062463,0.449519882352134
0.533850041784699,0.601148176877179,0.480172332826361
0.577497102903395,0.608528203477961,0.50655252488527
1.18874440594176,1.20566948188071,1.16172818069563
1.20060445298672,1.22970524690965,1.17462748314405
1.1951499485817,1.2029170146361,1.15694411971921
0.51325959646194,0.564850474437113,0.448503337668226
0.533798199290584,0.581796924274537,0.481662713786037
0.533067869509947,0.58160304980526,0.453017640260451
0.56609636321708,0.619902075417721,0.482649843479175
0.557014976207116,0.595538215816136,0.470181444924515
0.584793926190169,0.604940583637435,0.513306847852867
0.627467571537877,0.659811023244886,0.523323277163811
0.686482782919252,0.734110881542224,0.570574912176884
0.726772638541628,0.716354564471031,0.595791586628088
1.29654519984562,1.33895384225601,1.19515181130828
1.27387609426852,1.2526743948778,1.20614417520901
1.27049099225124,1.23886147414443,1.2315535935705
0.727732168211343,0.749623952514705,0.641059567861983
1.26729847271728,1.32211168793939,1.26422353827632
1.2767986433013,1.40223297423466,1.30530840993563
1.10883344873863,1.11709370829011,1.09826874470102
1.68894012366496,1.69054442150199,1.73051200684104
1.6924454873293,1.72012285656702,1.69168776406615
1.69777073670379,1.72913104807112,1.70572268210583
0.553081959851518,0.606799022974355,0.459257695780815
0.582368075140349,0.628552616527753,0.500117709581918
0.562368328277369,0.630031351443367,0.451935106613474
0.585514428728241,0.657015307466533,0.475504324400924
0.587876064169984,0.660721325532203,0.462878935641463
0.647356543647756,0.701040171022586,0.509995024981874
0.687719068318051,0.762647239836583,0.530683014474588
0.958383668264026,0.814982413084462,0.586316683852846
1.06465455842105,0.850612360485822,0.613360336526323
0.972920324102711,0.862245065351836,0.634759310845536
1.35868960899746,1.07578081178443,0.879615997109087
1.33478196180421,1.08790413304239,0.93185959822135
1.12791492548307,1.0637947272203,0.929807732899404
1.62819036159433,1.69797672334493,1.6013866991729
1.67934044651312,1.60895681967825,1.57588662682
0.549984836943886,0.628245733520126,0.44518177980011
0.593338025724338,0.661417132457859,0.48894222817632
0.512025442153336,0.597689123649368,0.425901951972673
0.532788923693628,0.613345714919675,0.45046810420717
0.486795148247832,0.576117083206724,0.417718019357819
0.523176388718671,0.613890320207298,0.448088012359343
0.482917637552468,0.571172626739196,0.423456929854538
0.544391370344362,0.622206318719901,0.479748357997839
0.527256680620849,0.5966726206766,0.470172903137589
0.532784635527439,0.594279040104337,0.472423881814728
0.463007100757325,0.556207776269126,0.415197537620625
0.543756247790282,0.604284514583591,0.499128253717598
0.686079871622769,0.708001349375277,0.631176259593623
0.508042377580206,0.587417074109151,0.47069111574625
0.578312000822099,0.644969118963807,0.539433089157961
0.502654163493651,0.587649680070588,0.461851634244147
0.621039075761067,0.681555290018642,0.572859981016865
0.480145593088621,0.559105591756349,0.426530928445285
0.525633732260866,0.595939048980679,0.468591092315818
0.471572902627388,0.546984102588679,0.432997586635675
0.494466037026294,0.569834146081456,0.462032984264896
0.47813678985795,0.541767789492861,0.446996919605827
0.495797649127338,0.559663182547455,0.460901436976422
0.496568966632548,0.548550128298033,0.483622506252432
0.538349427404351,0.585940591673199,0.531166523531509
0.563529646284306,0.584525702578763,0.547768966780144
1.23093174068367,1.14669462112419,1.15012964315953
1.16343432942421,1.22637035238561,1.16180350040616
1.13044470873512,1.19729051957047,1.18317674627178
0.522519636210481,0.582456679864292,0.531961033311647
0.763261725018669,0.766290595001849,0.740478850650392
0.800291489497118,0.794542056025532,0.754202274505821
0.703652622331738,0.696044013193325,0.641286881358384
1.32370178938328,1.31181537922749,1.27380188171449
1.31981465435899,1.28973397053164,1.25843874921193
1.32450669830085,1.29669635701692,1.27509789008631
0.509983259250903,0.561425806484968,0.466337332875395
0.544098487327182,0.591101302047502,0.500600121966647
0.536331775896632,0.576929690620189,0.483206518886872
0.55330172509315,0.596334392814296,0.500897863894139
0.578197667936989,0.593161855257331,0.520171042908426
0.608106224139702,0.614480196909985,0.565589995501187
0.636390715098932,0.640352195434204,0.589816686993532
0.846257842148979,0.787382346050779,0.877364429584408
0.819165712335793,0.754034900250398,0.887700859370367
0.87503118657966,0.825513167987402,0.798426821308782
1.24398313541229,1.15477113364814,1.12269738444103
1.17452779483419,1.09504576070465,1.10410462319346
1.19588482106877,1.16660349266576,1.15953894379414
1.68946583496731,1.62699028365732,1.48626736720855
1.26035291820974,1.43116995883599,1.34332008545933
1.64275816791267,1.24636408262974,1.53028891639899
1.75341057213353,1.28267263162882,1.54932435895648
2.2704272442935,1.56270937049337,2.19337031451499
2.45051287666558,1.76498081941368,2.53233924552871
2.13892705839198,1.67141335599968,2.35244111216098
3.00498932671362,2.12924281955696,3.09434555496775
2.95577461646998,1.89690462065606,2.74418370952767
2.98615341125969,1.86277329332751,2.6827598739679
3.50649454543956,2.27121756303027,3.30558851196141
0.582596975266645,0.596108342341213,0.509014439862602
0.633562287026726,0.638344712353876,0.565376171965262
0.564090190389521,0.587340940413053,0.480585799887533
0.572805091314742,0.602755577223157,0.491369795354961
0.571577848184979,0.587437094216495,0.474603245361871
0.608608834554548,0.634934377639053,0.515774798669768
0.616651222986333,0.615812689174705,0.497376860777356
0.65787094564267,0.656392439337196,0.530719130161695
0.713269140816705,0.716594957813919,0.597392496747811
0.671219184250917,0.65461731048646,0.541222833133388
0.726372659945749,0.745808562098493,0.610994844786008
0.779375914451119,0.731762605735668,0.633214101041728
0.609654844351151,0.609564255439626,0.513019944320925
0.962539117121014,0.898833650979168,0.729287945464817
0.556603049187018,0.600970141749714,0.468260303980707
0.777436448438567,0.802321157455613,0.573454600842066
0.539183392183513,0.590888089478865,0.473569236603594
0.577293225054259,0.625381539559395,0.507707847486172
0.552365311291233,0.610827484418008,0.493682224181334
0.630962149040175,0.692760523850085,0.555565588338975
0.599747151954805,0.644948777652004,0.557190010955504
0.533648207813234,0.596918103460184,0.493153278881283
0.570014136133815,0.639635617841377,0.553128243368575
0.633801525314085,0.711400458400825,0.616417514277453
0.583081988759806,0.643678585063665,0.576597735341657
0.679111555249257,0.715817028150021,0.664282951378593
0.544633191049406,0.602049119141485,0.525479141775047
0.523918136704726,0.578546082337235,0.486229605635783
0.560629497840753,0.604820848451078,0.518179795077883
0.622428750827116,0.656333954357978,0.571318552076432
0.589049800869762,0.628538992698661,0.548592383172415
0.666045970856835,0.695373351025313,0.622351446454838
0.580929109391453,0.635895397133206,0.560658044883771
0.65310624660788,0.70397086132802,0.644685785932783
0.59004312862291,0.63608735923611,0.559884824973336
0.654187038828603,0.696565193460839,0.631110087403931
0.546405619799773,0.596174121638371,0.499205127203446
0.600134981652921,0.644304585646524,0.558904478207318
0.578670017816073,0.620201630252312,0.532080850165911
0.610204303349591,0.655803762493011,0.561332202816043
0.636932840668095,0.65087327385756,0.594362197011422
0.683129100701439,0.701046276947456,0.646499110914343
0.702011960757542,0.700723938167841,0.677408671003278
1.2471357803957,1.26517933882439,1.25911586437639
1.26566257687032,1.23457283860155,1.25250151425453
1.28338470830375,1.29333555291642,1.24669265655667
0.66528312965874,0.661925296074225,0.617121507959639
0.738876911278362,0.734425325431681,0.699647776200959
0.664993517192196,0.649659244930032,0.615254247836581
0.667457988442354,0.652018726691788,0.619530006309937
0.708042818169038,0.6936940393728,0.674529419824936
0.751201471001295,0.738120975566825,0.716353142108531
0.766311523553988,0.741708382121426,0.771640848310041
0.787720418569176,0.761194892750092,0.80525528134472
0.845655735046817,0.82701704611037,0.908831248995739
0.861956577172724,0.826223239003162,0.956361833925117
1.08698702035653,1.04185703375705,1.21629348356576
1.106942852211,1.04923705034724,1.19424562731383
1.59904851444352,1.51830804909523,1.65655787835368
1.61432344004985,1.55805275565361,1.68904478826592
1.59329411449305,1.584956599652,1.65430419841555
1.12083637993472,1.06755015011357,1.24994116157092
1.59958888722866,1.56525757926792,1.72580703794959
1.62190502630074,1.60268073868667,1.71611658494499
1.6338880196424,1.54645952027814,1.7271781979588
0.734649358629474,0.720225604145662,0.699130386528249
0.872371102844491,0.822212806627532,0.849984016589234
0.727683658803653,0.729721132790167,0.669401276927555
0.790938204075895,0.787565751448017,0.70671747109754
0.763601216092717,0.758534265130875,0.694556572866152
0.833559700106482,0.783521026874971,0.725701822321516
0.872260251582588,0.864591576823265,0.803616960092097
0.699976990697649,0.72036218968588,0.652813581914125
0.765612692423543,0.770286900471934,0.721127628681703
0.665012343782451,0.714147196303409,0.631004556266231
0.695243520454259,0.752043629173477,0.668308945949391
0.650100954078897,0.722775141978978,0.63346998093158
0.723445163185043,0.773636519302098,0.709670781137907
0.627374767886442,0.735780574191809,0.605021291942296
0.687332952261581,0.797610063788829,0.672629193359116
0.629201350772996,0.75646516046671,0.619033449747791
0.759978497837854,0.871332196325855,0.734564334152488
0.704941697548193,0.827382470052638,0.69912736211735
1.27109692954849,1.35100995382911,1.29991118983307
1.25663543664382,1.34428339934545,1.25362658941883
1.28640550834392,1.36882792405103,1.28051618160513
0.710124908216876,0.774975133797094,0.72393970571414
0.796892083524433,0.855024364282664,0.815753535903936
0.80742217637139,0.855515061554789,0.847978031628749
0.961023044857099,0.983794197248758,1.00457695124369
1.00893159853005,1.02496647980411,1.02962927680552
1.07088156661902,1.07821832722416,1.11476155125571
0.915475708484771,0.94861412580049,0.974566727420882
1.0559475312744,1.07848344066416,1.12258105481412
1.08413951666272,1.10045684996152,1.1419692551476
1.20683386964596,1.24180050834951,1.2266960133114
1.37606964203788,1.35293503849453,1.41596384195044
1.23012075256935,1.21301110415977,1.29198179934081
1.54952227483371,1.53287976554791,1.60183400079854
1.59641980443847,1.49928673661655,1.64998673167189
0.850121318428026,0.87312756686027,0.888412961854521
0.801053161842253,0.797010463582145,0.787459388394937
1.02519739098404,1.01864468209163,1.06866981550647
1.20120985934351,1.18434579127952,1.25270015349001
1.11108872504447,1.05238517891541,1.10731104165571
1.14649121701019,1.06144814048822,1.10665178583126
1.42723976628239,1.35576196746583,1.45000434096007
1.61148471580899,1.59644086162856,1.69529872943144
1.71771319686713,1.64162367932417,1.72873365208288
1.85992446339654,1.86998787228935,1.89758844351574
2.27676358792403,2.35780752104619,2.26999667204771
2.15996828073797,2.32527766450024,2.29750326034168
2.37512471437897,2.36270589802485,2.42096420771442
2.94011859880514,2.91143944021544,2.95325012362491
2.85216967383995,2.9055201902345,2.94828582400001
1.09195747918509,0.950862218315292,0.987216167058947
1.90923262153068,1.06719076297518,1.07674466888153
1.01115885576111,0.901501718049599,0.937897743858758
1.63048855333714,0.99691427265997,1.03417157493815
1.00490686015836,0.899927021952292,0.914454472312358
1.13841017739196,1.00858828109062,1.02732266672814
1.14630285861927,0.97748191202173,1.00344594350999
0.830330732574024,0.818091048112557,0.780714055706296
0.927664866365575,0.987399310838455,0.861458608804289
0.773973646213185,0.687599103556651,0.700290532904751
0.930294176238431,0.745419400676482,0.798251450683767
0.654772938158268,0.615933608925395,0.599525547548012
0.653259994513666,0.644565535791472,0.611261391047169
0.725670613068453,0.660769800278928,0.663600293564362
0.836376803291026,0.775067114378975,0.797577771813946
0.826652881756192,0.722532706905998,0.755845975478203
0.700247272457311,0.644085731623533,0.628415892370952
0.646401922626398,0.618958088006009,0.59134112137892
0.856047928225257,0.764358316996223,0.757184846944832
0.617806218034628,0.573172959610965,0.554955315186879
0.807796240922161,0.67403573452798,0.666089106321182
0.522086356101448,0.525440924704273,0.489612392944229
0.584558514628651,0.570764990216034,0.517039961980241
0.501572537682407,0.500324070079636,0.462790627208326
0.541896498022686,0.545562490205676,0.505410571076244
0.522329394811872,0.486989595132403,0.477663893263732
0.593761010149764,0.535966319641662,0.535128696801104
0.591404854262703,0.552775119343803,0.551061393941623
0.513616385701157,0.491282644070495,0.475083395789915
0.589858852173911,0.564505936161991,0.51989290391611
0.69714964206988,0.639820470117645,0.596944525262113
0.612891238703639,0.632636466717398,0.575001138010032
0.694678529071032,0.772827980047866,0.680036531758504
0.569469941030007,0.615272929429207,0.57843488279296
0.523750301777732,0.533085060888563,0.534224387432619
0.619093132914422,0.614065119385183,0.646571456526562
0.687868612362657,0.650123203297257,0.708973240393401
0.729657333595866,0.738136437118,0.762258249045072
0.873179829626573,0.854905619174286,0.899571362960115
0.666745164532679,0.740675990620152,0.699159361359292
0.761133092572656,0.859436577533352,0.796538262463947
0.735778975746171,0.78745692015045,0.776200960977703
0.864699737729458,0.921414513568909,0.912099349749171
0.497810396934951,0.503286500814074,0.450519053771771
0.607586107096639,0.607227686459961,0.543171882006401
0.47866019354746,0.493820216457647,0.434146375023939
0.521509242379852,0.53505526587973,0.47810097788644
0.483587565291029,0.510994747144745,0.43722186593107
0.526989684518471,0.574067634176872,0.482908312794589
0.543338176882322,0.641791268172578,0.534521486040537
0.617443050987956,1.13236178479384,0.672170597684999
0.633451431837774,1.1577469401169,0.714567912719068
1.23678094062658,1.74710315698718,1.28380019366195
1.26453638263203,1.82877391030553,1.31407096305077
1.20450948016766,1.71983279172466,1.32235634776518
0.581236535327147,1.7317151982399,0.717436128848365
1.20855890665749,2.27585352889615,1.3161249658165
1.20469188653056,2.30684079048265,1.30595327115218
1.19158047445666,2.31279821725554,1.30876034890682
0.465993379984778,0.447856383900585,0.405886597816346
0.525901816056823,0.576754077395748,0.519984496028577
0.520311996550386,0.531028573887458,0.392524883354329
0.634243560065906,0.747176729947883,0.492524950658128
0.532348706005313,0.520509953474371,0.3751109099061
0.531199327733071,0.512946194117634,0.417786309148427
0.706648839797706,0.640449335854619,0.464388830068062
0.803385698720745,0.761531636134861,0.547093411380045
1.37696690276656,0.716632659130412,0.548583498344176
1.37083493915701,0.706440379050245,0.567205439078413
1.90354192630189,0.913223241101582,0.675250203996965
0.526651589456492,0.560136857041571,0.365954171748667
0.626873072087597,0.738068929029814,0.425324752431853
0.502539148303016,0.498815581920835,0.384124263448131
0.520716586441152,0.502861816672708,0.430135206325042
0.524750511503948,0.539649160313263,0.417029541615056
0.633008530785654,0.616806482603823,0.49936740446941
0.636585281313859,0.703638193072946,0.519313688012978
1.2350815207062,1.41016534126578,1.07251806104199
1.21831537004479,1.22815342064799,0.8687430847841
0.850779486674934,0.884680502307075,0.755428820375958
1.38895483263702,1.37592776814446,1.09924496623397
1.43800330537609,1.53973042988895,1.27762756068955
0.775756181642458,0.912419126912132,0.715807723388365
0.965829517705601,1.24883825734621,0.828616684435328
1.47431444944711,1.77098969597962,1.36196150241836
1.49589874484783,1.78851886361072,1.35808326312753
1.46827923207271,1.78709927757232,1.36301961481962
0.455764469061603,0.451215264243879,0.387248215425776
0.512850395595171,0.44573206652948,0.440214213726998
0.448396743143314,0.509220184622271,0.410455864281899
0.513957389399003,0.647560207092341,0.48832579954282
0.43469645375592,0.460584085175894,0.406808074569996
0.482985330315891,0.471264498870888,0.447921369236705
0.506907760457255,0.521241212372461,0.485583828672749
1.16464435399298,1.19968287068386,1.15522418507916
1.18840046604454,1.16249120781895,1.16993668223005
1.15813490465052,1.15485602213474,1.15595994467283
0.417486185325464,0.478345968888684,0.408152893121509
0.474583532850624,0.57826975014109,0.502163663401992
0.431698586284822,0.463570369540619,0.408680229496743
0.476234775173933,0.48253351159927,0.449098085948035
0.469285943639039,0.496123096914189,0.452367446041864
0.527754200687698,0.555087362178908,0.547688049319959
0.602320365905714,0.551076310547279,0.60697538684776
0.802260059712457,0.622790689197307,1.18426344125085
0.814308214173477,0.668069060042624,1.26914782461125
1.33431735066237,1.26306121669208,1.82498140013147
1.38589524739808,1.23636477813128,1.8277668004469
1.40341952136601,1.27130381863105,1.82640810227349
0.736985649544152,0.596975531814186,0.887417782944097
1.30926844446636,1.19793740837991,1.51724153799082
1.34232452590508,1.21692664904646,1.47696525513498
1.2866809553274,1.21985084761148,1.50069559405355
0.471796444864988,0.479940199688146,0.428089716090392
0.484406194743124,0.475956679815008,0.453997848362845
0.544996152573194,0.523271667238194,0.484190878799628
0.630636931827867,0.599936025182038,0.580287141002435
0.717951466764313,0.6628219735788,0.692725067468186
0.744910573367371,0.698903975440164,0.71466000358033
0.601934054391679,0.531265549228578,0.526938340007662
0.607271016444977,0.541249241425603,0.545119798601763
0.726224675464786,0.630204430325121,0.655933783616513
0.943931669638732,0.832866035163521,0.888409824667131
0.926146556098312,0.779455709451972,0.939115622115384
0.847051633368901,0.710601703803235,0.763684859913132
1.21382680870257,0.975210541114104,1.1321394073825
1.18611501714971,0.927834696130961,1.14677465524765
0.623707674681902,0.524679394399397,0.531319683298276
0.719585970633327,0.600220756370471,0.626785967698078
0.613691536015156,0.513893244498811,0.525793437574193
0.632434524258805,0.550221232617716,0.564769961107091
0.613139675223125,0.514989692548634,0.541683696209281
0.652813883339914,0.521412407918813,0.573827362472152
0.647427242229307,0.542544618607554,0.5838856688635
0.71545474541752,0.584470651597857,0.642559722117687
0.686431632073126,0.614297116680231,0.634889857566995
0.689646894715006,0.601883248623177,0.654516473349613
0.733696343473445,0.666220968585497,0.705211443771101
0.60158140212899,0.57232323547122,0.568917258247844
0.623097519619738,0.649033782214046,0.603829394400438
0.652014326893401,0.591984848259729,0.628768626882026
0.722772236419655,0.585212466191151,0.687784142151647
0.708385975735486,0.672682473598716,0.689607513289681
0.728282684999387,0.730023877109685,0.717985499659243
0.820388766413109,0.760713578643274,0.829040061598651
0.853741493785689,0.788291416887266,0.970301948768122
0.943773902294691,0.8552101076814,0.992999999169228
0.8932636108386,0.854698390940066,1.10530108831763
1.14554909142986,1.22871763647542,1.32989504408395
1.07156205964001,1.27506842881058,1.39397142609153
1.17518146225803,1.46145921270386,1.48294835562685
1.45019843991021,2.02097975007149,1.77223697848537
1.67115763081825,2.31321150808113,2.0330924275358
1.85628322228398,2.64400481124857,2.20477843614265
2.05041867653118,2.92086258196507,2.48110398621565
0.747701620226985,0.683908035289317,0.710069998803772
0.879392557628025,0.819259563099238,0.849409434638283
0.718712458163038,0.623514224002835,0.684110361622436
0.723425987494587,0.622932314543039,0.699762010179613
0.766293201528929,0.651344533540885,0.746387082743081
0.842267287471975,0.71088188623235,0.832480625521735
0.872660255335661,0.743772625166118,0.85132943766826
0.742055635747026,0.607434577851474,0.744094341708308
0.838314472762385,0.67948925080284,0.87126341690628
0.724112479625768,0.5620447071176,0.745013924697804
0.760083431355195,0.590975786958666,0.807773911114311
0.738139308008023,0.542306141206097,0.793135647999809
0.810618716898169,0.598854357404802,0.909617381578853
0.873728027585799,0.568233864556737,0.966844491250548
0.973347962504606,0.599737525096676,1.14754912322792
0.968706277075022,0.648323390054429,1.11012075383693
1.08432154467284,0.610715063078245,1.28748510925738
1.48145675300425,0.770159450782942,1.87826930985068
1.32619049255796,0.707685340642326,1.71705961784561
1.18509587173815,0.594779542343596,1.79094656799693
1.74745361744743,1.33482771137164,2.42818260789387
1.71778575354166,1.19097143673659,2.44090702192833
0.665878969653489,0.527706667752363,0.687572089519771
0.687904074858367,0.561154823588233,0.702615122520504
0.665275438699139,0.549384704025813,0.690261771268854
0.746320321972768,0.60597545585714,0.786600852550751
0.643593373789137,0.569509090573283,0.664358008350994
0.682480934045978,0.614586921146085,0.712031364764739
0.674559617855496,0.580920847786027,0.681607420267606
0.720055510992196,0.612451788189041,0.741373811614617
0.758177244795868,0.676050220306041,0.774697538235595
0.679767483769998,0.551665299503561,0.653500212642456
1.24315013915662,0.633670409753069,0.71682198212683
1.88133324213793,0.744042664429098,0.830663355440363
1.27946612725268,0.669923962691298,0.746628063076949
1.92477366581171,0.807230470654559,0.883233012479211
0.815162922961539,0.616342603910799,0.695292868851697
0.944582373216615,0.719445172422329,0.782238037751398
0.898188544329599,0.705183123510386,0.772611775954004
1.08327882276474,0.552976801400884,0.678504601375228
1.6988841747436,0.629689575017376,0.77944197845011
1.1280779345572,0.574010520435812,0.687748597578698
1.75083693016848,0.655223748092616,0.792253132852437
0.667311553581486,0.637154573671625,0.706306488367012
0.758841438251295,0.768821963374067,0.813710656366985
0.693579085504061,0.657985183984855,0.73853908291356
0.746966535501889,0.693183899679862,0.800062210675179
0.765841328417696,0.743268411035265,0.816563100534554
0.863224092035135,0.827819277966392,0.914410083566158
0.860618620382528,0.836063022755975,0.910271847420176
0.709826853576606,0.708013810858749,0.75889158387668
0.846276846796052,0.843771719248075,0.905959908924728
0.612772934013314,0.614634770578177,0.654356322886621
0.647422631303059,0.626986580294266,0.686237635150654
0.576753695895658,0.591125008521835,0.616786858317739
0.624074669721973,0.642671404148402,0.662052249155179
0.561089758841096,0.5542486396246,0.601762851138992
0.597234888087506,0.563185392765408,0.630480540694841
0.587617626028514,0.58361059204825,0.628900621319153
1.22326823849219,1.18644693630269,1.19835964419134
1.19549266955377,1.20899865143321,1.23025749111156
1.17731409472468,1.19807741500244,1.21919023076811
0.613547290565457,0.588564107690839,0.65522173780799
0.694618581743477,0.659007406099814,0.838569043817672
0.662307698494394,0.656857718529027,0.84221595083424
0.672587233951592,0.66419494113038,0.736313864995763
1.25358933783863,1.25720416001644,1.31458337605424
1.2537036788022,1.25401582984675,1.32053562687754
1.26183995000386,1.25071812118061,1.31454720685441
0.576471423902864,0.611992065954741,0.613258099918826
0.638518551819303,0.661995379141698,0.663359032027036
0.587002057925482,0.646076255466887,0.630317085055554
0.65960924930438,0.720911467968867,0.705929151869403
0.729722713952228,0.783135293014166,0.781454670301491
0.754169072241042,0.817312718774726,0.785632194705746
0.613610072787433,0.680210198896085,0.646446533034454
0.667925819580814,0.746703010938975,0.688447596963479
0.68328242878101,0.763891596455619,0.718986651600409
0.766920042458824,0.822934015012805,0.777304231022676
0.797337260853419,0.886190610125339,0.810224013787909
0.731309277243798,0.811144284908213,0.77315446902141
0.883760334586513,0.957144274804936,0.897164370895358
0.859600173684244,0.94508282093968,0.872810834643677
0.604263767444369,0.647105024356282,0.630583566739429
0.610661108247125,0.630730432640977,0.634343264495883
0.666424421293064,0.713096682736728,0.678120572054023
0.755175116303355,0.809855929999003,0.766315847499042
0.685272320382993,0.712195532198256,0.67576993872856
0.690575264513782,0.702982885352506,0.678182234466845
0.804446821132427,0.830577682848897,0.775382626102499
0.992835381329122,1.13102972951543,0.962378009640259
0.988776418814,1.07932138636437,0.938780469461941
1.05016475007257,1.14986157325456,0.969798400882578
1.33957554758446,1.48374103042642,1.21583978842179
1.29889315559827,1.53027544155324,1.21298995032258
1.31716139942707,1.38896108202852,1.21710570549748
1.8500153714149,1.90981340671064,1.76845844461406
1.84622865792696,1.88497824704148,1.75278961324075
0.673927855155812,0.70151430674957,0.651562672000706
0.76994227579846,0.803218821122092,0.736421787274265
0.658983085197471,0.676539756128557,0.626521542406073
0.700277681987712,0.70740396463941,0.664595348154275
0.705700966349258,0.710157996724669,0.649547580800661
0.802918144455505,0.795562214898523,0.734462661016354
0.816746364425744,0.807900291377043,0.744836988226863
0.632050646430015,0.645284504201755,0.591185047707162
0.729578606123688,0.755921452298766,0.742881162684864
0.609747626733541,0.594458339347955,0.548931507451344
0.706051847844946,0.669472150849748,0.661788161583048
0.560973805179705,0.543302544110746,0.500970084547561
0.619170333737615,0.589976560448615,0.547234092212974
0.56263657670198,0.555265273140059,0.52250304591048
0.586529575453663,0.582621704808114,0.538181106680516
0.702992255079717,0.702567675084965,0.648043938919817
1.29754723350214,1.26481204063967,1.26037674133836
1.25363470317861,1.28623759559848,1.25014277282825
1.28106606470456,1.28893812419949,1.23111274051574
0.574653734159229,0.581480606355186,0.567672042021015
0.734511303806506,0.734594941107461,0.765214189507671
0.693701244060947,0.696414318770192,0.734271372188556
0.59842982769838,0.637162190825161,0.638873097034409
1.22102308300122,1.22023455335233,1.244133340026
1.2217602753289,1.26545329236496,1.24660526394233
1.21931647640585,1.24261477487101,1.26554543671771
0.514843121165401,0.501303982336676,0.458375230048545
0.537069622390289,0.522707041569339,0.49226097197047
0.514164747298429,0.507648945759578,0.457790111347674
0.57059227032905,0.563272004174661,0.533378726822421
0.475747396528144,0.481982912302164,0.418859508802805
0.480633758697845,0.496765866998975,0.429257116238171
0.518365459862625,0.525105428482649,0.448180287269632
0.574590372266033,0.564096346461588,0.511549427014401
0.551260133139203,0.573434293718188,0.490587608533992
1.18243031945992,1.19103916914094,1.16748474718836
1.17171810400891,1.20224179998097,1.17297902927842
1.2077450110821,1.20091703780097,1.13490998935179
0.590697818929233,0.591735898135931,0.520766854943051
1.19885857626862,1.21387664211454,1.19521628647318
1.21933517522218,1.21880015733662,1.16247140662473
1.21321800958862,1.19936039623376,1.16786156645684
0.448909720557525,0.461299874702639,0.405445874416439
0.523229155871659,0.554733703089593,0.475205848579909
0.422819946609293,0.422086904264965,0.395403117128012
0.464520294109328,0.465405996118198,0.445612758663351
0.390234239908451,0.389923477015683,0.378781485079886
0.415194380231584,0.424560319319446,0.414378243950036
0.434307700415469,0.420334467011398,0.421041498842946
0.515086985460826,0.51012369570186,0.500606600477278
0.499068119171497,0.470839741213654,0.477990947595363
0.397571359293614,0.393489611325685,0.394350576330669
0.413420270853675,0.39540058572369,0.408327993809013
0.47319958407632,0.436277309309462,0.468885986616193
0.427185104728125,0.425889117274783,0.423219536941168
0.512453407149111,0.491253333859227,0.510943354971289
0.43017027973239,0.457056249614177,0.426713041790004
0.513200191148799,0.560076345359423,0.500555842227867
0.57590627841611,0.682587422558982,0.652902052910612
0.417138460825143,0.434633664725938,0.427217007902889
0.488277439524322,0.504333346665622,0.509647307751644
0.433699481543589,0.467734754178314,0.442379054971223
0.510603385220747,0.56300465960624,0.535522874328629
0.36919572544652,0.374280316803426,0.355092117364394
0.412222855012181,0.41033234392445,0.389801639079554
0.37503955322649,0.392047943755296,0.355560827447862
0.440232214507498,0.456152029371473,0.404393973063717
0.3652007765099,0.38794741299155,0.343677563993231
0.416920395531207,0.436245766708081,0.394647531544553
0.408751360825772,0.442914224340176,0.38094692676495
0.973956535812253,0.532140348808467,0.472971877670847
0.924668670657028,0.473821250702508,0.433413513705103
1.0458476908429,0.507277720355694,0.411060689236268
1.64971591297382,0.51275475924004,0.465083795185516
0.359159505378264,0.361026424154348,0.335347677671692
0.395951939095194,0.393029957625954,0.366007572415103
0.402324260980577,0.384491866809369,0.379547041740928
0.473202111388273,0.451778897684848,0.45073256478241
0.411027020322255,0.389057418682313,0.387854578803652
0.423862357073336,0.406634499035694,0.403432410090855
0.467635867309927,0.458050194248776,0.440661198334864
0.538006887619812,0.550213858896303,0.511099794496052
0.538396400898129,0.559101782419462,0.519110268927675
0.471099906046888,0.433007689955756,0.437354368193695
0.577640401307265,0.515702117231425,0.552832757411376
0.711081337243909,0.643082835817693,0.696103027442353
0.642205835662649,0.586373697505318,0.624454803489568
0.800109950076665,0.74355411859371,0.798421408223698
0.619971532015045,0.59267809508461,0.594689074651627
0.72387198902409,0.721378179007565,0.705929094143261
0.54538026102142,0.523750252942826,0.515452504348325
0.67265825356767,0.661698840772719,0.648120863245838
0.610468316536204,0.593431553031849,0.579471921656689
0.757369923091687,0.756397402191262,0.725091763948195
0.420724437785261,0.390603463591937,0.40718254192185
0.48266418378708,0.446700141273421,0.476091078209895
0.433963044506951,0.416928547485962,0.42103979200982
0.467421470833662,0.509116049769413,0.46020105123785
0.547602208340694,0.604707985028644,0.542555159606637
0.53755453801707,0.627093430303007,0.550883341295409
0.422949100004319,0.40246586237465,0.408908681828147
0.460252981339266,0.431505870713776,0.447052519574442
0.464834363359607,0.472480181733984,0.450506168783404
0.513327603311016,0.592209601140234,0.497618708520838
0.527530975210007,0.581292941045428,0.528014739158733
0.491560804000061,0.581297368063682,0.473447904324161
0.558590995887852,0.762563673223964,0.538544481969506
0.586210565900102,0.786801874710173,0.571172884307867
0.421277871438862,0.403486700758669,0.40134187241303
0.497397434557911,0.470217909619666,0.466457846618037
0.423993521229019,0.421365267008686,0.406381369324256
0.471471448476636,0.467643223415768,0.455133055489333
0.437915136201862,0.458761311968419,0.414955015617903
0.462073929527148,0.506438261632666,0.432191809581608
0.486218113554649,0.54784866557701,0.4681185100166
0.529623577127161,1.18997996601186,0.512266923935988
0.566252558140955,1.16886270897294,0.566694345497474
1.16127631744103,1.67285489796198,1.21402105002642
1.13573976874343,1.82050548094124,1.20685787166876
1.21317735856404,1.74271265830992,1.1750086285494
0.590726088723716,1.15285189984897,0.583854363748925
1.23657163052885,1.75359284562811,1.2164450097763
1.20566417032789,1.75616741679096,1.21097873856458
1.20684951694145,1.72888479075801,1.21548494904656
0.438297066856959,0.477012585916836,0.422999541256723
0.475409818206102,0.517205945276295,0.47107147315111
0.471817241623446,0.524693758279569,0.454596426418651
0.524326648306523,0.576850134519549,0.511268513773996
0.496556129922912,0.57620258375791,0.477097562989726
0.520799000051425,0.602111147834714,0.512841860829144
0.557434572232321,0.673137531645569,0.561589787799332
1.05021790650583,1.00171104332477,1.21895481035427
1.20092181267708,0.981174464727577,1.15168151903697
1.6663752638938,1.31014449071655,1.64406726841183
1.29713923923732,1.06960303103316,1.33364906203745
1.89399626209523,1.63347983663005,1.92747968807808
1.8913600999764,1.59718613978323,1.94786223074709
1.85708120607836,1.61519884745537,1.90447226860841
0.518218241850611,0.599451319629587,0.48117970486121
0.585621969640099,0.647948178138215,0.540302542606694
0.53999234931418,0.654335485764252,0.506994291985387
0.579626536101903,0.710443522703495,0.557711564832078
0.573369383370453,0.69036736724011,0.537967330922786
0.589197434840581,0.727711838850062,0.551552682526488
0.620074987817531,0.732538075481708,0.610913137445531
1.22575931742985,1.30827201956877,1.24031195769308
1.19269317310613,1.26050685654691,1.20005792631468
1.24411132772354,1.27363126485073,1.22747618185619
0.65805858385663,0.724175486886958,0.62197114458268
0.701753386232232,0.749187528485186,0.66589306463918
0.749055916835203,0.788798051474282,0.727477857225017
0.774996414571951,0.831489570537586,0.763438338979282
0.857646436490238,0.854425579139384,0.84949680028849
0.981542114643172,0.893833436055357,0.960211379086689
1.03578016694828,1.03887534481162,1.03597679886972
1.60559300386698,1.60792146291143,1.56417436748406
1.51031391351262,1.52882930985814,1.56572649385535
1.45290864314919,1.42316306566246,1.52186941731541
2.04451770834937,2.04525369738157,2.09494102196376
1.97564720151435,1.9786846016779,2.06921519417713
1.88258131310298,1.84806360547766,1.98118576723431
2.26225066070463,2.19150894524239,2.35808824659516
2.24934990558727,2.3066676662854,2.35764343774298
2.54869885320381,2.54165394913019,2.6648953788283
3.03889598990401,2.9277108832926,3.11534916803197
2.83703553022218,2.89235417138066,2.96272186669222
3.1112813370775,3.25438170847701,3.27968121359326
3.43875214776248,3.63577231366596,3.66347549500141
3.47923726655261,3.6103980046797,3.60685135225384
3.44699930314317,3.62509046076452,3.60963492346954
0.802691008147589,0.846681821972768,0.840525837251501
0.791512713864912,0.872528602683362,0.819115347518447
0.869217538470944,0.913904740692959,0.978833769824291
0.966503366806372,0.968620854861704,1.07889197789792
0.912465988135336,1.01088768817098,1.08518604494875
1.00356848735321,1.15596621349913,1.2540185996222
1.05307218545171,1.19815699354144,1.28222859348759
1.130669407399,1.31087586892729,1.26973019255649
1.18099691053035,1.40997417727888,1.43833202375029
1.22710060090559,1.49071509287037,1.52481743116128
1.71318898801638,1.95520828501171,1.96795794434023
1.7174004801503,2.03678819319711,1.99497567123497
0.885154644403733,0.960054474504681,0.984324208059613
1.00793745933878,1.0580992064357,1.07940467601787
0.814274825951464,0.921767463687477,0.897660111661752
0.817138741327665,0.960844576442027,0.934234252459412
0.825920308534057,0.941505107925548,0.874444931184347
0.864795517454875,1.02484281561039,0.955379488108142
0.928546292582631,1.01798898430195,0.97065593655885
0.75528732609485,0.883283181427701,0.745133732749064
0.832895011757906,0.985404519384977,0.830372362663552
0.697204823469306,0.833275193906454,0.667534639890197
0.734477614179169,0.867849672408298,0.731629672106301
0.6755440464681,0.848759724327278,0.624134055649164
0.720557243966755,0.933083326880952,0.686938011449569
0.757989403381641,0.937744476394278,0.724590616233883
1.29665958164073,1.42208592478665,1.30954208168456
1.31099839241478,1.45454840453907,1.28180877577841
1.32106321101568,1.39864423629668,1.28470900076532
0.642150465193558,0.794688798511009,0.590405490336929
0.717191322705976,0.834986622464117,0.7211352034395
0.664995206464735,0.805591637304631,0.615204667384623
0.761769287576139,0.889043982799986,0.753363924671007
0.648444489217686,0.752742485497412,0.602135230191055
0.692958789313354,0.779890379993525,0.662365000532384
0.662660041698558,0.756588632433472,0.644321916427665
0.719819153095237,0.777656309125861,0.706344482222658
0.741670823043031,0.828859964947278,0.744965153970243
0.603352347727249,0.720896141608443,0.615493872966422
0.605608865577365,0.874670132330874,0.619633899357484
0.68435841593436,1.17884339575853,0.684240461912723
0.621715271561773,0.873059504585121,0.681993110147666
0.711536143138055,1.18250571538893,0.783986408541514
0.637370065201477,0.703199929298387,0.73640049104004
0.753328089767289,0.730440330495559,0.884845646731605
0.789265559096918,0.864983705651766,0.90132484204373
0.65681361880118,0.924356527034114,0.72457722944393
0.769198211133896,1.25510773490685,0.854254121123363
0.668830350129133,0.908722318245406,0.776692122282723
0.786381029244099,1.22292073386542,0.92206435260069
0.623845250810421,0.728586176684183,0.570984601826216
0.669621337079406,0.798682079484382,0.628468428496802
0.595330447241864,0.687649084235717,0.543345615786944
0.604048662419665,0.692353281256781,0.549857269715837
0.606700068323576,0.69479675063226,0.554803276641112
0.671094316580326,0.766333743670075,0.614916964331579
0.734684570166853,0.823265149074321,0.678537499619667
1.23669545846945,1.31313960680258,1.02084099662497
1.11852672371059,1.31770861422642,1.0114164627903
1.06050134251091,1.30903765121318,0.903110432842569
1.62656278555977,1.69799531044392,1.4871230045634
1.51025805956908,1.81577187638409,1.57317665437151
1.7043592486249,1.93575327376802,1.42850492317402
2.22652152666688,2.28393319253023,1.94424431238012
2.17689763788803,2.35881849022583,2.08458978036882
2.40058468193765,2.66900517085645,1.90559141103674
2.68690208453374,2.91012190143574,2.19976231105151
3.24376358997358,3.55957149788167,2.6782870508701
3.65049652828768,4.06394407744574,3.28343132531536
3.43545449085405,3.83964857031788,3.25453756158759
4.4057776658615,4.89276020617214,4.00091754762417
4.12017955887867,4.37906108651169,3.35209813982548
4.27002626021551,4.44918454730559,3.46164342821877
4.77907626686225,5.09929619975998,3.97573725772169
0.541366676820437,0.603713166410117,0.494411030777533
0.551852469700827,0.605888421801239,0.506991470795877
0.55523791803559,0.599787915247185,0.514575657194142
0.633528721740266,0.678524601595499,0.60600613278255
0.525182916198887,0.547883484358052,0.491118721991024
0.525277242406177,0.542408957756793,0.500004468071912
0.58142750146445,0.607714813658221,0.561491555273867
0.660248354564153,0.684191345877558,0.848647242757918
0.610967241170116,0.624463179484142,0.851062883250953
1.1944236049487,1.21161650612259,1.43524121202622
1.22140816308804,1.22676617351843,1.45007929039246
1.20441704560727,1.20870546429518,1.38937701038864
0.667216705127163,0.710048419078306,0.887366526764762
1.25531304979762,1.28328181385406,1.45755007975187
1.25016983738166,1.27088928766937,1.46221579858119
1.25900064864813,1.28229301280872,1.47214106880095
0.533671832282104,0.533394476171989,0.501401762143187
0.610024569628794,0.613247672889946,0.589833464149953
0.525762554115819,0.505605363449112,0.497229055136038
0.537051492488342,0.514725832883414,0.517445726623256
0.55657082405428,0.520120393344969,0.543652610682057
0.639349029255519,0.586129878182706,0.613269544055536
0.560377443782834,0.527917639515469,0.574947818167511
0.593645972985733,0.586211431001282,0.895773685381027
0.666019144539559,0.635703440944234,0.928622383176635
1.27668245707498,1.23939983294945,1.47664288380607
1.22491993142118,1.22532059484039,1.51856838363154
1.25357436719455,1.25592534783723,1.47470180434587
0.631233383236684,0.592369177491695,0.838284279441316
1.22165639460935,1.20000685112839,1.4146667250581
1.23860561459161,1.22276243865131,1.44555706267615
1.24114981864891,1.22064268556782,1.42352486860845
0.643711531055917,0.599984834009255,0.640994016950099
0.722416686162247,0.718819331110622,0.764980993607733
0.864989515644136,0.762251089487001,0.809903853514898
1.03561594207937,0.908538905671821,0.953080643494363
1.04246032428697,0.913902375325239,0.979403944427462
1.07470983748498,0.951601194267439,1.04979149593121
1.44149434418015,1.24011634935514,1.36118004717746
1.55546762454052,1.31696771678944,1.53186832683749
1.64112554345323,1.48121234446981,1.71267765117806
1.70481174233739,1.56873544019526,1.86093151827924
1.87141157884166,1.82666746671949,2.25870245695691
1.66741439238835,1.63192259892481,2.05816026322132
2.13186018681075,1.87480692700029,2.23307438101335
2.5484200810855,2.31930422386198,2.63116605803467
2.5961857251057,2.27047906602171,2.66570761866026
1.01157762134204,0.891639116737361,0.927716042420261
1.26602989461421,0.991532778464424,1.02351413009929
1.05457562069516,0.932690711381786,0.973590995558136
1.26103265578356,1.01960176282913,1.07599708402567
1.14173750232467,1.00822654867259,1.05944210203418
1.32062384387749,1.15257279206566,1.21881877181065
1.31559682427602,1.1548087525221,1.22581820638665
0.942637407005169,0.861793765542097,0.89112625688394
1.10432519359457,1.00159110470624,1.04236625328824
0.733382839684265,0.705664039217406,0.712956971752866
0.766512707479386,0.730748458370836,0.736382491997346
0.655062800079326,0.645940729004307,0.654410074854134
0.723811389874768,0.713597337720762,0.717239946261695
0.648676180550094,0.626776958331121,0.662653944631331
0.728514879778915,0.682823442407988,0.757251246123846
0.756969004101273,0.73006433176225,0.825072563670425
0.681421095105122,0.653452902139815,0.685414384995365
0.769355661349965,0.771909547071161,0.872816326301658
0.808195795362024,0.766840865758246,0.884297146607604
1.34142311508783,1.31340560691734,1.42207098703089
1.34715353019583,1.33999662760986,1.43896104930627
1.37179676144677,1.33877817741923,1.43127387970467
0.867955302278671,0.849758702776208,1.00453087271658
1.41171853284284,1.41565923807501,1.53517655574149
1.38790835992785,1.38558282977389,1.51651130671148
1.41718637218587,1.38848966872504,1.5526593190689
0.678547194760341,0.665306537910477,0.661537711240414
0.778217234773149,0.742633861682282,0.76063429411847
0.699739567804158,0.695156867004839,0.668043205359168
0.746868001252333,0.744035642482073,0.732982407634332
0.759641679476385,0.737150802047044,0.690354187654574
0.816405175288388,0.784302536852593,0.741082988678423
0.930715655047184,0.89663247626929,0.838221352248719
1.16794998314421,1.23307009530195,1.16148227843823
1.2708112269274,1.31326843818855,1.18426843463733
1.4186157256022,1.49995909168525,1.42132763406589
1.93546609988895,2.07693831630041,1.94833615453865
1.85715931742838,2.07019308059692,1.93870440032762
1.79033621293677,1.80519653441185,1.73331657521117
2.3190624764162,2.31260943352924,2.25857285503501
2.32853357132917,2.32570017045971,2.23564265537022
0.716892350767148,0.712577792674522,0.638469570146997
0.815219399498331,0.832236742664321,0.739418077230971
0.713395430883341,0.726300594632363,0.629979251910858
0.821303395895053,0.838176628933368,0.741966783577828
0.684979929464668,0.739548864488879,0.605855800876422
0.700301762038903,0.767500717231035,0.633928588925657
0.727387390632157,0.758470851189625,0.656680520537089
0.838242029442181,0.838957311282761,0.733644623343829
0.781332203608106,0.845252078953673,0.720291290435647
1.31238300856353,1.35133116462042,1.2963221325408
1.3087993431549,1.3459702248521,1.25019442098777
1.32841504088617,1.37885945002718,1.27507557884684
0.815707992514641,0.766333620556771,0.729072377441366
1.13956708443268,0.897240664251249,1.0147784327689
1.13155402836747,0.908016542575696,0.971882512351663
0.956475990367549,0.841082911279241,0.818108552459867
1.49986624166072,1.36958450341579,1.39225078602645
1.52463533861664,1.38044110336389,1.37499398223956
1.46883477523135,1.37773724659837,1.38650765965335
0.703714397435826,0.830946802612566,0.625427709046674
0.805322106545142,0.93204960435939,0.732420268691762
0.710811683736473,0.896538202731758,0.644591346008583
0.75932453314119,0.916307354919097,0.69174662189191
0.766998465206286,1.02482897902478,0.715602298895604
0.861154508128849,1.13029940516256,0.828417868319654
0.904690872020292,1.21682614929939,0.890590397107693
1.42576875098184,1.73696689983108,1.58148955903165
1.34746854324862,1.83436338579112,1.40574236549929
1.06852113001527,1.47303897927789,1.34686057833796
1.67920427787039,2.22601110191878,2.1635541081511
1.45326566312742,1.855221987613,1.77021693157083
1.66655685086245,2.02035946419354,2.37900553561403
1.90020941883583,2.43247055187393,1.96098512499369
0.704461434603951,0.985955204967199,0.643997111776339
0.680013083397911,0.910421515669774,0.627046242341338
0.745776524963652,1.1109969591788,0.688537096378845
0.817616587157188,1.21792668514049,0.768639723563336
0.752562773414266,1.16337475680784,0.700099539132288
0.780026165278845,1.15034083701789,0.73764082587944
0.875120371102417,1.36608597150948,0.832352520261051
1.19999606692964,1.69512045674258,1.22947147168444
1.21994905338377,1.73283384290904,1.17574959406949
1.3978319780153,1.87068121381987,1.51376888463246
1.94698738825203,2.40677825921702,2.0710628115828
1.89328252232155,2.35457670273468,2.06742740230971
1.72813403030056,2.22415277231851,1.82873148994776
2.23451065192858,2.71265958976985,2.35694579756878
2.28183311752745,2.69741175446866,2.2984796074952
0.707912037420638,1.14564267945994,0.64568278554429
0.731082314254141,1.14809031031859,0.691641163195761
0.708418443739753,1.202854838623,0.629590018736462
0.757388917552133,1.25969546656174,0.676469895387268
0.71034257523157,1.26302667835181,0.630094239220536
0.765023299741392,1.35674362944506,0.69247605204354
0.806922674182979,1.48284378373046,0.715996194992199
0.982413525242709,1.66006585813755,0.845389819773136
0.952156242936311,1.62476597943908,0.780370229296226
0.824237564524814,2.19637725352618,0.728250159543268
1.54540149705814,3.00332178258582,1.39375393774284
2.33228897427943,3.20426333893133,2.23021793595349
1.72750204266316,3.88927116728887,1.45943038031859
2.56740880993584,4.63070564162616,2.28674758149311
1.31385523599153,4.05658138810287,0.994200694570678
1.57791043590943,4.82149401471132,1.1547430902442
1.47338521375268,2.65379182553923,1.46783837317755
2.27078054908171,2.68198154579057,2.30340159423775
1.6194612496731,3.53712485756786,1.55968003492354
2.41750350657537,4.05111913743024,2.4141748532957
0.653701726216242,1.09020857179685,0.586059414727108
0.686867288744936,1.09816888901354,0.655215945508266
0.618755035446927,0.988335848417894,0.541062856066934
0.655956218051613,1.04197900556537,0.569288867801333
0.586948204062074,0.859068891654915,0.52469357852707
0.617978612393679,0.913491509525078,0.563293086733185
0.619371141119492,0.865634478968201,0.558791419845788
1.22778943783425,1.33457573026051,1.17501146500459
1.20531606023562,1.40315097942296,1.17354424490687
1.21835357366595,1.32842537254926,1.17025072890701
0.563947369334374,0.746089475464558,0.52311998126266
0.571756009392003,0.717832905002829,0.553890534467205
0.584928752383153,0.750871139582072,0.543323082241178
0.620006172562491,0.808744198977995,0.570367803881021
0.5889479447047,0.737166802469588,0.566950597467367
0.59829582271224,0.719031601758516,0.594943821454816
0.653409622104735,0.800792882640644,0.644204735924202
0.755690260948057,0.951862534717713,1.11425709447338
0.723060777956579,1.05941401089559,1.08676492928211
0.749916480099649,1.27115090933924,1.08960684843465
1.02463230146813,1.67797202953145,1.59745197720423
1.02215620932834,1.62966043051114,1.67560758205004
1.09341058466534,1.67874311304301,1.43370861968487
1.32470703514099,1.75183586828326,1.67080171822938
1.33166261009006,2.1009766076716,1.74551262444394
1.62383050841566,2.14458868249392,1.68597990728514
1.66794410822524,2.13407708085661,1.6109939678871
2.29136456884738,2.93297587313064,2.24036192838687
2.51622974390324,3.34297147675912,2.63936029846343
2.2311530012327,3.14625646698828,2.69022088291266
3.05355114093845,3.9741486889975,3.1070011091099
2.89236186824985,3.54354199534746,2.56299979546064
2.85153356603824,3.4659948321809,2.3953975956742
3.41153842116449,4.15709035750773,3.02958334215131
0.590773279867665,0.761355580787831,0.560652006183749
0.607392643504338,0.759011772265959,0.589477941688403
0.614353367039066,0.830785732772412,0.573791425241986
0.648935756764726,0.88115521468907,0.600224127671971
0.636757957067012,0.878621136442462,0.598600275133708
0.684090482315499,0.915829858619662,0.656236326513047
0.725031200049789,1.01195803817049,0.699908813736501
1.01035486992841,1.58405226845285,1.10966237226559
1.08111391571042,1.22228403038781,1.01994686680869
1.1886732641017,1.51274897354444,1.23176182625061
1.60005272748021,1.80970924886703,1.69466175903402
1.54909501121945,2.07290543257535,1.80723031423118
1.58054027651585,2.13019667392008,1.96279321134686
2.03564948650331,2.64580655180852,2.55006213381756
2.01698838666296,2.52448609059107,2.44131103902296
2.03906210553882,2.59471986123493,2.49561772819942
2.41929506858247,2.84168448719991,2.70240805067485
2.40590337287649,2.88754516356432,2.8954434683855
2.56400119247618,3.26251377510237,3.25363877650794
2.89665037858554,3.63705287543219,3.6259160881596
2.90755882295499,3.59045866306836,3.62114449062287
2.88066117519704,3.55243630036016,3.61629762179614
0.594130277070737,0.827939947523779,0.558708164304267
0.621281010423555,0.84867768389389,0.607838906689873
0.568929802384979,0.801441725090728,0.529367308288655
0.593612598064954,0.834664662691635,0.553871223624778
0.551770482393894,0.77495517206785,0.518323197564486
0.586699667660433,0.819227567378861,0.557282189171732
0.579811201854509,0.820394494663047,0.558144758348925
0.619329126333415,1.28151506532635,0.600233715711241
0.623666690504153,0.993681252323,0.618336565608933
0.636261962621385,1.45431945507804,0.626178105959216
0.788742360465166,1.6692387160433,0.965588206476917
0.807406817677174,2.23826359384602,1.09495154765196
0.791524865910894,1.98641771822776,0.944617556348746
1.06357141780028,2.66138341856695,1.47932846117601
1.05447162649121,2.02214391612701,1.38446030514121
0.87401935482224,2.52115557202264,0.997447555078115
1.04514672068007,2.939692835171,1.20838306033687
1.00145018426904,2.84677198242589,1.25841482553039
1.16507441463081,2.93208953404373,1.72253177763511
1.13142820594576,2.83149850539836,1.81664219565045
1.4237224552164,3.38780585488084,2.12304551049978
1.22973245438821,3.48961971411511,1.46607944678488
1.27088515630433,3.77231550507277,1.48258952670165
1.42447246378718,3.80256031122617,1.77794194694835
0.526772348499682,0.697630551237913,0.494397726681401
0.559264067258865,0.712978069185022,0.537077514811855
0.512297270508445,0.64980666951286,0.476128416356866
0.539056360273356,0.681089799293335,0.506074255926877
0.500033111975981,0.601336942986562,0.469780537589743
0.508365969697683,0.604827675146795,0.484680466655233
0.514594723919923,0.595906260973272,0.507947214091428
0.570322537604881,0.698006298338673,0.572862419103197
0.559935211545431,0.663004695520747,0.553343305678338
0.549649614053377,0.676236929112783,0.573781196102887
0.639015849869391,0.811958649523002,0.775147328320499
0.642406928717118,0.863347746303433,0.752773935302982
0.669111557682914,0.799503108284911,0.772849122949402
0.801647265877459,0.892420239776054,1.05597324584629
1.37893032402712,1.46413795466444,1.63621657762428
1.39498517215928,1.46331865297229,1.62608160020789
1.39191443714673,1.47438716897457,1.59317011870757
0.520807750166024,0.621205920142173,0.488821510476881
0.54443575741223,0.631131378188822,0.519030462536681
0.555898117217594,0.675855850981926,0.518822066381371
0.585723936802839,0.713737857026318,0.550684145581263
0.592145613873671,0.722989769376399,0.557665909318464
0.623506181498619,0.733970601309912,0.600556474406268
0.673756550649551,0.824861763235136,0.64741263934435
1.05604783925901,1.18273236540953,1.16515900170714
1.19002039298619,1.16718127875264,1.12701050809669
1.34278725377347,1.27632286490765,1.20751972547028
2.02754393284057,1.78339504474321,1.8878649672517
1.85980581570448,1.74117269653401,1.77096135764585
1.43194845494734,1.34795194426375,1.30684267371649
1.87084337867231,1.84697406355401,1.76804222754355
1.92635489421709,1.76345761437373,1.87031865914396
0.587908835275648,0.734974377524304,0.544221476432282
0.621007243158405,0.758611067011034,0.587111535334826
0.593945728116691,0.760221993020915,0.537318477346584
0.62023646429075,0.790087402833519,0.559842893446287
0.625791013393154,0.800391369376362,0.56071792450523
0.697089671530828,0.861747744115382,0.625710568476388
0.729810637218658,0.903155324590964,0.657885156670172
1.20145586359807,1.06726401481503,1.1297978359603
1.28195981781237,1.08207355640784,1.00869814666832
1.81738031405928,1.57918496623604,1.57442374629548
1.80756496519309,1.56100988844161,1.56971639142533
1.83696990098841,1.57650690597531,1.62788735327966
1.06525967155776,1.22637049947993,1.27631657528573
1.46455086200811,1.59532774039368,1.64559056824371
1.63247954591403,1.71065110449629,1.98859947698303
1.63637655767884,1.83663284868715,1.96180202947078
2.11678628688656,2.3241874693811,2.48870095969031
2.11586718962144,2.33011531571874,2.44007138367589
2.13232748829624,2.31540297500334,2.42995132302526
0.57386188123002,0.734783656931583,0.510809697676582
0.61603014535727,0.775569402436946,0.561006659327873
0.52792684211313,0.666847380672278,0.467652282682553
0.549311723315029,0.678592383693587,0.490431927977812
0.494692186371013,0.619988827376815,0.440050244660767
0.531197409674476,0.663607118523012,0.468169071349113
0.486370732905995,0.60848692580943,0.431781295235004
0.543790309215542,0.680663822997285,0.482671473025676
0.500192277420851,0.616735554902793,0.446550719078373
0.541668807402125,0.665815092007363,0.482699586143224
0.496744548432858,0.594822006409212,0.459081042768052
1.07830109246949,1.18898372017405,1.14470079356539
1.10550337887407,1.17830442601063,1.1477675659748
1.10060679967971,1.21059348162194,1.13875605328209
0.487050080159011,0.584859123597387,0.443602640510046
0.526800414627206,0.61921198702238,0.489845763945241
0.493370503733347,0.574224081911775,0.450194913509034
0.529499528868458,0.608089761050976,0.481604509380023
0.510898403286565,0.577549617683896,0.480338264839373
0.527817757616758,0.573197591410045,0.502040722298765
0.566201040269389,0.616705887691691,0.536990610083956
1.21541531458217,1.22176641613068,1.16560303132255
1.19115439754205,1.20274162740089,1.18535647035488
1.17511003439987,1.22607696448917,1.17590640115672
0.536165101948873,0.631873407654099,0.504294290617734
0.567065198259637,0.650265279116887,0.54906813546048
0.564813280488746,0.69506329346474,0.521969879632887
0.592018467705428,0.728766530649276,0.539453267835567
0.599603537672534,0.761528756440231,0.567919820041431
0.633323254505342,0.792376854070401,0.611632221824237
0.676240027158593,0.870534029490976,0.63225123072912
0.842770189891138,1.08177260388367,0.714549289391037
0.868243387584761,1.08637134621417,0.739369007953272
0.954952907123213,1.21453278087508,0.794725274087193
1.29768966914464,1.63338913542809,1.2256249557576
1.34130076807054,1.65842293916793,1.22503303708225
1.2482985345222,1.5556043341638,1.24716030173141
1.66069775930075,1.8859337051114,1.83777080825701
2.0141656694265,2.3833522963551,2.03953131050319
2.51290585987702,2.82804233595982,2.45377603856486
2.37807867484828,2.82492979684112,2.55323278160808
0.590040478917755,0.744509848785545,0.562082181123534
0.634137601286566,0.782421322426456,0.611429655809381
0.573999633631228,0.72313547226393,0.542056231464207
0.591810221132373,0.737323471799461,0.557393513373315
0.580653302276438,0.718622779127098,0.540749044218905
0.629556487094962,0.775771518545791,0.584488928345715
0.599486938902633,0.754743443271787,0.548639258181853
0.665267731206669,0.893103272186135,0.633593687825227
0.644696247494202,0.836651946251357,0.603872087568198
0.668852116599662,0.845958163089782,0.599722686053383
0.781961044882575,0.996777914782734,0.712644451460335
0.78864231988466,1.03688111233495,0.751089730211989
0.68504887003853,0.885606962100178,0.598542310081603
0.857628284231587,1.3064645275266,1.28873906028921
0.890531178775472,1.5545645653781,1.21212134674379
0.568042984819832,0.660425585328801,0.526078610862896
0.621174918497913,0.696072351784762,0.57112568241651
0.534752070388904,0.605113263893747,0.49916912476144
0.544965722594482,0.613133926359786,0.508995437743773
0.528745496710541,0.572042808559224,0.491210746832092
0.556735040399034,0.598485660481124,0.516987385071887
0.515067624027983,0.547867415258211,0.47643044371749
0.555618801391101,0.587988996513016,0.555142635961688
0.576823302340156,0.5998727974134,0.540791362611677
0.512026023137143,0.561765523444898,0.518963529802452
0.573877152277742,0.622944144353128,0.619739697676772
0.568857019659046,0.594934290304408,0.570873369176746
1.1947403596945,1.19044054823804,1.20653332211778
1.20497002900072,1.21156682532479,1.20342528128642
1.21088906774812,1.23360851985489,1.19030703558593
0.628394811105363,0.675529520176562,0.653878204962432
1.23850346746844,1.28686762896444,1.24601737777028
1.23453034869706,1.25723237609276,1.2306423507257
1.24750743009576,1.22923717981695,1.29459152982731
0.552692949114638,0.599399067958524,0.527391142610149
0.602539843677598,0.637330567138352,0.578820888351906
0.561688730561883,0.63834048411886,0.550038377334212
0.57679965213427,0.653371718848605,0.563587225115804
0.596210673748803,0.71707700543835,0.5988845480282
0.625290614752884,0.732693474457123,0.636383635824854
0.634932061190167,0.809324312386965,0.636855946053695
0.775931855390757,1.37708390019096,0.703935603938083
0.797634591984828,1.08674752185874,0.723981272132037
0.713934727462564,1.06971326391893,0.687402102081222
0.989451977674869,1.87096731329179,0.824146937953202
0.951831262207198,1.79369856590701,0.860250295037867
1.50528730225924,2.33422835064125,1.39741007962879
1.44929546560529,2.30291356135913,1.39736496853667
1.49662846247467,2.30565575935931,1.39930871841595
0.931504618723053,1.38216280176936,0.815127228870347
1.47489357118291,1.91365530322777,1.36946908418274
1.4705779227312,1.91475296998851,1.36467206832984
1.46117097008662,1.88889530338864,1.35505588409311
0.622471301155518,0.775382655497479,0.6334174950971
0.675579417153571,0.83080172704579,0.698046874721112
0.635260641077835,0.809849642628932,0.635270266049689
0.643895659473071,0.812645290883214,0.632558712672977
0.688033436433498,0.892263306708277,0.691164265957197
0.733391107326491,0.962716956687507,0.752168847427343
0.755938636289636,0.973208342234245,0.747586531680574
0.904728437080773,1.36222971009562,0.918452210919527
1.00267114000711,1.28868616472644,1.00797102901639
1.01657292510473,1.24220577197965,1.00481311595232
1.5748320727843,1.86707822608429,1.66382646306295
1.59352828459746,1.76670300529947,1.56811273262871
0.699594639582288,0.870705075311845,0.691880184807021
0.761004716414223,0.943139138403318,0.760315039688629
0.683342783453594,0.808135282916636,0.653220936166936
0.683338480031669,0.801047741098534,0.644616887608191
0.719629941769632,0.806672752177699,0.680292365512407
0.788171261383185,0.893869003025772,0.745924202129887
0.759221181503424,0.816585147783875,0.710521902653965
0.764704152763623,1.18755004786211,0.760323523763616
0.820372169220061,1.28394937739688,0.864166752137598
0.846934997710805,1.39248579300444,0.968259104180266
1.01808836178385,2.18577232725483,1.37680654141148
1.10410025265137,2.00069121132789,1.40930687817383
1.04874796156812,1.41060072855425,0.93909927921406
1.71282200394797,2.08560581702323,1.57647943587747
1.57544816208131,1.75684629194167,1.46743649522001
0.712610804525762,0.756472896553155,0.680075846150977
0.778827956268169,0.804688199766353,0.743483451366479
0.680981416013876,0.712506679493641,0.654935705153384
0.673588366187462,0.714916759205422,0.64510270699577
0.70908149879775,0.718163648736566,0.69340569633557
0.748153816969779,0.714945401010299,0.715843062892082
0.727278015326892,0.748197933404607,0.710229618068746
0.808777248239265,0.78592507836613,0.732699718345949
0.8092082675441,0.839969871451374,0.754267364270138
0.806040675864755,0.876227094376337,0.805967636986513
1.26866638857615,1.35763226419451,1.00935025833639
1.29823574082388,1.46944965301871,1.16321012182964
1.20520415155319,1.38906463556561,1.33965260379379
1.65153928173415,1.62210089555336,1.61367885681881
2.19397931033769,2.10378713346882,2.01978559203379
2.18034465480893,2.11685812743101,2.06428624827225
2.15645010070606,2.12225386972829,2.04672297505116
0.748174503449961,0.786825099711141,0.762266480170834
0.809953166411076,0.811939377389761,0.836955765387719
0.750601300702503,0.858298471511789,0.780112710488473
0.745652296376136,0.884323813091761,0.764457832764282
0.805055139548788,0.939851266505918,0.862100490421992
0.853664269730367,0.970031921999131,0.917509786265547
0.85686927938157,1.07504063752642,0.912000816193391
1.20699066724939,1.2873536330217,1.22330394400733
1.32206587965153,1.4901646588796,1.2522472696865
1.44580245940688,1.59088900745685,1.22988546199924
2.23429632513881,2.30532610958126,1.90497495796735
1.90193512356807,1.95084174844411,1.64740873135356
1.76410240654928,1.96363131401322,1.6159815313018
2.31190041385936,2.54182627917349,2.21243400894117
2.31956696714465,2.4802172388673,2.2501784057634
0.836125373572316,0.924446318809233,0.899299101058637
0.907686611886257,0.966337364876454,0.988486964383291
0.834719257387127,0.910507274866396,0.872152362077518
0.82355994117573,0.920705150931871,0.846638925395268
0.903157161604794,0.933817371780949,0.92608182708189
0.964503674895018,1.01905048607474,1.00924459924609
0.965286214052483,1.00981590254807,0.960526419514014
1.31803069851142,1.4895239251094,1.26957991176848
1.31840845080884,1.42323913638087,1.35849741204203
1.38647278638825,1.27576176545616,1.48457362923521
1.84330877911438,1.60265082578126,1.90657589397693
1.89771334503474,1.80438754915349,1.96291785555179
1.67887790786592,1.57090082827653,1.78845877078272
1.90592893210196,1.74483406631713,1.95614285299332
2.36123376565417,2.3533173671127,2.55891122968044
2.67134470143867,2.80559668191241,3.00193300279677
2.78776262620251,2.68553634871618,2.90689633698652
0.918420511291495,0.857175233090731,0.917299581888711
1.01074904814141,0.911908379925562,1.01334858985572
0.867628565145725,0.772829217717358,0.838605525725796
0.838471065914426,0.773126700029265,0.802910652172014
0.905252587958312,0.74061299253562,0.848741697705109
0.977332754310645,0.794888125199001,0.912784345829226
0.916942788764882,0.750039115039848,0.821095326246812
0.98636603265367,0.791012512925513,0.877676438990768
0.995756663225095,0.860207183083232,0.876222414241311
1.46538573753367,1.37593234384331,1.37588139875242
1.4534194407023,1.38161955536222,1.37817286834751
1.46413656890603,1.36871896170953,1.37965798855613
0.893213959398757,0.764328894329735,0.798042501675002
1.3523734862504,1.31388377089646,1.29575523908083
1.36388259475114,1.28719989491116,1.34219968894484
1.40911651244407,1.30204408161763,1.30209152636365
0.920997597509602,0.736253173552363,0.895151356534644
0.987573196544383,0.767533123034157,0.969113750577663
0.907678270097939,0.771387459058425,0.910612561846174
0.890442315964027,0.796334805766618,0.890064224095411
0.969042842498457,0.840291498953062,1.01673419797543
1.01944206553523,0.864124477324848,1.04091331970051
0.993435953661402,0.945907609958976,1.06002684405317
1.26391916761151,1.43737509361217,1.39623413847425
1.41591410594535,1.35865776341897,1.17474061645655
1.48978355910315,1.25932072087286,1.19855008840913
1.7365114892659,1.68359156449608,1.55820914497645
2.24514407378481,1.92717734346221,1.69304829037447
2.08189254244586,1.85755624727643,1.61891161922944
2.70473407206983,2.40187168973863,2.11328100150581
2.5577764169426,2.41641408570958,2.14390931813515
2.45630438672242,2.34619189338944,2.10174758810601
2.66754642365629,2.68365826676311,2.48691663520442
2.66275674868907,2.57883542877987,2.32500674532678
3.38482812666015,3.23155529307329,2.87641478864692
3.78567528009951,3.61518222730028,3.27045147652583
3.776860750121,3.61837949427065,3.2503408950816
3.77546777203569,3.63131503599191,3.24238584178369
1.02584168027759,0.881030727135506,1.11394185872797
1.11357787463179,0.941728814313549,1.21689987418574
1.02581869152843,0.904551546966846,1.12258761674648
0.997084535452791,0.915438759194388,1.08460771302038
1.11459012931729,0.978512958322143,1.23887962434129
1.18749710913716,1.05230374872965,1.33069459217387
1.14362760125478,1.08636131745974,1.26775147405609
1.53752172000763,1.52156951921992,1.60939895219332
1.5072671919117,1.50492892448149,1.69316033254243
1.61388599979266,1.55350211339185,1.64804212497137
1.16721766880699,0.952379108344425,1.28729667272283
1.29600085068385,1.05303283576018,1.43942669827223
1.12099973860246,0.888699895998221,1.20444990957059
1.08468781085773,0.883689970912456,1.14284295107624
1.17315694545866,0.914051362355088,1.26050280096432
1.28887196522179,0.992002860814619,1.39640622861512
1.15303361546831,0.94135162771846,1.21588118616334
1.22324057818003,0.965357063718401,1.2220638279426
1.3088410445974,1.04197464721563,1.34629703709995
1.30527838938205,1.05205641373415,1.34178172656647
1.58430436444743,1.17404468375398,1.5432941756761
1.5448768587536,1.20727920351672,1.51993277530597
1.94734062260314,1.65214392599216,1.90242363869106
1.95837578051116,1.61428481449218,1.93537645520564
1.97716370822604,1.6718745179224,1.92617009937719
1.58522981164557,1.26397308858191,1.62688478689656
2.02579807716382,1.70175059010481,2.00768342622444
1.99941965765289,1.69915789727136,2.03057310514332
1.96669265439792,1.70548390832276,2.04273441957724
1.17532574819434,0.899399674988218,1.27040921337459
1.29983773144154,1.01800152523006,1.39592451396894
1.12413330672702,0.858947106610334,1.2263397369255
1.12581857876244,0.886324756124982,1.22471779690808
1.1609222381635,0.896677583500409,1.28529173665923
1.19389147536317,0.943376498507116,1.33866685537466
1.28814882855497,1.00822406131472,1.4275511471218
1.07518043778378,0.848926031310716,1.17860277407363
1.14955406706141,0.95645487731714,1.27947742481238
0.98379496163782,0.761017304524551,1.03186311671243
0.99507092662,0.76171749626317,1.0141036018781
0.922666042037184,0.745681020097726,0.954301448845251
0.971519303161094,0.816332891127555,1.00675682415385
0.887154027219285,0.729137435902589,0.883218024887422
0.909994428578943,0.775683976938055,0.906601141210888
0.910532765228952,0.81055229819275,0.902349514585125
0.96517520074411,0.811524022531662,0.94827580137663
1.07343649714231,0.944985391023213,1.0929958100843
0.999091313265239,0.885696398219903,0.990619363701232
1.46714561966382,1.37846523631782,1.45754250692836
1.48143443227083,1.41458836637803,1.46193360057622
1.42859165326634,1.38991859319776,1.46116364113179
1.09409623936569,0.985854779331525,1.0969867511565
1.55433690379897,1.46924243312223,1.58924711361005
1.52713268157246,1.46739267282042,1.56247304174536
1.56280228819337,1.50704320266728,1.52582947154261
0.903130006472981,0.756665868329638,0.954050154387948
0.948602615109573,0.863397842963958,1.00327164838744
0.935464657918827,0.764634746943713,1.0085700870489
1.01159651965386,0.826297594991328,1.08884125502131
0.958622262800435,0.813854362671657,1.0560695907592
0.982135109468046,0.883923727498471,1.04263802094113
0.918363708375948,0.797413619277496,1.17112468748572
0.990128800013177,0.882706006683783,1.60654910358474
0.885455736304877,0.830528199646874,1.29701302838295
1.35924929526494,1.33077774654638,1.79297840934934
1.35572404227294,1.34618736891081,1.70993362817577
1.40832604618336,1.34531903365551,1.72482838844415
1.03210996797013,0.882992762178669,1.26381902422913
1.07164903704038,0.938267363303718,1.77549885514866
1.17120581388988,1.00451552637395,1.74020453167364
1.13452972462199,1.05019956083271,1.32979608125062
1.58437477383112,1.52655618647841,1.76609850206604
1.54828140991388,1.53310587337116,1.8184563856753
1.57246141348272,1.51342171785241,1.79540684880154
1.15525770459317,0.989266131100231,1.23156114613418
1.64552191698419,1.52146330167619,1.62092319906568
1.68730835159026,1.5648428979988,1.82542395081136
