R1,R2,R3
1.0564851480117,1.01286659380702,1.09352014635295
1.48490688905448,1.45220470713499,1.50932344318028
1.44642654235479,1.44528230642592,1.49337136830458
1.4863047045408,1.43056537790084,1.51914675844768
0.942443802403492,0.871107384129334,0.936039981810041
1.04717649717524,0.971209168813603,1.02823995712276
1.10800663183542,1.04025657995895,1.07915200626101
1.59763783231787,1.45191248904952,1.49031703106808
1.52351192780928,1.46468215075027,1.4595582221071
1.13613483395556,1.10852669274989,1.12562762983264
1.76568965796859,1.76901899851792,1.73322668540615
1.84416261667266,1.8048194735475,1.79149533082123
1.25487740433603,1.2294817884554,1.25160113088274
1.29115326918704,1.21491997869238,1.22577166161948
1.81308553154713,1.71401275120491,1.7414383129172
1.78233569141027,1.73129409870296,1.71286491446906
1.78574997245043,1.72063981152547,1.71092145776261
0.841106741609554,0.762793640046028,0.840125262764573
0.87273471841491,0.816340955237545,0.900920647795258
0.819546480059211,0.728062190966554,0.802983975083145
0.872571672859318,0.787712466997831,0.855257488531341
0.794850827812601,0.696306654095425,0.787951944917571
0.837275926308527,0.738428903163296,0.835969561453876
0.92374089302942,0.845272416650711,0.945698709936862
1.28442431189366,1.3963691664323,1.46529037287378
1.31121111152107,1.3511101621634,1.49066645523059
1.15992006193913,1.17152223210176,1.19664156264961
1.602605683944,1.69927538988304,1.67651595029132
1.78931409984087,1.82505158445596,1.8160579850013
1.52553584516818,1.56029124037787,1.44662266790834
1.88116253653484,1.93165340993802,1.74723607859203
1.93724677986895,1.97874735011891,1.69137409825243
2.19317422473714,2.2161877493675,2.07235296197875
2.43074403111593,2.47653765462645,2.30248671877156
2.60176658166685,2.53347474084859,2.45165611452741
3.03297367865284,3.17676183505267,2.88444361687872
3.44295468398538,3.59467002100952,3.29784516858919
3.44548234183774,3.59293099111664,3.27500282934845
3.42233185601911,3.6135482488327,3.28339890815145
0.702293420871106,0.611785292481454,0.688462129109884
0.780868755608715,0.663129875459909,0.747676161606311
0.620716365725325,0.566535679502988,0.617917453206656
0.670277124121788,0.621014757734069,0.661397264876871
0.579539154636978,0.517304774368435,0.572143688587663
0.654079577932879,0.554115544755522,0.640777801162869
0.742576903685382,0.532082595732587,0.648252233299598
1.44145258907351,0.684365065680771,1.13076375599844
1.49833438539261,0.648922170933769,1.12061288127996
2.00720374626065,0.768970790414482,1.48294304318786
0.802338294247373,0.591871637161973,0.735481911911671
1.46084676644706,1.19464284148603,1.33998212400058
1.40240061733878,1.23327688540558,1.36328968848639
1.47496444238112,1.22506255194519,1.37148220694136
0.547990573745021,0.498156991099846,0.550208975893255
0.626757888703272,0.55316556057722,0.613798235601244
0.539834728248343,0.500520724434757,0.549105241671365
0.591312525985377,0.565826646992367,0.611695229393635
0.549362888245954,0.49738629865559,0.551034545242621
0.573038840272679,0.51608136079165,0.569675858448903
0.639444983221745,0.574289683927368,0.63433032130427
0.700270933910563,0.643889892983093,0.695084785577563
0.797263976032375,0.673772803284613,0.758057784906129
1.32704334164245,1.24938230235055,1.2666049240748
1.36586437299144,1.24915807323261,1.32835375754576
1.35036139014147,1.27618680825832,1.33235412558837
0.751724491421889,0.655253309999221,0.73248660146123
1.2942115373474,1.24333430772679,1.30941751912973
1.32876425627876,1.25125246244468,1.2759526532944
1.30327304479215,1.25018311893524,1.30144412158115
0.521838733881125,0.468342754217903,0.515584167816893
0.588932845646862,0.521223051507187,0.569608148155189
0.513114405236998,0.456748227150281,0.494082129588474
0.567200866815881,0.506939125106637,0.542174252023711
0.498902564742746,0.436432560630494,0.464702268332159
0.546805132889827,0.465671419707951,0.494155795594366
0.633288689123656,0.535862947842588,0.508671630017795
1.41811046080954,1.17057868677077,0.608120491772439
1.20689732831665,1.03481937516377,0.629966960118427
1.8318864794511,1.65480630064562,1.25818301806522
1.79033489469314,1.61974162944764,1.23230819346254
1.79521852190777,1.64371076422685,1.23626093881388
1.25720749665102,1.13017709483648,0.581511983237964
1.85746811869781,1.70652580926366,1.22802136275392
1.82382545934698,1.71932932642001,1.19730043491091
1.86506476299179,1.72808266976418,1.20560919638728
0.475487153317958,0.437558236280763,0.460332306105327
0.571117335099998,0.543174593200479,0.551544574428888
0.455629655739569,0.420411285100649,0.454972304942695
0.493787270962868,0.454727747480343,0.503038239610024
0.466651977865943,0.439052849565587,0.474207273248282
0.504565482010241,0.470763756715057,0.504242950789975
0.523830282788454,0.497435046028473,0.532079890264282
0.564486033143487,0.53823350097838,0.565437506130275
0.623213908912305,0.594380566916276,0.623907004320927
0.553307491450036,0.52141297030865,0.558932901279306
0.636292113200549,0.614864661610044,1.35098469872054
0.726352183029786,0.711494599062088,2.20178010582347
0.725187756283053,0.708451902577031,1.41127841792933
0.862298766854149,0.858710308980142,2.27414192253834
0.757185907579569,0.719713519308585,0.752936259034785
0.885820274694656,0.849660102461564,0.881961568034554
0.64234119549164,0.599229803835258,1.29360801739148
0.722596518561564,0.682369782092022,2.14936035489974
0.745897978961918,0.696260643606291,1.32835113320756
0.895955526886621,0.840897718692216,2.17297797786343
0.459221202795716,0.438375754162581,0.468972478138442
0.503270652019788,0.484645533912735,0.525645298234203
0.484595482083062,0.474328297458535,0.487858834499628
0.535980381450823,0.527119510290017,0.534598708143997
0.496308300262294,0.500881122387084,0.50216719861278
0.535744900591662,0.558901229414427,0.546188437911669
0.541379857507101,0.55622923462744,0.546465688776454
1.1837797118914,1.17703110827358,1.18030367525445
1.18668252797108,1.18854295142191,1.20086200839845
1.18101518108296,1.20696497385976,1.17512957533344
0.535335928494354,0.527076418351831,0.534447062572369
0.618048822616525,0.613391466715884,0.609226546429884
0.537006046028788,0.514538613848812,0.547465677518367
0.546576759696798,0.520101874896969,0.563769244153056
0.586737685050982,0.538579503449006,0.584501415686199
0.618971451919669,0.561625208337186,0.597143452273124
0.696576793039432,0.62738436085318,0.678498070156791
0.755436012454371,0.689443988518405,0.727874140266375
0.764291239431075,0.695342167816335,0.753044014460375
0.80019412882992,0.686490831429106,0.744729825983733
0.945123355653717,0.798023923736795,0.911704800970311
1.01520956534078,0.873907974947124,1.02330783586447
1.11614127908384,0.913290091586149,1.0416439601491
1.28715763816281,1.0655487294106,1.23858669180738
1.15665888382737,0.920594659240259,1.01073453428402
1.38413623461649,1.0823506902481,1.19056531848438
1.49480255745987,1.16768867170407,1.3176598573649
0.911273523333157,0.763023609985658,0.795885266267899
0.960377451488147,0.823609792116046,0.850314621659323
1.0845339656185,0.873007176163477,0.917151326784021
1.23636299362654,0.994149472819946,1.03575897457516
0.58076266664129,0.534437382807409,0.586897298311002
0.593348434000306,0.55481007575823,0.603943003795277
0.626540955127588,0.571404853796716,0.62420296550148
0.68632898187812,0.622343568390933,0.668796856078105
0.646662389402013,0.591331462167961,0.645974952540642
0.71941874447199,0.653355531280362,0.703069368636166
0.716373454188697,0.656374813017641,0.706372709102481
0.803494868625146,0.730202814786673,0.781046237761624
0.734663346586047,0.689904160569469,0.747037079051021
0.878778980792475,0.88159867978266,0.905355986782991
0.813058056132392,0.767329709601253,0.797801910276686
1.01702309914782,1.0460734455075,1.02761343248338
1.17285092154442,1.25404792325034,1.21101681966925
1.06841294360564,1.05683160499397,1.0210078820309
1.22581121405719,1.22791389131169,1.15870555313897
0.972717860633764,0.917434706679919,0.913031774964929
1.1023607147518,1.02313599717998,1.00994237294967
0.593911526198916,0.551694504913286,0.612500513851464
0.585904920079108,0.550730949743643,0.60526021940174
0.607924599214295,0.568830148301243,0.632764162841983
0.662785454933175,0.620637208681033,0.682204257673261
0.588804732526856,0.557437741957528,0.629357890334396
0.613519808285315,0.584722142103206,0.644373018168334
0.634726862990857,0.607345506868089,0.686855027421362
0.694775830299318,0.680370482155421,0.740003902489951
0.695440071841407,0.680685972798553,0.748983622277491
0.701595734899451,0.668788239841649,0.744126515687677
1.22838721698101,0.743795573863639,0.913603479305469
1.27768554495999,0.756386246143567,0.907816853795674
0.546282406243906,0.51818278588979,0.600950971149918
0.556409582453409,0.527587649878848,0.609587056775994
0.539117349541744,0.510705085634737,0.606126248307784
0.5829908066115,0.557749064163134,0.649108605030789
0.510400652606218,0.483505994322212,0.599546403881306
0.526694959494487,0.499356150658178,0.625241745824253
0.565094290267535,0.533253952984481,0.67133591141394
0.694956980070466,0.625747925613762,0.729233384181353
0.686335583592326,0.599733317910532,0.733581008352074
0.692553637942858,0.610081909586411,0.761125433189378
1.17051174954051,0.955021490435499,1.13181162562526
1.26746427023192,0.992940287935955,1.03171002726623
1.23878562153288,1.0545368458057,0.87943717640591
1.11427181336788,1.02506876874514,0.936301757849752
1.58330443155504,1.48284387503417,1.47476895109269
1.55952906755718,1.51650023516287,1.46723736192946
1.5525415261499,1.53578574476695,1.47978747110306
0.487915649129778,0.46540143138176,0.560674258480188
0.510922262575813,0.495152792004578,0.58020762271779
0.498656497921358,0.4755334613458,0.554148103756894
0.557507110632435,0.531501257997089,0.602796332188918
0.502120629972563,0.476815253292499,0.5414278620929
0.547632817988615,0.522831070587383,0.582570309228474
0.564290688838655,0.532485998311063,0.592952806828672
0.486447560757205,0.458489556638426,0.522264180026407
0.517475518547606,0.492597978379434,0.556241459660762
0.500871526706751,0.473343695566677,0.536877548120063
0.538843302784608,0.516202016691008,0.572556394818321
0.522647565719313,0.493626426722401,0.558693286601219
0.547225103212082,0.520849087239187,0.58591809827958
0.583684088398445,0.551074310178523,0.612079871262466
0.667491089113218,0.653006491635752,0.657354836263805
0.681382727642163,0.689333706512782,0.681173360539199
0.717725263465352,0.708630669210727,0.676243628436869
1.0777629355232,1.08065970185908,1.04138912270043
0.51841379421383,0.49232305186378,0.562351371312234
0.568030399227625,0.543677545351752,0.614067196306051
0.507256814570294,0.48095942139018,0.558447753816923
0.528124783620289,0.502788945737951,0.58159733100311
0.511212006205689,0.488939278431587,0.574540754848363
0.568137057731017,0.53597994834617,0.629711172059048
0.556430644647389,0.52985371761088,0.644226051847343
0.771183808985477,0.643476361668686,1.03693541344812
0.771189716029127,0.668296397151677,1.17997666078551
0.601118754227485,0.518711454777823,0.925861831498947
0.803492924986633,0.627455587101811,1.31885007720555
0.880582721506706,0.635411840034145,1.39504603694618
1.42041987603688,1.27557161892259,1.88321721978457
1.43450290845171,1.23972889119463,1.88816119498288
1.45247685598763,1.23404490040526,1.90120670974018
0.717013884558084,0.660103932082624,1.35422553451674
1.27944566569883,1.26942806472891,1.83494816837409
1.30706698100583,1.26149773768077,1.82116031620959
1.29705039117811,1.2622689199842,1.8342061403778
0.486679823783089,0.466411955441693,0.549737351827675
0.541192201697653,0.520232235444083,0.600731198670873
0.469151601300643,0.452066392884179,0.528454741733509
0.513762668246261,0.491445574790713,0.566733279680992
0.470186609530014,0.462828121015646,0.527283689569005
0.526579589704865,0.526576309317295,0.595577723510815
0.520694920872836,0.526177422373893,0.572616546187553
0.460640522614184,0.448048154191291,0.497875298351166
0.493764784852074,0.48333567151457,0.528526543721062
0.475222363033059,0.459679638489249,0.498132093563305
0.50899489207552,0.498939657191003,0.531492479173205
0.500136033188359,0.486302967410357,0.507514455257452
0.5266228286636,0.511267384653006,0.52381243734865
0.559263573671702,0.552276281340823,0.556526265724116
0.633211378165689,0.614452417680272,0.626370146447141
0.63208815012719,0.624573835731831,0.616520061689537
1.22845505417735,1.22129605555484,1.22360685522363
1.22372920717253,1.21847078473171,1.21492759589772
1.24502013561267,1.23657960501809,1.2265854295838
0.652784012212303,0.637775322329923,0.640789336573363
1.30058226407541,1.14358364947933,1.30950690175307
1.35640281092373,1.22009135096655,1.2959113428441
1.23740535632216,1.20803804584778,1.18875580960398
1.84355781523214,1.78964934325313,1.79466735894821
1.84494316926126,1.79007997042803,1.77549847342053
1.85585490780826,1.80763276358179,1.83379974173516
0.516112282675301,0.499768794936088,0.532168806003942
0.556109445040067,0.53860093957368,0.568210592392448
0.531789529748846,0.517963979005945,0.564453577381238
0.551435293963659,0.538784224596208,0.585940227789841
0.577689239152495,0.560451545374113,0.619468890513376
0.633818584051115,0.614366271930518,0.667771857461133
0.656648919869136,0.640190191607567,0.715003211701246
0.826872763015083,0.889917332697797,0.893020891705665
0.877033646772082,0.947117307254328,0.95941414528491
0.89037175546176,0.955277830172702,0.929116894325604
1.22935820556659,1.38811376587783,1.29558207536903
1.18348498108079,1.31370722931729,1.20467323301068
1.08119124401651,1.10563823678758,1.19656955333416
1.62675188157403,1.63242483290285,1.793299665426
1.67011711097761,1.67027637028879,1.73512464293357
0.563021912166388,0.544364508960372,0.607602876556736
0.624997124444245,0.609239724335694,0.664282700884294
0.52598419441081,0.506204877193482,0.575463865980133
0.536615527920883,0.519200464156408,0.585422382014403
0.530020625904262,0.509279160023263,0.582320079100471
0.593530519878748,0.572480237806249,0.650445002087034
0.545589492732267,0.531697894959458,0.607358295014561
1.21205699016585,1.16995520965969,1.21489537432092
1.14678977930518,1.13150354780237,1.17461701061417
1.17443102608564,1.15241512557492,1.22301643014232
0.521738934884569,0.497504246186633,0.562710873767348
0.584265668333162,0.55676330693,0.623364857338967
0.493900334864962,0.470577197158834,0.52369398033928
0.499352817960368,0.474585131225974,0.528635408071415
0.509400223621911,0.488684466728994,0.527451526327111
0.540514825824373,0.514793580956558,0.54913738094643
0.511050961254154,0.477893526801893,0.513033356483148
0.556101314862664,0.519212386552494,0.555139213622369
0.556609286950256,0.540020712804451,0.569034032521793
0.519284574107953,0.476126918466097,0.499541130154748
0.578958101129272,0.527886069266041,0.585436806827944
0.596948596911253,0.547257206823788,0.602294802699606
1.2194910253877,1.19798603012401,1.21549493312634
1.20941000294825,1.18775042561844,1.21726392222033
1.22298740442047,1.18073380872114,1.23277210433248
0.578404846724836,0.549673282489904,0.607279300818982
1.19726298881373,1.19618899986439,1.21243699614175
1.23034265902796,1.18189957505245,1.25240638979532
1.18952013260998,1.20102535968484,1.22791614209901
0.55634029892065,0.540009818558052,0.58132640606352
0.615080816187095,0.600247070294328,0.642720905133233
0.578182521632751,0.560516246931624,0.606671685292582
0.580988659724703,0.561065799827677,0.610757749133564
0.643720031391288,0.631457882953563,0.680448456266468
0.685253479044129,0.669917278900691,0.714467338425946
0.6927270708153,0.680243930824782,0.734530587289293
0.730986067234973,0.716257517450821,0.776548155521325
0.81026542505147,0.790047022104648,0.846273010730962
0.723193671972546,0.707928620035511,0.744347977608633
0.772177200547859,0.742843069480987,0.778677414970314
0.850070663412157,0.848394203886961,0.878867585744602
1.36827791405586,1.39163134301389,1.41019204636251
1.37034773447217,1.37956010213777,1.3793403010879
1.4006446510282,1.36796942943351,1.40298484135915
0.889675728638866,0.867779248628968,0.883697989410798
1.42411337724,1.38346261197607,1.41023660255018
1.39509745030664,1.40754581718484,1.40825553188813
1.41274536456489,1.39752445889192,1.39022302611951
0.686888174191157,0.683241405721223,0.737880717751296
0.774827701048323,0.778651900567028,0.823978581725143
0.673357027785824,0.6662356423586,0.735726750422721
0.660843456115875,0.652976844364484,0.723566227040872
0.727721494301756,0.720464341672897,0.80410862151815
0.806285383206142,0.801926138437947,0.883803125850611
0.767140905435004,0.754758313992737,0.851519421917252
1.32264481151949,1.28294086551857,1.36501374731413
1.29244444552334,1.31177461123431,1.34424645910537
1.28964258538103,1.28503742033238,1.3605944875084
0.740778369427473,0.72337970755899,0.80939719229092
0.865077257284905,0.837048049442012,0.930073656462575
0.685316219730054,0.673558775100869,0.751097825260626
0.680100933728951,0.678518003285867,0.746675861488152
0.713876627850473,0.698559631835586,0.769259206284541
0.788642309408282,0.77182796521033,0.847648767914998
0.718077553683748,0.701075557605052,0.748230631218412
1.27274956816654,1.24749347395432,1.24858859285961
1.26233008800608,1.23830811423651,1.32462373810883
1.27734282383694,1.28857072815606,1.28006961920939
0.752140100824013,0.740982875131407,0.809396010716873
0.891715442056114,0.885863418237092,0.949055253480952
0.746181555327935,0.731507850531264,0.793909959823223
0.788793666585197,0.771602912391433,0.827485203559303
0.810273421643502,0.801080695745375,0.85571827299681
0.877071487005934,0.874078577799127,0.920171250615776
0.91073973954016,0.899110093777862,0.955330636363596
0.764452013159133,0.753725562585689,0.805863909936739
0.899997506123167,0.899499312054412,0.95312777579754
0.669746377026064,0.652481219821921,0.703241749713493
0.679350523947689,0.664668061132947,0.716562517979936
0.650051583941341,0.625873300363623,0.676844276083485
0.685025314688102,0.664181310127541,0.717132272364282
0.62518521841196,0.605019595187395,0.648825580028977
0.655628905535797,0.638749438499532,0.682491141070589
0.680499605480086,0.660988088558731,0.699857188924879
0.597050058616991,0.581523805074963,0.618345755379352
1.33763109712938,0.642754801109666,0.963740904102504
2.20008303964983,0.774492047340738,1.47260143234632
1.33818871022761,0.663137970257752,0.969469835337342
2.19338958473221,0.809881506177332,1.4746688525518
0.627042453925547,0.622927564852495,0.642206911306663
0.695280099900854,0.694907980429467,0.712677699959419
0.73644087312772,0.699896394256821,0.720001819765201
1.30548624274884,0.651757657451245,0.985162194670326
2.16258564275065,0.783466175537915,1.4950278864252
1.31497358235143,0.665210858114686,0.995313804363748
2.16980914760966,0.799776379439847,1.50307999542475
0.679312013461656,0.645036098860043,0.692051080699398
0.778087539295503,0.748171758625568,0.786074962509316
0.686440773757803,0.646165542281773,0.693384818697724
0.729614046106024,0.698138134188619,0.743027438531802
0.710210521368543,0.666256834954343,0.710537327477965
0.756570279957335,0.715229165466889,0.75670909760134
0.814984186781652,0.784573688280941,0.834593069500045
1.05909114607859,1.01126365997889,1.01514022363685
1.02728419720949,1.05639251070581,1.02330752547244
1.31166887811776,1.20202442638792,1.20899036719845
1.69398466788156,1.59194084877379,1.55393393043935
1.72528632790738,1.58841598051229,1.55683645996505
1.54456146735103,1.40679208622939,1.52154546999452
2.01962380164695,1.92618030594304,2.07417748552015
2.03004811590527,1.87546182205442,2.01550933945198
0.661711313627023,0.608194059444886,0.647927532132513
0.724801286481435,0.664800164476672,0.711722687365311
0.655773945255645,0.597493588091996,0.632540243083101
0.749853039943792,0.691848785214078,0.727512183795856
0.614082862423613,0.550190105059805,0.586218063324332
0.601747315718837,0.546663758448023,0.590261399965038
0.625220172595576,0.557611454643805,0.585681647380841
0.692897099280374,0.611449169914138,0.634629528091026
0.65335624532576,0.595163484042573,0.617004275723621
1.24195560970011,1.19292104588359,1.21898230574956
1.21495105210733,1.22079960932029,1.20142587431087
1.24830568904212,1.21393171588774,1.23715789623447
0.662715444870057,0.602971777746653,0.622838575826926
0.906087394703811,0.809459778474824,0.795293581885283
0.887015287189651,0.818405195299412,0.810384376807234
0.83352633446762,0.729898010902525,0.75998827041603
1.40914478597598,1.31050079659067,1.35457069468316
1.36796106632296,1.31614285382146,1.3287976151468
1.42044657952834,1.33925120489594,1.32791341798568
0.65218878920003,0.575465063803946,0.606992976785042
0.744797875042862,0.658153244598087,0.676394392239555
0.662345476009298,0.583226783050527,0.623746241594687
0.687832462993719,0.610057944996569,0.659730595071274
0.717548854231067,0.626862096696005,0.668323613904771
0.801975689334956,0.694184187565871,0.732239915949428
0.806948693641899,0.719389368253609,0.768788200882555
1.15134026715746,1.01290235969173,0.998501824635745
1.12349220747637,1.00810672614629,0.977328634483853
1.1685291761294,1.07298050920759,1.03313146433166
1.47142162764856,1.3384841463752,1.26643676640371
0.712715519648928,0.63119479979469,0.668178696510198
0.84988465784012,0.767615955422526,0.80767147563962
0.656748833576588,0.590036632485527,0.618112336185192
0.688217382981655,0.618972940645417,0.649473423714145
0.670129015990743,0.604013401788443,0.630928626959884
0.743566986450981,0.671209272392722,0.690449398726065
0.796657414465698,0.72987995396328,0.764833857708324
1.35512820477041,1.31073018661957,1.33841085731289
1.33487610452344,1.2972825103653,1.3318705490577
1.32314427830212,1.27267927363556,1.28720702914918
0.6020687109066,0.542693882749283,0.568626979379809
0.624529495138734,0.563015768495511,0.596142112625209
0.594181970743259,0.544889906100538,0.554073945064848
0.657606125953748,0.603403094757072,0.609196484717012
0.563179407638086,0.529204793472246,0.52595624755291
0.564877296176698,0.540300153140357,0.529261708510951
0.58767006460352,0.602724402066823,0.549893447607344
0.65354958180931,0.998085288782968,0.619775785618821
0.67275016498554,0.959785433476557,0.631393114695557
1.26073550374316,1.53935612867352,1.2457724711264
1.25748997863121,1.51643125581751,1.22484782536034
1.25247660759206,1.56340498360759,1.21833806323421
0.628809807723046,1.07712065639741,0.587817691437048
0.868825505937578,1.52567476134518,0.859112283867201
0.856607228600899,1.61754206426881,0.85152772049665
0.752402718641243,1.47934581396826,0.711004808034504
1.34894034708165,1.94153870997273,1.31831771119945
1.3331987897244,1.97718369333654,1.32081901498862
1.33347445921353,1.97245514784744,1.32311897956944
0.583795974309117,0.53729511707009,0.546793895807938
0.670522924375921,0.61937150439675,0.638329633493275
0.571011761627804,0.527223247117433,0.537746890011178
0.584196895061789,0.551697902543513,0.559013497033609
0.597994941693054,0.561090529538469,0.569722968015351
0.63520115877381,0.597846912819249,0.607721804854922
0.63707592655916,0.597046333154893,0.625671566634645
0.666892048780773,0.617353514194131,0.658355890683281
0.711203571373111,0.682291480862812,0.705393791724773
0.655432409139322,0.614671587117908,0.644925935065631
0.743577481968226,0.926247634174302,0.73786700266806
0.857743030141977,1.32910538302623,0.858895175684188
0.813688780038133,0.982149656267662,0.81108703437633
0.960996116811509,1.39914477217262,0.967396153238761
0.810672286949121,0.762640648606274,0.812005785952753
0.916896706625749,0.866755477191323,0.925758135941704
0.73910601253674,0.893174721966955,0.736919114101092
0.843318495791732,1.29287182021288,0.847578139203023
0.813460264468685,0.944373014315486,0.815187772420678
0.966005603743845,1.35091245488749,0.977686195745454
0.600909472765381,0.58282421867572,0.569971479427732
0.614887962401541,0.606353499547804,0.598422838794716
0.652911014008738,0.63943863432484,0.615426409474081
0.720306079104443,0.694334723637038,0.685434878247814
0.667022947771267,0.667306575519944,0.622284576708947
0.668051438304108,0.687234110329183,0.627341571206529
0.685682337304154,0.679709720323068,0.63000841432001
0.689651219103029,0.693465328115683,0.645934491693164
0.713547739002344,0.72863130977829,0.652761890096632
0.695215601608539,0.714709336873069,0.651893061608543
0.778380286836811,0.743007412323232,0.728465933848603
1.34008924185633,1.2484499714224,1.2370812079648
1.29652718454584,1.30528466687245,1.30028360566103
1.25711318926371,1.31862496275215,1.30691815950301
0.743200433694226,0.738677895883589,0.706621403509631
0.820616218487569,0.825040743817881,0.802295282120904
0.824811758608648,0.801784184460182,0.777321550678637
0.888300280351564,0.857921074241824,0.820962834732146
0.935825506004802,0.890201481682114,0.898845575801267
0.987674097439288,0.944308805842287,0.996093108247689
1.0460232598314,1.02323908215681,1.04246304933727
1.16653579569714,1.0841750936464,1.25717582379601
1.19807491572489,1.16657395549453,1.37669891973852
1.28078897583733,1.15611622692203,2.00207274402338
1.08170027040326,1.06196810874983,1.49199275199527
1.38690499954015,1.21750506559208,2.56953336341384
1.66293039396276,1.38936125207385,3.18282671683959
1.34739173706131,1.2469801163355,2.68359229915991
1.53664319075302,1.3922592269418,3.28831710446954
1.26010990612223,1.22134000695602,2.16771860704971
1.51909649667583,1.44304078214071,2.61342700720882
1.01937266720188,0.894948643544389,0.961734734017408
1.08143521667391,0.907853246618558,1.02858006500506
1.17102737810477,1.00921416773544,1.1081787672666
1.25258369261837,1.11208820213806,1.20664603648487
1.33495680473242,1.08815504863692,1.26132335281802
1.39969056376259,1.10135036235549,1.3658988988475
1.66644431769216,1.31647469530833,1.47361143445278
1.97884360844058,1.74027921013266,1.92101995626696
2.09074022968139,1.82566269389003,1.89078081734486
2.34269936050717,2.18766450130632,2.24686058218158
2.15859899040174,1.80796851537389,1.9788171355743
2.58591899740962,2.29514836012665,2.47353176188273
2.59231591665848,2.3144978206398,2.42558084005976
2.57149881017047,2.26121863786615,2.44152072222059
1.34202871099328,1.08640098771599,1.30953612523708
1.45742016585542,1.16435438165441,1.36228509929561
1.44128346431556,1.11777794904924,1.48285247057836
1.55645389646735,1.18380767200597,1.59707275448659
1.5647202013175,1.17780681445383,1.66311670665239
1.66390656183363,1.18259183569384,1.69662344847235
1.79053670981203,1.24388241689555,1.84815380324449
1.95091876192508,1.35890469443103,1.94066319208584
1.99624948173758,1.35665966176149,2.15768432357491
2.06497109615689,1.23236943481175,1.82455357840624
2.55862423415583,1.68309747782294,2.15273299192751
2.46010723504185,1.64766295910202,2.19296317317096
1.73368293732558,1.34020427391613,1.87358854280884
1.90289686160688,1.45839777734939,1.95600004128669
1.9582101290582,1.48026512171375,2.12043917146308
2.03085541994902,1.50569768894602,2.17049406483048
2.31832899495707,1.70867036073142,2.44341677074811
2.45066432301933,1.77758160952104,2.44901460040593
2.70984643034703,1.93280645444345,2.77394857546796
2.83740609749669,2.09978300465648,2.88121306818466
3.08694453016728,2.30187852456762,3.22670028627793
2.97492254860824,2.25003121888142,2.94036074348278
3.1899754984242,2.68063237534956,3.1545580172657
3.45131081734029,2.64257068457028,3.33862816241262
3.65171201114938,2.76464623031944,3.52161683490038
3.82363779520235,3.091676919285,3.67963918277407
2.41948811022136,1.84183211324568,2.65448464746162
2.38986341474154,1.89293029194757,2.73342477333505
2.72022320148215,2.05631268969237,2.88676116046919
2.97572959297688,2.19786851201053,2.97008323500169
3.11752634781351,2.27384144723208,3.08095048779545
2.89202839142593,2.17122429890579,2.84819712221516
2.98624349255258,2.33886620943059,3.20308065220936
2.9928582655394,2.39291515810704,3.23046284571731
3.39658719987774,2.63352088314873,3.46706011312025
3.63336540646163,2.94039656190106,3.7720375623575
3.66618345389334,2.90415041580845,3.66143889997703
3.42303110573878,2.55922365718487,3.35557153098537
3.79981047066379,2.87706403316092,3.69269218464807
3.62222184651143,2.77374364314114,3.4721667212783
3.07672916535728,2.47264026195902,3.42862891235985
3.28475624972843,2.98014112716733,3.6971564663599
3.25346886446011,2.57165587872773,3.76205125876044
3.44402796399173,2.83789444782007,4.01161336180482
3.47633486783167,2.83294206033777,4.16135119376382
3.71388822536509,3.03947259179112,4.40085839755699
3.67792733277318,3.01495510423891,4.41031399466823
3.32201015618559,2.75070390087159,4.10515646669793
3.65359352767072,3.05766325432952,4.48175400333981
3.0681035298741,2.51932474470304,3.94731876358516
3.09413368379771,2.49295401389161,4.03082066171727
3.02227486397773,2.49640469318968,3.96545087794664
3.43365863787442,2.81047072413808,4.51741250359592
3.28772806912412,2.62219681954533,4.19742788001007
3.35643584464977,2.81931855359338,4.04848766705626
3.44846615473186,2.78366386463785,4.22348573526345
3.94636324444108,2.93434927202427,4.9838350403462
4.32123814168223,3.21959817222808,5.33688072279027
4.3202999096138,3.2152029180172,5.06918350108976
4.32211619843913,3.22528895787317,5.57665264123822
4.68502419262395,3.60060161950226,5.99182385014369
4.67988605653437,3.57227265148228,5.94890073169641
2.60061070439976,2.19327205278079,3.33820444852527
2.42122544892257,2.02325159272647,2.83546204517059
2.81105672345831,2.33439487855084,3.55386594789252
3.2347627337545,2.65113393160069,4.10428926664819
2.76856205490892,2.21150243087348,3.1799970594681
2.842912566171,2.26618167582288,3.14793148447077
3.50929202843335,2.69174554934956,3.85003002660465
3.75599705367666,2.95334307614361,4.14064696339753
3.74488333877147,2.81729793087769,3.96569146325568
4.12774376498721,3.18686457202632,4.42021607110841
4.27054254599757,3.49516743539556,4.75139439141863
4.59912216773034,3.53844333305299,4.70640087910659
4.57089920490596,3.56108696020846,4.76298740482217
4.74130829732624,3.74208258092253,4.8973498610071
4.65268805688338,3.84183562608215,4.9078677274495
5.32693194981223,4.09167645291455,5.33196275092756
5.56294331412094,4.3417363953659,5.58256860362867
5.64886683671499,4.3432782822844,5.55883422239109
5.90088832797589,4.65001598400312,5.81593662278883
6.20129786061819,4.89593800256224,6.05326442717994
6.14865888399339,4.95761552448749,6.04056661900738
6.13265589012497,4.93863973117183,6.06737403131145
2.35755912167132,1.81976661799144,2.44424117438474
2.72819273604846,2.10699474408552,2.5408495354976
2.22091715812254,1.63050669454534,2.052264030559
2.64193012429874,1.96337715888058,2.39834921431135
2.14178894961272,1.46097685097818,1.57203999156903
2.47631388531561,1.46313248044212,1.55362743778725
3.07033347167978,1.87535267240778,1.90272766947582
3.53033663284725,2.27679416976743,2.29339256634819
3.47432546170923,2.28300677149532,2.30997846208175
3.53841164731534,2.25843428813553,2.31957834692626
1.55583746729081,1.37661976855322,1.51415829141969
1.95116819286629,1.8156665654311,1.99824217869821
1.3398150532489,1.15729239314593,1.24085250922197
1.81214697329501,1.34701550270787,1.38337661426338
1.28212753933011,1.1098158892171,1.21294374312553
1.52756054043268,1.18650441089727,1.29299467986799
1.95237089315461,1.18839355394428,1.3356366288243
2.35151315236371,1.26181950803497,1.50830246290702
2.13363537977632,1.29058248223052,1.41745727220446
2.94993112769878,1.28782499795974,1.72908816187283
3.72204361841987,1.46139954470557,2.01276464392893
3.71820293798115,1.52522302946663,1.96642935385179
4.92382547833405,1.71298552361399,2.63426842341976
5.66094407124615,1.93632940319665,2.9605829594695
5.4513212491929,1.80364825678946,3.00968423031866
6.46431310032096,2.0650995524267,3.5646563070627
3.77275741085984,1.42856876611993,2.21040491153565
3.80085312051368,1.47146280788414,2.26885062820043
4.97596843427099,1.68108572635225,2.83715216409411
5.74840014408117,1.88718313288062,3.30563013089279
1.13523849212559,1.01363634497693,1.09674740684
1.39281997722937,1.17245940047473,1.28560144402224
1.08813503252423,0.964004298304378,0.998984069979203
1.35995987573866,1.13297774609843,1.13082857384236
0.96692072199018,0.871074357980958,0.920172047309793
0.984308615448406,0.901541667365774,0.955460553501131
0.98047143473167,0.878377121221455,0.945331348402042
0.955386105300089,0.883921845970894,0.948519413898011
1.07136445872563,0.970211351044926,1.04427108640402
1.02414298617953,0.900715245610427,0.952957477229336
1.19624847380221,1.04139829642037,1.07451612569103
1.31262083513906,1.15298272474684,1.1802074987695
1.30432838727646,1.1206508485149,1.13825057691928
1.4851347613663,1.27712779409851,1.27858654298219
1.22990309118704,1.08419695932937,1.09573222464948
1.39081331119715,1.24245072987557,1.23563925631139
1.57435699101439,1.58206625880295,1.59275663070349
0.979425095365919,0.88295728842346,0.922501585522981
0.948767377486969,0.883889348063431,0.913465860928093
1.07905359298225,0.984001239145554,0.998944741225924
1.11079349840354,1.05807535028375,1.0520855656472
0.908966446010663,0.820439312923294,0.860636576332448
0.99576040480709,0.887971503082888,0.929219407658591
0.841530880135587,0.769177119247506,0.812767686835965
0.831666618215217,0.767812293615261,0.822413366765791
0.843901052234278,0.769018723245848,0.804122605423765
0.944781938994594,0.85780040030072,0.891841768765499
0.883630061564374,0.811559471719163,0.843149438617413
0.808714168369412,0.723711698967127,0.759834649439138
0.865991533330306,0.783223466577593,0.823323636740801
0.829807881323554,0.740095493941501,0.762299540657266
0.929828676348052,0.839259057803261,0.854930848419913
0.81938698347563,0.72449349389665,0.742087169566159
0.843535257200567,0.74795169235937,0.763451053333513
0.937732934561195,0.819358414236271,0.840430358325179
1.0346357044999,0.919879019325032,0.931226081497346
0.98527901069438,0.859379463797597,0.880732088968111
0.980618131268723,0.862255272489473,0.884720166992745
1.07834069946702,0.993263430469482,0.986730781699346
0.737083429889842,0.661385313780566,0.672203236297554
0.762330065469439,0.68998134944479,0.697546910804781
0.702745625115457,0.631603852791702,0.641111190213948
0.766854079616658,0.682241320899493,0.703936329291497
0.653841462169733,0.595872464893393,0.593482787794262
0.650282557689396,0.599476103487934,0.599591628322128
0.685596318947477,0.623326457050167,0.608348081357031
0.855783466482359,1.26592245633953,0.742998063470875
0.77838431088808,1.36976502317782,0.710640808132982
1.32814003363259,1.95189825099382,1.26627674472156
1.35252227933705,1.93023266709249,1.27559835928867
1.30114391138203,1.96547895900722,1.32454815460078
0.756096972833621,1.23870191802138,0.667930940613955
1.32089114523262,1.83952032106717,1.23731249410666
1.29170033251479,1.83534324437982,1.26658087262556
1.31703271335647,1.8300127800018,1.27277441249417
0.68746159342193,0.624366324595354,0.613319934509902
0.706218369156711,0.64754376012844,0.63125010040824
0.749856320213932,0.678189187598668,0.667205913573944
0.792744178350265,0.723360700455841,0.716722467693855
0.807107378446726,0.735339917318494,0.713263001365056
0.827411753162079,0.75645941390291,0.735885688337251
0.91511692230961,0.835037164407648,0.815848270175497
1.41334727723323,1.38419853097532,1.33352817242871
1.40117074010802,1.33071062492605,1.3071128356528
1.40336776256296,1.33942081791862,1.37653012705153
0.825916714544576,0.751211847715377,0.724181308280691
0.870023405223566,0.793283833241121,0.761384892289083
0.843035654853073,0.764802279612177,0.742099163430637
0.858160838855377,0.778105359284082,0.764475170469892
0.892116241118873,0.808051849091346,0.78248621390636
0.951067801186949,0.865679786377883,0.836526251862343
0.990253754315718,0.897707118838002,0.872393387898493
1.28423168153936,1.27494785631204,1.20106990478773
1.38796052985901,1.34290995812304,1.28977085986536
1.62580948696098,1.40058184577971,1.52770371437508
2.14857450497818,1.94557189076721,2.07249649540298
2.29320723709574,1.92527813372641,2.15842829104045
2.07353187005864,1.88716670897588,1.9585507318682
2.45667399003279,2.32582814924816,2.44111277605908
2.4743988970922,2.21827083635041,2.29394777239032
2.68791670985428,2.51192778618652,2.58307198743022
2.92045650113963,2.81478396291781,2.93899511709316
3.49788931682437,3.22764357543923,3.27753430197679
3.93292431019771,3.43050233218218,3.56039536923929
3.73072500949638,3.16546693673051,3.36543757954774
4.68867304752331,4.10306199847881,4.25047648463175
4.29948878339278,4.13490139551772,4.16012968090868
4.39820062667931,4.34476011864637,4.39170865135955
4.97688264768048,4.74490044998419,4.75627203055989
0.852514628147651,0.774986533338616,0.7549211077895
0.915927969630067,0.830552575223982,0.815703082450795
0.786913764760222,0.721361372942519,0.710761368600608
0.784404977588191,0.7249983173396,0.714609856908385
0.761522069845286,0.697394360054657,0.698756774535961
0.829655612715701,0.760684997060744,0.760934530414788
0.728185332256482,0.695294155370549,0.699357946133407
0.806544749797457,0.795674095634409,0.780486455477299
0.751033196614132,0.73917263580589,0.729587439831932
0.75226991982823,0.730240007254036,0.746639325562115
0.959327083020553,0.979692131765584,1.08239086272703
1.0375357678592,1.03969363705096,1.08941432913209
1.55034341345206,1.59177214648146,1.60222690860386
1.55455476899978,1.54482142780119,1.62536705527926
1.5539292525769,1.55390495115012,1.62252544224548
0.881059731251126,0.919846350670559,0.977127294601174
1.44437971935471,1.45582932443102,1.52532121617141
1.39098081548312,1.4577796613316,1.53356144770195
1.4326971690529,1.47429488648131,1.50967827232012
0.741140327688468,0.669723042122483,0.676237095525533
0.796131547123883,0.715077601365213,0.727871311040885
0.712239716446264,0.64320147474355,0.646699035865546
0.717588226022528,0.652205840100368,0.654909267755883
0.721068969887588,0.655450067972237,0.660398500185905
0.7457767404349,0.681755327929874,0.694360851697272
0.737430458083466,0.686707120789172,0.685691112925674
1.26453704045927,1.22935321405943,1.27293597466539
1.28389574837473,1.2566660708226,1.20847474764915
1.29158351449256,1.26736893148708,1.27601991114295
0.77664515104053,0.703703564224765,0.704268746742186
0.8192981383136,0.744264975969068,0.751896799590368
0.832158578095591,0.75437297702856,0.738732018773998
0.846062180041726,0.773305223600776,0.750101787155976
0.927350664993467,0.841261966436112,0.821252624537758
0.964664454837399,0.886970359879932,0.865147928660263
1.02630888927582,0.942290365187403,0.913646455645128
1.50200474999821,1.38944051013475,1.40586146785751
1.45947950279354,1.40990184543919,1.38461333066466
1.48581086686201,1.45739293142113,1.40907937743436
0.963819339572537,0.863736960224056,0.851388088958753
1.03749401698599,0.93785214280607,0.924422239935889
0.958780444762218,0.85252151894972,0.849344752949034
0.946182251396118,0.842757897768254,0.844318926933882
1.02720284424452,0.918480152735787,0.916485170736794
1.12231994306675,1.00450503334919,1.00484096419122
1.09171394917968,0.988075682209957,0.985254339014206
1.36868162849646,1.29663538314512,1.29669540761818
1.41310088309928,1.37887588277863,1.41607000461187
1.65111840246613,1.62955773094912,1.53564769520958
2.27917712607498,2.33801887703319,2.21676011352922
2.15929598433056,2.12378166866815,2.02930856575938
1.85493503954182,1.84465318358239,1.80040770335007
2.30072667082601,2.34410706895996,2.27212074279361
2.34804908684016,2.29092151759101,2.33870639998548
1.01281152009838,0.906200377247115,0.911928647580011
1.1296330834273,1.01516301206978,1.03058381447996
0.933317087689756,0.839170619086422,0.848784567370917
0.904202058792567,0.825080913568727,0.834959446440404
0.953435519841641,0.858431942662695,0.874665740082886
1.03484795000027,0.929801657743036,0.948323410006247
0.944333153422694,0.856543731410579,0.875240247089929
0.918486763230144,0.836877118306959,0.86040039376828
1.03099892428949,0.940572885684987,0.961518099170613
0.992319178157547,0.905432379227634,0.909787812665589
1.06111420599683,0.956776714231056,0.936872063647926
1.09904535185466,0.989333855119345,0.97334940038011
1.17062590686173,1.07319369249477,1.08657814146587
1.42080429467691,1.36795362985463,1.37387759535169
1.42795833215056,1.2926838656909,1.30617925312597
1.36763342240456,1.34461233633011,1.29549936260547
1.74303573692396,1.80493393034831,1.75272960943164
1.7222702499553,1.72859287989035,1.6429699978971
2.27191268498777,2.29075467088546,2.22421823122672
2.28166927199069,2.33230278997,2.26946873394625
2.84909867559517,2.8802933603815,2.82115863404734
2.12196306421378,2.19919172683783,2.0814019313576
2.24022727885497,2.40029815584737,2.26177915941833
2.58671578331798,2.6443838612549,2.53380628003003
0.958996621946704,0.868760021926938,0.888492240320085
1.06804801473991,0.982151714665941,1.01584321401416
0.926158907671691,0.836315302714042,0.848061623789938
0.947994152975237,0.854187280891505,0.86482050280446
0.956991703540869,0.866618877856164,0.880342964801951
0.999811323604125,0.901567035158272,0.913645655887623
1.06103597708926,0.963778202420614,0.982928198819262
0.897087229155691,0.824771643821144,0.828217839289338
1.00197796463953,0.952071000360349,0.934410866625218
0.806960377855345,0.738487567009553,0.749075340400017
0.813792279225413,0.742091409701415,0.760186590925695
0.784859171171557,0.731278202785799,0.729876689197553
0.845897343477882,0.791418635644866,0.790362137776049
0.777835872413026,0.739900158132151,0.719507491445478
0.793691851095239,0.778761788810745,0.711042142436813
0.878282896387514,0.848326603272342,0.762481066871119
1.38438069937573,1.37150526812442,1.31157810753603
1.38203367688605,1.3245115274021,1.27791615888866
1.37587762092253,1.37485308754543,1.29808013968653
0.8969155302683,0.854029905146271,0.84509720941496
1.2460610671594,1.31655865920407,1.28859728548225
1.30914639438938,1.31561609877905,1.25984321061124
1.27242859665605,1.3597484845717,1.18100537744927
1.77079005690069,1.91690740177753,1.72888470844934
1.80992682246555,1.91280048308816,1.73632945430539
1.79686023240893,1.88501138533241,1.71006298766941
0.770739146848499,0.717160521575204,0.713331996045938
0.779375606285499,0.733235090076075,0.717284178573024
0.81713927326519,0.76076792758414,0.759704768662821
0.922886327376842,0.862786812443344,0.868888209879474
0.983392982795926,0.930176709760335,0.926154053318324
1.00878856334441,0.9590532147355,0.961128876820184
0.837728316413049,0.778998214156275,0.7729254080395
0.888600381455451,0.821879359631792,0.817626534433736
0.950106537830961,0.884379218336818,0.885423992304374
1.05209796649798,0.994546018976863,0.977485852168303
1.10770056591114,1.02855518188362,1.03069620574304
1.04297393379813,0.958804034236201,0.973409264296271
1.27072095386094,1.16793261709042,1.17037377432096
1.23798005096008,1.12717317495523,1.14724905806664
0.780381580867444,0.736656312646792,0.713388580187857
0.78268576131763,0.761903839402263,0.726461252487728
0.801880899063798,0.756612147053152,0.732175888075258
0.888084944053957,0.843436811993973,0.822629855342688
0.763741324421462,0.72491405446877,0.694797041071822
0.740160995702602,0.700590613818803,0.678270148273239
0.840136783529975,0.844163989585792,0.767938237541052
1.01235340697293,1.30935480234844,1.02125679059543
1.02684079320863,1.21228440373466,0.996526560866862
1.54174587535212,1.74282712236809,1.49635613511303
1.51758481435662,1.70789336266973,1.52675371088306
1.49387403189974,1.73979024955536,1.51500507375311
0.931892589795027,1.08253596578474,0.919709115364617
1.42959267994128,1.62248767860439,1.46005612326479
1.43662136301332,1.60985306818573,1.44431205932312
1.44802486202976,1.61898732698804,1.45487578056264
0.781717693577734,0.748818867392977,0.723316294382106
0.893007248179614,0.879952166486627,0.835577293411249
0.74417790060423,0.70755867574653,0.699275566720884
0.733369750337924,0.689213442015977,0.691709778629908
0.789793313809222,0.763521127372316,0.754564927211496
0.856338403612606,0.841558262769678,0.822897215013297
0.837234334021677,0.795747158823388,0.81149582196467
0.847670745182722,0.790029299568143,0.818424832513369
0.944643902695956,0.908171337501633,0.936463645379219
0.860481837917291,0.816151555865144,0.840139115059816
1.50348321538752,1.50863390072417,1.49261643792311
2.30883350174749,2.32727691017985,2.29888042584683
1.55164447603594,1.57175345895938,1.56209381954963
2.35701479702148,2.40758524723959,2.3859529089165
1.04431057839209,0.991427877954153,1.03801760131542
1.19615549765036,1.13792676870396,1.19426604632979
1.54197076998059,1.48508539364138,1.53588847747278
1.4805949748043,1.433586717344,1.48435723560881
2.27617634792456,2.25260325468108,2.29655085834239
1.54615872022292,1.47604368788885,1.53549695667047
2.35693137786423,2.2907196644861,2.34459369559367
0.782868480013534,0.764726301736773,0.750204476925379
0.778907042532195,0.767145236826865,0.751615335370926
0.851059733912465,0.838243901228912,0.827522852790576
0.928708396253937,0.91599835679175,0.917205701370956
0.876787583832085,0.873169693583234,0.864685639695832
0.870473671257207,0.874751614378984,0.872764446571331
0.964408120855367,0.976741171090952,0.942211551855428
1.45253485616143,1.39577337482238,1.42132491050806
1.43108737777009,1.46728958264368,1.46258368678018
1.43276562869411,1.49251178201386,1.38201227477675
0.942728905585241,0.938027450289704,0.951008784363593
1.06573177207886,1.06476682142404,1.09629694218362
0.944451180218381,0.940630632387853,0.969243784624719
0.914268177734512,0.919987658941744,0.946579253665162
0.909371200245683,0.931598253730741,0.979347915359045
0.975649430374017,0.98134184568858,1.03533330371097
1.02363804274159,1.01589697003069,1.11449075085062
1.11026957363904,1.10803140005624,1.24255023588528
1.06439452109458,1.04475198781899,1.15276368307005
1.16648442346667,1.14187743756688,1.30806248021764
1.17427324427888,1.13733751672546,1.28956527484474
0.987736011836272,0.976265687978555,1.04054168373025
1.05008077869552,1.02395553132875,1.15447488092578
1.07748710393945,1.05861893849385,1.14949875752213
1.04559630006084,1.0591647602582,1.19638600452464
1.04171038060657,1.07830534137359,1.19920726220567
1.17370905275158,1.19001995913164,1.40916513015604
1.26706703527364,1.27806969108698,1.52098079311957
1.2715822999513,1.30039016698333,1.59704576129905
1.30923049059008,1.33856334775622,1.6541451594816
1.48693775247317,1.52867360605981,1.92508386636531
1.68173917173076,1.68299870937188,2.00298808438532
1.73292859436883,1.84217715037767,2.14276707080022
1.91532525650455,1.79528589658549,2.14384252835461
2.48348764360236,2.27749364996738,2.57236398548339
2.42647493589623,2.30343817927317,2.48350952285864
1.23045349015955,1.25662528285986,1.51727730859258
1.30098686002157,1.33148041930182,1.6171619628053
1.21018207571099,1.21028890755813,1.4177374252671
1.24958099721224,1.2489952739607,1.45806164734972
1.23231767026496,1.18052526909824,1.33471376959727
1.26269295233853,1.18800823538887,1.33313371473417
1.45151205355759,1.30474300826714,1.49060463890023
1.74852212243014,1.42168630164097,1.63595313347533
1.70829822822026,1.37919401796459,1.59587553994441
1.61325550781292,1.32583384783099,1.48316756855447
1.80505248896488,1.28893067169344,1.387199784277
2.0295934498725,1.54829246705508,1.76851856264254
2.25018169703222,1.69921697413517,1.97571148992498
2.40316191792658,1.64884969243946,1.84693006819514
1.13168554626845,1.10415426030526,1.20443448931554
1.18931573692669,1.16436851110077,1.29030563460947
1.07992877865895,1.04237285245937,1.0811149555076
1.14064164354204,1.08020928575564,1.11063399282881
1.04815748756295,1.00630213449467,1.01224840798364
1.07845833068744,1.04222506107044,1.06072058310896
1.05299564551741,0.987219953465391,0.972521610109781
1.62787249838295,1.58463511133847,1.54670975329485
1.56832955608991,1.44927595090189,1.47239846249592
2.11548277973767,1.95555270289044,2.03895353659168
2.06508855339836,1.98760138017064,2.01320497317169
2.09143982447475,2.00014326090774,2.01849670531531
1.40708135925577,1.34042929330006,1.61790395487386
1.94297733131038,1.86840384193924,2.16758245262285
1.91779935788138,1.88567009986268,2.15655242642885
1.94409897527021,1.87445212126549,2.17922259701189
1.10745005683624,1.03272836120467,1.04266369823825
1.27081816000637,1.06157501206152,1.06688722173823
1.17206298588221,1.07717171946684,1.10427682676946
1.2873246186623,1.11485270739359,1.14580938488571
1.27129317751171,1.11898991951641,1.16272488242934
1.27461158517388,1.10993470381596,1.16457294682118
1.37657134866903,1.18797859418443,1.22992586787724
1.55607001114996,1.26217333447584,1.27519454332331
1.7177885900124,1.25626854317498,1.30822369063308
2.1647469082571,1.17539451541709,1.23836606161901
2.84920058913428,1.20323427063954,1.24962765517768
2.5348541190792,1.36240448308886,1.467167424636
2.42645118777482,1.57829930439949,1.6710323040214
3.17855202735943,1.39933764540839,1.54491440705778
1.39977745689045,1.19350602541282,1.23954445797127
1.89490193543602,1.48644408750008,1.46045804743094
1.34093390165762,1.1671212432853,1.23670983475265
1.52299565174851,1.28476665553415,1.29996506714223
1.43479191021252,1.23237888546229,1.32128134696127
1.5340936132233,1.3005966677311,1.40836525619533
1.52809227642021,1.31150165282601,1.39869364453195
1.61667239175693,1.51758650126624,1.55191358493569
1.55939829526734,1.64192069694173,1.76613720863597
1.70820973112437,2.41808312472555,2.7210959289263
1.65212597172999,1.70776363780244,1.9055624741897
1.89577364885867,2.98101882269804,3.35231226030888
2.04233921342232,3.76009247169861,4.19641650000488
2.00278272101691,2.82799684550152,3.13865067128802
2.22092317259161,3.36311258019436,3.69154544351238
1.85774142210813,2.21758450006224,2.37937824780462
1.99262915405028,2.59355034269729,2.63161797663907
1.39774065742429,1.21133719695075,1.29893076865131
1.30501329169759,1.16209548194431,1.23721246189612
1.51303043371717,1.2907441018634,1.39035612448994
1.68638977038039,1.44068881264861,1.52943508127493
1.77962357812419,1.53151632829802,1.61010717540296
1.73275728699717,1.51224677524842,1.57986267046676
1.51689841817945,1.27850713255319,1.407758215893
1.48509830101792,1.27845230699863,1.40241992349705
1.70732308886723,1.4225609243544,1.56878140467839
1.88514885675784,1.5904436019176,1.71540534806163
1.84225411119134,1.57417672597877,1.74889911660104
1.83838025620873,1.56171245183924,1.67603556682172
2.13277726291201,1.85127396650681,1.94637259617894
2.03532402744663,1.79980964114118,1.90323809882275
1.4604455188534,1.21803377477853,1.35940493348256
1.4395080187398,1.20310085476602,1.35190270543371
1.48605452240542,1.23838938399882,1.37611026292786
1.5388211216448,1.29678890812836,1.43069963088709
1.46692425422354,1.22307543058146,1.3628734775647
1.52564843625599,1.26742680883531,1.42206602886809
1.60295390839626,1.35091024381854,1.48455955682076
1.76572408197371,1.54997748686466,1.71662427441767
1.86878669957786,1.58219400437331,1.68581774522636
1.884350788871,1.80220215184574,1.82922322251943
2.26156070550553,2.24128345430365,2.22537349060718
2.20481748730567,2.14945743291605,2.20839599579606
2.62138599486693,2.51545358371105,2.58700909128543
2.56413080578881,2.52247742267933,2.58794574945
2.55979721260476,2.57607447065107,2.60271789219174
2.44962594182257,2.37442111172227,2.32022883720994
2.86498730602795,2.75938535279005,2.68318344781171
2.82216086249897,2.80639352046213,2.74347142329945
2.88605512801868,2.78773394178894,2.73395502806131
1.31995915890853,1.12075632700846,1.24829126816364
1.3027613507884,1.10786068591658,1.23630379716309
1.26415128800222,1.09284154513052,1.19671610797804
1.32785120592728,1.15160816488303,1.24715796742931
1.17231826975439,1.02390603481559,1.11304694616684
1.16662998135514,1.02764793593213,1.12154619646154
1.17989373561858,1.04344078174249,1.11838849235058
1.26886157626793,1.11743092051921,1.19170501181287
1.1610966511016,1.0497842311374,1.10448585190916
1.18621724155309,1.05904403172104,1.1383522072288
1.2967317685313,1.1643730375912,1.26849183278989
1.40980905116369,1.26465621826939,1.38583854021405
1.32589751927166,1.21120957225555,1.32425756602154
1.43780933516336,1.33540999654137,1.46272519379364
1.24149668573904,1.14269505501499,1.2359593007924
1.1558337507791,1.04875616587003,1.12219932301676
1.15505000841357,1.05792255603142,1.12126702856233
1.17090263954445,1.06843846949165,1.126787527909
1.23147415084926,1.15012622423155,1.22732432276834
1.30596701077249,1.23050955772608,1.3088275056515
1.3143844591921,1.22749408904883,1.3298279714041
1.44129200853385,1.35007797948444,1.47262466370728
1.30679199531579,1.22525491790585,1.32147029044307
1.42784114041745,1.34586574854303,1.45783926365988
1.13257994168123,0.987652082740867,1.06629531528412
1.10890824052812,0.971177508237996,1.04673749146829
1.16567974653657,1.01180858538663,1.08951864909468
1.23396822158184,1.06809115541889,1.1440493139674
1.15944100174687,1.01130561553656,1.08008945571633
1.13153658921715,1.00009663762906,1.05389429088559
1.2473191724975,1.09073186266857,1.15625466879413
1.35591418130263,1.17094439351199,1.26057744713131
1.31812045258883,1.15738552460587,1.25052736530156
1.68316692733649,1.57839636263085,1.64375744901465
1.69456373480486,1.56138069893093,1.69336411150175
1.73269372574304,1.59425164891927,1.63104316977475
1.27872033958792,1.1339407596481,1.15918579684008
1.68868265435874,1.56241245208571,1.57420691484701
1.64739690530709,1.55124503314151,1.56029379809168
1.65962782168843,1.55025359895424,1.5678343006853
1.16157151731686,1.00720030846603,1.09265357315247
1.14818531891671,1.00780588140758,1.0888861189641
1.21836811495529,1.04240015109747,1.14546399459015
1.26791628962728,1.08448257568689,1.18482691167736
1.24768371390222,1.05991931104006,1.17970330936233
1.27609840206034,1.09160911406484,1.20646541108336
1.36026528276549,1.16189583703987,1.28976731173959
1.5518596241994,1.5097661615901,1.52804083901088
1.65518213836917,1.52838689767216,1.61972260649075
1.76071350955191,1.65334231624026,1.69664226969438
2.2322772445599,2.23564798431582,2.22088609631035
2.10340325518584,2.15013122759621,2.07930837236609
1.89551337197203,1.76000116333186,1.84856047205471
2.27564340044581,2.17717892994153,2.24114163065716
2.28452546566295,2.16364258079633,2.28278900756016
1.19306054168217,1.01021294396664,1.14241840164025
1.20804074909002,1.02451647605912,1.16321446358165
1.16696787203164,0.991247876784994,1.12244519898225
1.19485924240388,1.01978305451995,1.14586013043263
1.13875537927179,0.976512193685879,1.10746660713608
1.20059603145801,1.02058943317648,1.1601533874841
1.18041805083883,1.0210155733664,1.13947293373934
1.29836413597368,1.05163435084108,1.32620502170113
1.32475721167074,1.04986967858695,1.22271540879429
1.41898921932777,1.11646676303103,1.50531847269603
1.78810913896915,1.48584567334965,1.70571229698809
1.93170222240745,1.53868324041583,2.08861702948964
1.91931179286904,1.66278230653909,1.88271652835435
2.538993103467,2.34609722293833,2.43636019494415
2.22148501601969,2.03231439102122,2.1468294711985
2.32139436971026,2.1122683851469,2.3323699952077
2.38665697299897,2.2318734173745,2.56775858027792
3.1871217487659,2.99052511413155,2.94182786424185
3.84642590792156,3.6175894592428,3.27754737116962
3.77244742567321,3.55396796388023,3.20098724540415
4.59820517664833,4.34558216650312,3.84397467815612
3.80322673521566,3.65370075449952,3.62371708098792
3.75648057591399,3.65875442694541,3.79790042542346
4.49797958086915,4.32635660033166,4.11817751862536
1.05263729421228,0.925855889272416,1.04789952047855
1.07214151248004,0.955996110520082,1.0819607704763
0.992653325516439,0.887630008995915,0.991652135912205
1.01735773080767,0.91239785051877,1.00927037556945
0.932009119473282,0.853951158244665,0.945019776085857
0.934586018490113,0.872543901390952,0.959940629770787
0.912300443463197,0.865935372417981,0.920884489704798
0.969369859342054,0.9204494079879,0.969083984333668
0.915199349513512,0.900703884197976,0.927169799192598
1.3887837946128,1.39865511997445,1.41453359669925
1.39296222256255,1.3879048626564,1.3998291653502
1.38782297620008,1.37930086787794,1.37749373145562
0.957745926471215,0.941092178771296,0.95815218536102
1.23332756113929,1.27621984234745,1.13595204165557
1.28616381195019,1.34396952550535,1.17151201252321
1.09610994744182,1.04469060639738,1.02019246727807
1.60177999729399,1.56656642815601,1.49922776474481
1.60653915130238,1.57434179305771,1.51137550068402
1.5961463805859,1.56252036995738,1.50695025134591
0.959823976484132,0.86071442376601,0.966216280783168
0.967455371267119,0.871355786707324,0.982372121957632
1.02453430552594,0.901807443536778,1.01343383066471
1.05510167467279,0.929226456480505,1.03437086397298
1.09872133168052,0.952304068697848,1.07352822555313
1.09962067223885,0.967239226840812,1.07963429839201
1.19740842349009,1.04249354533715,1.15189165271433
1.64671978038321,1.49067717274779,1.5660660487068
1.59246767596278,1.49229222121671,1.56399987074807
1.58589754794223,1.49225879224717,1.57312181155622
1.14585100972449,0.97526550999131,1.11986730087015
1.19830255995321,1.02897747127696,1.17268620784889
1.1741137513773,0.985101543387668,1.14489055803482
1.18631618858913,0.999470133027322,1.14643949271356
1.23728495930528,1.03222559456914,1.21274529436331
1.31491261552759,1.11348821459389,1.28372084160692
1.31688649108581,1.10438542282269,1.29458523825294
1.35947289279996,1.2598539548487,1.38896272606946
1.42528035987979,1.28104116676612,1.41277536440961
1.58843213916499,1.38971930006846,1.54176206554241
1.84080532688372,1.78040379655875,1.82048151322423
1.91394166257801,1.81621335341127,1.88091073817795
1.89807007873081,1.8219053358821,1.89732316868239
2.31250470196016,2.31632519814681,2.32338813058106
2.46627961856427,2.47572583218244,2.49465722838882
2.77759165123015,2.7292339851896,2.77246846070593
2.89840816188161,3.02305537818355,2.96617699943241
1.20103462754463,1.00075436393596,1.18634335310358
1.30908554657443,1.10408016136138,1.29591503361478
1.11220469098647,0.936103230652038,1.10383384975278
1.10298256814201,0.949616190107745,1.09697981889258
1.09867888300244,0.935585901124686,1.0897631479592
1.18368509802556,1.01614855279476,1.1692343250961
1.07252774100399,0.922180808536769,1.06204034565993
1.21430293161808,0.991428827954721,1.11759542726189
1.35948916282223,1.06037081737795,1.17924293565744
1.09011596613635,0.99308334713243,1.18166283375986
1.40660031713464,1.16326879685908,1.41381704393742
1.34690443040685,1.23446362007978,1.42629289521428
1.81049410865761,1.68848394355977,1.85636490163477
1.827724212741,1.68797718842957,1.85947804703018
1.8023874637157,1.70431141365835,1.83085785666218
1.45502141816013,1.17906610167851,1.31348812992936
1.94251374217534,1.64531925414375,1.70117032241142
1.89336216054026,1.62073542994395,1.74073045243978
1.89978993898951,1.6450894079751,1.76913146253
1.08019734636367,0.930177382184731,1.06531103489751
1.20064831341268,1.0699217328799,1.16546435454651
1.0334616926411,0.883449382770373,1.01548472210951
1.07697180802694,0.936209757722282,1.04857668411259
1.02889278624152,0.885228922506815,1.0041318811187
1.03273992905854,0.897590067822206,1.00590967323048
1.22361716645468,1.0769106072416,1.19377745233716
1.63045620532252,1.51114421533257,1.51605397400053
1.62042360534892,1.5322816410964,1.55517690934198
1.70245370454837,1.65525272688288,1.58922852933805
2.13571637120574,2.15514698059104,1.93748782363885
0.938665079476564,0.814254751682764,0.91346094456626
1.04201172687488,0.916065908615682,1.00664877699853
0.824602058133707,0.722372205894571,0.815793361457168
0.827962615930261,0.732094665093577,0.824124666311841
0.934876782689506,0.84347080506635,0.932013332008614
0.903888860942729,0.807538573636075,0.89561909341825
0.763714399338643,0.678829161229708,0.764144720472816
0.833046586926118,0.730573357622223,0.816124882483544
0.771193754457686,0.702403078529921,0.79469676245387
0.849793582377856,0.795057766000447,0.887492687865586
0.87908679304229,0.804023303200778,0.906448669308377
0.798658504540836,0.733335823954252,0.818675126129826
0.897603240153763,0.84868802750663,0.932827340449991
0.910793018984469,0.856551860509062,0.931915923923827
0.739352530903698,0.675001783266735,0.746827349062083
0.810381637286625,0.763662685586653,0.827818971936411
0.728557995600394,0.661261734462328,0.725199388217335
0.761967497428768,0.688379553065983,0.74975998864799
0.732615335473242,0.678302935590029,0.741186031487641
0.775240426857398,0.735959542536339,0.797858783688876
0.79790933430205,0.716088370171649,0.78077609989822
0.811876512575421,0.704292473596803,0.780851426926261
0.85564724000313,0.780277945471826,0.841500614783812
0.87524298699512,0.788669440998573,0.854664439480318
1.46912170564602,1.28708093772778,1.42397108750179
1.36379360210239,1.28354051602,1.41624901864466
0.683022185783372,0.639743560990476,0.708584935403757
0.745710375668513,0.709324667596536,0.784366234800792
0.627221272134118,0.59029097801884,0.646330917242868
0.659634897216533,0.623097583131405,0.666094913422255
0.586438806182302,0.556504652604401,0.604357749902376
0.610468140807511,0.591307844866476,0.630831911323548
0.645472688457699,0.600231893608265,0.632724324594674
0.744391988511878,1.03606806086668,0.715992400851542
0.696923088809389,1.01211352006342,0.675170640292433
1.28375854403537,1.56969251460173,1.24361783250278
1.26052538619541,1.58308723544039,1.25843695450555
1.25558841164506,1.58959744935172,1.25401465990767
0.685701014758319,1.00416337597352,0.664417958820197
1.23346455576474,1.55146150569186,1.25096520465499
1.25308639227242,1.60504243698915,1.25572224359054
1.26056625432611,1.57457776610035,1.22637279005333
0.530995014410477,0.503213114728645,0.552187804791823
0.56843930703671,0.53554321713904,0.585109320004627
0.509750736037975,0.486955611487655,0.524673689619432
0.570703788079204,0.543259574664404,0.574411929513419
0.475856694359951,0.4609720709484,0.492371671892898
0.499059938552669,0.482517935591874,0.515608477441171
0.536776273416965,0.537969102364286,0.549948104421125
0.607531310784417,0.861603262623957,0.622439572433917
0.630405459831031,0.939030978700706,0.654946997851304
1.19101513571149,1.52753270806935,1.28722664221492
1.28589136109276,1.52143096293228,1.22555059339079
1.23274735265061,1.46992352200149,1.2493885186372
0.651472707909612,0.783985308668934,0.697561202688464
0.891265837002474,1.15975044545641,0.939290546074109
0.853197815136993,1.23746202952245,0.918557296775267
0.854615303347776,0.966471310053952,0.902931929296859
1.42695378936577,1.49936500420474,1.44444740554585
1.38949002085751,1.47935369235431,1.44889038369611
1.41684938690872,1.49630551020769,1.43990076592148
0.446345812987232,0.424779117814728,0.451936733674173
0.508864978837202,0.483022352776822,0.495744880312675
0.432185866954458,0.410079882888599,0.447990888394504
0.488879007212326,0.465250477049674,0.508900779518828
0.419598378063966,0.393528025372678,0.430243767318563
0.426722028004234,0.410162965499026,0.439910650348482
0.457034134409195,0.438976461050549,0.468849201694381
0.535173042391679,0.521719484808074,0.529476327915098
0.52718195818371,0.522153758484147,0.53172670604713
0.458472740497449,0.446428106903534,0.492339807301296
0.55900283544649,0.546381104256147,0.598394434904933
0.683139846186985,0.649888535107967,0.701085856070119
0.638354827955851,0.645644742184677,0.683694534130145
0.799499311151383,0.801583533944559,0.836298783682075
0.628203572012165,0.653831767020109,0.674997006833494
0.747138768112652,0.783716981054723,0.787894862900752
0.53942990238895,0.531977963091738,0.567118819097431
0.652716822198865,0.633336775621471,0.668450761087811
0.612697990936938,0.622736913778916,0.648218751028841
0.753416797152083,0.763945343522831,0.782281936673288
0.435341400755244,0.399605713988211,0.439284586679595
0.52601707855841,0.476079357770558,0.520347243308723
0.436804073269151,0.408070040288522,0.446996232449019
0.495813055491745,0.466525454289162,0.50407876157796
0.431378177485026,0.41080265947222,0.455417410386008
0.465702209108412,0.441243059690306,0.48774357010372
0.516503695749365,0.509033770872156,0.534334556449406
0.603674006203822,0.58796647725168,0.625862711490378
0.573102940874065,0.576206617572998,0.592743414873045
0.639521875402923,0.652983276297914,0.676645787318276
0.910009669879298,0.955109061003005,1.04788835345631
0.422467776004098,0.387789231848706,0.449512414343614
0.476125666808826,0.446130167034221,0.506226269930949
0.446152377108792,0.399817233879356,0.475976703079956
0.488479198591992,0.445737490092064,0.526851026437326
0.478928453230539,0.423213077275738,0.53285697279779
0.502103325720272,0.45462550093695,0.610006677897405
0.528098643336941,0.469853808701346,0.536024288640625
0.586731277099029,0.533620492400727,0.579128937415201
0.609944407560325,0.547198116779927,0.639670032068674
0.514400852009696,0.463321173862636,0.522111307240095
0.636091519966035,0.594136832883418,0.691939230412562
0.797549897418596,0.770968926556688,0.889452010128443
0.71851052848633,0.660057319666401,0.774162661678283
0.933362691912669,0.86167387131788,1.00816912331518
0.666344822966252,0.603683155010365,0.703577054710344
0.78449843741734,0.710275541349676,0.83384763460208
0.612980495750093,0.565599303722148,0.602735444849676
0.782536941948216,0.731293744787154,0.769796745417529
0.662139880235365,0.61535858017792,0.675082774593228
0.832825401144556,0.794739993890539,0.856842534424688
0.52075608867585,0.458815575661191,0.638729348072197
0.583250976708722,0.529190395360926,1.09501065051967
0.562101102680641,0.49158970036427,0.672827651662267
0.603428808141535,0.528601475291024,0.966757632090007
0.611633707978685,0.532045028043488,0.746961756423787
0.657505365464963,0.566621653799172,0.865947920794883
0.63181996765823,0.556730896388236,0.774544876952077
0.66640937924473,0.609508854768394,1.01283118442733
0.736748027661668,0.667886312762107,1.07470439944919
0.617333011088774,0.557837743070179,1.183040414199
1.26310420236914,1.21312100510559,2.14224663023108
1.98250995223366,1.964253295604,2.664257770051
1.30515583212679,1.26219074328311,2.80025907611962
2.03189171993105,2.00440973576509,3.68045840712772
0.741184430921354,0.767141304569095,2.61044506520833
0.885175319218253,0.949266333086145,3.38179855241959
0.932045429370802,1.00173014230268,3.56624336822243
1.11925493783985,1.18736529097692,1.60034601843467
1.832872122947,1.93049961028367,2.05334203161963
1.14366846295663,1.25071847001597,2.16926327632343
1.84462702416901,1.99859422548501,2.69218209258369
0.655103489979617,0.571181949691325,0.881196098398446
0.748828425006187,0.663447180487007,1.47749090658439
0.66104010283633,0.573871507039786,0.710587287820926
0.705713902941308,0.620054966557106,0.975040115617753
0.674143134171898,0.590051808830804,0.733317820166992
0.710466985366091,0.622441215239599,0.843806206825748
0.670906065340077,0.62503461484654,0.748724500498936
0.727215483932295,0.70326245081742,0.888610775740547
0.731940661858503,0.701094318275765,0.911427860071298
0.668867617283269,0.632615656566735,0.727356649390542
0.719075912038233,0.684979274296764,0.791036197690208
0.789652440355656,0.750909952873122,0.891392312647679
0.758371492764866,0.734913794726411,0.831803971712947
0.849273819030889,0.827943463985685,0.949833130014839
0.752105426947551,0.74708520622459,0.83338769109383
0.839768445548108,0.869463873472152,0.956078993062896
0.841532028503594,0.883327222523711,0.975333957110838
0.70054143112803,0.674022478046424,0.779591222355573
0.762124592771732,0.729752275893114,0.866307328187623
0.74076758703305,0.733006002200915,0.841016390070033
0.824497473305671,0.831709083680127,0.973947035905055
0.769301226575888,0.665492971846089,0.948724330051513
0.86143217293693,0.770788858081052,1.15779740808636
0.869214326070584,0.732896393736037,1.13962378323944
0.905881743700177,0.78077297102051,1.19383268593912
1.0351082399186,0.855605229405818,1.49302515106618
1.12128204770111,0.928952564334423,1.59984989304744
1.30219397634794,0.995244303169878,1.81705919044779
1.32692353060364,1.03741159166461,2.02012854529225
1.73206986056265,1.15262535159746,2.09193321338379
1.79453181938021,1.11406198401303,2.14493798165698
2.25284229085476,1.37905805277672,2.22853142299529
2.09594695758922,1.37014551458524,2.48072107025754
2.14304485680738,1.46561737531416,2.82040035138824
2.53431537258591,1.8267077264082,3.41383791961043
2.47271241359674,1.85850172165998,3.13245102638001
2.50227691323321,1.71119641026484,3.06097930526066
2.74854861823786,1.83632947794988,3.16523175798365
3.01500816545183,2.13960254817959,3.56995891460494
3.24169487908622,2.36800068725424,3.92432079449107
3.17366357844593,2.33582561205017,3.94072014062904
3.73058772723209,2.7518532213657,4.37208519780276
3.70019030817488,2.62447586178272,4.08846938266299
3.92967875302072,2.74986039692692,4.20787338944073
4.14365871845531,2.98708144825495,4.5017469505748
1.11297541390972,0.924246298229133,1.6358731553123
1.70607494675509,1.40037460205491,2.30711878089403
1.17935653120537,1.03838366341897,1.40953564999866
1.59642580474744,1.42449311392533,1.53430454229888
1.287816102326,1.11250750830392,1.55253360363185
1.42650924658425,1.2436092029427,1.77886551658115
1.55329929423804,1.33920430233509,1.62973576639006
2.03446415126399,1.48453837864493,2.02004754207401
1.68601894249058,1.46169197480735,1.69873817141186
2.66621758313627,1.85500188367044,2.4114019488905
1.90558783829509,1.60550197545034,1.88733091935437
3.14646943194501,2.18209122459219,2.87798824901056
3.90969374781059,2.51873861693256,3.46672685123678
2.99317924176006,2.23387967525505,2.8878265759748
3.55754396780564,2.56875125469002,3.44605446658603
2.3753063865371,1.90958509008525,2.31867254277648
2.75542063816117,2.06675785966578,2.58500972489071
1.17894238678484,0.997959827321256,1.50607243788502
1.11819125184168,0.94868608645744,1.42029812966959
1.29796163213703,1.095772235109,1.70420962328185
1.46702968641803,1.26155208749454,1.88101141239083
1.30654972839098,1.09072196669579,1.77503102829259
1.30004546572244,1.10228160220863,1.85107030682212
1.60375214207935,1.36277408899346,2.17470359592952
1.91997950979597,1.73494625841117,2.39837633384882
1.8896867589406,1.75967436711599,2.31302049768161
2.17626191408586,2.01753108608426,2.97505918722491
2.68737924423505,2.60878058474904,3.44510465531991
2.67748285585127,2.51404411334178,3.54852629974644
3.07438101048092,2.89551994720832,3.90418877645006
3.05834599575311,2.92091541259431,3.88022965037808
3.05971935906543,2.94025434865579,3.92765432263085
2.74996878695484,2.6527465195822,3.50317742571438
3.12413220856217,3.10093787261983,3.8659287352293
3.17323164559283,3.05860676267029,3.85823516264666
3.14810170603605,3.05243033709996,3.80407156399572
1.19029347504859,1.00445927471862,1.55967512481438
1.30743329408135,1.16358245448603,1.64524381335679
1.11715661808208,0.941445022124307,1.52771061476346
1.2203676622552,1.02807415526005,1.73602684417823
1.0420553037965,0.916677427184556,1.41932410100604
1.07637371896986,0.970050188459002,1.32608888649345
1.04152714884404,0.913645806855204,1.5461072116704
1.35085805115472,1.01872208227659,1.76814744563847
1.12708062776752,1.07419492745638,1.40230999229174
1.62061204614093,1.55162765859386,1.79649918453983
1.59765567559565,1.51682065720351,1.85477487771559
1.59114447932004,1.56000785160494,1.77663954334017
1.26580480246988,0.996752956354558,2.37732697678093
1.67787879193127,1.49391333677686,2.76177916475552
1.87585493040933,1.60141589822426,3.08412603911776
1.54939390902962,1.2743431481249,2.68580624696239
2.05694796071628,1.82531662312687,3.03751510553577
2.0036453445876,1.82509638205667,3.0283773164319
2.04997051184994,1.81868200687068,3.06525636048507
1.05340620244413,0.993218960421493,1.42887323082244
1.10878762892917,1.08897051547355,1.49768973995256
1.09132145805993,1.07258199728602,1.42706425873232
1.13312554567141,1.09533502814533,1.40573795148993
1.15813896492879,1.23846150385396,1.51274233960996
1.252049484468,1.38650961087302,1.61466026755384
1.33231508491471,1.73370622095011,1.77321179671458
1.43652544674919,1.89327496301015,1.72249749029815
1.46860395432349,2.25608560743967,2.19492727451055
1.50526707340911,1.90966991591788,2.26936262383924
1.77266189652176,1.94923216252235,2.55695908322213
1.86456431130655,1.85030518942315,2.45788213582846
2.08284489391122,2.49303591745776,3.3139605238218
2.37888448472882,2.7436243573721,3.68051145399907
2.12788556634247,2.95068819185763,3.81279038011249
2.51970233603154,3.62412377308334,4.69024550501225
2.71330000127093,3.88099426751889,5.04087980614231
1.62820925074247,2.47844312710582,2.88862521867987
1.63878445769765,2.72690572074481,2.98747288150384
1.92614760110851,2.96037973579312,3.63835402183895
2.11729898182296,3.49213578359976,4.21881579833898
1.06400731421877,1.02710278770616,1.35044666345507
0.99295406520873,1.02315059246757,1.31292440520256
1.14625521551314,1.07069601351414,1.34662515896215
1.26886541536151,1.24372803666299,1.44856485705516
1.13759545306348,1.08860357259752,1.27317842939799
1.16807320894124,1.2048906283416,1.27876952969898
1.32096466261818,1.34168193534424,1.39474450013945
1.83551455126576,1.47906571858855,1.55996616498055
1.4887649931899,1.59657613469396,1.48691099690808
1.65244385885336,1.45987831583175,1.515727456486
2.28802955769427,1.82966690032426,1.93516314453299
2.1518107060414,1.95336055431077,1.96934727728603
1.07750913203704,1.05817553884513,1.25150356121968
1.08200028511165,1.07745968654589,1.23483044035785
1.1102853508961,1.09030227753911,1.36141465041442
1.18633927671746,1.14444910444442,1.4474203670976
1.1359910381657,1.13171293363975,1.45739012779929
1.18349991002293,1.20172195982556,1.47247929617921
1.290089625143,1.31066248615636,1.70095514383523
1.35108495068492,1.34472951886483,1.78277751242395
1.37799474288086,1.41883465372234,2.00541426099563
1.50325574695403,1.52328497283853,1.89242289045016
1.73204583908066,1.87407301958524,2.28183670900931
1.68267454543593,1.74146276454713,2.0583497626509
1.79048497252181,1.79224064029567,2.23638417911791
2.31842914480927,2.30580448346002,2.68608741215406
2.20519155063849,2.282788490088,2.72650007898851
1.06713639569873,1.02881675008134,1.41850450667619
1.13828168013327,1.07523961907977,1.48202114376638
0.996483420113686,0.959155432408394,1.37409784044055
1.02734342450349,0.995595371880461,1.39991706444836
0.941007812814593,0.896780527632493,1.33498986573227
1.01601308239564,0.956679492473739,1.46284862598944
0.9417231859351,0.902003913315166,1.39468156672849
0.938896648501417,0.900774735174704,1.35642128904509
0.945581493955369,0.942357687444384,1.40784927275456
1.43138990506019,1.40345504701147,1.71966087732188
1.37920369575696,1.41164743094004,1.76308885544112
1.43401905963221,1.44347614078097,1.80725150163207
1.11237911095215,1.05151623279964,1.63927053711657
1.36276310746764,1.22097406910928,1.68313479272177
1.34788782504571,1.24842971797419,1.65211175945241
1.7152451405667,1.27914274238312,2.66040276793606
2.19192143932719,1.73165561309361,3.12983777864608
2.21337876714473,1.73505621325298,3.143068646982
2.18620109873593,1.72092291219604,3.12604478082201
0.90143292038028,0.85165053666996,1.16728075777263
0.947086532322815,0.885626728733087,1.18555504123927
0.899865123071279,0.868866195764102,1.09112511419947
0.92630535604642,0.909675485165207,1.13107407291535
0.951142102572637,0.925233125812718,1.05187229095363
0.996561153060474,0.963882798893229,1.06833327996275
1.03080987369385,1.03900583873113,1.11379122937861
1.16662664173313,1.16914894137323,1.22375725165181
1.26791322135783,1.32048699499499,1.44019870221319
1.06838530324713,1.11290071397336,1.28395924013861
1.27696306134742,1.30869418019574,1.74434395220902
1.26908179054749,1.18521090545155,1.55147840550096
1.71389814882767,1.58247632503356,1.97250771802162
1.72869372011472,1.65067076926756,2.01363177648733
1.72350827832688,1.6460039692424,2.00912934829947
1.40660490379731,1.5325071970229,1.75498071296767
1.84420151962401,1.96474730274707,2.18196618464762
1.88113888842043,1.95786894591414,2.22864281891644
1.85562110943724,1.99522305144903,2.2186471932116
0.995201531993596,0.947529074740439,1.08154917896231
1.09083588790732,1.02868283614206,1.13121510864121
1.02350002948199,0.9741517800649,1.15674413482531
1.04660492497879,1.00222740290962,1.20199560633048
1.12394420048473,1.06147482352909,1.26963860044068
1.18447709011526,1.13132675095538,1.29683343926695
1.30396704824488,1.25269999005901,1.45914058461217
1.36803576076786,1.3107556565736,1.59414812033595
1.44437119595157,1.39551294037554,1.66511906011932
1.48456221335677,1.45980988050179,1.62933479977462
1.66093170974545,1.66923710407421,1.78060121561708
1.77858107296834,1.76156003348772,1.97656958758921
1.80500208009687,1.66469923986102,1.94718254561687
2.26308326904789,1.99840255926461,2.36248613165585
2.39157277995804,2.31850003097893,2.5651081422287
2.73559728645969,2.7538429150528,2.90931853198337
2.81935490901198,2.67476854669082,3.00190038145669
1.09958278407373,1.01149799288329,1.2926967809339
1.23022760233375,1.11893644373233,1.43617732692968
1.02823573095654,0.940779530462142,1.24312696634673
1.03052323560719,0.956599462572702,1.24615404898643
1.03996498771372,0.947917007131117,1.28923661229912
1.12869326522313,1.04445439541748,1.40823092595365
1.07869784973712,0.990788454768781,1.36922004620458
1.37396827160135,1.36104986634917,1.74078559494313
1.45694798926205,1.44382335929509,1.5949993227352
1.27572300375817,1.21094551835969,1.80008291074084
1.84124655856696,1.86998307426326,2.45039129886108
1.78515356772146,1.70879627034193,2.51674414029381
2.22524791984066,2.20396977554007,2.94080191496889
2.22415571878639,2.17218741562945,2.95142643524016
2.2780941528249,2.18286637129729,2.97082040825721
1.61706092404313,1.68115650486311,1.94459516570012
2.05467624191691,2.19995622965868,2.3197421198166
2.10006759406859,2.16470580537875,2.36493919887605
2.08847333963774,2.14962396367427,2.34891734461269
1.00593521692233,0.927229843333241,1.19319044920545
1.24355583309468,1.16974536425203,1.42023902315232
0.858890028705205,0.797115909187658,0.971610148021524
0.89933079408818,0.842675392700117,0.962914449006066
0.811511969323373,0.776234700502467,0.890146045094239
0.851908157541584,0.835980289593438,0.918621716533823
0.818067424814734,0.780392889555506,0.857946324723307
1.33790935729205,1.30928323120148,1.34903760667196
1.3328389906825,1.29800411907655,1.33941916166946
1.33272242897259,1.32503813414794,1.36443574849586
0.829769132007161,0.805607428759848,0.916677585869225
0.896379477008702,0.879023306255031,0.974059052301959
0.8576614109763,0.828062019638104,0.953719357570399
0.913150050839383,0.8719967947987,1.01084697665983
0.940489237363042,0.904650174194671,0.993117733164467
1.02347076851652,0.958736777251261,1.12677706738563
0.93077957196086,0.90765232033334,1.02893639242174
1.01981592128584,1.00022377757723,1.11598460485532
1.04876263208667,1.04365626917541,1.15307880915875
1.29894745846126,1.30913791604486,1.37796651466781
1.2904190849529,1.31162322117533,1.35515039840182
1.12738393827224,1.08079156249781,1.23746394144147
1.49693314990422,1.43972560549062,1.55763070860041
1.46250914460255,1.3957815212317,1.58689951952872
0.904448196221157,0.880041018243474,0.983865151786933
1.02174450964942,0.989546675806209,1.08728400924977
0.846503168969958,0.843486667482248,0.917623501583628
0.828468855833311,0.823612218499537,0.898372739969804
0.913674056454597,0.944046612808192,0.970961448427022
1.02403363581754,1.03406498282089,1.06881384689248
0.980332679661093,1.04485916505578,1.03254829051696
1.42296185794965,1.50465063282893,1.50598197866231
1.46620934361942,1.48988412143977,1.47367328786277
1.46210919902814,1.51552406979246,1.4775502150702
0.93584356899836,0.994106963342868,0.990808489422464
1.09630147526542,1.1908415722775,1.14698541565599
0.921982670925693,0.954798953246095,0.973528102585583
0.970957963543644,0.953729054364967,1.01729124350839
0.998001210531359,1.07182250018287,1.04510362815323
1.16260488382171,1.27139822961048,1.2188455128852
1.26171998668694,1.37608942152525,1.30367641896107
0.720538781308061,0.754913446958002,0.756550016251466
0.69111102330622,0.686243968439551,0.71165279460923
0.656752436644878,0.725934469038193,0.700079121597175
0.797252872163555,0.919364701736093,0.843426428258991
0.536178087209771,0.577028330710729,0.583366400064848
0.537997823930857,0.556813849442017,0.577168698620159
0.681534595602726,0.749844563274808,0.731555863990603
1.31166214615616,1.3267201042203,1.30339517233039
1.28333133136761,1.29050746432729,1.30760150208967
1.2282253231542,1.31938598128803,1.3004946988025
0.483235415626752,0.498579878528877,0.520496331664605
0.56289535751401,0.574601700560677,0.617540210477034
0.443201296274562,0.445114836647368,0.458884339819484
0.479287748583354,0.480883275454726,0.493651125207882
0.433283207349832,0.433782987168638,0.445739563134296
0.472727334779962,0.469469336105047,0.486150061170456
0.493940928131213,0.49422323789044,0.515672440919561
0.554745892419729,0.558310371773745,0.580718361131684
0.589489710841758,0.589625680838783,0.61017700086804
0.521264214719664,0.516807064912201,0.553013764679681
0.675345115858139,0.655083313657939,0.91074662744023
0.806907931559517,0.803382606485771,1.41216604555522
0.781257383728722,0.748949034470561,1.0051961660102
0.979602936681179,0.94700335333811,1.52854766707303
0.736758341365412,0.704693547596012,0.785647458950344
0.865964350973607,0.82609527449678,0.921269325625478
0.577163317573458,0.597238602128694,1.04439416733385
0.677750686787173,0.717776667678297,1.57252914147039
0.664732267687087,0.672400343636288,1.10352772243723
0.795497223455874,0.826316043402046,1.63246310479374
0.431278559260291,0.416787356544183,0.436591621571408
0.532313940270347,0.507402628673827,0.548669711470485
0.435903090496455,0.407295438002461,0.433607445871545
0.491778959445585,0.462720750477501,0.491881690504138
0.442935412734995,0.402711302896638,0.433884084342724
0.486542126685087,0.437120381858602,0.478840082777289
0.536858317607231,0.496542186820224,0.518747229754859
0.668556727985805,0.63285943639581,0.643093786303952
0.585845813063935,0.564427879966799,0.560118315948758
0.586074881031903,0.535871188968274,0.575149017394901
0.718014152990769,0.682536725049631,0.736129484360481
0.791488153374047,0.848427935318727,0.753205390066144
0.944696709468814,1.08405100747793,0.882189926968614
0.879203997938537,0.954686567726687,0.867641910835531
0.418097090379433,0.378644979512761,0.41039870509838
0.475802442453049,0.448558630544909,0.454283743423077
0.449781935484937,0.404197370606909,0.450664698511582
0.548393837510546,0.491560859356701,0.542788472612656
0.448548745535106,0.400032760349037,0.45451115474608
0.455893533235501,0.425247855213653,0.464176176695318
0.531996729963535,0.470473803266221,0.534804628050129
0.607534339395794,0.537891259773264,0.600897398829223
0.619808947171926,0.542015280829007,0.619987273157175
0.588490808437269,0.570065043728757,0.632829187224456
0.86886248184227,0.982322022112806,1.11458757732786
0.797371309518495,0.91573954705203,0.993528284029857
1.36556669001592,1.50268169476285,1.56860013255511
1.37832692780121,1.50948727855411,1.59271318811868
1.40943533091818,1.50832161978096,1.57200254342238
0.879827266753769,1.04852438957303,1.16975460661526
1.45274736945537,1.57509085619773,1.72131131776414
1.44310692160109,1.62621503811785,1.72836945952266
1.44079563358688,1.62817112928367,1.72230671007917
0.466638739917003,0.421992890753121,0.485120366092558
0.563561827918565,0.528124981048968,0.598557505759949
0.465712163732893,0.434323237647964,0.494061135844051
0.505731471345512,0.482147309631915,0.539701866901868
0.487571907611817,0.455409228586601,0.518309249344201
0.550093484704276,0.504329583574205,0.575341110515266
0.545625835302042,0.517038751848511,0.594159696242646
0.64255857258392,0.612778294907612,0.724219986666614
0.586090207962244,0.565705893921727,0.649575198669958
0.773513343702272,0.771839811207617,0.721720663858782
0.582762740954894,0.553607385521672,0.595174495228008
0.797784238220912,0.801887557020256,0.726421585162634
1.02448354915766,1.04022146502741,0.902293672481628
0.770776324240895,0.709417653594539,0.765167528616728
0.927011813815675,0.823921546165237,0.934117777632271
0.758896372464531,0.66076713422624,0.757776652024107
1.0431517889431,0.887875883294944,1.01913404818159
0.477549296145413,0.449015787597108,0.503897197765506
0.517819882788775,0.507533211059309,0.543782415710614
0.531709807958319,0.501915761418356,0.554964996537394
0.628900304256651,0.602259519107393,0.655445214284324
0.558336270077514,0.529097946341475,0.578969133509102
0.592156082638536,0.571933700044277,0.60687108705807
0.656289587536972,0.625346978286956,0.669603751314205
0.557661744927038,0.526078094756523,0.57926099805561
0.670636210687204,0.669073303464869,0.687196524962494
0.531412638835202,0.511219014221451,0.553372026025821
0.559458839221292,0.591331581415358,0.591659851707473
0.553555987273905,0.517806096608982,0.566194458440458
0.59883566812354,0.542265800313771,0.60694635227787
0.65897244995669,0.600181668279444,0.65683548532695
1.0107862074147,0.792273131337439,0.794229788690801
1.04323804229665,0.798217109471637,0.732477173492147
1.06222956133098,0.779915669957261,0.731798727657476
1.00831774996524,0.958354283742716,0.831645553845152
0.541976626508777,0.547872777556163,0.546807961373769
0.605308639011317,0.643913558464799,0.578401465730082
0.573981073022957,0.561688832368628,0.579162492169623
0.644986688979149,0.604510145637893,0.646808100991336
0.593155082940326,0.583672058260752,0.583857205002165
0.603882433294367,0.610236835231123,0.583657347169577
0.671282272766926,0.646451118814619,0.702774041807036
0.922077570143625,0.693177915225927,1.23365352880785
0.916032953115127,0.713711413906402,1.23147340002904
0.841242626535549,0.702852686899133,0.919528359519255
1.30237192720527,0.722702330680156,1.76865828829085
1.17137962625804,0.845650606246563,1.47106658866131
1.67996428535091,1.39630627115446,1.99826894397373
1.64289076853449,1.36842268765435,2.04626646003716
1.71567880989798,1.35319996936155,1.99556555251051
1.13978142548486,0.80812114178936,1.54673196669516
1.62352219296883,1.34810297470283,2.08920661520317
1.66419953806417,1.35172758139344,2.07093949163283
1.6828687936728,1.33749962618088,2.1155743951589
0.655222485033981,0.58250865936008,0.574140113715136
1.11562145721561,0.663736007365661,0.645037125622057
0.597854061144162,0.5802866351446,0.562201291017447
0.89246233490046,0.654286329491629,0.603116946798012
0.588194243037315,0.574240717654281,0.56263499910352
0.599734926690792,0.589525271349789,0.585915976179173
0.588765242806953,0.594066599814273,0.56941931607124
0.632765724435919,0.640028039142071,0.606739384428566
0.640938492467017,0.655999220291828,0.629257756670623
0.590276847786967,0.607490223253488,0.574602649675038
0.632484766902098,0.634565113270995,0.613618032194477
0.666733938908264,0.703533703485866,0.644713049095404
1.26193738034731,1.25824011026483,1.24648191058399
1.25141488570202,1.27177189353135,1.23741122699041
1.24763575733783,1.29035332543471,1.23793504188251
0.671622664970785,0.696094334104814,0.671980684403119
1.2383956952127,1.27987603532051,1.27527847752356
1.24888202588289,1.27827387292882,1.24852536404659
1.28747824039592,1.26702088254047,1.26127191485483
0.647940985019143,0.617786931015355,0.600662249226959
0.766962694343415,0.693933476014934,0.659757885486158
0.661024077320791,0.652761341900225,0.647883610192691
0.774918625840783,0.766856679438933,0.756425105697576
0.884519211530705,0.873819611536408,0.864550488826964
0.860070221783778,0.878174705546373,0.842220812879045
0.648993578576325,0.643498776877958,0.644414119994057
0.658516958249805,0.676986052454742,0.660820954957846
0.741736227554712,0.74640568393979,0.741022685830761
0.941905219099371,0.989536694233347,0.911862388602534
0.880639700653712,0.891804365132766,0.875103843703728
0.88721497597026,0.862053118636188,0.852243023720303
1.1652788054378,1.1438261679894,1.08064956607387
1.15009347085099,1.12253119099092,1.07793136036403
0.655612198141277,0.620032413880541,0.637539355203226
0.725520103092456,0.698392240706435,0.698739912663697
0.687461128817242,0.632300802947027,0.654197890820036
0.765977414763936,0.716691628722064,0.72091142219888
0.703737123676588,0.636697465470405,0.668155026491083
0.763439140822054,0.680958388130807,0.706720740977601
0.811456076487861,0.743776461913562,0.74400021432275
1.15982796118102,1.12780552250153,0.795492339772402
1.00292785600776,1.00868111725126,0.798468309043282
1.07283721380651,1.0732823474479,0.874618943679271
1.44053205726789,1.49992573852688,1.3584855634955
1.57534702487581,1.5634021196595,1.25605406979955
1.43889022138417,1.59817386952086,1.28024024356886
1.74565334506503,1.91694325942822,1.65298278990058
1.84976942096234,2.16977997391395,1.87167110945977
2.01645289888016,2.17260893361778,1.76719253816421
2.4040416395236,2.62835858458327,2.35895255621596
2.54420382230087,2.56746648564724,2.10676452780537
2.52511743484405,2.7539570002728,2.34080517912077
2.89790250666859,3.11481986117494,2.76649249245021
2.92861313098429,3.11514867995907,2.74405184220912
2.86536008093164,3.12906622923711,2.71030748390259
0.644036254119727,0.599797895352183,0.64256866008828
0.656987273019676,0.625866166293279,0.658438090263414
0.66296411399367,0.616598856858112,0.664991660116714
0.740733685295097,0.675799709161316,0.721137058811974
0.661812721782748,0.623899052149629,0.674330869831535
0.727653929060559,0.668520838478394,0.725705848371035
0.680049292453709,0.654414216418128,0.711259145235756
0.712914250422068,0.699025318545052,0.762846302871857
0.777166011446362,0.736818199796103,0.774197566072033
0.670192214583324,0.644323496072089,0.705445387433957
0.740535570318116,0.727284988194296,0.753772239869414
0.839070158509194,0.839674568853495,0.829072405078764
0.757888364364238,0.775132026715358,0.766214185015708
0.874647114237775,0.933587708733845,0.861390372177926
0.71126739977941,0.717815915533025,0.736052367277536
0.778190513454425,0.814140576148506,0.796424869904534
0.797403734400234,0.819227995265394,0.819483251623263
0.679766986993996,0.68588446131795,0.725764546478319
0.742214440749384,0.790179817405255,0.79356968929424
0.700839241292018,0.702899154959473,0.737778994807752
0.784456328672621,0.802530704096634,0.809869326804458
0.66607244931321,0.634005255345783,0.665601020729857
0.710334040685649,0.692492709307004,0.686568710700297
0.683539013279465,0.648223372522759,0.692972500668754
0.723077953432222,0.681716285255315,0.743192942557621
0.693222365445809,0.679006275434251,0.697659632928824
0.68305384724077,0.690840921473039,0.675759333811893
0.726582655713829,0.716314812701162,0.727320035809251
0.784160575119811,0.772665496000558,0.798739274511465
0.77595350057544,0.790293877100003,0.778292707397912
0.709258216792712,0.707691070493204,0.701705565464573
0.735429392956297,0.852825512849643,0.732445613941601
0.770156369945012,0.865444287550473,0.76687254360498
0.765769143434743,0.812968027404178,0.758349111429546
0.880526099638701,1.03918585296147,0.873615543896562
0.854666914059031,1.03541106928471,0.85380557266983
0.741159760454598,0.778413044997315,0.73286342317724
0.787692734273457,0.830712490168962,0.787983709314107
0.760418932665871,0.798857555470702,0.756089398153074
0.854765881939924,0.90295789371074,0.854667899395383
0.945904089810594,1.00646141057255,0.947670259626291
0.91722089532688,0.982023503420813,0.935507458851654
0.776989797405156,0.826791648927408,0.774961490227098
0.762883098917424,0.819775501847098,0.761726577561707
0.827080462930054,0.896864755617334,0.835403285081667
0.739330590118994,0.744120859548927,0.772567551940078
0.813051142190958,0.92109481890328,0.864451070410336
0.761731252871426,0.792145825305307,0.808750262979514
0.780947425895905,0.900441938358935,0.809895774331716
0.816344300596257,0.860562069739162,0.917511080868308
0.915136047980482,1.08712660818408,1.06287772112367
0.926683484880722,1.01052080616437,1.03449927419051
0.758549616356534,0.774704919983832,0.850680164302193
0.800344882562083,0.884899778925706,0.794225844006221
0.93317750509211,0.905674462836903,1.10496250250691
1.14696532771862,1.05297335566187,1.33146907845223
1.04483151876877,1.11705299587298,1.22284071695727
1.09335941140983,1.22995292646478,1.24336864586633
1.36351944258045,1.38087590269755,1.64024585625726
1.8795841480179,1.58104263520341,1.83578340271973
1.79780543318036,1.86950658376228,1.82854301123346
1.81438068517475,1.7592006306874,2.01205224179818
2.21735008912843,2.26906894052233,1.91655445415492
2.38791618463177,2.06748514006722,2.39840505615372
2.38381733656266,1.99466958724303,2.94545292753207
2.89934551436458,1.95732287370778,3.35349462196968
2.82144380370304,2.32178455360172,3.35566992355275
2.69491202747059,2.96439260288385,3.36947766567259
2.86265273894541,3.51875869310729,3.29295869457373
3.34753725747128,3.43001615644595,4.04888142739557
3.89943738295552,3.09736006442502,4.61700318713707
3.89462502323795,2.60670238898436,4.6264607009682
4.55578709771591,3.56785106986691,5.20842056657503
3.92381106904624,4.51775401293173,4.46783486056501
3.99028937979489,4.992417728507,4.29934418653449
4.50315079933617,4.90884780120134,5.09572018005397
1.01437207944638,1.16792570367366,1.13255700517273
1.08578251969837,1.23967125473905,1.19569757529936
1.07357773463908,1.35507143598349,1.18029981793747
1.19360431681731,1.52897276794885,1.33279722362462
1.1057419382814,1.4969208362293,1.18826392412806
1.20350743567988,1.69733973343032,1.31538902673724
1.47205151969757,2.11111776976016,1.61905388377873
1.89961460531668,2.52306308807062,2.04781141654832
1.85209460898926,2.48488039605252,1.98300138140139
1.9190800029694,2.514836966481,2.05317517304282
0.884294074888481,1.11046280589916,0.902515770035265
1.04003259943649,1.3858355080932,1.08160439206637
0.725019353815682,0.764593257845811,0.710924721816951
0.815300816896241,0.898556735088316,0.820485132241695
1.00307545197734,1.22602806666164,1.06685969221293
0.931252952566601,0.966957770730873,0.906170288572108
0.746831693528679,0.803761108139065,0.752741060772079
0.891786488862168,1.0683023418954,0.920697902372549
0.901882650322548,1.02134695249574,0.897963730387385
1.22459297431061,1.37230930909649,1.19875294487844
1.12052204997405,1.23657238040516,1.0402662956061
0.935373461789844,1.08215571657231,0.95205010554923
1.24420478506167,1.3688308221337,1.22639503331239
1.23086304343523,1.43379492438493,1.20977617950673
0.734367014067283,0.800070295412808,0.767479414975149
0.770537875719008,0.82764346649744,0.784886447385651
0.773584968821816,0.843694641026155,0.825218541234206
0.845826536454168,0.916716221290932,0.891278480063355
0.815883536946869,0.884601260776488,0.851108719276192
0.863160211366894,0.932722275379979,0.871475850140451
1.01836096615295,1.09598950340991,1.02874445588358
1.78876402410975,1.68921001389688,1.77374476904287
1.71553604095913,1.74749479481889,1.61851759031338
0.976299282091691,0.850268666568632,0.927548935949597
1.74486094411839,1.37126849693625,1.64587750185407
1.64373514615915,1.37924632191219,1.57768237359155
2.22086001398928,1.93453697534966,2.10767453632727
2.13721546263133,1.91728227149629,2.09816977766632
2.16403068873076,1.92981159048899,2.09046579036087
1.63533168383374,1.46928117854743,1.48795103140977
2.17315698656665,1.99333359262481,2.01643655953287
2.21222882950959,1.98393194958361,2.04850869738221
2.16880059120433,2.02683554413066,2.06089968454984
0.764130298943433,0.819517212683912,0.807465834145855
0.781931336702089,0.82310295767582,0.824826202124605
0.760478265618117,0.807492617764289,0.805212773359588
0.807078831701584,0.863612801834268,0.845106354514341
0.747033552171074,0.771418660076452,0.794054370760474
0.762403285350706,0.759868131385976,0.81557538417287
0.820674037202983,0.826017139235534,0.871344312502717
0.868523521233122,0.912951084480582,0.922056093204083
0.872020013915191,0.848215387805879,0.92236938041515
0.88287291348788,0.862744141821369,0.936787833284721
1.08113405836419,1.03368887354078,1.14530332144185
0.849198380850491,0.830169422867232,0.897495277844149
0.844301052549034,0.824495327769796,0.892871548620599
0.915978680106083,0.886642005731128,0.967795108162284
0.717372769343392,0.757510599743769,0.746233313917181
0.739283039838701,0.768452239817612,0.764291312454373
0.712921965414652,0.778476469581517,0.729466067886647
0.747905688069939,0.832901793455683,0.771322762903034
0.707148785845854,0.778079262937658,0.706551927531434
0.741445104151956,0.797032621189418,0.734367625139742
0.735657744072252,0.817819262134864,0.733763691780796
0.776535829022589,0.870980508991619,0.785905442034397
0.77981019739778,0.863344150978802,0.783247736508224
0.783962332962206,0.853980711355991,0.77567032526177
0.850816108605649,0.921164749312766,0.851178151935984
0.908623888252733,0.970891279587961,0.913351545641309
0.93955009041553,1.00138164054893,0.939748017595982
1.0285930119463,1.07344643858337,1.02652826424872
0.958016059103606,1.01028638859236,0.949754824167569
0.874495684648055,0.925506413564676,0.855249527699611
0.97486911121272,1.00303487705342,0.948162850959393
0.974542932548941,1.00605278916831,0.956417532479585
1.15781293370095,1.17157022147102,1.12735737336857
1.29613651392678,1.29492970367598,1.26172594809204
1.12259822628567,1.15751237981313,1.11283112495887
1.22649706062229,1.26151472985685,1.23045320863488
1.22474630170105,1.23873693634583,1.1999669736686
1.40305219885994,1.40678032439663,1.37467145619062
0.681222589266714,0.755932543796245,0.671426942737924
0.713868817262271,0.76652961746846,0.690463453253128
0.65930437423186,0.756850486921957,0.661718301508267
0.6778991794412,0.789023767451119,0.691317337188655
0.645050031982707,0.752844664000048,0.643150665584955
0.668346670591563,0.768783410409009,0.658933973646853
0.646083444605945,0.819318728552662,0.661873976027079
0.675450014226902,1.36609790731982,0.689391647201125
0.694410385342463,1.0330202762427,0.709896294136588
1.25334142851185,1.61255191454308,1.27089461899956
1.25988157497099,1.56820776055195,1.27069409385364
1.27401496043586,1.57887325987265,1.26781633579761
0.676019646324581,1.2224825780416,0.705466071281396
1.24389730945008,1.72573931791168,1.26500271525597
1.24529270589167,1.75017608190709,1.29177648741859
1.2593388944025,1.77249549172677,1.24093990535206
0.652558058272694,0.738009311553603,0.641580702647343
0.6951265604913,0.775729335429681,0.676961316337262
0.65870251535683,0.72401901605808,0.651741751783019
0.688633642002278,0.747915369755737,0.686319027283791
0.675428268754668,0.713467485242113,0.66398544974843
0.693986542033388,0.739050571090762,0.680788374778704
0.697663863035981,0.708458179663238,0.692418881420463
0.744155010687262,0.760590951618561,0.750995373725499
0.750770245464056,0.754728456882897,0.748205152110368
0.695449938257026,0.718708764583674,0.716257608578463
0.735990793664253,0.790922727688642,0.787899483751503
0.772902002229901,0.825476231129331,0.82897092429937
1.33043942590183,1.41071689965674,1.39092022819555
1.3040312480252,1.30813828544783,1.34665991418458
1.31119642414413,1.36140113335558,1.33580622576443
0.800193387184219,0.84391986618692,0.807860340047709
1.34619444682978,1.35436163283671,1.33143123435024
1.35336957114664,1.37620310554096,1.35306215990471
1.32856870224283,1.39748441204066,1.35862932093435
0.703082312597497,0.723665562872287,0.687012895138914
0.749094197396729,0.760538298329961,0.728294207727682
0.722371091377685,0.733298913677909,0.702911516710829
0.732795677893163,0.754301791195747,0.718923003566474
0.779181057307545,0.77034795618549,0.748341620645519
0.848091785174432,0.803536347314412,0.807672158249273
0.881564029398124,0.850777237485407,0.846879282387418
1.38511888471323,1.35171375734975,1.35017737806732
1.12395111677398,1.17153711334654,1.12160620430842
1.65543758443148,1.71950614991456,1.67466967623834
1.66741519045987,1.68507481678275,1.65398866211449
1.64660638865121,1.70985366647778,1.64366254940542
1.29966682493136,1.2673987998571,1.25168176643914
1.81469767139843,1.80099170817457,1.76375144383324
1.81922697707486,1.80964284733785,1.77654604582994
1.82495987753647,1.78151924801947,1.79925715617869
0.770462585325126,0.795822861764935,0.741602895771727
0.854336207299645,0.876313240341701,0.824355105111583
0.734335177404316,0.777562993842328,0.705558509820012
0.73601407066666,0.782319985484734,0.709139296363353
0.754782743897467,0.802970199577114,0.728659427874339
0.803720354715184,0.842943956460834,0.772379235786445
0.769335064823924,0.817264547769362,0.737427598686197
0.773222492711929,0.828608094568399,0.740053714687884
0.838461345951979,0.898894313612719,0.809705219914802
0.815221811054207,0.904817957769201,0.77201570161463
0.941808176375148,1.12904601552345,0.87766022447375
0.904606258231979,1.03252654469022,0.837027390072447
0.99029393803522,1.17838393922329,0.908903781139131
1.00325854557586,1.16570737311356,0.922360051643245
0.786381081845436,0.835577365825845,0.763417081770845
0.899193145739713,0.947287715492444,0.873721934411229
0.783754644495283,0.834200445867887,0.761984010493519
0.820840543487346,0.870835377574244,0.79527985420276
0.839181043796475,0.891332683755255,0.818158660986849
0.891678465691627,0.949741506079901,0.872451196848533
0.921450787223157,0.965531664199835,0.902897264752538
0.819694351073432,0.872811246762916,0.79896769387382
0.905757795183522,0.963585613486277,0.887253613993715
0.765685422513481,0.815683474629322,0.747776707120446
0.769396874127456,0.822805260585336,0.749455714570584
0.749747931075669,0.791824931490144,0.736088700116767
0.799472449221566,0.858739572905264,0.784283614928549
0.745206935421342,0.815410748536881,0.734986887524469
0.75603508021878,0.845863496240414,0.74821105993426
0.769959338913535,0.842494087839786,0.771505844323927
0.812088501981984,0.951012070599792,0.78585457560437
0.939455096959276,1.27974344656269,0.887413951513235
0.918312887956767,1.17593545672829,0.871153269249526
0.806673459711049,0.819648794189659,0.813998583385675
1.39813288725877,1.3861780623137,1.3640835368515
1.37606701235923,1.39968800413692,1.42519579895614
0.748473199060937,0.778066870977829,0.744299758929501
0.789132222552389,0.82557881672723,0.7895536998743
0.772649879122139,0.796679707880407,0.763967397078992
0.824036770621171,0.850202910717133,0.804635132336791
0.796795553268931,0.824107558395103,0.796450428320061
0.857280167549407,0.885088051559756,0.867631997689722
0.941026932665888,0.986908083215404,0.940023138936987
1.50597800181337,1.45302653185984,1.47678935445753
1.5939207817326,1.50618307456253,1.47135709578244
2.04078964438078,1.9253012377526,1.89194082459865
1.68023420308657,1.7413917025863,1.70867009578986
2.23697666918618,2.27290478469725,2.26151965350317
2.22207175019746,2.26119443549593,2.26540887550717
2.25976233990941,2.30424190098934,2.24988557208485
0.722954658994774,0.741821736661343,0.727998536135329
0.766839388498404,0.769230919578165,0.773192805215271
0.704965771249504,0.720635541296631,0.716424275243823
0.764339332889029,0.777552951804831,0.775367569259239
0.689426379974091,0.701289804940636,0.721357881287036
0.717521875976683,0.735776477727835,0.765488780562153
0.806076026918044,0.816324903419493,0.868616442813378
1.4084277088158,1.24650343193898,1.40033964026121
1.43044306784813,1.3576025325913,1.55380313597964
1.36637045426045,1.23883698280623,1.41964458249656
2.05340031831262,1.83881852227703,2.1364806405025
2.02543954960656,1.72660592021635,2.02490915376947
1.37142983103187,1.27364831515175,1.43752429612498
1.78402222686099,1.70279277427155,1.83796326436058
1.80155248072069,1.74692604678927,1.84597546620341
0.661938465898871,0.648911670296968,0.671999991542821
0.731255210431728,0.699837391145015,0.731190398904693
0.631142540092907,0.611481036580946,0.638455923799116
0.663802529988968,0.650049318591185,0.67510405509957
0.609359481717714,0.583226046447008,0.611237812893781
0.649603844942413,0.621874541609444,0.64543688597849
0.620329862341679,0.602267840549528,0.633248152928339
0.667048289893392,0.64437542287107,0.682169464276929
0.652091652088109,0.640786749793398,0.659577991065884
0.916728229630967,0.735191207740759,0.755363037179622
0.664170947947006,0.630052367100696,0.684152677450741
1.23959281461894,1.21252866295076,1.26888706175372
1.2411073103991,1.21486544473171,1.24963456791454
1.25332815639321,1.22959047388541,1.24204063940482
0.612132198341879,0.568788199795778,0.606726851223262
0.699226973554871,0.633093145007747,0.689393204837815
0.605066082821614,0.568876432344791,0.600679657660606
0.641917016866394,0.623847145541037,0.64669671484005
0.615369509213637,0.556465186839223,0.597650596365648
0.725283460247695,0.648124658232854,0.690495718999506
0.69969012817827,0.614347587087421,0.674422149406895
0.53541788280294,0.499805010203063,0.523237744138139
0.598698237489122,0.616837884376944,0.58502450035625
0.53376138942987,0.495005590608096,0.512294336828866
0.618975063810654,0.607720736292713,0.586091758674937
0.493552219655492,0.454481427654852,0.484321162704577
0.517537178789238,0.475402440895389,0.515092913576663
0.582490115377578,0.515101487211523,0.542683913113002
1.37000149378542,1.17766990837889,1.22236372838526
1.45848335644584,1.33121465360819,1.33587618851824
2.05600065321293,1.93697760644615,1.92775035062389
2.07003696327102,1.9084252988906,1.96106622747708
2.08027104584405,1.94824531588212,1.93926714042538
1.40290766504125,1.34229442541323,1.44435499191652
2.0285919922762,1.93618951357187,2.01899764210692
2.00539878638724,1.96511593521652,2.06529034373683
2.00778447749099,1.93076666957834,2.04532318496107
0.462075818584679,0.433854312643905,0.460984556675715
0.524361980556375,0.514480321562217,0.521661051016732
0.450842044220342,0.426087931667492,0.447740113597092
0.490631962617245,0.473052564177281,0.49198841299598
0.443662226513989,0.434384435722301,0.431959861573397
0.482734068940246,0.495678012295976,0.455442650345333
0.495175645177139,0.515899796674696,0.478003659612175
0.695725719342932,1.15911235870748,0.526425559096312
0.710365319745218,1.1728261985889,0.530422481216142
0.870749782894944,1.56015123720975,0.563294555983168
0.625299759035332,1.05328687020402,0.526175748534222
1.22403177611855,1.54474437359763,1.16715318256054
1.26349015141663,1.68574768215509,1.18079988597208
1.26886177016389,1.75128988842972,1.17421852947748
0.417363275690439,0.402767704827104,0.411835872368203
0.471664815901407,0.487371810826858,0.464022919696459
0.416783047266753,0.392194441285434,0.409241921784686
0.470478572062173,0.458499130603163,0.457381923116086
0.40883091648807,0.383916699050725,0.401603313281221
0.413341676221123,0.394883272192603,0.413790360006832
0.466634240460802,0.448566553567371,0.457752762560059
0.585294254304788,0.5816005094064,0.565046002183573
0.61304321349209,0.597335166246631,0.596986220237575
0.585590787180444,0.554696005779082,0.559231616580282
1.17057714357893,0.917900567745856,0.916962928455247
1.07916415843889,0.808996823055085,0.790039862967574
1.65332261956828,1.37905537233868,1.37747234736683
1.67631132215731,1.38026631106411,1.36912485205596
1.64992884079718,1.4343085025073,1.3993123621195
1.096987735389,0.833100536367591,0.838354880044391
1.67142149971711,1.4242047392152,1.41426580274596
1.66097384904539,1.41045314901585,1.42661653962245
1.68872666040797,1.41363315487706,1.41183731007134
0.429797190241359,0.397968558504114,0.416385508539737
0.49445346512288,0.460841682083609,0.479728175562695
0.439222953523555,0.416544713716506,0.427113288484892
0.471441155469091,0.455039835860653,0.454553030887046
0.45783903378245,0.436661633320067,0.45201489892925
0.498125680487403,0.478335141429723,0.492244258987388
0.506790661682952,0.485243194857896,0.498534542592475
0.573815835393245,0.560633771687543,0.574420157915784
0.562777531108311,0.547619982926995,0.550998129076169
0.739252127564624,0.723112160445675,0.651482580922817
0.928221804796953,0.87949393918335,0.791972825528608
0.543417573748939,0.539544608004229,0.512912771317775
0.78468612013273,0.807914076434023,0.682894893099011
0.995616822223536,1.01385540394152,0.847202614480239
0.690630465795928,0.751631554514073,0.619148094480442
0.58720522541695,0.62235518353032,0.537344593847374
0.708642090721675,0.742274679425613,0.62864396312446
0.4595190583801,0.444653101400878,0.457906564573579
0.506191848988954,0.491074254399919,0.513312346552272
0.497676041889496,0.482625709912779,0.484514290938686
0.541413255496867,0.519484618023949,0.527917189056558
0.53536394589626,0.525900096619261,0.513674716211054
0.539415929988339,0.532355680966181,0.540117403102692
0.66159498968011,0.647088428564607,0.608611168430467
1.07902161088714,0.812412778675175,1.17315338025011
0.893000627921438,0.799080497300104,0.964997863371153
0.823336732226464,0.78312317857325,1.14770569860744
1.40991091195218,1.18589539829007,1.98185120594499
1.3837347199532,1.25927609436219,1.760187640663
1.05813470214825,1.11349208034587,1.27995272278402
1.47450343601854,1.70939860296379,1.54010949601477
1.61410438322171,1.86896449843606,1.94053727025486
0.935476451821097,1.22724507230161,1.10744621637188
0.930493134167463,1.6961727286976,1.04079892524532
1.00904141966557,1.70984173884935,1.1588180197218
1.19461074740359,2.29977690817572,1.35852465812194
1.27640738807911,2.50496350046442,1.45856890220535
1.37155275714199,2.80033201820978,1.50049827350076
1.0650465048335,2.31483884317504,1.1477514671528
1.03504066014611,2.64874459021715,1.09484148606193
1.20596138713433,2.6932170082827,1.26753839084871
0.581075039290069,0.55890496444283,0.548600787999517
0.686710696829523,0.638338644905731,0.641139489381725
0.609782326317271,0.593514655750463,0.594809357423557
0.633961938515427,0.638141357601308,0.655672656728853
0.694099294241451,0.64436923350476,0.662642040285505
0.724167403868923,0.711049541798516,0.679961314961562
0.79235376381964,0.678088245360263,0.783002408077192
1.41571084266837,0.941859805148683,1.13240886086104
1.28190307384999,0.855835591825816,1.09592337107202
0.990723763303521,0.799588965077539,0.844409242775433
1.5320227676857,1.03645783805872,1.20879935188604
1.75191870463282,1.13165780121978,1.32505479693756
1.30239510223644,1.0149584152764,1.20439716079344
1.63614633451936,1.25158660135962,1.46466241590359
2.16495374024624,1.76068529617867,1.97195195690823
2.18713950224986,1.73744583645482,1.97799885661557
2.15583060601246,1.77090211019812,1.99252465075487
0.7718093664026,0.724089330877416,0.736197553849949
0.879275705691905,1.38576686740467,0.896984383625371
0.829473839434037,1.1653932317964,0.76069555479427
0.891982289462017,1.88286226848766,0.821823374376298
0.891851587889443,1.18009643918467,0.835273676159611
0.946935836624792,0.923186450943583,0.901721650259439
0.93380902317909,1.73830836016672,0.867212649748243
1.02822084256521,1.86119655403966,1.33155861548193
0.990913113286451,1.98292713023688,1.56243058676532
1.41892712598776,2.33372426700448,2.06031913319963
1.47918481578494,2.39653914228162,2.0708708946812
1.45764655965634,2.39704969520567,2.15578946500561
0.946718161729903,2.6517404688039,1.37215659070294
1.4022172609846,3.05379027707139,1.93818951796793
1.42540635592851,3.12170426412831,1.91004971452348
1.42465156979247,3.11270998121585,1.9252682869154
0.938647536137836,1.62103614046965,0.893204816954632
0.986138068899652,2.23280060491469,0.916150003174018
1.01358917264453,1.58249766572578,0.996035313408919
1.07226290030988,1.28674144224413,1.06195643024256
1.09958452108995,2.16523528780604,1.08130599055389
1.16961563139595,2.53021338776083,1.13409668627849
1.24591386188859,3.06003472856367,1.25940493780842
1.55276447560211,3.16098012959088,1.40606581501958
1.69072959798984,3.47206646042679,1.65890219308221
1.77757972053789,3.70250455829955,1.77385925710352
2.29341154528497,3.7445807766571,2.28817719660906
2.47998643738256,3.89063749347978,2.37897374462635
2.01393318094546,4.65566105438826,2.05486894138703
2.57259898106184,4.92890356801432,2.61892089348156
2.24324375191638,4.92252195813992,2.4433817488116
2.53819387669125,5.48211558467656,2.29969066621589
2.86872868497596,5.76455204374303,2.61841284814988
2.96443870082968,5.59950962924209,2.87795114453718
2.97342207122777,6.2869336643191,2.38483259742318
3.28887710329371,6.57383854458121,2.64694705344364
3.27267257753275,6.59936838045431,2.64205418063495
3.26296063410631,6.59979432247113,2.67857614973484
1.08432725888286,1.80129612873787,1.04896075341543
1.1891722883256,2.33273318508586,1.13642416335668
1.05909445280004,1.21082004713409,1.01736330790325
1.09651856870288,1.26221120809767,1.05581183283057
1.08687302048527,1.19538433514046,1.03101849793882
1.19034803984139,1.49930436278431,1.11730685226337
1.18181982544084,1.78940105032859,1.1282749261599
1.35431665391387,2.08264603888376,1.40472405642231
1.41565497072816,2.24797999232634,1.37276664844683
1.45704986871695,2.3214703001231,1.54765506335503
1.89279131012926,2.53031271360177,1.98793623178478
1.86360030282203,2.55934156301587,2.07998452033789
1.92674944611161,3.29757031222074,1.89471538795236
2.37178050231969,3.64096088763326,2.21729061358426
2.29788274725113,3.57413919595111,2.42319931748203
2.49862172945677,4.15649047701478,2.37407143056788
2.72846524540279,4.20736472700625,2.73387021193168
3.33797744806977,5.19803350902061,2.99390707110869
3.81351791325401,5.68677065246032,3.32605872613417
3.64525945483073,5.33289458692301,3.24298891280311
4.57854036484764,6.58022537812144,3.9544865877598
4.15238502053783,6.0457367853449,3.79457824999065
4.24864407614031,5.96319890220236,4.05674164744422
4.83552574546624,6.86428302404857,4.32098744057203
1.02136470437931,1.2331108451223,0.957781637837338
1.04657181167117,1.68419909224494,0.946176852615049
1.06333172061041,1.22320499788402,1.03569533686143
1.18279409334956,1.3641913524083,1.18102335180884
1.06226868083122,1.49265190368414,1.02274313770796
1.12632386267041,1.78045979634821,1.04647748881246
1.31161293761374,2.23482754390049,1.26789607621806
1.72471575945318,2.59119640436051,1.67968613776685
1.77263709393685,2.67997586712149,1.71185788303456
1.70500695403233,2.70839007690443,1.69255603088282
0.908194254770612,1.15298985766473,0.883916213469397
0.947998272754684,1.10433395896983,0.939025506310561
0.845408995196666,1.1297831993344,0.804639005452534
0.947887159281844,1.37355867046334,0.893535960368535
0.779551654123924,1.01685265889201,0.728270932428956
0.835028197548404,1.20677660535822,0.763367064841969
0.832436059523248,1.05967301884552,0.763686599789961
0.878663048263833,1.00795679096599,0.820475173823853
0.885929912055048,1.19702764566667,0.810175518008662
0.919422337150398,1.2527834984358,0.816971197931689
1.43135400758362,1.69230008110312,1.20963382575719
1.47574177487362,1.78297775228113,1.16568448160089
0.728314519705629,0.87979654502737,0.700554549074288
0.759351442129694,0.885881623413723,0.73190833906932
0.742069593603595,0.881725046548829,0.720111405380351
0.828337368100604,1.01107021820241,0.786491496813567
0.734853419264993,0.818994449051483,0.729413559966397
0.761002841496932,0.806777686607804,0.761730886595443
0.857049869971994,0.989532745564163,0.847437670568274
1.36044091011932,1.46857335190959,1.33011564985429
1.37657232753095,1.46001466425998,1.40352682156277
1.38137395822826,1.48166693773414,1.36280359585669
0.696014730702848,0.741720586430736,0.686878139418625
0.767507146868961,0.79719763124532,0.76091554168071
0.661579448131895,0.699691549892816,0.648053276791677
0.690122650022761,0.765276511642522,0.674867504959211
0.654446073671534,0.656762394771334,0.63677249400155
0.724112359115156,0.746187532038333,0.709241838051782
0.713740908213341,0.703860932763017,0.683107407419924
0.602242735317698,0.587594670617343,0.590445940678797
0.640506849394334,0.621003110870879,0.642970853939887
0.600853145345799,0.582564847212712,0.585503708134247
0.656499600455202,0.654129388354484,0.647736324014302
0.59133717124659,0.5602461531529,0.576109313458385
0.646585459694135,0.600453718185831,0.620479658302811
0.678798405637824,0.667286461597593,0.667023274178849
1.23839468560173,1.23442811054921,1.26517952286703
1.26397301463476,1.267431870596,1.23527695907639
1.26311370340061,1.26055749758889,1.2569688843383
0.542132488799001,0.506086167631402,0.531363795002845
0.554505022953041,0.524155880030972,0.5471842109086
0.56351274834225,0.52014612954211,0.548026904945116
0.619886196242812,0.583702651394537,0.604439994009082
0.544767866027402,0.49612020136785,0.52507374646257
0.56867714232871,0.507738975829886,0.539373358296371
0.587457179624817,0.533266834081283,0.568054727838368
0.644389113712905,0.607344533929342,0.622820017136685
0.627338777950638,0.564241131867037,0.605806024088782
1.22364295405759,1.18539658355257,1.20938706049419
1.21431906812312,1.18802408538148,1.21890551258664
1.23040655326408,1.19551589638667,1.20855145954705
0.692519527501515,0.626796047245,0.668690867457262
1.22935795675324,1.37178022203239,1.20885299117165
1.1136237075606,1.2458105761693,1.01411881666515
1.03992572254691,1.15748410387959,1.01125778287584
1.63869936693477,1.77303700320901,1.58232071905395
1.60124445550501,1.78247750501904,1.61477683470714
1.62221719157237,1.77204670165304,1.56913570596463
0.541288568917906,0.505138522379023,0.53041535764719
0.630521858627134,0.605432621708681,0.630903311479701
0.538558787082662,0.51291856601978,0.52648503851454
0.598513231732452,0.570615955532443,0.584156820898426
0.563532971103447,0.557249433705037,0.542297418341572
0.631579175035871,0.628388504753731,0.599755276395609
0.712596721608655,0.752115818447116,0.632871025649911
1.3663217493861,1.49205757528988,0.914639765622531
1.30988355066452,1.52872594716183,0.946405271278419
1.88851242948511,2.11877949543876,1.49292760300898
1.83921238993505,2.05194365527353,1.49516644397987
1.88160979640394,2.09407784942999,1.50229025864456
1.05832297553152,1.08876587865506,0.826486435491925
1.66393466983839,1.69627583038045,1.4100663984876
1.62343457060572,1.67637303545773,1.39259404940406
1.62780459300702,1.68770859306767,1.39740426901782
0.573900345577157,0.557342742398733,0.537718271648011
0.738697916139536,0.736167978245449,0.649602324177476
0.529591962818202,0.533680447480938,0.517598366758703
0.564798930716257,0.620344589337571,0.563842304938031
0.561409891329417,0.557368659913871,0.530943684676923
0.651275735713835,0.639898634656556,0.599698553530316
0.718616024122809,0.751398942592712,0.66620701838146
1.2840320119143,1.31543316886921,1.2444482737321
1.2993030590387,1.2970898297322,1.25449428793034
1.29167731676215,1.3382145898514,1.28660383042152
0.50537789610748,0.496047429982075,0.485985178598999
0.517856777846927,0.51652082526518,0.51234671641124
0.555762997293984,0.54593370466601,0.522536392215252
0.657840019551224,0.664384481492954,0.613511469014373
0.555538582083133,0.539449167955825,0.527396136810483
0.557152218977376,0.540508792587944,0.530842903828633
0.708737468693935,0.672793422177379,0.678719173872867
1.28695466774631,1.24121571124617,1.24412684664185
1.26984482908329,1.16932973602717,1.20411875022692
0.937028155969961,0.984652658687214,0.859107251007174
1.59237112567802,1.63822824121907,1.42598763589207
1.51500391919628,1.57830027788049,1.41084957894564
1.29096661732224,1.3526557377178,1.00107889357459
1.68433883352218,1.79451940124751,1.2471942299121
1.68067834170776,2.15840439981524,1.36588436264167
1.72333260765791,2.61381033728848,1.5474288269829
2.13555337475868,2.60192424289833,1.63821906207902
0.582721438611384,0.57545838713604,0.566460210854031
0.729818976259457,0.719458612323401,0.707489510647939
0.554196569696289,0.541256002929902,0.545486887348888
0.57903318577749,0.549010027523634,0.565216314318253
0.577968173281478,0.56316061679719,0.567839784423208
0.61957812107172,0.602992912963979,0.606659210654778
0.647034884413697,0.636670023520329,0.614236113644536
0.936258754630071,0.884822642189884,0.882870053068544
1.00894543314984,0.898439385083527,0.935332481873002
0.829938066480985,0.783133646398079,0.833726952339259
1.44897118329951,1.4138637285378,1.44650810539636
1.40297800298736,1.39462472493329,1.34989460147769
1.92718066834186,1.93525605852329,1.89721566808237
1.96124584543238,1.93120105713898,1.84810039626051
1.92692840494646,1.95302334698417,1.89740503286183
1.29697403522471,1.25279209867087,1.32978369630736
1.82825222633065,1.80820402294025,1.86630151065829
1.84089179725383,1.82035085033327,1.8815915684632
1.83281543579928,1.79341922749194,1.84039672222182
0.592045288377393,0.557164538645418,0.586177911924063
0.678069633546676,0.619474952242015,0.647827714978827
0.645798209570985,0.613018160806945,0.651662433728586
0.767226512262135,0.732097781461425,0.762349104029175
0.661200136944545,0.607091774565916,0.670172266401158
0.698784443024823,0.62639712529772,0.693569601000673
0.784959788503344,0.688854166393511,0.804304421708302
1.41872836165992,1.04906116184208,1.36186377607405
1.2906503061153,1.05609199216103,1.42401431680865
1.22318222756304,1.09736750821904,1.26826529990225
1.84145784568643,1.66549189484638,1.99980209036275
1.84682288346994,1.49919382015628,1.77294544203536
1.75418643194006,1.48383740698705,1.70232272853651
2.12357708929364,1.74898771292253,2.01141727638682
2.25796099550706,1.92103270862634,2.20205423482538
2.28870456989408,1.8005230451341,2.11937328997553
2.38912423837557,1.78596011823942,2.12459780056978
3.21715722514704,2.42978530916136,3.01766072314365
3.882788746846,2.93764454560318,3.74795306171411
3.78445726524108,2.85932255853192,3.67525540951176
4.67812159906069,3.49635795336756,4.51682829544178
3.88768282727304,2.80117713769954,3.54285832497671
3.83457489018779,2.67316387279525,3.39192377866799
4.60960909443515,3.32896170369846,4.25560705613913
0.673600608460438,0.63345880956775,0.672706470885441
0.770771717644804,0.737482751498963,0.782473913679931
0.659435251934277,0.624632593047867,0.647531588495115
0.676039716907467,0.629051862331177,0.658342957593581
0.690708919927019,0.671588702190901,0.670197216456143
0.745998019902266,0.738841815863559,0.73324823121796
0.800299081467078,0.759496130631154,0.771632311626857
1.22162439014251,1.14069076876389,1.42173911591211
1.21167340451012,1.27157949373986,1.48151535077837
1.69771631487542,1.77576996401595,2.06095873050041
1.7468070232802,1.80019899389564,2.03969653332848
1.75168499653149,1.78963339214092,2.02432982277643
0.989996428107795,0.891474282457483,1.25922474668714
1.32428815462912,1.12781590767889,1.57455912837069
1.44844042501339,1.32121575456147,1.79663737955524
1.32842763473029,1.2590344499301,1.92237461758752
1.80090192846204,1.73994071181307,2.39507999244102
1.83812676691558,1.76825313465893,2.39784331294915
1.78961264655865,1.76665643035567,2.38387268788433
0.669523736273119,0.654874372839228,0.65455988431144
0.729248314795005,0.7126236265168,0.716493882738239
0.708363783310541,0.683656626692601,0.699330583649324
0.804668840384094,0.771236042740031,0.796844070543033
0.718565390873259,0.69792163465367,0.721952259562074
0.741406833351983,0.719156460528383,0.734850966974118
0.852269470281669,0.823079038196925,0.859272142550288
1.40624455655313,1.35140060360992,1.36810064800497
1.37097324775021,1.36945223575978,1.38746834976008
1.34198381236005,1.33970714375672,1.37629060616031
0.706334754242569,0.6931248549422,0.720145536152173
0.795929020679721,0.799052690301481,0.81275498615222
0.710174192186905,0.699874495523329,0.726120202946274
0.769118287303051,0.764968155746434,0.78107512226082
0.713428429219856,0.701776281287139,0.730371710134348
0.728391037713083,0.710282161805485,0.749565498036979
0.706964070079451,0.711293722947434,0.72830857320517
0.764090117685392,0.786136057596362,0.776970120882053
0.787703359209547,0.821050953289521,0.818769538222923
1.33358285625824,1.36073323706294,1.39561495505807
1.32309202686882,1.35637670871973,1.29966286512332
1.31801257305192,1.3302967329849,1.33879345457286
0.696134039967906,0.695665673859473,0.714163363530385
0.792431684244993,0.826535759855389,0.809526909216316
0.788085256098787,0.801604233895374,0.804306744900093
0.736876368217483,0.760895754715098,0.75897339915844
1.29479052574877,1.33029389058,1.3087106662771
1.28471388456389,1.29587882831507,1.31295914653713
1.29325397510713,1.31679402212798,1.29705247532201
0.765874639317199,0.752575565064857,0.776615134200372
0.853585318919798,0.852830728767299,0.857147450419387
0.790065158746875,0.756447886853978,0.800425559847003
0.800563234586683,0.754434767333247,0.814820043150446
0.856108164803353,0.818982562360835,0.860507950869671
0.953479167774381,0.922900918853887,0.939578531802669
0.962919999639654,0.908528635676284,0.965379919831623
1.45325885280491,1.39348437748757,1.42515294947028
1.43264115638245,1.39926576894238,1.45118988666065
1.4492866400564,1.42398509352173,1.45928483385265
0.820559114565995,0.799407025163324,0.839992793842734
0.795594207552003,0.778676078990186,0.81981397899542
0.899077916216823,0.896704470029397,0.922598956900855
1.0553014899824,1.04878961801511,1.0591252429246
1.14510676396729,1.12677941364083,1.13653472505505
1.17337194488316,1.16480791701972,1.17681241676577
0.938404647578933,0.966740795314152,0.969397618889582
0.996834959042231,1.03274108777156,1.02652691647668
1.12486273875313,1.17522593745023,1.1639526076023
1.38157268397553,1.42360076912235,1.46384848321632
1.39693755835081,1.47528831910802,1.41821260100238
1.22604216174155,1.23469914657695,1.21160989704566
1.5693249194334,1.56013065561833,1.55849801760436
1.56268350164933,1.56538440744774,1.50082625539356
0.879063805546093,0.902124785446288,0.91608762778257
0.986484676929093,1.02495535738734,1.01796264028877
0.86379491511537,0.85766929898763,0.902017782477484
0.922428930175332,0.896727530888575,0.959784312431502
0.917679634411753,0.909867150864829,0.964700900800684
1.01481684354652,1.02124804876305,1.05827359605497
1.13796725182541,1.13362302101404,1.19083179236057
1.68910681692269,1.61363355308415,1.42711376282657
1.61444333351551,1.70148532876077,1.57696229016328
1.46614270274771,1.42879177301928,1.41152970264651
2.10468539956746,2.03248629080295,1.98883747744625
2.11067193384921,2.10257221859456,1.9107582470184
0.832906166648239,0.813175212185459,0.885966703740106
0.903568522903875,0.874836430134315,0.96644946770394
0.758943173264847,0.735800898387201,0.807145147081147
0.780335488933936,0.757283383861755,0.816835041789222
0.717720266124811,0.681165893414814,0.76493205686654
0.767928658493976,0.73635231257872,0.820634641452248
0.706789258491304,0.669125375087278,0.750365566789131
0.733153063802233,0.703878830371422,0.776597357509255
0.752903333052956,0.716320626227098,0.78866869717656
0.784925612327586,0.736998665432392,0.822093646656461
1.27911668266707,0.928413812890522,1.00104316869249
1.27798279165236,0.751863573834708,0.829762213297574
0.693520026524024,0.647412972585063,0.736773804113264
0.725240604383134,0.674855801987134,0.764422667459947
0.709767179914213,0.670352737260853,0.748313541442386
0.773515326886107,0.751450088082754,0.801903620374112
0.701829315220395,0.650516319884044,0.746248710587399
0.708788369346372,0.654813252500708,0.756410939444734
0.7635767326637,0.698268079152326,0.806023989566935
0.868566840676773,0.748716141563639,0.92046865394916
0.833357350397454,0.750300286558779,0.882185144896121
1.36822389196383,1.28907441962203,1.38982127466286
1.37342162949258,1.27757477889014,1.38900073841037
1.33342660183077,1.32364438252798,1.39175971015717
0.873250621769642,0.789654082984069,0.886777758232572
0.942839976163176,0.872720687977559,0.96579420327857
0.991046114067408,0.872605424635363,1.02309597282414
1.06252944015483,0.935837349854665,1.02568863075731
1.54503892456488,1.4370046417591,1.50390311353669
1.53823754059385,1.43065612959434,1.49526815832446
1.52942786362238,1.44683957165558,1.49518217592376
0.681886724241586,0.632624454142495,0.723908812295014
0.693470668485751,0.660392947580772,0.730750989321055
0.697239934117947,0.634233649579086,0.739390469772197
0.744491291840991,0.676633835945632,0.787855597120551
0.697286206698312,0.637496610064549,0.74359907755733
0.693938174590158,0.651461120127291,0.739225853396211
0.766409719826563,0.697073964937487,0.815733190282706
1.32539638300041,1.27000348851327,1.37150536198489
1.28734340300069,1.26190672066553,1.30069403212438
1.30290041799476,1.24481273749795,1.29642554648762
0.708615017121349,0.645903953002072,0.750889022700199
0.71153596863483,0.657948790010793,0.757909614670754
0.755376563599803,0.67652533141209,0.783608514773226
0.79181022982226,0.70393264049981,0.818127574793369
0.783307122544123,0.706366658546236,0.802717730842952
0.797368090960216,0.722861591939905,0.819783587135714
0.869826822849787,0.772910394075322,0.876997483388994
0.910981603552924,0.804447026524652,0.919258283146559
0.916181946288353,0.81697632064387,0.906620946822722
1.39999372939803,1.32265589038238,1.37469321892375
1.38606339199429,1.32765299225382,1.38539057555949
1.41293191515198,1.35246901280907,1.40519566563801
0.953439850533724,0.855386349076562,0.957903855956281
1.14106970408967,1.01880808773638,1.13119937506887
1.06909376441565,0.967837405806266,1.13299208728911
1.12463685804882,0.979015351184482,1.12534663014708
1.58577898794432,1.45812482719723,1.59505009287175
1.57853745090648,1.47932659545217,1.59465619648162
1.63427950813459,1.49010646665072,1.61704744196029
0.761800918712943,0.700695055080171,0.776122797398828
0.773025674842789,0.722267442532637,0.784976033284376
0.758427724480883,0.704433760991716,0.775139005763942
0.784426458207206,0.730856175669596,0.803891052934159
0.763290579005955,0.717788757957665,0.772795693134881
0.812676108358363,0.758972651294034,0.814802211415053
0.819283741127899,0.77624600042025,0.83571954995218
1.06035960615059,1.04831754307127,1.00847220068324
1.00438472454093,0.980533629293662,0.97402243782494
1.26300216016096,1.27296103665604,1.24292759622325
1.09170041654912,1.09627874911757,1.11939667613149
1.60887805971693,1.60385968466663,1.5920107207983
1.61016779183566,1.64851122585249,1.61829008015741
1.58662531695381,1.6041921621393,1.62308134663012
0.714169960238547,0.680121841195788,0.721138173525003
0.745196690939401,0.709530559644435,0.741161091911396
0.67737070442681,0.651631742084177,0.695420797435815
0.699760406246472,0.670655434609913,0.723831741832029
0.644097635048368,0.631418166536758,0.670875061213693
0.667783240340501,0.662103354150872,0.694852175849251
0.66362695228776,0.651016189444692,0.704634469657178
0.742360812029587,0.725189322667019,0.828602934619729
0.725020444619733,0.700020006602798,0.789237351156714
0.703916695627665,0.700644265387505,0.76271694953994
0.783758840134163,0.782801032476747,0.896303029418189
0.84575796525431,0.818254948481752,0.959306420614203
1.36629048241073,1.35854735971817,1.49012056003544
1.39696046662382,1.34533722734433,1.45906087922011
1.3818181859705,1.35923012584736,1.46575855042921
0.83379393946588,0.815935972545766,0.92231146334805
1.37890714849449,1.35338591358361,1.42069226542133
1.36011993784341,1.35502539159132,1.44529066250283
1.34672126952642,1.34589867173328,1.44858627673188
0.624468696528168,0.612953590849004,0.643524591400352
0.630791298557456,0.624189191538,0.644795711804359
0.640757341044209,0.618165139999654,0.657476649514184
0.675883571869911,0.649298429885711,0.70032730683221
0.634912957740646,0.607629275047153,0.650622263802884
0.642598908846968,0.621032963018494,0.657844479324191
0.680989171633347,0.636451188844722,0.70628711118167
0.746489189045416,0.690464682204525,0.778849908352693
0.733073721575617,0.680914913271156,0.771736238456397
0.734821952974154,0.702534725080289,0.751445178775398
0.676696815515152,0.636438961433659,0.694689270365754
0.756623247235921,0.725553427071896,0.772061942123635
0.872506375503769,0.841610566733449,0.883015540877728
0.734875393875816,0.700093224841447,0.748584572796829
0.785543505542305,0.751616209289954,0.799561518995597
0.721262594676704,0.680190265421577,0.72989359951076
0.8272077309962,0.785897000987406,0.827857581218678
0.627446785127422,0.599988145265646,0.63721961938394
0.625111651592726,0.596152356605515,0.635155588834663
0.660228522965908,0.631406692200026,0.66603323569403
0.701395003609449,0.671371151795595,0.706482593272716
0.68365883455035,0.645995050894186,0.67801022718885
0.700080335155851,0.660720470386617,0.691298711461097
0.770064688116623,0.720843568896437,0.75631451198936
0.836149195765597,0.797894670547616,0.796277367425277
0.910281069808768,0.850179073959907,0.81751665556839
1.22779258706192,1.12950539963258,1.18042725217883
0.881084975287995,0.847839718649646,0.828570406011854
1.33407040268935,1.28218451325659,1.17210730468441
1.6855529754579,1.59878237161761,1.52087189611714
1.28046351083105,1.28896539201081,1.03948943762893
1.54915058724849,1.56720787596346,1.23865571029016
1.14341614464292,1.13831023202099,1.04993610439397
1.49812713867299,1.46121354877217,1.49104273843446
0.656715692627638,0.624876879011429,0.656235902863996
0.66838128596958,0.63157466876808,0.666190163457986
0.66015737916169,0.627288488456185,0.665164875546936
0.697310748427384,0.654183434621353,0.698789405692694
0.662858046354442,0.62154792569954,0.665924215657174
0.709194456470586,0.655066007873237,0.70537140052449
0.735184762820952,0.671344139657199,0.742721565449768
0.908173967258743,0.786094969290593,1.11328793211251
0.930153172254523,0.770716483941463,1.09164440471263
0.96355907827918,0.810774551614501,1.0258101790124
1.2183449619026,0.965004090550507,1.4571054219098
1.20376176831209,0.976464850841081,1.50322623097323
1.07936487531516,0.928639597227229,1.2291522998107
1.67917393516975,1.52914796206156,1.83174816084516
1.6556970742084,1.41300790531298,1.74567501707189
1.25968679710842,1.18700721968943,1.47252613659899
1.87725407614819,1.70270880973006,1.94317089150945
1.88682815273795,1.80717229084154,2.09878714483119
1.22805860891645,1.15920873434433,1.55335881603863
1.56977213735703,1.50247501479039,1.87323852152674
1.61704167125673,1.5195628996022,1.88841175561097
1.56376757425221,1.53222305953059,1.87894269594297
0.609696323255538,0.576499094029438,0.617647844828542
0.624216733025918,0.593023542478648,0.630626863468136
0.586583079776675,0.557150314350855,0.596724151659637
0.623459147846314,0.590526316917629,0.629042171763449
0.560287052909882,0.527819416346948,0.570061573773947
0.590682268443328,0.549968725955913,0.599040621768727
0.596403053896497,0.54709085732249,0.609629576448214
0.90839320954505,0.639710358937333,0.887655190110243
0.917723349636441,0.625229219257645,0.902911750112031
0.866233679293595,0.605441742767492,0.804517211453182
1.4871151759087,0.782134621133021,1.34184220546434
1.32164522578686,0.770611789041842,1.18133405786103
1.84453228413243,1.32223616405585,1.70839719348844
1.83205193261051,1.36146009001879,1.71923343830026
1.8216055989585,1.32866727555469,1.68447530609555
1.19788385019078,0.713618604472198,1.16214294198563
1.73412783581241,1.27816438273582,1.68489482881165
1.69875631241163,1.29883372731728,1.68335771036022
1.73438791781466,1.31222469134976,1.69587680254697
0.534436423112443,0.509439910443196,0.542634929174746
0.545647989835733,0.518379956461921,0.555394863884367
0.544434278877828,0.525270644495681,0.550262564820299
0.580054164877229,0.568322470938383,0.584395173964486
0.55017341838251,0.519089005386127,0.54809477531422
0.566040167013448,0.523742878102987,0.557968198526608
0.611262474809445,0.568007356125004,0.599317511652961
0.666880204015883,0.626439426096671,0.658570799153727
0.656583666413547,0.603482468399967,0.649181131022721
0.691848121883229,0.630671775707241,0.66798285353821
0.989861167354873,0.928888259727794,1.00430972170148
0.550158382330164,0.520898578844728,0.548338417939651
0.562434173427911,0.533696634224968,0.561703766757023
0.578754048734494,0.546860882109195,0.577431174751328
0.617498366928765,0.583026908969167,0.612055824505595
0.607447793751953,0.570948395522535,0.608537339255709
0.646075210691071,0.600984445907923,0.638570452472899
0.708357914096597,0.661409298927199,0.692213334024672
0.822274071012411,0.840411903706332,0.852234272395915
0.839248998195422,0.911640515505245,0.963810309567978
1.20985962048251,1.41816085099158,1.28003259920683
0.970241701810929,1.22581296811391,1.01971566771237
1.55043298705754,2.08806534057622,1.74427367377386
1.87382920787986,2.44845845209217,2.11021478523533
1.61981776250761,2.41778837387272,1.92587782515152
1.952315511091,2.99777609459671,2.39110850002852
1.30536235939759,1.89601288231176,1.52413363624116
1.47882731293826,2.11402055842014,1.76932988080458
0.580054138884867,0.549866321282989,0.592134445983599
0.616710171463459,0.576934089288207,0.627012839302254
0.569031384206271,0.543545481878997,0.57609147469116
0.599158728814341,0.573197647346189,0.602111657159629
0.568899536014654,0.544800772775959,0.574838642135578
0.627537415836317,0.595578401442009,0.630251982462881
0.616228679941338,0.589637796244014,0.62293146934612
1.21163543717683,1.19408172754605,1.22784719212201
1.22722163399868,1.22303285548655,1.19791361771455
1.21537489961791,1.19264648051518,1.23689231807364
0.525836549360102,0.505743556124462,0.530904356987055
0.560863063315157,0.535398019209099,0.557390480704183
0.49568221422801,0.481802862649237,0.506253837927249
0.529736468672409,0.514339901429438,0.541120443172737
0.471766883871223,0.456585449825994,0.488028831100143
0.502386055643517,0.481019827190262,0.512996668245218
0.498533506616699,0.487538075353293,0.516254494476045
1.16329010758523,1.15029851212165,1.1530532535818
1.13191531728056,1.15191256289634,1.1838799097068
1.14339121444415,1.14140674730184,1.16413610341555
0.470108359027864,0.448855502073837,0.492649835115869
0.496758593950258,0.47483259028687,0.509783261032265
0.494002541611598,0.4651818803623,0.526055775831198
0.528977933697009,0.501850703794338,0.562814408099797
0.524774006776187,0.485986402279755,0.564408444093179
0.550855161506321,0.502369851440722,0.59100575904695
0.60278903888075,0.538471739379828,0.644674476690248
1.02431014118123,0.640094691516047,1.13710724049903
0.87229008281624,0.638295045217427,1.1196243498279
0.966624343486977,0.617190036010714,1.12605833704266
1.18899267073414,0.74215064939674,1.27269192619817
1.4916435974896,0.733168536384014,1.58483882488035
1.31817324666408,0.737658869346767,1.80894642942174
1.84539334964068,0.984398615437005,2.24278868667944
1.36881436555625,0.928266588451278,2.04885283844165
1.91962787606087,0.836859625690333,2.38189540139002
2.26095042771207,0.984360941903145,2.27600628189459
2.43591192330227,1.08617963538742,3.42529361359031
2.53980757005,1.30966070425121,4.0939338540529
2.27341027511762,1.28921581972817,3.82148367351679
3.06006651074416,1.61326969713867,4.97511891981051
3.20049716949711,1.39905263379479,4.07377978584056
3.42949961590457,1.4810823766154,3.81818633128914
3.65728839738534,1.69195027847686,4.92291642928534
0.539344450676207,0.50758587741328,0.574496015106993
0.589088105921907,0.55606755310302,0.61508428806109
0.5558346107936,0.52364513129685,0.586299784049424
0.57680339130448,0.549551935711651,0.605720572536053
0.595151118476304,0.556098421075953,0.619481127645243
0.652256840098635,0.608821120843235,0.680110422436816
0.675638863392905,0.635022174411853,0.695373286249066
0.912121510145123,0.841047677757919,1.09268138750684
0.945702045550597,0.869115431590394,1.0823873667875
0.933541646948522,0.965573771921309,1.13353850710791
1.39201709972258,1.43846529978775,1.65530303219102
1.41889271494569,1.51785166514747,1.82410186943528
1.51754300313382,1.58200638323905,1.7630574589844
2.17307668956795,2.24702118750547,2.3642972388152
2.24672594599689,2.32784351667885,2.57476199497343
2.55641367503107,2.61490073894399,2.84761399383768
2.83974202285982,2.95479839362081,3.24040713320003
0.5633470989254,0.528256330802651,0.578891361831767
0.617499004931787,0.589522047085408,0.637327199970704
0.524818532285135,0.491027001495614,0.527491260403909
0.53911011923729,0.507426581610223,0.538581814197966
0.512421084088396,0.481074478631224,0.505924549781348
0.558918179289406,0.535920506265483,0.558780938356621
0.527061748008378,0.507003501462001,0.517667759291904
0.594149167996214,0.581927893275089,0.587927578193346
0.572836592051598,0.553129991949495,0.564447377576495
0.58428732378345,0.565837528758016,0.575886490889071
0.761300023421824,0.755891440163331,0.836488520486828
0.834695628550091,0.876905249777957,0.880318283596378
1.41711298722907,1.45052272220053,1.45023506079532
1.42521208502551,1.43355766114275,1.476111112214
1.38171766187941,1.46372956192463,1.44685119992772
0.880180615393097,0.905882589427314,0.950390796257308
1.45335034114712,1.44319874317277,1.51810773592471
1.42263576020856,1.4886933633912,1.52907346652152
1.44905428025172,1.47646612791284,1.48399523847206
0.502423103037382,0.462352096239696,0.485004175288214
0.548754547189749,0.508051862491025,0.523914468649787
0.485849056668586,0.44671379729136,0.47037174035132
0.506208049087969,0.470230738286843,0.495943076667368
0.477064610813409,0.439016642048885,0.466044870244041
0.491912141904446,0.459548345308031,0.480184865336184
0.498924887038431,0.467446015669587,0.496959643018005
0.550527468615894,0.555774246935551,0.556899552964699
0.565414791128601,0.543542540025456,0.564299454128445
0.512769228733324,0.504207571265609,0.524670330207784
0.577467285671441,0.63968274728657,0.577716106889285
0.643244505700882,0.689744466334912,0.663004497843845
1.25190355807562,1.2909320018737,1.25677806833849
1.24288642148816,1.2967338475347,1.27243195658665
1.26445580215344,1.28926497117001,1.26332594513952
0.634036317713666,0.655693434330791,0.65577287172116
1.28146402821504,1.26251818331174,1.242940459071
1.21155401580054,1.26876744434322,1.24395775701145
1.24831395179872,1.27834941649369,1.29332127731052
0.506265654792541,0.473666851402725,0.502772332495532
0.561358735996577,0.520730128401564,0.551291132686728
0.541552915579608,0.518014682711852,0.552948664827306
0.576157550281317,0.551197884023617,0.588602214151399
0.600833130329497,0.588298522944287,0.631582620279497
0.645181843354244,0.632833411118138,0.677800610494951
0.703590334645465,0.693474459348588,0.752501597260873
0.952979446875515,0.970823242349447,1.05076702685406
1.02288006492205,0.926363744296325,1.13923076164009
0.985692654762119,0.9437316894684,1.22039415241811
1.40477481964776,1.32214067382333,1.7378490929693
1.35376945153442,1.33611320870639,1.67603991484496
1.14039853820025,1.10440370658747,1.32950985255214
1.68915980720639,1.66278038505327,1.81658423495479
1.67153834768876,1.67800942365113,1.80690531524142
0.627464655014804,0.611314335058675,0.65149800286922
0.705153042446368,0.691791912465096,0.734616345246676
0.646514691504573,0.622237985457577,0.664096249070797
0.663314334799972,0.646783799691505,0.684718580702851
0.722762616917725,0.694244695998653,0.740871193627798
0.822829240689115,0.798343349135398,0.847204935611224
0.871741472856003,0.845181936377481,0.881375017853355
1.08514104176189,1.23129631794689,1.25820641471005
1.12033709778868,1.22914515634041,1.24767348851642
1.13235066725523,1.32831834762906,1.32383995752032
1.43785433024471,1.7054229850733,1.68456417392341
1.54940010104669,1.81550960407476,1.84068075551457
1.68390453974498,2.00125631563619,1.99564843829298
2.27540137926182,2.66707862776027,2.6872368998382
2.374597697477,2.62038183753068,2.58849080920246
2.66395019155644,2.77612979791461,2.7295383799401
2.94190372411302,3.26477344938012,3.23893634829359
0.672208567168878,0.63339598480813,0.682257268149031
0.842245392276744,0.788443958726681,0.849139424477692
0.576581542625942,0.535608897048569,0.57691445298631
0.625998683858501,0.591183537981462,0.628609468025256
0.572793127074008,0.520863484829376,0.563210010576392
0.639806681355572,0.586068157567995,0.638914531632054
0.623750489489237,0.560145097529013,0.611306067898192
1.11784311515298,1.02947418297682,1.11405442294175
1.30783041852821,1.25133777259493,1.24820187584761
1.16350615546843,1.08709430683621,1.14076275636929
1.12432465405975,1.09167340658058,1.06321591009895
1.68079599195909,1.70770952359033,1.68978174717922
1.74212420248134,1.68283993893055,1.6481540666157
1.72234211324496,1.66400873904498,1.63556956594403
0.546617832974778,0.504472136930674,0.534214711375125
0.583049054903842,0.551921470766095,0.575933483600916
0.553560240961913,0.507275235345049,0.535996442415261
0.581132381732871,0.520852931051919,0.555198244961883
0.56940201475877,0.542435012187897,0.560533507300678
0.574600123449875,0.551419582878676,0.565773246539047
0.611143674352321,0.580877487565234,0.607554822105374
0.651977601576379,0.61012305390546,0.646004019072039
0.706614516382446,0.672522298825776,0.704024447865498
0.608907334708281,0.57379680195572,0.605341018883079
0.610316016928477,0.583398318644976,0.604555550393144
0.690618918851077,0.638413275479539,0.676104501541246
1.26600908776334,1.22547784660645,1.23510754336295
1.29703711718462,1.224915697935,1.25216157749243
1.24015530811819,1.25128992295987,1.28006440404991
0.72978928710055,0.679039096595358,0.720655497218135
1.29462186938674,1.2678171602919,1.28796755047812
1.31181830463605,1.25854238308674,1.27337045659573
1.28841900249237,1.26406273713757,1.30616046934723
0.603517296289583,0.590794831412594,0.601520259990177
0.637944397371912,0.641002216454518,0.641864269280788
0.647491268990385,0.636962444929213,0.654790219144846
0.70750507621275,0.696383809275379,0.722639756881702
0.797532521177891,0.765037945357319,0.786438637185719
0.829264738328482,0.822717731618928,0.849747355337378
0.709774709149505,0.705997447217795,0.726925026079344
0.758521474109894,0.762112309117865,0.775960261482428
0.817970288460266,0.814883208989865,0.847241329022312
1.00006500594634,1.02914233807276,1.04943261342531
1.01677013205133,1.02374549432676,1.03290269298782
0.911526866872637,0.921929379454322,0.962211000505644
1.26147580822188,1.30117355412755,1.32512813230188
1.24288010862311,1.28342954506134,1.32997616171905
0.689014298770253,0.689307066776472,0.70533917811511
0.745637206206177,0.756708122760681,0.766265565348462
0.66545837537978,0.658613064709292,0.678257700587411
0.67753046269808,0.669358177363693,0.690446563929448
0.684879398320868,0.674347793035522,0.694934805451561
0.766645078486287,0.757430493172275,0.782627013697325
0.725981705380244,0.705257766133422,0.735296107903313
1.298343388779,1.25277839086453,1.28113149028028
1.2628057852971,1.27135021516198,1.29585821861366
1.27126764777264,1.26974486123189,1.27172344547018
0.6503993671431,0.644320165924892,0.65777642467774
0.725391393850158,0.724699792442422,0.741235828523761
0.597328878697371,0.591164658932262,0.59898681791625
0.599757878363374,0.583470354625809,0.596764164692005
0.603672439109567,0.611189497329607,0.619439843278593
0.635991838186138,0.650327544515692,0.65911661949999
0.584730777637855,0.594218333683243,0.606177505152886
0.624841470413928,0.631049269371487,0.651498474993604
0.684862393640838,0.702980689394683,0.727657035540066
1.27954073711133,1.27108541207114,1.28972678485505
1.25608998139593,1.28733781432927,1.26733161436523
1.24896894325731,1.25886528236119,1.31084215704998
0.584482957251374,0.590728247069645,0.60380946750295
0.734620789833687,0.756710578123595,0.756720719494007
0.706966087015299,0.736124602470724,0.730836980982068
0.687992699435247,0.737205561951637,0.744632967537237
1.27723591753536,1.32206196358145,1.31479250628068
1.29291524337423,1.30801911513888,1.32211355536509
1.28409520359354,1.34010103876419,1.33575517385304
0.677007213621552,0.701042997761293,0.705930784543221
0.773221533705204,0.805974201891411,0.814896234898304
0.692941231391147,0.725794038414607,0.732265214648944
0.68674011509097,0.71512339149389,0.725664352956367
0.793450528313604,0.845214467908382,0.856916114829546
0.887708316098236,0.932441651880194,0.950794714912413
0.88866318886044,0.930767611437844,0.965809939892784
1.38264202569348,1.35364774944249,1.50408095037197
1.4040451054053,1.39068659929723,1.49688041707122
1.1341582201838,1.14755301043891,1.17060515360131
1.7230269073979,1.72938936309662,1.74144243633054
1.75755603945906,1.79110170448216,1.82241483227699
1.37937390560382,1.40334677753814,1.39887554355784
1.87940649615924,1.92665886296013,1.91936230475442
1.85004429500406,1.85042387835386,1.83696584415946
1.82577120376148,1.91701757591369,1.84530972776063
2.51573153738509,2.56589805002962,2.50188591210202
2.21679111484198,2.32849517129473,2.23663985196772
2.0693454562156,2.21313980255979,2.12803222405128
2.40625816375404,2.55304747747143,2.47657518823741
2.37220445805638,2.52678106449929,2.45525798506495
2.43458716658473,2.55743449900847,2.4556320339716
0.859659484467506,0.911639555121291,0.929113984406619
0.989489554381156,1.04717802886582,1.07108695253237
0.849065832165898,0.888310699235455,0.91247610482569
0.817299606474592,0.853400893476104,0.871743476567718
0.971621600020038,1.00633666732461,1.03754904575299
1.08242930903732,1.12418250387377,1.16294035666909
1.07368920610068,1.10160504660566,1.11904265768309
1.07252426253991,1.08250981821087,1.08313976080925
1.22581742486954,1.24702071723235,1.26376272281277
1.42146163895777,1.44460510831241,1.46005896210148
1.20157990565482,1.21307397624702,1.23160750630355
1.58539951388628,1.57117392703938,1.58209067205482
1.85189010682975,1.84699653702595,1.84335453456036
1.56208395128209,1.50604429611739,1.51456413701641
1.77532225744039,1.68336009884159,1.68098929702703
1.38131202437428,1.35722675877399,1.35312154386805
1.55248883553937,1.53885590743602,1.49234555701731
0.994987980263168,1.0277452798142,1.05694275235134
1.15773400369966,1.19989608418741,1.2338817900819
0.917110499774972,0.949529584330721,0.967878472171494
0.888967216375348,0.929337477344017,0.928480422241332
0.977178439173141,1.01607602255077,1.04334340047936
0.96920543451503,1.00705522576852,1.04703049069913
1.11433631820023,1.16545792503439,1.20937824798826
0.98417802724814,1.01137466297218,1.01843462323509
1.1451899881699,1.17859242530359,1.17373342245623
0.903585259096826,0.914738008539777,0.916340783465144
0.859431044912731,0.870533059687339,0.872627173129275
0.979640914606114,0.986288531452034,0.973277696743945
1.09727790527372,1.12489552932932,1.09083997384593
1.09919723554931,1.11845106290215,1.04690174554296
1.26399621234469,1.3669885646484,1.04091570366174
1.31597420700184,1.40361605490024,1.15941017649549
1.25470532635326,1.28830215692819,1.18289731311694
1.82325577871905,1.87221652842417,1.6530828029595
1.68781868787757,1.73192257278055,1.60947215125781
2.17903474687672,2.17484537767939,2.15223910810414
1.90985465865357,2.02491831152858,1.7183436217852
0.919672668922663,0.922136346797182,0.951295240438568
1.09711647772441,1.11707720747857,1.19587804901995
0.822406335030896,0.829567457359192,0.864593280278297
0.903077067222416,0.925340610169292,0.962358825880722
0.762190607948045,0.784969632324331,0.867269994695817
0.81260776153105,0.835502726430861,0.953461101791916
0.735525097207648,0.810513712171799,0.978641967994581
0.801904433094597,0.917496764221915,1.35594155230042
0.824832340485316,0.964608589419489,1.55722127738301
1.36753358007716,1.47111178659342,2.0360255023325
1.33712518199605,1.4717023132656,2.04619667457827
1.36130225396192,1.4558078646926,2.05476659442771
0.853824285649635,0.917892703936095,1.04530993668239
1.1309736861727,1.2525714169189,1.47120913719964
1.15937486682661,1.28060036889405,1.45355265747051
0.969618118786738,1.11725297152253,1.30972531029576
1.49016790908752,1.61246348218228,1.77582040840821
1.49878977550134,1.61796746455434,1.75461743205763
1.47885731417632,1.63663339020713,1.79654615349829
0.790375838865066,0.815144806421177,0.842258706445297
0.889611832982764,0.922806354870485,0.920159205447678
0.807681973584432,0.841146199599279,0.859755445378646
0.840407234350837,0.879760496212945,0.919472163891158
0.875557738323156,0.920756370692657,0.902228715640328
0.944211613365276,1.00644432547708,0.95536280518368
1.06314766808991,1.14563275953147,1.09955969752635
1.41903864700552,1.49292176044847,1.42786499326713
1.4205057740325,1.55158089753821,1.44030324833778
1.68558099890617,1.72821839984018,1.63718520503831
2.37762263742695,2.38822347252041,2.25139026529145
2.19572213643859,2.19795199886786,2.12296316459722
2.65470589439137,2.61360161575192,2.57947229534821
2.63350049485621,2.64210805614072,2.53570757394334
2.59837417456299,2.62414411532024,2.53450400152671
2.20973950305507,2.319999302287,2.10521950877926
2.6447638714748,2.76355709399892,2.54785508857819
2.63953569940174,2.72934847279428,2.49845154261441
2.64574891020708,2.77759622323154,2.54014450412318
0.804112501376278,0.82571935849734,0.84378075137165
0.887399922859996,0.917953326466146,0.9540658239479
0.82542391873752,0.838662571452553,0.842455301613953
0.96661610138855,0.996106145308459,0.976760243541032
0.792306946828823,0.793809021488588,0.807637743117955
0.773685981015589,0.765758724226663,0.794538133939845
0.877405999759469,0.921130947810615,0.890002922529427
1.05264498039821,1.32720843851903,0.99293072485795
1.01209305721001,1.20200599175786,0.979752666044337
1.01766415915211,1.14598481749251,0.965150325781292
1.21398736644636,1.47874976083194,1.06065885536043
1.22496829787188,1.59152184657378,1.07875797028259
1.08400595627471,1.21437005090946,1.06832894839747
1.56293651075397,1.64481135986785,1.53080951360549
1.59008595371357,1.73366572549008,1.62495185592839
0.821496363969523,0.822378674328292,0.834293120742856
1.00161640603909,1.01446492377811,1.01193073790417
0.746586885691856,0.738508957135947,0.756858096003061
0.723983035437042,0.708236452294882,0.732025633234123
0.799657473150331,0.799429301464906,0.813084443024125
0.906467793987732,0.915217945123854,0.922901720910561
0.929908311776855,0.924641238390005,0.935644552340258
1.33360433838358,1.37205373356511,1.22929399025229
1.28047599336708,1.30578859412825,1.24871053582785
1.79437585306015,1.83919545892495,1.73929705183254
1.79285263439117,1.81194923168394,1.78129226294129
1.81086514555622,1.85246572686335,1.72939061566709
1.47667949448532,1.55070734412375,1.41555415893954
1.95584301562372,2.04349452199965,1.88965042862343
2.02123978708881,2.18532740440105,1.96484410034265
2.00114661511059,2.09448811513695,1.88847328096204
2.45625319168743,2.54330906421942,2.31899398607533
2.47176546095015,2.5520228145005,2.36590202684192
2.41982036167344,2.54263035107092,2.35324989744819
0.72471791093621,0.720350554518561,0.733190936640553
0.694029492333913,0.672144813329022,0.695281896124627
0.793924739009394,0.804089488354927,0.807157159023998
0.915528622551723,0.935896553178941,0.937044320335248
0.775161821734077,0.791629870634727,0.789057712311077
0.765507006227884,0.779433471676388,0.775859174132112
0.921968400986687,0.954419201173577,0.932094511009714
1.44149704332964,1.45407991270809,1.43015039521649
1.41476332158177,1.44672373104205,1.43199760893235
1.3991274256391,1.42807576165903,1.41088594679569
0.756335615204584,0.770348344249795,0.773976194481292
0.8553052451854,0.87418706712864,0.879576800406146
0.724736973117972,0.740228571985148,0.746935864379335
0.750202347777647,0.772056741532323,0.772914185594602
0.735220399739333,0.747057646754035,0.770097104000118
0.771720443306436,0.773507029654197,0.809004136578103
0.757323668670901,0.786644034723489,0.832309560820206
1.00174379694142,1.11523324493243,1.25039595542371
1.02120774666187,1.11110400660946,1.24309039971655
0.682890954866756,0.689631778167945,0.713677984391231
0.934307452256591,0.987486558009071,1.10018696538828
0.900054393208017,0.977113614944475,1.08828900049579
0.627761587275388,0.630483291642888,0.635997657945098
0.679251878393374,0.678720013301656,0.686528952062205
0.653241702169735,0.656713659522295,0.65701120429658
0.687515471784034,0.676183998479613,0.678144713673732
0.714679057825535,0.730376421787738,0.724234283027969
0.803005788909313,0.816282560856043,0.838520690987213
0.927405650748675,0.955558518207884,0.96913658371609
0.862277523681391,0.859401738928333,0.891620657055207
0.921993934435747,0.910342530124245,0.930217453086854
0.964200372859388,0.957678278936813,1.00015140724301
1.06340749707972,1.08076525315079,1.10419842882208
1.12648065437014,1.12143093712172,1.15569893636997
1.1468049816769,1.13534396357847,1.15524825352596
1.26559723808571,1.24433023992793,1.28863388459415
1.29817398474476,1.33027132546216,1.32186877516294
1.64440556129251,1.68426718193745,1.62486688213622
1.76856834042404,1.84085476650711,1.75760473581844
1.96361152410824,1.89616733398946,1.94946179203012
2.51126734744001,2.41117489385618,2.52595900421822
2.47548045452519,2.35631215019587,2.48755938339939
2.4600316291186,2.48969652897747,2.2542300284557
2.59287729307068,2.65628962869191,2.32895955589897
3.32885967031638,3.38557334174924,3.03317185678804
3.95513101295587,3.8975145162071,3.75168532947279
3.88483143919618,3.7055894853579,3.78465438025558
4.72145438758877,4.693665475125,4.46748128835371
3.99313455849454,4.18540288478644,3.51966167499318
4.00392635717584,4.22328649475043,3.48645998479801
4.67213038465726,4.90626276657479,4.15376403748259
0.924667750966434,0.916405381759846,0.969015730981121
0.934696095220672,0.915434537224078,0.960193454806574
1.00552629813219,1.05564322481259,1.07085860485833
1.117114693031,1.20011416411113,1.18248308834097
1.05029887951647,1.15550883671403,1.13878769713391
1.06949075921147,1.20717742566487,1.16947348316397
1.24514602687756,1.44149636934303,1.35709673434094
1.33480251717922,1.53275719155328,1.64739848839935
1.34157540910509,1.58961971593853,1.5744518543565
1.43203578493468,1.65726324611367,1.75154995627398
1.54214944287532,1.74724613399406,2.11927058790368
1.76264986059216,2.09455004306976,2.25160153894086
1.86961289219981,2.25790278598037,2.12710901099801
2.45305679750382,2.86211097266279,2.63402197726038
2.38773033732134,2.84208029798944,2.66467008122561
1.03791824659495,1.12250880248498,1.11092424494582
1.08877058853728,1.2200458920344,1.16889855599525
1.07629382182428,1.13773976623454,1.1287298783859
1.13002169093128,1.19259398789002,1.17132570063823
1.15752392795807,1.2442749176415,1.20370682233423
1.24252225023148,1.36733909398227,1.29037872022822
1.36515712118425,1.52206090000781,1.40416323723664
1.71624939350007,1.73063392482047,1.64672958383043
1.82487357807273,1.9159506410188,1.72922715637459
1.99679029499073,2.06027561893666,2.01722858718797
2.74045049364033,2.68084479246267,2.65037417659921
2.49302115097037,2.57995255777313,2.57639269961734
2.51359027470698,2.74009214328378,2.69836820554073
3.19913095134431,3.15884224351761,3.19355155118509
1.09345538705815,1.14353594495613,1.12511353551932
1.2148167032967,1.26948211837276,1.23530007059081
1.0192894555009,1.05781823869186,1.03969593192911
1.03668636629195,1.08029451634633,1.06273858246751
1.03443139093563,1.07669173291183,1.02637807592389
1.13452118003775,1.19404333346353,1.11484028491193
1.13222223517619,1.25673594629286,1.10220097684333
1.13837326356825,1.32488563786334,1.12318508636725
1.24734707508417,1.37655898560267,1.19626627709456
1.35064393638655,1.53591851698426,1.30381907379415
1.65054322594579,1.83708860734422,1.64687963212756
1.55571524721416,1.80889356785325,1.59354589990312
1.66807540722604,1.90619510626176,1.67471483947809
2.20005398269522,2.41363551901901,2.22313771862901
2.18496881824319,2.43396288997377,2.26218481317975
0.94438731805261,0.936820508429608,0.934225368393279
1.02119057507487,0.991860290231991,0.990327222009644
0.880000288929831,0.873141048490718,0.887379965182294
0.943823296782755,0.97284685082685,0.963793082004139
0.829363115172407,0.796130959489077,0.836239927606687
0.82835920444765,0.797528863699315,0.829820402440992
0.864841370945522,0.848279427971566,0.888638321815515
1.3580647853944,1.38073681611337,1.3914820001581
1.36982833404821,1.32307349615304,1.38304179239289
1.35932023505877,1.36009566075171,1.3814433991962
0.857408799316806,0.807403230226015,0.852480882137893
0.994388517006213,0.950643542361511,0.966579655322555
0.808863638894693,0.75561032542977,0.808650025352856
0.801649904720924,0.7647871929725,0.811102021416492
0.84054326980961,0.783730544094846,0.824418977378427
0.90340605869436,0.847000721054258,0.882441212541048
0.870224636951435,0.8300220340988,0.841237392938267
0.945637608862724,0.933320516742198,0.896762377864556
0.851034610961656,0.871717272684895,0.80645652659539
0.912318112952035,0.96905583225465,0.855322991910059
0.9889386071031,1.01485296606345,0.947128834922423
1.47668647874303,1.51435771840701,1.42613173714988
1.43521678002239,1.52381427673341,1.4524511685388
1.46252454042451,1.47180542259142,1.41572653582608
0.815408315530726,0.75783688057871,0.80312965042565
0.819231890668173,0.762749287682773,0.804927445448311
0.870007164452654,0.817157895194772,0.860739943951874
0.968727308883209,0.910824220239228,0.945102863847761
0.86862561971905,0.83410994198902,0.873744375642674
0.866802030445403,0.868273290814866,0.901022415600909
0.968367404541102,0.939156493358946,0.959772974101864
1.36275998621197,1.23245131957697,1.25578533478157
1.18698648336316,1.03248265606616,1.11375369532881
1.4695667201344,1.41294952060672,1.38977504786116
2.10220657075406,2.03973356981402,2.04253043326845
0.898502976102079,0.875901225151288,0.911767011003495
1.00668136794313,1.08374607316585,1.02306567741499
0.918232237832038,0.935978867140786,0.958255463423774
0.955730696760428,1.09066124675415,1.02853267500021
0.98676216361804,1.0216037237527,1.02972317384503
1.03495196831148,1.05347692665794,1.06479192912388
1.04179508998668,1.15596404789144,1.10309609724523
1.09943381725412,1.23179988876259,1.1656079471237
1.16115181283539,1.32333795631398,1.25582713242986
1.01668153889531,1.13198958882067,1.05284932590816
1.58254211913017,1.69299811260033,1.46635509168708
2.35327397152755,2.40297258461211,2.11804751547706
1.6529847401097,1.7412480331403,1.52841606041269
2.44899908211107,2.45012939902463,2.20389307047249
1.17567755770777,1.31377182574692,1.1840824310999
1.30141873936273,1.45053189029034,1.31011441769344
1.5858386163649,1.5185830950863,1.53786972981244
2.37109474974857,2.172472299318,2.21486418934923
1.62623786882094,1.60697984849346,1.57450930334971
2.4046221170815,2.29338132162243,2.2491364726765
1.03101729122167,1.07714684972042,1.08705570057592
1.08576301511373,1.66135190345966,1.15901448579122
1.10210478954314,1.35663349854763,1.17378954535839
1.16509171839781,1.90499852925993,1.24963096418605
1.17699169162444,1.55465060167364,1.26288184594092
1.29978366554982,1.86946844196562,1.40917630960438
1.29846301876638,1.77839683390358,1.39757974115919
1.09512128910807,1.28186341779934,1.14156691217712
1.09754825616905,1.12603493161012,1.10533522977152
1.20991753383302,1.44829656782911,1.26324734166427
1.36597897644401,1.74654655120235,1.43843995409641
1.26162430477627,1.37913728351485,1.29300952420267
1.31215918135547,1.41546022499831,1.32765661333017
1.5088838201237,1.67424429195391,1.54850843774072
1.84088120831924,2.15716707894909,1.88652553514756
1.76703396460433,1.99480135853479,1.76129822061455
2.07365713768809,1.98978320174228,2.13094156332058
2.47515656721054,2.33559583556985,2.55840403935984
2.58322195144507,2.45441160326874,2.54935229176537
2.67902490346483,2.55462410362245,2.73986893098617
3.04825608265171,2.8728576372964,3.04447019090438
3.04347535195258,2.92535479724938,3.17136660773408
3.29735582485766,3.18954109736537,3.38259590948762
3.44459754763977,3.38680377343348,3.56227897086052
4.13727978788623,3.95070425398444,4.22700089641113
4.63858203989126,4.42635073172558,4.6778228837887
4.45233877051126,4.2610903655732,4.46839105368874
5.41907976407386,5.16477940747327,5.45658775888288
4.87217364244214,4.65400614232301,5.02862117143133
4.88741188802672,4.7007144156048,5.09011939099528
5.56543398014877,5.29061713212799,5.72380953720763
1.18834340901383,1.20655836624204,1.20527334285398
1.22799160530673,1.26366585606457,1.26318201558506
1.24051989466763,1.20892224282117,1.22612612901996
1.37366476064433,1.36692985115936,1.34641294991536
1.2341162388782,1.18457364665491,1.21489246527413
1.22116433601603,1.1592476935559,1.20070140012914
1.39361969836453,1.38400573652131,1.34047654250308
1.59920146531891,1.55117711021555,1.46855903655632
1.52999973881466,1.46053284547113,1.39517097617873
1.54312175961955,1.50318512148841,1.41810464429933
1.89939831607577,1.96291581701523,1.57585896399548
1.98250650109145,1.84602015398049,1.69780243524227
1.64638393430668,1.40311321837665,1.41244954383127
1.82611885207466,1.79228040333007,1.55943325763719
2.09523585374039,1.56285547129907,1.63559947823967
1.67576466479805,1.40597407269768,1.43855641512977
1.75913466564214,1.46358787974579,1.53560230416058
1.71463985553084,1.40578053625366,1.48617262059013
1.77196800299813,1.43308806767571,1.55402584058327
1.77296085955209,1.45110908107062,1.58360177913091
1.88716578215108,1.49057313670784,1.64251459278563
1.83983145753431,1.49237913288794,1.6333703415392
1.89846792649672,1.54767640973195,1.73285988081963
1.93973269778513,1.55910210411922,1.72433187249213
1.2662525686019,1.22717788922524,1.26123855023231
1.47244282045053,1.43077227508553,1.44656265739702
1.2356588285087,1.19350776895807,1.25530947214259
1.25556606363044,1.22072009446711,1.28387204374768
1.33444431590879,1.27704002198958,1.36554217598945
1.44470637855443,1.40042538768916,1.45900661541958
1.45851516927062,1.37691022260955,1.50826201941046
1.76442252972268,1.60543855984564,1.82837968036112
1.69112598282763,1.59515301012286,1.74612169327896
1.89467502341061,1.73647272028631,1.9653354325798
1.67962863228921,1.57894193187818,1.75803311767741
2.05954921024928,2.00058991403958,2.1556369070514
2.09479763292084,2.00904859633679,2.16101873498194
2.0885051637223,1.93294071352847,2.15577477729004
1.28793121036948,1.22268277269414,1.33432571093676
1.21563295913965,1.14551836340549,1.273592526269
1.40936046998194,1.33391572466908,1.44893748321024
1.62157622733541,1.54536972137434,1.63546754663134
1.72491406831267,1.64710756825703,1.74177868857442
1.69784584958283,1.64432926203075,1.68875265048283
1.43017440582778,1.33926209894119,1.47688104570044
1.41788504656416,1.31900004916145,1.44903992349361
1.67546879226538,1.58309152099469,1.70637699440718
1.83700557485966,1.7647973800177,1.88351634555424
1.86801712630939,1.74594469234892,1.87695688604934
1.79010817837848,1.69570759798644,1.82401564557139
2.06182753012348,1.95829126860309,2.13385958061825
1.98966994850167,1.86860065676103,2.01980349438478
1.37868190162695,1.29528739975474,1.45749888490791
1.39343113454595,1.32401142684174,1.49779514832007
1.43222751152138,1.34732506479501,1.5024991333763
1.49970851713326,1.40902041568735,1.53425337193235
1.51614772724962,1.44775392222473,1.61063677678965
1.61770888841132,1.54667837289998,1.70911696431307
1.72486481091267,1.67298442910224,1.85985065960637
1.72019687818161,1.66875898504049,1.89067793788018
1.868128558867,1.85406657671031,2.03715678435495
1.96801306965752,1.88837830857172,2.07717531583864
2.35599495280495,2.30478975372993,2.42718138498824
2.37466636735627,2.2689847269447,2.49713559553442
1.40422313184533,1.34594174511505,1.4886433003974
1.50110248970824,1.45642268379505,1.57001297437651
1.29488536066749,1.22558388761672,1.37455282869415
1.30587387968588,1.22449743781358,1.39412531593711
1.28230682097786,1.21653683018011,1.34460346481188
1.43434643677265,1.38209256022071,1.52170109342434
1.34160587109366,1.23498834179166,1.41202186400666
1.31420798760555,1.17853097317451,1.40730486068136
1.41033067427301,1.30689639710328,1.46648230033398
1.53461546843337,1.40144610936974,1.65742274469624
1.96309127581416,1.72456029952472,2.101918637119
1.97816395087338,1.93655626774314,2.08710225951016
1.16277524349347,1.11495093964577,1.18775419353851
1.2761410374107,1.24332728055321,1.3505079950146
1.05603889665425,1.01137959928584,1.04837152630747
1.11748475771063,1.05651969288154,1.12463504016361
0.982932723089763,0.966075858979215,0.982447128343243
1.02183852196583,1.02860659408865,1.05071166724222
1.06305920826828,1.05165868042485,1.10446250990973
1.22475194123583,1.28916091128764,1.33295130209237
1.15042783484317,1.20433604257322,1.25606383766336
1.28928449768872,1.41763627351214,1.39233153206406
1.59457806329719,1.68241189202,1.67907213692139
0.910516019119718,0.900073585697639,0.921229780709631
0.922160647336358,0.91430634855186,0.93587118714371
0.940747151910086,0.929576910875934,0.96106421930848
1.05880533402302,1.03433418032749,1.07033007981655
0.898362261514352,0.896222271111059,0.929854696624947
0.881633345369051,0.88340141678089,0.91624939635428
0.991715206510778,1.00410677251521,1.03427998637148
1.08721413153577,1.1368317357297,1.14115215621544
1.07849313446285,1.13544986826824,1.09946247221345
0.993470979718998,1.01935343887465,1.05621984044152
1.59884340796745,1.59700159142891,1.59319407951371
2.37795722586656,2.35664311966551,2.33042064637804
1.67527875781477,1.72890275140125,1.68578943897484
2.46562925926999,2.50610051796185,2.44163171254966
1.22034469742204,1.39023383521445,1.31318677674459
1.37135847620277,1.60859937380348,1.47254376535516
1.55518575920821,1.64075200809113,1.62628556865158
2.32287961246449,2.40399961052612,2.3667037436385
1.63522059821377,1.77618572343333,1.71803877368466
2.4173797989915,2.57231714869671,2.47845539617552
0.854827571172328,0.85548545420769,0.884186962820498
0.939028358195548,0.954164632637061,0.96569459524604
0.786078433876414,0.788414358137662,0.813559597093379
0.800858908291531,0.806989632536589,0.824786179952087
0.750072778006725,0.74824446796007,0.772561085807197
0.782781193280131,0.778611090149087,0.791245661613724
0.70960656214971,0.699272160841896,0.731516533275921
0.751693205338458,0.738346699716843,0.795182832330662
0.732896178896605,0.721318638654262,0.756688343847206
0.717270480966353,0.689936613191541,0.721592026727888
0.7872069291814,0.745307429674864,0.805942592935472
0.81558075083338,0.756657986385569,0.823956865968049
1.34583339550808,1.33145822043386,1.35594810212121
1.3618784195478,1.31477991556288,1.3703961862055
1.34559827332356,1.28401946926494,1.33885262100353
0.80530908547089,0.781196145632478,0.780070297107063
1.36277731043211,1.30835638460492,1.30509059440927
1.32332063673547,1.35748192690499,1.35372824694303
1.34285346264694,1.31745898149061,1.32057809911653
0.801309276177809,0.784241751837969,0.837348594981191
0.918276366536758,0.869216615637927,0.976164735419443
0.8554127469174,0.821625113891179,0.874695092749396
0.945817844054184,0.887633418696223,0.951027953919284
0.928007978098608,0.86839625937195,0.954214387886885
0.978139777340352,0.915153167707523,1.02194244318447
1.12589610170807,1.04403565244922,1.14623920418956
1.1750621601934,1.15973733051056,1.21080800244719
1.23832746419327,1.19479472956666,1.33687964459853
1.26813081184934,1.26058050054083,1.40112215897553
1.35172630802354,1.43571066077701,1.62895335499843
1.24537000410714,1.38709572389638,1.48838494640581
1.56146079571857,1.54068136836752,1.64180637967638
2.06091836965712,2.01824298428281,2.10585406406025
1.99431326457815,2.0126613365756,2.05494750831135
0.851761561144593,0.786886323673079,0.871249804265088
0.863811848963405,0.802291372631577,0.882860606214311
0.852811740863449,0.785567566222445,0.865988041181315
0.932686381578919,0.857944859545846,0.945224570745706
0.813886042659171,0.754267805441506,0.822316050670656
0.774110498784541,0.723499045105676,0.783245007388084
0.854461405908061,0.803252904594995,0.868737038470479
0.975074221300569,0.925978846470854,0.986725480290664
0.88204638314404,0.827903592765845,0.892893337933077
0.81271822011344,0.789017619537821,0.847446910995716
0.943256396946175,0.947673237022594,0.99779436128073
1.10081882463754,1.10935040623081,1.15778436489886
0.937820735359051,0.964151942710693,1.01677230463799
1.07951995774435,1.13308045105633,1.17487794853384
0.802903719744738,0.814693177362259,0.874917343749162
0.733339678080268,0.714165666241677,0.776246383198372
0.750591012636499,0.720063088084459,0.794289642765758
0.823901553769963,0.779705874177082,0.86384226854728
0.824306531848424,0.801134568996062,0.886881866782959
0.963859570117023,0.933205773458957,1.03051940991621
0.848184122859827,0.86298914748996,0.931781192352027
0.981346042744064,1.00085493478515,1.07934330830817
0.849052319077141,0.846448591195299,0.930056765740726
0.977255877562608,0.97345889123798,1.0693273583574
0.871995391959007,0.808543937004351,0.871516024482907
0.926604582855745,0.874357629511172,0.920303128237504
0.932200640017492,0.86338919162733,0.92723471411449
0.975879197075995,0.906324079651956,0.973635422971359
1.00236636481745,0.938590961983641,0.989682870868144
1.02631413931833,0.964555011719781,1.02015571726806
1.14344538945845,1.07860165279245,1.12681663007725
1.38330616877485,1.34289367084557,1.35137684162033
1.34229022877194,1.26958974545251,1.37011291101536
1.69610181763705,1.58739614036443,1.86892636257803
1.43277219965714,1.34557200442132,1.45930839987203
2.19686651424977,2.06606145152309,2.36827853854696
2.61004210739385,2.47405591596434,2.89509625417923
2.42504481741039,2.33676463733447,2.50191338325625
2.9678736972162,2.89032163103116,3.05704702252759
2.00926438682209,1.97266490442668,2.05347095394983
2.34180877714143,2.39177775711838,2.45120467385727
0.993053879573988,0.92976260127867,0.969034373248074
1.09951736021922,1.01656914726078,1.06219245263066
0.935833624104283,0.886921153625555,0.913159562885841
0.941071535308371,0.898623976982487,0.922888880106933
0.929436564077988,0.880679808852301,0.899488731006461
1.01622388946422,0.970778047821633,0.981835222471759
0.945356003684937,0.899887062749589,0.919145693412646
0.952313715173701,0.88301812231906,0.896799694786102
1.01370191916842,0.956754065029084,0.971563166497732
1.1004670327839,1.03998504670303,1.07537025083867
1.58478955724104,1.51096190335395,1.50732104958449
1.54923422245637,1.47229207765883,1.51484029329621
1.56923576230647,1.53158158470821,1.55005121671827
2.15962701137269,2.10361338062143,2.15424866112816
2.16223417670273,2.1124089500043,2.082974378451
1.74612895349244,1.72733067744808,1.76133784957792
2.14403410247981,2.14981052041776,2.12411113723258
2.27709042121897,2.16989384781439,2.3354542883953
1.96158767806136,2.03208460189504,1.98258500360145
2.3178450104797,2.40870660575283,2.35651671847981
2.35052738188953,2.37541246432626,2.35459412214809
2.32406713381071,2.43735142938791,2.34298272675961
0.866413291811963,0.812789178283539,0.832358212607176
0.843563772355428,0.77752421941812,0.815847944209435
0.887310138042973,0.850344951306047,0.849904131223919
1.00494596568381,0.972933840686768,0.964724355861897
1.06297789634044,1.03435831866358,1.03051579123001
1.10439827372674,1.06769298615894,1.07197591975651
0.845512624408434,0.811763626985058,0.805307387280695
0.864682154470461,0.82912556199363,0.832436893110136
0.940582842076876,0.917422926023155,0.887092615459378
0.973338547919937,0.968790151016553,0.925604631213007
1.01359938784697,0.986990470401673,0.962752468145798
1.0481949106849,1.00809145887362,0.991144684323456
1.17038696869083,1.12976420169793,1.10807363786766
1.14729956499557,1.09046214298813,1.08791492094822
0.752672558798424,0.72542516305974,0.722503758821496
0.756067328724966,0.722697843934258,0.723515753024798
0.71514044605281,0.692686482910747,0.693885146071876
0.761757095245918,0.739903586025252,0.741004431102254
0.650201598793245,0.631128142083825,0.63567917705736
0.651463207379023,0.62328814658952,0.634744627230612
0.682126130918256,0.669574529528416,0.672448582945985
1.22259669062733,1.25497200420087,1.24891646079162
1.27727800807008,1.20738367226301,1.2422805606164
1.24684750182725,1.23650154485139,1.24288514756577
0.642262685558674,0.632007372390721,0.61813398104715
0.627760069609629,0.609773043640362,0.596149110108429
0.705013009136125,0.707725787329619,0.67468342944686
0.764448542662902,0.770942261217047,0.740821845910358
0.730378130275113,0.74368523204621,0.689794152233902
0.728555055961485,0.747332896885016,0.691826872117133
0.853318934630701,0.876521721259817,0.795282942129784
1.03588728141645,0.956251573812639,1.17032387832997
1.05321086797249,0.936034694750365,1.17344988403819
1.0623370066425,0.952043965853431,1.37289266820766
1.36146656418639,1.25762585549137,1.71096566827039
0.722822261717054,0.726903748202396,0.681551749159633
0.732433201574857,0.731244202219706,0.692735816962127
0.754513894382844,0.750501127710185,0.711346138103918
0.801456581962441,0.797965113483497,0.756878575270443
0.77993193387999,0.768089928844767,0.739540370619226
0.830745083899654,0.82057148378082,0.781790448628235
0.877179497111671,0.857792529338234,0.833676792841897
0.915795116605847,0.896225907263865,0.875529074193026
0.992546322599815,0.957889988916164,0.929958710802571
1.49852462054442,1.47399761514452,1.39696219776696
1.46206126036786,1.43026170750948,1.45021854047573
1.4369507271739,1.41904208312869,1.41447207653373
1.02925102047644,0.999501627710823,0.987738168035651
1.50738946669923,1.5072838520399,1.48065237132125
1.49793914887922,1.45423794300229,1.45794978418139
1.49781909428653,1.47252554296602,1.4794709183076
0.710327279921863,0.690126735578422,0.67908675238198
0.729499662005621,0.713299071406008,0.704377690586721
0.660313815176497,0.629388125040507,0.635688886675502
0.685050276096591,0.653179170159211,0.667004244546528
0.610380267779546,0.574269736975541,0.58810319713574
0.660103120505319,0.623999534436016,0.639820693731197
0.59804896261271,0.559822434078454,0.580577089619371
0.624988528529493,0.590412732668849,0.610665963519094
0.617012346823895,0.584045084457196,0.605523879329159
0.656250413723439,0.616590933864926,0.641693014670719
0.756119047008414,0.726662670628016,0.75191420698727
0.772399909748571,0.745210313002209,0.763319330027574
1.32870396704287,1.31709988822792,1.31593226886637
1.30308355346098,1.31913314527751,1.33958851673955
1.35381021580463,1.31265126008731,1.31887440375907
0.799327408026341,0.765070052669837,0.788646391312863
1.3216440781504,1.32367987896887,1.33998264542974
1.35591261001054,1.32199073322747,1.35382974311645
1.37715446560976,1.35406721983941,1.34835581563034
0.568162704682692,0.53623048431764,0.550490156639969
0.590435624447746,0.556208354216898,0.583304797110898
0.556872955678675,0.532628610786413,0.536485558427151
0.595109309769035,0.568795390123595,0.568142441882553
0.54248826753192,0.526012014525526,0.526435763882833
0.533217905729364,0.51748310650599,0.525575159914797
0.582645942364706,0.580575196456417,0.560933413278973
0.639792465115484,0.648693090681891,0.619341955398361
0.663121752870189,0.673029899409879,0.64281846686798
0.671214717860625,0.652025781248043,0.659255714544615
0.76103737748768,0.734990859217879,0.748773239080711
0.596785674592728,0.591510845553259,0.58577482639798
0.755342157528371,0.740959543585507,0.756610098831454
0.900132436754958,0.886070862329296,0.905567321472046
0.776875454051177,0.781978555426491,0.788508019254398
0.702678085800566,0.713859339801099,0.703245698781839
0.845748425163421,0.871857898806889,0.845901039519575
0.573927205290858,0.55349329530194,0.560227129302121
0.593129179734842,0.568984453081261,0.586371335866091
0.616561849366482,0.600636954352601,0.600215837619735
0.647906583659943,0.633020575059168,0.630061009465503
0.662755487765595,0.65243255606878,0.648450234004213
0.690742919941687,0.683581319941423,0.678245872796013
0.723240768037305,0.738041805214108,0.700450355483979
0.736957771385723,0.755156586340893,0.71046620113632
0.810658647666467,0.834477028467209,0.792552406180907
0.778761840812158,0.816914743860495,0.754630559944621
0.845722795403592,0.937443937063935,0.822213599068534
0.921668612308791,0.989923410515567,0.90463386070151
1.01571382188452,1.13154707663114,1.00027720734496
1.029485240542,1.09815739482107,1.01099836793898
0.681415239017417,0.652331154457162,0.667050103918049
0.73014891035091,0.693385805994088,0.720473134182002
0.680387832152936,0.644550015053075,0.6628194892566
0.68789183590979,0.65957046290413,0.67276912377137
0.710479289785436,0.663921837200179,0.694597929243699
0.777849509666209,0.732771316744415,0.758329052732837
0.765213041426336,0.71355394611832,0.746430305582874
1.20440914463559,1.12650156609475,1.20208714444664
1.18974202930002,1.12949757158693,1.18874377117488
1.29120956649051,1.22101506505151,1.21858486694334
1.79071799720034,1.70668495328273,1.73154936769911
1.99686057833398,1.91715764473641,1.96834091945702
1.7891440451338,1.62362339316194,1.7297325265191
1.93039256564928,1.77862215907324,1.86625633251774
2.3726988597771,2.24608188794352,2.31458653244557
2.39791949282397,2.24311273075841,2.3443677146581
2.37137144197456,2.25507204691222,2.31728454087598
0.678542949689955,0.623683889446846,0.666103884631901
0.749776816090835,0.680966666894662,0.728051909517803
0.613782839468173,0.562959457915075,0.606825898151247
0.610231816714926,0.568488653112264,0.605106768996683
0.603660911279058,0.54057936849551,0.591438399392005
0.651668959342712,0.584906699796379,0.631893518457286
0.569543298230783,0.515271348348487,0.563272381214449
0.586716168029104,0.548437285865814,0.599649561388519
0.620936300125787,0.563110849234644,0.607042822913698
1.21339698764636,1.20039628637936,1.21546403226423
1.20096249751378,1.16889754682115,1.25315374334299
1.24005291074815,1.19167225610988,1.17561706206974
0.611964907935328,0.559025378061301,0.588422170914086
1.20252152082303,1.19396362483526,1.21177302713707
1.22305243674202,1.19828271823992,1.19206468061079
1.22192265563203,1.1833165773246,1.20662528174486
0.630421355782393,0.557827417968538,0.621079435965729
0.694020838185088,0.61881953603422,0.68369271782807
0.623600825775452,0.557435897426054,0.623498217355793
0.624325992566814,0.569272423895083,0.626876226992719
0.647348468589226,0.584309835449996,0.65194865936951
0.672353157923667,0.601902147024941,0.676721907307387
0.671099579992545,0.642489927175851,0.676795092873625
0.714145322069365,0.699978735999079,0.718285169381404
0.716948141455152,0.701770135536295,0.726592790307807
0.703750039490014,0.682516736187509,0.705446186606595
0.73709089884279,0.741902570268848,0.782166393408825
0.741449984005804,0.694991347465728,0.772537673318787
0.773574046553914,0.883181252982478,0.796658227604339
0.760720865439877,1.11079682543169,0.854421736790884
0.884010183050438,1.43777172125533,0.89653779147321
0.85630902665245,0.927451528703901,0.934795853844971
1.02565682205859,1.51088905939422,1.08221946470473
0.804528352219685,0.847796137933636,1.03717126061897
0.774513982837238,1.15327366484216,1.12772427451223
0.7547200241988,1.57152186624934,1.0845372257912
0.83879789970809,1.32161550072304,1.31590038072862
0.921343178992151,1.33320716564248,1.23572774605427
1.04695893609924,1.91600196535049,1.32282631529626
0.967568984009989,1.34916559662919,1.40104778492506
0.679951420702915,0.611508656947589,0.688662537259699
0.732380223566487,0.65649806773643,0.748576343158713
0.689887881216139,0.631286414080076,0.693999805977777
0.699743411479057,0.650339248815205,0.696058711498255
0.73766749000423,0.683826803758875,0.746127743630313
0.792162000225284,0.740130104906996,0.797545747335712
0.777409650627651,0.740587436054356,0.787127981363499
1.27821000126157,1.26647212835601,1.31172469131126
1.28806664947704,1.24735010615387,1.29939990208815
1.30539694420774,1.27945732709727,1.32899571227442
0.751612723837428,0.693458649857099,0.762972757617579
0.815627916537819,0.762401451398783,0.822087383886825
0.748133721365394,0.686804424595841,0.757781510215887
0.74223628933849,0.690967298433724,0.760343164288846
0.80679577853944,0.74442424671676,0.809718219982025
0.880304992840253,0.829088423849179,0.882011388798024
0.903333403247528,0.857367247558511,0.907524425908062
1.38624583152148,1.38021781957475,1.42805086183033
1.36953160670335,1.38595952143719,1.36067593546232
1.8999793234132,1.87405637066692,1.83500955774302
1.85729696120043,1.93000248732816,1.85261211641407
1.87065626614194,1.91055375069029,1.92667916905849
1.07665924230377,1.07435324567886,1.1467767506383
1.59891866343909,1.54431513868555,1.66838536227593
1.58973447318605,1.67339208254436,1.66538793013915
1.65590831325048,1.65835507911799,1.71178872019996
0.788343896118442,0.708082296731457,0.780203506318486
0.840778349426172,0.763625033547761,0.823435949155701
0.762193712276033,0.673527279441809,0.762026097454225
0.774438740598137,0.693581505891968,0.798454073164819
0.783309208949429,0.685663004717052,0.769970199859169
0.826785220009659,0.739998432744533,0.812360615541167
0.822698826358814,0.735578869318581,0.829810147990567
1.33964267380315,1.29759170156206,1.36332057694537
1.33529473798885,1.285672283745,1.31679306923158
1.33522710642375,1.28716811423922,1.35957509062048
0.811977015800547,0.708183630890388,0.784164932867361
0.8383526382236,0.733834982022311,0.821669320377867
0.867970910145944,0.763986181908062,0.822386066877953
0.945038104786461,0.855653017502743,0.900123308374038
0.912266754262699,0.793156187519177,0.850818955808489
0.958890477219011,0.836752857337952,0.894015953895539
1.00914007346597,0.883411269790864,0.927782534325257
1.4077580742009,1.18477985153583,1.31527636425071
1.39550236444251,1.18633151406928,1.29862193262306
1.3542266808736,1.16981705488977,1.24816414328973
2.02226881812916,1.81998094097057,1.89403816068458
1.94731560104859,1.76047118839065,1.88699670708843
0.92472779932395,0.803883046229332,0.871854428667754
0.932780660637092,0.817989576096393,0.891640879387826
0.978402882291875,0.853281406737914,0.921434054491446
1.05144732876486,0.915308944412456,0.990144291052506
1.08926898158053,0.968715061087725,1.04174925412833
1.12324964004694,0.989714286121603,1.06082468477269
1.02743462327687,0.911425224426087,0.958809230230314
1.06565473868451,0.952924505923886,0.985614089625494
1.13223654040605,1.01727150038587,1.07264648533632
1.31130985896561,1.22328905270555,1.27691133222146
1.26707411462507,1.19796039262338,1.2555454237542
1.19925829434062,1.05528325716959,1.13412643498388
1.42382844239895,1.30580492655193,1.40516760107411
1.43471748478612,1.31124176997426,1.39676432521522
1.02916441788941,0.927895635146119,0.968701900012597
1.15534817934272,1.07072323047828,1.09402311676577
0.972196276657481,0.871067929706622,0.926151432891431
0.970834346998901,0.872066159441619,0.937322339787685
0.986235854395872,0.896954853769395,0.939942092276646
1.0595116191867,0.97741315513442,1.00137316616358
0.960199617117969,0.877401497010508,0.932809887483028
0.930752629808995,0.850154251115113,0.915511694553565
1.00049378324227,0.928282128024125,0.971075251938036
0.990412980687302,0.900399263273562,0.966152656508883
1.07644350472367,0.996969816900161,1.05249582852845
1.15166210199325,1.08056426255162,1.12021922999274
1.10898746585471,1.0236328577678,1.09202612543753
1.20663481651214,1.12734281892524,1.18916441930599
1.04357652792565,0.945709164748716,1.03469846602342
0.975052311986861,0.872383558646902,0.959088980169938
0.960000147842714,0.847838589538707,0.948737883968449
0.959132336437524,0.856955297202701,0.953107903714119
1.00160879062821,0.886799479784347,1.0022931242354
1.0360478557775,0.928955055497458,1.04589442170784
1.08190429255739,0.986090588135013,1.08698382158023
1.17525496622371,1.08668840847051,1.18480320587529
1.05483147351028,0.950575906385198,1.06641302817531
1.12673346959776,1.02156414585498,1.14809187260922
0.98746450764626,0.904063975106229,0.929619453750857
0.972696325603351,0.880119772485572,0.906253819947811
1.0618169208696,0.995792913267527,0.996760212175468
1.17616919310186,1.1274168375142,1.10889028161515
1.22611504768524,1.18022739969141,1.17166027042109
1.30902731629372,1.25301562331759,1.2392057463756
1.10941444169382,1.05078009492462,1.02860643994784
1.17548688272692,1.1107342984447,1.07469997073302
1.28131805178444,1.23919597491989,1.1943905558876
1.51554525323902,1.4902283771324,1.44004441724658
1.49443143222654,1.45768584648056,1.40512541739949
1.33606625764707,1.31381940523126,1.26640556023805
1.66061491883189,1.66303460628922,1.59398305545987
1.59262520193245,1.6032590563476,1.54721832005974
1.01159530751303,0.954375977681623,0.94566587286553
1.07240717649911,1.02188286399422,1.00283150032791
0.933698409037734,0.874268317991623,0.883196582619824
0.969880872603023,0.905867336450873,0.91639002363933
0.856845345768809,0.800935653077053,0.821318907765273
0.845959988672315,0.791889992979186,0.829734697942398
0.903663363580924,0.847421677621235,0.859965126586147
0.820301537488181,0.78389329225235,0.797245455027561
0.947101308624546,0.908454624172243,0.909763799523865
0.744708563413403,0.722566058368858,0.73738166337877
0.767676368743951,0.752408487361354,0.760611854141373
0.724102762401377,0.701679754939033,0.722594082898744
0.789127922639867,0.773632051836009,0.78323996064634
0.741453255497271,0.715453794710407,0.74367655563036
1.2814786660315,1.25579130835823,1.24635526590388
1.29198044744485,1.24578538342854,1.30232276710266
1.286666250877,1.3078261795914,1.30532676952071
0.69174522465128,0.677781506667689,0.695757297874146
0.706222900913148,0.685481693248846,0.711287267910398
0.724743454478252,0.718040287709758,0.733187519634875
0.785986146656912,0.777915965991601,0.79675485179877
0.733611511787484,0.735502579521558,0.751296553796276
0.729313485160255,0.731501219807286,0.741755699697408
0.810083454521271,0.816774862325,0.840079247140099
0.854182222854902,0.864754078043488,0.902271757702717
0.866129739792997,0.863349952166265,0.891471576561566
0.874777420031492,0.884948100483431,0.904594563263167
0.969614397834888,1.3476919982524,1.67720333311949
1.03223186720812,2.06781384420369,2.48300799860015
1.09156101122743,1.44628894500326,1.76794782428799
1.23010355786109,2.17738162898732,2.59000988426706
1.12936540499008,1.1528758419762,1.18969841456663
1.26950396578394,1.30267018187129,1.34158162786829
0.96642391699211,1.59962920194641,1.38063358007141
1.02561131160665,2.36443844893981,2.14218617107445
1.09204285917156,1.68218950191772,1.47851573935057
1.23256421387196,2.46064235369723,2.248087046944
0.745827788318411,0.756671547402742,0.774190820563116
0.785675402274249,0.797253845650994,0.819558414481621
0.767806419382059,0.785705203508866,0.79835231515904
0.793457605231543,0.811588372754389,0.816254956180293
0.812514418752048,0.841604730439864,0.858700707411829
0.88899967701834,0.912912158355306,0.941165592438479
0.843161618244246,0.864623011024737,0.876167454126797
1.0578723020215,1.05431487829879,0.927487753939556
1.07126926202775,1.02008246826492,0.958828455333077
1.05234533476721,0.845400501001559,1.06397146542179
1.32022244857752,0.938320849091764,1.1909837344986
0.854959923926161,0.876046087311876,0.917793322204421
0.908568975920603,0.909298046902148,0.961359781575189
0.937633971441993,0.953844819376095,1.01364245937685
1.01999980846893,1.01700174704036,1.09299444039565
1.00430823628865,1.00021018379236,1.08608880955416
1.01460588497826,1.01137467024817,1.1087393742129
1.15347667589703,1.11006742673841,1.21990110243743
1.28263756184996,1.15737032218091,1.46140981624357
1.30835259749714,1.18570166837973,1.43746680503011
1.23198064558312,1.18154663652828,1.3618172865965
1.82086676629893,1.79325908532916,2.03496160704541
2.50382473360294,2.52436583143059,2.64444211452368
2.02529405914021,1.90880696109084,2.43048128382185
2.76747835646233,2.67564855962351,3.19016040045418
1.75983574978753,1.4889440243107,2.30057538323793
2.11715895154376,1.70324436856411,2.89358966421824
2.41987837949125,2.04251406023106,3.15082977907234
1.75270252738726,1.66168038678499,1.86649964073837
2.41719324652625,2.363601788765,2.43161990792952
1.96415353550935,1.77757646487398,2.26894877371206
2.68821507288026,2.50481124976791,2.96060425919549
1.0076928949602,0.990994448604008,1.10588761970353
1.08513926263405,1.04996245289436,1.19325233017612
1.01720497905988,1.00385839537096,1.13188761328164
1.05264840739667,1.04770851729827,1.16871040784372
1.06582556155881,1.03822804471323,1.21151962326305
1.09965220000405,1.06237626416873,1.24484317701771
1.12415048840078,1.03620966115786,1.29441554540148
1.36454104500842,1.13520841435854,1.69791590224475
1.35218683110962,1.20241197823127,1.41165596754982
1.77000938086765,1.65528825092663,1.81067545448955
1.81704237574483,1.62104059928724,1.88069374463534
1.80308873713382,1.63927715459634,1.85834469961285
1.32693210712376,1.05580225702412,1.61984186405891
1.78578038547195,1.50768542611713,2.07217873863998
1.76005976470697,1.4583278298065,2.05594496240848
1.77990772468229,1.56081495000208,2.03661961581613
1.17154733167252,1.15930000498099,1.34308325688164
1.25168859168517,1.22641546540973,1.41584487162976
1.30182738932201,1.27116030701864,1.48403848958125
1.35305416695667,1.28846450995861,1.52136583062182
1.48538065705091,1.44451983896204,1.67949044709587
1.6337474583677,1.55272325681425,1.81953383538193
1.58135041212572,1.53242220177865,1.78198276191273
1.49405290746165,1.47899016266685,1.68325111678894
1.55554409504657,1.53691352845922,1.72520976996636
1.5630440452739,1.56356450854255,1.75631300144719
1.64179195424741,1.63512363147151,1.83861063926735
1.64426549116886,1.6599295581771,1.83143833419258
1.70174364573785,1.7056487961814,1.87753574349757
1.92150665322409,1.93512910564226,2.12071918344049
2.0261881027375,2.02355266768408,2.28567161824759
2.09540836928966,2.1305595305806,2.26722218322042
2.2166621386609,2.28237565193847,2.48987426640805
2.58853175084654,2.70813006275459,2.88394729531776
2.69514335530309,2.7532917033685,2.98498696012891
3.0496345533456,3.06666306054242,3.26956453585031
2.99224254476932,3.09912921075957,3.36289666425222
1.52930802547827,1.55847291428775,1.70066351728988
1.69654849465883,1.72412023349531,1.83863470144068
1.36957050418477,1.40371195194317,1.55012730387465
1.36166663555942,1.38578383247783,1.54464848027671
1.35670212091204,1.38521507472383,1.51368056654834
1.4889910740596,1.50537737426041,1.63336441734631
1.52890825449088,1.55062320018671,1.68049813178448
1.93039523500012,1.90569589818958,1.98887038481367
1.90286646733993,1.8690465471709,1.91236120058116
1.8594855860448,1.8562939130351,2.1333615199745
2.23997224209483,2.23308338528761,2.52373180166367
2.30437782174455,2.29345574830279,2.56819409211699
2.35555576361789,2.2721528835995,2.52091859347933
2.84834394050344,2.7431377694397,3.03053013106492
2.94930964089621,2.85513516955437,2.96715907874236
3.11798378282553,3.02536091741905,3.12849151588446
3.52103706743315,3.42971055132042,3.46793663534015
1.17548997561241,1.20099980802363,1.30113054120561
1.14252735599768,1.15725641223601,1.25409378814377
1.17149771961586,1.1736766833358,1.28294709788737
1.30997969092095,1.28632107507868,1.43869693249289
1.05450117601573,1.05766019643779,1.13780047653918
1.06394804361658,1.04911356794198,1.14894811085403
1.19260574116854,1.17028692726348,1.26083533852812
1.61375164912657,1.63747690780302,1.60420620466
1.7312680672371,1.72175536010871,1.71701591195283
1.38227385199377,1.47503431351564,1.58169458765398
1.93740091142707,2.06879433035126,2.10585273242076
1.837280578682,2.01154458285809,1.97834767352245
1.424854775472,1.52142084467895,1.72852202803059
1.77568776272053,1.91666075719835,2.04583728275897
1.88342974811128,1.89533918714977,2.13831061666345
1.93552149551866,1.99571835348161,2.24597328367975
2.53127023678987,2.55359940004972,2.71767802196964
2.47639027093451,2.53419426322328,2.74540740730398
2.06288398869323,2.13129207012516,2.53943569672787
2.34787746108009,2.43656093568191,2.82046712359274
2.32610712805853,2.40524580282955,2.82133344438086
2.36208908245834,2.38741924392841,2.82180610488062
0.946509939482924,0.961257849555719,0.995847938169327
1.05076701813989,1.06655152460398,1.09174259795799
0.866103310146829,0.867673939059318,0.887089944081537
0.90165951965622,0.900322038804271,0.922489092995853
0.884048436102318,0.835797397379036,0.871580981394059
0.991637839770642,0.909382773779809,0.961483959539605
1.15055311304039,0.94050797791725,1.12525212330815
1.65933204068711,1.2150154971135,1.61353741993884
1.72754382794282,1.23251662350428,1.71310860066348
0.768948497715521,0.78759233600746,0.777301512039394
1.39723641107476,1.45915286767877,1.45065070254984
2.20050460728568,2.27908480578349,2.13537010086749
1.65324053643735,1.60628237004458,1.78080905954744
2.509850308612,2.46524354739981,2.61514523986416
1.42728992360869,1.16310010261639,1.45095461182642
1.87689617045556,1.44052187891937,1.88982941656872
1.47653680898774,1.44731853918174,1.25645627761112
2.30848955697566,2.29054514808561,2.00888062243708
1.68542281782006,1.54350261350841,1.42180849656281
2.52917097651935,2.37164091969065,2.09585647787404
0.784845591932334,0.757671826876823,0.777431310416006
0.803864149998976,0.775351787606314,0.812744118837538
0.782968905232823,0.74780180555451,0.755255423850232
0.863328070331871,0.82024831979451,0.827004650395448
0.740260480064153,0.707350058550602,0.707892333219771
0.728149759128718,0.704588102207856,0.706126558402437
0.833103450148329,0.792598239185422,0.791267341737677
0.905729882987035,0.862278947808503,0.880423064477318
0.934190270370606,0.900650442948208,0.909316342002068
1.03182448760703,1.01175743623057,1.05822315244654
0.887757454681193,0.833729596231478,0.843249833293081
1.3732667267513,1.33059871526002,1.35867782110693
1.38757609156707,1.32377297032881,1.34216651096475
1.37418133890427,1.35152446066433,1.35795282659807
0.692039848253775,0.657753865471233,0.657114942595948
0.757770113862862,0.720893487578203,0.715464466997981
0.643667073913239,0.611596184779821,0.623891538986798
0.672809081229796,0.64546336250693,0.658638920836352
0.599716957065839,0.564487705894333,0.577562914687906
0.620853481415889,0.597139676001735,0.600810705139641
0.577683455202422,0.554177626323529,0.562483737354737
0.628084976610133,0.616886064911374,0.619275533554378
0.581061836653966,0.553894225434498,0.563571008306873
1.22020089621733,1.18995083895831,1.16091809681746
1.17937651891968,1.18696466137522,1.19363317891527
1.18159348162086,1.15535890594134,1.21076607274264
0.653149094610194,0.673006182485221,0.646541643572678
1.23201118649087,1.2750398982735,1.24893505676511
1.25328999826363,1.25273768229921,1.23231867109574
1.24306198128957,1.26473739446877,1.24766192278694
0.630785131666872,0.576055637710428,0.594676681831133
0.69177808449301,0.642541317622545,0.654980134747949
0.675091232733733,0.615830788241066,0.631373831554174
0.721863192789719,0.673969306855084,0.675642082431195
0.733092510024572,0.660514657994198,0.6835146369194
0.7690837498423,0.691927399882781,0.727215054523893
0.827132575430016,0.75855452422177,0.754236473081706
0.869587056884968,0.833257561799533,0.791506360429548
0.913483992339071,0.837172781238598,0.827119454870939
0.865965938450694,0.783794502416791,0.775252158127739
0.954326456574104,0.897755596973659,0.843439870984973
1.02130616655867,0.988263642355193,0.91083858345995
1.01704716367892,0.966714806647177,0.890736669571148
1.11652834193262,1.10956771843789,0.979132235577047
0.972150207691944,0.901432996562634,0.853930986853291
0.886551258598607,0.79004636042341,0.791284767640745
0.910402553460963,0.806625188021405,0.830546677496091
0.919252850270622,0.81867799838499,0.859324063815533
0.994457819939132,0.910928806977814,0.903677995664248
1.06661399434237,0.988149216605576,0.979383882817076
1.0559635924423,0.993316241656448,0.928635279728289
1.16232974522914,1.12094373278405,1.02290433711509
1.05538606567334,0.988858632341493,0.944615268725031
1.15621873326709,1.10783724694014,1.03710295322751
0.721422460771441,0.656369829077104,0.682120672219736
0.826355487706063,0.764899413666276,0.790693843107949
0.663864692851452,0.607285387655687,0.622150496360805
0.684673087309167,0.635760393747326,0.628462713391948
0.664903384805973,0.604871614066682,0.62589668121425
0.689382991866192,0.635078019174347,0.661239564807868
0.793322146853404,0.692154619669659,0.712476645197994
1.24747128177541,1.10837653263904,0.774597974170614
1.18610329343069,1.21320582287612,0.785789041223535
1.14423637680815,1.38907009227289,0.744062194828298
1.66829860091491,1.86368264163575,0.913444411484894
0.599380467823022,0.559071857672508,0.572016674805813
0.597649414340837,0.579569665699024,0.568553950438914
0.603507782304157,0.562835078291624,0.582007206650311
0.6714739182991,0.627861515644888,0.653821143108867
0.556388680228141,0.533010349091562,0.544131822450286
0.572818553032177,0.552739678438007,0.559107142666212
0.548385733889915,0.525896471105593,0.546726723878561
0.580895346532339,0.568401945134888,0.58567621692836
0.59922487242924,0.576912567947039,0.594218385670774
0.624721266990325,0.588817109253345,0.622842481096825
0.735586888654553,0.71150017918945,0.74270354594207
0.610946431104021,0.585728963080318,0.600676742362321
0.703537156219475,0.669837198333724,0.697505079389707
0.624342450720348,0.599458430909729,0.618434846471802
0.624602462752321,0.604584755520702,0.627846691338851
0.704426087480559,0.666640686531655,0.710020635309637
0.781541506236961,0.718681870951013,0.800226205446594
0.87692847231071,0.798493810074373,0.91007388803484
1.45045539484925,1.3469553217127,1.53681816719137
1.49847164604096,1.44237250096185,1.60941745653603
1.27794390929423,1.29129480667115,1.2356072700046
1.87400916993696,1.78589340874145,1.92294118015407
1.72363677417003,1.7383103154818,1.85204492144273
1.77926944089594,1.90679938501832,1.3291294388383
1.81144772263043,2.01602982687512,1.58853747999753
2.24248372267585,2.56216460625056,1.53709385932083
2.51791922147743,2.55528504227991,1.59159884637517
2.8209314375979,2.77452949680521,1.73827563245006
3.23047711611185,3.3905120482941,2.13345154710191
3.65449680218402,3.89102219329346,2.51950676811411
3.50460658298426,3.71826414395194,2.41720318045421
4.37990066250649,4.68526776041876,3.09021535361768
3.94299602594584,4.14445030075665,2.65145526187078
4.06228407720966,4.1901804300537,2.67499755853677
4.52754838417204,4.83328805633851,3.17059245253804
0.664958596936016,0.655027282573437,0.658719334168437
0.687249284035425,0.6836402036368,0.677987095676904
0.723702242236381,0.72024141114272,0.714867826751775
0.829848253788373,0.811787536137536,0.812203234385708
0.724832156847546,0.732470909860551,0.718819044220651
0.707236849256468,0.704377221681633,0.711276835397668
0.798502794618633,0.813488483824412,0.78422264063857
1.216096337314,1.28206830719043,1.11023920634556
1.26248981174027,1.32963220122428,1.15895814454232
1.80426939867481,1.84270495163727,1.65068536629637
1.76619297757741,1.85006563597412,1.69744031753844
1.79038787066165,1.87574848435578,1.67394978159552
1.12553220512714,1.10822771649101,0.993159234091711
1.6748870294073,1.6734042044436,1.53887326378164
1.69038732787297,1.66489235233429,1.55164079067249
1.64739135531259,1.63496404843578,1.51720152808988
0.791143738069623,0.813982990833452,0.784251651499434
0.895690505687767,0.930623988742051,0.892847691566515
0.808696731445227,0.831889730602254,0.798761065321172
0.800629855295779,0.829031320348081,0.786474160818343
0.905940938569059,0.912619832284189,0.893547567815829
0.974174343910178,0.995000603608865,0.945087561407497
0.957908926588313,0.951652400354647,0.958486472632973
0.956270493391674,0.936284527384367,0.965659931922736
1.08111696452868,1.06457737252329,1.09053848767069
1.23219215602364,1.17534842581445,1.18582655460548
0.972854774179554,0.974181444119805,0.960685525065679
1.24794417018064,1.19863536497899,1.19130067119758
1.49227633566289,1.40236328380282,1.41614703162892
1.0262579541203,1.0367424008674,0.992454049663713
1.03777518849366,1.05796219947124,1.00831602746908
0.906675935684608,0.928605584921382,0.901256724977042
0.9301537907205,0.944505451900333,0.936358434957308
0.966963050537191,0.942491495245876,0.961251894896585
1.02262127524163,0.959202527321966,0.990564159367252
1.0937463205497,1.10861079853015,1.11937963405819
1.27233776898987,1.32643887577323,1.33077574189697
1.3769107742432,1.38973090277476,1.42501712374474
1.32811296259482,1.41650770100587,1.38891272406605
1.26994097151231,1.30993218577723,1.30573901639071
1.33763001114339,1.3429919817701,1.3590760276649
1.52482736507567,1.77620711944179,1.60569696514171
1.76954697134754,2.16665328252902,1.87496102803949
1.82205934598043,2.15248105067735,1.87240699119658
1.59582864514093,1.68503492553303,1.64756640703434
1.90494931370509,1.97177491340548,1.90487812340979
1.97463941462766,1.95173947094203,1.98646474654464
1.4282793881967,1.37783842060718,1.43840494208005
1.86835850751248,1.93528170400956,1.89470937815087
1.61724883577943,1.40342260921268,1.50839770278463
1.8669690414172,1.64743451174588,1.6699367406139
1.95143550015685,1.68496823878583,1.83051620821697
2.11655431672841,2.21926550901895,2.13208435453311
2.68394789699974,2.28171037013748,2.35068252017932
3.0522577730867,2.72729898362037,2.64290567117055
3.00940592811227,2.55043282378491,2.73526871419856
3.90569757479548,3.74561153071213,3.54601965242567
3.36228181628702,3.05967379818977,2.95579518351437
4.79711548659921,4.65783234221921,4.30887959757996
5.57621011190602,5.50147026934268,5.07624434047866
4.9408643441259,4.6535313169696,4.34317366150758
5.70526500338039,5.35791004852682,5.00973770968622
4.12569801839076,3.7293053863737,3.60634590880119
4.41234976419092,3.85319623877457,3.89071581061253
2.09995559728545,1.55872761896615,1.95021356516555
2.60862513826715,1.66824383582524,2.32257062929823
2.40158013810591,2.13553035050771,2.32366447077501
2.68020521451814,2.60562122553436,2.64496526210892
2.92584097450602,2.56989398370404,2.79182130276958
3.4446428447859,2.77422284228203,3.22175708335858
3.80958312004921,3.56346293071599,3.72328486872421
4.20314963261152,3.96030791705398,4.14350169799852
4.19446793075771,3.99111227605147,4.14192520751793
4.23504060539701,4.00390660548952,4.11840733603374
2.47611927596065,2.3823890358313,2.37856528747603
2.35710012340931,2.92574886554364,2.53030334938895
2.61434506608527,2.20722673777572,2.4294330498912
3.12158868201811,2.49619084962452,2.887924476332
2.3571740501803,2.31121017787575,2.35598447666024
2.31144654198216,2.51725233818643,2.45557675669857
2.81682672641247,3.18633494773268,3.03637212904202
3.12078186249694,3.62500899499232,3.46824561308325
3.18727186645686,3.56545990908008,3.29318432397236
3.12043004904742,3.75860280224645,3.53383127219746
3.32501280971208,3.98775772816598,3.81546486763091
2.12237739696095,2.04889280262664,2.0781870416194
2.42505649236196,2.57210668320055,2.45483985615418
1.9660023470475,1.88318815922585,1.99446480253799
2.10419016362986,2.19319181702535,2.32135041195712
2.0275941441891,1.96002616342198,2.03648317520868
2.25290889845743,2.24569332683117,2.19289875051849
2.41372258264695,2.42292437705275,2.51894175360185
2.49960406468525,2.76506557101947,2.6454101005221
2.64336412733287,2.64129855390792,2.73760034859404
3.01764479252302,2.86165365423211,2.93659691390047
3.11337831821348,3.04591910540703,3.02855091471539
3.40146650051065,3.24425284594542,3.30998612870237
3.67074279258964,3.42146114265005,3.39617189876037
3.95665222843062,3.73650196320839,3.6577062073165
3.89019998046354,3.60036993983976,3.60438969446691
4.37287815628992,4.12704270222191,4.00909216124682
4.61649380276427,4.44248370620846,4.24255975198214
4.64447822808345,4.39585871926466,4.33067060648795
5.04518621750761,4.75582913658502,4.57738419423185
5.31737735152379,5.07854448549247,4.8700998364472
5.34668847128388,5.02936599761791,4.8837669933132
5.36862228064807,5.05601257715135,4.84024649081344
1.88421397697565,1.70651408544574,1.85943532862354
2.28317597059854,2.04675671481474,2.10452660560955
1.6444137135148,1.51011243963417,1.72782642654554
1.8288972101995,1.76300209924201,1.92132515709621
1.49466867173313,1.37850604296826,1.59392316984906
1.61352398136091,1.5129645117642,1.69605015200697
1.5020849414804,1.54251753278923,1.69392348759056
1.86574142579727,1.9272569435698,2.06213641552502
1.82620141892595,1.92445848763586,2.00132804993146
1.83867861079819,1.91066871894608,2.00567823164798
1.35522066703091,1.24210927067879,1.40712916456704
1.37267062811787,1.31409420482563,1.41933307284307
1.32800478354053,1.20918888576799,1.35814348592147
1.41913281303488,1.32776276371885,1.46623932447633
1.26714740928407,1.15198822252208,1.27315393200688
1.32981833342117,1.22614073356238,1.32283670410453
1.39920956149574,1.30414879417264,1.40524459124977
1.42888410466964,1.35723352653646,1.46515329481146
1.48473145013912,1.39516800942802,1.45955930456826
1.61752494828742,1.57360177339871,1.64013526689061
1.78313000258264,1.76731314717281,1.82040270412496
1.8715666569339,1.8636360014365,1.93319014054607
1.89026661587135,1.89557463495367,1.92491785417878
2.36485815749144,2.34250167027496,2.372565714821
2.40351935558627,2.4730205415004,2.47857762119173
2.76749258656918,2.83721791632716,2.84375617106974
2.77442533744986,2.87605022861367,2.86836809257195
1.1267696834121,1.00943063307275,1.14373615977882
1.09621312284284,0.982778898526686,1.11571512500388
1.10954291541682,1.00150000228604,1.12937810036133
1.2458996419275,1.14680210354374,1.25275737964999
1.34926435122976,1.26100059813664,1.35188308631339
1.34346144449066,1.25316921607425,1.34933580835411
1.03180577773705,0.927599256733802,1.0516554337711
1.01185280020924,0.903431479219925,1.03761484576708
1.15187390809483,1.03832438300448,1.16318811201471
1.30207308277929,1.20380729767298,1.30118087582502
1.25509254643644,1.13156530115145,1.25991401434018
1.30789816696688,1.21209688550363,1.31778227385844
1.55626686733987,1.48721215374658,1.56730143593583
1.49169174982875,1.41357368600495,1.50073401890571
0.987689693365002,0.895008058251305,1.00793155714157
1.09906461276102,1.00674590218152,1.12415150463785
0.898386879150841,0.812751020785341,0.911934638957966
0.875906475917986,0.788021207174221,0.890780285902945
0.907503266170568,0.831673207693367,0.917019560147493
0.89357025402872,0.81701554416091,0.896142732015996
0.994802283663758,0.938059716323937,1.01530890590659
0.928684528129746,0.834532336195754,0.926260937224238
1.04763813995981,0.968275496602882,1.03713951615738
0.925955242523702,0.841570041377947,0.936733473341965
0.983100000997161,0.936130687919498,1.01272020999405
0.956303132043223,0.862324579236213,0.960068485602245
1.01193007675027,0.932490407578347,1.01298734202358
1.05984173130904,0.975907196817924,1.06563363875108
1.40167993955437,1.48917677592566,1.39573861053015
1.41868174545086,1.51154353398919,1.41236080218127
1.54414241390317,1.41218567234126,1.51221256304402
1.98835480801666,1.6808083239566,1.92067965242181
0.890083047799786,0.793864109670396,0.890037060607622
0.872267940769184,0.794737397481173,0.88655764088123
0.912696626122707,0.814613566939583,0.897325251730922
0.995922888141943,0.89040652235984,0.96672515155101
0.866381239634322,0.790384560681155,0.860659445127198
0.8167043124969,0.75314044191278,0.819615284429577
0.899897475638623,0.839255189704355,0.896645461453854
0.991804729432539,0.92483578701532,0.971747022033452
0.927738423017328,0.886804251345938,0.931527171627828
1.3935323071197,1.38695862598128,1.4075142864417
1.40065676448033,1.38348420028163,1.40235688790524
1.4232961847783,1.37714273452276,1.42084880303005
0.916586452735704,0.863586838909599,0.92519178257135
1.37702606232071,1.35586873768975,1.39902531352125
1.41209104633602,1.37612351074755,1.3972509132291
1.40843080490398,1.36006884333577,1.41703543437285
0.92379789528141,0.839222044144441,0.914938681684974
1.05568555560387,0.959579822958793,1.03590801100696
0.892464600653219,0.825475738911441,0.896082306292115
0.867002706253597,0.818648915482189,0.885344546390101
0.962503501105041,0.890863520865543,0.957068134848409
1.04012090796106,0.954959503024563,1.05881503700153
0.97006363285596,0.907459445531957,0.99953084671955
1.00249312288795,0.936141154166891,1.28891050140509
1.18620612977538,1.12059830811631,1.51663195343355
1.65456519778073,1.57096351338027,2.01337162844552
1.65159152862015,1.60293012673954,1.99390775536035
1.6015705500268,1.55571559050322,1.98014572989573
1.01304765217913,0.909714582737477,1.06535871668852
1.35934833527078,1.33418546099908,1.48688211961468
1.33037507907189,1.37100583300704,1.53969433900547
1.35263058305026,1.4990170110848,1.50691096235755
1.83243022547788,2.05367153173851,2.01441590556585
1.85882120383958,2.04065436275052,1.98872168796253
1.84716393769832,2.03289043706651,1.99473334927704
0.99300374199393,0.933673168291873,0.986658043559287
1.11143313998814,1.05441071719467,1.14045418591082
0.935571195415537,0.894050434030044,0.921678047927917
0.909650513540332,0.873075961394606,0.890908039395503
0.970055445018639,0.944309658421273,0.964717988140423
1.0458778198183,1.01539605384003,1.05237553876675
1.0252155543942,1.00508855657184,1.03763859743836
1.15312412956936,1.06979862010493,1.40514550859086
1.17026247344828,1.0824354363939,1.35402720060522
1.01545410200253,0.966399250960807,1.43543780720979
1.06037852742606,0.946661910343365,1.81387744686812
0.908971358895904,0.894360774840187,0.899836844161219
0.849392431761446,0.839196265401258,0.843612878464831
0.974468685763973,0.958947616732973,0.957644911661174
1.06302124849817,1.04730673634155,1.04908485347063
0.970490556269009,0.953873726033135,0.933252043217035
0.95983086075649,0.918778121243355,0.893853953610624
1.09589522993508,1.03435813872901,1.01294249450255
1.64573255904837,1.06362424021204,1.03319278788554
1.68438587187526,1.06952357397285,1.05899889645178
2.18875453409594,1.50120092818679,1.50797327530208
2.1756750025036,1.5278038915266,1.48240625452982
2.22355738063797,1.49070074399045,1.50900718295246
1.47144533544258,1.15614832774199,1.13358946447001
1.9693799323251,1.58202632500698,1.56491827534187
1.97842109826153,1.57608945931077,1.55876193214996
2.00756287865004,1.59326503719943,1.57471449656341
0.980976109258482,0.989144036163187,0.955324051197179
1.03213082636305,1.03983169572487,0.997132984906397
1.03951942668736,1.04252999347579,1.01900600467984
1.11533620014482,1.10279783489202,1.10176642009637
1.09026808664363,1.10445138500658,1.06713600926451
1.06165946100788,1.07867365873845,1.03907269234852
1.26288197977269,1.27614060296541,1.22566643208878
1.65634247910102,1.71593196110502,1.68432793408602
1.6920809050553,1.68107190839743,1.65384485711115
1.67226934405497,1.65948108641123,1.59248423801061
1.11571732209765,1.13286941448978,1.10672726970694
1.23419432651681,1.25646949146179,1.23341438770146
1.07757698994348,1.09118815228093,1.08037169708486
1.21429216302134,1.21668911175599,1.24534472176275
1.28397361490574,1.28228349380031,1.34156558025014
1.36860091235755,1.37451677304808,1.3762976256267
0.970876976598598,0.986595850540466,0.981278407262308
1.00492171346026,1.01266691675345,1.00296045951456
1.04001620639841,1.05140307729372,1.07281480442143
1.20265683720069,1.22845013180913,1.21666757325617
1.2221366712961,1.22711126094019,1.24901269254112
1.32404404558483,1.29640494566839,1.37583423746631
1.69130367396482,1.63552572617103,1.76017977475657
1.70708187911295,1.65381033676423,1.73841827371386
0.863492984629753,0.878719473402737,0.87951953598552
0.898364743859289,0.907920494430996,0.934296527188209
0.782957226340458,0.803038189705853,0.796361484855382
0.807172522550866,0.827661350665597,0.825140848097992
0.704766735444231,0.728784826518342,0.72519574768349
0.745198086594913,0.768219687563539,0.77409479605616
0.685355290576482,0.72042247582479,0.705910032074389
0.76697505275366,0.801527393041312,0.775400067836536
0.704517189528288,0.731853688649281,0.722775267721523
0.664317001535763,0.692317607063667,0.68436008336615
0.655856703886319,0.680588164775311,0.68213186061688
0.740660398331227,0.756829040027846,0.752563580652372
1.31302490237663,1.2874710104272,1.29587420943315
1.288752864464,1.29951032420584,1.28442626640144
1.28182737311785,1.31446654683191,1.31312312044326
0.70633127492264,0.736641425267918,0.719329154964325
1.28137131025065,1.28565146612197,1.28125358984544
1.26786379678337,1.27923673395923,1.27456200490338
1.25588911520762,1.29029382422123,1.26186816264304
0.657008617717976,0.670772308141028,0.679401820149365
0.66947216476176,0.66918343570834,0.674113883932185
0.682398908613712,0.68708308876025,0.710367128626386
0.755321054926431,0.768947709919953,0.7795623189435
0.667301694546655,0.663412511044217,0.689664939730865
0.643513961806745,0.641422546134925,0.667654811580448
0.770095311559346,0.77016845364904,0.7898949105425
0.90057701502985,0.960649363705299,0.970207574752072
0.963905553969925,1.01601695128603,1.02241134951065
0.889671503048678,0.921335703957013,0.983450647728275
1.14194993319483,1.30382097323348,1.38923598397892
1.09558427635095,1.20850752822656,1.23561915992123
1.59586487617757,1.70529818221591,1.7629748232095
1.59732513811836,1.69637012273486,1.69405354449311
1.57829489056525,1.70549847589464,1.69395665060237
1.0719159038631,1.13822614302747,1.238206441175
1.57287041133873,1.60918022803139,1.72004212198801
1.54373708501403,1.60869716294574,1.67240033684919
1.53367533305125,1.63809703555791,1.73003786556657
0.653154414201373,0.637619546918135,0.688360071234505
0.730334603287812,0.707828583620413,0.769260192696729
0.616592804122474,0.599294177821052,0.651590264003493
0.618480906892215,0.610628455264002,0.644995434266785
0.627726854757868,0.594368034823733,0.665754718101334
0.690538972905713,0.648976448766325,0.731584021669698
0.638093841467943,0.591140586718537,0.671844751679494
0.681902788781085,0.62594218317084,0.715850010016944
0.734129958812402,0.667056100322128,0.816061490623337
1.3246498134407,1.2393202720956,1.33734693660879
1.27931692895863,1.25213700118408,1.37858661679202
1.27896497671895,1.24827353807058,1.35251544630455
0.742543740386022,0.673426415647333,0.798108427483158
1.41655632042253,1.13834433222406,1.34681516735173
1.34832220526964,1.07884629242262,1.36589395113623
1.11522863450875,0.976158058312328,1.02373438806453
1.73227904489339,1.54930292623573,1.62854047728403
1.7049890644847,1.55539672660677,1.59184211861928
1.72383129688674,1.57416909321715,1.60705768037966
0.64544908479876,0.612412360841777,0.679983855517612
0.653284182205231,0.631379457981462,0.682230014563147
0.724574815568954,0.678305036143517,0.752660095463825
0.780233946664566,0.729150322433621,0.807575057300411
0.779762130223652,0.71756864915954,0.796073153581539
0.80471973735623,0.749490133522985,0.815517327546574
0.916116433879009,0.853809091340024,0.929803489556481
1.40051481606223,1.38155736482068,1.39865053177105
1.42086441386404,1.38064572800102,1.46307701729404
1.41738626464129,1.35133628620892,1.40341166392845
0.749719155440798,0.67588435820648,0.763792462245764
0.777216216713984,0.711531775308326,0.804778515659245
0.763845289988054,0.691031734301165,0.767506061423283
0.837510671009211,0.770648728863818,0.829560390265326
0.758253605100505,0.684420204604376,0.763531122194108
0.784009712450492,0.716559539435109,0.793763532116677
0.728421336387975,0.678198753135339,0.738950017082723
0.796840634696766,0.756398312606448,0.804829959090468
0.813175984075928,0.776920109117549,0.824571147132537
0.699731671216463,0.649248154671421,0.696449662688408
1.22958445999804,1.16302116336116,1.21208800884276
0.853795444372899,0.75983103234356,0.842905005206527
0.948631066834718,0.843328969169496,0.935213255063129
0.892566073112996,0.809607601555489,0.874647800992054
0.895009101558644,0.840003755992932,0.889931381501383
0.996272806171411,0.901275883920756,0.961412578145874
1.07372871672781,0.963597261598011,1.03587339248056
1.05731972629897,0.970837077076798,1.01205913483554
1.01726846091185,0.9237049256669,0.972309027879599
1.14276764818611,1.04678144147191,1.09309464582195
0.962416736513664,0.883508113657853,0.91492531744398
0.941145733145452,0.878413209067156,0.901255967741501
0.990610575281667,0.923768998954009,0.942829542665395
1.05525392321005,0.97310463553675,1.0040134905636
1.07915245885835,1.03551590069066,1.03328375475052
1.20866884137125,1.20101377668068,1.15032097093874
1.13779430672748,1.13949818870972,1.08531429537301
1.26109544797537,1.26188914779423,1.20234509707145
1.71982348164968,1.76532677886688,1.67148632982862
1.79364170308135,1.80722281072078,1.73487028482431
0.91583446388572,0.863047222959177,0.879658366789174
0.883160742777222,0.855798352243026,0.852352082776006
0.959815748636511,0.906824018179583,0.933051932525752
1.06870907525701,1.02599765748585,1.04495499262436
0.928688363603637,0.879212586098277,0.912613830415482
1.0298472682017,0.976179327139219,1.02397078618047
0.945336844302396,0.899946865307417,0.922392261300354
0.83967651744034,0.79414709048981,0.835694542158508
0.877061258380125,0.831769164834844,0.880813896843095
0.794529400926548,0.762302327104835,0.797348065872514
0.843592660241773,0.814815958733231,0.839022312987331
0.739650675362061,0.7184462280062,0.755525018336765
0.742436908619003,0.722758121331114,0.768453957352987
0.832345234571932,0.82323207154112,0.85414145573088
1.30342924012437,1.35333146752783,1.35492763713829
1.38708841086576,1.34311283226297,1.37039002837034
1.34230938852524,1.33781748934032,1.36265153667298
0.665967452850834,0.654237772758065,0.67572988781793
0.724627375339791,0.722953732865988,0.723176791825166
0.608247500684139,0.592780609245296,0.622571060273551
0.646501019285579,0.619585304714808,0.663579386904514
0.552060421851034,0.546001021257957,0.567212874116184
0.59171161645732,0.590794258873925,0.591493997535954
0.540259114422816,0.533961157265547,0.560766948224067
0.607983407605844,0.606978526495443,0.631867375167026
0.5791290492049,0.572234271823827,0.604173722042387
0.54042263890709,0.541795577272212,0.551582021396311
0.583987746813114,0.607364776388165,0.580973965317241
0.647916106297169,0.679571576428044,0.643400834726659
1.25811965636909,1.24911295173048,1.25620568625204
1.24815485243502,1.27842425220369,1.2454748161657
1.25397995907981,1.2960611495434,1.23892873251541
0.679506152268934,0.695198378624758,0.682162995531826
1.26152950778373,1.27940813173076,1.25529756533218
1.27175805618571,1.27864482609823,1.26401623108022
1.29004709886275,1.30475633948677,1.30506489328123
0.543194279646391,0.537375569137354,0.554486576761469
0.577918601651271,0.575821209217847,0.598643953692081
0.569939018379316,0.565934959351385,0.570814166778937
0.621872478525934,0.617268179855397,0.615933035322357
0.58567308993957,0.578300603261862,0.583794756692124
0.604644943975325,0.597451084565915,0.606110342462404
0.697181514960191,0.691950120049328,0.683761712484407
0.80121755156255,0.78539360719278,0.786581489742443
0.773961929824214,0.768428994998279,0.754871850281345
0.81096798562373,0.800994573626002,0.781097934375359
0.915584616839963,0.892369621143162,0.873105130832131
0.923245706644609,0.90232540818485,0.892767115559866
0.917580390571552,0.913433523107109,0.881819315412546
1.4813531901238,1.39715340631154,1.40588810760636
1.45147360147592,1.53578925267575,1.48334515128174
0.553285605702597,0.537963304748842,0.550230420077908
0.597326076797998,0.574414862062769,0.596385214296707
0.559106749084418,0.551147944997652,0.555158414789982
0.603979832420811,0.6136012349612,0.6064299889109
0.555956368763994,0.5435011856732,0.547607341412681
0.561500063918924,0.544557823122766,0.554076183375091
0.583743567343597,0.583830468158847,0.582741046993689
0.651187469151575,0.661585519352736,0.647390742285534
0.650779155099198,0.64038239066634,0.650544133678851
1.23394904905519,1.24027137329379,1.24817697951434
1.25117625593089,1.22077197688832,1.24666875770021
1.24216646370565,1.252855103722,1.23310781016917
0.665952788006883,0.690828813977249,0.654118433830944
1.1592010349031,1.1934579474931,1.03573075198392
1.05737553116666,1.14524368088437,0.985786793530783
0.876847527887635,0.848283985614862,0.817232026560389
1.45580464450582,1.45805634222681,1.40807150094689
1.47430592723519,1.45413343045412,1.39015209410568
1.49464661303532,1.45206752486349,1.43430858156444
0.614495017258225,0.600938056150268,0.592816585950331
0.726599847278122,0.723870745758816,0.694386462559284
0.628174838197344,0.613679923398094,0.60004717279464
0.654395389025803,0.650035966794859,0.620641757271637
0.706059105897045,0.671753734712608,0.665198973637155
0.756479151042553,0.728624697978268,0.721713578399616
0.776424322387193,0.735852685844204,0.722692914137409
0.802153878744854,0.760379397411623,0.736849550210499
0.922082606958624,0.872996344634756,0.860417771503398
1.40136283501853,1.37282956756393,1.38804870863734
1.44149008999139,1.3896386790612,1.36746297692167
1.41023634651976,1.39331225886392,1.37542157847152
0.820203573157047,0.790693511813971,0.763624173850942
1.34243788856621,1.32219456536041,1.29558411176255
1.34807008539137,1.32239401118799,1.29658559199081
1.32979617391175,1.32159296711635,1.30759539823242
0.732574278368134,0.687822428234516,0.682122225490341
0.818422130329968,0.774771873997864,0.773072975344198
0.726745852156081,0.677922147373886,0.664861250685548
0.747269613965948,0.705764547293987,0.692966338109671
0.769833911681799,0.71527403091934,0.694018485129125
0.817874029750484,0.768339910863199,0.734406524505971
0.912500527316583,0.841122817662213,0.781301267046512
1.51860829310141,1.3519488813898,0.860187885788528
1.54411562092334,1.54756937579983,0.782948634671655
1.97481793488106,1.98198336658356,1.01960743510533
1.40613554627977,1.17594301738222,0.896730553379874
1.94538615200918,1.70739054909605,1.3847997943473
1.94273266380555,1.76947996281091,1.38451963895748
1.98916048955491,1.74843202854579,1.42624989862404
0.712443487580496,0.667518033848672,0.650278849331189
0.703381338147085,0.658411306771881,0.634744568565976
0.756115808947247,0.718004464792797,0.698669201496774
0.835480075197292,0.797697279120883,0.768986006996011
0.755438988882086,0.718566362024144,0.703868731430663
0.81159495984313,0.759816712223856,0.753920040973881
0.751524736458922,0.729265818254822,0.699622920454208
0.815418513644608,0.779624578085513,0.76805659144013
0.91825474294529,0.870763612813067,0.876829071178819
0.832658615489192,0.805027766703481,0.77854701434146
0.840172035848237,0.808296738568022,0.775400060887488
0.909776547695865,0.888876693959673,0.851700946467414
0.952929463794717,0.927704778657765,0.889475887122005
1.02770605219345,1.01314765763999,0.94792314554863
1.28593140220077,1.29333187640159,1.17892774496573
1.32861920776471,1.35121623456362,1.22522960353389
1.10689915945842,1.10983701467885,1.01423324434313
1.49132393296355,1.65903488824024,1.30329422680744
1.43703896681974,1.61456913764337,1.25312957981073
1.27690734153083,1.25766073284466,1.04835131761655
1.68725789813063,1.89079683381914,1.18692792022969
1.45491451919099,1.43168191570567,1.25245650450652
1.59069689767448,1.60949809413956,1.46427119785438
1.72574340986341,1.80523231864775,1.35371294656052
0.903306627839202,0.899286138460152,0.855726685534116
0.894165104650126,0.902362328235398,0.849100224080905
0.979049961713703,0.970717158424875,0.930643982771281
1.05553648484332,1.02514232255992,0.991685083871003
1.02114768995025,1.02438009741167,0.98236280431933
1.01352778365292,1.04115811331964,0.975322503237369
1.12481166050427,1.14476449278095,1.07463903423099
1.56014342744774,1.53136851594777,1.51058370324925
1.54858343098178,1.57072426761345,1.52697979801527
1.56665374046083,1.62712039961359,1.50817546265893
1.10377612113676,1.09863001994644,1.06870821618244
1.20223453356105,1.1873102949501,1.16572312368526
1.13339674636328,1.14599115910525,1.11051212663687
1.10683906367584,1.135611740258,1.09825524923962
1.25887428360981,1.27877263811982,1.22552948381464
1.31466540816445,1.34871989738984,1.28892142165696
1.34141819884266,1.3667546829879,1.30608158460185
1.30874076311349,1.32193116279157,1.23991592120572
1.32440921572613,1.33853647716623,1.22240407922923
1.42570868744727,1.45003785269866,1.34236580492594
1.49675419423627,1.54164865029264,1.425294502635
1.52496682075817,1.54628308569253,1.40893348479343
1.52875369285998,1.55334430439087,1.39761027558042
1.72745918849878,1.80009660659793,1.60265985415262
1.80798608494073,1.95456451300419,1.68101663401325
1.84651081409992,1.93993546212815,1.70090090623864
1.86167550652076,2.18120395342831,1.71014313944429
2.26483575347511,2.65220644238834,2.09594361139291
2.21296652882796,2.64332392496663,2.09209416068874
1.51819032124782,1.4941354872978,1.39627165003666
1.66186251232226,1.59757398718427,1.5217505346422
1.53645864566028,1.40487057229601,1.34024316782506
1.62506376470446,1.38826213942664,1.35129901693293
1.60521769515373,1.40447905539062,1.35435006279252
1.84821117030883,1.54071742347309,1.48342560324662
1.73437207295261,1.41175782930421,1.36147567233806
1.43983687971501,1.33155698040321,1.28853512996612
1.45414236047975,1.34560615763123,1.30306962465343
1.50434305318524,1.35589922964458,1.30974483783112
1.7103989132658,1.44386025507997,1.39808343297028
1.45818349791047,1.34409368733759,1.29353584550046
1.53634657438162,1.39661031316792,1.34247105407062
1.66206718159373,1.49354822216127,1.4466174391508
2.05610124000962,1.74713544986587,1.76059207633392
2.16541552487676,2.14037527279268,1.96737454697077
2.57942492707791,2.61681894478981,2.45402447296631
2.65037441488547,2.6200195775128,2.40302433403646
2.63638204301656,2.62637345966214,2.40673700922791
2.29552282539881,2.10887770840289,1.88411061491069
2.71803815590857,2.5586518048726,2.19187669327771
2.76774071527656,2.54917978909412,2.28719374770228
2.92362354189203,2.66152124984751,2.520713452991
3.29111720655552,3.04565884754545,2.94426968419735
3.33982950859254,3.0394199961459,2.92941908919668
3.32692486110798,3.07052698012898,2.94323590338006
1.30599093082696,1.20797225727316,1.16231066248964
1.27219458302211,1.18003752000436,1.13704888579892
1.29336219634718,1.19185648198281,1.1520066649445
1.41378585984191,1.29334888888453,1.25645297577063
1.19535467207207,1.10156047884713,1.06823325545836
1.15498891419658,1.06177239537454,1.03624008754563
1.26143156715884,1.15696758445073,1.1258033380317
1.68430856137976,1.53172187830317,1.47669606697123
1.92118914939513,1.65499429620187,1.64719226501146
2.36437719153373,2.00359260403475,2.01698068232924
1.74048024603963,1.48936523087192,1.52030870475554
2.23539808623952,1.9638586721257,2.02804715857096
2.26280970103913,1.96490047717888,2.00788596616855
2.25795990081005,2.01234413807374,2.01752490094234
1.17193695487282,1.09822703072225,1.05696792026805
1.28332298580387,1.22100863527871,1.16720680405616
1.08418666626274,1.02147330012451,0.996309481848062
1.04807251482346,0.977634575551776,0.970776953702627
1.09448933974026,1.05698247756487,1.02777435381382
1.20657980993816,1.17732382043491,1.1524420949539
1.20342543170247,1.19908692070728,1.15380648135513
1.59742270769291,1.7028172600166,1.62922780319468
1.66027489392818,1.69759277054893,1.58570399327848
1.28508813542262,1.32111958952331,1.2421237833864
1.67139659347665,1.79178621714465,1.6003795071584
1.71806958050322,1.84062835799267,1.7292003126248
1.47090595806853,1.51588105345902,1.43741973912819
1.66270399558275,1.70712696923814,1.59612572450567
2.1148935275083,2.14103444686448,2.02868408671497
2.08551380066606,2.13080441614113,2.02509279460203
2.12138613945468,2.1946403597124,2.05900490166973
0.988171952575979,0.946044785835122,0.911202879429649
0.943500713064505,0.899879380872743,0.866025463809364
1.01854600477959,0.975568912594661,0.936948275310049
1.11195626160684,1.07093440361907,1.03154191379888
0.970986024852604,0.934809746977341,0.89887059720316
0.960619379534113,0.919089449688675,0.888216200172727
1.09430340076217,1.04528308025896,1.01929435511109
1.33772523923922,1.1132826943593,1.18763101786273
1.2380654208821,1.08328139829857,1.12361166462422
1.37166275466956,1.18147371697077,1.1987880622733
1.68267850361908,1.48107737011402,1.55154036469038
1.67760002957686,1.42391127420181,1.51319029968329
1.7182184812364,1.3771936143745,1.52237590111537
2.26368311738659,1.90351146226676,2.1085992252291
2.25971049331739,1.94959776820191,2.09330527240485
2.58622140490896,2.40704365396362,2.46416152123737
2.70073203671535,2.30322210022399,2.53495548877109
0.90310581633486,0.895547029672314,0.852819151321926
0.940249240187908,0.941282670948847,0.899020680432546
0.867298625370109,0.867981327118343,0.822948306405224
0.89956134917051,0.899157434213701,0.853716413970322
0.843103448199587,0.854837762200929,0.801926020377787
0.844394406740867,0.861264174414972,0.810065210482363
0.896914369554448,0.925515791859737,0.860613514012402
0.860882133395327,0.873898603971875,0.817873929041893
0.859854961885149,0.865685496814665,0.817935355755733
0.938597494983761,0.955276551259491,0.891051568315267
0.984981933558699,1.00931245423224,0.936706075407493
1.01262058653487,1.02828387302731,0.964189082776139
1.02447767227597,1.02290911406653,0.974553890847094
1.1469281192143,1.18703309447412,1.11597504924448
1.49946066808735,1.6148986378701,1.49358461956853
1.42989630984919,1.51250410036353,1.48661204834061
1.53066205400399,1.74377206417774,1.81985790829126
1.786366178277,2.09569220982442,2.28271132472971
1.03582298147208,1.0465710857209,0.975887444204747
1.08549575395611,1.08538677870465,1.01751015188625
1.05090604961896,1.07062372098132,0.989448225376576
1.06332434360403,1.08787963655002,1.00761670547956
1.1072820287077,1.12769591279983,1.03784911028576
1.18477052739063,1.21236540922674,1.11130696187524
1.18621392154527,1.21023436322774,1.11735913591764
1.29062630534983,1.46880112118064,1.34151530841038
1.404653708347,1.4960972676775,1.37919572262928
1.53568670783663,1.47215830181812,1.48920896083473
1.88854859621229,1.85532124053361,1.86714666945267
1.9170374579385,1.90325961783532,1.89675875901302
1.92194275743958,1.93588504668468,1.95042710642805
2.49183077528259,2.54623204581057,2.55738442890203
2.42331194208067,2.47958793354674,2.42282717505943
2.72664863652401,2.74461419280886,2.66660838818356
2.86393610166863,2.98949066262674,2.89474213754142
1.05474576957117,1.07416943451638,0.989342874973922
1.12396775934353,1.15372903555884,1.04974717018571
0.971429598643049,0.983125786514367,0.91833805340576
0.960088035502709,0.9662764167896,0.911184302743227
0.94370543963428,0.966508042055009,0.901293839476119
1.01788794592503,1.05239361815817,0.974672620304133
0.906672778768808,0.935420753869585,0.87279505868123
1.0775914344587,1.16575672555409,0.99504167703163
0.997427316279457,1.12484903128808,0.94096708896457
0.969033353422568,1.03469429181105,0.925568449762985
1.22597486327297,1.44941496334812,1.100304971595
1.24551629591716,1.41794392772674,1.13683327134378
1.71159506560541,1.89156388945413,1.61753571031352
1.72874664569698,1.90625758774151,1.63029975612798
1.71639104538564,1.89930761145077,1.58915643043686
1.20160994953484,1.37309491420432,1.14527221978462
1.68909683881925,1.83240669466085,1.63412810647157
1.66361470037563,1.85654802285569,1.60557985684318
1.67901949579649,1.86690864253676,1.62319734062771
0.929143962152478,0.953659615984888,0.889325842622891
0.987230465706342,1.02089225618601,0.947663654681747
0.89251824623566,0.910595711938723,0.856087804619387
0.888654777146386,0.908585089280912,0.851300831233042
0.911826219354324,0.924524054541472,0.878084196536751
0.91662538348149,0.93054006115988,0.892506844318581
0.915093091395172,0.922567267369141,0.877933553500641
1.39676991002619,1.40423422593273,1.38674524353608
1.37206981691311,1.36944512628755,1.36018605478582
1.4042017827156,1.4099320255112,1.34370671587341
1.00763898306788,1.0210899753896,0.965898826086374
1.06609491268905,1.07752620084363,1.03214698062422
1.0756392448739,1.09270414962971,1.01707740699474
1.07439472194262,1.09112666241524,1.01683646386354
1.19546691872406,1.22182025194545,1.12683894269864
1.2367203958588,1.26937267651069,1.17348596120896
1.30793573375937,1.33051127410801,1.21840102709701
1.41807493945514,1.42639815087422,1.32945969590337
1.52705763384228,1.5373384111693,1.45763697451494
1.56606988666222,1.4940353009691,1.43510501522065
1.84841333280236,1.68906220167647,1.69559849925614
1.96617269656157,1.80755630094427,1.72144820294704
1.95216829061063,1.8524329523881,1.80708898989894
2.33967488263533,2.24141624199159,2.17260483009978
2.60624601259618,2.46685636866478,2.40316313805977
2.88093707540564,2.77838957398395,2.66300415845867
3.10818360271198,2.90152120660754,2.85334955593787
1.23724645384603,1.26328026287702,1.16361098387879
1.33733247741623,1.36381673205108,1.25927842962206
1.19912059069297,1.2308552562707,1.13190317878535
1.15521622429325,1.19175477375835,1.10162481762025
1.26414088332687,1.30808726700478,1.19698316149778
1.36842554865283,1.41771067179635,1.29363759152233
1.2807443549103,1.3260457727534,1.21918245354231
1.41505226227169,1.43477194754081,1.41963805600751
1.56236311927214,1.61161704532557,1.46935199763943
1.81804317217463,1.8677341380667,1.69221502446352
1.46802024728773,1.55911767213787,1.53589153248711
1.85931835480567,1.96461874062577,1.9902804579784
1.88692080373528,1.97688197909703,1.9482985989869
1.89958283469245,1.96673935038592,1.99124009374098
1.26630902901743,1.3097372849373,1.20444288938735
1.39274468807885,1.44886087808875,1.32144151755174
1.17204315480629,1.20464981631252,1.12127790313198
1.11583688319242,1.1390283370637,1.06180067153656
1.19681870625941,1.22392301152603,1.15295235596368
1.29989312001604,1.32875684748817,1.25045625620192
1.1245816691569,1.14601818902015,1.09120070153927
1.09191475475556,1.12217421162818,1.11581657229776
1.20246765164709,1.25706219799007,1.1876041952738
1.14527522381485,1.16308997883806,1.13479694733158
1.17520206238191,1.22683402423434,1.2706876429248
1.1742855601691,1.24338320517962,1.25037595143464
1.57719890857798,1.64716189349578,1.68695381579176
1.55698110511501,1.64763015194512,1.67960717230466
1.63861712508584,1.69483591688625,1.67379940258234
1.32910280607627,1.38736783674949,1.33944143662866
1.75970734936865,1.8123850605428,1.76456487402729
1.76429130516337,1.78453433801216,1.78459085956429
1.68895607553767,1.80078294657039,1.74246854182779
1.23981334242888,1.26159813027472,1.20372918758343
1.36512550404143,1.38516726815405,1.34317054862464
1.22272976923417,1.24105355234154,1.18487935456327
1.23045134926997,1.2534541281823,1.18655858105421
1.28806802592248,1.29679684557004,1.26173478923912
1.34128378472104,1.35161174865601,1.31400804739596
1.40317166567801,1.41630308984912,1.37709467005157
1.22036276349322,1.21778760307393,1.19791635930477
1.31894487719957,1.30347458569,1.29957590425932
1.10957483605048,1.1078863294303,1.08582693816801
1.09369157412509,1.09926878869835,1.07024468300278
1.06719538127704,1.05730188909984,1.04331521153601
1.10942334343903,1.08258489930261,1.08939344505408
0.97721944620279,0.997043639269975,0.95837095277083
1.00812472263724,1.09818846502792,0.994977740204623
0.992646474195483,1.03326290067726,0.966962094395587
0.953349915704594,0.955477702777779,0.963002063541562
1.03813995410087,1.0566922595163,1.06701690870876
0.921540316498994,0.990167518178233,0.924587945964949
1.37200999425112,1.50562038889201,1.42132349910767
1.37377864099579,1.44813895404493,1.35037946389773
1.43007198274628,1.40685168469458,1.40833707618452
1.04894312933757,1.04141092547206,1.07170589286012
1.49245157727841,1.53952766668133,1.52328034009886
1.51482562526887,1.47762475821535,1.48607113607073
1.50863013110696,1.49866859765029,1.55810567633461
1.12101153219873,1.10130780902425,1.09960450332128
1.19122942000472,1.19150865877956,1.1740797419163
1.16184255549415,1.11659494891823,1.15306933028342
1.18081321224108,1.1285265372168,1.19082703952216
1.24249856671994,1.1927742318174,1.24906448958381
1.30323356470139,1.26333574022016,1.32102530494352
1.42173620566006,1.36585815326956,1.44177542621918
1.82310130171317,1.76813652330862,1.92596666830651
1.84653201114302,1.87635722727248,1.88812901636044
2.30877653065566,2.34157271468914,2.34913931849661
2.29994440014599,2.3382924377922,2.34276111662135
2.28750206536058,2.34804770868868,2.36125499096501
1.9030376116733,1.82512717239798,1.93996120915412
2.35902543076193,2.29771125030608,2.40554770115893
2.38246638897376,2.27347332050648,2.42189958345703
2.33617670422653,2.30609049082466,2.39026611085115
1.17716069542007,1.11388793170498,1.186611893732
1.17328693350327,1.10129587853248,1.17722599864388
1.21019794280886,1.13806416569372,1.22348578675685
1.2894075501475,1.22438033775196,1.31304467195213
1.22216478254564,1.12986680206669,1.22670055121361
1.15674777639834,1.07891366182576,1.19997425157494
1.37742279682871,1.27299877108172,1.39663837952057
1.7036053660888,1.64555740914058,1.86867669249826
1.69432825618992,1.64108660747578,1.89105916777169
1.5600320678899,1.44392252707464,1.58348872043481
2.06527418658799,2.02107542768374,2.16505891490188
2.01318599795775,1.93488477889456,2.07867899456447
1.94179944231926,1.83019843578538,2.00404882056089
2.46689680740074,2.4133211174046,2.5844480939555
2.5213279626264,2.39334332947482,2.55367932530176
2.72086840017011,2.607633308468,2.74430421590326
3.09039924611276,2.96038924559698,3.12980619061049
1.31864559407845,1.18888570508025,1.25513850471803
1.44731328149565,1.31087749133368,1.363071396377
1.34550657122368,1.19326754891697,1.25361238407069
1.28219785131638,1.14491554209654,1.22046367505909
1.52571414578581,1.33593388855963,1.38943636469731
1.55432889427999,1.36111461779058,1.42212124055475
1.6753235131204,1.47235414759884,1.51394877807143
1.58675949296419,1.3865639431896,1.4431715546236
1.85007842062195,1.59159264154346,1.68721772256817
1.46300952748481,1.30185318802402,1.36627150725738
1.38450368235391,1.25652604371459,1.36148260934691
1.571115291236,1.38724365721535,1.45807231092614
1.78248587018681,1.57308288961917,1.67303995258209
1.80720684762911,1.61942095233213,1.7300157098872
2.09908648963796,1.98179053463311,2.27844134017
2.0168184499246,1.85508459377328,1.91089862201
2.23813934669283,1.93749681310069,2.19769782874018
2.59982720313404,2.32672730495349,2.571581782784
1.35408517183123,1.17559365677521,1.22680688140445
1.22949764326422,1.06395186892299,1.13811178509304
1.41711252967391,1.23031079464587,1.2994736888496
1.62838337632082,1.4277786604138,1.51456596164583
1.2949043658112,1.11703405171724,1.23045610872849
1.23155325172541,1.06911648751465,1.16411945415049
1.41507306941125,1.21813300716452,1.47419864516104
1.7100267889849,1.50160270466887,1.80460092912974
1.69131788996543,1.63474360352735,1.79432744719392
1.78366149798414,1.75395088156564,1.98254767981281
2.22993371880719,2.14474408295037,2.4624178569811
2.22634349061029,2.27481437348485,2.43012455935231
2.25791639427959,2.3926003950283,2.50847356578447
2.60501217226377,2.66791340839031,2.77712496277019
2.75828503629128,2.97578307400352,2.93552886009834
2.65272196484007,2.87148446575586,3.18931310688763
2.85551217970019,3.11268556083561,3.49898139648614
3.24386291612022,3.49109806547259,3.88068333052846
3.61590396686535,3.83825617247928,4.15745329843653
3.50306751861406,3.75795060408955,3.94258741252795
4.23914130876016,4.44541581450286,4.83483612535708
3.88504858109158,4.19040729742717,4.71642943805633
3.97907358159141,4.34399660445848,4.91241729816112
4.44665125792756,4.72686921804797,5.3006874925199
1.37537772454514,1.17393723665477,1.36797700069851
1.62543092163248,1.37191556094096,1.6988558097412
1.28351715707546,1.1023130788231,1.29290763692897
1.1671422236335,1.02140922466185,1.13665720998142
1.43967769295833,1.23299934938569,1.57786577381885
1.69598900856334,1.40480795384352,1.87429044878661
1.24296729879484,1.11223348309812,1.31961090381918
1.63550223640419,1.38820958696783,1.67987416136879
1.59808684212087,1.31146836314332,1.53812141161317
0.995448562075337,0.932942035977477,1.24401136436675
1.53161051044346,1.28140704520608,1.8422190044059
1.39752996584211,1.24422414580798,1.51048935138091
1.91070915450461,1.75279132267969,2.0054177657575
1.89428896841276,1.75233051395957,1.9635771053462
1.90229053316044,1.70737112986686,1.97849043360393
1.57849736528189,1.23209573723928,1.94239927632398
2.10734666865067,1.74165717584822,2.44796451192346
2.12502785666328,1.75102275424865,2.43918045713372
2.09045248595793,1.72543894795209,2.4833875486501
1.76458943477974,1.45600002979182,2.08316859499272
2.27034329084906,1.85204619007033,2.88459093075741
1.71924571864394,1.44920667064519,2.04891610044793
1.59686641982094,1.46192787947644,2.04644793762454
2.123314059068,1.70572868558998,2.55119037727467
2.62972663371395,2.03175581181512,3.01144660424863
2.21986260207887,1.68938377054159,2.83601726471896
2.52012130325679,1.96435969661696,3.01723374725858
2.32800432474855,1.86884789406706,3.19276468622481
2.81675339773701,2.30811646909381,3.45967366357406
3.46174726596405,3.09281230357269,3.99828986261422
3.19594404074766,2.62974434042202,4.02852740978813
3.1151636788967,2.5316431882498,4.04401226924612
3.85217976861893,3.30787295745724,4.71572632977607
2.39474661751258,2.08978171387904,3.04112931208377
2.85036644417515,2.54265313147309,3.53280873410892
2.78691966025311,2.58169588072617,3.53897137836918
