R1,R2,R3
3.16114530510252,2.44193803278048,2.87873575061635
3.43455794672125,2.74355727190225,3.12952791841147
3.42779732333125,2.7507508620543,3.17938380517316
3.41746716238774,2.7338869325201,3.19400660620045
2.7799060872665,2.04441358326113,2.43265854690355
2.99216226503182,2.08635358624313,2.48457727728358
3.20008643367137,2.23153970242327,2.74646356658509
3.34251159817673,2.54917127705866,2.89647729235422
3.20236743404931,2.20713967743441,2.88630366275827
3.94288781127841,2.61172232455082,3.28042396599956
4.38923100214023,2.97237406758339,3.76708852162991
4.1986202965505,2.91335413121167,3.52175844668732
4.38786237259995,2.9266262004621,3.60335280189141
4.7916501144645,3.34612216951902,4.01744177170778
4.77242024745174,3.35049041582881,3.96276706510895
2.20227711515615,1.7991791873542,2.01306103364089
2.32899768865455,2.01992239507605,2.18855924013055
1.88353744708107,1.5604993932054,1.68558811399285
2.15378920159006,1.66144445510884,1.84393097508026
1.50814163455727,1.41096834241656,1.36688564779664
1.60220891923825,1.55455689209909,1.49047964964373
1.69429145273849,1.4794114382251,1.39140000646769
2.12927284684452,1.89003846489226,1.77144834846039
1.99132759622794,1.87512162568006,1.68780956215954
2.03968961836196,1.61981428304377,1.39707057260037
2.2797338763034,1.92967247659735,1.74299677957966
1.3067848074808,1.23494157878114,1.12916485701499
1.36515709637692,1.17009442686797,1.18172183639658
1.24987445836809,1.23337306430093,1.03071678187089
1.37571827961294,1.33931806571324,1.16033944899331
1.20386162659298,1.15853746508161,0.938612301863093
1.26441178375751,1.20667935613528,1.0080294327807
1.3995569571034,1.29912532532434,1.09780853448396
1.83570841355922,1.80751680726257,1.48572796161055
1.82850695943966,1.58209826836767,1.53134835093591
1.70403033685818,1.93593658196876,1.8399048614459
2.21239042220362,2.47940866180236,2.49812744373833
2.14104583308089,2.48719592420264,2.36486866517468
2.02343889640924,2.35072566870847,2.27600481197675
2.3620072561259,2.69983469090165,2.63630447835886
2.40231903938842,2.57471231362682,2.53908898016451
2.51092988612007,2.99690707422811,3.01070081224033
2.84092212070373,3.31061087403679,3.35759931729254
2.89149202485333,3.25982435541745,3.259106305609
2.94601480322387,3.67280511481336,3.84637011619907
3.26991149077646,4.01784913892781,4.20771702795094
3.24340549536764,4.00616441847459,4.22265698633858
3.24461543359554,3.99315134406683,4.22275866659398
1.05369588237542,0.986312336899019,0.819608857990753
1.01560476797079,0.94854047770287,0.80662049069355
1.01148540967598,0.937988925144973,0.791119963609382
1.09298844627474,1.03496663435011,0.862095250650806
0.902543714348121,0.806572343322492,0.726404439232159
0.902674910979373,0.800627410467185,0.742764873813668
0.946465927847888,0.843067018280324,0.778865312384284
1.27752728570108,1.07348079967675,0.944836431342421
1.22361309639677,0.975421117076069,0.912531088491542
1.410024582415,1.07648960793841,1.01928526372651
1.94473296947803,1.6204405415536,1.54545859202533
2.05470084778915,1.72428069637306,1.66574924696351
1.74781620471194,1.30435776863777,1.33050444015677
2.25543810074967,1.89892794254306,1.90475448903035
2.28434116692309,1.88215071426707,1.98252787587321
2.43182215337788,2.10124375783878,2.2274161924555
2.85863523823806,2.46298343747301,2.57218478133345
0.839686633786795,0.756648822697808,0.690740802997645
0.789150652068068,0.710746039043209,0.67828360967975
0.89955262301163,0.832920870165318,0.731762169614214
0.993132744771192,0.931790867353431,0.803800695245066
0.8948306624245,0.841085420582648,0.740358949758295
0.851431613103276,0.805892389511807,0.738598336062033
1.00593413578391,0.979028666488316,0.827977882358702
1.18497549632344,1.09233497477317,0.955809682367996
1.20762398417462,1.07298210225227,1.00566338644852
1.62520632018657,1.53018193112118,1.50202053950778
1.67183914059013,1.52022354328347,1.49092809915628
1.68997774907854,1.50781702350809,1.50487301024859
1.16481230688584,1.10089839879091,1.00128487522805
1.47427192892494,1.44161300154405,1.35822022219631
1.48987609155597,1.43151670457631,1.36343624298901
1.33256849828624,1.22312749326888,1.18062228357438
1.78577699048689,1.69929139123874,1.66148832449815
1.78783061781177,1.71871417695464,1.65563186085579
1.76788412029614,1.6743591184004,1.69846476886753
0.917258527801846,0.846777132826277,0.73944591929263
0.911193109506547,0.844769760127214,0.749525557422789
0.988677946539562,0.901508399790536,0.77035769428522
1.04111734910578,0.953334686243568,0.812745318540166
1.03316951015927,0.929660686088649,0.790806359920426
1.07362612521906,0.977020374042193,0.836318703540495
1.15293473377257,1.02764202972374,0.874431753493298
1.19756414921249,1.03579091826418,0.902300229471063
1.2378232435182,1.0751129454292,0.944825495277708
1.28778250090677,1.16685940067078,0.993942587021216
1.44655815953508,1.29997311974672,1.20185935870238
1.53844462250152,1.31443703890975,1.21373560299283
1.45883512444051,1.34260299501382,1.27218490637267
1.74182750681966,1.53160660728565,1.62175337662134
1.972067982418,1.99929566335927,1.91258590969845
2.28006243444514,2.44499585695845,2.27231350849793
2.3009585093904,2.26060683930807,2.28776375228995
0.960325213224741,0.856191207124328,0.743262438322572
0.992133028276734,0.892793883798764,0.782637118002239
0.889024644534244,0.791041295198663,0.698901970688824
0.915873172938754,0.811799555001087,0.721105214933883
0.817762247587113,0.741846702676772,0.665961084538961
0.882825396563032,0.802820478648468,0.712523436782072
0.805210052485261,0.737070752182771,0.669262101840232
1.30578351052891,1.24528896099788,1.23659069399876
1.32270962992146,1.30773146350178,1.24709307117094
1.32535860548141,1.27366600022468,1.23487509389491
0.749388203276405,0.701083360007635,0.640463559904221
0.772265535802466,0.743198760893449,0.670943222365437
0.713763190912181,0.676587878477175,0.634491676370739
0.736792880015639,0.695381150420483,0.657203489941237
0.693286983109471,0.681854020070359,0.650926362465378
0.687291203335839,0.687896053796454,0.662470546868097
0.685926447935824,0.688993501544644,0.671942076763607
0.720099384351755,0.709654698627081,0.709425191916057
0.758319102857793,0.766726975059703,0.742679025466995
0.722957146222852,0.739802345344885,0.728968224932463
0.815010115405884,1.04489943406576,0.816109583447474
0.825924061089455,1.06228452390377,0.840959626073738
1.35510757355849,1.6198993517428,1.39393565948249
1.36979017666539,1.57520298275191,1.36305723785288
1.35272243732636,1.61942394385211,1.34590370250518
0.803968176659404,1.10467445703692,0.83120968992552
1.3128852857608,1.63013283283832,1.35987836427786
1.36665002824743,1.65725958378119,1.33746740552055
1.338625566189,1.61721677726753,1.38314939777466
0.778876695896059,0.760056433329936,0.701815289570899
0.831746858931214,0.820516919840532,0.751122216762329
0.849858059620705,0.816288553537594,0.732538798111692
0.857171255863567,0.81828921697609,0.734702645825604
0.965923786480347,0.924538675569181,0.805558080044499
0.991945993225384,0.969735953152606,0.849218972001126
1.05975024704185,1.007374196261,0.867610210066613
1.42530182657365,1.25120528052184,1.2343104909612
1.50924323156149,1.34824112164438,1.15977916101641
1.3477710963958,1.23737833127993,1.25375328600509
1.92017682185018,1.61110654880814,1.65148474519785
1.97294729412454,1.78743931252014,1.76536078482211
1.53709884878796,1.37381259741538,1.38065151253954
2.14172144503215,1.85819136768954,1.80284923561736
1.84324864296817,1.43837843114302,1.60272107694316
1.8738070015475,1.82877377273706,1.59902579310296
2.32802090536395,2.21711055218354,1.98859235941053
2.32061633872589,2.26782810187846,1.94487721027278
2.74495839729882,2.73212282711849,2.30147249618235
2.80802479362048,2.76607485162471,2.35955733904842
3.313321673384,3.27807623821943,2.78362927597754
2.97472186831027,2.75108668794758,2.50561463876347
3.27278603916575,2.93468964185713,2.76583066180324
3.41179735582592,3.14965642410271,2.87956207769908
1.02981116802268,0.958783770892145,0.82965518881996
1.1245370670866,1.0447376334818,0.905589470254038
1.01768702912734,0.927932546810779,0.800543066413436
0.999584927604571,0.905924881865903,0.787208069130221
1.08608248843741,0.969973766855361,0.829520433030487
1.21004787611673,1.06004948127736,0.904420696498247
1.11811057952701,0.977196454065866,0.845606325998049
1.44685848124884,1.11034231889856,0.932683041758962
1.12166193279382,1.01050813064021,0.850061443181076
1.84675335738393,1.07560017298866,0.887975563591745
2.53051571056174,1.81443004164953,1.42910789283571
2.70713657251175,2.52969263841773,2.10049584830952
3.4518955198265,2.01341486780812,1.50819940948429
4.14918564133891,2.76385587813555,2.18123836171313
3.75121645721666,1.67573362627833,1.1635492119166
4.75538260550915,2.07530508934953,1.37432301902014
5.07516174596184,2.3224047125845,1.71620325089719
2.5494218111235,1.47342703133686,1.37574725790336
2.77692163168781,2.07774553792237,2.02103784178537
3.41180429575765,1.74831250287302,1.48837796360326
4.06295851638204,2.44154009928905,2.17272847622165
1.03027108395202,0.961847307448526,0.821274121460731
1.14059732164248,1.0534448901231,0.890734889062088
0.902157371226533,0.883003267297416,0.765790964880804
0.860282037364526,0.843124294134859,0.74821301360193
0.876001541797135,0.891830532326026,0.769694405006112
0.917788803483391,0.934372335168879,0.80181637458365
0.802249830010375,0.831069899995095,0.741998978849426
0.809674520956024,0.836193674227672,0.757060466186521
0.847769609569855,0.852633511199793,0.778025750774685
0.798723978941705,0.850897763924502,0.750966605581632
0.804152813557136,0.89117695267717,0.762685922648718
0.870353977716176,0.94430713935494,0.8104728575267
0.860680882308786,0.953022691720609,0.801827577078126
0.95475427338807,1.04775803293707,0.868247690148885
0.920593536626201,0.973622505384097,0.837228727723175
1.04226631298865,1.08423189925915,0.916213151148274
1.26447124373937,1.33924505068488,1.05930133211938
0.925587168495374,0.920239986326206,0.825531074452958
1.05213829105301,0.990266413831427,0.897501654188044
0.989312129677993,0.975174774805294,0.867986836725759
1.16516594380237,1.08860106029402,0.982347091842686
0.964158500764703,0.97196381559455,0.839139941189064
1.03994771421413,1.06438909485163,0.909188642104996
0.996334327046259,0.980498025038671,0.86809550601494
0.967274627311981,0.943520779423269,0.844606459392288
1.12041462548968,1.08601121191459,0.977585012096226
1.15983552129811,1.13677464611783,1.02334023718139
1.16017128512057,1.08540361489309,1.06674778843355
1.15714379416696,1.38364630325713,1.27756548352035
1.24456378042285,1.62702996244463,1.49500104315443
1.36472721684155,1.63275031916906,1.38163633366218
1.46116656317752,1.93989115844295,1.82626160970651
1.24315385486129,1.20796406314125,1.04108963859718
1.37670705232265,1.34795070762819,1.14450945433229
1.25357752126976,1.20071594053287,1.03040397206293
1.20116406673814,1.13473401828699,0.994316388874208
1.3946376591218,1.32556906255215,1.13018246696111
1.49865438920132,1.42842378165029,1.22832365846361
1.44418817101306,1.34408270376307,1.16714307500277
1.81790797990351,1.72915302171154,1.56503510830712
1.78430313494189,1.69279872919232,1.59946368378167
1.78782829514681,1.70137593492795,1.56965446051
1.42691386713804,1.37538904179891,1.14848759117383
1.56616546236914,1.51664514979585,1.27820326896153
1.34051172081026,1.29428401561692,1.06822730069255
1.26768940468972,1.21811761900339,1.01406624151192
1.38629174240475,1.36585824924848,1.12099051997622
1.46962890228161,1.45771671008413,1.20452790062757
1.54427266247228,1.49042024060451,1.26672207913593
1.88374978976024,1.6359508143737,1.48138264466301
2.04574285961257,1.62222337752115,1.50720413452878
1.67908101980833,1.4861850004817,1.35956343859002
2.14527151713951,1.67670548325392,1.56462172877788
1.99591772718739,1.65631973893125,1.5297861349648
2.25674921107484,1.66317444749518,1.68265855257584
3.02296735527224,2.13908349142325,2.21773140565858
2.70759242992055,2.04474272387024,2.10805583327854
2.74798647052994,2.39478608857318,2.43717599976612
3.39925714426592,2.34063136153173,2.45458994589213
1.28340238335679,1.29200448197178,1.04071326402413
1.92480765851234,1.40226920921606,1.14810812381431
1.30384023892196,1.1851027344377,0.9386925570964
1.87925463324287,1.19744712827653,0.964361018747008
1.30109013018959,1.13846874886643,0.892011884773212
1.4211570377642,1.22568399297843,0.967787345202549
1.52191266904877,1.10125307841137,0.880588259944263
1.08297790801514,1.1140752321207,0.857893389483491
1.03146612518192,1.1267942729623,0.871776649256534
1.0972667150425,1.14993915553546,0.897662326115536
1.23226395062537,1.20546125417708,0.965144238621062
1.07760900235334,1.16825960928327,0.923065567830201
1.11944259443143,1.11365191174684,0.894023629588598
1.22856342658877,1.25041396755302,1.02926408879746
1.65177228953981,1.36425190514958,1.12036003559924
1.70936873403139,1.31076111075529,1.02364844717407
1.55017494315075,1.47925234478308,1.12307643210352
2.14954168169033,1.59575617106807,1.62207148562056
2.4802753150293,2.00999678289561,2.3471886936898
2.88681419851788,1.94476743531863,1.73520778984493
3.44730982383311,2.41995187967075,2.47567677823474
3.32091306592516,2.27316352003868,1.43082049742339
4.32824989847534,2.75668400926474,1.6355652255132
4.57106421002864,2.96239093607699,1.88419064429349
2.23362174823578,2.36140464716234,1.76129621310585
2.44657496558924,3.01498971547079,2.51319342976712
3.14313630277335,2.70515236440788,1.87387135404921
3.92281903008778,3.53139794538613,2.65131992164575
1.05717379364269,1.25892408544021,0.972029531086621
1.06317907265286,1.25689347249394,0.97930573215535
1.125360454818,1.39070829916494,1.0588456800504
1.18567403746613,1.43204704988666,1.09580166970966
1.19201974300947,1.51348013569621,1.14169774562907
1.24565356115991,1.5738724536884,1.18692389330221
1.38200045214266,1.71920295410407,1.30863943109842
1.7617246642268,2.22557377397236,1.63937360566288
1.77919421427918,1.94763553650726,1.58741281802265
1.84341015975704,1.97526654410987,1.84992919656642
2.25489921610077,2.24142782942972,2.25414188069133
1.11348081389264,1.44344131435349,1.08321861274919
1.15123739529611,1.51513051016374,1.12821333434964
1.06634722558179,1.34689745349627,1.03105595325969
1.1111424791825,1.35477675025119,1.0661374042724
1.02380585090493,1.28840821503349,0.989689756273924
1.09870947889852,1.40521295843624,1.06583773018498
1.06880734209303,1.28441630328662,1.02857267352163
1.21183796771423,1.49295389921411,1.35961463611038
1.17897319296322,1.70849044190478,1.32898268176998
1.64918668814507,2.1712784416796,1.84313662716101
1.62435291745376,2.14762737029693,1.8193667468373
1.65340504845274,2.15208668034931,1.81931836056608
1.46163550595836,1.6108369800679,1.53315434963037
1.89797768080472,2.03714782780788,2.00652916533497
1.89205664797592,2.05547300906169,2.02651026494678
1.93201075037433,2.08008443944643,2.03286119276743
0.928924718720523,1.16844691101111,0.897114675943593
0.960778883903346,1.21092913252429,0.937986466721929
0.863801956465376,1.06451634722886,0.822174738315507
0.885174186595722,1.07030909274729,0.83790312359623
0.812339415676378,0.994438719734466,0.765734422190642
0.821703238798371,0.993600354181293,0.78237932757799
0.786246172587613,0.919074354092463,0.735367036027667
0.854272582959799,0.973932708779911,0.790099700513158
0.819058962493193,0.924132511454312,0.758047387313836
1.33100640695682,1.39093965828324,1.29389038904848
1.31524444505104,1.39387267514669,1.30196765187993
1.350391452458,1.36929036269373,1.29084964320739
0.842998377276893,0.922994102998164,0.772242206482281
1.16967297101485,1.18848468297874,1.00098025893983
1.16815398783444,1.15361536126101,0.958181487320166
1.07326430351163,1.1024914525749,0.973825124840108
1.6103410862053,1.61140983141943,1.49204089500748
1.60839166659887,1.60679110753028,1.49654207156199
1.58870648238968,1.60304370885902,1.53251408181548
0.853046111312803,1.07246988034841,0.802837748678678
0.88220231530223,1.10846398757151,0.830448741938082
0.904609968378746,1.15300774284854,0.854966205541724
0.929670899505892,1.17055107031503,0.878195373137073
0.977785906014596,1.25989629789128,0.918954718799272
0.974766113872948,1.23302431776885,0.908145986523375
1.05552901680909,1.36233613208709,0.996124078932723
1.09810351356072,1.42419436034577,1.05606468224942
1.15339858425382,1.47179814731466,1.08013326452725
1.05776036162661,1.31806098664414,0.974313364993286
1.0555322376405,1.25712416125524,0.9273217631997
1.22317677898326,1.47867332696917,1.12230256313083
1.36054634399869,1.6341181285447,1.24486413058181
1.29911097744664,1.5086583746517,1.17511282246536
1.04707787356321,1.3679899749445,0.987753085235656
1.10414477765718,1.43165586056175,1.02664816435302
1.07742798481711,1.41984347346137,1.03290774920744
1.07565735312892,1.40488589030448,1.03641670127969
1.14847252002915,1.52561952452899,1.1106988767602
1.2294177452077,1.62839339636368,1.1855884641855
1.20935527827982,1.60653787362089,1.18759191517212
1.17827746926376,1.53029366559909,1.14588948797939
1.28075393215118,1.68783027010796,1.26378224556466
1.31465701344576,1.75097216461297,1.30986779551898
1.65022131189454,2.04785004547588,1.63036212887925
1.65820621243178,2.0621083222127,1.6323664493847
1.68081846802015,1.95860862953322,1.58092059768088
2.16711586812134,2.35436770339433,2.0537279751545
2.17266842362947,2.32935734106088,2.00967335668453
1.82849462946342,2.11448517573663,1.73582600338257
2.07518398476666,2.31549971879683,2.01967550932204
2.10042804666333,2.40631911905577,2.03010667255044
2.3524368947235,2.54736318618183,2.24259064683563
2.71752737909579,2.87003373167474,2.61059662760549
2.729373579954,2.88562391141874,2.65171197893373
2.73343897872842,2.91381407142008,2.61909856848023
1.11495730886151,1.48054073421557,1.0811746295974
1.19040243789838,1.5850539819781,1.15451940285959
1.02797651001896,1.35141161043899,1.0002397075584
1.00487344417506,1.29838286337229,0.971887660104938
1.00451520080484,1.32049554980103,0.982835143286729
1.07279343893049,1.41212651544943,1.05866837996844
0.945283674800472,1.20971594613875,0.933707743529523
0.990868936861063,1.25231321581003,0.977180615075436
0.952922790851126,1.17229337350499,0.941517758524429
0.930281081981251,1.19556048362358,0.926053264048532
1.04596674040749,1.33611943840582,1.05216603915071
1.17933755251861,1.47384787148059,1.1972115029726
1.11912475893719,1.40419974643798,1.12326458565049
1.30041696225252,1.58666606050517,1.31374804140218
1.07503472964723,1.33947031180316,1.06142528122081
1.2329537908998,1.50081922160909,1.21272408468744
1.38430199080184,1.75965239033911,1.44472414362431
0.952843982764577,1.16751039535048,0.940850403104667
1.03166600501814,1.1922623599911,1.01826718774776
1.02058977027823,1.24134981911593,0.997908616094318
1.13062220158611,1.312932979772,1.10584178031188
1.01395563860703,1.33981918470989,0.981351311307088
1.09301420431314,1.43895444273507,1.06021302283312
0.97567227780365,1.28516754410631,0.936115024934838
0.950958142852071,1.23968279819415,0.913560297615653
1.00758513525905,1.31812330855837,0.956643392985974
1.03754232678321,1.34440914569382,0.989822611341479
0.951855437311717,1.20878531980021,0.8878855955294
0.989932891261075,1.24022853444399,0.928836872214495
1.02620011257963,1.27534805473004,0.954741580702868
0.870168766903848,1.07959833835151,0.81493699078081
0.860740186100287,1.07767987443547,0.825325516873457
0.909490442732928,1.05060752977577,0.859049053297244
1.39622857640336,1.50150373440736,1.37147216678909
1.36663193208346,1.49924565782322,1.36775372643467
1.43814838958029,1.45603219771632,1.3598079330443
0.987253607115193,1.18555369640332,0.94809055876745
1.46547065646726,1.61678965772766,1.45358987669615
1.48878362175789,1.60062139173318,1.43983304081733
1.44902989087457,1.61208504419802,1.4513157374479
1.13027869670655,1.48836070542715,1.07654679299116
1.23015390011512,1.6050342216588,1.18193780602337
1.17507296845859,1.55001818199564,1.11867189370478
1.15640092254853,1.51469228407256,1.09634566586852
1.30632890402171,1.71871774895227,1.25043179131634
1.34992202719349,1.74803516147641,1.26987045466547
1.35123261237163,1.76703555999264,1.32100512156256
1.39146473304584,1.79691439156982,1.38240241241793
1.49975055868086,1.92133155212991,1.48101291933672
1.33582799240735,1.70710255700088,1.28103431400326
1.45042612572798,1.90731226144981,1.43774813654475
1.34805180523361,1.83067332944287,1.35221825574005
1.45409639149313,1.73936651715293,1.44323664371826
1.68286683743354,1.90058707468413,1.64131707501002
1.6831354041241,1.99984385301237,1.70248660180381
1.65825319664908,1.6731252922629,1.41033573734043
1.92782064760806,1.73761570099431,1.37801072457919
1.91333456054391,1.77741488189815,1.56307811186693
1.99791819312834,2.11619515448814,1.76363518250191
1.92767057562495,2.18479948905062,1.76457311800758
2.34754507630164,2.40220329310247,1.97684426182289
2.45181247890773,1.80458702578737,1.66136803996758
2.68564574754977,1.74511590964513,1.57798624587943
2.74667127459835,2.04054052818337,1.88103630855898
1.41221564724798,1.86635447727452,1.37276363639197
1.62091118981095,2.1138504096052,1.56972810324189
1.33742669699397,1.76972563199882,1.32462604499029
1.26690284907351,1.64603320836025,1.26114226309898
1.43432392349863,1.89745890100875,1.43524863174345
1.41406134716992,1.85358837569791,1.42043270565788
1.54198567384288,2.01913653279738,1.55223415204665
1.48888622287723,1.97347738461481,1.48568179035749
1.65473453623526,2.14781434431107,1.64525835501307
1.43707951989697,1.91793940276752,1.43188769272984
1.40377731776494,1.85549255326921,1.39522068218286
1.49983767397534,1.99673683379703,1.49033269069242
1.61333208394709,2.12668751544827,1.59734940513724
1.52719285654954,2.0017097098157,1.5182589192305
1.70712045788094,2.12998833397372,1.72854254584576
1.71440616246363,2.07206081583315,1.74241716608154
1.96930729358655,2.42310187656244,1.87137390279868
2.49160458046963,2.92145354164095,2.41051982560725
2.48738215839435,2.84217108982587,2.3150865569997
1.46524831857799,1.95267634908167,1.45856361339065
1.41656255342876,1.87584943272934,1.42023235159578
1.56430153409321,2.05969525259228,1.54369122227257
1.68309808826534,2.17888158868058,1.6583620514777
1.55552389701064,2.04852895594883,1.53247212497606
1.53638625637392,2.02027938089974,1.51957414103767
1.76174154347811,2.26061128618706,1.71556484382388
1.99503695966223,2.45736797842722,1.94734570125575
2.03749328710413,2.33206152935522,1.89400018085774
2.06888596312703,2.51978763450656,2.0411532668524
2.54038391197949,2.87828312678595,2.48341870040086
2.58053383079456,2.93170462448659,2.55852682863638
1.46814513691786,1.94198095810824,1.44612871466021
1.57109885829173,2.03293450111908,1.53628020686178
1.40784369386853,1.85745744131689,1.405270459978
1.49407005240792,1.92148446903354,1.50116132255183
1.35814278206625,1.78266064431497,1.35444165024521
1.45695168096319,1.87298192050694,1.45065270417263
1.3023866537313,1.7101956372146,1.32489045110374
1.36957883051854,1.74137928504833,1.398017834839
1.38454622102898,1.78871551426305,1.40644260590789
1.21003528868971,1.61982516296688,1.24540300216574
1.24751804952759,1.99488576116023,1.29591938295521
1.37308658468745,2.61599986999526,1.42963026926405
1.27287228601318,1.98989427215584,1.33951809633366
1.42194005396833,2.59716724096669,1.5061866785168
1.25207455300344,1.62948252354355,1.31850174958256
1.38370198668081,1.72856080133294,1.46492509027668
1.49797687268011,1.827731666398,1.55287997314279
1.25679847371001,1.89598202818939,1.29619859074759
1.39111443434765,2.4730632382627,1.43371227353373
1.27070411247858,1.9122721888166,1.32405461141613
1.40910888941889,2.50236006389559,1.4673739092389
1.34491930419934,1.742238674096,1.31872302032986
1.37085357299171,1.76207194142899,1.34353317894396
1.37978306294326,1.74284409060586,1.33617406526904
1.47697990418969,1.82903892747367,1.43709815387349
1.47354704971099,1.82560680565433,1.45276514946669
1.61106931228029,1.96575014031779,1.57655720228622
1.39584519768904,1.73338148174282,1.34569550704649
1.47735635102496,1.81399969685163,1.42900864221077
1.52094733196281,1.82978940251994,1.46483946511109
1.60922692890954,1.90156510155314,1.57398760854921
1.72197973866842,2.00975990559953,1.66597533801722
1.59770341008521,1.88661045864999,1.52223429357619
1.75976181583183,2.00066380424519,1.69202342526191
1.86896506763039,2.10662946406579,1.7517423964495
1.27553479320074,1.60400327542778,1.22637194569223
1.23415550170616,1.5502972354682,1.18054925697676
1.28754589121766,1.60795890857698,1.24614486586532
1.38910537760884,1.70758765802721,1.35321415144842
1.22338320266968,1.53025783822772,1.19337698975237
1.18595379877991,1.49166543675326,1.14647875548778
1.33858235805345,1.6365845917749,1.31304191778149
1.55237891114167,1.85072504201273,1.52714989621334
1.5396095298738,1.76309262295259,1.47479497758109
1.68027080463217,1.84145304776774,1.6276864436258
2.00961020554207,2.02959117121768,1.88762783659746
2.00155408724978,2.09365839709748,1.93047972300258
1.81604034902797,2.01986961370475,1.80031450429445
2.20666953087204,2.34596278436806,2.17615503461992
2.19890754749548,2.43582178659861,2.21110613937458
1.19118104869917,1.47996371847745,1.17150587716663
1.14071929418643,1.4012329563568,1.11976644573242
1.2802483973345,1.56995541342893,1.25869613040706
1.36166154548056,1.66066581898898,1.34054912872501
1.32549217866831,1.58449657841463,1.29408844471893
1.32732452012718,1.56313753614893,1.30181029066168
1.51015703541696,1.76440968876578,1.46389478574836
1.80700189600183,1.94567714642085,1.73832772303461
1.98464129108506,2.22861029186332,1.88071384933371
2.26045241952349,2.44366273963498,2.1198595517747
1.9067514065237,2.31161259673988,1.92431732231269
2.341810045489,2.73429631636829,2.36264023814797
2.33210288179899,2.73675583895995,2.38589267325497
2.36727859845106,2.751346904699,2.35992451797886
1.28125319699431,1.53031675501319,1.23463372523627
1.28217952439074,1.4925421089912,1.22509427682544
1.2939061710607,1.56479844968664,1.2362830670817
1.34104344661236,1.63711063940651,1.29041128489396
1.29917569205072,1.55025676431855,1.21716656532433
1.38370081770022,1.61531832242766,1.288544007551
1.41566716013116,1.67374735162591,1.31506302723782
1.6020669846071,1.88673315585112,1.55713987333959
1.76698947407475,1.88868697226883,1.646779640412
1.87083561508015,2.15861122509125,1.85923750770399
2.34930005886594,2.52053413737568,2.41453144101792
2.32287717303974,2.56879378593891,2.34070329754216
2.31855945883654,2.55534800200451,2.39193075349714
2.99184797721407,3.16495665692128,3.11574303362204
2.69820248998848,2.83722939681496,2.77497037069692
2.83734210998051,2.98556034516876,2.82853974575917
3.23588487234834,3.25351289484965,3.38712269409689
1.17108456128882,1.39681411331003,1.0834024057617
1.19193490701629,1.37936185660131,1.07814918420503
1.08464346702166,1.32249388681706,1.01585553444828
1.11641118951029,1.38484062022981,1.06431864775687
1.00038773404497,1.2035812811415,0.924690523029407
1.03948074315419,1.20917995684255,0.937608751761835
1.00934631728636,1.23210032868786,0.946325378460387
1.45573554903107,1.62399671956306,1.46691246424146
1.44215839962559,1.65344400620662,1.39455923580301
1.4785191265918,1.59589483684868,1.38282149105298
0.958347541340733,1.13636969802781,0.890885811267314
0.957953362049534,1.0948521168277,0.871566718810268
0.982281111864067,1.17655054458959,0.939642989897412
1.02371718107494,1.24296855380035,0.992865351781116
1.00500694393968,1.17409708502445,0.968703275018147
0.981662614641209,1.13177774214589,0.946159086968237
1.08522199879486,1.25468015229152,1.06422271934911
1.3270780112925,1.34535365922388,1.17833044295815
1.30905411971494,1.30705179444833,1.18927384910215
1.28225842530762,1.29219604280702,1.23376797160854
1.5320021100614,1.32186746768532,1.34181027627857
1.55819707053859,1.33359391386124,1.37827135385242
1.4522612115277,1.42885438178075,1.43912481013321
1.78417044730917,1.74009066357906,1.74834326482247
1.71267128020332,1.6176425273135,1.63208524008736
1.90025592640984,1.73127030955356,1.84428111416573
2.26644960958863,2.01106131196009,2.13065423249983
2.33118668532975,2.11618061191386,2.21154369392829
2.0555116481901,1.83888267284952,2.05083425763623
2.34236020178824,2.11644648901078,2.34636469905493
2.34359040693394,2.12766316592633,2.35150797762626
2.28815372316202,2.09891977182349,2.29082986204037
1.06400217810945,1.2094787267323,1.00966801725598
1.08669363806694,1.20190669125979,1.02862743256466
1.14036988003539,1.30146567108364,1.06759785296102
1.16644594763085,1.35084664131707,1.09897096878591
1.23749401146183,1.37986043328136,1.13603208665266
1.28955860414955,1.41741506415427,1.19199128647787
1.38243430319462,1.52902967123217,1.26186040296028
1.59832446958745,1.79051335060969,1.5443185470419
1.69855156708963,1.855809680508,1.61200312099913
1.95526929641694,1.95746046194516,1.7670142718596
2.55995171593243,2.48485367951112,2.354253196919
2.39589296874366,2.37719813859088,2.22076185789187
2.17310194736562,2.1380475072516,1.94298985537022
2.53360443406673,2.52880737263103,2.32283526123324
2.64899172461273,2.53246029217713,2.40435048356018
1.21092285979956,1.33525632381345,1.0813732775595
1.26882640918337,1.38173401647495,1.12546199129508
1.15555309590756,1.27561282955145,1.01359698608925
1.15263921559464,1.28656762597219,1.01894554649162
1.15155721408691,1.23775850204608,0.966656874158586
1.26073491492272,1.33935863781407,1.04406230018876
1.16306836646276,1.23464750903622,0.949454485463271
1.2165560784255,1.24277438337469,0.964715379686025
1.35400523269281,1.40658931139907,1.11730112290966
1.58883831358605,1.58229488611278,1.33327098548501
1.28283929342933,1.27017755252344,0.990899503125169
1.67468801440488,1.62093369433376,1.47989083201051
1.69511104054645,1.69695635343975,1.44940328595264
1.72336297791294,1.67242370791474,1.44632740171408
1.07525622312968,1.14090496206887,0.908405289428876
1.14743684653435,1.18858584883804,0.946172645348096
0.978069563092211,1.05753739486294,0.860010230797989
0.963476351683979,1.06877209784783,0.867856856982532
0.952139518621311,1.0144656977153,0.85074186807189
0.965397196988304,0.998967364771856,0.837522579669085
0.894049327399314,0.980561362237668,0.842492515495825
0.926391619201296,1.04295137314418,0.900403588624794
0.953092277451799,1.01276652966004,0.889944129103425
0.840368458735396,0.937133399049634,0.799076769228994
0.867410079012734,1.02619103933245,0.817868063821997
0.934705660218833,1.05912172810223,0.883812768768215
1.43887550583274,1.52288618782077,1.40633414974104
1.43684868928927,1.50143124803335,1.38442449282157
1.42545024171026,1.55179692740989,1.37711051106263
0.92124845450035,0.947362380849061,0.809184703987106
1.42338059675508,1.42866422921798,1.31196223976763
1.42005537982339,1.42667159049694,1.3186632063234
1.40296768535559,1.42632210119611,1.33235400807301
1.05014141399614,1.1048649689989,0.942231699032038
1.1197759845658,1.1419622126426,0.987251632641818
1.09926974980057,1.18499260799811,1.01452193324428
1.08686802413429,1.1935772966187,1.01662844353365
1.21444631149027,1.30895404275511,1.13157884203571
1.24008376403079,1.33061162962141,1.16631676079126
1.2791825886249,1.40560818445154,1.22582615833704
1.51849628577848,1.46289334543074,1.4781529227188
1.61247729105814,1.71610964814158,1.50226631299545
1.65594027363823,1.79587316765816,1.57957582417838
2.33435246015056,2.34111539703614,2.16878876697016
2.11182176778033,2.09401874077902,2.03136897925656
2.56713877743884,2.48108264823353,2.44737806023864
2.54754442039365,2.48546681085695,2.45960538151801
2.54996161104003,2.48813298865517,2.481561766741
2.07389010506934,2.17012499613092,1.92972103262584
2.52052915791539,2.52675189562946,2.34598299177514
2.49365690720054,2.54478317106225,2.3422830688976
2.46407784128585,2.57786800136803,2.34848511003093
1.30059608603408,1.39653195489976,1.18441686700166
1.39872612147645,1.4981854206664,1.27504353598695
1.30650891888041,1.41527053355988,1.16989423658572
1.27102564254903,1.38316657475586,1.14241635056985
1.41770937266297,1.55634428682646,1.25428416676163
1.52367439337751,1.71803795339698,1.38583642592829
1.51457360893029,1.69896821790919,1.32682420018738
1.84314828246403,2.11740762252864,1.71900723316238
1.86101043528273,2.21969144928349,1.81364140848884
1.68611394281256,1.79602144017536,1.72966403556903
1.90193547462243,2.05621586792192,2.07791678758308
1.39312091260052,1.46612043431423,1.20454464385299
1.51327258352506,1.5699961066802,1.32152653139358
1.28268915116476,1.31726167501887,1.08146273857676
1.24468476755761,1.27367956122411,1.04332141250606
1.27154519666871,1.26003879978019,1.05158733180911
1.37890242968889,1.37347881919519,1.13871593620601
1.20690412848022,1.17505347148388,0.979212229691793
1.14503545964594,1.10340931889119,0.933984513413142
1.24012856253687,1.17524592881645,1.00452990664562
1.30179608227158,1.34513999463267,1.08150266892427
1.51405463317959,1.76350893426714,1.42953877482826
1.56290574389406,1.82516286884081,1.55906088171796
1.45278866855982,1.44896070602159,1.30698094643142
1.71426116371609,1.63725496160426,1.70866767577445
1.88349558287701,2.03753702283436,1.80796952737631
2.015671432436,1.45427571984128,1.25064926981172
2.48029114657438,1.44350602457733,1.22075532768383
2.38281045481629,1.66955148336249,1.38387828994849
2.29319248377916,1.84932104644742,1.54996796063529
2.10396036018957,1.81273554135164,1.56802743466962
2.70420191431155,2.104127157434,1.72798808101796
3.22324610055555,1.88522176563791,1.51258691595148
3.63854556344101,1.85491420139125,1.48871545431474
3.58528226555495,2.17544908678817,1.74432342618301
1.25452199543813,1.22491093407195,1.05035200279327
1.27771458409607,1.21250070186473,1.06237379517346
1.27762549421635,1.28668270596893,1.10495470556421
1.31161984126518,1.34667195330405,1.15303851588348
1.33010639185324,1.35815549342353,1.17844026300631
1.38811289285146,1.44402015955278,1.25855346478511
1.47436317591936,1.50632750439495,1.2996080152294
1.55934560985294,1.56344810970915,1.39721383101073
1.58356830010274,1.65258111297487,1.47204784791572
1.70168545784822,1.69860596204685,1.52534551562092
2.14300558594291,2.14495217172117,2.01364779274663
2.10082137204703,2.11805990572524,2.00028545562271
1.24942567988915,1.2803860992794,1.12914314314672
1.37470582154168,1.4208414928309,1.25532119075429
1.11820934916522,1.15041371918343,1.02588080958459
1.10677758746312,1.13498564885443,1.01147665036041
1.08137181584204,1.12604820866811,1.0142733888546
1.1082812032286,1.18985347530413,1.06647485508075
1.0136724628031,1.00607759499274,0.924754948584674
1.09635422914697,1.01631556293336,0.938579340191875
1.02852468945948,1.04768359803502,0.964707731541618
0.930238546634107,0.925383639952894,0.858661421859901
0.916560090762804,0.964733091316687,0.902925524080556
1.04352616464684,1.10925902130245,1.02831942021425
0.891999344219739,0.91428660447267,0.868097841795111
0.984220783741607,1.01344551862959,0.961322660738409
0.918681427833628,0.852736388783504,0.805989854199047
0.997685828857304,0.87203114901133,0.82587949035206
0.947330084812794,0.863831121580715,0.822024203816242
1.0264683235346,0.923946337506021,0.852185991332977
1.19343619718239,1.03203000478404,0.943828373292105
1.0352392494014,0.90447511014197,0.833620698238122
1.22810459876456,1.01909225307952,0.924293806497018
1.14085490632686,1.22039152422358,1.09643592413963
1.23542324832773,1.33676299180421,1.19312358862208
1.16296690265936,1.25766089509847,1.1426893179298
1.18461196540045,1.27444055545584,1.18209320256772
1.24022956594366,1.35814709917054,1.22339406268345
1.30639680519384,1.42406742053108,1.2790614529563
1.27461206639098,1.32784246101809,1.22309677192639
1.47254841845423,1.34811136832252,1.34561534537555
1.68599483254434,1.40978732702355,1.49223246502961
1.25607164553984,1.29326339240317,1.25089672907466
1.74418677471298,1.27515019095914,1.54116665786576
1.34291610308585,1.34528724495717,1.39922189608123
1.80285457065372,1.73040660244316,1.82653990608224
1.81970840750416,1.70410107255496,1.839817673534
1.84239098955013,1.72636705187459,1.81864456345992
1.93228678535427,1.39281656195259,1.57953131939795
2.42830445775119,1.74741288017274,2.00932773353061
2.39497125786267,1.76404422194032,2.02081827222187
2.39183452145219,1.78227837291968,1.99373532151569
1.33160838072463,1.5018726980851,1.36472519144115
1.38379906457917,1.53110023118169,1.43275450299347
1.45603880865927,1.68908085382134,1.52861725438368
1.50859556946915,1.74008443337442,1.58221727386357
1.60540200785866,1.9005824645112,1.72667115501538
1.61698109880053,1.90665747040509,1.76303325339346
1.89190693634094,2.15049281963211,2.01342705258438
2.33557122035528,2.40231095418848,2.37215467157875
2.24425539625963,2.41880101687947,2.42625765001461
2.28188068793549,2.64354225442568,2.29260687245347
2.59289472607413,2.90859176791891,2.58201728694997
1.76081358499025,2.06599795839204,1.80805774008417
2.01269751393087,2.27092214744261,2.01055092542465
1.89312060622401,2.13080904864081,1.82971238779067
1.97278984046165,2.12784786278199,1.85056407058825
2.15791970320502,2.36396210988589,2.00728909248644
2.23932428929326,2.71755757643978,2.30436783722314
2.73205512406985,2.44817089787543,2.08855707492907
3.09136978449784,2.65195794127715,2.29206133359564
3.05582907856036,2.82810299081997,2.44281549633864
3.28971850658936,3.17104139636812,2.79396157203645
3.25304723335067,2.29808015580161,1.95575075896068
3.59714919310919,2.5455746650238,2.25672551465541
3.59595092093222,2.56936547410643,2.27714987855808
3.62067229225251,2.48381606839199,2.15790188854938
2.07693386779271,2.30090382982323,1.97031674834197
2.13943079260146,2.0864816451254,1.83232784687681
2.14986773813224,2.66268946884941,2.27377666516797
2.2688996861073,2.92407422407834,2.48294712628325
2.25717873138887,2.81795034334666,2.44746567085006
2.45619298716493,2.81585371948578,2.48332871028108
2.57900102131958,3.42194308744091,2.95081506277685
2.64678159452826,3.98460026788216,3.33822755771751
2.76600650959961,3.52314387533148,3.09969182549119
2.89102735434968,3.75681989797957,3.46013695577389
3.05036245756239,3.96386935404449,3.87280400750276
3.45884785607088,4.34629739187596,4.00200484988575
3.8020663629602,4.5748964286662,4.11646022266222
3.74596356573269,4.78453003572007,4.54559893548343
2.07055024777669,2.57617799565623,2.2802448901159
2.38545997788008,2.68253520313884,2.43619730987896
1.91807982962866,2.37736752816752,2.09429717367674
2.14389226580291,2.4557146766594,2.13259768196977
1.81348318377573,2.20472526603699,1.99368589044715
1.87245819209743,2.2097297154445,2.05969688662451
2.05476544212753,2.47152132693116,2.24197302317488
2.20870994130981,2.62708267576472,2.41619883224514
2.08659845442543,2.43839998719217,2.25919558507898
2.43850365499587,2.84873449689938,2.67541347259085
2.64452044475246,2.91378294049278,2.7802758884686
2.78557794524401,3.08032321023919,2.96753703120947
2.84794009800439,3.25279715862336,3.09906747327015
3.33165705808442,3.64081870102559,3.52301988156149
3.2697591125904,3.62980540707065,3.48100690563695
1.64450371773066,1.95353468874614,1.76523467430264
1.75358192943267,2.10661326885172,1.87522780683329
1.5700668660829,1.73357717272421,1.60753623605767
1.73496075871666,1.73400775095565,1.66902507353325
1.85965279660242,1.8692201877377,1.80295962173119
1.80722395625145,1.83192550260221,1.74763660401942
1.53414024983395,1.66395929379117,1.54807974713192
1.63946199582963,1.81022642387432,1.64182517059041
1.65470639421093,1.59344101497722,1.5705855224222
1.65493914986716,1.75229893258409,1.76357042125462
1.82268579505437,1.64987660191528,1.60010382129705
1.98627491098724,1.65556039911718,1.65734628868203
2.37090244632361,1.81684189440762,1.83053800212412
2.36950755767589,1.7748604036676,1.77544169238487
1.47172410938023,1.68631590900972,1.5534034680382
1.49623409606988,1.70657707596854,1.5854110668834
1.49197324516551,1.76179759175514,1.58368720810466
1.55487821453682,1.81979856554242,1.6284440258909
1.5043931211136,1.82406567652267,1.60853659090099
1.56254346397085,1.87534734095742,1.66332141694169
1.62737716977248,2.00607979508692,1.74674240811813
1.6978761498711,2.28787730577366,1.99098554304187
1.74101098249352,2.14087446197395,1.90415165676928
1.65163439352246,2.0678077115646,1.86156296916187
1.69179405209105,2.16175977699866,2.01024406574394
1.41220811035787,1.73427989636536,1.49720638424594
1.32925990288747,1.63279831134292,1.41176574525443
1.46965753838882,1.81238798108597,1.54296758432618
1.57328505551789,1.91785621849075,1.64412068996711
1.43555936469557,1.78001796617827,1.49572109707286
1.39289671726002,1.71763949226872,1.45642003831443
1.59241890414761,1.9564809677292,1.6278324325635
1.95754518689114,2.19194959985831,1.81061614813516
1.89010344232542,2.02434554007116,1.73464970725867
1.98186699763394,2.18846770379102,1.93318465452677
2.53125398158075,2.58716309667766,2.39130948103217
2.5624647062018,2.61065496729564,2.41070514635497
1.38866621222221,1.72852015282255,1.43526831051215
1.31629873450197,1.64119761622555,1.36509842186844
1.47403608015681,1.81953945069341,1.50424481048321
1.56949266549295,1.92013306078327,1.59544642050639
1.47939288284636,1.81310480783659,1.49572527437344
1.49314637386275,1.82450221746844,1.50299700191063
1.66463133281483,1.99889909291158,1.65797873417843
1.83075321240261,2.20765050715291,1.98228175248791
1.87120347317706,2.12639156336266,1.90129186517266
2.0170007006452,2.51032823473245,2.04047918962672
2.42212915958399,2.95081876462758,2.53120752205978
2.37141014168067,2.9147787308892,2.49570955707838
2.50585856817023,2.87839847410916,2.38662750375043
3.05195667206879,3.28869571253103,2.8537166670537
3.01628536328628,3.34690630886171,2.88592175044464
1.35698507202446,1.6767316051878,1.39140426813773
1.31314211929919,1.62253656632266,1.34947664078047
1.33902864783584,1.65438599498517,1.38662371375096
1.40838755175696,1.73036844315339,1.45810539696386
1.25954486105325,1.5558598877064,1.3230565052199
1.30190533594297,1.5823952836234,1.35332620909165
1.33532382305535,1.62965975831785,1.41068450570459
1.35270077388261,1.80337274213019,1.43658581437093
1.32918104694832,1.58790780962891,1.40190883702085
1.52695856367411,1.84881177699348,1.57520804046773
1.62577776969134,1.93463780759702,1.66479726025787
1.6346667097037,2.13345635248064,1.6526178139534
1.68269634361518,2.039597721085,1.74178831999514
2.13400772693905,2.40458615508834,2.20091273849964
2.0503367370596,2.45302701915539,2.0882053022382
1.11999455531645,1.40139634688684,1.19464594600253
1.07759502432932,1.33426087274848,1.14320360592519
1.09388711474353,1.37861268059927,1.18085794192145
1.17058904161099,1.46664754806753,1.25793267228736
1.00425421957715,1.26799446948388,1.09138609539861
0.979376679309705,1.21519143229387,1.06637226983038
1.07329112341141,1.33540255297249,1.16025250588906
1.15618124032302,1.39718326667599,1.24934760923789
1.19602625935396,1.46572038903708,1.27502914134787
1.01270786291704,1.27642090033767,1.08289534175435
1.5519176699285,1.18339423618831,1.48175925479988
2.33145175164533,1.25470833088228,2.15175005360389
1.57407009671494,1.20717452099088,1.46055830203533
2.34538124427487,1.26396470706282,2.09437799601166
1.10319786170406,1.37339277595341,1.12589068633993
1.21064874970703,1.48411055228255,1.21639297865317
1.56461012584002,1.51334830838816,1.52396720395475
2.33933921049163,1.74911714124575,2.16991235066216
1.60305265651564,1.57932607613057,1.57452638151191
2.38879279101493,1.87314741402881,2.26104022028372
0.964020587260021,1.22932972099998,1.03496293310504
0.906609499362179,1.14131019990041,0.970013121322031
1.04458333536469,1.33148854988663,1.09868461173918
1.12621034640414,1.42785116732952,1.18012312050793
1.07324220611933,1.34530724597843,1.09566267328302
1.05877787372332,1.30823447027955,1.07076599725828
1.24264604262052,1.52219166603493,1.23882954881345
1.35908566717567,1.75235028522877,1.50462659231223
1.3579501419928,1.81390132608605,1.44936542939719
1.59669583189416,2.03772241158325,1.67897061743528
1.99683227894763,2.49596530223839,2.17382412374727
1.94203456820896,2.5317194286467,2.15011884315451
1.89794354243862,2.46313568128426,2.14232567338167
2.23429270063637,2.83156590814109,2.47161580595858
2.33766991207616,2.78256150039254,2.55042311764767
2.44143092218797,3.10298749230181,2.83256790867356
2.92020543638591,3.48160185073261,3.29394621510364
2.90547376490721,3.5737341204168,3.29366538148544
2.67128330873341,3.46993452546386,3.13682336604511
2.95787242152654,3.67451248201325,3.38854905291056
2.90778559905032,3.76415749664356,3.42325612505395
2.93447787240081,3.77087860758949,3.40886489697193
1.03754816720342,1.29644323885366,1.05394395938086
1.01392194637769,1.24653572424644,1.01549936618806
1.07662208276468,1.34564026352054,1.09690618477189
1.13001728881501,1.4202355071583,1.16506500225355
1.08698041399584,1.33910977252838,1.09417487879481
1.13947910656667,1.38171920931103,1.1258366447405
1.21490463792841,1.48537160560333,1.21454011412302
1.5223515154547,1.79833365931165,1.33483723747498
1.51566291065455,1.67970962378964,1.48613140675975
1.66941693191968,1.95555992639342,1.79288967218198
2.33043382451301,2.53827923393624,2.43397138932287
2.14003029123792,2.42108076431219,2.18013811334611
2.3242527384996,2.55822302963764,2.23642872079413
2.68352843354205,2.95757776234894,2.72738428954655
0.971884911809808,1.19527089247488,0.986171399463617
0.966850989104626,1.16190566216175,0.963678881560658
0.918623850870071,1.1419004525797,0.956044832702381
0.961671586164865,1.20150212040273,1.00962082128036
0.848947995899558,1.03893844533707,0.888467686322647
0.901956989320268,1.07438353744017,0.925247968550103
0.891859350408967,1.0770699644495,0.944038757885774
1.33746433659911,1.59414957721506,1.50006569592843
1.42211062879169,1.41939042531938,1.39892908445482
1.38929873806175,1.51273814551363,1.34246662226483
0.751342631004551,0.925063829342756,0.789755253296151
0.733219654099195,0.87700387190537,0.76069886155264
0.737082380071658,0.928845987446575,0.783315863647911
0.793749484520929,1.00203522431902,0.844768046855705
0.704525010383095,0.884424488514973,0.74040552043125
0.689776973395474,0.851111887236519,0.721819011372297
0.764862724940058,0.979775308042507,0.816255518885108
0.858935238883826,1.35202289044981,1.14051269937353
0.834397208828032,1.37885201406109,1.07349969912804
0.812328433221193,1.24877187847945,0.891361701786523
0.89107000849695,1.73929567826025,1.1656160365591
0.935784189599098,1.78586017987861,1.25993466504447
0.914232178639452,1.16771731216977,0.914621252491238
1.03236936290696,1.24368667785376,1.06908519349153
1.58090302851541,1.73715050548788,1.59949088137792
1.55320022929519,1.71773553049547,1.58732695038529
1.5807251282829,1.72846821284789,1.59335948008935
0.718563271906031,0.877975522023742,0.731104481610474
0.697752936027435,0.8322662162873,0.700661533555929
0.80629198784041,0.971430289135849,0.804687797883788
0.863104959790592,1.05168123272922,0.872304472123761
0.871692269213487,1.00809416117777,0.842642045594968
0.889931592794573,1.02205600747881,0.858374010021583
1.02705165084589,1.18127742395608,0.979327272420461
1.34886106437971,1.4497310831705,1.311005369837
1.469938253699,1.64419459328139,1.45385008598021
1.55932679758511,1.67363110752182,1.50297224578491
2.03200358276279,2.04116310508957,1.98138981084034
0.841704957660219,0.937382537756736,0.800964331281505
0.854885046187297,0.926009752104963,0.801491025858546
0.847456083139927,0.936935071899658,0.808600174125603
0.883571329026898,0.993356129451314,0.851025128111716
0.857928281545346,0.914159405148576,0.804766970948907
0.92778572668678,0.975226875847509,0.869364069967853
0.953106259201052,1.02428947333347,0.89672446547621
1.01510577824914,1.10457621284369,1.00180811472017
1.05065246139376,1.11016857611892,1.03338843243192
1.54941402516351,1.58273513645239,1.48160559501877
1.51445889163744,1.54017851014084,1.53008992373052
1.4839329926325,1.55601146821345,1.53587359760886
1.16830442717822,1.26114690596668,1.12133391660189
1.65467557018491,1.7226436615971,1.60287386914146
1.60552984666177,1.67479918851878,1.59812330756532
1.60313348343149,1.69802737398182,1.58093884154964
0.752635052741241,0.789201313425409,0.707840369005718
0.779781051949122,0.789907577100166,0.727988840515578
0.674136621990629,0.724881935842362,0.650299723553646
0.701219905124142,0.771211268835909,0.681592511825333
0.601155931349885,0.646997341850383,0.586351418185663
0.650627280481455,0.67795151956449,0.619263818461679
0.605354661490159,0.679038742324303,0.605172920776471
0.68817032027308,0.760027684476594,0.696448509789677
0.653641122036581,0.74223817609368,0.65746959027414
0.618275131759754,0.688865144424015,0.586131859823014
0.712333195098772,0.738291657907821,0.625322319293292
0.801751230253046,0.788592203579294,0.680187861738222
0.844628988717619,0.856006183704062,0.691124258310457
1.02227105225999,0.974328893620498,0.786946584758125
0.874217319188865,0.923035947294926,0.724276019197746
1.08601442375101,1.12294479534002,0.864067433109808
1.15790765076598,1.46479555455169,0.922104183758676
0.721524879806413,0.790449478144023,0.641163719689648
0.82239219830817,0.868607290065525,0.710130080687748
0.832198014574411,0.897918307320096,0.708899080626535
0.983965944366986,1.03820706072857,0.810706617482841
0.562855875599411,0.607791216643513,0.552015610334079
0.583465232709088,0.604935382989302,0.562461885994587
0.575427624125149,0.64270398652891,0.568183111758979
0.613708117967386,0.698969444097876,0.60468982579243
0.599853445612123,0.665141251381375,0.59141507026515
0.602032596272567,0.676918128404391,0.600690678491998
0.678195410479106,0.771549945740743,0.664896662899944
0.760499331140485,0.843944208055214,0.736218868408332
0.84946255228672,1.03141810532384,0.815443012182146
1.38765634528303,1.51187294820982,1.37580553629809
1.38632358563996,1.51588123542099,1.30301893058337
1.36657630864784,1.55155561966624,1.37959725822011
0.755589298013892,0.917011510789156,0.724304761967212
0.964953305125653,1.19487210802159,0.880328067198013
0.982816269688859,1.20577079863882,0.849114057503168
1.0085668140334,1.1434317825887,0.923427352241501
1.54156282413629,1.63783062419995,1.46339794441888
1.51836004712287,1.63935519160698,1.42930683857146
1.53900225186295,1.64241789006538,1.45960288091238
0.644837965766281,0.661176522401554,0.62497047899626
0.669228121095793,0.667957800989145,0.648740859915018
0.710595158126458,0.707912583328215,0.674852489202225
0.740296688682705,0.758191422348616,0.70910492182886
0.792124384913152,0.749814394794615,0.730255215975549
0.842717458997699,0.791733153285955,0.77951133131113
0.931982645673852,0.884630874392692,0.84798701091969
1.27569103252446,0.955566836984278,1.07442021677839
1.22433134122303,1.04738041954868,1.09396611459236
1.43185733184152,1.15733643450953,1.30295951293799
1.91799551531102,1.46125110219999,1.70075926141652
1.99253449226256,1.4938734795808,1.78886711339006
2.12402021977086,1.65173517427907,1.89555127824931
2.54324495703398,1.79000224732885,2.26730786202845
0.749839512001887,0.684546780958865,0.686142191083384
0.804155835147359,0.714920886826042,0.735882886975564
0.699443121655057,0.648752385952993,0.640233440911203
0.710527937248982,0.68099954346956,0.656066489642236
0.687412227683066,0.626954924212808,0.622982794979938
0.766202292915026,0.690203654420911,0.689481448498882
0.73453265798722,0.675303132015146,0.652899370845826
0.729993603473743,0.687716837959839,0.668795967219588
0.787819576954951,0.739912052223081,0.698678959249582
0.865305797873357,0.786620110193903,0.757811330035424
0.967408937705801,0.874188194816627,0.840967387062226
0.957980139179645,0.875424950336649,0.842461371323161
0.608021089713278,0.565473713484983,0.571871141248907
0.649456502292143,0.600238798876357,0.608517382294502
0.547474366140663,0.536923156932571,0.536477563568949
0.556709754625751,0.564169526586689,0.553173579580467
0.53411037394668,0.548171024179973,0.540169552486864
0.56202104098115,0.58476882756665,0.563811977069056
0.548977195593514,0.604787004502497,0.55889783658927
0.591094087578724,0.639297350389962,0.605392654310658
0.64606696632295,0.711642558566479,0.652894161454034
1.22404769178323,1.27563089656819,1.24738910260992
1.2463488165063,1.2784699516375,1.24250906619224
1.25443249476424,1.28116845184936,1.2440313908195
0.573697539368542,0.653547913611986,0.577733898866977
0.64817663850742,0.745144834482279,0.688910856945437
0.625057239328654,0.673344917960393,0.669228041367582
0.634442155325283,0.755941067066586,0.669520480980419
1.21649342721794,1.33587533508301,1.26934276617757
1.24385024445066,1.29630381652168,1.25720370525659
1.23539422624234,1.29245293414554,1.26272890074285
0.576810357973666,0.564099722350118,0.587656090197443
0.619636939946232,0.602598556380829,0.633568365510904
0.632262248841639,0.597554548736543,0.632374862793069
0.642406955961956,0.622638999358761,0.644302243763263
0.734865895963031,0.66155447273348,0.712819318820958
0.776771269102902,0.708555686964047,0.756579420556688
0.855539676249857,0.786366752320727,0.821463793193698
1.34171808922385,1.32382160016379,1.35276862076539
1.34030049995168,1.33435466502585,1.34097187764296
1.42530254109388,1.320034833829,1.33704692754723
0.762827681932777,0.654640195833526,0.724566747891161
0.817205892135021,0.695566064518108,0.781028819854001
0.77015274961225,0.663432169609515,0.716713091740784
0.772685178264861,0.67589171397648,0.720281550445738
0.830529397164757,0.714035512427595,0.757306784312497
0.919052706755819,0.785817355546158,0.835542443955786
0.924780870692386,0.799961111940726,0.820361133136485
1.15469757722951,1.17666943745163,1.16277298592642
1.2629265871492,1.19256221182476,1.21461534832233
1.45866868594878,1.42727585252284,1.40310650420368
2.150234564282,2.18888327671011,2.13065484886579
1.82468416925488,1.99668480253533,1.96278770232558
1.8773764192462,1.64031708000895,1.67471491196509
2.446263358511,2.20596816021247,2.22149391594089
2.4342552202607,2.15426049922433,2.2369056205864
0.775065386590249,0.686710424073276,0.719058913218532
0.855616079688515,0.766430565572816,0.795681595707089
0.690621435020573,0.640498868119984,0.655482130770124
0.686969706157293,0.640927217215882,0.647260443718865
0.690812879897447,0.679127412868209,0.665486779380932
0.789134985879008,0.774295009028076,0.738714345605826
0.713909519870087,0.716103216961723,0.686491299759609
0.664068655088003,0.660538082142246,0.680770237019589
0.732834709935657,0.730835355838968,0.749782837121706
0.649543809940187,0.630353124949609,0.680525169937272
0.652530948845647,0.637454614677054,0.677588729835137
0.716631903611905,0.660879636805857,0.742698928904798
0.749337491128219,0.71712958779561,0.780163980789183
0.76860360814426,0.706008805703902,0.78240897389463
0.911924754523265,0.867757770862311,0.912848079932608
0.944798878390445,0.826525414145547,0.875141872798324
0.890602607725391,0.797284591594587,0.854544731572758
1.17484352408598,1.01188271430662,1.11189397386462
1.15023500736979,1.06964503532355,1.20344636470096
1.62827624825648,1.56405819379566,1.71517978424012
1.65956199904248,1.5710731099824,1.68140488711057
1.63896374929221,1.58786589866608,1.68802251820816
1.17668169973469,1.04733186084669,1.09095268674863
1.67446042993812,1.52614368227545,1.62137053637499
1.67712074219678,1.57603002475066,1.5967671433927
1.64204807622925,1.55699539518936,1.57579208801771
0.811852413066936,0.68464289159294,0.804970813684002
0.910735215424471,0.764884385721191,0.899888811841938
0.871105126614423,0.699947806256338,0.816003182173305
0.865307900615241,0.715252708473046,0.811094981255726
1.04518573550041,0.795082600200959,0.926358154692785
1.1517112861427,0.878727237759029,1.03327679303475
1.2862304139907,0.924452541349819,1.05629116788788
1.71240566093988,1.27551676625557,1.27877149129272
1.93963295926754,1.35612834709852,1.52164734451528
1.58309235221002,1.52479671626038,1.67002233855456
2.03473851572432,1.99453736182809,2.15494565840868
1.01784104056371,0.820322297074551,0.921520060214739
1.15585635826959,0.965442553506061,1.04965090951017
0.949737594361833,0.811653584642498,0.884276200095172
0.946026607878634,0.831451777569834,0.908912328163226
1.00778779049978,0.902912906522867,0.928300331801258
1.16898881704128,1.01616969224045,1.04795374579723
1.07665113822143,0.959721512976811,0.980011988511057
1.34593898308871,1.29710018966353,1.35739995164914
1.40403058504205,1.25841377949297,1.27186340326435
1.56371121104967,1.38985056509774,1.46866184475566
1.75788942676732,1.69480613266514,1.63779361655618
0.955029051706508,0.947200470084885,0.93305342503393
1.12292950446066,1.17069234624442,1.10529274679942
0.852425126130757,0.846728209012048,0.87178707566537
0.864526700905531,0.810127355097694,0.890772345454421
0.853665969764857,0.904859191189024,0.898027562825406
0.924817761996999,1.01021070863461,0.958158143046943
0.835267330466638,0.886983266810354,0.885105258222855
0.874860425528755,0.878376852614853,0.904632554807339
0.939672170254832,1.01842129759936,0.970507928478512
0.854449406325704,0.935160973628837,0.905462451245859
0.941610876838273,0.98779575248043,0.987835132634647
0.945780670558274,1.11912973302381,0.983287515275221
1.43135872223141,1.59803679438083,1.45894904464456
1.4764669606219,1.58427182741116,1.48517811367985
1.42407922807042,1.58153621830275,1.45619465750941
1.08065772338942,1.17560235889935,1.1021185908893
1.56476133575293,1.63451883855499,1.55917535475943
1.56702263702344,1.63083328738482,1.57390603817053
1.56229282708335,1.65739033687688,1.59072951360535
0.90930657386303,0.961505932752937,0.945623707464958
0.927400371695542,0.966485265232144,0.954883056488481
1.02607079094933,1.10538622437384,1.06437750533752
1.16981750527629,1.27301345488785,1.23825299765753
1.1983670904384,1.30680891525187,1.27654582901725
1.27325537793383,1.35076346109572,1.33820292008314
1.10970600110969,1.20705386810449,1.13973749634144
1.22675375910068,1.30179573078553,1.25025715613284
1.31822203628871,1.46012519120913,1.37345868783749
1.55446254172151,1.65617295534581,1.60581799693847
1.57139599387922,1.69721828749249,1.6314998613046
1.39000848042757,1.50786373610239,1.46278339088795
1.75643323353135,1.80767712616697,1.81142104824453
1.6242941484004,1.70251550819774,1.70613120137671
0.971065287817331,1.0781698859239,0.983808383120306
0.904099600887951,1.02622992428881,0.92842058360808
1.04170294485036,1.14914900636099,1.04030708139337
1.18647733962423,1.30426691068035,1.20047572268383
1.00167011929752,1.10658232873421,0.985721522000558
0.986025921087324,1.09750849389132,0.975320339593677
1.17762332066315,1.27603721281095,1.17926654044811
1.33864868786435,1.4223765877257,1.33387499860655
1.30058167877658,1.32673126546397,1.28102968737171
1.44636336600729,1.48979383036297,1.39472972898711
1.66270235006695,1.69638207523296,1.57093030029186
1.66861359435366,1.70283987384756,1.56135262062104
1.72343678901639,1.73512045037896,1.6674156110607
2.15165909645251,2.22932626192472,2.15824756666459
2.22115662040451,2.17156326288231,2.10400225917582
0.942477104008725,1.03624312132923,0.929269444516032
1.04642727529397,1.14961007789762,1.0549856188465
0.930780022092535,1.00496860081207,0.912932153282883
1.02767654669539,1.10482479289643,0.997144002044858
0.921555222395974,0.984232977917755,0.933162991296624
1.01093721228351,1.07440209686923,1.05384604896307
1.00217543918869,1.0806813154335,1.10618433263852
1.25313575366825,1.19901296837142,1.31552372852555
1.29730358259983,1.18991102496487,1.30407379890299
1.62537550567578,1.27895284439197,1.45306948985875
1.22564216859065,1.26731665871934,1.2494567063628
1.69580811671032,1.70291485319168,1.64983332065962
1.72467117087633,1.69780975511022,1.66916888019874
1.69810797199575,1.70079280157306,1.73710174898059
0.907484865317567,0.949121825595479,0.900091135993425
0.981182595781663,1.02629419905198,0.98059084467907
0.962907469785866,0.987701752583026,0.985676316156064
1.04803245877169,1.06726921911395,1.10241995722621
1.02991361648351,1.04004356698587,1.07126783618822
1.08838474024063,1.10963011147375,1.1380691309697
1.27001777015235,1.2964431688907,1.35936325444307
1.42697924103206,1.63268845838246,1.5661008192253
1.43947048732389,1.384508454671,1.56097007449821
1.63074068026643,1.71566957521126,1.71304967619393
2.0996975748738,2.26243250498552,2.22201730387465
2.1852244978042,2.24461249397059,2.2339100937142
0.952754027054456,0.945593465183846,1.00439768869527
1.08707320056346,1.05649693601497,1.24493645029246
0.897843963876748,0.920383280162249,0.93606330264716
0.992479907039106,1.04526040287479,1.090034469546
0.854892071096421,0.876586591788736,0.88545497308998
0.88214088842157,0.898874825299879,0.947498514397134
0.937299637340718,0.970408021771006,0.964828114921973
1.00485675084563,1.03951057870862,1.01409624721579
1.00067222539249,1.03385868000983,1.02623686641635
1.61148284499362,1.62356354024645,1.76952625291471
2.34761883214806,2.33602427749122,2.4846522708473
1.03404709554125,1.07264261598191,1.09840469735943
1.53743193667153,1.55893712295451,1.72486666817216
2.11712313909625,2.12187546918517,2.33948758619635
1.3964635320258,1.44175854957015,1.44416468198478
1.50414590415203,1.54347444728976,1.45164686076166
2.32739404717405,2.35367700439052,2.19893768639634
0.807747338436439,0.842855305701235,0.829309226085051
0.923694617294122,0.948501509769565,0.923457454349726
0.760852009263286,0.810667475405564,0.811535703928021
0.80746235243252,0.832695952165389,0.870172749348952
0.782398517526792,0.860733897491443,0.852721848270211
0.875925552182453,0.963541969082086,0.936910103111953
0.949995624142576,1.07442746041955,1.0903528348973
1.0453612918196,1.11876625281372,1.1510445958171
1.10759724483887,1.17058043086373,1.18519419195877
1.23998490391304,1.31630336856777,1.32855890864972
1.48697538992252,1.52278317562416,1.49317509084327
1.52655483666337,1.51658552747304,1.6663546750515
1.6329097891083,1.6370430871241,1.75681598653108
1.99407791627026,1.94776434651968,2.13013736289216
2.08026757614148,1.95889242652349,2.15665682763766
2.15474720012152,2.0804686040069,2.39998841075469
2.6467492170965,2.59971946556913,2.89813811180073
2.67014269686906,2.30498164654373,2.93634293613066
3.02156093589721,2.43012228005,3.13414601396643
2.9315717377316,2.41101389642477,2.97084928636584
3.70249040627893,2.87645739794512,3.77353739516713
3.45039728454649,2.9653883103445,3.81910388207193
3.74024408835859,3.36289304493386,4.15974860248186
3.96940518427163,3.24623141755221,4.32700856484517
0.695946466688283,0.746725571096044,0.738888856294168
0.733217350270326,0.792538410122742,0.769161922751807
0.673062062140314,0.716632258442773,0.697495520709137
0.740824050838536,0.796354809487992,0.769237614215837
0.646833371998581,0.698130789538757,0.648342670625672
0.648238857619821,0.699866621474762,0.638120221321019
0.740756904944429,0.841665430187514,0.734233205326997
1.22490439112691,1.40353587057091,0.976398968254801
1.19032943322781,1.18413254632714,1.00424714247287
1.75402640862894,1.79445324886234,1.53919515742593
1.75791642308246,1.70379835468788,1.53551188343057
1.73584501171647,1.75146502363618,1.54200175552167
1.28172055259808,1.59442614241611,1.04942985650812
1.8308888511283,2.15589424783523,1.54992266849199
1.82584936765916,2.12756975705916,1.5785866667624
1.82313748455091,2.11287651976286,1.58388321297422
0.635600028046834,0.675864716879368,0.633432522472495
0.731816689110839,0.754472252961538,0.73581350271991
0.589960888052419,0.631030361613549,0.581017624099086
0.602537178116754,0.641458468964511,0.590518564406256
0.58048596159534,0.625493777110521,0.575866481158581
0.621258015358487,0.660969767484031,0.620409935889472
0.621269278939383,0.678233326652527,0.603609543729428
0.677070029123496,0.730615390810115,0.94697186940108
0.703418043913362,0.786360501356407,1.0421380482701
1.279918144786,1.31314984762562,1.61787004229141
1.25364820414175,1.33363288552584,1.58492200649968
1.28632338717066,1.33194467108521,1.58450230202726
0.640500444253911,0.676788805464319,0.875373363446775
1.23833416599685,1.22989235410283,1.462947014136
1.2312203849412,1.25870244569952,1.417136002531
1.21755824520115,1.23062559264358,1.49912130976638
0.566685708146929,0.592552689721063,0.55674149309309
0.598622822782188,0.611367031965179,0.585786337428694
0.595470813844382,0.606177492155688,0.576971218235126
0.639506830320076,0.666812387771751,0.622304786749995
0.63506604644581,0.611431702918007,0.588272957904123
0.674438175836631,0.61098639401865,0.583310952818728
0.937432145028603,0.693050810121817,0.673021822295979
1.3968168628958,0.84232220674282,0.755481414553277
1.35702510164997,0.829480670653572,0.751704280888229
0.707021041897963,0.655769568868301,0.686992636318707
0.851646807333016,0.694309839367073,0.731976709305194
1.10224555407317,0.799110619067724,0.802862204828427
1.0924294259654,0.822141307194057,0.833004344023085
1.43116561158607,0.979165474862435,0.955731749934031
1.19660648763273,0.926128376801868,0.901364289302677
1.65174956382871,1.16037997932714,1.08766051019428
2.21333500533881,1.46169019392508,1.3720527866565
0.939424734355357,0.839949594725544,0.809537302543802
1.21766753143175,1.00501448177688,0.916055084561678
1.16161288544067,0.969117768133727,0.916387876476943
1.52731539844865,1.20612594901591,1.09096767712848
0.700202783407686,0.663321248407945,0.6125125657893
0.899720077440565,0.775217498127674,0.697961451719285
0.700784912527504,0.678722890505809,0.626142476189678
0.686267182748895,0.686071715616499,0.653794388464143
0.856080507519262,0.792308269806454,0.687309551824068
1.05518719123622,0.857915620051141,0.749893553499953
1.03515424201089,0.956847433168647,0.77405089956027
1.58861885991804,1.39340994391872,1.10311520039296
1.65482883663072,1.30684191600244,1.07554052144944
1.15018132355547,1.1265351297977,0.905683430739944
1.75625802328157,1.42735700214172,1.32022929496503
1.63996272476442,1.80091807084989,1.47830233169035
1.55415798804752,1.77467606014305,1.58524329077803
2.06998004544546,2.4357701152055,2.2474576713576
2.13181386868146,2.34655854345907,2.11856473437107
1.63472670309289,1.783775193641,1.5433356000044
1.85243429527881,1.90415563171289,1.59139335718926
2.14682820041234,2.25293666001824,1.98817608990169
2.84451279040077,2.89009287499577,2.78870607949473
3.05748994488784,3.06234111276228,3.01356217330694
3.38515662221941,3.3973023004177,3.29119792794476
2.50026244126117,2.55956896971387,2.03157757743144
2.61514694022241,2.60687226288648,1.92925909316277
2.94939436728769,3.00429122601535,2.48474270803713
0.848556867558633,0.791984624406539,0.691565471067137
0.857343006017114,0.81839110705604,0.731300372259322
1.03921373930692,0.971341382114749,0.859384188890903
1.20305266055264,1.16508975111469,1.06074328399374
1.15858263136098,1.04466396954203,0.889872218085816
1.16936061464491,1.04672074646999,0.881152123154637
1.39261698590923,1.13245622714991,0.984335924606577
1.19948135779493,1.15706365620262,0.989066862438134
1.38960992082403,1.339885933682,1.20123990326443
1.28516595832828,1.14062411253201,0.952505079847184
1.41248444393038,1.07709161828947,0.896430582021879
1.3888572934875,1.27247523188179,1.09612044855731
1.64733011042752,1.44157569535533,1.27966086890017
1.64314738996389,1.39408649312883,1.3598892954208
2.13624442643624,1.89858863885695,1.98918543445221
2.03724897878423,1.88158230859617,2.05444343665221
1.75551578939166,1.51603037540766,1.23170244763433
2.01636061668304,2.06992637661083,1.82099878726018
2.06161978491356,1.7432560892923,1.61948907508767
2.455600610632,2.14897333398052,2.12803627274036
2.4587164443387,2.16610642757508,2.05992520549115
2.47599428012136,2.12742451161085,2.11033850673776
2.51514400330968,2.12829661284746,1.94934308495263
2.95703887741343,2.60389119777452,2.45141789625259
2.98187820755097,2.61032903497799,2.49042711825514
2.94915959422929,2.57900668277723,2.46565110944602
1.36461850263757,1.27114413735847,1.01385639165344
1.46850668555963,1.24484314688346,0.978356438962637
1.54381445596292,1.41784134548609,1.1366575740339
1.69637341326729,1.53295376292807,1.26200328311646
1.77583084927288,1.51820585590515,1.22149967661957
1.84424734963106,1.46452945767483,1.20025800304845
2.26911708088891,1.73976386475433,1.4505006570843
2.7286240275912,2.01924261433293,1.87885536281587
2.55172330476015,2.22642590672048,1.9853137956776
2.64699326923739,1.85778671220509,1.68014471574534
3.05913633288572,2.38303483517844,2.23640034845738
3.13675251999546,2.26176683588805,2.11304361460687
2.77042752531975,2.02771852265899,1.96600751366393
2.92665297649527,2.41979541181171,2.28169196945541
3.01481199210037,2.50637220548255,2.41963388566066
3.3217888323507,2.35300436288283,2.34835562934647
3.60158191298336,2.6187460166777,2.5749062649426
3.66942016064564,2.77053571609617,2.69751511707922
3.87321942119717,2.79051458840343,2.98988174200506
4.1802043631639,3.10014611196941,3.33718470300103
4.18101750729621,3.1252336378703,3.40428841370629
4.19080366089923,3.12388485001158,3.30977341767262
1.73076558904723,1.61305881054925,1.29412287485481
1.78035392257729,1.77787297984308,1.43972028495155
1.80610836742177,1.62848883596933,1.32092801541024
1.96235148374037,1.63961508099477,1.35388661060389
1.81870863906759,1.73784537235879,1.41578894140801
1.83748829248842,1.8305156180421,1.50099266888564
1.89599021704401,1.69004758787134,1.35675061519026
2.0183758104998,1.67742580246009,1.35323034706853
2.03200704525879,2.09019906522654,1.51350142975301
1.98867564537215,1.80139471723047,1.29654587388479
2.04841671430961,2.2656599911804,1.32031986502009
2.27483781836566,1.60706752385824,1.32866830264494
2.55496026308478,1.98422757918875,1.73444604000398
2.61099735352664,1.97250697848678,1.72942771273902
2.60888454622814,1.95609776465513,1.68779182833931
2.1972583255699,2.45722272709667,1.49106886844818
2.47432142645636,2.79219037536576,1.85035914645709
2.52671454273862,2.91872387063904,1.89951209652372
2.55225473461087,2.87541800015784,1.88397769999673
1.91296405130546,1.88725116829175,1.60183883725684
1.93384221391451,1.80994729328174,1.62649061842621
2.09689649212357,2.19096361345611,1.85589469346801
2.18376291691918,2.36425665488048,1.97314244632188
2.32777416582509,2.42067760091409,2.1454621556511
2.36866461215647,2.36698276541608,2.13808599127571
2.74573105967501,2.89663209187702,2.62006713180777
2.89872357939688,3.02819320741299,2.7302304190343
3.13677821535626,3.12743379572008,2.9071190405159
3.13776812487904,3.0477214321485,3.12871412062993
3.6272617768152,3.19937530925611,3.50151399034853
3.54085764343123,3.44326044566318,3.68038952458827
2.30684127419956,2.42835353980644,2.19834312606694
2.46199728973842,2.53872486819864,2.39170036655968
2.24563966165587,2.42049207153066,2.16936865871897
2.23626543559798,2.42792160034002,2.12893956983374
2.33291175802196,2.51922817606346,2.33013022004026
2.52007251681368,2.69556841968682,2.52132853943705
2.42566615271553,2.61115184388796,2.40941775174422
2.4002904400826,2.59382620235925,2.35073087703453
2.65872693628398,2.83659856539814,2.69485060154685
2.69231605636268,2.86695798662633,2.58104506300461
2.96434398038223,3.14963754185049,2.8183104330681
2.99825615082635,3.11095328721902,2.76971672882071
3.03999846199322,3.20725286496359,3.03849329730212
3.39198235803137,3.49799063231806,3.42837624362741
3.36430644183621,3.5693042639915,3.45246610345909
3.36497088583908,3.55048948015432,3.31084590670341
3.60153569001776,3.82631644660946,3.54491295866989
3.62546522049248,3.82569981851986,3.59313361086473
3.87416631102639,3.95964709802773,3.76360954551226
4.18886310689434,4.21872838706517,4.06252697110683
4.15020978013144,4.25358018684167,4.05640686629538
4.18200917414415,4.20347656211738,4.03632905419047
2.23352611754832,2.41183686355807,2.32418649933316
2.05753954341556,2.21852215652526,2.14453791450123
2.40179983715745,2.59071571082916,2.58731658134945
2.70329802728681,2.9035693682731,2.88808475991132
2.80704117249109,3.04489906710759,3.00651662645615
2.79946122647691,2.97868545305172,2.92060333630013
2.37719665154727,2.5664825587953,2.68119064595407
2.33377278682053,2.4716455023733,2.59319755893234
2.68752252153404,2.91362623683436,3.09151907549383
2.83910702435407,3.0940975670373,3.29981375987854
2.86028938866031,3.07065341220853,3.32724929304566
2.88701388033696,3.06513378423659,3.14442176082765
3.15058507261363,3.32892445022939,3.38911411894616
3.11746377573473,3.20771683449494,3.30457645871254
2.27386887713912,2.45752590437703,2.62066345145184
2.26901479349303,2.39807528035377,2.61993184703075
2.3172947981983,2.53382021618718,2.67501192619221
2.42522040876627,2.6672076707965,2.76417966036906
2.3530882593848,2.53971239241435,2.73617234999399
2.45969643211218,2.65312492600218,2.91829828860234
2.63181321439879,2.82710337239783,3.02104673548098
2.91230654886333,3.10396106511246,3.32201589048342
2.89218730677692,3.03895619073106,3.30000419899977
2.92226925104464,3.12306179062805,3.19880882615254
2.14347797483086,2.26177810906879,2.42656985827988
2.23774565037298,2.29606022309342,2.48861581843147
1.97459155681478,2.13631571101071,2.21635140959944
2.01883077742185,2.26922200233413,2.31106189100572
1.84609786134254,1.96941771518537,1.97770499633677
1.91720097133512,2.02646022091319,2.08010082150278
1.85073815819134,1.95710866669447,1.84214064808843
1.86983611909628,2.00730987833011,1.84608750389282
1.83942314420021,1.92522050198447,1.75023127698887
2.00741940525547,2.08636658008991,1.99911079563301
2.14014995166561,2.23787108543491,2.25070437169775
2.08767234136848,2.16238562872132,2.06834257973315
2.36300466203258,2.44902451837139,2.37699613209751
2.38755246132589,2.38904702097726,2.38715848681029
2.35531736953064,2.46080089859916,2.32893398273301
2.16358447312788,2.17649321636836,2.15487972074371
2.46631876492808,2.45229615514798,2.4817104595474
2.44699100657923,2.47813982179892,2.47682490199058
2.45974314282214,2.43343281953813,2.43821808377391
1.74839737942963,1.88116531866001,1.86444415726369
1.65882469904893,1.78049009042945,1.74937546512962
1.82750882872864,1.96770194606389,1.95214835707837
1.95990700896897,2.09647363937793,2.09446493268554
1.79597915322815,1.93548934858687,1.90750643566702
1.7804336189086,1.93014929092578,1.88005837701524
1.99811937832188,2.13985425034417,2.12707422309786
2.32032278006673,2.42901806634834,2.51650883159557
2.22112445186039,2.34667021406947,2.3105203539485
2.46226547760541,2.61640998683589,2.56484031567594
2.8083147320578,2.96589354362445,2.89789265046756
1.66837455017184,1.78438169062687,1.76998308835821
1.59763415955421,1.69563848508088,1.67508244503571
1.69391697837245,1.80330384795664,1.81049520282662
1.80692495929906,1.90251213636024,1.9303694356624
1.63595668720136,1.72496890917453,1.74493304003157
1.63655050185013,1.71474922540449,1.74978963481908
1.816399105764,1.88910120983842,1.94691084561049
1.89107989837236,1.96450487966308,2.03167158373724
1.84405394924275,1.89727897134186,2.01234350156875
2.01679102642435,2.09211236095071,2.17816372877966
2.37345132009405,2.46959167816038,2.45069740013943
2.39757966513953,2.4220768535928,2.64226064185343
1.4866775730135,1.57017666826825,1.55894952470958
1.41263219737008,1.48282787629485,1.4625374342853
1.49679693299103,1.58536019533712,1.56946166229279
1.59782383728932,1.70450650235209,1.70479408523743
1.42082358001525,1.48963636169249,1.46168049490772
1.42158762766573,1.47597285894391,1.44112632192445
1.54271634821924,1.61547106789245,1.6266129293941
1.64678998262232,1.72526533435815,1.7507398090382
1.63269031222804,1.61539852455562,1.61637433921295
1.97331093036673,1.94059054171856,1.94726670893259
1.98155788123888,1.90449293452163,1.94799091558134
1.99593557305281,1.97798131327182,1.93565811427731
1.78634728866466,1.82760661758651,1.88246977168223
2.10365283198106,2.19276019010577,2.25078999528687
2.16178305171665,2.12257178725263,2.2050086961963
2.16523894013657,2.17914766020085,2.20400137703846
1.2968031162292,1.36149686336604,1.31666426977736
1.22061771944352,1.2678102636544,1.23026775408437
1.32918772923073,1.40179605785283,1.3446923282373
1.42821281855499,1.5117274346098,1.4630553540354
1.28113874740283,1.33180882911607,1.26873727273598
1.27051984274188,1.28894556534443,1.25856625851156
1.4262925771645,1.48005243553451,1.39855979185319
1.509235917031,1.5646801921304,1.48890470751095
1.49565004123437,1.56229753312666,1.48846088772923
1.50730850189501,1.51786534465536,1.42134984276107
1.53403307382597,1.58117434531473,1.41170259471704
1.60835775811431,1.64786271764952,1.48277280612105
1.94706397786082,2.08814983971133,1.86237818882927
2.0220068064143,1.98629117906712,1.86296564713356
1.93316091924031,1.99634663198924,1.81454367392406
1.78849165634303,1.87597837054502,1.6568559956217
2.13908231970148,2.23014658117746,2.02890815030926
2.15262693161205,2.2548172239855,1.99714076114009
2.15162667876054,2.28399991085007,2.03518588375797
1.18882373585484,1.24009734984362,1.18415049816787
1.12635990651125,1.14764318760093,1.1305109663192
1.22227663686503,1.30817398878723,1.25249227809951
1.31589062208525,1.41377201044215,1.35649883578761
1.1739985009245,1.27603497596668,1.25909097295146
1.18995405668779,1.28032673390086,1.28298870927642
1.29737637168703,1.42718867609655,1.44284860914031
1.72717326169679,1.77947282316993,1.59573959569374
1.57962660262305,1.74106441966893,1.81437865127255
1.78057114380186,1.86055857414616,1.92020350839681
2.20093951280266,2.32783071072043,2.30005976313804
2.36513006072305,2.37796030225676,2.29979457913198
2.37913574430481,2.4465082962649,2.59813271631654
2.87570541028227,2.85376907751435,2.99545843556397
2.61518390306389,2.79769207158774,2.96555706912273
3.11667850987995,3.17470467056745,3.27930777054414
3.37565026356638,3.42092618246285,3.52406423225831
3.45170670750935,3.50162703640194,3.61031632729301
3.95103138305856,4.02802070518737,4.03784324857255
4.3271057417928,4.42083754835025,4.37438656965873
4.33706580543694,4.39303177240693,4.35012802648872
4.29427742924298,4.37916365968296,4.41565447524362
1.05753679623238,1.16610449942791,1.16447537168641
1.01427691701461,1.11853191208472,1.17568655220123
1.06040218085788,1.17168404509303,1.13721595833041
1.14639129961502,1.26035398123657,1.20382054995615
0.993779273745597,1.10951881696102,1.08144367542027
1.00018825983259,1.12729782585629,1.11837203391933
1.09737542411288,1.21442704496363,1.16520891996858
1.2240857942907,1.36173102635612,1.26690710754271
1.15783963344404,1.38645307646671,1.24958463314831
1.26563367513743,1.40016595566908,1.35790290638372
1.63564855332701,1.79586569611828,1.68853729732457
1.67711963773129,1.73742001192699,1.77695361718262
1.49504191311985,1.7262046101479,1.59055432426469
2.08483047454925,2.29374726189118,2.16082893477515
2.04436740014424,2.25759398879868,2.11829499861261
0.902420279247126,0.990058407131633,1.01314377185386
0.86294774142011,0.957171105060267,1.03705813264732
0.921567798664276,0.979601484657841,1.01948723847479
1.0002721133784,1.06525880445597,1.06909671349853
0.886658801193467,0.903423364117024,1.04923637214464
0.879979239111035,0.897355451014481,1.05962753121982
0.982624475084179,0.97084607657172,1.10531747114798
1.12955583939934,1.08619542825127,1.17026220802822
1.04125214352963,0.999575082578272,1.25065453966002
0.983152057925022,1.01784084611304,1.02778980793333
1.46372743357083,1.59995735689586,1.48528571007237
2.19793310333863,2.35275107254117,2.24475255658568
1.54584555521118,1.7004853656885,1.54198904023829
2.29148926972113,2.47795543197624,2.32980603990319
1.2078409525712,1.28437062080026,1.10570331884911
1.40243027700444,1.48037153385424,1.24610977554392
1.5591248928237,1.58777235939459,1.42157422602055
1.62969900315032,1.60641047277338,1.66359439700023
2.39682506734802,2.36754165545571,2.48519488753046
1.70283337247407,1.69058453514995,1.65846771228582
2.47953741670371,2.45879353390338,2.44579989511359
0.859870400775749,0.85942237980688,1.13784774791865
0.892776520189926,0.857714610131817,1.3402354432336
0.893604953012074,0.919192755762373,1.09274703567465
0.964471079115878,1.01160064355395,1.0507382725025
0.924064409581698,0.941951835788267,1.21983683261003
0.94021164180014,0.941982874028657,1.29540471099322
1.0539725352234,1.04311641954911,1.30611667766362
1.12551576818715,1.11381638497095,1.48698786853955
1.11818343108274,1.12542975021191,1.31351274347081
1.15843244456449,1.18023035351546,1.34075361172832
1.13627871760525,1.09307759434448,1.4137911353429
1.59714047867086,1.54004296895259,1.79420411343696
1.51126613215538,1.51439164781728,1.80304493614756
1.57044694074629,1.5170401501109,1.78376390680679
0.898250632308283,0.958549689073874,1.28565104525966
1.00069962589451,1.0844834818785,1.43484085945959
0.852950834418793,0.942792729486628,1.26368394315837
0.893825188177432,0.984525654655276,1.24314231773035
0.844839584894503,0.975489861325947,1.36342919793844
0.928224669784469,1.05764679764972,1.50950241978595
0.876176193053813,1.05073236935451,1.35267596317147
0.886463519135423,1.18215006887417,1.37421199505433
1.01194517441879,1.20249699631329,1.44469686335068
1.01646740948789,1.2597840752964,1.44998529798584
0.94674814446103,1.18790640047338,1.54660104825993
1.4029923997467,1.61461953825691,1.94022107209123
1.40708179331849,1.62380849008885,1.94276119577982
1.47077185207683,1.63943923826411,1.88717359021876
0.792466971199525,0.921076540990152,1.39724127697646
0.783947852917651,0.901016657547813,1.29974721784948
0.858695868735217,0.995082881649939,1.6103356889133
0.9677627982327,1.10712989931991,1.75554178337032
0.874898317512695,1.01249808623554,1.69949335928338
0.903471115727184,1.05819733517856,1.68414000041496
1.06413226894479,1.20355778254948,1.97782916094972
1.48902398414686,1.59261688260771,2.30033494578081
1.55412252028792,1.89071683812925,2.31960406310902
2.0477350667807,2.37257952455274,2.65071505190128
2.04316554416141,2.37453010653766,2.74428690379877
2.07944663033925,2.39943041645545,2.67270125921197
1.58417272587716,1.60275728675702,2.33529956452476
2.11575184008839,2.12004991320005,2.77975549451274
2.16772600908827,2.15697026123982,2.77359303359468
2.10031007908466,2.15851532884433,2.64140716144279
2.54560718353854,2.60836058815723,2.9915222579124
2.55238344260537,2.61820628658195,2.99530354522358
2.54861647929432,2.60923144153092,2.99480143349183
0.81855882927166,0.941768244666074,1.63749190497469
0.864902122215501,0.995343515233119,1.68953005053292
0.840147490530864,0.967393828905082,1.61686021115804
0.909099634917789,1.06131532038305,1.679098404079
0.885002178899405,1.02833037646393,1.61409539969328
0.984170226355334,1.1536634703928,1.69544719013327
0.949612864690851,1.10179810650437,1.71084685693706
0.851401860119419,0.976953350110929,1.47631387303159
0.989094650615719,1.12411043630297,1.63184637356875
0.786261280687956,0.884036084620687,1.27645466666307
0.825934809632647,0.914105497590862,1.26832156528258
0.775866152738107,0.859617368412592,1.17198134281917
0.844774480135524,0.937936094151117,1.23129329104433
0.793480710297212,0.869640701295748,1.17619867880885
0.929894023678515,1.02565224546793,1.34435101301263
0.881676394195125,0.945537962372224,1.20605859022184
0.914029220474801,1.0008013401424,1.14405397701489
1.14251328091142,1.22995389833289,1.27796918328783
1.03429898657135,1.12188424312779,1.18211459657093
1.06191862288397,1.1169738028057,1.24272540813951
1.22714350347037,1.34264083835699,1.2734789309086
0.75297616559226,0.812057151319792,1.04610521952349
0.757174257193938,0.804249348517082,1.05703366871249
0.826543897813919,0.858679236331243,1.03012161828805
0.938109196367528,0.965050522793814,1.14612744461757
0.843217198567505,0.844049394120236,0.957212020286134
0.798637077965895,0.821530695535124,0.914378158983174
1.00470039704283,0.929654020386315,1.03831329850881
1.23670345888094,1.02570765633865,1.21745732909847
1.48521100683734,1.18820315353386,1.23296833077677
1.96978335306901,1.6707170156578,1.7054437752013
1.98358713500222,1.65147551087072,1.68734096017774
1.95595173404777,1.65369237924837,1.65695586165961
1.40027332442586,1.17431065536088,1.20340008876358
1.98842212864382,1.67196188720602,1.75152602061284
1.95399186637623,1.61741414359606,1.75423448356192
1.69173707313523,1.44094506538255,1.53253362884454
2.14977062837359,1.94062836752267,2.05853541534574
2.13759415617137,1.90416869039947,2.0480448355672
2.14039549813622,1.90746574487173,2.0129135117389
0.891197006700125,0.867306197663307,1.01042864357702
1.0735131960283,0.993663965869765,1.18860849743437
0.845593479283678,0.83460830308572,0.950533306689234
0.828065797681714,0.829475612723457,0.927397903681914
0.93680478912742,0.885019349293562,1.01628037118059
1.07776209337618,0.983031166390126,1.12687067810401
1.03480532810749,0.971046490278145,1.10959666769162
1.2627479032302,1.4471194612921,1.1119413555079
1.43594612079154,1.69483234377614,1.29810648724696
1.92117175457711,2.23647974370469,1.65639855968585
1.90217783494138,2.20912744756352,1.76922953067476
1.87828099036544,2.22636306443436,1.7132337522215
1.25085708383054,1.44185194672463,1.28108492222536
1.72215848163483,1.94071601893204,1.62916132367246
1.95452542893891,2.18614895284113,2.05352312199506
1.46023386942137,1.93675672192387,1.3542701664355
1.95567016007151,2.40871881299388,1.86024555062076
1.96194660733681,2.4264874273875,1.85634150480415
1.96302092289897,2.40115081980843,1.8595225896065
0.890873313205469,0.84447050368571,0.953072368192931
0.865787311353464,0.854228773991187,0.922011996042543
0.983180079240763,0.940955731698421,1.03375578764628
1.12772261821749,1.0817052420153,1.1675722790614
0.947372553800175,0.942665959814292,0.992334146677891
0.946685754606104,0.916657390223085,1.01003457350021
1.06008415937254,1.0483862714089,1.07146114488734
1.40772413483655,1.22930127029969,1.54817176807167
1.51777824249314,1.54892530427408,1.75753693261465
1.97885966591128,2.06057161425508,2.2889978263615
2.01939559942926,2.04551157800107,2.26818225347507
2.01151925939081,2.036117912286,2.29342762820498
1.3733377670855,1.68035771154027,1.54212838672437
1.81129946773607,2.22762923710506,2.07203031968064
1.91825898934196,2.15976328706282,2.13761935916525
1.65491474286734,2.0032247674212,1.78932000260996
2.06166976671275,2.35279334715645,2.16822639505916
2.11284432388226,2.40591004497722,2.1531177000329
2.07900290994514,2.40107445143741,2.21085767934006
0.939205000978206,1.02631921587643,0.981356462360781
1.1118875264662,1.24858322132992,1.13341903203396
0.91003704719895,1.00041301822448,0.96854798437422
0.952782379026184,0.98240301283164,1.04024232908868
0.992985525944893,1.13714537553041,1.02459531028357
1.09266957132605,1.2790841332749,1.08899039509289
1.19187811780595,1.30539579059436,1.21884586571699
1.37668280411191,1.47252246951406,1.37293141560311
1.21845973159668,1.30510141238923,1.24204011339584
1.39897960370256,1.54189126261095,1.36023581555557
1.86885705426076,1.86933774125442,1.82288922162657
1.88306640939894,2.09933308257464,1.79995871881582
0.929605619747514,1.07877465359178,0.943775296467881
0.975028026864093,1.06647134871014,0.96538217193964
0.969366577466975,1.1584043572271,0.962282259953118
1.07284504600088,1.2748127268742,1.05105001042973
0.984926665945725,1.16599626693946,0.966137520763117
1.00070807393671,1.16390077136805,0.984381862874007
1.20427800460415,1.40131765979209,1.1700775143215
1.30505225947213,1.51878202327799,1.27681842787232
1.33037321368232,1.50280162629777,1.26792889412198
1.40884475801501,1.55683660399809,1.33464446495616
1.7919832847235,1.92054046184537,1.73114161253647
1.75323560832614,1.85537873189962,1.65766697140657
1.90511582814545,1.98937460658875,1.84912559222005
2.44895876111075,2.49771706383105,2.43388411894954
2.39860628819094,2.44823368223816,2.34048067611561
2.3073754935874,2.41403438272769,2.28037030600051
2.67446249414017,2.84095071228958,2.70783809087309
2.74606440851571,2.9016020876379,2.7652283614572
2.80628636677344,2.7549718429775,2.70028640978157
3.1381038393107,3.08051964945567,3.03287742880818
3.17155131633939,3.05106757796115,3.06026848773236
3.16223711963441,3.1083453434426,3.03548641052075
0.904036553229755,1.06575087187361,0.874884188858324
1.00910946732024,1.13934647114608,0.9315036374259
0.882856843980956,1.03891707984896,0.886898100349781
1.0106654242454,1.16220880933778,1.01530408743183
0.828370649799257,0.95244753218055,0.824288722267695
0.858343759487729,0.946594461400502,0.863442760917435
0.932171198371206,1.04535399730156,0.903927986343861
1.41444808821883,1.48690652920146,1.41668972823684
1.42210557834641,1.51011682470112,1.37353541191659
1.43549722697666,1.50905113017429,1.41774612894218
0.799319930506088,0.921455496084263,0.78415237238361
0.874417430806093,1.00441983939569,0.845296065879555
0.7913132507716,0.885281760038687,0.770591829697816
0.846424071783146,0.929402048725707,0.831664889521503
0.797347863481139,0.87370540003848,0.756992347181308
0.812139059881329,0.875748224549469,0.761770207830342
0.8240809842842,0.887306934669815,0.792685293332914
0.87194349099077,0.938312490392761,0.850229865049852
0.919661902053044,0.961245863271666,0.869778543292952
0.774495695162739,0.833098950866143,0.759409891341704
0.822423410809787,0.854550849777645,0.802270249547015
0.914623741594442,0.929226094551611,0.880448823225189
0.831369865288673,0.856569787480605,0.819684719336145
0.930936110903023,0.932794451867492,0.914826161437378
0.790927585857847,0.842288139705924,0.796549920776462
0.845021992371625,0.897553130946124,0.854533518187052
0.762335791807832,0.845850927366557,0.764714297932219
0.819606470174631,0.916753724847803,0.82436531987736
0.770050851633931,0.848346219777107,0.782865471159723
0.834151272783737,0.919665241939218,0.855299335676009
0.826467372615151,0.911010427123548,0.771622070707931
0.984677238869069,1.05570446127953,0.919752881208942
0.78349213783279,0.888303376749288,0.721412685674756
0.821420455110372,0.930858651647361,0.759914248325124
0.800820054590537,0.918074176476106,0.737879337905255
0.870954327486917,0.992756539030343,0.788666199054591
0.899130045878264,1.00855749815608,0.8348581123063
1.17740745973814,1.18783830871033,1.02759079888342
1.1620526505245,1.16330257234314,1.07834596108594
1.03949737613691,1.16806487141367,1.05332912521412
1.74187084073149,1.86018175725073,1.76605021278575
1.56164879862881,1.6310258377179,1.62948351640345
1.44919845680599,1.54780988397802,1.5222334066027
1.56095991385477,1.84980577736222,2.02170083349024
2.06888458096853,2.28660389418602,2.47759902110128
1.9782093217932,2.32128461294738,2.46610260961909
2.0363642547525,2.29006649086732,2.49667751982739
0.741646490790355,0.871259059651308,0.694377251671755
0.749494273675002,0.87735103574379,0.727839508216531
0.787590713647475,0.92141514702297,0.715322366492138
0.895990890432368,1.01830900622908,0.804446290663973
0.772568568690132,0.919868109772671,0.70002932430101
0.765543760710462,0.902143866357401,0.712372249627187
0.894935572102444,1.02898063959747,0.824547553825807
1.16289436260606,1.10455649063133,0.999273265540679
1.08097808178011,1.31688092476388,0.992671285883994
1.07438597052655,1.55654663709243,1.04793767016944
1.32659377032898,1.86842589954184,1.28913251565533
0.758131130080754,0.911375192644323,0.673037439812233
0.867423934304815,1.03559253741007,0.760556091219617
0.704405176157499,0.82564105418841,0.638560920954489
0.716672060313596,0.817373659892313,0.674655946927547
0.716695655358599,0.808230493154695,0.62233967605331
0.808650922256805,0.925560342513435,0.67014234182999
0.824414963578887,0.792235438073134,0.657148895633466
1.41175930252937,1.23556190029223,0.936645265055278
1.71206152174626,1.4172508769645,1.00516714580941
2.21103390478878,1.94479748689823,1.30485636111263
1.10352236404054,1.21908810254591,0.867318268511113
1.6759954652014,1.72188978494239,1.45294897278576
1.70996551414524,1.77290559793545,1.47226924394974
1.68211020039493,1.8026513936409,1.38392978118065
0.72690709169238,0.842577193437164,0.622100205231059
0.828525477405162,0.984814967108984,0.679676923428781
0.785965340834934,0.873309858298579,0.663978095555923
0.892419794330757,0.942520311223805,0.725920706874681
0.806892300357139,0.925379691845751,0.693276839549998
0.892852396579141,1.01261081591754,0.765655785637411
0.929856571902841,1.05366973119645,0.765757763974258
1.37095282104436,1.18220174338928,1.09804788988278
1.06793576719952,1.0438738508347,0.998132037499551
1.66170029754659,1.18343672707133,1.27906404555302
1.79850589757873,1.45535161176787,1.54536196427893
0.757767444587853,0.874628185881378,0.675542914211067
0.791069526586297,0.867023339905902,0.697037587606183
0.803858606252161,0.941368409153089,0.733006653916823
0.954523614724231,1.09710963384912,0.888690190058718
1.0352453142385,1.19362851938114,0.99213986179393
1.11057040280686,1.19545237834755,1.0006380773534
0.869422808505852,0.976245970770932,0.785953797403213
1.03574737210754,0.999636309364542,0.887551165507374
1.03996524968692,1.11281688436567,0.938794466539357
1.15645479780019,1.26717823729666,1.05156988924214
1.30901593771954,1.26990925146162,1.28710385049876
1.06164922165804,1.22222883933325,1.04196139867378
1.14556506346102,1.41225933117504,1.2589373624558
1.37456197531636,1.50259182883,1.43295373577209
0.853137732856128,1.0144288138691,0.793975000143556
1.15711543384468,1.23548559509811,1.00272228995515
0.819784231978316,1.02155536081259,0.831100134345824
0.886958443573771,1.10824117469679,0.89101948472362
1.07503258626146,1.13999507564961,1.07264298315388
1.3218136252728,1.26582108183119,1.37240660081214
1.40175080023897,1.35218918816249,1.26018803959588
1.88371404087234,1.70297734434403,1.54916982519229
1.96136741463985,1.48729390190821,1.6940322929194
1.74186950915727,1.79675880513148,1.94510907691673
2.32796208883093,2.31017648490095,2.65648123994643
2.33906589936878,2.36978819885344,2.57547317901404
1.05197976007327,1.09783561543312,1.2365830487074
1.42406799479066,1.77798322714722,2.12558919282115
1.0942261982717,1.01574749679192,1.11069157736152
1.39218021544081,1.49276177849364,1.5586103906727
1.13629276891095,1.07892291209876,1.25072460703057
1.17564866332834,1.0630500246829,1.4837381216591
1.33350433900879,1.41727863030376,1.37890857507285
1.73885800004192,1.84590869541324,1.81978783905115
1.77870179216245,1.74847773481514,1.8661002990024
1.66727758779899,1.93810145923825,1.53507718222279
2.22320840732161,2.43319718330768,2.05636750477165
2.12424846036585,2.3024033862182,2.18023825905648
1.94312842376873,2.51529303609363,1.58375873200476
2.3017760038731,2.9666634122114,1.88264995693021
2.24396456703626,2.97316040866844,1.88231447776152
2.3519476792314,2.80488227888054,2.178415312308
2.8128453242656,3.18280057373963,2.68361993982183
2.54286502807328,2.92898711739753,2.39072418524035
2.94265991783877,3.3572469209729,2.91170443054793
3.33508444368973,3.6721877964776,3.28805999107066
3.25676099047575,3.70167534164091,3.304054368928
3.29196427274166,3.65901465951189,3.31464903823466
1.13429604173402,1.15359658713213,1.24651024296433
1.33812348275857,1.43575527350367,1.54544127788944
1.02333624259894,1.06769533694619,1.0607449114894
1.01549408314904,1.05216071134845,1.04177937679271
1.03166081506771,1.13539700898793,1.07492480633238
1.09661094878554,1.22579922246572,1.24598968974452
1.05530970604637,1.16649698201483,1.17385390422582
1.49855088173746,1.63310423625331,1.59461162075839
1.51608726166699,1.56165978603816,1.64086316430352
1.47587183513957,1.55589171931388,1.58504880104093
1.06547504194376,1.1958097209754,0.989625474106377
1.12756371684974,1.25516601396334,1.00455317325026
1.1243106504133,1.29335947432366,1.0514926014037
1.1743515556488,1.35594806349367,1.14336278024967
1.19425093687157,1.39436349329716,1.09118518488383
1.259557423724,1.44610272699906,1.14557896829952
1.38955087760125,1.59822203814079,1.31246303233745
1.54579042795262,1.85115983659551,1.68656085012609
1.6037697142322,1.77964051330149,1.58149733348768
1.70034640602929,1.9925187980544,1.71997831412571
2.41515481650826,2.76643695222288,2.5914205125828
3.0189551915035,3.26304310467011,3.0883373886981
2.72467110171166,3.26680108959111,3.15944517607602
3.28841397941105,3.94129798511468,3.89522444943075
2.5727751845186,3.04136321191819,2.90001600430902
2.13494719146335,2.44397685656657,2.17259341294101
2.8667831899988,3.03667447239296,2.71390817567927
2.99683507529855,3.15909637102819,2.8118216354523
3.79872953117764,3.91433685849158,3.62392183761548
4.62918889881415,4.66400496125204,4.32816587917573
3.27753131540782,3.73754508579234,3.64633112092934
3.65578416025621,4.27458516485788,4.27629150748001
3.86560093247218,4.09901624490493,3.91882406700825
4.61603816940024,4.81080132448673,4.65666363570656
1.10346039893321,1.32709178192199,1.00018390339879
1.07170456814667,1.31882857014198,0.983219042898971
1.16672918057055,1.36621919618662,1.07076487313163
1.30258335757736,1.48080887043194,1.20550161629113
1.12496034028975,1.32188374273271,1.05771437952455
1.07983665343208,1.26212213417177,1.00885992840537
1.22411539604689,1.41936385232018,1.20403544921627
1.33375222203366,1.52650332470474,1.39279255824916
1.25498416804717,1.43588442797798,1.46635260763313
1.65020939867085,1.76366153660582,1.88640167656057
1.61598489539964,1.8232969568118,1.88262367288011
1.67108614100408,1.7745284424355,1.91145599532734
1.33455787280136,1.52047965297702,1.43089066809665
1.75274167831306,1.89655157662917,1.98404553056325
1.78736676028796,1.97489506109561,1.96272705930599
1.65830764440494,1.74162519222718,1.69485187105559
2.11927928389502,2.17584516716929,2.14664605058625
2.14333637425077,2.15859530571479,2.18076511539374
2.12669680438695,2.20494386663503,2.15562083653792
1.13961995735644,1.33425996218365,1.07724520618478
1.2783549496961,1.47323483599134,1.23197556324857
1.08049760830402,1.24430634873762,0.995952056143888
1.06903392382733,1.19697348533299,0.96770769496745
1.11433265176544,1.26701314257979,1.02870337567708
1.19983256088686,1.36404701343238,1.1273128281188
1.23057970357471,1.35001398333551,1.11534434938308
1.57112341320227,1.65375320949054,1.54497623284407
1.48300197236119,1.57218241625507,1.34449908857135
1.37363163486183,1.5098738146575,1.19507231751931
1.97341577085332,2.07080564126742,1.83041013160179
1.85597639843691,1.92672793598569,1.59230963370369
2.35091192964103,2.36374096339214,2.06100110973112
2.13482762377857,2.20198762468619,1.85641585491134
1.05760513511358,1.17991151325086,0.973727000909453
1.02198833449578,1.1187362474006,0.952205172543326
1.1384433512049,1.23184251815952,1.01613366941241
1.24142248465273,1.3467758592396,1.09991054142918
1.16305289459283,1.20192389347523,1.01892278617584
1.20408314831459,1.24277372488361,1.07318393545028
1.38091325093129,1.36709911732385,1.16521222488282
1.47262906894537,1.47539783553566,1.20610868618344
1.46981163773775,1.41788422719921,1.22773834127886
1.61841271822003,1.57278913092255,1.36178789357742
1.9853755257977,2.04017541827942,1.79565834470096
2.13616997742428,1.98414688182248,1.84553783929918
1.03404105411752,1.05303632865713,0.901020327164314
1.04620249958943,1.03712243159272,0.928229191195524
0.975351627889444,0.995965083332286,0.832787945582501
1.05944802449362,1.07119353060287,0.893529897941333
0.864586642933905,0.878979741932981,0.745271755953784
0.853859262029593,0.855531896466848,0.760345045312294
0.93312297137596,0.917155487351303,0.763153178330282
1.01857670874855,1.00010081357581,0.817458587170021
1.03874290476881,0.996151326481868,0.835169069387451
1.20780668261914,1.11338457182588,0.919902197375208
0.905026767875417,0.879655934839592,0.776184891537762
1.37474789953925,1.37880942229716,1.3100982651123
1.32524307224044,1.3714369927457,1.27941008205573
1.42895351456119,1.33364552197168,1.29889642616055
0.778812555588293,0.811199330119646,0.694428455854972
0.854493393313925,0.900010305385811,0.770859259103731
0.688889862770798,0.714614992446322,0.643511221562494
0.703751214421002,0.725987372132177,0.692587978886195
0.637071460758569,0.652339141845258,0.596077530114751
0.699339889704881,0.707348003230289,0.646174171620717
0.659525312669549,0.678778218715744,0.65616659837606
0.706167725940242,0.727460423265185,0.801405833622398
0.713539120398586,0.707122722373243,0.807127598482774
1.23095541024189,1.25961157827063,1.36268914871243
1.3129521457605,1.2701401720481,1.35109242056338
1.28454481189149,1.28574453976687,1.38451009340087
0.783273409524011,0.843453517262297,0.883928361728001
1.14568867413228,1.34797266459554,1.35030625547928
1.07593078257725,1.25615884713534,1.34563902151978
1.00478012873048,1.15220578441624,1.07330672619874
1.54287659168536,1.71420743753213,1.60722615976071
1.54825591275788,1.68453782235091,1.60693347125566
1.54728949202393,1.69814817127245,1.61138632916237
0.595175350385272,0.592037594354382,0.54498896029679
0.630875973774109,0.62332902580921,0.589373716888177
0.619842679958716,0.606755438565761,0.556080734785133
0.68963987425394,0.679382058919364,0.627731942085458
0.623059758454742,0.585231792494368,0.535693830135959
0.621043121463703,0.589371804756821,0.548371880368618
0.745875532209303,0.670254289357866,0.614931464710878
0.842918951697636,0.728366140040155,0.685008343023273
0.826775223549784,0.72626672093723,0.667326892424229
0.826268648507033,0.758069859303386,0.698418428926958
1.07917064725326,1.01640527410194,0.913569968199223
1.17509204028218,1.00284062969692,1.04099424382087
1.67033851774472,1.54447876304931,1.56357054417296
1.67330799568248,1.52477062602787,1.5867628812851
1.66747602341734,1.52475160063682,1.53865424261767
0.942793253031727,1.05420498991087,0.837018321057774
1.48503925056065,1.56890195957268,1.3673336320742
1.47252923319266,1.56274625102757,1.41363176859798
1.45451810746854,1.59983689963448,1.4033764625205
0.600743728958291,0.551129329431594,0.525172446841557
0.668324288145839,0.619707685233952,0.616275894548384
0.580760100787775,0.531905904451994,0.507142657472334
0.607875638611269,0.572316621450106,0.546888195020015
0.57874090827816,0.526600575162131,0.522755423962317
0.61400160779175,0.561961313178218,0.558298978632149
0.641992779112126,0.591129078522518,0.627222953716168
0.956142756408766,0.736081540929846,1.03600329475773
0.96187023602245,0.717552072238657,1.16426967867405
0.772266938732424,0.701753225938098,0.930653657353815
1.07943747559575,0.988420474418063,1.35277878101582
1.36697173613692,1.17793856049303,1.58137261597316
1.68122810525478,1.54333638114649,1.8067218915234
1.6992582692553,1.35357946797429,2.06706161186232
0.571877537787874,0.516230931917272,0.524341858733898
0.630951930145131,0.556206277026075,0.574578509187267
0.56980172984165,0.54030912798664,0.542550747890385
0.601031498088821,0.592003817028971,0.589833034002951
0.568130441852056,0.552225744055048,0.55350489094851
0.587980938675915,0.570534462567163,0.583034390493217
0.606902991222598,0.604154298623893,0.59731280570191
0.66446310530284,0.672535958826265,0.646387047218154
0.705340465202827,0.714411566361894,0.720682127989451
1.28746150744975,1.29338301800665,1.28872533328584
1.26034495589972,1.28037713658779,1.30706578079139
1.28582900803952,1.28724656192873,1.27813557845355
0.666247296768516,0.670103116836877,0.667403463615405
0.963916452084895,0.956161854300908,1.00011941706726
0.971584543388338,0.961252197134972,0.975204725702411
0.864844746319296,0.863207594908889,0.843947919672278
1.446595375577,1.43028048755933,1.40525062995053
1.44008190926423,1.42312197751697,1.42882385860232
1.42007296395406,1.43408561779372,1.42442970097777
0.575290649690272,0.566547746694911,0.558873513545968
0.617287944336653,0.662232194378898,0.596657662094315
0.596407709380331,0.579176607062205,0.590391100171248
0.640599388122445,0.634005000704974,0.634243703363623
0.612883479157869,0.602519050138187,0.620987824125086
0.632178008359635,0.636583261825659,0.648468196842608
0.672633940823956,0.654231649981771,0.705186069763999
0.739619707133727,1.07601190402752,0.773558533016503
0.739026590175917,1.0737720108238,0.78218364979086
0.714732745725737,1.34841388174318,0.785007920451583
1.13473964895933,2.21678940606272,1.14963942970585
1.6554713122387,2.60531446195695,1.67762249559863
1.24925894543925,3.0758182431952,1.2831518446315
1.8085319691809,3.86120620021003,1.83563281058399
0.991926507456841,3.27812979410607,1.14289404404924
1.19816793846392,4.27431700324033,1.38693816091421
1.61401747697594,4.58311304942998,1.73124318769143
1.13949366421132,2.08320950809735,1.31767564531013
1.67499534008991,2.4267954269736,1.87418243186529
1.22468409058049,2.95201250107958,1.44827136898674
1.76240899240706,3.66925815137509,2.04302932870072
0.62011701800305,0.613943079027562,0.625230862524669
0.670258793489255,0.658234115294714,0.675892184008759
0.637976454966965,0.650529327625356,0.664860308865676
0.677757761302172,0.696565959731218,0.721504846378677
0.667335547137272,0.687904846222403,0.690018714943482
0.703946620585139,0.709586926727197,0.72226910606255
0.667131339609677,0.716168816185946,0.683689647596233
0.742494601320784,0.836540947352025,0.78952336940403
0.753436947730866,0.860506458822392,0.799099295787766
0.634601481686269,0.680201645993204,0.656231830757521
0.719531453145403,0.826843486997451,0.782685174796767
0.714366098434729,0.822385576540234,0.783697270139252
1.31233598220807,1.40043128859384,1.33028842774634
1.28063817226466,1.37420085605751,1.33548262861003
1.26515157268852,1.33721966106188,1.35638358363515
0.727670175555897,0.830035923956997,0.76888316362573
1.26562951437591,1.36309198684957,1.30777182510329
1.33522583205231,1.38255468102458,1.34841978677168
1.30054256562657,1.38680119335567,1.33970276567309
0.740851413900623,0.753797239348758,0.783758228249057
0.837838815938291,0.84884325567032,0.912819531123649
0.837214527499714,0.833097855910839,0.874389024547694
0.920854132649053,0.901121033056676,0.953388170162282
0.933730285704457,0.917450930490927,0.993769522472017
1.03862748672931,1.01999126755106,1.09897714485267
1.08697152177474,1.0655823858394,1.19226357380591
1.28335232815066,1.20575855840679,1.46022919648148
1.28028095586181,1.19891678348385,1.37854391215025
1.29670133779498,1.29101656883265,1.51503916749739
1.74335024371141,1.54279237307103,1.99328334197443
1.75230477232986,1.57695042645959,2.00247172159152
1.44290060868611,1.44605109578959,1.67968581458555
1.99211210844327,1.92420470335428,2.20762102631993
2.00759346289932,1.92437236828174,2.2029281341341
0.925901107736586,0.866950011404111,0.977022169974385
0.940866673969497,0.849695098289076,0.988807880179358
1.04534809783863,0.993657302250396,1.09133737029024
1.15535295978094,1.13660986980477,1.20370074062985
1.12250655728291,1.04292303250766,1.16214247127456
1.18834109000146,1.09153780720826,1.21430799445744
1.33327836477338,1.29263237296734,1.35876822577758
1.75899762994839,1.57460166121289,1.62556163425211
1.70822212184646,1.79652815607093,1.64906673134962
1.99006411472688,1.93336227397021,1.88147517305022
2.49670777272089,2.45086872564733,2.29452518592846
2.48531976926806,2.40155527481683,2.38641396651665
2.62304176835136,2.56304648945393,2.43770142470118
2.94147855777059,2.85810709020123,2.82099115708257
2.93544605593288,2.93682358065794,2.81752602216408
3.39334970840059,3.25699085370351,3.0953842527826
3.72201783253873,3.47042626972479,3.33801285195587
3.71374920260418,3.70198972016144,3.48546735100835
4.11472903909839,3.91841220181338,3.8296216975182
4.4736438807603,4.25012658032344,4.18564241591379
4.43148485794554,4.2427437279529,4.17871869075762
4.45153142372498,4.25817301780423,4.15924740224258
1.08885614775696,0.984405829312722,1.16431089370802
1.13922266111373,1.05694462976225,1.24353918046808
1.15814216615474,1.03775658210386,1.24389020806113
1.2548177963388,1.13789159500752,1.3184833647662
1.24661644611869,1.12711209231659,1.36655033862818
1.4052717191005,1.28347956697254,1.54463156620904
1.35558757247206,1.25353699020146,1.50171441066184
1.13759926136435,1.01635776069687,1.22934797496347
1.22608871943484,1.11641288681476,1.32835466670744
1.03173758477133,0.904041564145558,1.08730048642831
1.07487418960009,0.955901260751159,1.12698575126958
0.960559922740388,0.826959540859373,0.989879108388573
1.0403791308668,0.894296546298813,1.07407299554307
0.939770492009759,0.807434264282865,0.962302973499084
0.978689682059785,0.846507575153563,1.00162585377498
0.995991951416048,0.855439603899076,1.03021645483563
1.11980827186264,0.871653743901579,1.10512012635748
0.909652601038637,0.794798410723509,0.926979806759588
1.07809002909417,0.904616113028765,1.07815566521719
1.32692207386296,1.03215308876761,1.33260625476477
0.98601170791834,0.889652074359865,1.02827363253244
1.12333152203946,0.995850635281405,1.19985207005394
1.02049382907897,0.843139969669663,1.08340144321436
1.33110418536522,0.952552034521155,1.43884840394006
0.874240485682785,0.75543546309412,0.894346036321042
0.879913877846188,0.791322390637617,0.931544253416644
0.872118365467189,0.740830816520663,0.871381412219
0.937966250517809,0.801002933226958,0.941649873818081
0.860809370428471,0.733237985120915,0.860706293666025
0.875662281945395,0.75893965409919,0.877767650199062
1.01953414199833,0.886404978000162,1.01838401707007
1.08534325747557,0.978046493040007,1.10017371984458
1.0779193261436,0.978709545116351,1.09569893699965
1.17947812259542,1.04288601764202,1.17307936355388
1.55413061163711,1.4675167547922,1.59709942078347
1.58014320594529,1.45950933401101,1.53623853610994
1.72132137737773,1.61598537409258,1.74416481779539
2.23579332764659,2.11494329351782,2.21739343572354
2.24678340046472,2.17698306678178,2.31797771614815
2.16560151599537,2.07975611531014,2.20024466179535
2.50917185002124,2.39678401399071,2.5639948668421
2.61327174676467,2.55573882033992,2.61234293153538
2.74420415485583,2.70779196944288,2.80949436353663
3.12499812155433,3.09630580482904,3.22290031833178
3.13911462387517,3.09521544078953,3.15784968361895
3.09659624252559,3.08577538225613,3.17661452354889
0.797900185723431,0.688689403311498,0.810216662095528
0.850238803417801,0.757546634634852,0.876217400951646
0.77843162312435,0.682358344637742,0.79393889559793
0.838567606803433,0.738026962551185,0.853402027580408
0.763602989571572,0.699073576646749,0.793162634188867
0.838283969104468,0.780761289817932,0.866638187985813
0.865640291065659,0.806120553100751,0.896856825443983
0.660300573214379,0.62350633519188,0.696655943282673
0.719341098777271,0.704549595849835,0.766795607232263
0.615158462524582,0.596390059425685,0.641728256744789
0.663114383241717,0.647749019627044,0.679929382208333
0.598340984040028,0.598336919114619,0.62362102262166
0.660113061100192,0.662790329127188,0.685059403234063
0.654334956466976,0.661888366360359,0.694171121306304
0.717528850281028,0.741564550154002,0.753680693975254
0.755764389668358,0.7828769941819,0.812014950310785
0.728107213148491,0.731606740306239,0.853135285962947
1.00552451844651,1.09842199095434,1.49171627755003
1.01486063981036,1.10370067988755,1.40192347247213
0.834186498600601,0.876312181533983,0.901115832550232
1.12716965310707,1.25956484084139,1.39141142176384
1.11952478004539,1.24142227845423,1.50891731559023
0.91223076147609,0.945014386506375,0.982673789512136
1.2425727547226,1.44336184452415,1.50044585013741
1.17263803304014,1.25249887065079,1.23159446499697
1.85713603970743,2.17242978620845,2.08474313326659
2.0376331365305,2.40513658355452,2.34902306913904
2.32488397328763,2.77665520431355,2.64463483433776
1.24957796889561,1.30358909216294,1.34223920109691
1.32139622374448,1.38187911570095,1.54728066515106
1.58068929903742,1.75350817594419,1.69951458056578
0.615013854248289,0.636556464550548,0.628937320387523
0.656699329739363,0.681937936132616,0.66675903589973
0.677475938456516,0.715406833344395,0.677323928600951
0.742676740466099,0.771910960274464,0.746793012361155
0.724513570359511,0.783609583886843,0.698320411839385
0.777717093534248,0.843919600250024,0.721510324228161
0.80594189082376,0.856303268462704,0.789808245267318
1.12940525699298,0.970966544840053,1.21068199358156
1.39675543878348,1.15132082807056,1.51141205730702
1.92416265036089,1.61811827158066,2.05613193597875
1.92832872171892,1.66069039891488,2.03275892223814
1.87883292309457,1.60565887104116,2.0555862149858
1.09933635942598,0.994485980887175,1.22852900012377
1.71692015954263,1.51367570301398,1.84608570383494
1.71141746234866,1.46226820286597,1.87711386055707
1.29264205004153,1.19198796367633,1.36879163344286
1.79043088090736,1.71073268634467,1.82364404337367
1.76801228364807,1.72849725128938,1.80370857162616
1.80567946966336,1.71062130423362,1.82009752998098
0.755527380633212,0.841624721685,0.702930872251398
0.815288264465069,0.895410688373282,0.78005084564196
0.841130788348206,0.942461649001734,0.722039114667036
0.904053886085453,1.00931314980717,0.76253468161391
0.940774483452101,1.04604751977024,0.755094221482309
0.955795357152487,1.07885517069558,0.802530341672107
1.06888396733028,1.19627914076404,0.80483420316957
1.30041500735703,1.52739820603562,0.987761312743486
1.36464835081096,1.55084765641335,1.02154134083746
1.17262156872733,1.34711519857617,0.939496293708883
1.69562181147538,1.9545958607941,1.30554153899883
1.48530429218169,1.90201109893658,1.24219788883298
1.95880120459446,2.37420271636962,1.73484707926141
1.9455811672576,2.34880143195328,1.75240706973375
1.96071002230876,2.40472219296333,1.69623548329652
1.56719732993454,1.62337659797742,1.27255363914495
2.03327642543388,2.09750108952395,1.74448498841344
2.04811287848297,2.08566714830615,1.78971863071681
2.05192929448271,2.05945117237325,1.75196854295455
1.10886458603823,1.1848067048911,0.884294335892457
1.55460359229938,1.56062751241336,1.31278434361328
1.05425525759398,1.24199865642642,0.888718502879857
1.18118244388682,1.43363044038162,1.11937171302659
1.23887361239651,1.3966406521937,1.03564886750385
1.42852178111766,1.66882872911881,1.26462741699683
1.5811859126367,1.57080682357013,1.31832007398402
1.20388671939453,1.23895039913302,1.08465398398004
1.39509540922068,1.30342017514302,1.38989201068274
1.38187834968433,1.33475621938296,1.28009242387515
1.57284728798112,1.55941980120445,1.44938326899573
1.64172625020721,1.38853701303803,1.64681727489213
1.78062030855324,1.40827214838599,1.80927725937143
2.13457634906896,1.75957468715197,2.15820407454466
2.37276660280186,1.99913302700731,2.5465041516435
2.39182939383805,2.09278563973626,2.45889140509263
2.50856678801097,2.30701952795056,2.53373609725885
2.97558226631349,2.85431295511,3.00176097684026
2.92220888265139,2.85885152372002,3.01118259415192
1.53464947642304,1.40491847192726,1.59374539081949
1.82502421186349,1.52693231002016,1.9734988526799
1.28753000275454,1.46738102894112,1.28571489257768
1.25503639433968,1.46261571149851,1.1856363133767
1.30108783611473,1.707548645396,1.34315810208491
1.47060382995974,1.9073207912143,1.60522148483949
1.35136436560295,1.89018425884508,1.36794263074146
1.60877260667561,1.85567144702301,1.48395944993279
1.84216317919552,2.2659301102992,1.59089714559396
2.28914816332554,2.6128543098523,1.99490387046037
2.26830977271058,2.56420042496025,1.93977379957882
2.28319199130581,2.64021787528377,2.01533039970107
1.64459017535786,2.12525273983938,1.6929661785242
2.06723560159489,2.4676084743417,2.10659076134545
2.10774345068283,2.45565292467747,2.08129502622923
2.10442683370608,2.44227723206772,2.12452685942274
1.29603820103235,1.73274037583197,1.39541809586083
1.50387598032321,2.03130299399763,1.67933472518475
1.22138206176158,1.56882248656301,1.34060644296676
1.18080763946249,1.42487191385517,1.20761606958966
1.35356095812501,1.78521055282529,1.66054456938789
1.6415762666687,2.04354846105706,1.93766317672268
1.50383559261605,2.13069729474268,1.75688957030174
1.89040460404633,2.4872209595761,2.09768428416436
1.92340830746612,2.55715252217361,2.1056426302961
1.91765504403545,2.40954899769718,2.07147551464044
1.54677616202022,1.7453933934489,1.89351136350332
1.74662154494539,2.09585120292959,1.94507968604527
1.82077020613568,2.06672285427204,2.30417011757929
1.90238600471808,2.55487681857936,2.47149078737381
2.23178232420766,2.25364850169699,2.70348443580005
2.50111134176568,2.40133570516308,2.76495831945955
2.73062859930625,2.60609183517613,3.22749320950835
2.74606957398652,2.61379675950368,3.13364191518313
3.21023302346596,3.03980589072708,3.83280659717493
3.5176004657263,3.35194970110163,3.86776858507429
3.13517789060135,3.094595070287,3.61323937202583
4.06888056601196,4.01737161413248,4.46343047522362
4.57531843405138,4.49157358835281,4.93602348998405
4.20426683287963,4.3566383482379,4.68942827368111
4.77712881221993,5.04592896796324,5.27961163357878
3.64156718279918,3.81772755275322,4.18622979257248
3.85254309632673,4.19626979190174,4.46523311616343
2.17936413826981,2.33957044064384,2.77629236974264
2.37990076620823,2.60278940658447,3.03333805273439
2.21439691703246,2.36462776848093,2.68155890323743
2.38904030260598,2.38152747942475,2.6148496636602
2.27897102147362,2.59036087103095,2.8081263058392
2.53565972757761,2.83858500026215,3.14651573529471
2.63121816485311,2.71500032839665,3.0702946069412
2.96915265442571,2.98430086773209,3.22891515158522
2.81820959181441,2.92008526654416,3.30365373164025
3.18001032937017,2.69217627203343,3.553877632826
3.65636261943169,2.81958257164916,4.05110575384823
3.68296728263227,3.10329729017015,4.14638564539177
4.57478884331125,3.15055776145437,4.87425754157844
5.14713492898596,3.57006887845283,5.48725637867337
5.09639749839614,3.41580911048554,5.23617084115925
5.95201327737804,3.85862946200425,6.00671253598845
3.89898831453557,3.22910139899899,4.14092516565936
4.05197774468657,3.70810446924004,4.29943895445808
4.83932173766445,3.5858700823186,4.95477634449981
5.59550817602196,4.27175721722597,5.61617669762062
2.11239363380117,2.66520537828244,2.49197194735064
2.13140543313065,2.55423842425314,2.23366285564494
2.36243604606481,3.06288274874888,2.710684801187
2.62187443758926,3.29276375257041,3.04144365352613
2.61874508418567,3.35224492070449,2.66985878758553
2.70563285677474,3.38136355649415,2.58987954296827
3.25429563021868,4.0638517167432,3.23772858342109
3.40926375548623,4.14718756874195,3.44733969429887
3.62679965296174,4.47321866253448,3.3761780571267
3.64156455114621,4.57186983615708,3.6105657226918
3.65030184626944,4.57167104277387,3.66332784776194
4.04566884699669,4.91687355784301,4.00791242669309
4.12722907870249,5.25321381342019,3.89605231914162
4.44137599483261,5.57936786865781,4.10180880034281
4.22649606139703,5.33288147543087,3.96160224947445
4.72561509296975,5.97535085210329,4.46856167953796
4.9241555929731,6.13369580037961,4.77973511961316
5.00137419299602,6.1776463225589,4.73165918080395
5.2999740543133,6.72950695269379,4.8821405106756
5.57370757149036,7.04223640897399,5.15419021296616
5.55239013653121,6.97386511502183,5.12844611842509
5.58264737482517,7.03396728618077,5.09341395624729
2.54191969503486,3.10721607208831,2.47274958005234
2.76195844503779,3.59985710870134,2.58853223831089
2.65559441411117,2.67240644012463,2.63659693507491
3.00296217447978,2.75700827690998,3.08113055705822
2.65421238223271,2.46608493502665,2.54861781554456
3.01831199250903,2.6684837489094,2.83291636902388
2.90497868852714,2.59175457787207,2.82309169396254
2.12075797030188,2.0449428553868,2.03735696603339
2.04144469113043,2.05373314245088,2.18496434412
2.35069358549579,1.88548839691872,1.95678247092527
2.96572465129137,2.08366938748675,2.38606894675872
2.18116841118573,1.68088309266264,1.77361506938043
2.18823506531104,1.88018044870965,1.90461434471267
3.08181490191549,1.81470550893268,2.27730260734289
3.47035132340802,1.88372357031693,2.46533273414468
3.25950520487749,1.90926559665261,2.5818972269655
3.84105076290387,2.14559534864357,2.91335638507966
4.10671031435777,2.63000376074394,3.32473839107343
4.38888348913694,2.24591729785381,3.3858696244239
4.17974403045764,2.5047175246383,3.32331089691817
4.55605139973808,2.99198003781878,3.72487733795805
4.52277068015691,2.98127815942363,3.83959839298761
1.71414782332069,1.47559137800962,1.48109814259883
2.13708749242396,1.47392934897692,1.60530479924991
1.38606359284724,1.52915258605769,1.42818414577709
1.7346469052739,1.77357660765982,1.68860758318894
1.26705088842657,1.44786845681657,1.35383634117486
1.54307020860657,1.49824384283605,1.4144231389185
1.81873427387972,1.87912361899802,1.91053378945651
2.28856053708765,2.27537235847675,2.3097374032786
2.2616022339617,2.27097350292666,2.35503632804248
2.25893840451089,2.24619761665775,2.30996773255509
1.08361956976167,1.21198801629417,1.10705097226456
1.34888366323963,1.4358134969423,1.34792732741324
0.995751969323693,1.027654629229,0.998011774661487
1.22004204099754,1.15128844658734,1.26578881304923
0.94389768747649,0.960756132761785,0.849178231816062
1.03254106992375,1.10363162194291,0.870466641215997
1.22208377246357,1.12514782247222,1.06610001290309
1.32595631254226,1.21153161037532,1.31330541459559
1.33912417859247,1.34283858950764,1.51289120104497
1.53882797951309,1.46071655204117,1.44253017779391
1.75033187778353,1.77732151668346,1.95036464814667
1.69631890973479,1.64197825030961,1.72512320865647
1.8238029188849,1.65486967178028,1.64632806024502
2.27791309247111,2.0581544852898,2.0370100095103
2.27480381963184,2.12507999728696,2.13553080640052
0.777769871158235,0.832023493099405,0.745238269967342
0.803940707449237,0.812336568442759,0.810606828088749
0.744613250761704,0.848130944044849,0.697688545504529
0.843332171598619,0.966107443555681,0.747473510428875
0.659178567477714,0.756868817774832,0.655693366531342
0.671805423062233,0.771396536601149,0.680406469303435
0.734862599015711,0.786236810573383,0.726829702118054
0.879783115402918,0.999985437154384,0.933737682843455
0.894992854013709,1.11194021886559,0.955038224990792
0.824297874858762,0.9883359956447,0.920133782932267
1.18263703763733,1.4227780525305,1.408480460481
1.17244976820822,1.36521014093566,1.41671299339374
1.05416657411282,1.08293959230839,1.11610361994412
1.16678216414853,1.1770453642252,1.19625614929855
1.77781335754334,1.76024997363132,1.76713721829643
1.77128740793066,1.76519770881491,1.76482653678432
1.78121321937453,1.766994205717,1.75810870429307
0.644991851387552,0.735358633769029,0.644448790198371
0.757878332080627,0.833058836025697,0.743027791783114
0.62697941787949,0.702524491067837,0.624217451737635
0.648166355624089,0.713387859709433,0.651839402439134
0.653840360177458,0.720829600820505,0.633154721679519
0.672425846013791,0.753217972635707,0.649564731881272
0.737064391535863,0.797399975704913,0.688828342574956
0.870832315956947,0.955009555920436,0.786707537883672
0.873888335642939,0.989403349677207,0.802457100659529
0.877712898179627,0.893446065984339,0.812711240449887
1.12680662499248,1.17938583546447,1.03462155571051
1.00857445839349,1.09990231284185,0.950374150357366
1.5022079940508,1.59739853856957,1.46630315624429
1.50172030191923,1.57407712858695,1.4710196636264
1.51319324640965,1.61170328519639,1.4406027589478
1.13585059094503,1.11102938154997,0.977953347474453
1.63636552706754,1.57187425228139,1.46785788436747
1.62161397400126,1.61308629203837,1.50891246164873
1.58755005435185,1.58205570546831,1.46531851689827
0.653255725054873,0.689660113157209,0.633344468923799
0.68103639517501,0.697209202380925,0.667712307639537
0.685771730970694,0.723763095120484,0.658603694362381
0.733655236888322,0.795839374846553,0.701931928759966
0.705715638579642,0.719114395218284,0.675201287728995
0.709462387285843,0.709715705548671,0.697332584595325
0.73515817799688,0.74848478204091,0.699926249843694
0.798922357476452,0.832290941778344,0.753962944501919
0.829115328907435,0.829310720502233,0.784652019295435
0.691522022251002,0.708093415523618,0.674218914784856
0.731066012617241,0.706256238340489,0.712680384093393
0.829358788691961,0.797153481151374,0.837822652386015
0.779227583627251,0.77485797143978,0.772528306051193
0.902353218737525,0.902270917007299,0.917645163918458
0.793138664112963,0.851076080609545,0.817628946938645
0.90741212481203,0.984566468907025,0.94579182518714
0.745323738465461,0.851945640554703,0.804066653482324
0.841904133969428,1.00958898582882,0.953638780689619
0.794274165375654,0.917031753459968,0.879494224043254
0.924143563290065,1.11708145768466,1.07936774376933
0.758737658562524,0.774168033823813,0.720421844588693
0.786534055009964,0.827142551047957,0.749853316976698
0.828380066729376,0.821952048125611,0.785545813313106
0.945213093773207,0.895649673102454,0.894480511216375
0.967059124769248,0.943465059411259,0.939948660126979
0.992706664348895,0.935047089508122,0.939340379278354
0.857923951896997,0.866317155056123,0.820965178887362
0.903368872926506,0.895305174012483,0.861496270532288
0.999414685899256,0.991585821106761,0.976358949671654
1.20730369651788,1.22602618307683,1.20861155234325
1.21498927155006,1.22318227666589,1.19744030594989
1.17857344448292,1.09561717388213,1.0999245621114
1.53428986248973,1.45550039725031,1.44434442048952
1.50701718747029,1.38488671228923,1.37688250990971
0.806993842712281,0.857889526367475,0.785162347975379
0.822146516498555,0.894384915610101,0.827888103051587
0.817311666442443,0.882132428304902,0.791092944823615
0.894939355410793,0.943418457608803,0.849030279804307
1.00066551932853,1.01663265000144,0.943671651017726
1.03958360644443,1.06422812100688,0.986031346596838
0.828782290968868,0.927589892154736,0.824308813003845
0.863667272109837,0.984400079274638,0.870970340583869
0.9210692100208,1.02953034447222,0.897662606149642
1.1342087770891,1.22392916094249,1.1093995201487
1.17022542122037,1.25484445201738,1.14335373173372
0.962778981481412,1.04352612780476,0.934376511532743
1.23985460338881,1.30304684087798,1.22199433989275
1.24273520528966,1.27764634602178,1.2210836880097
0.81115400058328,0.903277163297684,0.828692191970541
0.850044515061816,0.91805336544629,0.856018071755938
0.834904049685078,0.938493645354138,0.865899848818946
0.890104316532516,1.00176930813748,0.91297534144355
0.868748791361976,0.959792456469994,0.908021423095454
0.930166842287376,1.02465505462607,0.964908189984673
0.970000442708338,1.04898979094517,1.00942256662346
1.07574526598781,1.10630932254244,1.03038629164056
1.14001977989656,1.1838955518647,1.08155678015523
1.1193783536162,1.23384864743683,1.13678351769996
1.43462329583566,1.54470341769407,1.39588121568052
1.55139416080216,1.63633164265257,1.52963486122024
1.8893018087028,1.94560818644674,1.90761837181253
1.78102783802833,1.8671947710637,1.66867592938087
0.826306388607175,0.905768124040826,0.855518645914536
0.943937487035792,1.04529052153583,0.956473761486055
0.759923593808446,0.831147210234595,0.779130710538209
0.800669876434183,0.890308676613825,0.81068589234192
0.737547683653826,0.795918280527348,0.752294870121554
0.799666103354023,0.839763346334982,0.813389608341848
0.810173766793221,0.859805243484261,0.826109825045032
0.895823270266875,0.948386822889888,0.922657019713018
1.00390891941334,1.01756131652339,1.00787056724686
1.12580194213159,1.14196177435969,1.12920874174319
0.807450767268007,0.86839398905457,0.837692495999944
1.32187675792307,1.36995427889009,1.34831182830939
1.33482890309298,1.35454357875452,1.36167462543754
1.30644815332134,1.37347978664754,1.33177039584409
0.711536583744456,0.766304924115452,0.717410187167746
0.779980536380255,0.827704648911483,0.796648962026773
0.727724908423287,0.767036273105403,0.73342906346296
0.798938354572304,0.827354169045923,0.816177573148246
0.743758630771219,0.767142311992381,0.738633311772685
0.802921346440403,0.819014753614315,0.788529756252613
0.926321110790353,0.929835232350086,0.889799299144007
1.36618588063563,1.16537681735545,1.18526207265737
1.41591665073877,1.16987301626472,1.17925103511887
1.2543653614035,1.11575457941236,1.13380088426221
1.7825346099128,1.40482061005751,1.47737031458649
1.73910044346166,1.41617489143614,1.47904145463205
1.44739451013715,1.39159693820429,1.36332963377
1.74023418456295,1.72741077495638,1.71991170108552
1.93441315708796,1.85799626869221,1.85607843872418
1.95887449557491,1.98728728704031,1.86925623233973
2.52260512724819,2.57011403989506,2.45822173372299
2.42419926301084,2.48840141717938,2.34138597138749
2.3394825038676,2.36252747321607,2.24753520516567
2.69644701412674,2.69061432558066,2.61179901518912
2.66391317948607,2.70144575998332,2.56259825412413
2.67885586815914,2.72603577857895,2.61305449453556
0.670529723504425,0.68025495140148,0.696088355748573
0.714752285469832,0.738741844917604,0.743351077404785
0.677982968170605,0.666788005434079,0.714148927826829
0.746695654117706,0.735490828394428,0.780591567767683
0.69460523015172,0.67561784252043,0.723441456891651
0.75951774527246,0.72227022175889,0.754643077231297
0.830113171992079,0.784455899546018,0.850042239307056
1.26993635133145,1.07295923574216,1.01798664349682
1.27724612703719,1.19726527975006,1.04316600207058
0.971387493456468,0.939321729423917,0.924868556167079
1.53916438498163,1.52386134012746,1.41764771761175
1.60746931688961,1.42721978308132,1.42849957182273
2.15441974151061,1.94829601816913,1.96287436955389
2.10875113204523,1.9242748481798,1.95021767447424
2.0946161337184,1.95676351775515,1.93425675568897
1.25194173995477,1.25809115133028,1.36125473167535
1.75605336317625,1.77131038158736,1.89644711908955
1.79683985084791,1.75901585753598,1.87796575388892
1.7261614931881,1.77268397120424,1.88225876792266
0.68097393815473,0.678064237220172,0.718815286457538
0.837843751769773,0.815820210619219,0.876579295030118
0.630515517976899,0.639247229921249,0.664022668999579
0.67704894476362,0.675392770239252,0.700093707603556
0.639121440318887,0.64537984081096,0.684597789617183
0.698362682063056,0.679365301517469,0.74862874205031
0.775619779352108,0.728917937932186,0.816373528277175
1.14379883169318,0.842601738030504,1.04868691562792
1.23719640987143,0.921138552638719,1.05914776318053
1.07013958240818,1.00836502342586,1.09837487992441
1.67319914876135,1.44101011793265,1.59045126340071
1.68263849476026,1.6557766607705,1.83515738544744
1.37537261807553,1.27666089643063,1.37460441027628
1.93201818139992,1.88983682965618,2.06729697390164
1.93061153606978,1.61754739813298,1.81787589074267
1.66994953030451,1.51814501523075,1.69942378192601
2.04202509440599,1.82618372689856,1.9935875765618
2.10298134953611,1.86673246977401,2.16726260752041
2.15558987717713,2.09393930612979,2.23981511385056
2.55112794724144,2.51551715608983,2.60225626283588
2.50807489515096,2.49237469734947,2.64917595506428
2.53528910148582,2.5041642982251,2.63679716223585
0.606699951995969,0.634811532721768,0.632486968031804
0.649836926795464,0.683710260879297,0.647285662725325
0.617053300221876,0.64144982744572,0.679324034254949
0.666415198413244,0.683214260728259,0.777836853124183
0.614499880216855,0.649215261848069,0.668571293559824
0.618963017019366,0.652075605728551,0.670179893846575
0.68766700111738,0.732325582487793,0.743248737622896
0.736015719061249,0.772450336222454,0.814250311529343
0.763144298910341,0.829993022335448,0.813343171018175
1.29084684126271,1.32389365885736,1.32893901093459
1.31942092116284,1.38532056841283,1.30002661109182
1.31191335835032,1.34251588790314,1.38286344350917
0.803300606254881,0.851813288139284,0.855252070230959
1.43025267542383,1.49556681197219,1.56548877988089
1.31523346806252,1.30096575055971,1.3958009374026
1.0113086611767,1.12394114952096,1.06985036704055
1.61885643237762,1.70969421189267,1.67537949940977
1.59945745695767,1.6797808103731,1.69085535454009
1.60003631689722,1.7022994793474,1.63875529317414
0.634372505940605,0.673078827014634,0.694126182638185
0.737198880992836,0.78044855677884,0.806741964075839
0.631473361077005,0.664501162413338,0.695635074408971
0.659343542547126,0.676270830437875,0.721571980394404
0.684372855209668,0.70755270802805,0.758650059715297
0.757600872565174,0.759795863465829,0.828643980507072
0.773369414428924,0.760944838044339,0.851149090392451
0.948250228752436,0.784471607422992,0.939413194189038
1.05136242704021,0.850852880783729,0.995649825463607
1.18418225598466,0.823134047062394,1.01335874443893
1.71683242928229,1.10606109271823,1.32703054978883
1.65318337997852,1.19318245035112,1.3471794355238
1.31256868892718,1.1473025062404,1.23102074033771
1.91231229942282,1.76700967756763,1.77633896500044
1.79973709677251,1.78475583557716,1.84132315576576
0.681110716592855,0.728238317262471,0.761147084771372
0.837409271719201,0.912417606717736,0.950278162044298
0.622551845162864,0.642356972834426,0.671683376197053
0.65532700400013,0.657570874196543,0.707786407639011
0.636620137155785,0.651830479499194,0.67795116842093
0.6887675411834,0.71147540566791,0.732366030702384
0.755061940812963,0.762250696379783,0.806231301852787
1.24297526630084,1.2411824492831,1.26196525526464
1.22515529943947,1.33894701360815,1.32994601522686
1.13721134951538,1.21598304651399,1.2422630964815
1.59103801482913,1.71778909885465,1.71474890745126
0.593491022933919,0.60752519162927,0.631130271362001
0.617464263472307,0.618463532517434,0.640923834303259
0.621667444096806,0.661786313613874,0.673665100959488
0.692815171930994,0.749141956365119,0.755227677877743
0.62186780609682,0.664401366381662,0.676903729559088
0.617834099103446,0.673243944949787,0.659427195130348
0.695331591638963,0.760212669165371,0.770447380721965
0.774170361070839,1.35215348004227,0.869932452544809
0.807607082932221,1.47965254933293,0.83521812491589
1.35728869054037,2.06483487485356,1.36060114045639
1.3109972922006,2.06324839926422,1.37842322324247
1.3535519867993,2.04708830122872,1.31540433140722
0.758446004673605,1.5510952017524,0.865502917946165
1.18831068436593,2.15081186627862,1.53667518755036
1.14915607551828,2.1364015785328,1.37685623621879
1.12982678447422,2.07374242317256,1.1584867517028
1.70687564645573,2.51100115438153,1.76516629237579
1.67150720754315,2.52198213333056,1.7268338150992
1.67780288132277,2.5083297414339,1.71786842442805
0.662991380542164,0.683951261057591,0.727058410355
0.762475269953536,0.785717142732046,0.836260628126477
0.664033875576992,0.686093152314588,0.724021509898913
0.666238277043813,0.687316343371846,0.712802382057893
0.735196651604977,0.767605052712373,0.801686304427966
0.802462884720511,0.839632967666231,0.887872965394294
0.805873997064093,0.877614101324946,0.870265698171461
1.07132854057786,1.27144104044249,1.21416972714342
1.0201166082952,1.12625768293938,1.1490249325211
1.49790204901391,1.63524865122442,1.67495903139091
1.54165391725218,1.62175007812113,1.64374963523043
1.53647942717308,1.63886426808208,1.64478036283517
0.936837046932512,1.07867189284113,1.05747149203704
1.47192852021156,1.62215153262064,1.56828402305767
1.48137980976863,1.57736530661244,1.58847370113948
1.43083967355994,1.56083814354168,1.55857518943486
0.763906424511703,0.789207157550746,0.811850180312357
0.763862784407938,0.789173145454498,0.804222213484773
0.864512239630039,0.892568682693675,0.91225927524495
0.93046613830019,0.978090082661499,0.996425601657939
0.944104112299822,0.959477491405151,0.964397902830224
0.943098442502154,0.942014115886904,0.945026338164699
1.06699891715843,1.09770353794985,1.1156503765417
1.34212125778578,1.39092308149905,1.32423140514933
1.28696686113711,1.3598543665899,1.24224906852625
1.19121145992592,1.29058867460022,1.24337858987292
1.56160643158928,1.65650137025519,1.54502738321052
1.67778355296805,1.7549309657068,1.64036801716295
2.03400865341571,1.98637696198842,1.96511072352886
1.96999841588374,2.13480801060627,1.86044362869382
1.02985156251891,1.04024622882945,1.00088981188683
1.10104890872525,1.1115828520058,1.06162633858084
1.08876018856135,1.0908018714126,1.03128403547763
1.09474442398105,1.09350704159034,1.04220959394551
1.20908743154107,1.20579590751201,1.11389763196161
1.21133342190043,1.2074293587385,1.10754396547751
1.3133972810124,1.29836745438542,1.20149810362775
1.71565897520836,1.52509997777071,1.52209420820264
1.59244003263186,1.50160549987629,1.44240910209428
2.05252294110004,2.00631739585732,1.79960369818312
2.53752943743683,2.49435470384607,2.30035841128721
1.33343940691622,1.33829642133384,1.23735338433105
1.40321703304401,1.41330235962178,1.33346871186152
1.44491598841859,1.45474932463576,1.3322746028456
1.47486176465104,1.477177045504,1.34528535293581
1.5978320540165,1.62349717820685,1.49359667804919
1.72202500491472,1.76022878551887,1.61885963337173
1.68144070497484,1.70390561466282,1.58142156466231
1.563879594496,1.59216434381321,1.47039585839447
1.750535206329,1.79010352887652,1.68819550934003
1.45263207823022,1.4663336818977,1.34925247282737
1.48348907281332,1.46704873883436,1.3805368689618
1.45346677029014,1.46427373939979,1.35416188114626
1.58927825595588,1.58465017900317,1.47090470873038
1.37771849269403,1.3777874528387,1.30392221107701
1.58214384364575,1.53860545821866,1.53337313320163
1.64479890642752,1.4853156856327,1.51545899189502
1.43120654944339,1.42674687136226,1.34007074693776
1.80252689909549,1.63300181768233,1.635590487478
1.43785471752699,1.46798492186142,1.33943010901374
1.39348992533275,1.43797464822129,1.30417584499836
1.5275453206366,1.55663530551186,1.4161472646908
1.61165346821073,1.62614204606197,1.49051427108381
1.55992704233673,1.60564184207447,1.44584590401703
1.59923638635669,1.64974382203423,1.47647171746235
1.75370387613869,1.79773421040866,1.61682471382522
1.83823921917073,1.89830074774213,1.69607507688873
1.88396311447263,1.98636515346592,1.75933399025664
2.09281133154766,2.16739929547813,1.97487193629232
2.29453619366178,2.40509871393824,2.24109402283454
2.35720399898153,2.50482163513283,2.24500681340128
2.42373907338139,2.42059453511008,2.25801734878295
2.77808157445093,2.80055833970345,2.65059770967398
2.93508640337919,2.80389736342061,2.72788096975498
3.22328331802157,3.06188313815995,3.04167222873092
3.31600648626651,3.12858751063471,3.07600889590839
1.43251728052838,1.4812289903555,1.3371805489588
1.44532447316943,1.4875425402741,1.3492352918428
1.36000395312202,1.40890973563703,1.28328990892352
1.4086545943054,1.45391266092375,1.32917930091931
1.27304447770451,1.3157804098268,1.21347936879799
1.3414224490694,1.38447598914733,1.27698733898736
1.30408567046074,1.3221920211429,1.24402608561148
1.32293963989028,1.3446432605391,1.26014195183528
1.29971499964459,1.30883239251709,1.26236368137608
1.48910856465517,1.50199653561546,1.40950707275054
1.92283140970614,1.97780001116401,1.84791389193729
1.93267092179561,1.89586603164274,1.86411851696455
1.14425222613951,1.19170227998103,1.10257980024327
1.11710066639511,1.17622353594358,1.09527388435462
1.11210882871856,1.1469975263478,1.06267821142584
1.18457990214496,1.2020229309654,1.12011705181778
1.02211363893178,1.06656716759987,0.98397585677982
0.946869959996745,0.994206843748817,0.93274134569192
1.05916373613327,1.09341186206889,1.00573598661219
1.06432343779251,1.0892931996718,1.03087180617478
1.18795421847006,1.21664598104145,1.10942706123698
1.00472790337407,1.05592669195863,0.951093468851939
0.942288163027709,0.993759990585993,0.893634191703919
0.962490766541998,1.00394345377003,0.919916322240511
0.966085215104866,1.03469169634662,0.91645530553875
1.00663125634325,1.0769019876754,0.963949230081843
1.03805989410322,1.12538439804252,0.982718011428972
1.109594339891,1.21517659823011,1.05826821567162
1.10668654509221,1.17099802039355,1.04687733004674
1.23355563561902,1.30103629907512,1.17134922561552
1.11771458746923,1.20024595710163,1.05587343441724
1.24636505407157,1.34141508439874,1.18603737364267
1.05691307181499,1.12017306700562,1.01167182055138
1.00133729924759,1.07730739996052,0.975181903402291
1.20005194961058,1.25506207492264,1.11732338978231
1.2788538451297,1.31170130848193,1.18037009961514
1.28689889814823,1.35898343749735,1.18027008205125
1.26831608179534,1.35045938147263,1.16761273564617
1.48125055340975,1.53323836470633,1.32591000379406
1.84551956623658,1.90954924536016,1.72203256740504
1.87772141344778,1.90459799654189,1.71952059385589
1.83231700635996,1.85846397519939,1.71061816441354
1.27875378905086,1.37343876990058,1.18469751201887
1.2899989780469,1.40729121435659,1.19891856190406
1.30762142923047,1.39244895325671,1.21429737183453
1.33918094525141,1.40206287266269,1.24546118660522
1.34843312325381,1.44243798170931,1.25585574717557
1.45292087340011,1.55812600151991,1.33911751526162
1.47009593356567,1.55089029051095,1.36305653719993
1.7522570141612,1.73524545716343,1.69210861014507
1.93093832611165,1.92319608411323,1.66643575812757
1.85784880301839,1.93935826488199,1.70396157267228
2.27736119432861,2.35698028111283,2.07881827548488
1.21915767706809,1.31530538544331,1.15864408107718
1.27788579724757,1.36889553108236,1.21518861750201
1.08467937807283,1.1803503796105,1.04992028086379
1.08814619357724,1.18168894450922,1.05366638744011
0.98153846317417,1.07806905210393,0.975804201837796
1.05754399185885,1.14985655373878,1.03939149802696
0.924625364312632,1.00230072138671,0.944747376209367
1.23511029742507,1.37532448067075,1.27625364223462
1.33705892059278,1.28030293999051,1.23112582034806
1.28180078185849,1.39658440446434,1.19564206950138
1.7129919267162,1.85825660630476,1.60124194623866
1.78679774357539,1.89354108899275,1.64182997542802
1.39817789802376,1.51846830184113,1.35999757020961
1.76448954516368,1.8591327607487,1.83438212094497
1.96087899127057,2.07882530702267,1.8978461709157
2.51910949762174,2.61336136077314,2.41239523755741
2.14124708859825,2.26370519467366,2.14252267097636
0.925287613801368,1.03816505427559,0.932091924952142
0.951156690506209,1.06026872254063,0.960558248519778
0.92248443597276,1.04341674828941,0.924937413874836
0.962283248667507,1.06934986505495,0.946786454418387
0.92494398215362,1.07356783030052,0.935148958852308
0.883567914402387,1.01656903089018,0.909205649893119
0.998336709774322,1.14662592675569,0.983724985039637
1.01076708821539,1.25992334085423,1.03586140060215
1.1245575906861,1.33501005532158,1.11498148762127
1.06563359419994,1.24074303405903,1.05729179213325
1.19218792866468,1.6492532632329,1.28804984897143
1.11000168765546,1.44866423608751,1.17347225179154
1.52365621866576,1.8677210221747,1.63467801488945
1.56915644029197,1.90803603141005,1.63039238865565
1.57587726642452,1.92293304884964,1.62527301853083
1.28201390203734,1.61264180345395,1.30359226068611
1.73485530037443,2.05008063749201,1.7395862091822
1.70261076679386,2.05997615549246,1.76305532598719
1.70137845922663,2.06564943540015,1.74987703368628
1.01034556917577,1.20069802159231,1.02247645110218
1.02163838439417,1.22975393775609,1.0593752173935
1.1355549605781,1.33394279791209,1.11743872286214
1.17990364830582,1.35612563541271,1.13599974280061
1.26347206639312,1.49905974914216,1.24520604852924
1.31411489869725,1.56404606194969,1.29974691053793
1.45134260204346,1.68091427859943,1.39740432308507
1.83260885774612,1.95173470757027,1.675737196044
1.83956816048145,2.0181068124542,1.82720300121739
1.948887430324,2.10954204510656,1.90483493256193
2.31142816716897,2.48101264929553,2.27384804846301
1.26222673347986,1.50253179671327,1.25406388996178
1.38069280160439,1.63672282196345,1.3748348865002
1.21126483222746,1.42572837969053,1.19870662932325
1.18958398826963,1.39525764996404,1.18255056107258
1.27553312249519,1.4736426612144,1.24931359595777
1.40709868987683,1.62971529182802,1.38378842643006
1.42018710334489,1.56372393840235,1.35146695949268
1.64817184438637,1.63217210295219,1.49263115250144
1.80502526804937,1.77428999475265,1.61341032733463
1.75730397884019,1.8016037320099,1.56638440244267
2.15054822595135,2.22160796612048,1.87773150784211
2.27762226096773,2.07978865693861,2.06286845582167
2.19490024170926,2.31619442466956,2.04596737941194
2.67823616282981,2.72269391251224,2.51916634984724
2.57167508513636,2.78989780800623,2.43971060759564
2.64944282366464,2.73840234963737,2.58846357163573
2.91782848110699,3.0532023895252,2.90775851178236
3.10953920946835,3.06683232276209,3.03859293692435
3.17024116716589,3.30404170957565,3.14830314167942
3.50073666947952,3.63525288993989,3.46826063554053
3.50749827891727,3.64379588765099,3.50459832236445
3.49159546022675,3.64095948983717,3.48894193905077
1.15929909139391,1.34555578622474,1.1494849769265
1.2900614738102,1.47623735817981,1.2680651728555
1.03925459822194,1.2079332603146,1.0581005419849
1.11229492795434,1.25812919239217,1.12399209331287
0.965630915829838,1.11602600428706,1.0017351802485
1.04643875954378,1.17044901646713,1.06960017278598
0.976260615378797,1.11452121759213,1.02579985763045
1.33992767847633,1.48095574103493,1.48962590154073
1.42114019416795,1.64601412519867,1.62317564381248
1.01547898678705,1.04749009860228,1.1094400305691
1.6530575420546,1.72257025466949,1.87522887642474
1.41891725752932,1.43847734195277,1.55782906051749
1.93281709074811,2.00106106449406,2.09961650178175
1.94820027523165,1.94899062087316,2.08401703245406
1.9154580863558,1.94390902662343,2.05954290352772
1.50898306266955,1.64112723507231,1.73463839580368
2.01522340852208,2.12162316323077,2.24904827411852
2.03009625046052,2.15085771333281,2.22730613125653
2.00099427613267,2.18835023092329,2.25986741247822
0.945707546562629,1.13064912520833,1.01923677824979
1.01773923048652,1.24584164974036,1.13513442364295
1.00060122332547,1.14359304308003,1.04565292633194
1.1117115894334,1.19794996433113,1.12463342423086
1.0425346123697,1.19765920636369,1.08831360555557
1.12121584239373,1.28556845905243,1.14472286961515
1.13650866552534,1.31047131160878,1.24405794240269
1.23460238155251,1.54662018863402,1.70123719187106
1.27927174409738,1.60729131310603,1.34490115686756
1.27188674847246,1.65774184743365,1.55724101805935
1.64976681143782,2.11337565019383,2.1205022660746
1.66875916967701,2.13784140908265,2.15116669398792
1.81352596421818,2.1828846893125,1.64418670764792
2.21933867374684,2.54359928872115,1.85081695962117
2.44374903397795,2.65773806194928,2.07295600597933
2.36454886162605,2.80539420129692,2.23525473700724
2.68082123037968,3.09294878823108,2.64551684576973
3.14254602114472,3.54302309095216,2.76777651191252
3.55064231808867,3.94240092647236,3.0067595716885
3.40795390385669,3.77733707863548,2.88202583627295
4.2951971522673,4.670392722419,3.5986760459865
4.00719463550162,4.34526023872718,3.53493845324784
4.19301760863432,4.50234502708455,3.81265844792737
4.65703686556433,4.96519148393155,3.99738834970438
1.02245481902026,1.15791025551819,1.02370259466866
0.997583402590995,1.13378286136039,1.0485752890992
1.12822671194674,1.26425481776852,1.04617648421504
1.2495285295542,1.39256298624874,1.14957302309406
1.14410669760134,1.30126547708422,1.01769976541107
1.11209846943419,1.26087698324434,1.02186253413626
1.25669731866803,1.4378096155592,1.11492468939356
1.44543185898408,1.78275267179565,1.24058709189194
1.42888033661002,1.72968059506312,1.18692616471318
1.30873260398702,1.45155672247447,1.22742127945545
1.48553686823555,1.83125432533438,1.33785231880485
1.602195582057,1.91446035819197,1.46884436503346
1.99952477335637,2.34139461149401,1.83163126685559
2.03383299551802,2.35620554037647,1.88259182071865
1.98568990960604,2.34934869333646,1.90453326514387
1.43722767248165,1.713015381706,1.3578058848361
1.84451648094701,2.14961439005789,1.76341025261435
1.82226537125031,2.10741912573543,1.78445861158248
1.8661265532238,2.15601059114942,1.75707556643692
1.20666569197178,1.41298796739425,1.0345361433234
1.317456561623,1.5448727838088,1.14983561747359
1.22622782688024,1.46885136370925,1.04987716133968
1.22195898700439,1.4452925625853,1.06872989654856
1.33041467612632,1.66054440221704,1.15750945177958
1.33000164348606,1.68128156638577,1.20538407273745
1.48829020588451,1.8223279347936,1.3421554769956
1.77392184333929,1.9845512651786,1.8239004205448
1.8536927254488,1.98608255279865,1.66566975331076
1.90659750800592,2.1211123026953,1.89440745735656
2.12374719481701,2.28222344618915,2.20906041857036
1.52467037881605,1.86460739179546,1.32190903263044
1.72539137405436,1.98276031474189,1.4461403780178
1.63286089934549,2.02885530889684,1.51200871773973
1.62662833272712,2.02243711398549,1.5383174714985
1.93207796312245,2.33138089503935,1.83204559498694
2.01655636101707,2.44876413420674,2.0810913632982
2.23212066351017,2.49703334038796,2.77004713936603
2.30716962123513,2.88876804563141,3.06698362999385
2.49904795704987,2.85014010338845,3.10650317715613
2.48437154682072,2.56658439745157,3.49672850192991
2.90206950395638,3.01101684384846,3.97923375305816
2.83999999278246,2.96101526833521,4.07813873393331
2.0678881436053,2.52142573487998,1.81260275758218
2.68501286847379,2.78466786163691,2.38892180165319
2.00141174774638,2.55132794786277,1.89840735158662
2.22131553873231,2.48319613678324,2.15574839839109
2.19221321613875,2.83968099143567,2.27720316398631
2.4323428104892,2.86553923586881,2.44732197507535
2.49829024327739,3.02678268250266,2.80111944997738
2.58878688453714,2.97977702393451,3.10248618447403
2.64576388125707,3.34783373518659,3.20190340150731
3.0260046297344,3.4345502009161,3.00802707113901
3.48038272634854,3.82745092290087,3.37749230462543
3.45083468862513,3.8920511829394,3.38037786620695
2.16830639863012,3.17137981121727,2.5820898299551
2.15420410814356,3.59739714333615,2.89020699975731
2.49009032937131,3.42446767763838,2.96013820186872
2.78761461686137,3.57821502206096,3.09426046205814
2.67028848148736,3.90409860580445,3.56284720249207
2.76313384545397,4.34795459069708,3.84432179053056
3.21471193494344,4.72504124251413,4.26052224378563
3.58867699944393,5.06445498004967,4.56246089902415
3.53871664997082,5.05718857981311,4.58169183515508
3.48039359363963,5.14090605213826,4.63009527466992
2.63380494494763,3.53039654645737,3.54201361733356
2.82475049534773,3.67613970950375,3.35556498505465
2.69598126063371,3.33634332647043,4.02043366241296
2.74547836937242,3.45568151149504,4.42308991117724
3.01210432823092,3.30788596582539,4.21085455839649
3.14605656190234,3.53239978717585,4.14268339030356
3.54868506185211,3.61886010996243,4.54631071614536
3.66592634146397,3.87540589449971,4.62249645004729
4.11869018492919,3.85717943885397,4.99931721803866
4.24052385953804,4.05235751170353,5.16623215514484
4.09052369811753,4.00136034999013,4.95268825475953
4.44250762834414,4.2770253870212,5.29124512881179
4.37345187957738,4.27389561671489,5.19244359653884
4.44112614882971,4.27930837744268,5.18500030863918
3.12807877310953,3.05604365171305,4.43924711021409
3.22136881771816,3.24620113077007,4.78875964294263
3.65358684605333,2.88272192468085,4.58320725188016
4.0114684183861,3.02967734585069,4.70714013684157
4.11319407312041,2.76594919466722,4.89418181165911
4.2783149398283,2.8963691573235,5.27077252040513
5.26537163412997,3.06548505806096,5.89120228771389
5.70714552769782,3.32680129373037,6.26607363836022
5.66991635644731,3.35362390138851,6.29733883793114
5.64747793220861,3.34937494401075,6.24543061415041
3.66884303371577,2.49418446927965,4.14228706001017
3.80257788527037,2.51815706972496,4.44832484145051
3.3218216685062,2.44596433151815,3.40698320319931
3.46598100801119,2.64955979079999,3.4750648223645
2.94257076084174,2.31230746754239,2.84940225882388
3.24549980870578,2.40375358244617,3.25210987668669
2.72329844399324,2.52266960160619,2.53817234296787
2.80090514749834,2.67820036159968,2.69681166428112
2.87176486093385,2.85928217476663,2.63038977315467
2.96085895529663,2.8183068819328,2.96678453778073
3.30515410124113,3.25148125169658,3.43493463154287
3.40033233117723,3.22499852231171,3.47064258887696
2.74357805972737,2.03190282306733,2.61975510640409
2.78964740166777,1.92045408700881,2.58525606857764
2.81081342051276,2.00609974509249,2.83708933979117
3.04600283935045,2.18127664795819,3.18726915051229
2.82178851548808,1.83392222400642,2.92143445389297
3.01488926024583,1.73938783141548,2.99859646605701
3.33769860771779,1.98359428316752,3.69991624049803
3.63858822140731,2.14498896541745,3.92023833200258
3.43641065275998,2.32610589651563,4.08175312811134
3.6185569543103,2.61326596347349,4.32273694948977
3.97124449575411,2.08167024617056,4.29390279414837
4.29625244991673,2.41314883828747,4.62751560097192
4.30694543493188,2.39538970991541,4.6026507915587
4.31862237573583,2.37597316230609,4.59195601135565
2.3744162103704,1.78173536828614,2.481807298743
2.70749616814969,1.73916917758313,2.60788288709951
1.98120484190683,1.88681813027351,2.23946237713871
2.12138637092763,1.99117969689351,2.32086092491347
1.88529375409828,1.95594943068045,2.29646503198852
2.00863816015588,1.95916700746845,2.50962072329074
2.26809858876259,2.3140854005918,2.91036386401972
2.46808279638502,2.72540545536124,2.99367474865564
2.48298624074827,2.75708152734827,3.16964439899052
2.61043840018315,2.33593256275437,3.59663553457404
2.83940022675563,2.69790647489993,4.04534400724039
3.14405180863728,2.73203298857767,4.1047934926575
3.42641096261223,3.05357041516788,4.65749734053037
3.47503299113875,3.05868947094671,4.18371640989082
1.74496460216481,1.84926935398119,1.89673743971339
1.89618475544429,1.9285745791624,2.22546403917175
1.66672376771027,1.77155202686207,1.52696496594693
1.7553928183084,1.79744337748943,1.56371826148543
1.68767359229007,1.77588545717911,1.57293994614421
1.86042888340073,1.93505532849153,1.93056263981659
1.91720067278715,2.01039762961318,1.85113444586767
2.05457429821636,1.95889612897377,1.96216977513865
2.0554754255307,2.12605024327493,2.20264427770007
2.37697673687023,2.34985964637196,2.67887285545061
2.76340930838834,2.39307327958091,3.03352406363826
2.75302013561152,2.64178707527968,3.11585108384205
2.72003565832183,2.96542529052563,3.40762929302702
3.03849169715535,3.3565913767631,3.6665647852539
3.12313929520103,3.34279831179567,3.64050117645724
2.96131871191343,3.40627639151353,4.22590683736523
3.00674843376699,3.47036666385508,4.45710318502497
3.52882669321521,4.17398660095861,5.00440431923342
3.92497360143786,4.69857732407798,5.23085314820176
3.89656750225517,4.59850566623317,4.89902225296007
4.43880476569371,5.39190720140364,5.93928797341658
4.03594468761001,4.79236257241142,5.86883138000701
4.07741260944419,4.80222644119255,5.99405877502524
4.5497536724416,5.43380279190338,6.49389282308091
1.49359064495385,1.51918720138657,1.39880094254482
1.62660051943354,1.56911022289303,1.65762716889597
1.29921821301443,1.35492231707286,1.14392785144365
1.3538029325949,1.44288609957648,1.21172992840246
1.13193245330037,1.15923750015677,0.997026255836323
1.12206159587373,1.1689396926559,0.986698161277208
1.05395171407533,1.07014311712074,0.944745137627511
1.12551309815138,1.13723804152835,1.01754409425379
0.947464796628305,0.938503391432858,0.892282551970159
1.42199769953172,1.41146269756927,1.35818020401731
1.40233312848745,1.38919086185412,1.44413192163943
1.35183584689919,1.34081197758175,1.29602353163094
1.13850598592562,1.16128897054432,0.989989539236634
1.72151919871928,1.30391217639843,1.15673472010801
1.75566866622261,1.39251212479549,1.22259869582061
1.19856011318588,1.1791424973064,1.14044836432308
1.76603541071897,1.60978396457748,1.61345994381792
1.74380174009739,1.62000288188172,1.62321763881336
1.75369599872061,1.60896897017633,1.61033215776098
1.14135449506502,1.12460406643095,1.00473487595091
1.22380199556326,1.20372810455463,1.11924587808884
1.11523955879756,1.08787960952765,0.959661328162471
1.11055177332298,1.11071933178529,0.954045825457845
1.15008682944521,1.08958906964944,0.993754939194461
1.2624685305718,1.17286675932463,1.0812780962029
1.29254208727597,1.19087177506793,1.11890940409024
1.4606769022663,1.37315746920644,1.44084561299784
1.44998145270789,1.47160170672059,1.63362185452004
1.65155435373176,1.65861424841084,1.2761609359698
1.99377799879565,2.17790157823695,1.63569992022994
2.13231763807401,2.2183761600455,1.74442676977165
2.00521852386541,2.07934856556337,1.78781367818305
2.38185218804974,2.52467450539719,2.18602660642802
2.4658903892228,2.53741103350755,2.43659594823579
2.31940770304514,2.39886670220984,2.09670438295932
2.59085896598483,2.7466917725781,2.30966239377514
2.62246729711656,2.65681293516008,2.43623472506858
2.83497411901641,2.93841253397631,2.7921967681243
3.20093200906733,3.29404701744202,3.17287301233771
3.17132925665646,3.29682240258913,3.20293453421677
3.1827414860683,3.28049737292714,3.17895288287264
0.997364254095246,0.970459252587009,0.912339125414022
1.03865004904947,1.01122425037476,0.958165398008333
0.875498072202813,0.872684974971924,0.847270281526972
0.897662678953059,0.894584428767504,0.881266140094912
0.773818536264995,0.791303743055825,0.809130219267669
0.793098033177331,0.81308443925391,0.823603149732943
0.867014179117948,0.846795204147897,1.03171338045201
1.27858770982132,0.881003362954554,1.55298512981902
1.297353589081,0.913523857081388,1.55275831444999
1.04031184710887,0.939222585759871,0.882313411592
1.45366251333087,1.39220413668156,1.44155250968332
1.46580795752287,1.39089473705329,1.48554280137986
1.09973961330803,1.09716799843509,1.02110022268272
1.52348079788567,1.60310148528386,1.49322208141746
1.49574958899823,1.3496633989546,1.33409595970128
1.12953911403114,1.14412786098363,1.09388486117067
1.70390468779321,1.19956973324501,1.17063889955116
1.35493728636228,1.20643978161721,1.20169635442669
1.93456700485714,1.24193985902897,1.27205430912714
2.31097831187554,1.16619166525032,1.17922272025346
2.32091956705423,1.34068822498562,1.43960460233469
1.85582575933735,1.34369849950323,1.38880624106604
2.33562827429732,1.41424800508812,1.45347455916087
2.02896581363939,1.47462692042556,1.55119588656462
0.678236465760818,0.70291422021819,0.698324738480277
0.714513043161902,0.746333914548034,0.733234333584084
0.621312325556235,0.636916882916486,0.641304780787578
0.662666147251117,0.678253558375862,0.695578900328177
0.565302971390816,0.570338374427161,0.571111911058351
0.583678777669367,0.589363464656343,0.572411588965385
0.591190958021952,0.601207827984921,0.603744963567412
0.654237608781387,0.663865840586618,0.690962453348896
0.656672558489151,0.641174021803037,0.663214011994775
1.22719036775925,1.24540832327475,1.24668057176134
1.25870265682635,1.22676902299671,1.24966382402134
1.25341714011602,1.23434897095689,1.25570262385318
0.672398713845199,0.71205985662633,0.69124948142011
0.775623982545416,0.852025749694204,0.851012690543564
0.818996217687433,0.86956164417237,0.865887356427313
0.798889489876274,0.840972398895033,0.833071200458583
1.33010391793207,1.37956385332459,1.38079528884193
1.36119628641487,1.37304787362526,1.36835229622726
1.34505052895863,1.37982064305841,1.38333685168841
0.549266835493127,0.54423273140219,0.556331480797527
0.600888363502811,0.60568512033863,0.631805730786261
0.55922648610854,0.53799005149514,0.537055095301656
0.602259082042115,0.575431685069053,0.566463121753634
0.558422581964028,0.542712526446289,0.529020199438562
0.576987742747057,0.57212748767064,0.560750323487514
0.614777296444567,0.623886150407853,0.585137682077536
0.666909748703819,0.677187071483184,0.651363748779045
0.67617474890422,0.748164876672576,0.646208696016633
1.25509901817162,1.31942085731099,1.25716208322615
1.26336374387443,1.29498608343345,1.23195972523138
1.24024841416887,1.29743051975585,1.21901057538779
0.70813813918014,0.737241031618275,0.704475316229897
1.01101502533325,1.05159812669688,1.20648566988631
0.972973222237927,1.05662730505728,1.19213201355238
0.879878589148789,0.892084460653908,0.94671738014046
1.46254598972682,1.44950237881438,1.55104860707412
1.41198951881726,1.44289960881333,1.52157776547381
1.44142238356953,1.45153149523312,1.53148740940145
0.548016654716437,0.521577430699177,0.519489804244333
0.602015645444639,0.590829586989627,0.577222598299329
0.560648655094753,0.524563201434856,0.539756678957861
0.604058226195519,0.574886271306832,0.594256697245989
0.566866761405794,0.526060092885974,0.55352733650328
0.596648953657695,0.540536706601087,0.569454974044738
0.628347246461053,0.600391457052217,0.637346844478897
0.650744840459167,0.806232932470663,0.671136810724299
0.723723570243369,0.784913884918188,0.743934367500317
0.71092739331559,0.887308367369024,0.725713382517541
0.797610165611678,1.27218996436752,0.798312272845029
1.08636637430347,1.50212808967087,1.1569539998677
1.35470548531044,1.875479529964,1.44262866421321
1.23006464370674,1.80230507680681,1.32069546152827
0.565529532023517,0.539034942306718,0.571796573667882
0.608256167559061,0.603272540606322,0.6416143035442
0.582312730236233,0.558106949147589,0.58115597004566
0.62813828536767,0.595167013447571,0.612209698000622
0.590143834325954,0.585667362039644,0.60511033731499
0.647896311701609,0.636901596688986,0.674986806371615
0.7227158730547,0.704337451478722,0.740158692319159
1.29482408061504,1.19788137940537,1.27627521163551
1.22307097054716,1.12682906298825,1.28265240618776
0.869056851187213,0.821746857026148,0.806770517982107
1.4017397290526,1.32814952950128,1.35763182713747
1.4679630109836,1.35552098554832,1.37311689667758
0.95707045713524,0.970117511903522,0.969498662282559
1.33770071641391,1.34909042738032,1.18325369475831
1.91778484226666,1.93529254808959,1.75707228334732
1.94659943632341,1.88514365889107,1.75556029457769
1.93102046761409,1.89649370944856,1.77279795620337
0.563670243231327,0.568815065952285,0.58466328252884
0.634907600624841,0.600516537268681,0.649053114466365
0.585202561156984,0.607343130095908,0.612132678408429
0.63493981114622,0.665066023449912,0.660152535823824
0.629554037832535,0.628551510897045,0.660288636718331
0.667417976344375,0.658730291110623,0.713037326604573
0.760263359748717,0.706918235257855,0.831599515326076
1.32384326319993,0.957746767270208,1.46475153758446
1.34852578731185,0.984750681704129,1.47062405058449
1.15582318469732,0.87881000723524,1.16005924436127
1.77862894506663,1.20377787423821,1.81035512919802
1.77074178512207,1.20299508265181,1.77863646898447
1.2318863116343,1.02130647649023,1.28973071464375
1.52735106586942,1.2707984255722,1.54060255571629
1.69987115992584,1.66483442645848,1.78340048754539
1.59330938557105,1.35160134169012,1.69882908503647
1.51413523987762,1.4732892860689,1.63225501750646
2.51150724568415,2.03443396325784,2.57812224534617
2.91670707890953,2.19223659712165,2.94680387252096
2.47244950095801,1.78044969049334,2.51881496659967
3.72468673364889,2.82408850364622,3.71452560769162
3.25033591867611,2.79963589993512,3.30366818410947
3.01118296188828,2.7536133330639,3.09055933674034
4.05758948643673,3.42571250837816,4.07113475775246
0.636635271403517,0.623735172470725,0.653215000137593
0.70069976472682,0.672867277230755,0.697637148018294
0.642635916137892,0.639156840136764,0.679964977710082
0.676530898969122,0.686572791106049,0.739020792210186
0.654156713710051,0.63991513145167,0.683725748194021
0.655032211215219,0.650779714681947,0.6755846638113
0.704236488452356,0.675551403565678,0.758390539488174
0.786093639346871,0.786777687896857,0.92553411519929
1.10060281011363,0.966156795513358,1.29604462981975
1.69317163864704,1.47609820890326,1.80881699935811
1.53988133946141,1.50416220297008,1.8679679259521
1.60048184207132,1.52796605695336,1.7562137579105
0.995379866365629,0.99645667798198,1.18678700671993
1.53047712474752,1.54566962969547,1.70301497973245
1.5149043042126,1.50389544920888,1.74934967608333
1.55124372775965,1.54574524417631,1.69983658849421
0.705176399619443,0.676496733599059,0.733698412071457
0.816653439549041,0.756792012877673,0.858519317570981
0.716774745453356,0.714761524709209,0.746064553114997
0.727699271740336,0.748168685564528,0.76036012369243
0.798355557576116,0.782063570032845,0.843655576966327
0.858072305071461,0.8220873805275,0.901946757750672
0.870022646863403,0.858059697804044,0.910110659024057
0.94400877881683,0.993716484640336,1.0834570917325
1.02737738762227,1.04084508288897,1.13930738349889
0.935241046069336,0.910881863075848,1.02927494295463
1.15611284127375,1.12782907258802,1.33024749121151
1.14496901315987,1.11992122648396,1.24866556321901
1.6316396953917,1.63127534272454,1.6932405596889
1.62330000988643,1.58330600019955,1.72354876112353
1.62587180007457,1.60303872736743,1.73073160547606
1.24166175176765,1.20582662441962,1.39290595319025
1.74281119354205,1.7096712523056,1.86490949591161
1.69463676958751,1.68401740902749,1.87993583614679
1.72650989554279,1.66955573264802,1.82656192893533
0.863778157508262,0.849464309636784,0.950633698412831
0.944699063168467,0.938613073775031,1.02184809698352
1.01102431887216,0.957737100974804,1.12477542865602
1.12178499787589,1.03798839693193,1.22802891256102
1.17234142073095,1.10401947930779,1.31599203838911
1.17460203311949,1.12728492136352,1.34409785082288
1.37403226044898,1.25359773988707,1.49978008045688
1.48832409654267,1.32484358236175,1.57813738668636
1.6060215618191,1.46903863254988,1.73302308773609
1.48129484707986,1.36514898554217,1.65876881288356
1.79612144224853,1.65122686820617,1.9430639441858
1.68583885839092,1.56421141214164,1.93417354374392
1.8790875336499,1.73217829159861,2.11560373362934
1.88129919188062,1.76779441357159,2.17794266196692
1.39131579833644,1.28559180596117,1.53535781411489
1.89670465573293,1.80605668171084,1.96131166014324
1.84175778602154,1.73267672899224,2.00868081409347
