R1,R2,R3
2.90307784009006,3.21416408281436,3.66638653348182
3.19583588547823,3.57125524787472,4.0432586117651
3.2025118367663,3.55757636630255,4.0226735413942
3.2171030446247,3.56031360155443,4.04454043602109
2.49813782068498,2.53722836137318,2.86562189513932
2.73898923886752,2.709969269395,3.00584256819709
2.6254449454116,2.66385566563771,3.11324202148701
2.2181396405496,2.1517642560491,2.37464529953038
2.32896231109053,2.53012787121916,2.84280915177253
2.14493690645093,1.85335860541992,2.16444298591557
2.29192081688438,2.01182538347411,2.45401473102516
2.17889564477702,1.91120441938345,2.4132853791275
2.4326593631503,2.21432767512438,2.84614526701646
2.56388787644176,2.41610413909998,3.34384801691906
3.14247835404008,2.74888493151749,3.73076516761819
2.98085244062174,2.86236927693151,3.78986332391408
2.57540107830022,2.81285376735332,3.97247730718784
2.91518397288873,3.04942611272055,4.01839405545125
2.89589596657336,3.23027643962916,4.51533736382084
2.93615968397354,3.53142603959367,4.73030998248566
3.35903450234138,4.12338722250343,5.53916876947851
3.68929425718293,4.46918622666762,5.84772568558318
3.67876909455184,4.42927904124697,5.88018451328872
3.70349392407673,4.44475504166489,5.86740330469499
1.90565011601277,1.69122172037822,2.03458156129576
2.09613226635669,1.81418737902931,2.21792396358164
1.67024660539799,1.50519040354464,1.67726873429535
1.76142611578201,1.5545662787728,1.71283326546696
1.52772152196744,1.40044235870986,1.4671527061026
1.61444384374404,1.44649808124128,1.57286064307672
1.41748415455163,1.31423876322206,1.31443386780882
1.46251310017109,1.35500934523244,1.38401723175871
1.49385355008521,1.35490384105201,1.39748650146793
1.83531567682777,1.73519660443141,1.77132826935328
1.87172765678613,1.71104103644994,1.82475198195056
1.85805384258749,1.74315158997658,1.75402144021834
1.42629809588545,1.32205347732779,1.31918401827071
1.63945441145846,1.55590801136176,1.47513453918515
1.63878466589403,1.45369535224242,1.45505394184273
1.58834290145578,1.4433051873264,1.46944726910039
2.0015073775461,1.87552680927498,1.85313667318722
1.98767408675456,1.83394842285292,1.8830841009448
1.98725431069182,1.84064397815873,1.88040100352348
1.58074519692408,1.47673580083694,1.51755483544634
1.62847312907393,1.54441526819208,1.60750801215477
1.65753655699144,1.55973979547793,1.59264302750133
1.70624792499028,1.58512270250406,1.63916421738901
1.75441096722782,1.68645617294568,1.70926560038113
1.77696101488927,1.72878330803673,1.75376068107029
1.95799701765166,1.89062363627233,1.89418325320133
2.02144433328022,1.99305304904457,1.97764439579495
2.15991479944808,2.09224262753029,2.07384217082587
2.20333909707263,2.13528006238504,2.17282141530699
2.53788768056453,2.48930022426254,2.5081580596711
2.55223469368772,2.5320940479136,2.62963542575276
2.75354599611915,2.78174410130586,2.90050363652244
2.87183851372837,2.86059460802791,2.97138257657494
1.73890997072056,1.68485851080957,1.72411747720222
1.86925569809021,1.83985893618172,1.88457986437341
1.68032965458207,1.61510586420355,1.66350409205606
1.68409805759119,1.60824684170981,1.65731228851466
1.702049411619,1.65211426751175,1.71112393302809
1.74740386999954,1.70216141390178,1.77135533139525
1.83142229919073,1.79676792965093,1.84881473580601
2.18793803155648,2.15307505103526,2.16901022073003
2.12504929109779,2.13207082881041,2.20068997449576
2.48361931836274,2.49079253866693,2.60350761094638
2.16137207366146,2.04766284540132,2.20730523897257
2.58752821268292,2.4503106275706,2.56970359935184
2.57187542436686,2.42105487738435,2.61505500861418
2.50720628146739,2.4242857213272,2.63005745087646
1.60860742548422,1.55510365063144,1.6098708515919
1.54775355672419,1.48655485935124,1.52761685086878
1.64059238956941,1.59332258446516,1.65204512075422
1.7259896054196,1.68493397638206,1.74978117701671
1.60197785033241,1.55328491086354,1.60083842830794
1.55318495806394,1.4987132739305,1.55272634868858
1.70181762025109,1.65607525326061,1.71468433297802
1.79938447382268,1.78831663450075,1.98801484170583
1.73252538017418,1.71083273319801,2.18210827165112
1.76337920496694,1.72214467170177,2.07884833907738
1.83500433660921,1.89862428344578,2.60732473267573
1.92569163553036,1.9860144667427,2.52726828943958
1.88861501401979,1.87540968571587,2.24259899644215
2.17983874168588,2.24562791669459,2.36337654495012
2.10799006043166,2.18359140111654,2.41868514724156
2.12185935311823,2.09149215132016,2.94408426034171
2.41667876696568,2.44233009889157,3.45994790237337
2.43279336616947,2.40603554625883,3.21435696003753
2.34744855572087,2.21081005842959,3.39570112483344
2.62892890579486,2.51085084758185,3.68443165477084
2.6339857940308,2.44182311560185,3.68392820214339
2.61865680533553,2.47243595770242,3.71501486754543
1.58237355124359,1.54305967812006,1.56319914230903
1.54367291399974,1.50034690284042,1.50950588330683
1.65135663045928,1.62324400324237,1.62533817374965
1.7195162130793,1.69461504236677,1.70562141109159
1.67886838165363,1.65519828270287,1.61646841988423
1.71446264304538,1.67916630533123,1.62874269552525
1.82130491090033,1.81905271772395,1.75978992001565
1.97905057824902,1.93560602620649,1.90693549796124
2.00610516008631,1.97135214156176,1.94155410949739
2.14709933054415,2.08293389820582,2.05766915503697
2.50306895973023,2.38744472811455,2.46555159260946
2.4722320404928,2.30239680449892,2.31608415788054
2.38038584207657,2.35942546222098,2.50769859006386
2.83248985231541,2.76053943157492,3.01419764772257
2.72295966482283,2.78507914546724,2.9942078633162
1.607631302139,1.57416500246389,1.52638420454816
1.61560033157924,1.57207058569468,1.49978219471478
1.58959209873207,1.54341481758161,1.51668755995427
1.62913069332472,1.5896355605219,1.57812474018509
1.56959719486592,1.49497705096426,1.45941370900339
1.6380245335548,1.56976157585891,1.4958486604487
1.66121436390719,1.55882890709988,1.54896179336266
1.67013711865047,1.563175892505,1.5944321496829
1.66587995327731,1.54976322827769,1.53140206509292
1.87541437804388,1.77220123711269,1.75699637631983
2.39482188617776,2.00550613449904,2.06135592107923
2.13058263066934,2.26212108182673,2.12254462842098
1.44717163897957,1.361846532594,1.33239359957056
1.42923995702729,1.33870951464509,1.28600155116867
1.39514340831396,1.31059449500748,1.31001594424579
1.4479840306186,1.36161011326782,1.37566798283838
1.30622757262606,1.21703634452745,1.22427845831467
1.29833652774175,1.1852695722879,1.18037191620249
1.30903199453486,1.22563182090684,1.26258915879976
1.38291684786762,1.28946573681033,1.32768965041287
1.38600989645409,1.31932980854286,1.3608294022404
1.22756591660329,1.14416658323545,1.1930935417413
1.87475886762163,1.21233494503107,1.27106799878519
2.61303961935478,1.34055829471197,1.39563537152654
1.87166701006981,1.23419520804771,1.29351121364945
2.59275627672594,1.37644801720653,1.43485177284301
1.27207998079453,1.19546640908376,1.24414425900369
1.36926237847054,1.29058375316765,1.33104551660647
1.36328254757543,1.14037559417447,1.17207915469108
1.95168151789436,1.22457088199992,1.23344122898513
1.41042756689246,1.16734971369804,1.19642978632647
2.03482284246365,1.2760785308207,1.27990791303305
1.29837063679753,1.21660130816236,1.20463165496546
1.27159154792669,1.17759964205634,1.14567833634097
1.36836631321205,1.30565646625555,1.29539420318393
1.4249300163972,1.37097802486479,1.37366126593336
1.41246953039829,1.35376668851101,1.32835510389531
1.39379433611336,1.32909863060302,1.31389609959331
1.53996216477326,1.50112810763338,1.47952516399023
1.65629554640494,1.70179872574804,1.67803492142211
1.82512309470469,1.81982829658489,1.75196690080211
1.90730270982138,1.91749823315242,1.91756317666226
2.4098700832482,2.49380245464177,2.48823892605242
2.27014075773751,2.28132248429957,2.29414315360073
2.65504787798463,2.68527981693411,2.68334180085279
2.66359183315389,2.62698955878472,2.68144240294541
2.62801468445129,2.68625573565873,2.67799647567628
2.26915250753171,2.35688004768075,2.34276749496161
2.64359291984747,2.73264655136583,2.70325618096087
2.64239176148054,2.77832123221117,2.7475977852771
2.66028409110792,2.74619977684997,2.7558716610884
1.42831868157214,1.36080706769953,1.29475879585417
1.44024302457703,1.37157735133453,1.28870211560328
1.47043172648186,1.39141375429829,1.30956586708736
1.50027751598927,1.41594293423741,1.35203857050495
1.52368903867655,1.42229971577875,1.30855682806704
1.5839972262883,1.4867714014321,1.35901100170631
1.62652420433202,1.5141135198707,1.40480787635289
1.85496944452037,1.71562908381469,1.58185391438308
1.79708280659949,1.7128873415158,1.64112785918254
1.90811428490026,1.81063754836316,1.72498868894098
2.33869470115468,2.26862630868958,2.21972202756148
2.26652712997547,2.15284124017416,2.01719870088619
2.64257134145838,2.51682273156342,2.42624318700247
2.63565619207205,2.55408714818544,2.42527822010228
2.64571704469126,2.5460173216247,2.38949711556667
2.26770306507306,2.20277088181557,2.21503212921108
2.62626938629076,2.59504380287738,2.60643729562378
2.63979062044094,2.55486461212445,2.63949367472655
2.66392435780262,2.62845519136052,2.6314462449271
1.46742258241229,1.34469398372726,1.21482147464487
1.52829247248495,1.3858157294672,1.21906187278621
1.39463688053441,1.26673791850178,1.1584837789444
1.38835574043335,1.27341895674726,1.19107035066752
1.37583708328548,1.20623571818952,1.08463734454841
1.44495245149996,1.2591376614204,1.11649279834585
1.35196932572765,1.17777838063141,1.08035150327216
1.41175669762092,1.25829542489015,1.17297471986916
1.33586977919639,1.18515563183145,1.11444011031049
1.39277211959685,1.1700986014595,1.06151866826505
1.45264956960692,1.23075723729636,1.09216670829045
1.55292807603336,1.35363636950572,1.20034991051945
1.90177428191476,1.77478921510378,1.61356502413292
1.95010964446605,1.73631954955869,1.67019225854072
1.9164935062723,1.78413682441373,1.61378872103006
1.47919080366,1.23466918732539,1.12923452750315
1.86745699951387,1.63600815363184,1.56715162454989
1.82450393170373,1.66443349782809,1.56113719420951
1.84125020005835,1.65062794128968,1.56590855234075
1.35987025461183,1.15915043153855,1.03222414025202
1.44382258439213,1.18070205096935,1.02562807281909
1.3078794628883,1.13625942070945,1.04120567002771
1.27835220521161,1.15640477086911,1.08084175772828
1.37752773780946,1.12948328546883,1.04346335603274
1.39408154427116,1.09193350501892,1.00995736956909
1.43541449174614,1.14658244937911,1.10801086153057
1.91185753459643,1.24516509876085,1.2259053878125
2.31047941435793,1.26284519316995,1.26626981757821
2.77531848149661,1.61724864897969,1.71323487305249
2.76074267042597,1.68301462120908,1.67922702390882
2.82727041873703,1.71059354672356,1.65344148838981
1.20136716019393,1.11234438679535,1.09669989665192
1.3976794694225,1.44125268587567,1.39078914991737
1.71916429127902,1.39112958697827,1.44941889609623
1.71154053575321,1.2736538067423,1.18668585157679
2.23634972436064,1.75070249168636,1.65876015874191
2.1827520567956,1.72848086715948,1.67767595645815
2.21782175502641,1.78066332723668,1.67787197753073
1.44600757941513,1.21586499160051,1.08959649700087
1.47223792055503,1.24323586461386,1.09456719480568
1.54966359094466,1.29381454806505,1.15952139329959
1.5983738819276,1.30710182273013,1.19037591953601
1.65872785456765,1.38614180271718,1.22221776565009
1.72983968190765,1.41532991766883,1.2568799410252
1.74620604135919,1.49577583237749,1.33741885388253
2.00370344607281,1.693530571614,1.55727235335847
1.96979421309964,1.77698805406242,1.63658659292873
2.11093655829307,1.92651787141676,1.7756024229198
2.67254610344762,2.33458354045792,2.09239446836827
2.36027710967529,2.45661656611202,2.33927202856913
2.57570841141023,2.31994368659191,2.22149169486941
3.04532370696148,2.76809281693119,2.71017639594401
2.95669530913071,2.66433356309362,2.62165287963036
2.979867857484,2.7989627756326,2.61184083954997
3.14869858112121,3.08851209038325,2.85891517421201
3.28898412807864,3.14851102806401,2.921156481493
3.64538907753974,3.37347482629326,3.21113195426124
3.95603901230374,3.70263912504399,3.54236061136967
3.98295479257491,3.69945349245373,3.50911127692678
3.96508168517253,3.67045053339194,3.55296356109738
1.67187930445541,1.40302361931899,1.19703306165924
1.67932542775988,1.47235648693571,1.24520271537601
1.72892940693405,1.37898521269623,1.16516040284177
1.79677408667475,1.36356976537381,1.17399058838949
1.73794512903149,1.41664251612113,1.16811252395473
1.78891069212427,1.51053347424857,1.23604701254864
1.86431203308587,1.47065547673118,1.21136821473195
1.95840501063098,1.50363111861253,1.29980146499305
1.89634334519047,1.58291274822388,1.3150848404909
2.05534868381725,1.69627800209792,1.41246362332208
2.2395274220549,1.9354145294386,1.6945449769952
2.32240793751214,1.95156773144619,1.73119737966828
2.16478624239558,2.06960195817741,1.67716646746928
2.51295503809445,2.530124589989,2.04684007632223
2.54928141638927,2.62423114175097,2.33384685018036
2.85159206752408,2.88808690698551,2.70049509862854
2.86200436026313,3.10186420341052,2.7643287692079
1.63544010832663,1.35531756450691,1.11855053776188
1.67667555323023,1.43312720200639,1.18290498992216
1.56022362800744,1.2537524254248,1.04777918545353
1.59554159821734,1.22874502113074,1.04308161527829
1.52073800985348,1.21591038668202,1.02586646320645
1.56730990891034,1.27185064055362,1.05756388013525
1.5491955873052,1.140113800847,0.974878701590078
1.85107732497456,1.1522646093307,0.995242260093799
1.28263846712568,1.25085708669304,1.02210953124374
1.69281003677457,1.64516134910903,1.45249836561407
1.73017632108443,1.67395831388868,1.46551658697718
1.67278059702953,1.66033506948917,1.49016868901278
2.25388202341696,1.1484988403181,0.977117451087833
2.44787117671468,1.29234195495692,1.11511227635221
2.90256709437131,1.33023818002462,1.10594496098451
2.62339780792218,1.1577681702245,0.975364476739866
3.00551632150061,1.60307208070941,1.45408227060263
2.91541084104175,1.59014827968155,1.46281027897742
2.98849338402074,1.57414398710857,1.43293805601485
1.49816700564,1.25441236216472,1.07803752658452
1.54449944378921,1.31296908421217,1.13599841656157
1.51046237557884,1.28356072146269,1.11682863859646
1.51843330834042,1.27993086692135,1.11403817086239
1.59307452415844,1.37986018025227,1.21255385667973
1.63064056365029,1.38477005368888,1.2434244860258
1.6668563641712,1.45480380609002,1.29475692563961
1.9350250969225,1.71775327627325,1.60122460259972
1.98972555172018,1.79587918808323,1.68303084528641
1.90323672933815,1.74277506755542,1.76926080834434
2.37679344717514,2.23562498708455,2.35046458233828
2.39220299367805,2.14852016123656,2.27552324796675
1.84925801032331,1.77495035065912,1.78982942488793
2.21037324617981,2.17370809602264,2.1117574612811
2.18169215540425,2.10840674666461,2.17868835059865
1.68307856743769,1.49543563662174,1.28698642311691
1.75524816725099,1.58662158311703,1.39699208632912
1.79382836619032,1.56267841227997,1.30015647473421
1.84431789744795,1.56053688347414,1.29433754728648
1.97024018242528,1.72121177811911,1.41112406995718
2.04239923077907,1.80774204757936,1.49679113963451
2.25258921702399,1.89149453846934,1.52895769667727
2.59307664477619,2.05286204798763,1.61677802269739
2.61258750217653,2.20273289552721,1.7085721156679
2.24122669584223,2.02711861575633,1.75713268939213
2.3935797103818,2.30138018345096,2.00564238501178
2.59588776219562,2.3819604203984,2.12972750435626
2.38392846651516,2.39047697247159,2.06668983532762
2.7291593978205,2.80666107170449,2.47023193473237
2.85427842306113,2.9686174352699,2.66899395730949
3.1333212954695,3.14323703841478,2.9739292015584
3.26075107469324,3.53691826867216,3.13421107441378
1.9422234837171,1.73475629132325,1.41267301540897
2.10663359050604,1.90646015392463,1.56987866775351
1.8205732980175,1.64459264049054,1.34426458249601
1.76473219774565,1.57555126959544,1.3333777739725
1.86112557053103,1.73388695779313,1.40815442904008
2.01480084949211,1.81491178413946,1.48675275500116
1.88290677403518,1.85857155632214,1.60674195646879
1.97297538663597,2.11477051224847,2.07261350025984
2.1750864531958,2.25499338100219,1.96657027833046
1.90673256999408,1.78655245070107,1.51269337310852
2.13354868783782,2.10446805822065,1.72612602850709
2.38554164934776,2.08324381120987,1.87249197390363
2.08079454172927,2.02798327871279,1.84195977446583
2.58163154582094,2.52590551376993,2.42706583760012
2.42772981446667,2.48090162745345,2.31005790516747
2.29562251315085,2.0530598153375,1.79668679929224
2.6292957460651,2.41277880231192,2.15883247408339
2.86252966410106,2.51321176518978,2.25297303073362
2.40839954508285,2.0521437931022,1.75562839823513
2.68834597929674,2.35826818419573,2.08029886712914
2.70076725402209,2.35060758775478,2.05728623551531
2.71595753645764,2.2999275993501,2.05685502467916
1.80518085626167,1.81271142994855,1.46571392602395
1.71952617378071,1.87902055136718,1.59960317597923
1.95366320518116,1.93663022772349,1.55481379688901
2.12274739034882,1.9862038994385,1.59274245564111
1.95859118099583,2.15696275071978,1.79646366128823
1.95125334882246,2.41787258306518,2.14988271218334
2.29773015418719,2.74632040714107,2.43925982787649
2.65179222334128,3.11585588907296,2.78476564486882
2.50150263099693,3.01047225443813,2.84439104141011
2.63703256031781,3.24568543763461,2.98674110721868
2.91724864591249,3.50427979015821,3.30648640405547
1.81675027968231,1.83912161746375,1.49806615683699
2.03542478741507,1.83093583168312,1.72479476793477
1.6661152867318,1.77920639952359,1.5237156146934
1.71561496541339,1.95677097369992,1.92682799339069
1.69354342697885,1.69038031271124,1.43515831079692
1.79052063074089,1.8929936936552,1.63882480643164
1.888870037031,1.77432418529509,1.51117831824599
1.54985402587474,1.46854839541549,1.27781612882633
1.74086818340732,1.47864852560505,1.34775203987268
1.39464823031682,1.39726914044083,1.2035812729222
1.48533946276389,1.53444383317112,1.30328320307837
1.28712822943861,1.25434726508128,1.11044214080216
1.38706338818165,1.25985683528206,1.11766880875476
1.30827190875226,1.27429864914698,1.12668194077389
1.47578835221492,1.39302877588275,1.21504171501085
1.34637558166203,1.36618659702255,1.2022814714429
1.29464073731825,1.20075602584732,1.12205924342162
1.32682603863351,1.2572028758463,1.19149009720431
1.43188900257264,1.41870303404624,1.30264422641011
1.42123307423228,1.30269635434994,1.30083830278571
1.57877348350422,1.48678091592907,1.47944232086358
1.494621397849,1.29550900986841,1.34458495240364
1.69613209489742,1.45845400972855,1.55800656710254
1.71260008702119,1.49024034535413,1.60423201123815
1.47124034086493,1.30103561181943,1.25588107953067
1.66298669649239,1.48575008642242,1.40977652443294
1.57114404075509,1.34906008666032,1.36171858182985
1.82193218253779,1.56496338771358,1.57449598694146
1.22899917028188,1.22658343522522,1.1140117474043
1.32146325055319,1.34430036657358,1.21728992631589
1.25181382548329,1.1967583890418,1.10798249697453
1.33320118890872,1.22102565438583,1.13483484506529
1.32412882877237,1.24850682295585,1.16251770752729
1.38927962172974,1.32227099861862,1.25656205391942
1.68398882482378,1.46460787523744,1.32249708917793
2.41733172480922,2.09732761326285,1.85964447192854
2.06824774420636,1.9063227788404,1.88433367587608
1.70336871058111,1.642038841641,1.50375520957278
2.20355487316431,2.20487106537702,2.16803056056167
2.2703583796961,2.19045631256486,2.04382785734295
1.78719515358411,1.80479133546239,1.67412136853472
2.24738772473393,2.22717945650187,2.12896342228879
2.26762804191788,2.26715102532213,2.20815518072761
2.01156075732838,2.0108438127298,1.9961275598084
2.31248987314942,2.28647415779547,2.38112216011482
2.38635537767739,2.42333624129652,2.5007711149656
2.51713309381554,2.42412474827829,2.37834661103708
2.87994612213731,2.78630994976074,2.69771582866359
2.89439102526392,2.75392684265308,2.74682664170159
2.87240344067068,2.76787970687668,2.72167362236023
1.17677312113237,1.12657131976758,1.06833955252497
1.18429006556199,1.09755159794859,1.06037376552399
1.16167824847221,1.13110030003142,1.07637130231016
1.29426338268386,1.23472045907598,1.16145029708989
1.07037759694543,1.06065281823266,1.0444498963894
1.05932707294985,1.05685731884806,1.0598291068545
1.20029461879036,1.1753332477224,1.2105612431107
1.48205244195258,1.4256737579909,1.56951660861784
1.35497007590587,1.35781151059688,1.45866419199469
1.41268729501247,1.47652983116693,1.3786440228738
1.88642784979393,1.96850692442585,1.80004723392164
1.99636172028415,2.04010725563223,1.88601452616604
1.68362905650056,1.79918186905255,1.5998449014734
2.16270262853231,2.23294365468479,2.02710302655822
2.19009343343189,2.23698382488745,2.06615011596086
2.10891260299077,2.27891861570263,2.08504978310192
2.55825796887163,2.63352501306679,2.57186317322153
2.62882242554559,2.82874242692307,2.59729258858498
2.27793662427911,2.4796693003444,2.36335877349406
2.5994852534599,2.8112323948438,2.68319649870411
2.57373757229566,2.76361460258868,2.70954411101122
2.57752458071402,2.75812117799084,2.66818056279952
1.00237223024462,1.00315703818851,0.955936791330318
1.10580282666356,1.11165333701002,1.0264975051312
0.91445324149971,0.921213186864681,0.905122094695971
0.933370074043007,0.938459041510839,0.967884650629088
1.00312112346133,1.0162427554396,1.06679318954692
1.01896028973693,1.00609369319974,1.04913467983097
0.88684040899776,0.897732333950726,0.859440907089047
0.932457818584842,0.932728585846661,0.858765245596323
0.912276571965592,0.938266425130529,0.971754157444242
1.11555637203897,1.15133903910678,1.24720453185079
1.0594345951415,1.09698959166694,1.14868037987108
0.982339832722468,0.993910184874422,1.00759409102936
1.23198151266518,1.27502479461232,1.24338735846201
1.17242150453887,1.1766654224021,1.18027577471169
0.945096211286266,0.952012239770627,0.933462547120328
1.11298264006382,1.15476199545888,1.16605547676978
0.943125487956586,0.913822706359788,0.908572831086593
0.975116227592153,0.935278347270389,0.910437002778277
1.00785350897273,0.963202997717646,1.02600539637844
1.09196998974737,1.04239038234905,1.17562085499063
1.13189308273661,1.08170444237739,1.22033856845593
1.36848200698247,1.53443590826146,1.7479120916197
1.45451623856415,1.43661095405972,1.81607253903058
1.38759560469909,1.49867423769652,1.3611098572544
1.8068797842588,1.99433657649195,1.93275049282823
1.76153777793373,2.10049270305317,1.88889528636146
1.46527095381892,1.67859337194181,1.40328518299502
1.95657020245243,2.08948966251019,1.92387580411418
1.78042789310588,2.05899318274406,1.80903842927231
1.76136491448247,2.01752444839196,1.66184423412556
2.27821832517787,2.55963338929997,2.20558663667729
2.33949184135457,2.46532667325657,2.22736862238057
1.73835761952077,2.18221812748924,1.79583360957008
2.04646971449717,2.48719179922651,2.18340636391191
2.02572215629613,2.50863322830894,2.12500358441925
2.04418511675848,2.49400639751151,2.14329353821607
0.937924929664979,0.894493394790597,0.922178199335858
1.00018347177884,0.953156469003471,0.985885685878242
0.860334587938959,0.828042523051022,0.835901860661389
0.868879630869946,0.836758883749583,0.860361855308478
0.816557310052611,0.801929652361795,0.787275041761301
0.841665795108983,0.830333796424398,0.822249689736626
0.90314595303907,0.901697372691304,0.876111147470503
1.38636753436895,1.39452022658298,1.37650256747803
1.40867190177177,1.40135318695323,1.39568583842402
1.39822080661832,1.40805774360465,1.37480982604712
0.741420525911956,0.737980473636654,0.72417053994978
0.764629783641086,0.760435417634332,0.753608130404487
0.701057138930945,0.712679634276859,0.694044523460191
0.744359417652554,0.753721319090799,0.737880723545879
0.643825048410322,0.674895962796976,0.643954581571324
0.66197803700126,0.701685733789821,0.670414616563403
0.636632545909947,0.684199080562789,0.63870117378458
0.66371697814367,0.73315680355932,0.663181538887606
0.69889114297054,0.755821707707766,0.704946609308214
0.648911849827599,0.698643796935998,0.676840119237416
0.731752729185664,0.789739779479373,0.787746814090464
0.81165174663827,0.86928376110215,0.869642295150875
0.809866957914024,0.895702442811904,0.907096581433228
0.931919549948621,1.03281962610422,1.05205392325203
0.823212821626321,0.930486809806738,0.932819562174262
0.939495503555511,1.07669547353019,1.08022858960989
0.694426773800097,0.772945939485774,0.747221191179993
0.747518291158991,0.840105216651315,0.792935115209956
0.781733622467654,0.890184037492882,0.87587278162622
0.898275766177277,1.02761854661067,1.00949215519709
0.63702004242125,0.671000516158825,0.646316367475558
0.71966008420443,0.734567344039665,0.721105492420108
0.611964376269852,0.665927496065987,0.638751566883997
0.629831225131359,0.69240099869305,0.654855618889106
0.637591106343008,0.684060793163061,0.669348922372359
0.724398818351919,0.771022669448855,0.750808320137866
0.746101449999573,0.767181529582662,0.75903034959044
0.566560430619762,0.616853585119662,0.618611755106217
0.62633644072251,0.679202448018865,0.650869108561485
0.576091304812298,0.608002421901705,0.645219472862521
0.682714740941321,0.685643475168998,0.733090560075826
0.56469108340456,0.589626458065397,0.641913474550136
0.577444639833575,0.600371293610921,0.656947199641679
0.659047837217747,0.665064018287481,0.732664827736652
0.729172490573898,0.724086971443743,0.79197545226208
0.766770474327633,0.742674509391963,0.827220932451032
1.29246761921956,1.28498332210849,1.34472588771433
1.30495892620691,1.28724686011345,1.38159130246784
1.3549514987312,1.29528216433647,1.33607901677591
0.778337079324494,0.787328602977008,0.880935630503688
1.20718275399519,1.07486171007695,1.32215472235405
1.11483303875124,1.02998508692645,1.1806283162128
1.20029177699417,1.00681287256069,1.13522924110601
1.72616037241481,1.51064630407893,1.65032836115558
1.72597967910627,1.56131767376621,1.67682310683024
1.76283343875646,1.52125392206545,1.64514617211926
0.580891371122328,0.599082296376229,0.633878751640283
0.643613622038716,0.662677557351305,0.678713765653415
0.638971375596275,0.632638691867232,0.658687650481506
0.702799054862633,0.675965371257037,0.70339174628406
0.672139154709947,0.677084392099328,0.674381016386673
0.791827014544038,0.769809445021622,0.762342798559357
0.779637279863845,0.796207442236445,0.79229255266446
1.33172190581062,1.34663518748465,1.32635789854254
1.32894535482293,1.33951683354458,1.33269251243197
1.32344868995328,1.3316955764894,1.34110484843124
0.615233494380575,0.644822808135633,0.610872914163032
0.693527411103803,0.71633596814648,0.68904241071327
0.644915738414684,0.665714925472983,0.610272232370772
0.728156561167015,0.737578003716539,0.688958704298251
0.679821556919728,0.680797614146432,0.608806771016514
0.710073078948539,0.683501407819548,0.638860434638923
0.872701658725867,0.795795525934224,0.777230886911491
1.27592063083428,0.966990439749619,1.51740362845768
1.33877736671392,0.969684663053103,1.37230304730754
0.976502571005507,1.08041850442503,1.35518535116652
1.46126431682463,1.45044127901722,1.97797349497373
1.39978960201884,1.42807090432775,2.11373532249141
1.19435653792917,1.27777506673497,1.48394053701436
1.68890750692968,1.78022018897447,1.90470390948571
1.29683608298359,1.41518637493904,1.5368564600685
1.8148409413176,1.81586723724113,2.32979905887193
2.24279460962558,2.11752025304447,2.83710055133327
2.51880457743019,2.4279615758766,3.02567024473324
2.94501928108536,2.67369335979596,3.26026361210421
2.79751501645905,2.48010112458483,2.96063825235118
3.69998771674133,3.28409427462753,4.02465093817214
3.3447725001339,3.18308194765081,4.01153509728489
3.56145746726123,3.36102541452935,4.30466135763805
3.95074944689828,3.69806015861623,4.61573169458797
0.642406469397179,0.693851681138077,0.574730210485635
0.684774356676507,0.772930163341499,0.639550324952471
0.667211315287085,0.713174930938843,0.597912300222651
0.734514804447807,0.748153747045341,0.666404596758417
0.671148128150037,0.744649312946928,0.618424521897761
0.690821600917689,0.780398482151904,0.648184927203956
0.77771551732609,0.79699581021612,0.745117548607277
0.953017783492546,0.84935636605423,0.824392456644108
0.920133703484047,0.871303678350285,0.857446618893977
0.751585185530689,0.840713761724214,0.817680210537254
0.809770007039101,0.904466743307361,0.96362448531891
0.996473041745896,1.06057298478109,1.19571199885262
1.50421757656537,1.53772746330537,1.69261798298477
1.48291629879989,1.57090364426684,1.68653786726415
1.51325810875751,1.52681032098612,1.67761169074033
0.824057102691719,0.965378237757215,0.992590695607683
1.36352271625308,1.45675567121473,1.54083301839963
1.36537810330615,1.4582880024282,1.49081399861768
1.37112120314708,1.48406611944613,1.5028382712756
0.703658248289373,0.783556476528603,0.621193765115889
0.846905247173733,0.863077674883121,0.748979592805662
0.688038817494459,0.844145738465794,0.62729441459126
0.713339626012078,0.906218620229374,0.691721126893727
0.73419846827591,0.928080567594999,0.660683699901519
0.786134996406766,0.993835774767097,0.705766209335097
0.782704577664127,0.994822350322937,0.719773217589359
0.804636975379852,1.03377458256185,0.818014677384828
0.865096787374707,1.10967372894395,0.813780356849441
0.820885579440721,1.06823141195753,0.803759794712005
1.45964174097324,1.60584476610845,1.42558259540145
1.26137799947729,1.5362293960508,1.34070868074882
0.770601245049568,0.964093580612749,0.689687594793205
0.811658600223855,0.981252200911729,0.737638180971886
0.87030457914264,1.07824120262973,0.777399780762856
0.978469142309867,1.17749024497126,0.885276329985694
0.916963611843693,1.1451797497017,0.811892922335404
0.927259541176402,1.12673628770952,0.827623625231761
1.03419591174448,1.2433487745404,0.885794304983748
1.10734557656608,1.32355396187764,0.964075998347084
1.14109115834498,1.34026331011986,0.951458508564629
1.10583511902786,1.21995384740237,0.940505210124262
1.44754886422517,1.82542777597961,1.44048959459086
1.46275997550437,1.4632031200514,1.24124932384319
1.22906523328291,1.39930197112275,1.20127996830698
1.69550284991979,1.77685120370155,1.59688335385947
1.87940986988622,2.09694313507283,1.75827901803289
1.48887031366244,1.24216018092383,1.14929413798465
1.78465737223524,1.22199223654661,1.229005285314
2.08734832943588,1.24993287888937,1.16746861134396
2.27401627663093,1.45974472038062,1.25759106495141
2.0250705928294,1.62099806527175,1.28651255201804
2.89556749374024,1.52855749664473,1.40228297476534
2.91725513883398,1.19825946498669,1.26401470844801
3.07081952888553,1.18356621631868,1.3123589705193
3.49344423007681,1.28513633630701,1.37532361026703
0.948643440150913,1.20925443542713,0.864794083195295
1.0183108577395,1.26737474514798,0.959976159996205
0.985832087847842,1.25098019422955,0.889677975520543
1.02068677391981,1.28774567931275,0.915677647133365
1.04894031459345,1.31690909251225,0.958697981273296
1.04839122931725,1.32916793030066,1.03879494028722
1.12749507841353,1.3714214217951,1.02716576965615
1.12518036965998,1.37749076398056,0.966496777800153
1.20638479798492,1.44122004378038,1.0272206677777
1.18882854506853,1.44428961666924,1.02968734637843
1.20254261837256,1.5030960211971,1.07141907503834
1.32478977584062,1.51110806261297,1.13721953937226
1.39020397044217,1.55615167719938,1.2152088812342
1.37893497584601,1.60305790601633,1.28011915787849
1.43648831425123,1.66091377517401,1.4443138457051
1.50849993261007,1.70940989102452,1.39251043507262
1.44247771595305,1.67606497594318,1.51020117269729
1.7695171585297,2.01808626549056,1.81109186315749
1.77145398914417,1.85255562466954,1.90475273302963
1.57826524642641,1.61211817387334,1.85513416549631
1.96578012183104,1.6135718791792,2.38344927496702
1.89407160788379,1.95212134065186,2.22559761120847
2.01960606780406,2.12606062618784,2.36069756428951
2.28551740880603,2.20753198699656,2.68398546392966
1.52184468713038,1.5547642902271,1.26213391254873
1.72990119340905,1.70309665891254,1.46505381757069
1.60020705630493,1.54437820940849,1.35268347090567
1.565160592278,1.51974598554872,1.36174168201563
1.85671233212983,1.65991882753851,1.61189417476138
2.02305345951569,1.75595387086053,1.78731770873462
2.12182898634977,1.75535371383213,1.89919926802407
2.31797383849261,2.04878318180042,2.11488091621211
2.45161711965465,2.02804454248774,2.25483799496559
2.5453616168765,1.77634125178878,2.2756697837044
2.92184056597916,1.99233601675204,2.60522001954942
2.97086037626501,2.13320437465495,2.73389591958674
3.30430939266798,2.50771849127079,3.07688242349229
3.32121367829487,2.50760183755702,3.09825511575058
3.3187258739199,2.50959990561922,3.10768329537257
3.06078256616653,2.15847619604923,2.76658101838806
3.42639504152408,2.57227783266793,3.10550497775006
3.39078895440968,2.55875238631846,3.14677707258244
3.45125869781971,2.51378349065466,3.16322790245802
1.78330185863667,1.68293974277759,1.54357186298473
2.01209007914117,1.87559560105342,1.79166773321185
1.59948399852689,1.57020906494711,1.36207963546381
1.60234423870018,1.53469313409934,1.38874196672088
1.54343368531584,1.56849992079389,1.30486681887309
1.6346306904185,1.66370711063442,1.3659977782864
1.62812653278098,1.62922422161846,1.40177934942279
1.79471869783149,1.76239892861181,1.54034295933006
1.64060467625746,1.58988286546775,1.42809518580684
1.64791627328505,1.6731615284271,1.44480579244371
1.63625857365361,1.68781565677356,1.46690213912973
1.94840958746066,1.98780388686728,1.72747889666198
2.19064840165051,2.25483342340654,1.94558391409087
2.04392950562497,2.08683763667019,1.83829184335036
1.39530048102915,1.45946307571589,1.19548194441596
1.34234801651504,1.43091646094086,1.19557506233766
1.41359081165163,1.46679826344313,1.2052059186351
1.52423347759756,1.55493019323319,1.29102259239114
1.3639962282917,1.43720350016308,1.20124487032788
1.33320336660867,1.43719025786474,1.23315914563089
1.54984575207203,1.58100297884622,1.4581599659813
1.69295125295066,1.92299955967243,1.62332493165925
1.62298459027069,1.79660253294815,1.67394839313285
1.72929092134088,1.92945974946506,2.13504335918814
2.02708521297236,2.15318014276679,2.57370623096044
2.03477589970171,2.3292851095368,2.52091477929018
1.99060274630441,2.54965263088102,2.72648737853602
2.31727523084977,2.88109469786479,2.95368371142508
2.33420267223755,3.00298343400875,3.11175989327923
2.30410807096393,3.151788479373,3.42361473307833
2.64004657862002,3.43550716756152,3.84556406603285
2.57498174430166,3.47095937093065,3.54823882032756
2.76129818604857,3.86138648775382,4.14803684150828
3.12470868144019,4.22556572669564,4.485873430112
3.10798664870628,4.18095185442282,4.47292296771704
3.05638524645015,4.19902780031896,4.47744305410575
1.31647695614465,1.3930627291488,1.12243832347329
1.34635440840978,1.42003031780797,1.1450742258898
1.33958246331611,1.40604887674921,1.15751531956564
1.39663855213555,1.45416226067788,1.22189366129381
1.37546570624717,1.42904712529687,1.22276114309065
1.42928972861753,1.45811468062906,1.29632257369214
1.57171348928815,1.55603551863536,1.41145791946755
1.68017070905995,1.62760664614271,1.48149203011192
1.81109408003236,1.68136145041058,1.55335055074347
1.8972413435648,1.78526032431522,1.61617477293102
2.36542804202397,2.17982879675828,1.98242589754513
2.41706310388055,2.26239202966954,2.10458829156269
2.74981854414936,2.67430689337414,2.54622823000667
2.79881928796322,2.52696726353232,2.33259027662806
1.28779792394872,1.3920737110744,1.16865876192426
1.47851781500405,1.49368026379113,1.38362406026756
1.1660573669155,1.3585462679164,1.06185280442667
1.23298442843028,1.40317777206598,1.11008565269439
1.1150622842638,1.36004942684083,1.08051517597025
1.19918234913676,1.39283917804329,1.20142117568379
1.18346088210752,1.60036697155435,1.22244345272398
1.69129637971985,2.19319584903264,1.54162960125129
1.62814779623116,1.86922959455132,1.68787710081187
1.64433671363794,1.75065707385785,1.51606157921777
2.24467950075284,2.28467318292729,2.08321226387082
2.21618287053718,2.41292733399206,1.96659473952814
1.88837983300725,1.65367296290541,1.83992276231634
2.39705381251151,2.07934276347544,2.37955038917586
2.33320464415185,2.06496156892506,2.4062301150895
2.12355515762602,1.7211096545215,2.07059334160492
2.4613119050319,1.97985032347313,2.58802629321411
2.52567069635658,2.10729817036516,2.403008078318
2.44539004023187,1.72338104021969,2.32919081872055
2.76438555413603,2.06883270465902,2.63302985629463
2.744998430164,1.94359506005551,2.65553506142372
2.72571630619213,1.99930390259455,2.60152177929722
1.00098584475999,1.20694224333698,0.961843838627665
1.01356498441067,1.26193321840404,0.950111575257794
0.973263098609509,1.16822857243962,0.964327457412243
1.06915163853372,1.28305687785996,1.08077029928159
0.887915686050194,1.08879018732127,0.874919702027736
0.862321651659761,1.07871172637991,0.823015961307314
0.920777723981418,1.06722773375392,0.903877602253204
1.00937273562076,1.1519649094202,1.00493653681934
0.887780937241622,1.08583390016893,0.890032293732394
1.37375231262225,1.49980425982334,1.39068242314205
1.38951987555978,1.48152358378673,1.3817132255112
1.34514374335605,1.56358805536802,1.34714246804469
1.02614349211384,1.07474553775537,0.962397665728946
1.50844563823682,1.61731283237394,1.31638834307764
1.51745999074866,1.45227123260119,1.19671566658562
1.13821524754046,1.57384459582823,1.2242154393366
1.66681505585399,2.09935155760985,1.73729731291588
1.6913141140631,2.10789416355387,1.73703359800012
1.67592905977321,2.13255711826997,1.71999235570175
0.877576736099162,1.13868131738439,0.907246700889078
0.983281848986578,1.25779504226492,1.04036403023263
0.830134028536656,1.11751742490938,0.866266781673992
0.83265690074749,1.09243145477146,0.842868822033218
0.851107448008056,1.18132077087204,0.930813684422542
0.933609151369193,1.27401051830351,1.04292382693815
0.884018014138451,1.26601117762309,0.975418117678044
0.90247716686979,1.24389892629251,0.947135840528338
0.942709071454935,1.34540951709572,1.06674017375369
0.983665780744673,1.37216217516507,1.06455228943237
1.07235725244058,1.34203938350484,1.03556718033156
1.12177342323977,1.50952153852244,1.18244331330209
1.57845659357075,1.85417946577218,1.62824463208242
1.58051945182551,1.89881999730024,1.55950110145759
1.55175223229028,1.86425247823979,1.62363681151937
1.10873456545839,1.53043384835082,1.22852970453048
1.56751129801609,1.91280719038411,1.67011176605662
1.55805875616604,1.90703685986359,1.63754212094392
1.55255972980574,1.86688073718535,1.6318902003023
0.836965777985399,1.12484971426793,0.898654399569878
0.984190009589213,1.22819289985878,1.04130831814332
0.754815583289948,1.04356820285763,0.794064087118224
0.764062092687971,1.06492892845403,0.794564403051706
0.756571398694944,0.991233226807433,0.767950177880395
0.818768205886724,1.00498446104837,0.81565715199207
0.828722874226949,1.06103348936976,0.810537731459446
1.08986490437022,1.5450700060096,1.07358848501407
1.12576390394158,1.60038037655241,1.07357112821139
0.980756604261949,1.43234807769047,0.939143009152951
1.34698346216091,2.0481851308258,1.26104792352976
1.35944310957689,2.02231858680697,1.31266072286315
0.979709837449439,1.40212447196274,0.922690442629028
1.13259042082395,1.56226237402981,1.1700387919326
1.05023841095625,1.51645226583078,1.18480527077596
1.03213608979758,1.65016330790715,1.47731371785196
1.23719290910141,1.62555097502636,1.31260204788141
0.705858294828434,0.933279649203945,0.719600078963113
0.70872391719953,0.918177493686029,0.720286786126459
0.729620877450919,0.954146327696031,0.738282238192086
0.819494144008767,1.02607498719387,0.811663685515968
0.6903747733172,0.8875050377982,0.68969721032691
0.684364563020201,0.879332097254119,0.669247988854938
0.733865523417695,0.94586514301825,0.784909867160568
1.30583543000163,1.42885636489368,1.34842222002678
1.26442959167518,1.43936610626326,1.31404820921554
1.28143519052778,1.37933783990239,1.31129025395644
0.704377680121826,0.879334007015475,0.687988182724264
0.879141182077136,1.03449894034792,0.851267053318628
0.660326781778131,0.806414356156898,0.636588749683537
0.709778436690871,0.812860828355402,0.673165294999844
0.69431027483417,0.832108680537594,0.680248624430745
0.753002697351076,0.909049098773691,0.757028155290661
0.794634114887585,0.935897608795795,0.769276694151245
1.28840481806069,1.25444652415899,0.964525046605879
1.20175853123651,1.22946825461799,1.08837722773671
1.45930776463656,1.70778630203121,1.12283723447174
1.88101820097208,2.13269823902496,1.39665196132477
0.661034056763752,0.747694282196527,0.646755091786453
0.704136101894613,0.764045780276561,0.68326172643534
0.719740386780557,0.784761676245143,0.730069539932935
0.858498845862394,0.919296730366795,0.890468809834428
0.711154470617902,0.751675058803765,0.708044183846336
0.721208079609942,0.687720574154059,0.669410377998343
0.724896754209316,0.822939055766629,0.76055956282465
0.846110002783205,0.971503775384536,0.882537013731962
0.759851180664637,0.879539024880062,0.810786464006104
0.681201702549947,0.787214370087575,0.712399896768183
0.672500412113025,0.792720835222518,0.697479886241858
0.72394290126695,0.861231596824611,0.760464238710778
0.731131372393895,0.890317575020675,0.747678434475886
0.820621635848731,1.01086235469245,0.842331586648865
0.800093524267229,0.988794476634904,0.815197829106937
0.909012652658071,1.13991917703376,0.925506099708828
0.781591044165796,0.931074570278435,0.810627778547788
0.891111722032928,1.07205094672485,0.93395501185803
0.838513235695015,1.02632056089135,0.863320076322435
0.994098779866392,1.22551313395603,1.02543760141978
0.855228961424111,0.874474977048484,0.797145560789381
1.03694846047106,1.08282842938126,0.98058113048322
0.959828395265511,0.950995914878669,0.808463034028158
1.00201207368956,0.986283779823913,0.81646159612498
1.17859915733103,1.1924771628045,0.942849838221482
1.28345704488135,1.39610632821592,1.06391434101114
1.39143485088822,1.33199428148487,1.07136151956865
1.79122814566132,1.73866070384486,1.52423146850976
1.7672121803969,1.66264347019284,1.52506867695537
1.81532369724086,1.79350928664286,1.53218510037704
1.21195074758732,1.24493797962766,0.960840467889112
1.45684264583745,1.72648048916888,1.17278632345575
1.07422756211576,1.29960521726521,0.881972683869245
1.03561663887858,1.66797546499204,0.894049110206246
1.09781080411062,1.32986952339059,0.934437580368232
1.19135636313919,1.465103528824,1.04043568096506
1.30134189905291,1.56966439572276,1.14383274930678
1.57371129462184,1.63067130347881,1.44950171685217
1.47967576190333,1.97351151457224,1.3939150476632
1.53006961675651,1.97937726812689,1.36985705565769
1.68057519869674,2.26693992305387,1.56075226265533
2.12421708317797,2.36413094243013,2.21365910563873
2.59611025754156,2.75701868900862,2.71292134796346
2.538574467048,2.71732259698756,2.69363813346436
2.53562337253258,2.75818320093244,2.69169592404292
1.98852668352996,2.7371957562059,1.90294798120058
2.38904566579839,3.16375317526944,2.41385165161538
2.36910786260231,3.16478281564489,2.32456383718906
2.4498010397096,3.16312497384395,2.34558283424585
0.935401208792513,1.17376074940297,0.814459663578651
0.931653341091515,1.41038608243827,0.80857120854968
0.923515380962252,1.05025879133662,0.83163748611392
1.05325319902158,1.23883894425845,0.953116416879817
0.848802867062491,0.919422697752852,0.799883701962757
0.832236383898072,0.92132403992869,0.819522802178647
0.921773997457415,1.03615683956481,0.906343419561803
1.49111272745609,1.41414257661473,1.47398876656662
1.53429464798458,1.55739521886649,1.58078128787027
2.0786776535187,2.05577901666575,2.11208367270811
2.07122866591816,2.03562061822113,2.13364637669654
2.08885756326181,2.02384128580042,2.1122765334147
1.47339765657793,1.20201241782515,1.33885298445996
1.99858391832319,1.64546971428271,1.89683919358509
2.15590330470103,1.84114780025808,2.07856492059052
1.82782052366249,1.36291472425425,1.68038017091156
2.26050720560869,1.85297522268855,2.1479247488662
2.25759307010862,1.83618065978589,2.14586804107079
2.24561990544811,1.83866790185444,2.15407431535762
0.861161741866341,0.867186666241767,0.78749322600051
0.978354503749977,0.97098870129897,0.868229331878646
0.829095563243862,0.821185584056121,0.777947951366224
0.832031361522114,0.851326590210894,0.791776233728728
0.857914588611742,0.842988485522697,0.80555653396015
0.921037472643147,0.910843369045684,0.875992955421716
0.867948028252906,0.9045770532443,0.832816790184845
0.904858952109652,0.974334121833852,0.857568719572935
0.955288475102168,1.00423954894841,0.934614566271886
0.934977130811722,1.0112488662029,0.946194870476621
1.14225659933079,1.28676283344586,1.13896029995549
1.57158793734549,1.68552709410704,1.62072347785506
2.07518027008487,2.251633046006,2.11882823959088
1.75221224515033,1.84987356084057,1.81550013945106
0.897920244802609,0.865476304272344,0.82730144579972
0.974973863246086,0.934312364762168,0.898571492232693
0.944975832011703,0.902160216802537,0.865488039623362
1.01329733190329,0.966440841566425,0.934657872874811
0.979481563203,0.920852368549316,0.893131687528078
0.957897629092513,0.896594903057705,0.871585564971158
1.07674291441134,1.01000130888549,0.974133244234471
1.10853509116037,1.04927321683515,1.01015373299748
1.15889181357734,1.09137010922095,1.06045094266681
1.13397747956211,1.05980019581415,1.02559552905651
1.26962792892629,1.53659486266703,1.17011559424412
1.36394940650568,2.18846116541195,1.28206343124344
1.37824478155856,1.61588338334457,1.28989905432784
1.5446309100245,2.27890250974679,1.47826901940711
1.36500849581747,1.29987515852021,1.2750949840672
1.54042989435095,1.48386158985004,1.46353495220628
1.69120430581374,1.68696326955583,1.67828099930215
1.17296067999457,1.53339380994103,1.07719650025936
1.20644305942541,2.17147563724285,1.13633335140729
1.29046900134009,1.636651598055,1.19524957433823
1.40052046766132,2.31316552128548,1.32336029031718
1.00688000255772,0.949074219036284,0.935297272778151
1.06551451034724,1.0170499160309,0.999081004777175
1.01301850988948,0.946492911213732,0.95207379260422
1.02342148406315,0.95170410722884,0.952850167588121
1.06357422592095,1.00089693108123,1.02303351811461
1.07098721961769,1.018284138741,1.06219061229553
1.20518766217408,1.13308981391191,1.14411384821792
1.27871561780744,1.21081373074686,1.23312626737216
1.29704595060229,1.21125601323072,1.27361769822858
1.29931068414883,1.22399144670001,1.2960731030445
1.36460767986212,1.29656208648299,1.46519986293621
1.3815620963999,1.29726229354083,1.42022404587246
1.49179793748609,1.42622383067252,1.49452770105149
1.9764377996075,1.94148365357824,1.96447508596532
1.9083806824443,1.8398502092659,1.94075968174886
1.06285708984141,1.01313407177812,1.05657716595249
1.17957709195313,1.13134041366359,1.33855917983316
0.992482214468055,0.953221730023473,0.989468767793555
0.97197473827766,0.923930350797488,1.09366556016633
1.00703884673928,0.99274013264617,1.0150128254116
1.07891720589372,1.0738010382066,1.0884451082254
1.12840288610725,1.11479249450702,1.16753333916093
1.45472019028961,1.41233492424289,1.50218552186811
1.54410504926711,1.42970398555472,1.54212299391026
1.56177256918739,1.35106252089987,1.74527307624304
1.91045486933498,1.67380163556346,2.06965804135003
1.79898666391246,1.59443364253612,2.0847011848145
2.20667718239365,1.73072579382274,2.41053154828374
2.91069626380854,2.36158618971957,3.10413620087661
2.56815320271739,2.12970022680169,2.81346903537107
2.64406308672932,2.43865415466303,2.86958582408139
3.10850107480867,2.51228250472284,3.38483143984933
0.9352857926086,0.918500250396585,0.943560609472684
0.939598282360291,0.909753638485148,0.955059348829566
0.949486605781466,0.942459634719943,0.963767312393402
1.03141553504794,1.03949847144681,1.05991649729273
0.915627853700831,0.904329557741963,0.927285725901302
0.98284564671259,0.962879494188296,0.990273729725863
0.931424603667313,0.921619539068839,0.934070189399509
0.972073037871638,0.931366656679458,0.925387391326797
1.06438161772935,0.975412944454448,0.969759536395263
1.06008400459745,1.0414818458305,1.03122649193441
1.37852774290719,1.2964842001356,1.35602082767977
1.43834497482868,1.2733640568765,1.32724409302895
1.79960586392327,1.52128260168396,1.70952088463319
1.61060689805089,1.408217514665,1.42375471383038
0.866624594456175,0.860034844548881,0.872424255284388
0.836137241412349,0.84571589266096,0.841669441662923
0.910351907748579,0.896028521709908,0.922294706713628
0.986637611222501,0.96629783930164,1.00190120123227
0.911844817917265,0.898070596737607,0.923405971326657
0.915098179733193,0.894759068206476,0.910621914278206
0.993958774764342,0.97950809759256,1.06212812511907
1.07082910813885,1.06407473543636,1.35999530684718
1.06452974955234,1.03777749232042,1.25546750581146
1.01765524943249,0.992076044066715,1.01423436187603
1.05784502232289,1.00494392410719,1.16697958620147
1.16197800432587,1.09285224830938,1.34648831828777
1.14082124400147,1.08424819412499,1.47919196142659
1.26879971381365,1.2015522414475,1.80287356331479
1.22541228703603,1.17602393539665,1.64507750625599
1.35949838700007,1.30196254356306,2.00510125578171
1.19283925866787,1.17769897396954,1.34388081865338
1.34975526048546,1.35214626147193,1.60942683360986
1.30494221110201,1.27311776971321,1.62907553232998
1.5435541064308,1.50796276053345,2.02908063038275
0.899827832738545,0.89829692915339,0.904290294068895
0.912605520358557,0.917478720289811,0.905199493221914
0.939663078031857,0.94087598215185,0.948542294315014
0.998329134763391,0.997582775093059,1.00976605222323
0.97163093302289,0.973795718647651,0.969893194790235
1.02629312082183,1.01936141715318,1.01729627019678
1.06446049024235,1.06936163166808,1.06777630380413
0.895245542101989,0.909403204791301,0.889981703812341
0.906805241104045,0.92314157669841,0.894552000244825
0.871645313291943,0.890052792352297,0.871270614706261
0.930439587394173,0.938758694341597,0.933530298115395
0.83877338283118,0.863874663345026,0.838842811998821
0.903685565406094,0.927090334442105,0.893169916514881
0.917133554723191,0.919606587192417,0.91977806966492
1.28936039923469,1.20374594929881,1.31683269970825
1.40787578000842,1.35743084335945,1.40862973916262
1.18477040372094,1.41218875547777,1.31640507962783
1.46794734822794,1.73748513750494,1.61163419164246
0.753264827352807,0.787917042925236,0.761962865871544
0.774426919220209,0.807799402467965,0.782803311550108
0.726420757691001,0.763618040482093,0.742677482643662
0.776044532289936,0.812705442362826,0.79015618840046
0.708719182320109,0.748145581630036,0.714264586978953
0.731504792674217,0.770855790609896,0.730998193601071
0.787181232825935,0.81691041901409,0.782881608667551
1.33498629315375,1.31662051905129,1.3341480018172
1.31856765960934,1.36423664708037,1.29983760433259
1.31564375242085,1.33785413952095,1.31962840281315
0.711741427177555,0.732774284175951,0.697342640364056
0.731666188460647,0.743892477902246,0.704267818545131
0.757752328267417,0.759867583866995,0.730214228001472
0.796665445894293,0.802963005714681,0.779515498230664
0.819349443719953,0.783283654735301,0.753767370749813
0.877407930237681,0.818447368066324,0.791753621705352
0.942437308368132,0.885462637963444,0.865872292569076
1.43087532299249,1.36648915850563,1.37961866933665
1.45135864014786,1.38760433897737,1.37142015635009
1.40682090101077,1.41488799680725,1.37971587340511
0.794821409466077,0.751633520380562,0.708487420296783
0.836506384449817,0.768310445169014,0.710385418675362
0.774029622506018,0.750580252888404,0.713398615257007
0.786870797662605,0.784715109922657,0.75392257634303
0.789607397774023,0.751805534437085,0.707192725146879
0.859140174254641,0.786057278680685,0.738229317864446
0.834053783882229,0.797895076247588,0.774136711656313
0.853564368729243,0.868900634431464,0.835013992064752
0.922924071019368,0.882643312527257,0.847554111396644
1.36635636726358,1.36913117245776,1.36692046726832
1.38102740102379,1.35580077717595,1.32878327242665
1.45974777542795,1.42037197476376,1.32725150590735
0.938095664866607,0.897958726756729,0.884950902045109
1.07111833302266,1.06849052863297,1.05643996350868
1.1498783274092,1.11028370798909,1.10872918892581
1.07106637537367,1.02592522232827,0.967615261063528
1.53056737325664,1.52242519338493,1.45180752322862
1.56441167848386,1.49979544637554,1.45080090928107
1.55263735534104,1.51255082796826,1.48935789375657
0.750150361152405,0.732339011842443,0.666694563242247
0.795989501577361,0.767542538179353,0.685666718360064
0.706498114303779,0.726025675431361,0.657683866791093
0.724640164771879,0.744022783537516,0.688750790529736
0.693403316751656,0.747845304045856,0.655953849398045
0.729418568676913,0.794124553908191,0.687644697472025
0.70336521424757,0.794106078345334,0.705249095973365
0.753892310382222,0.855143567941397,0.772668110361845
0.753476655152396,0.870848089077212,0.766040977026798
0.818867140116707,0.885778719070055,0.825906185290349
1.07759768380042,1.10937506353298,1.16017411722433
1.04178388150922,1.184405629177,1.27573053176086
1.1574371525181,1.36417887253809,1.38717157162568
1.60916721340189,1.74078020735729,1.87976082047816
2.13762757233127,2.23595690028292,2.3635209001459
2.13658297786615,2.23758164318182,2.40124517405411
2.14022660958161,2.24844278346404,2.38287521300794
0.703780137997326,0.745407905682407,0.644357469805693
0.74777447335638,0.800368198550354,0.677541605592827
0.717090030782415,0.727339851922075,0.647443289223212
0.728419564753865,0.735183378681931,0.676849366678379
0.765450844707583,0.756302411645775,0.676028655041602
0.779949513260082,0.786395450987569,0.698828594958767
0.819904401933661,0.788035327540217,0.728222190313928
0.877800106604223,0.876543516572658,0.787270521530319
0.903922766313562,0.881392090121965,0.812325405451105
0.832253855633858,0.800423523281715,0.757549252028376
0.920874942359173,0.943026127038156,0.867248093601118
1.00263157712911,0.976689330614177,0.950424790560028
1.47647131126686,1.47341380162261,1.44967935894633
1.49545323986461,1.4696872312457,1.48243718969232
1.50746040785543,1.4914718377863,1.46323603401816
0.952630253728735,0.919063075957894,0.899839904667288
1.4763207731117,1.45273727231195,1.4419600358157
1.441424349827,1.39950449920961,1.40799925143796
1.44893844812523,1.45179434764198,1.42198129368196
0.813259020472853,0.792776066813368,0.693655769715947
0.878759236390198,0.863584182282339,0.742737526440549
0.822271067939196,0.788021489564144,0.693737130342416
0.812003194300238,0.782562208268743,0.705815442442113
0.887580021192505,0.823130969933187,0.717359953888885
0.950565868695186,0.872260196266081,0.760221171615088
0.951877787713425,0.849978870760714,0.756866962532905
1.02612197541351,0.992356686023262,0.811664865301635
1.10193678384289,0.956531596310128,0.786796730080332
1.01237268320685,0.981379868759214,0.821897068708115
1.0995426544623,1.16148686393357,0.893844029976028
1.16021224063428,1.14249104310379,0.862860838810842
1.16587552160908,1.07408574220811,0.90582027948532
1.69945564206512,1.56795689199035,1.48171004223988
1.62989153981878,1.59467075732821,1.43001756365358
0.883940645462853,0.835792545019968,0.719469717445795
0.957964812889966,0.89892522950911,0.779809470130945
0.834793407607064,0.812759819205879,0.697855886078738
0.821815316038774,0.808759898814992,0.700580342248266
0.848691643157969,0.839511223356907,0.715983251689617
0.920724844379085,0.904834986815569,0.77749908279114
0.837940331360032,0.848310280491823,0.736020767694775
1.33914645567419,1.31834971695828,1.26932145213349
1.34173085027316,1.35878264587189,1.29772628132252
1.32836466882692,1.3595573932742,1.27523524784483
0.845072843577876,0.839779671908228,0.711150902219954
0.914483964661641,0.917227074823083,0.773152746115016
0.802710991970328,0.796710291681171,0.683712817494704
0.787139223482791,0.76944266891004,0.68084798586036
0.829032916380301,0.831368533310543,0.711192992333994
0.851312640078927,0.868845076219856,0.739998764475212
0.816899927012735,0.813459997289381,0.711552567963927
0.868223049145658,0.844639831502745,0.760023953928131
0.913707346361726,0.898431117522873,0.795298098074867
0.744008257455389,0.772768817822181,0.684443911888499
0.880662536974248,0.980606469634963,0.795141700007681
1.04273994164782,1.29357620410687,0.921604805317846
0.957511175857108,1.04924537635731,0.88543356287556
1.18259548369583,1.40494606277738,1.08157253574366
0.855295263943934,0.884197935954237,0.841727502226541
0.986873165680191,1.00420660365754,0.975271868992395
0.721698070161025,0.943660407694388,0.722519840732597
0.832210663859769,1.26357327448682,0.838489177162147
0.747451762226481,0.96804462908954,0.778984214207412
0.841515840420696,1.27406008410271,0.901958291562281
0.910512777975107,0.896698330542297,0.773312476568111
0.980690406279929,0.966320708547741,0.835929297244874
0.941629666831886,0.913152744344953,0.801395709231364
0.933615793564823,0.902814548863011,0.798235981795841
1.03552165434124,0.992339705180123,0.881054646535794
1.08241613249702,1.0399920574581,0.921595709223957
1.08420030939593,1.04119297794889,0.943671913912603
1.27464107842942,1.12113744383577,1.07605577250816
1.35811702097175,1.20795028361756,1.16961923456128
1.44055008660052,1.22689602512078,1.1708004898945
1.82871174780391,1.69640756084508,1.6074971423808
2.0722280127395,1.67596829662938,1.7085537768522
1.96307789514629,1.67795777676293,1.708602532113
2.57099476836675,2.19332008491368,2.21745094420144
2.98187677059865,2.65429302788396,2.68132290028192
3.03030865895642,2.64121226154579,2.65017754724073
2.99178478775966,2.63502503555587,2.66300452303578
1.10684368655517,1.04290658459763,0.93032904550621
1.20707452721482,1.13695456702284,1.00873191704035
1.10524837683668,1.03529250009975,0.938037431345176
1.0766498161827,1.0222924425781,0.942778788657667
1.20770825747566,1.10989338461238,1.00645491554284
1.30107295556994,1.18875040401034,1.07792886725997
1.26269561125651,1.14615009270595,1.08469381014707
1.66483144518706,1.37043710143091,1.39443620564525
1.65203275629054,1.34301939960492,1.33763497759766
1.48480763100794,1.41450657653939,1.38788490200968
1.87933691882076,1.67986914838251,1.72897740628658
1.82871427701531,1.73064664198945,1.72131515078318
1.7892245550727,1.62613090809332,1.58763945067111
1.9661744548774,1.77422265992115,1.72152313342455
2.55734171525615,2.19338149147146,2.21906384301935
2.96781510087403,2.49903956282865,2.60497579158451
2.94526130681458,2.50902296963392,2.5102331407642
1.22781892066558,1.1426976041092,1.02125890755103
1.35970407200257,1.2636472565533,1.13025469567318
1.15003070512875,1.10172917920368,0.98816027737493
1.0921953287314,1.06982502722781,0.975096833588117
1.19728019472598,1.16993726100655,1.05698702866744
1.29668980603993,1.30628925716933,1.21002508188207
1.17762507192589,1.20161439431743,1.15283160841153
1.26767153012164,1.60416695932025,1.65782706357542
1.24675829391839,1.56511645017071,1.77248333069944
1.05177010656808,1.23660727819165,1.13858353145151
1.07947856491752,1.61691094842085,1.78325782644182
1.15511359666161,1.66038940016924,1.63203108007359
1.08887263223753,1.23590651027431,1.07279177615761
1.29199753239138,1.43093719288154,1.24580341667794
1.22504182897679,1.36856528378556,1.21551524194871
0.969486129447847,1.07432796642218,0.918484915178224
0.943314402254544,1.02399827221327,0.886109719394378
0.946531514174799,1.04479849095946,0.892585165102836
1.05525525780647,1.16631040738124,1.01283755019844
1.14159109908894,1.27635740256229,1.11767219992625
1.12267658559433,1.2235817968052,1.06779376971163
0.904863254102745,0.983315456987817,0.849386987193979
0.865879899239041,0.9334857296675,0.811720880190753
0.954555371529912,1.02626827005008,0.906358576281136
1.2107380739708,1.17570542861254,1.02110306145754
1.30771274249901,1.2915462551302,1.17079836737378
1.20011383374611,1.16264799550147,1.00178775289449
1.20901704551747,1.17735778593164,1.07600592053772
1.2768800847511,1.23731251210072,1.05164183269531
1.35100939932559,1.30797253091681,1.11651138396528
1.39932645224969,1.35453444887331,1.16196463525675
1.20614408368899,1.17903116389955,1.00216221089666
1.31483831028032,1.28696687326276,1.10572695096905
1.09439793307289,1.08424747659412,0.92444368547807
1.07292813678111,1.07070320012507,0.92485338419067
1.06574031026788,1.06449438529436,0.915402817043725
1.14067970240924,1.13804358179346,0.998596652843103
1.02227215341362,1.01030237576943,0.899786762406763
1.03758545949745,1.00783706906936,0.918075763831869
1.0720388634998,1.06079635767623,0.955988007983612
1.47209415880166,1.52234626207277,1.43013078231704
1.50764765795762,1.48929241381564,1.40103883185485
1.54288539550468,1.49373746092562,1.45478210945549
1.08916042997716,1.06921331263444,1.01724275568052
1.54867135871428,1.49870870490491,1.4954252386668
1.5398801233952,1.50830552601258,1.51139543893892
1.49143498220271,1.52364813223642,1.45335317050373
1.10300002285983,1.10708412325642,0.960252252140568
1.15931752772327,1.14939510685029,1.02033958632122
1.19702720784423,1.21129145199544,1.08047620149542
1.2758574407151,1.28575123639083,1.17611443725913
1.2834994395584,1.30836070766827,1.18944889039228
1.33579881107713,1.36539943953096,1.24830891188195
1.54024851940414,1.57104360150748,1.47168038847887
1.7257879133418,1.68301569839372,1.68548885222122
1.75064408017684,1.76490487020322,1.64464218812521
1.99787578359804,1.90646648293589,1.89712173448124
2.35830999795706,2.16489384730759,2.19281185012479
2.30015466750194,2.14878584553055,2.20771211802107
2.36515453632779,2.31681068192502,2.24178855001961
2.77734829745616,2.8006188892992,2.66872793385922
2.82324854250224,2.76066340001639,2.67946240186869
1.19126767319168,1.20922931176372,1.0951904788414
1.28669271712628,1.29505753644809,1.18510208441804
1.14334055461331,1.18223605508285,1.06440719926173
1.23778226584701,1.3175147408701,1.18985996740024
1.09060778700688,1.11516378240361,1.00425299998598
1.13228202412334,1.11874293039603,1.04153025625391
1.08408265001886,1.11459403720413,1.02591216219617
1.15261139776418,1.32482685842675,1.10870636679133
1.18133043706329,1.55319329352477,1.11509112312798
1.62085792703527,1.99742911712014,1.58313245520853
1.59064756270834,2.03413584539079,1.53061805824743
1.60012034157806,2.03073506793263,1.56287382792349
1.15354739356613,1.38342390722543,1.16816794250322
1.62532928998339,1.90277891366129,1.77564011415648
1.52144955534248,1.8958320706549,1.67530152380961
1.16969678614802,1.43075366566911,1.07028593587174
1.65814676247315,1.85866117532538,1.58137128092496
1.6453097054513,1.8628145119258,1.60491323873421
1.66781185482016,1.82767023943295,1.59126968877154
1.13491864305089,1.16511848724247,1.01620981547496
1.22885086876675,1.32044706787263,1.10934152022938
1.1848396026418,1.15637896013982,1.0548266568256
1.23507953338753,1.19401743057927,1.13088919894888
1.26459521310108,1.21410320760681,1.10803199985517
1.3542955141132,1.28842655396051,1.17735977227735
1.44569588283581,1.3506937970972,1.29259079821175
1.61873203201208,1.51837835636652,1.57574749606592
1.40547390369147,1.35330283833622,1.30588339291919
1.71462656319749,1.52519943902397,1.61847513061167
2.1037883778794,1.95059951612282,2.18161556277179
2.20459508941472,1.97904254819207,2.04218931613277
1.18754379303372,1.15641795168817,1.01085413880939
1.17073738787129,1.14377720220149,1.01219989809703
1.25555254044989,1.20150042625648,1.03855117095143
1.36433846883492,1.27986172174067,1.13777797652459
1.28962723734268,1.21445860699282,1.03644477107995
1.27445570860374,1.19005943140774,1.01466900009928
1.42081168691309,1.28317639190012,1.10514390701745
1.51686079317563,1.35767582119774,1.19746106854644
1.52513362408197,1.36686778417826,1.18964669898533
1.44065823604003,1.25600777145012,1.06583349881667
2.10596298828728,1.61555746370757,1.0974835319363
2.83473489046179,2.32547642825333,1.1791321857919
2.20913290800382,1.6543697711528,1.15645924434802
2.99049448727905,2.36630531001605,1.28948793217071
1.67759039044293,1.37381371326073,1.17955779408199
1.8267139717532,1.48547735934301,1.29010425180519
1.68679640846463,1.86947689683664,1.14545604709032
2.30634565059792,2.63161876402475,1.27014842314221
1.77433266738726,1.92354070497702,1.1950909924893
2.39925922555999,2.70808612397367,1.34464085143434
1.33543877177382,1.26678010291221,1.09662743139877
1.43279333507116,1.34876994053547,1.18852646808183
1.34002113758434,1.27980186594424,1.12229579976132
1.34819818697622,1.28524769367475,1.14324184209551
1.42021507254919,1.34793574236438,1.19904674883914
1.4924861392184,1.41844082083596,1.26023274201147
1.58195182876997,1.48383376028862,1.36177717575957
1.62493652567573,1.52194363802332,1.46662818451298
1.82187567271134,1.61938645368087,1.5380070505871
1.8991777020748,1.69521067205504,1.63477638533554
2.25586655426563,1.99915899759578,2.00974617482143
2.37737036788753,2.11944959738725,2.1353272780478
2.62249276695274,2.45698871713404,2.47436286872272
2.75298790711877,2.3572143148725,2.45714377676666
1.34894807282463,1.27623758551708,1.13628891632144
1.45445400660394,1.37872464497985,1.25762388198692
1.27080171461786,1.1962792570175,1.05540637661951
1.30754719263749,1.24450110684728,1.10174402075173
1.22704057597437,1.13945838434337,1.01708588261065
1.30783753027163,1.21627738630888,1.09780684046946
1.28339173502926,1.18013917178663,1.08230818204436
1.6749932148427,1.61098824730602,1.50929301775271
1.68170183465821,1.59993487062197,1.53981909160591
1.65835287022394,1.56097368445046,1.51272883038788
1.13974824554704,1.05774254023013,0.93613277837498
1.17535459670192,1.09850042509586,0.972529673754738
1.1245383461315,1.04107261696525,0.921853521465743
1.19790712952939,1.10106758384548,0.997798729245783
1.10030182246398,1.03113552633672,0.900952046700895
1.15582732942013,1.08265350747071,0.96100871866656
1.20361374264374,1.13003399392889,0.985095248223194
1.5357440547767,1.44054174937388,1.41444587579268
1.43940419193079,1.37072521729183,1.31167031918796
1.71262291243992,1.62930231217016,1.58373688944679
2.26889399217712,2.15022465555072,2.11716465576772
1.01416575390257,0.962320848599277,0.835608557184547
1.02626864272549,0.989684034114297,0.874100634069136
0.989251925765263,0.93744353747863,0.805515930858572
1.04312056649271,0.989521529141438,0.856350346068697
0.938703258477168,0.89501104272179,0.768143785174138
0.9372802566009,0.903213621488341,0.785039525332634
1.02617398165938,0.951530637207844,0.778383269247651
1.43905145451113,1.21560426755631,0.910857825457622
1.38172185405876,1.20443225664243,0.902706726745591
0.95161997886233,0.899215841604389,0.828116604165019
1.26687783150054,1.12700490552025,0.98693138707
1.34195885452155,1.14890834965216,1.00393148547754
0.91916348773624,0.885073978535295,0.808463023163931
1.23223666645004,0.92685739259194,0.851533523531864
1.47643601358354,0.928341952858011,0.830700698475221
0.886658498052962,0.865430918499256,0.763436424265915
0.980782191249451,0.938386465092853,0.842756084685366
0.810800212688725,0.818111730520405,0.736955372959919
0.818555693620567,0.827712247471109,0.750736627986662
0.774244167396751,0.793722146125164,0.72919571455343
0.82776819744504,0.840129640885841,0.772456546591751
0.803559695789203,0.831653528336129,0.786141791376915
0.899759354148676,0.919638986192809,0.875489816544509
0.834622857747118,0.86287666417193,0.813408616769138
0.813304691023526,0.85149432770651,0.842260220184299
0.866568367193085,0.89703605499704,0.911974736057072
0.963856741832139,0.973582494991962,0.981522892014814
0.948867969024217,0.987074141773079,1.05381774284942
1.08401809163999,1.11543056483911,1.20511490761697
0.998705780547034,1.04480539653711,1.1388872646715
1.12053362476155,1.17287117567854,1.30063399031474
0.939565995974362,0.975340553213326,1.00643931039416
1.06749758486955,1.0957260060724,1.1218158727811
1.03062456699002,1.06886063103064,1.14539853214538
1.21385508710644,1.2403925952637,1.33978633237103
0.716826115652694,0.743601026199896,0.683054134683832
0.746778115521528,0.768458910523877,0.714965572945568
0.707422613473317,0.741132137115959,0.680411025378629
0.776245235050392,0.810412767055979,0.752572630786182
0.680130219916704,0.717288449907793,0.656113989103338
0.671110191463149,0.707243682823585,0.654476316911123
0.778101154405422,0.787840668713491,0.728907963634321
1.26920800137885,1.01781256991486,0.803328035974431
1.25500142735409,0.942038905082293,0.834297856055954
1.78270854432252,1.47973864843263,1.34522020392913
1.79408544179488,1.46563643316148,1.3641535039579
1.80912857779965,1.4603359185009,1.37772544616803
1.20303318569493,1.07276383053408,0.854002085794668
1.74544391504991,1.62754959920392,1.41798731629009
1.76701140007196,1.57491697435163,1.36127698438342
1.74848441758384,1.53632136141009,1.3556221437962
0.686749128223965,0.720860670078684,0.657353755933684
0.797338719807795,0.809815901949538,0.737554478916718
0.646671654298508,0.691601895820499,0.637557783512392
0.647308585108842,0.695261658321577,0.649540970603779
0.672912506945673,0.714873493611183,0.659060651033086
0.744361015002577,0.777565686188355,0.722916179838672
0.76331241484343,0.772297700320272,0.72661731299926
0.907224789593693,0.907918943300258,0.881539873393762
0.968120870090141,0.888341304916198,0.939471435566361
1.04511984673688,0.915579566514995,0.985525437567309
1.3350666728298,1.07797330055738,1.24973424376836
1.26868216671646,1.04993258108714,1.21275469649205
1.12723106805151,1.04114975235583,1.06992432213039
1.47582660435037,1.37690214294495,1.2516151786684
1.41767237153737,1.3732276997378,1.23217673473537
1.80096731008154,1.74860029167732,1.37986271045056
1.52266002170291,1.50685672028744,1.36402859412856
0.638142168415564,0.700032379079483,0.654188670283179
0.65805050730748,0.723412586371153,0.686602176575098
0.68837527374054,0.75158278392647,0.707741396398156
0.789381074967341,0.844038435389092,0.799364405114168
0.694952121046575,0.762741215810704,0.729249917069915
0.705851774232252,0.780386705308539,0.760360592306328
0.864077363129014,0.88987732251961,0.871366331346395
1.40535485701223,1.41237074108557,1.3613347302843
1.26912964786939,1.38351662673113,1.58740902510076
1.68578286745835,1.72902351277844,1.99342760568992
1.65507288322776,1.66419714887126,1.66898819642899
2.19150107694766,2.2273111005969,2.24864239890175
2.20651107584505,2.21403206030233,2.2048569059901
2.20330349948417,2.20761159763392,2.24876338767529
0.669386100488102,0.751312986489039,0.714657078567512
0.755009651412091,0.826658008377948,0.791814186818417
0.657687770515665,0.761106177359308,0.726970902316241
0.697770111937555,0.805065472242579,0.778227074292198
0.687349331465134,0.802949702987662,0.762019381923837
0.699744863728546,0.805288457479669,0.759095981059718
0.742917961930717,0.894013919538957,0.884715511921021
1.1413913243513,1.37942755008042,1.41779959576668
1.09983880481622,1.42324621347773,1.44110511745099
0.877405670903881,1.03807145363736,0.970366940776214
1.53316840009376,1.87369753836391,1.7953468070975
1.2733960954201,1.51322421137697,1.53971512703351
1.80164668001858,2.07925864381159,2.09536042653295
1.81712843734487,2.03605189433071,2.08075943332736
1.79927990988487,2.04908170962356,2.08424340123585
1.33665302383435,1.65121501117284,1.56733527388335
1.87745178263884,2.16795233272275,2.11439553344953
1.83326489817829,2.18316868418511,2.074191789363
1.87359103985895,2.17056762921999,2.11522065976876
0.773085589025885,0.895478070714127,0.81021828521784
0.889791570825097,1.01251031564205,0.933453113179717
0.803432123013898,0.930708096216018,0.807939881881789
0.815580041012717,0.926088595449909,0.813338980060941
0.883127902528321,1.01396709350208,0.860960452304837
0.916159097658883,1.0591925116405,0.910747725250029
0.951430599162157,1.10139766123858,0.907043108785482
0.97636529000447,1.11066712393173,0.939211554681698
1.06676604748966,1.18998202439136,1.00452932044551
1.00590139484762,1.18563473804989,0.96598662561405
1.14450070633706,1.37773788653694,1.23094726768912
1.18085030809546,1.35055721270442,1.21759170605132
1.27731061409401,1.47742773158231,1.26943496144825
1.58560289697618,1.81226978170062,1.65857187394544
1.63116391559137,1.91003176080682,1.75680743230872
1.59012754569278,1.81780959373759,1.61137929885008
1.93209479517307,2.19084574477849,2.04756586715405
1.83589018178772,2.08601166561424,1.88555056311882
1.89393880442023,2.11983887205903,1.90347587399259
2.20587169074271,2.43622344897101,2.24424031517254
2.22832890297441,2.46525488475642,2.21675869391476
2.24258477813748,2.39644820443571,2.24537914027924
0.929369958323043,1.01921673112936,0.875810561022242
0.932960111978906,0.990096303806701,0.876918003893972
1.01969629145805,1.11287749179697,0.943336880355685
1.0649534995119,1.18588828748927,0.987847098406491
1.10116899700286,1.16859987117594,0.997001719796921
1.11590723070444,1.19445690366865,1.01509280158907
1.23882731245089,1.3280601633302,1.11609519991544
1.35732227142474,1.58063678503415,1.24511440986871
1.331891495911,1.52448157110771,1.23233000031195
1.4078635637787,1.47200061777422,1.26729783329757
1.63941419024682,1.84084494633747,1.52292241478779
1.64632880014441,1.88688655583083,1.50405660861977
2.05126471114826,2.29462682327245,1.92792177642299
2.01310017841523,2.33660878884112,1.90799103654175
2.06698210894419,2.31105327837203,1.9433948935943
1.65386499888216,1.82282229458237,1.54028566845958
2.06258760583651,2.25294219979211,1.95414413971373
2.04444026274234,2.22683150538427,1.95693422893725
2.02412331597994,2.24936509347914,1.96172298386082
1.10344317957165,1.12893107133785,0.99746023685404
1.14295005916677,1.16508268765796,1.04042412609438
1.10539000629196,1.11551459056279,1.0086703631338
1.12736451473848,1.15088668823167,1.03478127528149
1.14279120371293,1.13016147861622,1.05955505687692
1.23472552823237,1.22593561614267,1.14567105448012
1.26673302846159,1.27972484900046,1.21196149873527
1.59768997890411,1.58270253831315,1.41741796716029
1.46717307902205,1.56917945932874,1.43429061219502
1.97151224947898,1.70653452776428,1.63604366049639
2.47288076479577,2.20971697702496,2.02370107093538
2.55031427664459,2.14540530295015,2.04173405560104
2.19373649994453,2.01298369006321,1.89853483416309
2.61063760818564,2.50741579379678,2.33966601790512
2.58570943383676,2.47061335424924,2.37559552288007
1.0539690442074,1.02757145327254,0.971507145976248
1.0913311304893,1.04742199154633,1.00621824116613
0.969351109016018,0.960010412485686,0.904410242412705
0.981502103060949,0.986579062734432,0.92146353650792
0.906881600367533,0.904306152653627,0.854006463603087
0.940034482935926,0.937732338470564,0.886157620778862
0.851773365408209,0.869361804670304,0.82025814097293
0.859701633186128,0.880521942048848,0.840390594726883
0.859955446402971,0.878158846181792,0.841673010130592
0.86985893898335,0.890945379692137,0.830572760256974
0.973603645002352,0.977998480738957,0.916580937487015
0.872082744656458,0.90064838621537,0.838262103136641
0.907624907181288,0.889861088940799,0.849110639044562
0.926694398573974,0.900148771084709,0.869329857665991
0.93323207650482,0.910890496457077,0.867702319208123
0.957608324499411,0.942647331459838,0.887992843505065
0.975835392920925,0.9377667282593,0.903712507420384
0.953931498552818,0.925412072296701,0.893213906598752
1.05440061646634,1.00239060726373,0.954671764482664
1.29487441161012,1.07879529951975,1.06436941477132
1.42841663337869,1.13984075571828,1.08853157656404
1.90759540367256,1.53965362798851,1.53721357681754
1.8893489781538,1.60857824407927,1.55509200567551
1.85765979015477,1.59504918536289,1.53820002370114
1.13178338641165,1.01797638269763,0.965997371979923
1.70106446316294,1.40586823038432,1.41461244453515
1.66180819605285,1.4020876898342,1.39690277711074
1.47019977680811,1.45875568983376,1.39340892545742
1.98361145876877,1.97627326122853,1.92724901195766
1.9750540558564,1.97843705172565,1.94390976094747
2.00322732575175,1.96720994522063,1.90009534199183
1.05104521585294,0.982461429936509,0.954983193393431
1.08713427923193,1.00167924366872,0.983859172727391
1.11206118926133,1.03414463747181,1.00446630528578
1.11879529937062,1.0581595172044,1.01904146186006
1.2076416488276,1.10092526991523,1.07947506713709
1.27088738939281,1.15254398898332,1.13446247622185
1.30962588765153,1.20123479023865,1.19047196617603
1.42694931341259,1.41889850370987,1.33605201540622
1.48814681467957,1.44678707372009,1.46994066930487
1.54699509670521,1.50591973018676,1.47696876239949
2.00225842857794,2.05635065205571,2.08550660992491
2.04986725603926,2.02668799723198,1.91588904827998
1.18329438282277,1.06818390998669,1.04838403545418
1.24104761751866,1.11114474411869,1.09158717921724
1.12558343582194,1.02331805081322,1.00412233537082
1.11681659781651,1.02366862309927,1.00129406810737
1.10949396459052,1.00507498521773,0.990681921088935
1.18294099051348,1.0681711047029,1.05168204487738
1.11020172559095,1.01673324650165,1.00580972356215
1.20371785866278,1.11281484662937,1.09864088208752
1.09185792363334,1.01716112317583,1.0122320329803
1.1160134495013,1.01532897957374,1.00275056524175
1.09519670676686,1.00391839038621,1.00575866282116
1.11844862239183,1.03881438282756,1.06539671524249
1.16079161387051,1.0718881978197,1.06727432196973
1.22591280773938,1.1453487816839,1.15924512200991
1.25612717174171,1.15838764522884,1.13364913293316
1.3579029219427,1.26496418236432,1.23437196570275
1.25236896714109,1.14552415626402,1.13702814885116
1.37730044722509,1.26632212201865,1.27396763445526
1.3228170441223,1.21305780046814,1.20011999047576
1.50039662277648,1.38490464228319,1.37691348379247
1.05713213810592,0.953767450170128,0.950108590169776
1.09917876351576,0.98670314629828,0.983001415811713
0.999477326733382,0.90796209441151,0.910223038384207
0.99141270974756,0.909581355673918,0.912335040612323
0.98125002983157,0.890731564171098,0.902396848560117
0.990945535067869,0.907781332701439,0.920415154806673
0.951090570275185,0.880361321926291,0.901100267874111
1.40347874526996,1.33225441060021,1.38275051008598
1.40464239319356,1.36291184621076,1.41973432855329
1.39846388394801,1.40367779467002,1.32312069700331
1.0383712592615,0.932672806853763,0.938428035396771
1.06737286646382,0.96281154721987,0.966951203930749
1.09303006122244,0.979853610600016,0.976170916951238
1.09319415182958,0.990293833293617,0.981989860515295
1.18268592109723,1.06078392981782,1.03760323374045
1.20399931370133,1.07914738158022,1.06159201787731
1.26000594309161,1.14650315267009,1.09667202267149
1.40802697420837,1.18824034918341,1.1399227499996
1.45809844493379,1.24972387712014,1.19140837915925
1.32645443875893,1.17744150440016,1.10744820287312
1.59174649984051,1.19993895636156,1.13800448037251
1.59514214186446,1.32406032165479,1.23184214699896
2.04230163025553,1.74564306064989,1.68172789091292
1.9875520710252,1.7187222292009,1.63965570769191
1.9962532259231,1.72193107883699,1.62718559442568
1.59529952337321,1.29469278163075,1.21361477630978
2.0241746271345,1.68357711536523,1.61903225471432
1.98698619743814,1.71324211143902,1.66533841147132
2.01457019436635,1.71036893626931,1.62095655120399
1.24019423364865,1.10353000476729,1.08034676068444
1.31144885011458,1.1704460342531,1.15336145315873
1.24979742421057,1.1054736800909,1.07602751287869
1.24221834053568,1.09936996027445,1.07329241156123
1.31603475480316,1.15681805180068,1.12438702091043
1.40051068425983,1.23336329198977,1.19565537330534
1.37850497297237,1.21757328494242,1.17098736489224
1.52571153915898,1.60051612733233,1.5633786941253
1.58122347876142,1.61223098101098,1.45727149452348
1.56914873838283,1.68653277259943,1.6826835661567
1.94018940119528,2.11130016305638,2.14350068698285
1.27433646685618,1.12417696303649,1.09721907419231
1.35003057864496,1.19827527306304,1.16036547851489
1.18914061656127,1.05005202861988,1.03850651124712
1.16911306524187,1.02955926972123,1.02831050537816
1.15517333935322,1.03850164712165,1.02796466687134
1.21451302136534,1.10090709153056,1.07796050242099
1.09325147343446,0.994460035638775,0.989818651205913
1.09825376398252,0.99028955532966,0.989452780767749
1.13037875802233,1.03476162132206,1.03193334696529
1.16586938100069,1.04631828122092,1.02890834283705
1.30922493709015,1.16573023841887,1.15857297460012
1.16008684356723,1.05349166787191,1.05403433669838
1.22355744101449,1.12128772079837,1.13089162154686
1.14804985033767,1.04789701086976,1.04588031119398
1.15109668890197,1.04657588048611,1.03879624001702
1.17185080703106,1.08991300394796,1.09284700848149
1.18042760427318,1.10447926540814,1.11060145162809
1.14440057535764,1.07678573937122,1.08111500792138
1.17826462829756,1.10319973375564,1.11276190561781
1.22370038394212,1.16570401161375,1.16587864009566
1.07335600883319,1.02493243742747,1.01397740736803
1.15832084066994,1.50395439774039,1.0736175102387
1.28818187147658,2.14790142315589,1.20115833388411
1.21697342824086,1.54821917335924,1.11314289310078
1.40331526624792,2.20160047146521,1.28385196567981
1.15828611737642,1.1430818362555,1.06206247031919
1.2761095955821,1.26630690274481,1.15927995206049
1.07580435929192,1.38180521763734,1.04551855224732
1.17584725228643,2.00171597588695,1.17049353848581
1.10195129093642,1.42250304452755,1.04839292928959
1.19318554148169,2.04470600471074,1.15773671993353
1.256030815721,1.18866011552344,1.18698037891419
1.30857307264878,1.26244383233327,1.27081791794912
1.31641829414723,1.23154449773477,1.22334495472932
1.33053918223365,1.22693202068596,1.21931394650107
1.40502097089228,1.33147370371496,1.32793272677067
1.43855649221908,1.37099209105657,1.36626563031028
1.49831048781081,1.3989609653401,1.39803009064913
1.60537719039662,1.5043045969554,1.44660705825885
1.59048014679704,1.65231344844537,1.46870287797552
1.74524061523477,1.75778607138089,1.5918947283173
2.08644404625165,2.21560760634293,1.78297744229027
2.08444924955124,2.24523651700872,1.7641507993077
1.95752846071436,1.98477950719861,1.75430617086622
2.32433798402829,2.29139923220352,1.9584836117983
2.20121603271076,2.32201701810619,1.94918667867716
2.37119704822048,2.40014521671847,2.11374116482335
2.76625407868443,2.74483297954877,2.49938367011953
2.78594231911786,2.84684531272516,2.53952412514535
2.75796061010872,2.70337116800464,2.4445860210852
3.0998711774978,3.01364843636548,2.77862467255757
3.0836461679259,2.97375495164524,2.7970829356286
3.09026221790062,3.04819610090651,2.76909251944112
1.44462132178891,1.3973687598772,1.40297482331683
1.51001548326513,1.48074984453627,1.49018671727267
1.45708332600454,1.40910052533886,1.42292409590373
1.46818314845496,1.38752965075436,1.40231661462812
1.44981281516428,1.35812051855121,1.36825152204048
1.58009945361498,1.46758110379784,1.50051520458759
1.53668392180708,1.51205648719985,1.53944114906648
1.62037785072281,1.602028246541,1.62682853033929
1.62173058654314,1.56304194037734,1.61357415673474
1.79147245403583,1.71435089188406,1.78787881864673
1.80006010214552,1.71792184256675,1.78469787386356
1.58392948870364,1.5235941741676,1.5690473944355
1.75447789947644,1.70831416468338,1.78130364438292
1.80212205942884,1.74658191486426,1.80945015843372
1.50805938097327,1.5203125922296,1.5494987621707
1.62877401444323,1.66544698975677,1.69422602275202
1.42608270878646,1.42843897077849,1.47421083316856
1.40988251216775,1.38667960222888,1.43732031916109
1.4212852915306,1.451519774534,1.49364570432884
1.48961126438225,1.54258471271319,1.60603500762604
1.39085364937433,1.39226988502581,1.44606646839063
1.38389205047927,1.34673808966721,1.41651904864816
1.43604893891262,1.44764149661473,1.51432290310268
1.41365438485928,1.40616269927748,1.49262493935267
1.93566587110144,1.87126441411382,1.90376343101712
2.62605020017102,2.55865307612921,2.49680545476013
2.02881878126786,1.92411577661864,2.03567288886706
2.76703685565608,2.61662836146101,2.68608766633313
1.60270403101758,1.56097600633075,1.77638259980549
1.7243641558363,1.67130069402987,1.94448957082754
1.8203562955365,1.83951727340854,1.93307105247722
2.50009518538572,2.50684279942148,2.55130839814906
1.8736763089739,1.9121024695242,2.03937773783433
2.54932188898833,2.6071946683618,2.67903957200314
1.43274583438206,1.48227573667561,1.49105901903992
1.48386251403963,1.59105211850215,1.55708911370704
1.46359716707148,1.44783962127974,1.49716485682632
1.49821571305655,1.41079661115684,1.52895404273739
1.5542493426944,1.53286880914436,1.56483943779047
1.63737786669241,1.55573080619658,1.64371867668959
1.62614613263834,1.53466891823129,1.60168794400763
1.91752406414581,1.84252422801252,1.87362272211749
1.98421899933429,1.84013817761634,1.95810606460818
1.74217857810489,1.6277105823618,1.6879414332741
2.26148351020211,2.23795519899417,2.25384645309437
2.00912854666454,1.89638286807363,1.89832218559805
2.41721426877066,2.33404629547876,2.2889730694267
2.39948810447438,2.30859230771282,2.32141281956067
2.41197214758549,2.33269801401055,2.31354143380574
2.34543310480766,2.1599491890354,2.30017588033166
2.78974762864738,2.57262917453618,2.78119249189945
2.81278883620715,2.63131042567276,2.72334900878212
2.77656743810018,2.61971482055831,2.75740289795587
1.7248528239402,1.69872721353264,1.78302972370713
1.97245256395974,1.82290118759399,2.02936817137661
1.77874015460238,1.76304161223449,1.90006386544049
1.72178883727794,1.71254762402063,1.85660248750958
2.09481653015233,1.96752409303566,2.2737796624834
2.29808485051343,2.07560527499492,2.47837873241041
2.38278680731604,2.08010265744384,2.61509906444098
2.29561813805116,2.08887340594026,2.59070108625449
2.71694582996795,2.29426098980541,2.94823435248476
2.64239220032325,2.24047659264522,2.81135908170966
2.91354555054956,2.56394323921123,3.08573712370171
2.63671219083733,2.48019981458251,2.95110437449549
3.09358962164664,2.42008633420514,2.91764904197222
3.5294558956489,2.80043427469093,3.27483052640075
3.51053607777597,2.84083951002307,3.17698230186081
2.08587925076373,2.02741187384225,2.27422371412989
2.35153092752007,2.18992074988929,2.61682775253057
1.90307193622467,1.94360568302732,2.0071161590221
1.8060290411463,1.85800181703236,1.87973654210571
1.98097807894347,2.02367611991869,2.04672640050574
2.08808524882555,2.17133464565134,2.19393080085793
2.06523426889912,1.98161880338627,1.99146549126728
2.25619106850962,2.16324992887378,2.19423602177103
2.33590785419759,2.16651601276833,2.20922494473257
2.14298797100005,2.18241205340377,2.18007605697808
2.46159496938154,2.51707527277946,2.65490924037781
2.48079814307298,2.52293445959745,2.54271763576354
2.22777629273163,2.14750115266331,2.24548267516141
2.59451505748215,2.42267619973624,2.64178575188999
2.618259897647,2.41937055267238,2.58799140838393
1.99954621333714,2.04416038154676,2.08510440203908
2.02830116858681,2.20792575999079,2.06697764196904
2.12964621695492,1.94859477824727,2.24835769257029
2.24283449858428,1.89246815757142,2.35869507208313
2.23790906752986,1.98624860691976,2.36031381096488
2.2988536817285,1.90962553010932,2.3640247648691
2.56504726255658,2.17023458697864,2.79383300003997
2.73022577499695,2.24833755404749,3.18981425783709
2.79315333178276,2.31870580299933,3.12168996668236
3.00568473355593,2.20666652409776,2.98878893064992
3.35914350532398,2.40651129668922,3.41398290233014
3.54941769830717,2.5580269903917,3.34227632141852
2.12435153474625,2.01919692503332,2.22252738343856
2.28516801162323,2.092340402913,2.26310273066335
2.14338983459823,2.0449855950277,2.21155901310015
2.36655767234993,2.06551676107686,2.33700805815479
2.13582540425965,2.13126034760677,2.18100828092629
2.48916705826748,2.22537894143016,2.3054155627602
2.32475991177738,2.26087025181577,2.31289506582084
1.78934471528929,2.0096146952889,1.99259212001157
2.07408154195465,2.12563956617566,2.36256316024812
1.62460642219639,1.85280649908157,1.8527564986576
1.93958030870872,1.84655982095955,2.17655853618371
1.46183613122792,1.76604979602756,1.67982951888204
1.5872744272957,1.85760527235365,1.75858045446487
1.55052418993456,1.67333618146689,1.58106120360359
1.93371605133537,1.64463283552414,1.58493301107118
1.489670698229,1.66080154692901,1.56165296981597
2.25733778075681,1.82802418282206,1.76654822657081
1.98240498964211,1.72614867106204,1.64246767918392
2.94644752774756,1.87745033305636,1.84080447655064
3.48641928220219,2.01293570058607,2.01947205517822
3.14934260925074,1.8313216941025,1.80362981735676
3.73095559138393,1.90733925474802,1.9083124952496
2.63017088627497,1.76153853781452,1.72043253798626
2.94470257261457,1.81611766011722,1.83356935638573
1.40701781988648,1.7190332838069,1.62583014506109
1.387961899677,1.6530231344423,1.57920468591448
1.46137707886566,1.81249731702669,1.70182726266469
1.55224355027023,1.92155853931204,1.79792090225105
1.46903264251716,1.83511183714771,1.72221282573914
1.51338712688339,1.8990701766461,1.76753840510969
1.63409858254682,2.04500892674268,1.91519400371783
1.85321268077392,2.39520846890177,2.33412939383784
1.8882316268772,2.35267648968682,2.29896209960741
1.95418244718803,2.33664640549126,2.13200312346539
2.24594824749679,2.70710610793626,2.511705873573
2.37067793673911,2.66071332613469,2.51966576834351
2.54302901166392,2.73146897888142,2.57413111368172
3.1246430920165,3.11928295827346,3.10199155260517
3.12070795270261,3.29553786533548,3.10145642390735
3.25692830869744,3.53235863679451,3.26863915642332
3.74628886577391,3.78109946467662,3.66328988254424
1.3619635056156,1.67096248646274,1.59027148500026
1.35930360915492,1.65523649874572,1.57680013605617
1.32510008986292,1.59807000669644,1.53803408252254
1.36485901661274,1.66050927090304,1.58574237708377
1.28430028749716,1.48469696403801,1.46587802342102
1.33461279577723,1.52194525101525,1.53934208276706
1.33462972069247,1.54867277139119,1.51145739017493
1.33655538758974,1.58196225642218,1.48390783913797
1.37490632447361,1.62945987134355,1.5311105572536
1.47376519596834,1.78690863753234,1.71179520999175
2.06524295374976,2.10773679409897,2.28504567352301
1.42550716625582,2.08943228582647,1.65144997862831
1.67604393697928,2.29641961529406,1.77716748707903
1.52781419495103,2.35401365129309,1.82164470697571
1.2149574194739,1.36175219118631,1.34147924267723
1.21740289420716,1.3218133102803,1.32190697503365
1.20563319077114,1.36647588336574,1.31696062414458
1.24963403519908,1.45051379144577,1.37857086128807
1.19740582556707,1.33332904355296,1.26570126436735
1.21249740783065,1.28576925730723,1.25680422646822
1.24639444170879,1.40877474103261,1.29841920161326
1.31269987812604,1.52483115372063,1.37101084017846
1.39174409048366,1.53947356402944,1.37267492169749
1.79751447586064,1.89350858105081,1.70364805074905
1.76599693826967,1.90012377394672,1.75314746319473
1.80321143868395,1.92442254296782,1.78762988869805
1.35346129044084,1.46611975562937,1.33069325165015
1.77099261724318,1.91393514689477,1.87544905771743
1.6339041749599,1.87737515606656,1.67546845478634
1.48602052375381,1.62226504122726,1.52497064940127
1.92774625971857,2.06867419922361,2.0048535383597
1.93216888650537,2.06432990453236,2.02413211606317
1.89225946761471,2.07909694528274,1.98530717996486
1.21000617936516,1.37769134031513,1.28869335732578
1.22370507305467,1.36765343474041,1.28739660674544
1.25427213076911,1.47626795746031,1.35604673477534
1.28770387701665,1.52335659793716,1.40490333552871
1.30489084045992,1.56492004778467,1.4090122808193
1.33845753627067,1.6060196615783,1.42836348647456
1.42086321174644,1.73322715938469,1.54290037182455
1.60446272363988,1.90474149079495,1.73858816163946
1.69949043661006,1.87017482573594,1.83943130763807
1.71841586508724,1.85832420938208,1.79233916946078
2.29626487516466,2.17697651681451,2.1817248937922
2.16481957361174,2.3295524697466,2.37362871057121
1.2757899756718,1.51908656630717,1.38682223659319
1.31371935001801,1.56205364845807,1.40824092187554
1.2524475774174,1.47145392851515,1.38281101575148
1.2710872716851,1.48514979216821,1.41061160570092
1.25044494249109,1.44961045689049,1.39295288482716
1.29782517228952,1.53016631733358,1.42876216257504
1.30560396000656,1.49737718273204,1.46593803537929
1.29960014582604,1.68675915820528,1.50929099326338
1.3987712897104,1.64180082197633,1.59363250867189
1.8841597438466,2.08370829227722,2.20944573180989
2.49551949784186,2.76803361251063,2.93911501833094
2.42773565283191,2.61475610698915,2.75033518055049
2.84746705658577,3.01635135984579,3.12421540396153
2.84309820486469,3.0271825528853,3.18619665522812
2.85939669107636,2.98171731216113,3.12106159922247
2.24982161403659,2.30786158428203,2.43219480393018
2.64661850352395,2.66752045019496,2.77256647000734
2.6436475539012,2.65921314368306,2.78452528699702
2.66367682505129,2.68464459008955,2.79293040458287
1.20931588656904,1.34997150260099,1.34103501188117
1.2413443567919,1.36758663021105,1.3799262744165
1.1829939577003,1.2824444888329,1.29447319166075
1.19436164319231,1.30519888926261,1.30836207698215
1.180752537882,1.22642983106679,1.26885540732883
1.20536860125402,1.23238475683832,1.30367421487719
1.21273541477853,1.22880620936861,1.28204384963032
1.43912064109086,1.54613736182574,1.5128919425731
1.65735873646094,1.63324495404978,1.76316755277389
1.24898387929924,1.3349510999684,1.25517492007136
1.81037173295228,2.02457315896404,1.88154777373435
1.65508199381019,1.82428799365111,1.68828233062864
2.12117131396408,2.31631193390722,2.22877526974344
2.14570447763908,2.29768150187259,2.14239588098683
2.13580184176655,2.3109965666475,2.17735511677148
1.74349833663053,1.76960029121299,1.80455846827934
2.22615968439091,2.25398003485894,2.33377043699934
2.20440346445629,2.26015804121046,2.27261094318501
2.23299235294948,2.21461457673049,2.27147180100163
1.20388981707692,1.25717137789385,1.27164993765122
1.23839412610564,1.26211714044788,1.29901299439484
1.23393508759899,1.32969814508391,1.29247913778728
1.23974937363345,1.35784402668308,1.30064480226992
1.31086547392814,1.41463441156163,1.34756397149153
1.35371117084934,1.42418828976989,1.36760608968245
1.37600460276371,1.5383500330624,1.39668056231654
1.45305279140442,1.76291753418233,1.46866358382883
1.50651614100085,1.64478125787335,1.53271333367983
1.44004365882328,1.70367539610012,1.45223482966603
1.63628115302573,1.76262005013975,1.64226888452538
1.56088046227657,1.941621604198,1.56588500179037
1.59822504094646,2.16057373617647,1.66230833339599
2.11395547344868,2.62788630717334,2.15735783424145
2.02513040489555,2.55571753206425,2.13149438173354
1.8621039926005,2.50534244406963,1.93205866759602
2.32323449076416,2.90871717698194,2.40371644793888
2.37218763762227,2.73940752117565,2.38378049668247
1.99698934189409,2.95378591494157,2.15888847000178
2.26800372307129,3.26375884445811,2.47095064073448
2.29512067201777,3.22370646720805,2.45674661204272
2.27332019278246,3.25716216239284,2.4283145225602
1.34781365792843,1.44344072330631,1.39832720874679
1.43805498307019,1.48987853192608,1.4647841804387
1.32644649351352,1.44940483566474,1.40411800221176
1.29777898359681,1.45253422040688,1.39459713878384
1.39646193987306,1.49713089075366,1.46917446975542
1.51387525922869,1.58498896366936,1.53954435522054
1.46795911564088,1.58024228861347,1.53784314180141
1.84689119237109,1.65568836943828,1.71470191977863
1.90637257904658,1.76518058417724,1.69979432637068
2.31413933379266,2.11646246244076,2.05674698981097
2.35372809362719,2.14096213122288,2.0276925819431
2.38962540070861,2.10004214690965,2.12514179407462
1.79973014360347,1.7991131750343,1.74521116077921
2.0945377272322,2.09468327393588,2.04256410845228
2.35240547571355,2.14749111216028,2.12340348494114
2.36857405641943,2.27561762508586,2.32224866907932
2.78269294563782,2.67014513574984,2.78726660760306
2.78781736839699,2.68567755427575,2.7053117217356
2.80007834657436,2.71474195465438,2.77841218473879
1.35707101860425,1.4282602721836,1.45093859279632
1.43396563291394,1.47958269372337,1.52228096865397
1.27782518744228,1.34073520747418,1.39126914353629
1.25167682906377,1.32696028892575,1.37036761023208
1.28189589547745,1.30242025125029,1.38495178926276
1.37737558380272,1.35591056517201,1.44896254874723
1.28511680841289,1.25777021339018,1.36584021669799
1.8266542812199,1.26811711818786,1.37890898930661
1.88138478983862,1.27567191102762,1.41236011311388
2.33569208743272,1.63569551419883,1.72726813307094
2.40341021742476,1.7001374862713,1.79676542862283
2.39029596015106,1.61726150585132,1.78969121074984
1.50858505583001,1.30676472414041,1.42345689230503
1.92750794973517,1.50752062445061,1.71838654253305
2.14633503163333,1.52802323851877,1.59649577715175
1.80678539611377,1.61215771861345,1.72803266530322
2.20135784606003,2.04298859851367,2.15310732040723
2.20705441920505,2.034519770319,2.17776544330322
2.2421237898747,2.04921817245076,2.11757570654776
1.28749518437509,1.31176973995102,1.39242323284225
1.35390383880964,1.35851040557435,1.4462784973636
1.29151316782795,1.32074106203389,1.38328437967333
1.28766672557054,1.32103879254322,1.37599590945628
1.35618885110934,1.37923073159903,1.42897054037298
1.35521757850015,1.37448632007288,1.42672609117571
1.40971706894102,1.43622794089938,1.46942737375002
1.56899323759759,1.51533336804327,1.6132915913232
1.59044782344128,1.68185875593093,1.68335057406309
1.54197072250358,1.56825791708695,1.51390350083357
2.01301501931972,2.09580713854331,1.90291673179555
1.92324986749023,2.01065825524481,1.95637544044798
1.81696548904901,1.76820913161594,1.72936594931785
2.17355723960045,2.18249321900428,2.21355881072398
2.1257604005122,2.12443698349033,2.05842549481022
2.3043766285282,2.16532852119973,2.01027537550523
2.76828226545244,2.54942049530125,2.41526686950584
2.806826105837,2.70594167479394,2.45680525302365
2.47000254348988,2.41811749504883,2.28141153915104
2.77223883720374,2.75660375352981,2.60743329078908
2.75878392601938,2.72307102215503,2.61800208071775
2.7837144022525,2.7473918843513,2.6415843324865
1.4491011187022,1.46628749481844,1.52339661693611
1.52448871436626,1.52715551592454,1.59355398759352
1.49015624682743,1.51510691485642,1.56775300084045
1.47473489700213,1.51137183199607,1.54750617764628
1.60774506278581,1.62478066815334,1.69671808949301
1.69942850444239,1.70004282837829,1.775479221385
1.70750469934571,1.72654886138765,1.79866897163661
1.91942909169225,1.84967525265199,1.90793739699405
2.02644453769719,1.98012356338123,2.10098999689892
1.91705597052417,2.03312878484379,2.06904852418888
2.2844415282092,2.49800109980721,2.46986744269168
2.45233232080346,2.50197882681007,2.59123257717067
1.61136837907471,1.60784270353316,1.70870016471931
1.75740013864222,1.71607899372349,1.82958160433641
1.52219989981013,1.52643070686671,1.64708522642755
1.47494221720035,1.49050408594181,1.6135136635024
1.56241870229592,1.54056030934916,1.69630404415751
1.70721561545753,1.66067644279039,1.83562319259138
1.68230819871366,1.60585100299144,1.82394225867981
1.68774420826016,1.56485452283599,1.75877063907541
1.783371558804,1.69144315295865,1.92918698718498
1.92953032424943,1.80110515141599,2.04719942683669
2.17009953278167,2.10242327380096,2.22237218347216
2.21743363223392,2.0641512342384,2.23665072747423
2.35462589341639,2.15901255778743,2.4306199658054
2.67749644386764,2.53287308494585,2.71667848290204
2.76160392208546,2.5823899675079,2.78167952569317
2.77538051637352,2.52357376710635,2.82737186964579
3.00895286860926,2.83484915171136,3.05886302445933
3.17867970403603,2.90629701097163,3.21888865421893
3.26682897849475,2.95553791245869,3.26977159817596
3.58279259890036,3.27659210991054,3.59556074428734
3.56979416946745,3.28156164912908,3.57996731499557
3.60111633095496,3.25844833699404,3.54917572069381
1.4172526421201,1.41723322675926,1.53887089071259
1.4375177823231,1.39436671403916,1.52531876361109
1.37965050567737,1.40736488960444,1.50491629621094
1.50538403167782,1.51505651713023,1.63689874097973
1.25700516297403,1.31041822538693,1.3617775037613
1.22325994126536,1.24626011278759,1.32962783348151
1.29908690004582,1.36861487078745,1.42311868349355
1.37913743038268,1.43350054429264,1.54397542739134
1.41679859305898,1.49634253115049,1.5412912680927
1.21043392972926,1.27481078953349,1.2908986740178
1.27975712481255,1.34642126735787,1.30123757880086
1.41423235532832,1.48777787646105,1.42985693330866
1.28416253985854,1.33846775163966,1.25179173117833
1.42535435017748,1.47123903967799,1.35634439517175
1.22546386201312,1.26508548949432,1.18167980396352
1.31458731232995,1.33962827427271,1.21522192848304
1.17281814794967,1.22592077932605,1.26099616729704
1.24111551725005,1.28255065857555,1.36930262120962
1.17917160328299,1.22191455934021,1.19909824410919
1.25386560923041,1.28422517976256,1.26590620162401
1.23723603608489,1.31543957446097,1.29535937206177
1.35374772444658,1.4504405216726,1.42181691388747
1.16967540133424,1.23818551294419,1.20420940783392
1.15734085370472,1.19751547077825,1.22010306942065
1.2206158529607,1.2949958428559,1.21567661807488
1.36576207140614,1.41914434078496,1.34259384554965
1.34981314243361,1.36249437486834,1.38087458006665
1.6858846897785,1.44635872704709,1.72956808947362
1.55543803404217,1.51222059262929,1.7325479739361
1.67908005070006,1.56507235588105,1.70153060407011
2.1124271289248,1.81233750091059,2.1572261593376
2.15331245604598,1.76602083686258,2.22408975739528
1.81540021620431,1.76292106127044,1.8583922947237
2.08719873015734,1.97047094255967,2.18635755239019
2.19680141385968,2.0715077177799,2.26314232009766
2.28322001592437,2.26498643947418,2.10164065531019
2.73822825589827,2.71710075026048,2.31823347265268
2.58839053287892,2.44512786162865,2.37728691501196
2.75276662138284,2.79877007024793,2.71564863012759
3.09942846577733,3.15912781590364,3.09789581587033
3.08360829818629,3.1364714153165,3.09213704373692
3.09375674317247,3.13265850915318,3.06487104807198
1.10637522335219,1.22884814717746,1.11169326024533
1.01931554699193,1.16302650725587,1.11212859111308
1.21532939595241,1.33771027835937,1.16802221990282
1.38443465285684,1.47901147279255,1.30569497331538
1.20158632785738,1.34259920876053,1.16787507640912
1.20892014519058,1.35242069370534,1.22921574692217
1.51414650596856,1.61055294491655,1.46227237533255
1.96051511986689,2.00380425856357,1.99412336993251
1.88911176917314,1.71482578580447,1.59294889137863
1.665541086574,1.85918850634487,1.80888441334899
2.17342855536008,2.3729850628023,2.45918804371956
2.1461417460445,2.24098300194655,2.21242382969699
1.0592425778737,1.22330056129173,1.0440917176064
1.13691246295308,1.29633235167479,1.14349650726915
0.993893959480636,1.15241254722349,1.00681320766545
1.06146791590473,1.20326847420413,1.07635223838692
0.996979621430979,1.15933003401789,1.05702839602827
1.0308749678759,1.19961714691284,1.12907754744445
1.2125090951477,1.38512193529245,1.27145949141281
1.29173192289722,1.47111205459352,1.32604394623663
1.32418835820441,1.48082734239646,1.43066248319431
1.37061608550176,1.55629819296447,1.43827707621983
1.76425573007355,1.89956108027872,1.70660378099698
1.88925055794114,2.05880409229755,1.95659738113795
0.931382466020571,1.0655940766901,1.02118762167192
1.10137332542619,1.18943238302348,1.20980646396306
0.844503482803981,0.962147911060844,0.933556126353854
0.923574496955853,1.02588161647067,0.983109765421526
0.827652983223213,0.899812066796734,0.954105400184026
0.911273331433243,0.962970593272238,1.07151361578485
0.986320397482738,1.01663749617062,1.16644647830097
1.24457645371176,1.18719732747627,1.30155834920662
1.4766845683171,1.28563744816019,1.62622086709466
1.48019110169782,1.37184015726333,1.88588404614869
2.10427409200978,1.84771549768093,2.5874323631964
1.97969486650855,1.78565931165932,2.34116605099429
1.44826309537442,1.34979440998593,1.97917344799296
1.89250957560122,1.77582062054071,2.26373710318478
1.80509028973376,1.81362947539145,2.43335676590745
0.716793167521699,0.776289504992081,0.782272226124923
0.804445277412357,0.800698251441012,0.802825171303264
0.683775498144451,0.773417969799764,0.833112887971612
0.789321172770772,0.883703764998138,1.03646964023694
0.640637682957511,0.708650393295718,0.74474360671781
0.651569519818998,0.698010686563525,0.728060111203378
0.691800268850999,0.756092673956295,0.823142214368146
0.774388372577095,0.8557676278626,0.917691840055007
0.75201734356344,0.803245452562617,0.873783621488148
0.736161735339625,0.78508214658119,0.896840182531956
1.36950639962886,1.37815510243646,1.62427892254927
2.05619853042693,2.16484238644495,2.32753556349719
1.47419569330315,1.44057930796845,1.79428936071694
2.19105324564897,2.20953584003074,2.5966502416922
1.02990680209418,1.03669138445928,1.23265942603852
1.19564501179772,1.18678484211091,1.41095715210118
1.23443581394671,1.46664391134097,1.3076661254171
1.91723550772888,2.24593015597161,2.0239734086576
1.31769628006376,1.5611677444037,1.35604062170932
1.99737454287854,2.37051310461431,2.00605240620968
0.623010652498047,0.694268948017402,0.710321699828993
0.701653944712288,0.811782963998439,0.820295509961714
0.618042726331698,0.648120220885232,0.657402089301276
0.670156439267928,0.676657781493759,0.691810495334114
0.609758467747897,0.647080830487644,0.649501816793362
0.64310983958029,0.701246645621381,0.704143085390779
0.730153339256623,0.746617887208165,0.735427726702785
0.937011173154079,0.934748446646218,0.996643770834623
1.06765070384945,1.11381721194468,1.2239195536411
1.0054899375647,1.11160752478237,1.21630004886062
1.35502881641819,1.45759773292821,1.54361263409978
0.572640608427369,0.604197947129267,0.609756339954616
0.674867380825877,0.674116368691792,0.6941383133508
0.552738190432398,0.610793598193921,0.595478660630122
0.629930111195505,0.699449952172978,0.66465167919362
0.529458390899332,0.578313594856445,0.561012940722238
0.546696360158579,0.58514497775584,0.584968642151743
0.586170951943775,0.633068568424407,0.602836062601413
0.693828535370223,0.722986853689023,0.704756839147014
0.683138522093153,0.708339808588309,0.670877804123427
0.580012011279569,0.634685187665468,0.626446701613204
0.680526620106815,0.717715997638241,0.729122607684187
0.790423331262707,0.81664702199319,0.82589747632831
0.799192760207446,0.812504436506908,0.871765749203743
0.96202034985321,0.961672317739297,1.04124197623918
0.838556760759413,0.847451483263561,0.932560011445753
1.00693199174391,0.998606726912095,1.10934339570213
0.681260193947136,0.733704765012123,0.764311279790487
0.795792182928085,0.847711450333145,0.885432473576669
0.807618997589244,0.83570313077491,0.908881963498139
0.978949427396452,1.00480418275283,1.10194760396277
0.539520172800654,0.584898590704956,0.556708628399526
0.630879327531849,0.677459160942402,0.635168363813651
0.548093699575279,0.579436862327593,0.564801261375998
0.589424517807908,0.611313131254106,0.605447605928613
0.588600284364444,0.611985223447669,0.596432797348713
0.623297058406449,0.638965280878069,0.621649008834774
0.647602857489466,0.669964155737297,0.669436638188469
0.677488716798581,0.696190967725011,0.700286954308163
0.754859565557224,0.776319699690633,0.7740343991621
1.30924054807933,1.29608130798382,1.31094867721741
1.28571174222952,1.34157148481346,1.29409813566327
1.32494056320908,1.31713415764478,1.34420207877041
0.706547956860945,0.727956637609557,0.74493579727696
1.27224839058824,1.28264152362452,1.32398392291843
1.26022879803615,1.25177732164817,1.27716343303793
1.28548366568018,1.31202432031216,1.28660624709169
0.617150134418552,0.631620820115303,0.616489672970835
0.651205169663769,0.668816217389257,0.660773842604434
0.667387204075939,0.670193552326354,0.653269458347777
0.713496213431268,0.706873265126408,0.70072616181143
0.693159639575032,0.694045361194923,0.667469594945138
0.708549439740498,0.717087972700851,0.694877437862835
0.74105291479834,0.74359795291202,0.761422378333534
0.8447491127944,0.889820164972338,1.13306900836199
0.890141783987609,0.902169190344602,1.1993348530054
0.881491292685578,0.876125754867798,1.0796475204096
1.36703416587855,1.38339056795844,1.67968775747768
0.74992831468227,0.73650620455504,0.687134762646222
0.831276075727074,0.812902934103432,0.75843382968001
0.769062295114778,0.748669900551602,0.690650233030595
0.772657681432039,0.755287425761964,0.710287020218985
0.83047201045488,0.800351246312708,0.725936470153585
0.861879925583038,0.820983589611824,0.748099722336931
0.878877318937794,0.849288603611543,0.772301610614889
0.961418659775055,0.97666108928969,0.818302193753395
1.05187061936787,1.10915342441936,0.85539379800677
0.960579216832624,0.977057099172586,0.778221260057397
1.13899951311367,1.27266563963487,0.786146127012287
1.06695424501599,1.08125549438184,0.876476829250105
1.53055932466002,1.56640079921908,1.37960530577117
1.54215575740505,1.56261457293831,1.38173962100352
1.53807599960716,1.54148091018216,1.3908231525707
1.21483938194517,1.33407579712202,0.831978120394281
1.66137437478963,1.78774168103152,1.36611376718817
1.70499364437243,1.82555349013198,1.34978966782202
1.66438270026035,1.78669690770276,1.32891973020585
0.868587828303813,0.837927097630963,0.755192411018887
0.901712759146587,0.865237652938147,0.789298613881019
0.933505033932969,0.920645028995192,0.811491675846345
0.985501273737027,0.980523668380404,0.863688496059036
0.987962243273563,0.978421352059539,0.858596183636402
0.995261315871837,0.997554394182134,0.877084028089775
1.0318369763917,1.00725951822087,0.897346343251038
1.09005296382264,1.05379559690647,0.944546110512757
1.10802680038335,1.085282271755,0.977674290987221
0.996425172282145,0.968058258467096,0.861284692174863
1.36382212020308,1.01629563242153,0.913464985821336
2.06323187419508,1.11427417581096,1.00922015468965
1.39414949933311,1.05023483423875,0.954336286649332
2.09690176485531,1.17374031654719,1.07683120317912
1.07427491687722,1.03468496338573,0.945616327812509
1.16199622873813,1.11858650443059,1.03815589467529
1.61709370567999,1.01304242548859,0.908014111746554
2.36205095374469,1.11894144864785,1.00963227897563
1.64235829832035,1.03872632495905,0.944399439951162
2.3895248565656,1.15724932622545,1.06629031274239
1.05901769204198,1.05337153081044,0.922573761965535
1.18495815724012,1.19942821558184,1.07262865810812
1.05017688837452,1.03943348699603,0.917754705483607
1.05362171885157,1.04531832902162,0.953980849179634
1.10679660829119,1.10611313844011,0.977154847146092
1.19235558371633,1.1925869430026,1.02408820550596
1.228010991809,1.2353413682821,1.16437390277382
1.70085039041822,1.69588104036945,1.72865870239946
1.69642956016922,1.70045393930779,1.62509503960773
1.50271074119455,1.6071624749069,1.30466064230523
1.99019863930024,2.09163860391727,1.72940990244633
2.04248619046767,2.17464398224433,1.86696226696769
1.69587097498177,1.82475597624201,1.64090883263286
2.17468092538827,2.27071650612025,2.2271361496621
2.15337414120353,2.29218178527603,2.13535282690391
1.1142794359418,1.10100153502859,0.974853207089526
1.19321837933143,1.17535396476524,1.11244320073975
1.16390011806216,1.14977980606441,0.972593003449895
1.24551083513093,1.24200905174111,1.04002380551999
1.21655809186333,1.1904498950637,1.02998978189237
1.24401588551663,1.22618165854113,1.1025156653851
1.37241040483435,1.34423061695772,1.08379170364175
1.7692855070574,1.85440578018654,1.49501247487835
1.45845505330963,1.53781051425658,1.41206990997095
1.91078300762736,1.76122825410451,1.64450138754506
2.53805812305105,2.33178249034232,2.2749591537118
2.3711198445255,2.3819323201642,2.32393617143891
1.21394087838202,1.21691077906368,1.16626321158325
1.47539538609979,1.61582732137052,1.85792501133372
1.14447992707654,1.12473777591927,0.986085363326056
1.26437342244048,1.31338184517424,1.31736303260151
1.13203726000233,1.1171840744691,0.990160585606573
1.18264983775666,1.1764971518418,1.05036730512146
1.17715620956131,1.17300078718781,1.07137455895943
1.28372742523254,1.36080846831355,1.25806417038573
1.29431618860557,1.43052391811008,1.32497032140687
1.38869887790694,1.53746378080746,1.2544709244589
1.77885717381972,2.06319359331109,1.76356021959745
1.74548324530399,2.05676702345921,1.79670711422775
1.53741939130405,1.73040329297589,1.49361873020302
1.80753066767663,1.99886084764669,2.02018168812623
1.88889191882309,2.131567504924,1.97749924521243
1.89264903760072,2.27399988823839,1.79050581714583
2.21278470844968,2.64611176384194,2.04601118084522
2.3284901983154,2.78848326893893,2.20922712628985
2.26547684665253,2.62061379130868,2.38828790573085
2.62285275433736,2.98462781791048,2.76836559788888
2.61266820468742,2.93790687794882,2.78886465982469
2.64403573859064,2.93153358360068,2.78841591889749
1.10621749022772,1.09791864515917,0.957512892812539
1.12900113777976,1.0987221303466,0.945984306001663
1.12718148474746,1.16220618829848,1.03243971215793
1.19191287126527,1.25735495354677,1.14901336688576
1.11106398557564,1.16785498736159,1.02632447335818
1.13159701637804,1.20172909575382,1.05158507296923
1.20264013162343,1.3312570816579,1.17374790653123
1.62793448265559,1.86487900777824,1.32003754367801
1.62514289939552,1.74128778780014,1.33771156917144
1.68875525195704,1.64505317481419,1.56833523431597
2.26661096578326,2.18970723962255,1.87136666659505
2.28961001075025,2.26374761948616,1.93304716263536
1.81903589720668,1.7754364721249,1.9134442509779
2.23636848592438,2.21417599938768,2.4182082094288
2.24221636370083,2.21207757732583,2.38560801300138
1.06049582716587,1.06807827035612,0.94149688312648
1.10408631691845,1.09722148989548,0.979972758166786
1.01036666027477,1.00562126592305,0.889223790325491
1.00354974865859,1.03828949141486,0.899638547360419
1.08708408214299,1.13431631776744,0.999365909924051
1.06752246435157,1.12316174674121,0.956936908428334
0.96537008497024,0.939808388514069,0.836301607879535
0.958351838342629,0.928418886759756,0.827228788928884
0.97334775005441,0.948588900183658,0.836476507004486
1.08886779163634,1.03533118316953,0.892574712736817
1.07329057996393,1.02364683426854,0.899421342568738
1.01104960884948,1.03745090983843,0.892323829103889
1.19200933693114,1.18193083803127,0.998619969165582
1.18918292502151,1.2254791171158,1.02094643824092
1.00277963424481,0.963033292523898,0.877622956259809
1.09264317806313,1.05644376163026,0.961969778926449
0.992730870403871,0.947919134454084,0.8705302439161
0.979249159943278,0.936733354810664,0.857301757214479
1.05268553643284,1.00408246703244,0.927707322068986
1.12194078485752,1.0731819314716,0.989237731104964
1.13242395153658,1.08374948121386,1.00717368790697
1.25822891031501,1.25192069481701,1.14439802356682
1.30531687748029,1.28109180019375,1.11259237189734
1.45583841804128,1.46708541038645,1.29838711463889
1.8318138325005,1.93726252817245,1.67898552549199
1.79818347375684,1.83874415682714,1.64282683729534
2.22090179116782,2.24831683212306,2.05106404406574
2.19522419034228,2.26189976836567,2.07649543856807
2.19367521237278,2.2518815320842,2.077806788596
1.75841649647878,1.82847000535321,1.57766196241994
2.17253050322265,2.26477560202794,1.99165927364892
2.13745759620471,2.20002016122471,1.98275557024605
2.17429139105067,2.27231309581607,2.03786891688253
1.02854799196983,0.974804718001229,0.901774937365436
1.21964836459112,1.16533324550227,1.05788184560389
0.954113718625563,0.913869594051328,0.846932564309544
1.04597914431171,1.01838012144058,0.940018960843008
0.921513016912975,0.886270803981614,0.818647165059061
0.990706399794664,0.954064857420153,0.888253102817993
0.91636627147991,0.888164185787584,0.827300751602331
0.941517092506697,0.922733129495879,0.859712399359144
0.988301528798469,0.971626293872987,0.916918456946167
0.884766530178037,0.852978829188629,0.788965922204848
0.898915246488792,0.867850689251847,0.804177069741143
0.865671216492019,0.839059395377549,0.757362551004013
0.855034911714673,0.834809746219868,0.744350003755501
0.871571081027337,0.849708512929812,0.76208508498896
0.924288268861196,0.89960405327532,0.815315256365655
0.84976610359354,0.844863683141936,0.735733802215758
0.881948120721143,0.887742476087706,0.766417900310798
0.906884753377894,0.928369061946009,0.785917761194625
0.957147204833606,1.2067488856662,0.817663691175353
0.99276944480639,1.11911457734216,0.862353596324554
1.46399365866859,1.6143226572722,1.36762035867827
1.48051724348221,1.62541049745228,1.37712776399822
1.46219568468077,1.63040455059927,1.38945032070083
1.05794654674992,1.32396663664779,0.935338602426177
1.53643587493941,1.78047949837568,1.44202689411667
1.49171363132885,1.84234844797704,1.42228859568169
1.54305261907528,1.80738823480839,1.4388737018358
0.786253038565382,0.783538823031148,0.679695303898171
0.7857390965097,0.791501819269405,0.683673865156736
0.761120689531622,0.758338575561192,0.663103553074018
0.797546680933385,0.797142769332098,0.69417501913211
0.720252463092737,0.724360222059475,0.632093324456414
0.73918634576092,0.73875076848145,0.653958618826632
0.738904387968306,0.740802240770719,0.645974733536121
0.778341080710133,0.793848512151583,0.687640340637193
0.784429585084763,0.786354384614831,0.704174733402368
0.771693145735512,0.768078268576798,0.668630858964873
0.836115615479278,0.867285567846269,0.748933174057286
0.812427704597388,0.832117959473972,0.718099889384949
0.822612466812878,0.851643273349522,0.703989928228215
1.40645260719126,1.31608300284239,1.33246101657775
1.37088133016267,1.42161429343745,1.31181231071262
0.707884732433576,0.714735075248255,0.623171190779153
0.71047013690233,0.725111070934024,0.635522113948435
0.730307025500162,0.730892660888924,0.64053307876635
0.76877721025392,0.7637575425567,0.682272414867489
0.740982567161463,0.739032271460284,0.649251447894836
0.744512365138242,0.74374593855047,0.659255739776688
0.798931985517631,0.780607040914146,0.695129244823556
0.855459690554611,0.846055324688104,0.737332646734636
0.863815997933418,0.881499349975693,0.762426544792792
0.866279679012098,0.860306408089772,0.748077562744675
0.909682399453043,0.891400188455036,0.777010188237201
0.749264413988621,0.750005685921161,0.652553151375274
0.758070656435929,0.77046452157689,0.675924323233143
0.774597713468568,0.770280465077751,0.660931451852725
0.804984143707036,0.791343822926803,0.683140016024076
0.793472826805722,0.803925073836371,0.678753945928826
0.831563759801378,0.841406741703841,0.715793711296859
0.893039631773353,0.903948908545008,0.725436819927942
1.33897551340714,1.35849754211006,0.829919667647793
1.13703319198523,1.11039769838304,0.770746907663409
1.69372755052691,1.66527007045508,1.30352852424164
1.63739387218603,1.59031854162028,1.27661869140276
1.62121314918678,1.67397257180676,1.35280414988196
1.14530737058981,1.3824523824828,0.849434807543151
1.24318602061107,1.68899236975601,1.12949456228351
1.63524888335845,2.0705190396623,1.18842208610447
1.80594415978197,1.92281338504316,1.16291506035072
2.28930889001498,2.38808043004805,1.65245444729555
2.28982591300085,2.37426753070301,1.7006722439534
2.27410670301284,2.40264297401103,1.68660708200116
0.755453428449594,0.770955913123729,0.657634644668346
0.765190226000603,0.79854138853474,0.686252780225147
0.742866725044058,0.745054747972695,0.636153109422016
0.770375131173193,0.75704704815931,0.65010564201773
0.725250324465577,0.734900306093416,0.629066835095336
0.75375754726546,0.776553732675094,0.652434363094431
0.740649180517188,0.742196878682249,0.634072416712657
0.791144257236696,0.773481683164025,0.668683143690647
0.823267751312094,0.782395290091062,0.675660075053449
0.736106950354261,0.847361132893408,0.682857629128172
1.45604487901675,1.49906827592026,0.867637464271949
2.2913726212183,2.16821616355215,1.05448166340355
1.48935261023616,1.65596648720032,0.970674792292483
2.32092115682648,2.3861949744608,1.21135711900439
0.88025079373516,1.22126717069555,0.903653533193168
1.02539497265309,1.46661028662821,1.07271167538861
1.04097207021897,1.269736756431,0.943082817330535
1.34906026636052,1.3077831846387,0.79200458350434
2.16527163491463,1.97720730576821,0.962671468642795
1.40106637119389,1.40731850073883,0.884274174938841
2.22669266805251,2.04691776432735,1.07820448891236
0.701718003285613,0.719883346958483,0.631490644793366
0.725987370190988,0.747943351635673,0.666340858200787
0.690599658955262,0.705254975551024,0.623043357169599
0.709910455123702,0.719896969467449,0.638395743132352
0.685716598404777,0.696808378266745,0.625413548728331
0.690260503728942,0.700461236554378,0.638214929079449
0.688324198331991,0.705889728760275,0.629647340032539
0.695391007391154,0.720715260103517,0.650176684834708
0.744954256012603,0.762526092598034,0.678807739499307
0.722988785643994,0.739752590589566,0.670675996244844
0.874651100989106,0.960813344523243,0.799400344651426
0.888408012534996,0.979372976318731,0.820456799733406
1.44294893730555,1.47466845761341,1.36109332825343
1.41033677629063,1.52722322461405,1.36101756113635
1.41062582406009,1.53894716974708,1.38215585332758
0.883321725254033,1.00442672613763,0.826755593909093
1.4037414683266,1.52309423317505,1.39076763564285
1.41315843652927,1.53913744368585,1.38424981254061
1.43286771547347,1.52329848522623,1.34890175612299
0.717913563350826,0.726065968126806,0.650042668881173
0.743459469356155,0.746537048091467,0.677807436900785
0.748086766147941,0.754779922980129,0.670049562321234
0.767986463682593,0.771142109294405,0.686847773593441
0.790737245710561,0.792936642307218,0.703620924705557
0.815144738276808,0.818428879763504,0.733382357047927
0.835927489107895,0.844271164204692,0.736624792609684
0.851339810083403,0.859738399263883,0.75195310341758
0.912185256995367,0.907194337479931,0.808686358733323
0.86037976863162,0.889570837721376,0.76094357192952
0.984326039057358,1.10447116391594,0.922795375424073
0.904086090482812,1.0397818009726,0.897445124349585
1.00871166069776,0.971513094846982,0.830338227486803
1.16214179728022,1.18445516781678,1.02314406002271
1.19903021683313,1.23035567754219,1.0229929046558
1.10381565249865,1.02243003814079,0.84651423835052
1.47556229740729,1.29967593950056,1.04301715321805
1.33343049592923,1.26290805448149,0.968663299674863
1.13975177542695,1.04149815845792,0.894041555975747
1.63828593566928,1.41110464961393,1.32939823852218
1.51131594984667,1.52576621978317,1.38035448287895
1.53371719267818,1.48109620764088,1.35217966793396
0.805689042124424,0.793782131682777,0.716674719377614
0.846086629813741,0.827840863402475,0.759354880717112
0.80481463833604,0.782910011191205,0.707943280906016
0.804292953495052,0.783374773737344,0.708126650685121
0.829644179725482,0.797706506612741,0.727564286584549
0.878666799999832,0.832932318484176,0.777846002367147
0.887772069184929,0.833222964665696,0.774852772316053
1.25101304504552,0.868408041074864,0.801324645567603
1.33448218667083,0.894419185913109,0.828889426983783
0.996154127622431,0.86261104753073,0.855162405271193
1.63311764377296,0.895579330548377,0.911862123118006
1.3671866149057,0.981504296090093,1.00592986078688
1.88595467167385,1.47775473224776,1.49550020501678
1.87527356799097,1.4694819231951,1.50507759667425
1.88456695783845,1.43506641621455,1.46232143106395
1.60377119336692,0.944951810939266,0.992491273664641
2.10899829127649,1.47123750480552,1.49247935451697
2.12746114598213,1.3919964332987,1.4679259126506
2.10119936711292,1.43508827702897,1.48562063765465
0.805670980081541,0.775343059743058,0.708859530435603
0.841640040570743,0.80382686497947,0.734665914415135
0.775464973073997,0.754077175896337,0.699036741995175
0.778943680073653,0.761055558005658,0.710167246273494
0.7798521208328,0.755909023959022,0.705858309045579
0.811889699081838,0.777973395356735,0.733902634664816
0.78669475320323,0.784518946363626,0.751462610942342
0.961308133827495,1.05295416123184,0.877340632026134
0.945227050165945,0.960630484116083,1.00973102945975
0.800547982356433,0.794803728019855,0.877723982822819
1.08725313141041,1.22802341790013,1.49239729077729
1.39361597626625,1.74631615275279,1.89464777744434
1.33214648694539,1.49263046638265,1.88017278084049
1.69695279628442,2.02979324876443,2.49247164942946
1.40394757544408,1.54486981819996,1.69705401098202
1.81644843414066,2.03429869579477,2.19050537896447
2.14637306159905,2.01331677827466,2.44225677970243
1.12355145799455,1.3655383651038,1.11688507616327
1.41192622767249,1.8659260066306,1.47830010930144
1.41128218700941,1.7012404003559,1.42745534456844
1.83329548175542,2.34420089879721,1.79677858335223
0.797297583056426,0.766570097430912,0.70809256431908
0.837631762891804,0.801057347446588,0.737067401178535
0.799095334803951,0.771937106590326,0.714922112474796
0.801011042034995,0.778167280182813,0.732133511608519
0.833037985415448,0.805420222137059,0.739279577400955
0.856645384715334,0.833120104488334,0.771295373457602
0.874209939019555,0.853931537197875,0.792413020088256
0.912703070315041,0.884516279665051,0.819872464340748
0.942843008076127,0.926220510660535,0.857740665352717
0.891840342973938,0.874361795169773,0.83096673800078
0.90303467136881,0.872953663393747,0.85490526363048
0.995088907857503,0.982307019291681,0.936468311393091
1.48058105814504,1.47375714845317,1.41699100171316
1.47238395752726,1.46062379951295,1.43005468416528
1.44444426883766,1.43064347635689,1.4294303467903
0.954297046585494,0.952112938559903,0.899363009179472
1.39876696717896,1.41494847123121,1.40719461627788
1.42045586891525,1.41553519066361,1.41247945083242
1.47637189612988,1.46497713898715,1.36143471295754
0.862077113933743,0.815135650414021,0.735626487405072
0.91503757482969,0.863518422587776,0.768114845135091
0.867065979563238,0.814436081977923,0.730633431912134
0.868983700934509,0.818223375915638,0.746512067381504
0.90635371734351,0.855391162235435,0.750763921417719
0.953229137677967,0.903632583446206,0.806278308342727
0.9512659409173,0.919559181052169,0.813448179030017
1.21800278828128,1.1757853499147,1.35904696376406
1.18474571097353,1.14718586991327,1.17529769126852
0.99480669126433,1.05385809273078,1.07259228902648
1.33685052774315,1.43471249807811,1.84997939255719
1.35351768567021,1.40818838602914,1.82206394031634
1.84453984486341,1.89919113424608,2.3200153879145
1.80471367959056,1.84934942517734,2.34583446881928
1.85123293317505,1.89499174668022,2.35338353008186
1.29633341560202,1.34508122293518,1.37359488652086
1.78532781416171,1.83633484682948,1.88281615657269
1.76260991535316,1.81022396002262,1.91012318143723
1.77832502693311,1.77357708100225,1.88128327676696
0.908500447533434,0.85596598453662,0.734818639964963
0.958331346169458,0.922692109589713,0.782850898067102
0.891519688376644,0.826732144854403,0.715387991944166
0.90031711721563,0.82370203376751,0.731410419118837
0.914344646801586,0.847011683825086,0.731830352713682
0.960126547122464,0.897515834967182,0.771164425198773
0.960120546212691,0.888334140244455,0.781451050382288
1.18460660993734,0.943834649085169,0.845167358356793
1.07939223312758,0.962862841388316,0.83463623258565
1.16673335890082,1.00581692326176,0.881503749930596
1.80026598549398,1.5125484252071,1.37382452594623
0.942857912474016,0.866300516770348,0.748825712681169
1.03698213368178,0.94322784491983,0.820472171670444
0.924841301313391,0.845589515811554,0.748966372986589
0.916787500398128,0.84196130000032,0.761776032972121
0.970668889788528,0.888028948053486,0.787853196466383
1.03366230940825,0.934779320556606,0.832779845297532
0.96815848971665,0.9046110568946,0.822467171271853
1.04260723366216,0.967584788682332,0.895234990083248
0.935502087410918,0.88544179152494,0.805967415429322
1.09993392035691,0.88443158060396,0.856654519416608
1.01975184266475,0.946466285136144,0.882364325912935
1.47013010425273,1.43048729663108,1.35980883288961
1.50368952552911,1.38606059437234,1.36224691689427
1.44725527180171,1.43993921440658,1.41246284618016
1.01410797357258,0.912884798393353,0.798164424930749
1.11573453041281,0.992987374170036,0.884960614220833
1.00134828199488,0.907946068267353,0.77460132438343
1.01098448224728,0.925110291257279,0.798467784792543
1.05230917064007,0.942124364130601,0.791648665135394
1.06186882093405,0.965542187497412,0.806280716197329
1.13128840169217,0.981967059962807,0.82208879877695
1.20019397721449,1.02022172979557,0.8654498934509
1.20733851785361,1.05532141946818,0.885122926544845
1.15733185643109,1.02902518664445,0.82251492003713
1.33688437990004,1.3670748003806,0.869032279717765
1.30870397405846,1.41120626679571,0.838709494214725
1.2238584356913,1.3005506161229,0.883778610498707
1.49319657511278,1.75060479676586,0.969255688512024
1.35404333131735,1.63887296031455,0.933886975330951
1.5387119071886,1.45564129222125,0.930950889643299
1.94582028528768,1.98429964227157,1.00559882116844
2.046844348662,1.95935321637066,1.02900849591983
1.74954531670555,1.31259131411321,0.968744315538624
2.11155775522502,1.67906665498146,1.40023259812219
2.09900936015546,1.69550115042034,1.36916945978282
2.15827509823514,1.72732275981852,1.40104978610384
1.0777579099209,0.965982819681925,0.819019841269903
1.18878232652754,1.0648006120131,0.911895146474434
1.03393487754277,0.946802006734411,0.822030004794102
1.02151242852117,0.94899247628319,0.852255128510106
1.05810214170126,0.979763101783862,0.849511468326162
1.11828699674926,1.02119970515059,0.899100651210293
1.04991488860651,1.01324718734968,0.897403434196665
1.14854557106902,1.05432193519219,0.95388480823832
1.15074636663934,1.08833617075246,0.965193109898044
1.17286654290488,1.07211823804238,0.985592223852941
1.49538097999135,1.31106996348932,1.28227012952297
1.48206749594734,1.36402624611179,1.30850378412991
1.46185768246412,1.38807750456848,1.34347737344951
1.87015393346192,1.88992870473041,1.87321293858326
1.87672993198132,1.80085264171406,1.76201389621237
1.73557515116273,1.69764449063722,1.69119926454518
2.08424052530425,2.12339374142399,2.0982194577993
2.11171657037511,2.17993328125786,2.21097123256371
1.91424491970009,1.81815050712181,1.79487117356993
2.23439744572972,2.12762798711663,2.12421473117998
2.21773139451625,2.16584196794545,2.15786534389098
2.26015145746498,2.15945715283897,2.10250672514086
1.11237124186486,1.01004924377283,0.877671664356305
1.2233778614188,1.13069508825918,1.00322002994592
1.1387774700227,1.027394768526,0.884816924359606
1.16027624820182,1.08910804053018,0.931600528633598
1.23148549799062,1.06655547039345,0.934910117867696
1.36691409331691,1.18166732631997,1.01716737941613
1.17717292646727,1.09668346821366,1.00414135575833
1.47544547910009,1.55725560878062,1.65752514381892
1.57954798326296,1.55239890953761,1.64162467778543
2.0728066713735,2.03056756729997,2.15948788632977
2.05012975392664,2.07078006286648,2.18255804779298
2.04853263844806,2.05683095994029,2.20364419130255
1.58440609207596,1.44036625616774,1.48508812351347
2.02962478407165,1.93205186397753,2.03726112559221
2.09396774038827,1.95533800338646,2.01940981190527
2.07103458644664,1.9413276153568,2.06065148109676
1.4032311661609,1.13058951907096,0.963622698461311
1.4649491985224,1.19171878785368,1.03129403931809
1.64173299663142,1.29075911346226,1.03127741451407
1.85360724131219,1.48939063282387,1.15896453278563
1.79182905052528,1.48174247821858,1.18389330929753
1.95296448506339,1.60811282128106,1.25378692638213
1.84067068127005,1.42329948070649,1.11577369181548
2.01147391409557,1.56821655573262,1.19421995127222
2.11496771259755,1.69258626906623,1.26789019708126
2.22839362668576,1.83571844120723,1.44467297112456
2.35181842165073,1.93816860998551,1.48995154211041
2.24368323427182,1.78095362052919,1.36773789720898
2.54331034181926,2.05739534857672,1.65965488546758
2.55918154258366,2.01226605651295,1.65359129823271
1.69347734316898,1.27389424946548,1.07378937774461
1.55280931493042,1.18793303533061,1.02981588572383
1.84933830892554,1.39553038008989,1.18178384366079
2.07677047273084,1.59653984241427,1.3053222462996
1.80677216045862,1.37340318282568,1.21590465731251
1.80518718163915,1.41165069813433,1.19606375899373
2.16746208476697,1.6796584770112,1.39193137254142
2.34497947164696,1.84746779181716,1.94438561303001
2.61166552690894,2.11088302877466,1.69663252648924
2.44796251175518,1.95851238709264,1.48413137805746
2.79659262161382,2.32723039675735,2.03228128411735
2.58454121071013,2.22723092425052,2.03413290890564
2.87720060935689,2.566867457972,2.49999034529593
2.86540810280674,2.5957711970142,2.51164910724437
2.95061008337525,2.6138723748018,2.48633325229875
3.21648271691149,2.61483796285794,1.89691436894925
3.64598491295592,3.05324292225047,2.33443707847308
3.59368303656376,2.99753700788727,2.31809810313529
3.63242449710822,3.04335684833098,2.37309528594275
1.59092427646181,1.25824405045717,1.23837067873884
1.62199707833135,1.32066238081356,1.35300072843372
1.51431066985798,1.33765715046563,1.23758002266223
1.62042977195827,1.47362398920395,1.24972841794093
1.43853346819607,1.47475932491026,1.33745566629773
1.53088038148741,1.59976466983887,1.40290550823488
1.52267520484776,1.78256606001534,1.57494506726113
1.64868708506585,2.21288739430637,2.16030866045554
1.87461928971398,2.45402250029564,1.89927797439194
1.69511749575196,1.58410555783529,1.58396221108112
2.22965621021845,2.0313398161108,1.84590509139711
2.1116842339408,1.76360097049893,2.00584284265712
1.87455746029562,1.69004029090877,2.18204395137845
2.25818941341614,1.99696151387881,2.78025605149243
2.28022109246303,2.1813340565063,2.64937031258792
2.40195889082881,1.91766642277972,2.40933036974883
2.80904717465608,2.28833572129233,2.45875127976524
2.91202717302726,2.32779323074719,3.11808163592781
3.2455854516061,2.83469565029858,3.78504657457541
3.20291418490611,2.96056393600536,3.8643705140767
3.84090310293582,3.38597669967624,4.42523102431998
3.61460934055555,2.84851754581284,3.59179526539762
3.90179526899659,3.11058147678494,3.60680697356913
4.06771335099973,3.28785432509956,4.1509252811073
1.39086513043693,1.48544424644082,1.28153845101973
1.53663345187185,1.79375936987228,1.54519939740714
1.40339235788375,1.34395777341561,1.14166673670107
1.53101609966601,1.30860130079546,1.20592393942581
1.43707058626284,1.45392704175477,1.15131205356845
1.51361858433878,1.68090303479898,1.26937072217363
1.67805359352235,1.61635094860589,1.19793759419994
1.82658258241922,1.97759891037067,1.59138897678658
1.83870521153716,1.87326547666175,1.32005828891848
2.43170403761537,1.97570326408271,1.56589525183356
2.78112575543909,2.14373093320423,1.71267709566042
1.35532349994489,1.35721497664696,1.1876358965694
1.59760497570986,1.5254950202389,1.56267694728016
1.32035647119764,1.36013298643998,1.17038489832318
1.50823818643677,1.55817682128545,1.37467875251789
1.30437623323629,1.3388455372654,1.23828510719511
1.34400457023868,1.36548509103848,1.3541853986338
1.462891761662,1.47637096184889,1.36496957926969
1.93143885723879,1.79452982881238,1.80864361628478
2.2894311136229,2.34636476787345,2.09875396720314
2.79034542438576,2.80495454191849,2.54708820959968
2.75232105394103,2.80838113462972,2.57666315460406
2.77383524462831,2.83990282347852,2.57731664736575
1.38049894672934,1.40621869445678,1.22917143410831
1.8615110094362,2.06246839424324,1.64511200209406
1.8805125926814,1.76665116981656,1.58221600779053
1.53328472853905,1.46013618197677,1.46957619139742
1.96642523902667,1.84006331163859,1.87307120458762
1.96957520457487,1.9243589743203,1.93624566680522
1.94354873338792,1.89719668566985,1.89622022449839
1.26150949469486,1.32302767584919,1.23454406108393
1.30262461628599,1.40681362965105,1.26409413125375
1.2819872781372,1.33439421132014,1.32185888825944
1.36132676824787,1.39642682329765,1.41278487950257
1.27232746523846,1.36227886796713,1.36809535121798
1.28574686701242,1.43016877691033,1.4038505122053
1.40937344390632,1.49862290331402,1.6233259469609
1.52463921192389,1.61468064913283,1.928112372266
1.47842521451896,1.51167779988053,1.72224823723143
1.45017036929232,1.59241997800005,1.93492305006489
1.49759030122213,1.66841750666104,2.35710573922319
1.56907166722586,1.71271217792145,2.10300007402937
1.64405454415833,1.75845633705648,2.04806852159669
1.65225129278649,1.8127152558517,2.474825088292
1.19441448093963,1.25292301724685,1.23130911001984
1.25721546433649,1.23768303599418,1.2541997657284
1.13653178741728,1.25153935998762,1.18020955724758
1.17566582320673,1.34755391676206,1.26619137766139
1.11035989394663,1.19900934447718,1.0936104451229
1.12994186959848,1.1679684701116,1.07468239502854
1.16448625380368,1.26015440651294,1.12728087410356
1.29314638397586,1.39378871774179,1.29595573131818
1.26155420893992,1.2867896516595,1.17327825377446
1.2804099352863,1.33023851311037,1.1380946881507
1.49783084282139,1.49805403857285,1.40045338661322
1.59606072848405,1.56346968593816,1.45689691834165
1.98300354938359,1.89993877163329,1.90049892228954
2.00995778460128,1.95386976680891,1.9045954985846
2.04072700521302,1.99908068523308,1.89397031174909
1.43953402134457,1.35912498753465,1.22695065944102
1.8578474532039,1.7169031040159,1.67985290154275
1.84926854952407,1.78353697033111,1.68575542039068
1.85683607686519,1.76950303237732,1.69083735608568
1.12325976799036,1.23076841504478,1.13330271529487
1.17142196257423,1.27730945874806,1.17408213469519
1.16329958991539,1.29066381492963,1.22088678665213
1.21544608700832,1.3493902896314,1.30780144311884
1.20910690123284,1.34447395641447,1.27194463819805
1.2752017331797,1.4227657077634,1.32560736551869
1.34046798949129,1.5057046715399,1.48862347028159
1.41353419228223,1.73206968535411,1.6936997185071
1.48775337297752,1.73440450211843,1.76536704473404
1.83945146123309,1.90557659214822,1.98354766946327
2.19220701340052,2.29280462215764,2.42871551309157
2.16791862858515,2.24495593765702,2.37224584440266
2.08862165087702,2.19255626006688,2.31689554980213
2.63426190828417,2.73800177372588,2.91473019314625
1.15339911412257,1.25962741268856,1.20296446158812
1.19273298792253,1.29262744390118,1.28123809967978
1.19169342831858,1.29063281342989,1.21999596335885
1.2870379678602,1.39977439828031,1.31129770678859
1.22204927498906,1.31177288477702,1.27124389341641
1.34939692640065,1.39043894031152,1.4249792090683
1.29948848841639,1.44896090867653,1.39199664577511
1.13642367482351,1.25148305872807,1.16135394533639
1.17365882056155,1.3110249215403,1.19699924695613
1.11123869403075,1.25433759594903,1.1525343900597
1.16030325337551,1.29124185116823,1.22620938800281
1.10333415215,1.3372062194943,1.18071853498632
1.11806201849971,1.43341655382344,1.23307819575003
1.19305685002249,1.54263308603587,1.43171650286299
1.60046150767863,1.96201875740299,1.81984633576601
1.70869934623642,1.9092545906815,1.87280814035831
1.50838592775676,1.87083004647758,1.79301116134124
1.1283216213829,1.28563276519995,1.11845808920644
1.14251683545339,1.3315734529698,1.09504797322138
1.21638499941572,1.30258377693597,1.20155632413218
1.26149098528635,1.34049305895197,1.2864992362318
1.31225615551769,1.39077126398423,1.27899082762964
1.37302390675903,1.51544626700211,1.33644376127219
1.45299438953009,1.61731328853366,1.49643444484798
1.70173754375484,1.67641129930656,1.88455461754849
1.62033503788059,1.89560611193809,1.69512582748233
1.72963352766936,1.98988240820641,1.68157668578815
2.3558334074031,2.57770294146935,2.15273187893449
2.84997494383373,2.97462645758818,2.56731142725007
2.87672933975221,3.17815656675022,2.75482658516326
3.57747002361661,3.87355554529452,3.45052730711314
2.94407681156176,3.28119366097936,2.91796837787353
3.49682856861726,3.8505527010985,3.50007122684735
2.28407173068596,2.57264674026356,2.38320312996536
2.72133233269571,2.97709176309156,2.92916442046379
2.85447272859949,3.15390868327148,2.90166447151757
3.56100499755225,3.82765489903191,3.63732654890707
1.30553047844768,1.32487071846208,1.22850894825234
1.3992529501873,1.4465139656397,1.33480194415322
1.29502681590344,1.27214709800299,1.19461992865017
1.31862114615722,1.2760514443663,1.23677676455715
1.36053448080061,1.35474379347188,1.24012599301081
1.47892772039895,1.49022823854681,1.36701295699619
1.43782788411929,1.45206294658307,1.35144897303925
1.26775691781402,1.27540122341011,1.10477097970068
1.36072336807078,1.41516566005801,1.19432066545148
1.16280172513652,1.16330735257161,0.989630085821921
1.17412272482941,1.15151810368581,1.02236913078157
1.12697714820113,1.18975593971881,0.943764663930062
1.23015825785376,1.31855260879839,1.04731347584634
1.14259462206131,1.24747278665831,1.0085247253501
1.3620690591761,1.45894325563128,1.23152242402127
1.48791750943236,1.53846440119796,1.37475744638035
1.27184039117163,1.28901156094115,1.0659875706475
1.79183453437182,1.61855246115947,1.4915958824117
1.72404511938997,1.78236504936295,1.49894913457855
2.21352375350958,2.27025899105624,2.00050161821809
2.17753782254286,2.22648780420358,1.98140492471955
2.1832912101986,2.20080637690142,1.96738217756775
1.63388528748048,1.55889803754983,1.44371859179586
2.07387051684064,2.00463374897272,1.90888273443791
2.06360668420099,1.97229727365078,1.93256019819822
2.12525811652052,2.00260007916834,1.91882360303356
1.06357010475369,1.14368677566601,0.859283285977352
1.13363492154885,1.24589816354696,0.931891821089993
1.01537188899848,1.07519958745049,0.814258388078969
1.04785791118371,1.08782454592421,0.863963366285292
0.984889486160808,1.07581943213719,0.793557983776703
0.999557300022338,1.10869235415913,0.822112446791353
0.988112963446476,1.08120112207876,0.802922066712542
1.05814787751133,1.1346490974293,0.896438788570313
1.02340379505689,1.13624709499246,0.880797749734028
1.01378239093228,1.08511265365783,0.826843565975488
1.159779055636,1.13050875350025,0.998863781170593
1.21626498709113,1.2346851269364,1.04565984310407
1.66894495020079,1.65342619674628,1.51539521302225
1.66091837325635,1.67715379845732,1.58569386740976
1.68631867636494,1.66909772179884,1.53075406972949
1.17171628412893,1.25375832735487,0.991366799581498
1.62698625706853,1.65826392163183,1.47325577565147
1.62236326239091,1.68388432949929,1.52601710658309
1.64168233228954,1.72168099662096,1.50380885288257
1.03844539241759,1.1312386548651,0.873609354578021
1.1597528482106,1.26756512441577,1.02370591404068
1.07119568869783,1.15820372086406,0.927525319117504
1.12649823295123,1.22179202909973,0.981596193206512
1.14024631476479,1.22982798227575,1.05057199055981
1.28485300284872,1.33403544279014,1.2030833382037
1.32201708698333,1.42683012527107,1.30783451384252
1.78306289452919,1.92472165732757,1.75116373918309
1.64205541306083,1.73265500868378,1.66229183109068
1.75135205436726,1.88253240528613,1.73432320071748
2.14015428741042,2.27196264905282,2.09054817818925
1.02539511025151,1.13921102904932,0.911023863380153
0.982477910526654,1.13104751212527,0.853993617542065
1.10896735481028,1.19891681570822,1.02131028512241
1.26389726620274,1.33113125068742,1.21064417373048
1.08509835255309,1.16908753726489,0.987773554058245
1.0590028758542,1.15299513375603,0.956973389292458
1.30614996667711,1.34561164128908,1.23084950947604
1.81434302509104,1.56240831057704,1.68721828056709
1.52481752265597,1.44149544658568,1.59330928496368
1.59902745386097,1.48880507803102,1.48633200771281
1.99452798025408,1.66862156254238,1.80857969363904
1.97529941819058,1.81341251190377,1.93153340293705
1.99916901253513,2.01498003579693,1.99227387688026
2.46080727693813,2.02693654098091,2.40983383418069
1.00809310204547,1.1086932586549,0.923156876013795
1.1246057283573,1.21154644733136,1.08017780915232
0.913616442336351,1.0473949927154,0.820637587390231
0.947950803650018,1.07068203520425,0.83976898295689
0.87167488299833,1.04360529071542,0.829419727959545
0.943212400337459,1.15810182375263,0.976386020816883
0.882714629845882,1.0906908309064,0.932171117598207
1.16083608133775,1.66597120764197,1.41559553822009
1.31785395285866,1.63698365442672,1.66345378839568
1.81122687046902,2.18100319644578,2.17148681585924
1.87776404098592,2.14167315659869,2.18897596352731
1.7396735483377,2.12791380906199,2.17056157260802
1.01910021842339,1.44341689035206,1.04071771134217
1.52887348950069,1.93670960966622,1.57190696634968
1.57002796606204,1.95743869734355,1.58657880433764
1.52636827869968,1.96803613452387,1.62084077329155
0.83303058345981,1.0055877830402,0.735699147525281
0.888471010397173,1.05216798491946,0.778580378816275
0.806142213123946,0.997509339931384,0.708919587543316
0.838022937855119,1.03364645428917,0.766142964592844
0.787818443234659,0.992773543392856,0.680906769379276
0.833190009211577,1.05430159093447,0.726003760966408
0.85063305803716,1.06858369344795,0.762618666835046
1.35192896547696,1.51891446926078,1.29099544375776
1.3661112488792,1.52782708316382,1.32171841575416
1.36177580417667,1.49325316990433,1.31183156593769
0.762460983823936,0.957937187597564,0.669313485583534
0.857393372569466,1.02363064199705,0.781351517219516
0.773679824121644,1.01044658955387,0.696251691730705
0.837726801685018,1.09165936261109,0.754237912426217
0.795773234547199,1.07652605918683,0.769650887497052
0.793731674757982,1.07949114503364,0.799571233827783
0.853722421205681,1.16925628197142,0.822320342291977
0.919271009651175,1.23157933799811,0.876308609878479
0.936304416931721,1.26971650961948,0.937375947725563
0.83162990512993,1.16122560052772,0.783571050558776
0.870112811712911,1.19086830635078,0.783548599473374
0.947925629859684,1.25113282511508,0.841592820943359
0.899735648108776,1.23777493703027,0.814274412664963
0.978473481346069,1.32097890419971,0.876383985777009
0.879080212962606,1.24111547705878,0.840156482434069
0.852268375455914,1.20595545910884,0.837676114487536
0.952135344207285,1.30530808254692,0.97903157212638
1.02016891195331,1.35390460216028,1.06427196692386
1.04580222649221,1.41814109561863,1.09443833520753
1.18753767472026,1.55352754493495,1.26006998300728
0.970972381813207,1.35031709677083,0.951709435954904
1.05390430446565,1.4280011500537,1.01364837128221
1.04032692922462,1.43085818918562,1.06987615519806
1.15874568070257,1.56224923577898,1.20044026310529
0.85845040444861,1.16935384958265,0.867124966100637
0.933364204452565,1.23961455996543,0.93237842471161
0.908029075862384,1.25005431473501,0.974741639919625
0.922662205954688,1.26812781848997,1.01518169523437
1.02716786388239,1.39330584670315,1.11607664349249
1.0804866833385,1.43518849979423,1.15577119473399
1.10975497558039,1.44332905117166,1.15310263005218
1.17695200285737,1.40194452872398,1.0850101632574
1.21810645157921,1.60325863827173,1.22281688350002
1.30037380283271,1.70469706926715,1.32232072233721
1.38917946648659,1.75896251494371,1.32367394750019
1.125576508378,1.55998766164853,1.2931648323498
1.14474038821121,1.60094409879795,1.35402343200285
1.2616009798803,1.72993039704773,1.4540583086431
1.3102433807331,1.75187687627745,1.47086250437623
1.41240370162724,1.95731760109527,1.66776525385582
1.54436502411541,2.09697152376742,1.78291660471063
1.58347072559491,2.12009468872001,1.89227788612032
1.61241777669412,2.06892096701622,1.84898465370842
1.74110319492211,2.32109766218825,2.09294232166183
1.79832519520855,2.25562087352613,2.07847571582982
2.19350217914445,2.55100006628397,2.66917763198232
2.23306814223202,2.62929720151949,2.18808312605141
1.380008965074,1.96619633854088,1.6331515676869
1.48528067970448,2.12166469193645,1.78760285974127
1.31118516586992,1.85247489941029,1.49082773060146
1.29870519088398,1.7967250547949,1.43040020829482
1.34690911167828,1.87795262364925,1.48556145957284
1.3517751466651,1.83430184098715,1.42658702363296
1.57335746383416,2.18958099314283,1.70370420909689
1.65133762230295,2.32722723694571,1.83501893926454
1.65135055800542,2.21559542751739,1.73761281282595
1.72136173081774,2.40354972431038,1.81970905666134
2.10462851221763,2.75293063814213,2.18510954641823
2.06281714971184,2.72119756617017,2.18048733073904
1.25861024939067,1.74398677134694,1.42485106230753
1.36404906523372,1.8587859901141,1.51872296481556
1.15264900005169,1.5915666203089,1.34785314001805
1.15470683439894,1.58239212382461,1.35020307282192
1.12233378822007,1.54358289946424,1.342388189507
1.2346269086961,1.64442598493967,1.45066358170382
1.26253677732261,1.72072760056128,1.50238083739796
1.24691861169575,1.78257401260344,1.63457414443157
1.31921586265045,1.8116837014049,1.66590001105353
1.56346181094316,2.17880036856567,2.13912002985717
1.81495655738191,2.49148999173188,2.55130263552658
1.80790594485964,2.50714802665944,2.5698681177211
2.08290568728414,2.66701298822015,2.55164080178552
2.47279794497967,2.87410021954029,2.86078653090139
2.48853725985079,3.0076351254355,2.90718501444722
2.66085983042443,3.3481388248441,3.02925441183873
2.9376773325564,3.59015758106633,3.25129699485306
2.99997866969389,3.70684101249186,3.33571102171489
3.35049975352336,4.04849485788352,3.57561931524155
3.67199516221337,4.39572244613435,3.86783858616886
3.7274394356648,4.36965668728686,3.88223909933377
3.6803353418437,4.3709396387009,3.85789689533536
0.954862592871007,1.31846543661189,1.13801666858551
0.936316531626264,1.26642600839077,1.06423765030541
0.928659196914111,1.27856778495141,1.1271810961223
1.03346347720666,1.42368930076609,1.29053396844748
1.14908495012734,1.58069918055563,1.44883893858763
1.10080456993622,1.47262923824232,1.33708821625712
0.85224804356796,1.16167956385168,1.01162370690519
0.83082438017408,1.10873987845004,0.922618178850624
0.93522349234635,1.25954576456621,1.1312742820716
0.987704922030127,1.32169425720424,1.2325859852414
0.99911792081363,1.28207811041038,1.14024918901271
1.05273229759493,1.43193783908904,1.31189637494046
1.14825519771826,1.54776383333673,1.44802939095785
1.18308192033264,1.56403931881709,1.44785748686691
0.867233229879843,1.17310394239094,1.03893717498237
1.00010163547679,1.35254900423672,1.23717225611788
0.834943894152843,1.0760777749911,0.923431328161996
0.842114753081746,1.03618710062694,0.857518668734433
0.88305714813998,1.12029522675737,0.966523092558968
0.970089319854772,1.22823953824103,1.10198047163867
0.940141736359617,1.1460047525808,0.957901923374802
1.32887040870087,1.42831681078351,0.924355168126514
1.30751952734154,1.34916572166944,1.09802131430037
1.79644900644574,1.80345034904637,1.5960601177019
1.83683923201087,1.83792957011824,1.4625828711729
1.84705507635489,1.80872838079398,1.59012527118969
1.49434789936476,1.60262428633586,1.15087322847458
2.04441797658074,2.05140583641997,1.70305397798712
2.10049732847857,2.18910269869315,1.60535133479786
1.8514267422671,2.05097895159397,1.50075819997319
2.2554057509808,2.46851740827605,2.02267094424953
2.29971656641355,2.49591591816839,2.00838013008004
2.29671657951248,2.49632121582073,1.99302086026641
0.891082940423125,1.122950915332,0.953040604352962
0.890600893284399,1.09893766333169,0.904677840973377
0.992950766204331,1.25146332391806,1.09861122529428
1.05991139810087,1.34733409121808,1.21709540908639
1.09289372857163,1.34517341968857,1.17821656237019
1.11771390478461,1.35308814999079,1.2030569390875
1.27164178865298,1.55101517827254,1.41299494188215
1.48643916791815,1.71268103721653,1.71166978152764
1.57839546370355,2.01491389102238,2.03954928729479
1.45765035370115,1.53838866733125,1.35113117321891
1.76068572787972,1.9169995456591,1.8659146281667
1.66558578813915,1.55973361851749,1.47891035914285
1.65882115575615,1.76058033387599,1.56302747185204
1.94838925856278,1.62752799093617,2.00966452129979
2.15738767196951,2.3488087545015,1.97354983707456
1.11997097515716,1.34385476154203,1.11015642436122
1.13741116526911,1.35097636673502,1.07617628732182
1.1992929080805,1.40068850196537,1.15910751933658
1.25693127292256,1.4418104888531,1.2429572436714
1.27834289452749,1.45992079277809,1.14911977434487
1.21945120309487,1.39919196917203,1.06910119062287
1.41874307786011,1.57411080298511,1.2775322045703
1.93420914762935,1.90299514797895,1.65924716558861
1.79219209750235,1.97946103521113,1.66839640843552
1.37810178354318,1.55295288579663,1.19216385466139
1.97202876161549,2.02821973618804,1.6248762486492
1.83294245358888,1.93863892792382,1.60674038497807
2.33270843501855,2.39909102662375,2.06197582769984
2.33384820789463,2.37971382431421,2.07843152807701
2.28060099590764,2.34077900946763,2.10580568425606
1.87347744759431,1.95725608238559,1.56862782204669
2.34055834699341,2.35312485784348,2.0548616376228
2.33491196603804,2.4123409305386,1.98529911681287
2.34698495046881,2.40705250042306,2.04685505364464
1.40385101178497,1.56148584310141,1.22350229011347
1.44515940943168,1.58572296640025,1.19650700888889
1.52016157766723,1.66476508180706,1.37726039953263
1.52696634875643,1.67879048287804,1.43187641366114
1.6885972405177,1.7957103936587,1.52341457905826
1.790471107622,1.86964698842623,1.58456442779775
1.86618912090308,1.9312352431626,1.76389358043785
2.03632969865089,2.01754360701718,2.09439263880712
2.15168736048622,2.06688804494119,1.85998063036205
2.15128712457696,2.02409303447515,2.32957922350487
2.50133085636283,2.21256217858473,2.79460653132999
2.43007020068536,2.08842928068831,2.69115451652239
2.50721136715544,2.38803052446192,2.75851656219571
2.92286901101042,2.81897125214355,3.17669591804821
2.9555844217472,2.83574244500755,3.25236307681733
1.65206516881194,1.76662196972955,1.45674356889191
1.76459579345809,1.86271673095878,1.521387163996
1.5400300896051,1.66772090969784,1.37895764069728
1.50389499118719,1.6313016812251,1.3922410766568
1.53314093348646,1.65095879949719,1.34771895634128
1.68050186157297,1.78021103007426,1.47317334363992
1.500966507185,1.61432035842334,1.38482395836203
1.62856354594463,1.72711254896216,1.54620622271549
1.40948588480352,1.54105336561995,1.34438886251626
1.56619884447127,1.63182105307826,1.42203805500403
1.53428987489586,1.57487257838552,1.41769741772263
1.48052536102689,1.53317275715488,1.39995388875291
1.71165413499304,1.67779890994009,1.58617142468111
1.79033374278375,1.71840301268913,1.69010213020282
1.90064430099898,1.82576671089309,1.7365070988827
2.15310637912692,1.99725073116073,1.98805773446658
2.41205158067771,2.27219266067321,2.3051905225719
1.79487633643751,1.80492741602096,1.61451476867654
1.92781830854121,1.93617136524978,1.73817742553832
1.94862133661315,1.89345477806415,1.76096595853874
2.17897909036794,2.08261721012065,1.97127995215063
1.46129242679431,1.57309889302468,1.21719961933764
1.55677910585124,1.64997017505931,1.27624140691192
1.33256941410288,1.45999431434896,1.09349450105759
1.29349414314503,1.43079983426854,1.09454715500998
1.30445910279736,1.42791433838536,1.03801425243194
1.32808293545799,1.43460574418504,1.07827462368638
1.23511583198922,1.37113477114138,0.99783232653606
1.50430556463739,1.59881068757104,1.32231761426954
1.61118773122957,1.70276141418115,1.45757942072212
1.31034315241494,1.36138490221357,1.16207863393174
1.9991373544059,1.83096719216157,1.93086338602865
1.67178497594158,1.53060201970288,1.41688206188385
2.12434865087715,1.92580654221062,1.93621336282176
2.14919471667882,1.98713524349564,1.94027262992665
2.19328367282616,1.98329285844044,1.91780290575794
1.81955445882291,1.85024242358415,1.87695791134134
2.32487596284429,2.31039964488286,2.40556477487459
2.29277041365188,2.29713837943003,2.37518427789821
2.27799417279776,2.30033629007298,2.37210266548275
1.42887248815148,1.54930145799754,1.13001793758263
1.49829964579655,1.61336926644352,1.21325678368155
1.52236413724617,1.64801090404262,1.22152981461038
1.50544014177444,1.63505397859421,1.21960921768366
1.70156344879496,1.82357089109017,1.4037707378231
1.70838680512978,1.83872731474939,1.42492372275161
1.83732429512668,1.93771096099803,1.5601944935933
1.8656524410885,1.94379456121596,1.60054074738618
2.00546787098033,2.10583032897091,1.75821032188514
1.82479934624143,1.91901458736396,1.53820768437258
1.99951735733525,2.20449734642065,1.67299648462412
2.18961960120295,2.10166538143081,1.8656274851309
2.08475991925469,2.2094601428509,2.11610506340149
2.40834061930012,2.60984406284802,2.73884803453116
2.41977424162323,2.64956434046197,2.60632238401477
2.44611328491657,2.235879528089,2.29288741356384
2.70894934224056,2.24136767455235,2.3385821606909
2.94753570248507,2.75570245037017,3.05841368790522
3.237545599332,3.48600694286748,3.79953495564651
3.10624278471854,3.62166286323215,3.84536304357527
3.82179094163521,4.06551340770767,4.53303803173943
3.59271884174346,2.94211281375671,3.54561767701373
3.72294170421097,2.81342172721518,3.47722109146952
4.10537944390528,3.4511536760941,4.22609023302419
1.83368168905985,1.94568091289311,1.51414668147779
1.96510748153783,2.06427358166607,1.63458984433888
1.84215949195595,1.95619503907278,1.5326404380121
1.77940327523089,1.90719904438375,1.49160042953661
1.99770980916651,2.10309697486318,1.67896019739359
2.14899204430901,2.24397469770459,1.83279921869475
2.04989014514799,2.17592660650132,1.78123280575798
2.35691473765464,2.43390143249366,2.06546093458764
2.29109223527115,2.39692150463252,2.13092098051283
2.29867742177461,2.46916191299698,2.08589748286616
2.00076136534576,2.08119387319506,1.63455286561351
2.17943713301916,2.24220334326611,1.79245055480209
1.85799020703318,1.93125169074555,1.4849216655492
1.75596545637465,1.84829024655638,1.40801998628975
1.90305800344344,1.94250248633888,1.51052178705441
2.05242346032992,2.07774281634276,1.63707416900988
1.87334384007269,1.91481436634457,1.51648267937847
1.76093724083563,1.85336446896409,1.43300396613807
1.96797988392486,1.97875227851275,1.61755783319869
1.98053285356237,2.08528748872883,1.66261666498235
2.19638544370855,2.31045246759178,1.90023007337733
2.04292942742913,2.28197863074474,1.81521536756424
2.11443714337702,2.40623360370731,1.94379141900024
2.14693332338736,2.48414750113126,1.97737869931956
1.85699375528973,1.87055228812472,1.46489630433754
1.91610400920146,1.87794857632839,1.50891996950079
1.81882659650399,1.86087143647742,1.4564645631844
1.84394647335015,1.91002646311442,1.50412619964919
1.7969399552702,1.82928506461748,1.46292855804603
1.68147934904481,1.72988857808607,1.39069047635392
1.86428267691815,1.93119324758924,1.568579493184
1.85583694632952,1.94436525466752,1.58417384362294
2.05322096259847,2.10677512438691,1.71295183122251
1.96427297022017,1.99813364337423,1.66327749466617
2.19635733954185,2.14771947692802,1.79801927734541
1.960813102729,1.97839144658661,1.66938999603728
2.0836982703392,2.1440296705168,1.82603413758129
2.42390671900699,2.50651724665172,2.22440977034404
2.42616035174478,2.45891359798744,2.19818741750651
1.94769715170643,1.91078786761629,1.56919340746918
1.93851098376185,1.88437441911454,1.58407059328293
2.13777372161489,2.0677473517039,1.70481431039869
2.18097205134559,2.1380956066773,1.74716095790613
2.3165328162555,2.19393281932687,1.8579150210589
2.33141706707335,2.20839550313324,1.92225971887249
2.54201869510263,2.41164556528527,2.05177916213529
2.61932274880354,2.46753848274271,2.11886893985103
2.78250351051016,2.62883543444246,2.40064494163864
2.794304448732,2.88021821871708,2.51652898163763
2.95465404547677,3.1915190842231,2.83357327082774
3.10601558124844,3.21574791889297,2.66915324137609
3.18735948775008,3.40756283246732,3.41140447718953
3.73081515029151,4.00850678668563,4.04033922481513
4.05538770965373,4.31153265127832,4.3696326006026
4.06446620225156,4.34772505442289,4.3857084674992
4.08160570833316,4.36135852780979,4.36965454144977
2.35126296214556,2.18193912321435,1.85412569793614
2.44159499178938,2.2310488184366,1.95362880583117
2.32889954958256,2.16831409589402,1.80663505872011
2.29084201293436,2.17200532291373,1.77333319071508
2.41065131735262,2.21204634793396,1.86640217775239
2.57542331005784,2.33953117689335,1.99783135136322
2.4679804467928,2.28579463249534,1.90576584896584
2.67516657916033,2.43706949266695,1.98033050596062
2.53656061024851,2.47107021436438,1.9507450722073
2.97164690264662,2.67500665058875,2.30633158857045
3.33971800025426,3.00853820195103,2.58070243619449
3.28187535812963,2.95789478612933,2.66872239904044
3.47752648102963,3.19798010197374,2.72774232799101
3.82518311519195,3.66651346801266,3.05561905864691
3.74912696239036,3.53020289033586,2.87336029353308
3.85884050348016,3.48856616226316,3.27952006272418
3.84251453356661,3.48705382024787,3.4106693701638
4.64794355647628,4.24158552883718,3.95369444611929
5.16181992067746,4.76523191649223,4.32188330138716
5.0151017797895,4.68943266180416,4.10579807970513
5.87965972011786,5.43357856428056,4.98112934333841
5.26273696418359,4.85163246530392,4.56850917408105
5.17698931057226,4.83543429939006,4.57324729481371
5.95439452095757,5.51224205608743,5.14199121977441
2.31161947317512,2.1071629940149,1.81545827553494
2.44930414320248,2.20393535106346,1.9486555068358
2.10262210403802,1.94698145977575,1.66205434075212
2.03014630810073,1.90699843038499,1.59577376206926
2.01607635343887,1.86775877403144,1.63528415421053
2.11911033707288,1.95172142469628,1.73385450614912
1.8103420264803,1.72561106563908,1.48093810682458
1.76384849084793,1.70190058846848,1.4385714263861
1.79027657339963,1.70987836273357,1.5099875709595
1.79936577589673,1.75229007933933,1.47663476524159
1.892020509236,1.85500384600735,1.52394743752072
1.66614338639753,1.68030013717377,1.40469104480779
1.95447101891537,2.02207908742336,1.76475346069411
1.95993202131033,1.92008970506752,1.75054654713917
1.9271884891822,1.98193404790207,1.72330863435494
1.9744043765565,1.9145628230215,1.66327938926601
2.27549101348359,2.2254675812887,2.02369793352498
2.26007118892987,2.28040712536076,1.99270197354185
2.3158430499701,2.18553579573094,2.02810238631434
2.06936646095927,1.89925296182154,1.72163119617306
2.16471107229828,1.97576668721312,1.84668190103321
2.07321346986996,1.91008825450112,1.72859443780824
2.03684918895495,1.89515723847748,1.67378850067143
2.19168045180292,2.00801258422455,1.87883113761567
2.14760350484103,1.97628788982025,1.88551663673242
2.21144460962975,2.06022365706497,1.91009449684296
2.28005868072119,2.13816741314843,1.91058214362925
2.36901580222174,2.23864704312657,2.08140553478911
2.08852280391668,2.08976461211403,1.82053686009381
2.22412752656872,2.29537264004419,1.9921781858777
2.17145493958525,2.22904482966855,1.87916585138103
2.17473992209838,2.25261971712824,1.94020332361641
2.43407620900593,2.50461405278626,2.20024691616077
2.48687423268025,2.53919792359916,2.30591061122782
2.33124750225855,2.53754006558188,2.08646335213162
2.58806166890804,2.82497271447421,2.37235934562618
2.59075068665697,2.8405998503965,2.28298400471199
2.55752917386575,2.75512631472636,2.3290008615851
2.80408979159431,3.01776220044507,2.62610382551805
2.81507401668318,3.02111809718444,2.59958886479615
2.84380210822418,2.97539326205175,2.60612423380613
2.43112617470296,2.1871813629913,2.08306834947859
2.5501534437113,2.29604607173575,2.24051483981469
2.54458226480613,2.27082087423147,2.12154650218276
2.48757878654019,2.23413945366637,2.03051282417129
2.78524962989182,2.46405008321281,2.33075010354139
2.88897955531599,2.5570693531293,2.45731790466963
2.91389788730525,2.59358138636924,2.4051064815002
3.01710026844229,2.72239332262887,2.38674124749741
3.17649231621272,2.82588502797958,2.65671838901777
3.30514491047384,2.88077553768619,2.73263850663197
3.50443581715676,3.07652827747155,2.97970743851918
3.60790026341779,3.1677826837627,3.03821387829771
4.07474179254128,3.58375685568972,3.3092171521112
4.61816581755303,4.05194007791558,3.85557165308951
4.91857667150681,4.34708302631693,4.16458942377357
4.90554649209457,4.36892063152305,4.19372571523789
4.9347059536569,4.35403775961536,4.1974826418944
2.8628072102132,2.51396966456186,2.40451047071556
3.06881693690779,2.686228761746,2.61605278826737
2.74205064246036,2.41490738175411,2.28644947904404
2.60805200918124,2.31402541172529,2.16098391532264
2.85074230409709,2.50442874412238,2.39970957774459
3.05102072058975,2.66764427319893,2.57908149857967
2.84031278878248,2.51097648999482,2.36225916452957
2.96408606338814,2.51571339947089,2.60444735152324
2.95029549482938,2.88036746835396,2.59614615509154
2.61637332033294,2.86425690602221,2.57283988896876
2.59052857404707,3.11592923153701,2.70146382461647
2.78687612668466,2.46541360917096,2.41342565288285
2.92664468547061,2.60672412080527,2.57381504661183
2.62436581119376,2.33466656522541,2.31015517004442
2.56374299346296,2.29055063511696,2.24698215354694
2.59326605043218,2.33593934787038,2.35705147961419
2.50991520269825,2.28148218812377,2.30949465605525
2.86555337237841,2.58880361714632,2.65735507538249
3.05209422653319,2.71271833939171,2.87196518160083
2.9678126419079,2.65086449631116,2.77677623969086
3.10603542934874,2.81995452223712,2.93161893111369
3.43377349146167,3.15998992349197,3.30607239188824
3.478167123115,3.15851182979757,3.33264827619804
3.73727300169155,3.45191023613691,3.58615189873606
3.7766818291035,3.39039383045596,3.67147152473858
2.44827819203441,2.23140815438169,2.23684904750722
2.54984348447382,2.3557376719043,2.36697063409493
2.26689155498307,2.06781439016536,2.04397364317195
2.24461835148818,2.03423364822063,1.99217476825864
2.1777765677548,2.02195636054162,1.97920196399871
2.26432421328867,2.11593258206768,2.11797181418478
2.32525860097271,2.18729183223069,2.077750209913
2.42476705462668,2.40217315380774,2.05647703196552
2.43843159543895,2.3239061943642,2.17353911628535
2.61274117818201,2.46569882411573,2.38372689144148
2.80292907700194,2.62228297577582,2.59421127272107
2.87507491609029,2.72111392230728,2.64713066257401
2.94778547840767,2.91834000052243,2.73870989402673
3.17898807162299,3.25472921600921,3.10074261826011
3.43943789055495,3.48676773137786,3.22414763263847
3.53079781260199,3.64447263543898,3.37915424609474
3.9062542545404,3.99708931134443,3.69301217380737
1.90855335097322,1.806991537689,1.72154942488706
1.85789387731952,1.79713107830816,1.67604810653316
1.80030110423929,1.70430883114989,1.62496045309
1.91832848229035,1.79404941971882,1.75395021080305
1.58554328000303,1.53944593458931,1.41563908744252
1.5662736316848,1.51489678380471,1.34672154285235
1.62925345892461,1.58624165398714,1.47043348095259
1.76550905171149,1.68108357448491,1.55509146354653
1.71693436069039,1.68216413983676,1.61613726053244
1.51498087677218,1.51267499776008,1.36211861371121
1.53619047974262,1.86618163876978,1.46583140138253
1.63367876375733,2.37623671101295,1.62356752155513
1.54989015653417,1.8954248899146,1.48934732212764
1.67397153971009,2.42908593200605,1.67759863283649
1.51752374478531,1.55837379384034,1.38502360999716
1.63463239601839,1.67355487883227,1.51130042068702
1.86081128234569,1.92396461747368,1.73225325777667
1.51292644654292,1.66763053426994,1.3118743679377
1.61401471347591,2.11379893246901,1.39194263919711
1.49823800822556,1.67720286922839,1.30738518967654
1.571119138432,2.10951463257375,1.36283928327539
1.45950923671801,1.48362757452367,1.36149388461702
1.5315838924617,1.59491970068791,1.51784973068092
1.35567269640325,1.41217423262004,1.24258660821983
1.38384034756644,1.40749267953908,1.19863057943213
1.39473471747902,1.40314725396529,1.19805697169251
1.54293409655627,1.52493820499952,1.32697769529783
1.31341850491894,1.44707381424712,1.26682280013256
1.43999623217451,1.59622936735134,1.42940030886445
1.34366569695896,1.4777068068554,1.26115024795129
1.57853563563657,1.72302117450194,1.51358699715383
1.561808040262,1.70255756863766,1.51601351120288
1.41074821754665,1.4919532516202,1.27209815743584
1.70080933618481,1.78836248365063,1.58670334134852
1.68399592792979,1.71930554813351,1.5710841985811
1.24455672372991,1.44163784456381,1.24569327011742
1.24819649330633,1.4441622329986,1.24460981569229
1.30857219968919,1.57114962872477,1.36289460596676
1.41746842483637,1.67644833493275,1.49140160121144
1.33657259947787,1.67065838159371,1.39382918598407
1.36499465794816,1.69836951191127,1.42599581874842
1.55877007206509,1.92022805133024,1.65678490615481
1.81843014803762,2.12105856329489,2.1289865490494
2.0844972639093,2.49513838831277,2.14256030758883
1.86667517702292,2.21709242609396,1.74308821803183
2.14670661201313,2.46001446030954,2.11616786133767
2.1344678375397,2.51613911460301,2.06655531983984
2.69594667516541,2.96516918481259,2.16575709437699
3.01124816934853,3.25622604906009,2.48382248959865
3.05266396051548,3.41094994126153,2.58176515850052
3.48207740337668,3.56404780049129,2.59257563509191
3.59282301438571,3.696907998831,2.80243082386305
3.83887991356386,3.90458874267381,2.8956145238858
4.30772599903116,4.2687977719807,3.16704482973232
4.65565828483448,4.6097569754689,3.48305387556649
4.64139788997074,4.55407928150045,3.45333465089716
4.64911365343034,4.59158945225471,3.49501210374485
1.29497105396417,1.67901518857442,1.24409289833152
1.73516695767238,2.29647015580685,1.27968131652318
1.12642912694755,1.41452404417232,1.18864551519243
1.36444555887469,1.65548717972103,1.30944415885792
1.0312773398351,1.33067161383853,1.05757498286361
1.00250363467887,1.28653464855956,1.00806015006884
1.01580562210465,1.29243255766776,1.00550061279224
1.1399022093707,1.42355385190952,1.12880345258563
1.08955910184528,1.3044149151406,0.954920913582095
1.52513019351219,1.70411740506314,1.46218695986465
1.60329057976789,1.63935479844165,1.37186219312631
1.49040790965367,1.68585250431659,1.3922695894831
1.08324184451092,1.24179911921896,0.992504756702611
1.44587796371868,1.50675033853017,1.22890348650622
1.50457062382627,1.67044399717864,1.18939009472178
1.68560454433757,1.76909056650491,1.52244726926251
2.20963874141542,2.25677922518712,2.02437969693786
2.17951887816269,2.28775756263484,1.99503585766843
2.21486286785714,2.26515677406398,2.02343761730097
1.08980066481436,1.46696020707463,1.13728547908563
1.2321168637738,1.65207646372295,1.30174787842522
1.05930341904464,1.46385908338083,1.09919357634899
1.03668200147378,1.40777327032837,1.06052155565167
1.14542820752608,1.62666065935257,1.18466033116235
1.25308648815763,1.77520149886979,1.30869557013284
1.1854942708888,1.69544621517619,1.23142535308404
1.12754144890681,1.59524132896472,1.15607238852276
1.29619390989211,1.85354033589335,1.33942725605279
1.31084459783477,1.80528732340382,1.35874057499061
1.75967227593436,2.00409493428007,1.92262357426059
1.74536422579919,2.31873973160166,1.64898274733442
1.13667846127727,1.62099706416267,1.13710795005666
1.27200727745777,1.81742462260887,1.26424019014357
1.02951147392085,1.44670967767413,1.00603895134782
0.978709808613284,1.35008410363144,0.956622780561409
1.04419766363399,1.45147703287097,0.993797999041829
1.12068597224437,1.54768681244483,1.07076322120124
1.10778382881042,1.59391802912673,1.05525177946188
1.17843622839299,1.78123246475641,1.11050624979265
1.21161865040473,2.17714013086677,1.16068528972843
1.02594665475012,1.72119170976252,1.00239135361812
1.05215884858587,2.50658543266063,1.04533964514714
1.1520201731779,2.93431393229977,1.1297486295366
1.04374551577312,3.1669938296639,1.06918938960473
1.13888300287731,3.9319108608749,1.16513913690732
1.01588370197802,3.17597178039505,1.05308413933303
1.07172229288522,3.87962017396493,1.12333796618628
1.03013384835164,1.95539861907502,1.01116504980444
1.11617812924545,2.11552931532619,1.06709817491056
1.02561400031315,2.68035525102014,1.03443431260455
1.10881591226049,3.19033371603703,1.10326566383579
0.9537605020438,1.30054319175138,0.873178331109704
0.891483267064879,1.20457254564696,0.809329167268597
1.00188309420006,1.35834278168486,0.904412956266576
1.10055293909455,1.49588522568714,1.01184387897344
0.971634616793227,1.28056032429723,0.854222769151945
0.910094013774518,1.20609916909762,0.78925256428349
1.05181103585907,1.36394750368817,0.935542966990403
1.27870017007547,1.48608520431852,1.11291974380371
1.22808692909834,1.38473489205314,1.03586160670512
1.67837201321248,1.71004775264867,1.51815382004778
1.66569228141341,1.75851770899966,1.50621364369145
1.71207108414229,1.76939495715597,1.50968782307059
1.25558361936154,1.3856076332162,1.07873794024119
1.70538553320709,1.69314203664679,1.52683446779405
1.72459323474155,1.77607851319688,1.5644647430014
1.70205463746991,1.77203462759801,1.55555388963417
1.01154042829747,1.29522060189887,0.888293108409333
1.12492540891958,1.43179899458678,0.999014304866601
0.959350928194257,1.19043659942181,0.837971218256465
0.924874964822893,1.15051127042184,0.814514054760715
0.966589316812829,1.1449929277709,0.84677247237615
1.02297437822719,1.15939080408086,0.899702341628617
0.976344974289732,1.22143461266163,0.864923970608129
1.04528327194896,1.31103672053825,0.930338121689878
0.972805862312252,1.32552384642516,0.869369651675153
1.00510202760748,1.21301558261434,0.895034180437341
1.53684401143417,1.74243731819894,1.44889227893233
1.45452779104346,1.48062850419145,1.2142532057075
0.941428710587096,1.08017636454091,0.824217177614624
0.992494745565292,1.07630451723633,0.868229946691601
0.953222356225323,1.1076302792817,0.837287312020951
1.0096955133188,1.19018165946602,0.885473077385714
0.957341614099591,1.1042211819274,0.843754597089131
0.981872181621486,1.1247602757168,0.880205330481172
1.12825594486581,1.26517625457626,1.01481540773964
1.61882570771718,1.73680421680656,1.67726735728674
1.90567433014767,1.7948997981939,1.57509588630569
1.25886392217117,1.35372191516735,1.21061568879947
2.031434036159,1.89947485628711,1.80482713118982
1.74791919152766,1.76756636438335,1.85264103986065
1.34021427771883,1.55868279174171,1.2689254926315
1.68526594984292,1.82036475197676,1.45782929575101
1.72251381443651,1.80814642706393,1.48404275694949
1.35873425270614,1.81559495483126,1.38028114096128
1.86514264763117,2.26003654084573,1.91979686668415
1.86508314075425,2.25369739356975,1.70180104434012
1.72338273054777,2.17256010938699,1.87381086749736
2.19000489280174,2.54357822215331,2.30976447131193
2.1191229311628,2.54760115970825,2.31667875288744
2.17687517389146,2.56397545465708,2.32620047672388
0.91747508045695,1.02694809490402,0.78975147301035
0.978116488567774,1.06922307349765,0.853739566924295
0.929195763685477,1.02541269872627,0.784917764250743
0.991797001459777,1.10284606606128,0.852543290413348
0.963711281310649,1.00192812391387,0.774571414634647
1.01033126415251,0.992670395693627,0.791488199243405
1.09060001110547,1.11229220370464,0.830256641314787
1.26580363062428,1.2689187022594,0.884629305688496
1.22502330777255,1.20245160101813,0.899816179677244
1.01178752120201,1.07945991423557,0.836554325385282
1.07765252027145,1.26072562304888,0.907992785296575
1.27775023406843,1.53847251838627,0.997594176134517
1.09587925987535,1.37489422734938,0.98031039209622
1.27092521683848,1.71081592695763,1.11710096199368
1.11105016795268,1.31950834454653,0.987350096166509
1.23294241568049,1.49026760389794,1.09690573440618
1.14020456508412,1.27666999369969,0.900711749061442
1.34080093944031,1.5648216698518,0.985543357212201
1.21105832145415,1.37904700851527,0.973522275523425
1.47468769675965,1.70370827245396,1.10379515180896
0.933337291662949,1.04141082764657,0.770642016686222
0.967613409839562,1.20788962584974,0.828035753951261
0.929063991072703,1.03361382816046,0.761431693021048
0.965949992238015,1.05337002934156,0.782313906753046
1.02890635369023,1.090213784812,0.856736163571617
1.06846151324011,1.12819801213198,0.851692309463856
0.929877739845884,1.16391682247841,0.784278819702619
0.940832194713339,1.34213272159806,0.836993771202049
1.01285102533963,1.22477650675274,0.839389222735702
1.28557863093757,1.28948630753805,1.06230549039597
1.19233746102226,1.50991478829403,1.08532436598468
1.01390330474404,1.27182251645702,0.854962097983978
1.2765036235248,1.53564678208433,1.15845520027222
1.2288426784634,1.56155586839266,1.08826133982396
0.930296002117548,1.18581123213113,0.77603102365256
0.98203073413425,1.14502856439149,0.789193960081305
0.934498823039942,1.37039061932498,0.810942409309593
0.965494910041655,1.51512011969837,0.86048646349737
0.934834890366503,1.42858236773504,0.804449531043124
0.95924826447231,1.49059809387682,0.814975006274294
1.01744555171384,1.78445387015279,0.868864632702888
1.0828191033322,1.7961077866545,0.939293484066705
1.07595988654427,1.80973957151419,0.944337968220426
1.09159968170989,2.28461488577121,0.912815823393695
1.28768763176173,3.07388329161793,1.12343543558641
1.28591504643706,2.48867976386623,1.20677795706688
1.39833993761138,2.05739067165735,1.1492010646116
1.66999157474186,2.08265323677464,1.4809549190669
1.69212725729217,2.04930067321121,1.41807255791532
1.50351680082564,2.42407070233755,1.21338377717674
1.5077481263156,2.74606734607999,1.23142821485451
1.68814053919647,2.63259827855158,1.34160964004106
1.81364789552577,2.60706835403275,1.43864414041512
1.7833043837602,2.35622662176968,1.42544106377012
2.00037909647174,3.0043404556297,1.58260084637175
1.86264184478098,3.18664609541548,1.46961765558096
1.86897306805788,3.41025065519575,1.47713551819714
2.04938834552493,3.50831646520666,1.61329585436308
0.895569050536453,1.20356728661949,0.805973448377914
0.931152906618459,1.13888091987672,0.881522150629719
0.889569001236482,1.17889809313258,0.777871018172746
0.939618099833594,1.32956215518611,0.78588860100765
0.874731518212657,1.03843980463666,0.787047549372419
0.906442661832094,0.982741335083126,0.830305641705119
0.932527402901019,1.17358922953762,0.78629936981123
0.995790300611356,1.28371135479162,0.850758041044955
1.0038318239344,1.29557031238231,0.826457107249044
0.936332598598588,1.14213471566626,0.787916666074908
1.07739424951648,1.24822762681958,0.898108445699168
1.21888628051012,1.35501240219886,1.05769406111334
1.15635223451651,1.35587427819042,0.963938291663046
1.35400004126624,1.56011111892885,1.16253222766039
1.09415210633983,1.32138885642006,0.930142689086897
1.20913167888431,1.45833561624662,1.04057784335102
0.950462795508606,1.18492613342688,0.888635505718767
1.02430988473376,1.28582625492616,1.05189203843111
1.02038947868805,1.2495665437805,0.949141975708283
1.12750723013989,1.35919272553557,1.13827188274295
0.868920043907556,0.971178116956905,0.829228827923414
0.899754370769409,0.913256329811031,0.887684887119817
0.923261661315856,1.07482162009815,0.871709861864825
0.94891499876195,1.20471721935449,0.873209202613056
1.02373127744052,1.09089569632616,0.990338491792451
1.08232194188226,1.08537170253864,1.03506597358751
1.12203413237147,1.21827186685989,1.0526061328054
1.65393644812692,1.6995534316038,1.54481252354929
1.45082173389511,1.56977804127976,1.28663306999307
1.19748192721199,1.32936777304148,1.19846630770901
1.87368490109345,1.9045559595917,1.8906106904282
1.73553609972661,1.74875819278992,1.70709317237067
2.22866602204691,2.18355543550348,2.21448575343247
2.24808769727384,2.20706560506324,2.21604645716492
2.22910213045112,2.25416476793182,2.16930860297722
1.74904085379348,1.89345895819423,1.66189530462019
2.2833240856936,2.36407898224871,2.14570147402004
2.21737337664897,2.35178097797976,2.15201147137183
2.26647091450623,2.39206106864873,2.17562644561843
1.09551745771782,1.11427352908292,1.10320945536334
1.26438068068775,1.18758065792866,1.25884580786723
1.0744744275577,1.14779257058973,1.11817266856157
1.0740600791138,1.18349530375382,1.11015476008944
1.16618280397857,1.23226678178014,1.24393172653131
1.33336617493019,1.32026012719685,1.37518532425967
1.32486445609131,1.40892960440757,1.3851362708395
1.75028688226134,1.81324770110757,1.77820009518774
1.69955311069398,1.78751133215311,1.76353725984258
1.73859358295614,1.78202912880067,1.76904846076962
1.05050030799446,1.17059950668288,1.19305961225178
1.13408178506096,1.35151087574683,1.35114642743266
0.994016800367504,1.05636608465475,1.08275732723153
1.08743401419962,1.07829752708284,1.0954748333611
0.991512420160399,1.08537507817028,1.0920972221347
1.02928683004305,1.23958211374805,1.17715701047908
1.23428339971388,1.15920964339623,1.29727580086197
1.53303683499666,1.36010782045151,1.57303659236019
1.35154007615445,1.47603964408204,1.39996084459589
2.18583638844002,1.41383544738788,2.6230550039657
2.70261553576984,2.06688534862899,3.08606122770718
1.48928272604907,1.06118072488649,1.82241250595607
2.41712664364589,1.46116643024359,3.11611710632759
3.04041460779837,1.89646969346239,3.88367873993443
2.17794892091938,1.70809891525483,2.9342161130747
1.7646234685594,1.65624131511682,2.31691469944503
2.1475240630924,2.42498140390452,2.71669796926442
0.991558003751422,1.03398130402715,1.01545036281847
1.15437806493137,1.20129242460403,1.15477048562619
0.969762709639746,0.950001753485117,0.937955325360227
1.02478045785296,0.951559900349984,0.984229634379908
1.017914567113,1.01040168590778,0.937485123409623
1.08002941567958,1.15487339110779,0.997963641952296
1.07108362910196,1.07654704502985,0.947319563961046
1.10392384741284,1.25611899546948,0.961748043208513
1.20278698522919,1.35140701988369,1.04345394094947
1.59756378259672,1.76218279980316,1.5021695165365
1.61109460301675,1.79472710911763,1.51197818501435
1.65725460973726,1.81566056646178,1.45090589718139
1.14561285110035,1.20578063471286,1.02292546639816
1.23966246032577,1.36567999359285,1.05800997797328
1.3887954160927,1.52398686485808,1.14669377080987
1.33862847446008,1.38292434996509,1.15239843574514
1.77435802733952,1.82080754498714,1.59110409112045
1.77351793140448,1.82072729703004,1.59354228822915
1.77830376164835,1.77805319858495,1.59495827254326
1.08341690558847,1.01731774444722,0.978736130251061
1.15661135158623,1.03563794731603,1.03123045167315
1.17618422758637,1.11625884985716,1.05957208853099
1.2407563254714,1.21770584448778,1.13011365903267
1.27785092949327,1.15988998165928,1.13670831100742
1.32881020175661,1.16547240416341,1.19452020067704
1.4812710467282,1.34705358361362,1.34616586549198
1.52680464778404,1.42347874759252,1.39936391116634
1.63839797925763,1.45991892918242,1.49242284962984
2.00967324626423,1.83140754827281,1.83520552375767
1.96169115035655,1.83376046902343,1.88136278041352
1.97680972983983,1.80916496029858,1.85526372782961
1.64017813538593,1.48769476945927,1.53066223105979
1.92132604954211,1.84782383277183,1.81349287292007
2.02484882902135,1.81267631487016,1.94484022915399
2.07392641577438,2.05810722926209,2.08777200289196
2.50681311857622,2.51928736878581,2.56101867554534
2.52694846426453,2.51283000223095,2.53728439502105
2.49404143200035,2.5467263343993,2.5468570172692
1.25662669125447,1.13471433963194,1.08464158731665
1.31054175938692,1.22969069749781,1.15898520344308
1.30389561147677,1.12171100952051,1.12081738231298
1.42648323034558,1.19862597834732,1.26087252266864
1.55555482339959,1.31248217108203,1.37981108081298
1.438786978935,1.2261840927656,1.31474465739197
1.37156145076329,1.16115939519467,1.1711271066032
1.41557793025698,1.24161144123215,1.24449215348124
1.5694126970756,1.27898602342598,1.42805768967089
1.81368587391632,1.5723039538573,1.70282650831132
1.81225573501382,1.50102863050577,1.64902229103859
1.60124394098323,1.3547189547573,1.41183255449564
1.85323852406964,1.74899632225423,1.62357078908075
1.82336227567964,1.58316879083574,1.57256351041919
1.41695294591882,1.15624270152368,1.10006122296973
1.52056185269356,1.23753553886153,1.1732511190231
1.47855165335575,1.15829396561301,1.07079669977715
1.49736741190355,1.18128758534227,1.12720704495197
1.64194297107529,1.21260048655498,1.06733487402549
1.6636900699381,1.28875739069103,1.11625188662465
1.83166220258389,1.31494390593728,1.08593996627679
2.24818865064073,1.45882922012242,1.07533359768775
2.19510176407748,1.43765727976435,1.15812267314682
1.73388012206146,1.36297090538667,1.158289053925
1.92408947886899,1.62645900611297,1.40997215067385
2.08387801709698,1.55902737805372,1.35000004441763
1.91751310867035,1.41977791157523,1.10172541502943
2.36890384033624,1.94794047560417,1.56689023393622
2.34117211380477,1.82241950295085,1.63123629111599
1.76690857976508,1.20558481148747,1.07839007896764
1.90000965594941,1.21545179443,1.07701740192414
1.85690201395777,1.29108455188112,1.16773462163904
1.85908571584532,1.38145217211279,1.23003630545491
2.11012205784422,1.36615313009718,1.26577454918145
2.37169161995321,1.44638038811925,1.33432900101055
2.62437127679425,1.61152926225479,1.4701459626261
2.68125889300402,1.82673768619435,1.62380964657679
2.98291539878769,1.84365441736391,1.67039725377442
3.039725325263,1.9497964906938,1.71316563565921
3.56369025374642,2.46566580921983,2.17128391303029
3.32549390319001,2.41683424100926,2.19122363862259
1.83695187656777,1.29887830277719,1.2141791242402
1.99864540814969,1.38587721493915,1.27930949655349
1.58115761703937,1.24175035513116,1.17501351083296
1.61297050884179,1.26009277779049,1.20420774741195
1.47611493893191,1.25213866964544,1.17254776949223
1.65054004876069,1.34392803602793,1.25037378487788
1.53844672328946,1.36266526389483,1.27166161773721
1.89052748142496,1.61510101568591,1.61940933988874
1.83358459238258,1.87832596968301,1.58181790121031
1.88890217715964,1.75034971663797,1.60153157744795
2.49723206078185,2.42409826801949,2.25962366071072
2.32040211823998,2.14247890529382,1.94397020659552
2.51340930542431,2.34126948315257,2.11949282602315
2.82622097341392,2.6278478324778,2.42287896119936
1.35387870140363,1.16603820586573,1.07365721428563
1.41250237553309,1.22849894159989,1.1029241549834
1.29252329235171,1.09587609816704,1.01372868275527
1.38144879490489,1.13386498922953,1.0543825588969
1.20921618445828,1.03240113818994,0.942954407031678
1.19437842594982,1.03606144370289,0.928149785301549
1.1812056160625,0.996394987952668,0.915771900252238
1.21139587205705,1.03722747036359,0.970819927658836
1.24724195081528,1.06578815506452,0.965608675808673
1.32185659819895,1.11828717587572,0.958104303588582
1.18810635790869,0.988201777006039,0.913269868580509
1.58090728765637,1.42548165050942,1.38534935966724
1.6745720029064,1.4144828201303,1.38861017145334
1.5049420481098,1.47948511008951,1.39219406266701
1.22788212692883,1.05576248158765,0.971597276061514
1.32216417708401,1.1449123862997,1.09015741786737
1.20124051649795,1.03970680159473,0.932764312609714
1.19241159477797,1.04485443106061,0.926561836492865
1.23893320273357,1.07282577260166,0.974756619261589
1.31541936575906,1.1342271520361,1.05004944862195
1.31456620174191,1.15369913800826,1.06372079237173
1.40220615947797,1.31327199572721,1.31434686591053
1.48068364693904,1.33838311840818,1.44618000383087
1.43969369736715,1.41678951587195,1.21689250893284
1.75464601359918,1.78656589354171,1.67053284868543
1.8379308666348,1.73131229606558,1.63134839442406
1.82876321861841,1.63555638336784,1.58180338127814
2.11258759275937,1.73954301664051,1.78209495971466
2.16371747982082,1.8986860570238,1.8959941487396
2.39211052036045,1.85856089335495,2.16428711570875
2.59109973669068,1.87903121406234,2.34821400520037
3.16538552675006,2.36426936606106,2.89067253716848
3.5462248249895,2.75604256744796,3.20579060005987
3.32780427533564,2.6683668436161,2.94575289904155
4.26340593118412,3.25808336831286,3.87685539122318
3.93211836923091,2.72418755899705,3.61069502597045
4.00539226536939,2.62442828877697,3.65395026949881
4.57870891922982,3.1908292712098,4.21446222022467
1.17049091541257,1.02683410675254,0.92163247738755
1.17842580723749,1.03172602449595,0.911881752243234
1.15915820559615,1.04858013684839,0.956831653170013
1.2231044334428,1.11691775791643,1.0402038302466
1.10502741560855,1.03915639166043,0.939704335575274
1.07833810701235,1.03684774665161,0.933379454554486
1.10262905957052,1.08710514938716,0.978713362389141
1.15403369746312,1.15107292677882,1.01005113002649
1.09996726554674,1.15517440461665,1.02270540892966
1.49947306362648,1.58249376120539,1.4597774486378
1.55514888034983,1.56360910352578,1.48065045920088
1.50084676892873,1.57510895837312,1.48402530737412
1.15026051108988,1.1403189985048,1.0678742189828
1.4223900396971,1.72565726154077,1.70860030542863
1.37427938515718,1.5638104817533,1.40760310352617
1.27867152510545,1.35591197872448,1.38068325370323
1.73715276579145,1.87725159684143,1.8990273648598
1.74200086158757,1.89586561938123,1.91528861515831
1.71423854325524,1.85515700950515,1.90161577419106
1.13775894466564,1.09181567071655,0.950680489157671
1.20723884336853,1.17982094935035,1.01169846795581
1.13964083199702,1.14106090500505,0.964164842023077
1.13605916340928,1.18629531647384,1.00363522826463
1.18874537948722,1.23455484211815,0.9970094320872
1.23076680818777,1.29178732197417,1.01768192309398
1.25499673391163,1.28354636652726,1.05851462923004
1.25926822531609,1.27040360058235,1.06670888440057
1.33559269236568,1.39391268840042,1.13526032531137
1.33103053141812,1.34164574662578,1.20527212393364
1.54549615854094,1.48854612744761,1.59103297631299
1.51424363479259,1.49696638063795,1.43933054479324
1.97108365779815,1.89863494061381,1.88999944784601
1.88979213961806,1.90934009571407,1.89877487130325
1.91488913747571,1.87605476102527,1.90144733249646
1.66440548662752,1.62251716771422,1.64676568559554
2.06548937131752,2.02174399461152,2.11887878691489
2.07676510075586,2.00146885620772,2.12476250900189
2.10651695986392,2.04689730853601,2.07345571126631
1.19825810180904,1.30180691955614,1.02544422747963
1.31295256786392,1.47402487791685,1.15421395928907
1.16870246600643,1.27203406853241,1.02544059613488
1.18477792224268,1.26810857115492,1.08960373624209
1.19988240544675,1.35351122940642,1.05368502957241
1.2493270460768,1.45254457288378,1.11032325996814
1.33757775547305,1.46779493937114,1.15890288858779
1.57418732377737,1.6123097961916,1.39101439428042
1.55952134321559,1.68817308906169,1.4828463255631
1.60486497869315,1.66252449682812,1.3902409814206
2.07814416118959,1.97111492047136,1.72945245180143
2.01380097934294,1.98665456886718,1.90076969551814
1.71889549870941,1.85952721022638,1.66008957857699
2.22162507584251,2.31841586422846,2.2104104976356
2.15657334240991,2.31326510917593,2.19171582233171
1.13163140113963,1.31803394394601,1.0329505798343
1.13650673652621,1.30634905919104,1.09082259544192
1.14959227399986,1.40760138324469,1.05915247875426
1.24446959144225,1.51962876192949,1.1173938278812
1.129476681236,1.44635667530087,1.11744384909784
1.19215283647412,1.54678997284616,1.22825180104517
1.34566576277793,1.7014378710266,1.41492548662997
1.50524687448304,2.02055952304199,1.73510061877625
1.7636004838016,2.02165479600217,1.52534673555605
1.75454274268415,1.96347422375347,1.99539696934174
2.05500603377569,2.16012388361514,2.2902796867658
0.973025364554084,1.28754819693859,0.918201015939142
0.968576822388615,1.29807091809063,0.945121204742598
0.968125114379196,1.25346151215957,0.859999394112254
1.07933474270441,1.32184665040505,0.961383203355545
0.955130316143531,1.24765236653778,0.805283577070942
1.07198346072846,1.30701589828576,0.890248238489766
1.06977538533181,1.35428752141778,0.903948667143799
1.2042820810919,1.46184564084427,1.06106709118622
1.26883395396804,1.4730596873306,1.11520784199145
1.17425833632233,1.39420722064145,0.910198950424443
1.3606191588711,1.46708198215006,1.07361521576838
0.907874841477029,1.23953625306786,0.801906059172809
1.11291388544998,1.38601853060497,0.98216895133907
0.854263284669625,1.22158363138931,0.814917118491367
0.895206054999099,1.24562497675619,0.867498533515649
0.971544326482736,1.32325793750361,0.946846062922241
1.11935228226128,1.47748351831924,1.09960495734082
1.23259545376836,1.63986469699778,1.26872112922778
1.28878340246214,1.66159640612477,1.3244963120528
1.40292208062705,1.77210415586643,1.41939675392629
1.45435340619614,1.97468787935437,1.54544077010162
1.55437703004048,2.37159498736047,1.57185459980602
1.73233146819239,2.34069461154547,1.80192734637787
1.55815811965959,1.88274836483335,1.7027866419528
1.94685941946714,2.0576286756503,1.96883908848331
1.75277144008121,2.10425676263461,1.77716606676084
1.82417267865564,2.15409896312178,2.10984612959817
2.25865940913156,2.52913327231488,2.50454717850555
2.44637566753834,2.76101070332268,2.67678109181747
1.86180583047997,2.22164267318593,2.24916778494637
2.1907531334609,2.51765509931341,2.59343065711817
2.20393383969641,2.55359385139523,2.53826410587866
2.19685052237254,2.56245217716604,2.56322036458773
0.899662196296001,1.12312148990442,0.804573974000462
1.04789137699821,1.17921166683327,0.857276608188775
0.795732292373978,1.00151095006603,0.727185876140821
0.820828469261072,1.0643365752817,0.774331558120975
0.766416702088482,0.919234611414676,0.688507760037524
0.773573428028676,0.889416873568752,0.68697651362494
0.829225886928632,0.947869992156567,0.748853906838197
0.873253567501797,1.35522973224332,0.812406175502951
0.852990456436059,1.49323735916699,0.790884554408901
1.35663231558464,2.04245812815025,1.32567816198024
1.34457353526369,1.98866912641708,1.32696003708599
1.35662219727462,2.01435907763145,1.3090113853977
0.931593876511184,1.40704857700577,0.854590789841532
1.40269469460579,1.94843040344077,1.34112155739011
1.4130862970786,1.93682525797915,1.38609568969703
1.44119590438053,1.91771768181152,1.37873987338147
0.748453623714634,0.943500396669708,0.685284025967845
0.805090485452123,1.09370141263679,0.751108308279106
0.737360526137396,0.889639916393275,0.676579499475904
0.776205350100831,0.882763967962547,0.703961855000755
0.741838307019084,0.937914120650056,0.680303187459505
0.772518918850145,0.986753569064936,0.712747806667775
0.771647768850345,1.01627181590063,0.709762889602415
0.965461354296863,1.04439583069848,0.839440050441158
1.0031676695758,1.2276116352397,0.877488452166246
0.823873162695056,1.22526605774523,0.756970197118552
1.08690191719183,2.02836899112055,0.94355373582794
1.06045552900538,1.78342460817679,0.941294253508195
0.89290447815467,1.2165532345924,0.820962878366096
1.19212912599397,1.64536879615623,0.987977261236735
1.14714862961569,2.00013109180959,0.981491963936644
0.805582813840052,1.05266126583226,0.800205214729498
0.836113515204711,1.38639306655939,0.822677206608744
0.882312376146401,1.45230955389816,0.853735588695119
0.926490376801352,2.46216840587834,0.922078359580875
0.885349116386331,2.75549390995795,0.903168055024836
1.04717431701686,3.04155793030587,1.02504806380674
1.04589483099375,1.41580723669941,0.939008416513786
1.02333148464714,1.38737454014902,0.918954829170487
1.1740509271498,1.90047999193932,1.04008326801346
0.788383584305123,0.921108342715239,0.692313171452048
0.82256056258276,0.947371005837468,0.71756067322453
0.839102806410346,0.935928791758559,0.7318578120195
0.857256187755124,0.976938721625338,0.764249179729367
0.890941737393813,0.932438621933435,0.763404267686659
0.907419002356011,0.949654085902042,0.794598861891323
0.991433850736142,1.01242318020675,0.87005453627294
1.35937015103799,1.29553414468749,1.21105897748324
1.41699865541777,1.25674294016817,1.35520552027651
1.05879346549631,1.03785568111003,1.10521891154977
1.7069426837476,1.47488067947612,1.58688816914628
1.61168787131921,1.39897861557861,1.62469592204738
1.28210044888058,1.13123371628029,1.36746980969965
1.33301726769497,1.1883987602168,1.66839567078944
1.83672534356499,1.6779844141015,2.12618583086305
1.79986631674449,1.65186149128651,2.17693672327528
1.80649616223554,1.62425361343771,2.11950605765261
0.914632694878502,0.901292485552901,0.753389122970471
0.989227089636298,0.94866457046036,0.812519951527424
0.927892195748283,0.891847034776461,0.758414641814225
0.953134716971208,0.928802735768931,0.792641909099666
0.971922631053616,0.890070765921672,0.779618135049378
1.04815438481509,0.935097684894907,0.822914127623699
1.04234446143688,0.94395377866006,0.831535744962838
0.91773192295315,0.848609308119029,0.779039160632476
0.960671179391195,0.881538422736197,0.840719601687537
0.903144946274609,0.863087893135169,0.84664705841243
0.958497381507749,0.946075957742472,0.977499283885326
0.879536744518517,0.845624937573244,0.838446825734925
0.88624316426646,0.899065790677101,0.892100694026711
0.949929423850267,0.917597483104992,0.927723018696038
1.37718390196954,1.41007495189118,1.42371978411821
1.41753156906407,1.4066525576423,1.42020599576703
1.42475141968835,1.38187520002132,1.40732775275517
0.909535487120667,0.802640458105444,0.803179263077747
1.036651915833,0.868403366152885,0.88413096856105
0.907468110035547,0.793450850072194,0.797663915405268
0.905781923919364,0.83586397279778,0.8373782146637
1.02231540619279,0.821576602704236,0.811448455055701
1.13278014232298,0.877742011473368,0.859823742483624
1.15607818670258,0.927794516580952,0.858256398674152
1.51983493545936,1.26412433725643,0.935260650693408
1.35310577030885,1.2090910664178,0.865959134351223
1.61652938552269,1.27959524061141,0.940975444385587
1.86896306525618,1.74331599178096,1.32644438830417
1.00797346822761,0.801471665778515,0.799465262400001
1.13735099592815,0.902617421677121,0.897567807826188
0.975753651868537,0.847880218509786,0.76702831392894
1.03451454347917,0.98165750479638,0.789206709144786
0.96441358080007,0.834586416855734,0.770997761071241
0.946457816223189,0.824465977196607,0.786896886467318
1.01284314558279,0.918885898648201,0.833126807707366
1.12964157689091,0.997318975672418,0.901404040458678
1.07652982099227,0.976461815644719,0.908039636628482
1.00747146838233,0.988979917935765,0.894154863747788
1.1448937579975,1.13626223856557,1.14762431899835
1.22336862326724,1.17198388145545,1.11723900840214
1.67259823637883,1.6614962929603,1.61103158211279
1.69236438215121,1.63179266601945,1.63379051554403
1.67259066158501,1.60487333608325,1.61519437315892
1.16177453711173,1.19279880093882,1.25757835394693
1.6272545572637,1.67049592240011,1.74537839935244
1.62430022070625,1.63570459015052,1.72276074367568
1.6275421710916,1.65835449710932,1.77930170841479
1.01394379084334,0.84844436732547,0.778159579999927
1.16698693865891,0.951998515967161,0.823021746084081
0.977670742441501,0.846729631151388,0.791970426187425
0.981263041086086,0.877000684783667,0.816194959385651
1.02477574893437,0.884766336074105,0.820141012924068
1.08823521221148,0.98674263012958,0.875501311454988
1.06062853922431,0.941219397103399,0.863448317541793
1.50817744154458,1.46869060488192,1.39808650043066
1.47338891100314,1.40123151070656,1.34860663328593
1.5187458724704,1.39484134405063,1.34724412258693
1.05692554924504,0.879708819669344,0.837217256766109
1.0684560579068,0.897931677001324,0.852174908759838
1.14188118624224,0.940166659449563,0.900982214190467
1.20354631477564,1.00140866120305,0.957065253073143
1.20359874944678,0.990986545910439,0.938568235306918
1.23854406579665,1.02703163656987,0.952186531459028
1.35471216647342,1.1059479289317,1.0434293540012
1.78040551883059,1.52229274654301,1.51507953302506
1.62799054444453,1.52659344886429,1.47172296604595
1.82056779241739,1.58220582961719,1.50095334800268
1.17411866037938,0.994210825433657,0.93319298326235
1.22014848794306,1.05868898832519,0.993662463816515
1.17384807408916,1.0120315814494,0.928313206261302
1.22347507626312,1.06283685200767,0.961319291174871
1.17746592637083,1.0473701760941,0.942436933807848
1.26060608328545,1.13586597625277,1.01084448659186
1.21384073603041,1.10708356076045,0.988441602571176
1.09706841978582,0.982118964217801,0.87491243457479
1.13741174738601,1.05471361120965,0.939522810560109
1.06227869431059,0.926290192451021,0.821148980063298
1.13856026244812,0.977098737538232,0.882545515649741
0.994114102173301,0.878285831828076,0.766732719364493
0.988390241910117,0.897980302019793,0.771535364202285
0.977260476044467,0.860892775160412,0.759904200974551
1.07048122012254,0.922641576253199,0.832371051353316
1.00212964326219,0.895145071999617,0.789721375488446
1.08460328725756,0.977624104595747,0.846321119085199
0.96362915082808,0.881068476728282,0.772252644333324
1.48538127392418,1.37886920354625,1.289808831942
1.41166279267159,1.3541212646892,1.27944789786031
1.34148826654016,1.36802399274165,1.34105647809447
1.01112300033352,0.898783407424597,0.77567091581246
1.09525312834307,0.986975429521264,0.862550288794684
0.984927327144571,0.887353547800649,0.747485746284081
0.977937585028612,0.896684029167758,0.755574411287083
1.00957820836588,0.91751257696058,0.76122313666006
1.05393610763417,0.951757170243354,0.802958578358224
1.07850033408334,0.990650981932566,0.813899179764108
1.08156281161946,1.00695388871655,0.832428005204001
1.19050628233988,1.09023794375676,0.917602518658429
1.2441090095439,1.12938461897545,0.98639808739687
1.1514866869616,1.08356379095393,0.872700546359101
1.5593077563398,1.53117620799754,1.35866859072792
1.56533740565536,1.50921055327199,1.35156231806184
1.58900533001232,1.53556097981725,1.37637494395411
0.959817147288557,0.893596872657042,0.738959861194451
0.95560989557509,0.906232110165227,0.759509686970883
0.963494721465251,0.915442059565618,0.751375777613593
1.01828245365966,0.966674390664606,0.799252421038455
0.932179801485325,0.91620187928089,0.743675588674911
0.907832220443606,0.914446334634802,0.741843363332392
0.941792965893049,0.947142589892154,0.782073492234287
1.01279443974684,1.00758355628536,0.848014531699064
0.971193870680119,1.02297058425874,0.85579601830107
1.42600304753666,1.47706334354237,1.3889617771924
1.43031128433545,1.48729830045437,1.3413171636196
1.44337301793724,1.47440552932483,1.3647262876485
0.962908280565057,0.954165641922416,0.833774857815132
1.36203268330155,1.295135903926,1.44468488672887
1.4392576782849,1.31398662941976,1.45314534495958
1.15304424653433,1.11059885759825,1.10444330943633
1.67461882290323,1.63059169216488,1.71755764509411
1.71426257643444,1.64214477843635,1.68262155584648
1.66810624714496,1.62672507584039,1.70334040812021
0.98521855602948,0.959515140925513,0.769316263986561
1.06534665348696,1.02125004673546,0.833292583412318
0.988575894946411,0.984710324690662,0.780408218084922
0.978145563381924,1.0022069874444,0.800747922866857
1.05641788911847,1.03542963303956,0.806467099166732
1.1130041970333,1.0745854419937,0.845343329483478
1.08377314657307,1.05665443729676,0.829014011771923
1.0540580052322,1.06075237366115,0.841937952745637
1.16929349576916,1.12503508054938,0.889706119143883
1.14331165197715,1.09867088768826,0.874723911473405
1.27041741665566,1.11887612321689,0.92297070003972
1.25510888553933,1.16821010613908,0.942583737378811
1.44576346222478,1.2488981469969,1.00968164722837
1.78469446806157,1.63918956091265,1.4293295720941
2.22020414569337,2.10762285439082,1.96250994987401
2.22460311215903,2.10633382437986,1.94298876130869
2.24671277288583,2.12653965177964,1.9485055412897
1.07488276280508,1.08057108108851,0.82692538286721
1.06891926881993,1.1267562813388,0.866030984109941
1.15102405463629,1.14317798452479,0.881672335701326
1.27580113275255,1.22668954888369,0.957725701693488
1.36836328809355,1.27831198478157,1.03313289057978
1.35213603915212,1.33801334206552,1.04619726711798
1.1909674787514,1.21715558468603,0.972165610387847
1.19256841447591,1.28024730906689,1.03010169349944
1.33035757073556,1.35694610108117,1.15762165731745
1.71304943201362,1.57199226426469,1.51728412882067
1.49561904961591,1.61179299628725,1.49365917606916
1.40427594539545,1.3894262513596,1.0752738262255
1.78183735845427,1.6721678545199,1.36170818394624
1.64028055470259,1.69636834147086,1.35348630860041
1.28641990250992,1.23348140765903,1.03314666378557
2.1089658033442,1.53712116244484,1.8365947619621
1.2010729232045,1.37110709196132,1.16798838579317
1.72134238092618,1.69660718579793,1.82750501829768
1.21843849346416,1.42884904269424,1.20779088112739
1.41508547203401,1.60583283193225,1.405704957129
1.30251929673147,1.48235689651227,1.31831830029613
1.09540310708088,1.36468322219472,1.09060735723122
1.24674365283145,1.49648637830354,1.2967251863143
1.05097708245357,1.33983757954656,1.03052997841136
1.16479212357377,1.42544173353106,1.15563968812808
1.08477979686257,1.38442492299682,1.09373606870457
1.17390881810347,1.50675451195636,1.24550037010527
1.32203528034375,1.62098048231823,1.3544098396534
1.72864038427199,1.96086609760844,1.77906871004257
1.74946817289795,1.99272901024744,1.75334679346785
1.7556396076778,2.02214438421492,1.78490616475601
0.994892152708695,1.22657892681775,0.959240608796564
1.10113492729435,1.30814275773878,1.07643674365962
0.915787557434009,1.12292693044176,0.843725015855681
1.00198048871916,1.22252273905804,0.92449977049703
0.85635318754168,1.00141685537177,0.762815975750271
0.881833843070128,0.994728008885983,0.7787253495931
0.893518096078992,1.02561541657506,0.81303032929359
1.40726274571464,1.5518762533762,1.41709377080396
1.30262476753126,1.42888881438484,1.20146179310216
1.47371590747588,1.54209483750522,1.42083680394367
1.56715007064733,1.66303788556963,1.44440894116221
0.863064834911584,1.01443392070873,0.790399083921036
1.01137636793976,1.21312320424245,0.989837513929654
0.787500627644829,0.916813002593185,0.705733788032343
0.775304512058539,0.90445140299681,0.70342569471883
0.767041507049989,0.915165847968094,0.703758087238063
0.797342424404535,0.980484103023141,0.753278683971917
0.817938549534677,0.965874816052703,0.757310673817509
0.926612603019743,1.08723142046861,0.868544786775264
0.90120815147069,1.00757472026715,0.850860402175026
0.821867817976911,0.989151544136039,0.834533407777729
1.14698785478998,1.43299718691503,1.52282560443148
1.56389321604981,2.09689945871542,2.3055771094858
1.26597126695582,1.5828413798385,1.69061022303479
1.7267698506078,2.30813109364082,2.51102047906862
1.09150612654263,1.2945621217698,1.30516665982659
1.29972087426657,1.53317185356753,1.6109210178045
1.82703235359348,1.91450690743962,2.10935333259179
1.12270579251542,1.61113583578715,1.51776820569521
1.54495405652614,2.3414736161838,2.30990509727096
1.22336936418404,1.68696926907411,1.66389882949759
1.6609404399996,2.40759099285983,2.47508371051249
0.734697020192674,0.855021593219948,0.673608780074647
0.793430719260707,0.864705462131689,0.719478673991778
0.715440366371784,0.856149451211299,0.674107594806903
0.756101951763667,0.929138005579842,0.728609499977781
0.69979399848074,0.819072845667911,0.662802158643395
0.694325523347637,0.795544169452524,0.658155973660919
0.770017188145895,0.875461685528995,0.730980890205728
0.850801382442336,0.974056425797961,0.833840633504294
0.813139720349107,0.927018173663288,0.803759111286331
1.35128285584308,1.38715653339278,1.32788823016611
1.34541376963098,1.41069657498023,1.3432742625666
1.3098130113103,1.43359238333619,1.33813137259953
0.849835931438345,0.901123031605154,0.794570417694419
1.3629917460265,1.37186816121474,1.31022046957058
1.374873697529,1.40887435275201,1.32807076190578
1.34805956547071,1.38306711993104,1.35034942332318
0.695026069353292,0.829934267667002,0.666483795151414
0.74060596867533,0.877089392250653,0.710163340969572
0.703211004556869,0.829180668193809,0.681250971360728
0.744409710840435,0.851711533860636,0.724914276786901
0.712572431861418,0.841060966723797,0.686071428261058
0.741979000247561,0.874839514143177,0.712792219130433
0.755742743597615,0.875901114410517,0.721622240775599
0.813148454787397,0.932090453611217,0.830909009719572
0.790382734735942,0.897674501115593,0.81843936604682
0.810350229000864,0.9212569441954,0.810573649399254
0.839606550738659,0.950224750452511,0.843629501459809
0.924209019776799,1.05709153540141,1.05205868443429
0.96817534880451,1.15708809741136,1.1379929120268
1.02722764251799,1.14286168184623,1.23708004104479
0.721701218716989,0.844561503997121,0.712310078314076
0.767248209570201,0.87566513739308,0.794599781788808
0.757232573632101,0.870275363166102,0.720653744591733
0.807345553649695,0.912016279788246,0.751392510427388
0.80894748821428,0.885559094942461,0.761208716336749
0.837652938350829,0.900292461677279,0.8060986773669
0.92148898883977,0.982571804390303,0.889494402498618
1.16181848622752,1.30961347196669,1.17692763348012
1.26684179043489,1.16521139051999,1.2969253412329
0.922137701646515,1.01903459173331,0.861825296054345
1.29592749609617,1.66415895698748,1.28175488754815
1.56559125012798,2.37646204525413,1.55635990952855
1.64408870129641,1.93340231514505,1.68870635133564
2.0573409320654,2.64983688985322,2.13719884112029
1.70085756199241,1.8547520953544,1.7719689417833
2.09627905530045,2.27213617738339,2.22360190282142
1.15336580241897,1.64850486053731,1.10513802611478
1.3507647070032,2.28697204625296,1.2999186539492
1.53063816991607,2.0379654102844,1.55306385132647
1.89937958932865,2.84069177304564,1.93933102489955
0.838114558368111,0.877576423265862,0.74238170940844
0.877949345322865,0.902669727683574,0.758203401198126
0.888446543437945,0.892683747122568,0.7670126293144
0.920066404534245,0.917426340008583,0.809205716622504
0.969362571920238,0.91601506089334,0.801536391588614
1.04753787251776,0.966000084604146,0.862729315414924
1.08873744986333,0.98342011698459,0.868615937554008
1.16440907607748,1.28419052072506,0.976515594592472
1.09778338774362,1.04301995104081,0.920573130712268
1.28984205500717,1.1693352655298,0.961271986026003
1.4104374394817,1.50714033790947,1.06946542387395
1.49468828568541,1.35934430560131,1.09838015930922
1.56661692928347,1.37990514440873,1.14377357883868
1.68232556369675,1.66630486180076,1.24989499210378
0.917055379668879,0.897491545368853,0.793189268733795
1.07732179505583,0.998603089121546,0.941249742826783
0.809180981236327,0.895403867681621,0.760745448350382
0.853513073070513,0.981613348195039,0.843975282735697
0.758197359966245,0.87864266732596,0.765860870220146
0.845771176878908,0.954421682388367,0.837921784353148
0.771670176407924,1.06409798090837,0.95930132938559
1.30753262259328,1.56367319589236,1.42876954968014
1.30923417772451,1.48497187325642,1.4746075710839
1.31603970286917,1.54828377391309,1.49097273986721
0.790679929320833,0.794253339641824,0.725209835223093
0.867669179895012,0.881811828334409,0.811162628082157
0.846461937837808,0.784853585991573,0.774712862262521
0.823617530308139,0.792568881218708,0.777561097466776
1.05042673538783,0.935328597937704,0.988802263250738
1.25652362409591,1.2053389654071,1.2868205814704
1.35137281396353,1.15735246965965,1.28829276514046
0.872073905026332,0.778272395949594,0.767040359322498
0.862055942086257,0.803018791673724,0.768045503468164
0.883074789281058,0.781108702847521,0.75500832722105
0.996873524626553,0.880897715824513,0.862035259924572
0.848197544121851,0.758633827684828,0.715460026651113
0.827537900760162,0.750027075447385,0.701378974506169
0.861121645758186,0.77950938152849,0.72443128465007
0.904735142965651,0.836361994152274,0.7780716260993
0.943332741260843,0.81583402791082,0.817731545620417
0.971143590146342,0.836328571773343,0.841871084826423
0.87018645233925,0.835295204156105,0.736036646104366
1.36692974207135,1.37171119458128,1.30856977209182
1.34964382471329,1.32454375027923,1.2834042693672
1.38394064207498,1.35848108402294,1.26663955501351
0.918382802527801,0.807493627962257,0.775949189550227
1.04412486697762,0.888927058531518,0.870925255079632
0.936165420616921,0.859486507899897,0.801445127571546
0.94270128261487,0.910906594476364,0.815381376941552
1.06544880283724,0.94757898801049,0.890381455679556
1.16156959390221,1.05307512310432,0.969527258342285
1.20315817749176,1.00878403771853,1.01381578245851
1.90439005024765,1.57661012161655,1.19972453875741
1.69194234998411,1.28933325492942,1.17215527721751
2.18705234113162,1.6514090815829,1.4850243398985
1.63750190353035,1.5578400139473,1.34966177167275
2.18984690157861,2.11281310672382,1.79812463838565
2.10967637198704,2.07882576574672,1.81593086627141
2.18385730095721,2.05093129054103,1.82396917458181
1.14741951821668,1.07400741213055,0.91882862035134
1.88493999541621,1.68087328488698,1.28495467719904
1.11358746097938,0.977104025665916,0.870741399549192
1.64159513701362,1.26758318017572,1.07864618303595
1.09098656009589,1.04076939207871,0.879373983236651
1.19474004810816,1.24629920275478,0.948764831905609
1.13076975154217,1.12744048219417,0.94125860686909
1.03787795882872,0.950256404625602,0.832758187820355
1.12699360611029,1.10253711321116,0.871416248727851
1.03007679048741,0.961333031294091,0.849663266499204
1.12090111201855,1.12565461485281,0.925181002647348
1.01073599169917,0.981811920071452,0.836079401069956
1.03985330891654,1.05162815134643,0.86405624259779
1.10928018400365,1.15500362702894,0.947064824469502
1.5300735402861,1.55536416947843,1.43991360706526
1.52511756525473,1.61400163451778,1.40082915720424
1.56541146816444,1.61274389513396,1.45554820536058
0.953173441803935,0.98567349830169,0.774548781158726
1.13873277759084,1.31375050081316,0.860097305367088
0.946300418194506,0.87564298674573,0.751798040623454
1.15374654153349,1.02799614639162,0.858478302465676
0.887774561201764,0.832526737392001,0.707037030368384
0.908564143609839,0.870541308801678,0.72620264976915
0.903371865977446,0.841816812611501,0.741037889712193
1.31461065372345,0.965709393894559,1.17160961437913
1.29534868509949,1.03939934225452,1.25390107925719
1.48262299868041,1.12251969639703,1.37685580885034
2.08511077053746,1.68018748163343,2.00817292538019
0.890785577645991,0.82992465592485,0.701496564740005
0.960671036152271,0.898831627976069,0.779095571153979
0.89107118517224,0.853321876086364,0.697384943306345
0.943167911100235,0.942583744528305,0.754243923228277
0.892841184383697,0.853940871856813,0.696279423902978
0.928775641215908,0.874787057932618,0.720520070491443
0.968265229892886,0.937142283704598,0.758690489216184
1.28182116391016,1.09696015502788,0.826667927791637
1.34388186790242,1.08255511992642,0.805750127147359
1.37689524055527,1.1198323583336,0.815468150516131
1.79637634868253,1.3838815899508,0.917229996793376
1.88857038421987,1.40193658366284,0.920807261184555
1.66205503450843,1.30875194947101,0.946907259907937
1.98902702274862,1.73152740954486,1.35161379985288
2.39206023906229,2.17101171588612,1.84690807156045
2.38202189858577,2.17570354032854,1.8623534581748
2.42192325000908,2.17773327052596,1.84167962306635
0.846280266100678,0.823189130448489,0.667932074952965
0.863267489022071,0.852164214380897,0.712277756780735
0.840195734151884,0.819247133368113,0.660695690136551
0.885736950324128,0.855636537329321,0.702992350094495
0.806270217377024,0.798541312416404,0.643624907804249
0.79811743431079,0.800791861818818,0.651611657763634
0.827499767069969,0.819303649436006,0.68261992246541
0.90671037010516,0.877542495011945,0.734114490421269
0.847477823386595,0.859583698162412,0.73528043326195
1.36434847105747,1.36562322108783,1.27868938782199
1.31587616814125,1.33297172891279,1.2738698625963
1.36981212063463,1.36258401485023,1.30744816825822
0.868958239510766,0.861628037306248,0.777035147414728
1.36697717159239,1.35833089760834,1.29852124877089
1.37685596636254,1.35107379183109,1.33232882999726
1.36711037621544,1.37959934943755,1.32815033101894
0.830793282577398,0.823454861111038,0.643746713671639
0.90909345689324,0.877092691305371,0.707129583235511
0.814510702673812,0.829522211923209,0.633947304233166
0.805431215065999,0.83537132075149,0.64719936237433
0.848349725040267,0.881797456254498,0.65873466582158
0.901491696707058,0.931618794980965,0.701642324260381
0.893916595802609,0.939942962390774,0.695577786867882
0.918534678434105,0.963612070329008,0.705459121169729
0.96071384746217,1.02568269586904,0.754248347703134
1.02746000166029,1.04979470661324,0.782350716122654
1.15240532299578,1.16831716891441,0.892926200393766
1.12024224769083,1.11965799157657,0.858205551305686
1.12671070147603,1.15580934589478,0.870381746497778
1.60667154535101,1.65163416925081,1.43294433525562
1.62887025519488,1.61784577146446,1.45951445719639
0.828968031249878,0.878941262270362,0.652600057953375
0.899651949794513,0.984951162187581,0.734892055262008
0.803640305955679,0.834597289971929,0.643086442712824
0.865634742650302,0.877024898990822,0.709423274033869
0.790092134936381,0.830761211512499,0.649776293485524
0.875005021633469,0.919813995663209,0.769208561544211
0.830943544438821,0.87241653510358,0.712511982676534
0.740741249633799,0.791417845291736,0.60544029434669
0.768029445516437,0.852675306162709,0.655454976753433
0.750639559805147,0.785829152865533,0.626891558716956
0.817094543422301,0.82404461586229,0.692010182827412
0.724497543559372,0.788027436694321,0.638921171768759
0.740021538195068,0.814847805049259,0.678009468403534
0.786438516928876,0.865495927522113,0.72803777923015
0.900386409449455,0.99920556359151,1.1546194541174
0.862546485596376,0.978287906995354,1.07265204383606
0.911048852460384,1.01399238081506,1.32477524840965
1.11779930719199,1.3816938710055,2.04126843050062
1.14244351310863,1.42189250033758,1.93145779243393
1.08679893384932,1.35996040220425,1.62545585269562
1.61195870701217,1.88082237663987,2.11471361556357
1.57676493683078,1.8165587623735,2.15898850363915
1.61993638379971,1.91953731326176,2.01950470368932
2.22080338329255,2.43949184908516,2.40361175809857
2.18106167284397,2.44937195155702,2.61158533007356
2.47364574282728,2.75444311134905,3.0723343858357
2.38300347971198,2.6694894243984,3.08442359318218
3.16801881923588,3.40788013106055,3.70983683812862
3.1016442496258,3.27599970355457,3.32121239330723
3.43385672114054,3.58733723768548,3.54201582346428
3.62707099414114,3.77280266370912,3.8452286936286
0.709323724559322,0.769924525625554,0.622562508433198
0.785432334849417,0.826130136166507,0.674864603046492
0.700545024631288,0.774551153188313,0.633497284371414
0.741258215457198,0.811875235411335,0.679823080596208
0.704288871864421,0.760333707182545,0.625903508973577
0.716522594450107,0.771419611610933,0.623086135305927
0.757229117871929,0.815472209053279,0.670556719522638
0.85014917098919,1.45157619199836,0.752376046786784
0.870899718699296,1.27461908869716,0.745059738546335
1.36650946207,1.82789408676664,1.30120540683074
1.41121128125788,1.87144824086915,1.31656591596728
1.38421339366067,1.84559215727721,1.28056751751011
0.834945911995038,1.42421194323482,0.738542205132749
1.12864625196373,1.9180508474006,1.3817285468818
1.04073885582979,2.10535569093344,1.09097121125701
1.0546669808936,1.60068930662374,1.29729671053994
1.58469119032208,1.97542674173997,1.84418298882939
1.55809796228458,1.9933243313445,1.88179478758428
1.56420955958827,1.98337730230542,1.868664080827
0.710890854061193,0.766918748146879,0.652066691192952
0.761914305589987,0.823790693750659,0.723912446833591
0.718445008939603,0.794879284671875,0.678278248292276
0.745957713611724,0.84766520350649,0.736508610002812
0.751510307887237,0.832541493585101,0.714457346126283
0.849127853364593,0.950404797502555,0.810395278429224
1.0536954007352,0.972089577471874,0.865893419600108
1.50378066850664,1.45989003175982,1.36076873978694
1.10021757728866,1.06623892869233,1.07932412011764
1.33982097833007,1.34982773589242,1.34175760092683
1.5356612847966,1.61078724933684,1.70615004964052
0.759111823120183,0.794200078788944,0.674339104408988
0.932444224576468,0.850857119937846,0.733096862060747
0.836241268352452,0.821229778981164,0.693611632834464
0.887983919909664,0.874272528234716,0.747615748687697
1.07311208609233,0.84582428231761,0.720885740861945
1.35235842289463,0.863508762380354,0.732439081282455
1.66707041549981,0.937251472548819,0.798530893064817
2.07679976190207,1.12821163874722,1.31704584653886
1.90787861858089,1.07663274445979,1.22600343129484
2.52937559546688,1.07064880591946,1.17558538791868
2.82748132676426,1.16437203289798,1.13157971568965
0.837202002008724,0.849744770822509,0.744399818652825
0.892316579298913,0.904624403086667,0.814883051662973
0.889724533834279,0.868490140087924,0.777795878178568
1.05743253038079,0.910213683577082,0.820388672859969
1.01304920650582,0.904681260264309,0.850739553804995
1.22342141978863,0.977064048987665,0.928126047199618
1.18367696969041,1.01597693821142,0.944058821532631
1.31105061708616,1.3575977979047,1.32949037961935
1.50026626748601,1.33452402181353,1.07033939928147
1.43841408012572,1.46888640731723,1.29169405209345
1.68033089643752,1.81454529917011,1.74771522193315
0.990139310887801,0.844983118135994,0.85552157903317
1.30010498863855,0.955568746305747,1.10562337598922
0.807004930934058,0.782437599515571,0.741096388843999
0.856188982621077,0.842845203070197,0.799793230643006
0.78035630685348,0.740855890321275,0.725890856995115
0.855139019324413,0.770936369620861,0.776090901399005
0.83892520842704,0.796955825761614,0.774578964569591
1.33479685683577,1.33433131769804,1.29942196889
1.37103211395782,1.32229939939394,1.31910553483709
1.34575807481366,1.32377566603959,1.30647303817887
0.751406256543345,0.725875465918991,0.710337183308964
0.808212534302892,0.844571391150154,0.810093284980906
0.78108476504038,0.696851719940669,0.674586466931923
0.866486962104846,0.741044795066931,0.698167760641706
0.791669909187499,0.71091227113527,0.675743137541916
0.817498137483341,0.756529943167085,0.719339525575606
0.922437350853603,0.825054197068012,0.76246559712774
1.32626303094455,1.37148030423467,1.16348709025299
1.42987342151202,1.31800471739831,1.24885679869342
1.9495960381689,1.86177841957964,1.8008607433327
1.94521803684091,1.90248181877619,1.78826251978789
1.944892068255,1.85479219502556,1.78665934848931
1.38720422757203,1.48490047370867,1.26744375297566
1.9204923842897,2.02721337237894,1.78152791929732
1.98087069596213,2.13794274871033,1.85545483830114
1.78358749206112,1.9825715647191,1.841360819552
2.2075050897283,2.42994615332529,2.31793270749807
2.24602360015089,2.41499609731101,2.33865085685077
2.2437673942564,2.43796422836648,2.31396399967875
0.760775734340224,0.669711219370592,0.642678948450915
0.86580362713745,0.714398226116126,0.687049730302458
0.727506810240596,0.669367325284207,0.638514214853474
0.78653232429319,0.732084333036564,0.689826562798555
0.71252009978722,0.644909104750374,0.615289501606953
0.717573679949055,0.652593293326507,0.625501906696441
0.769774828686618,0.700060783241971,0.65232115125181
1.07629987082188,0.987822382976577,0.749233883960655
0.92670016948777,0.966356253340887,0.727194295851242
1.48828183564684,1.52402992289922,1.27280747409519
1.44691093754396,1.49511578206669,1.28794431708523
1.45295317285693,1.51980080989558,1.30383712314129
0.95311050438342,1.02152775551055,0.724013551388859
1.48332152897061,1.5821352110354,1.30142449817727
1.46087326978282,1.55999626900504,1.28429120140605
1.5030284436367,1.54186275686042,1.2763473551359
0.745920763533653,0.664301022360319,0.634396287845674
0.815513263875466,0.751846611960278,0.692352431426327
0.774598568253008,0.668176350919487,0.650435290933597
0.795559554224368,0.689350696064987,0.680531033060208
0.848260895637927,0.71340307509808,0.690380589945169
0.954466338205065,0.779867837899943,0.774033966739152
0.893639416814072,0.757523019713623,0.743505965371396
0.843564375721265,0.733308807623358,0.676627584458657
0.827941119291114,0.77192143640166,0.702131176973409
0.947739040830126,0.821718982877285,0.740903022276829
1.05136204777509,0.921739763026142,0.837760307976668
0.979802340016665,0.878096894731025,0.760488133479297
1.04045647044022,0.899111828598641,0.78849229146676
1.12320751528519,1.00671305016801,0.868009389121879
1.57265656819281,1.49744148201157,1.02138538879284
1.17432998954277,1.32655450180162,0.994832879476908
1.70641511622186,1.51287263112116,1.07464727828205
2.01513051304665,1.98271807209464,1.26072664521388
2.28968287725092,2.11910006916603,1.28403479184408
1.82793687687997,1.62965690720208,1.22824030238071
2.18289781109448,2.06652038609005,1.72321992876723
2.21480012668686,2.02662680027506,1.71891890488943
0.89520223401154,0.880607863529616,0.725127986573265
0.862565088950149,0.915303357094235,0.737671990851479
0.937443728243616,0.927333925390901,0.74432669545352
1.02757169747665,0.975590211999141,0.785684782767611
0.938927139825752,0.984790120217535,0.757556700882419
1.05940563131981,1.08435914466052,0.83889303099626
0.970495571259518,1.06992040700834,0.811402116291276
0.856433507236503,0.902554407270024,0.695025363685861
0.91619470550136,1.01491248332705,0.768720481722159
0.800643732045801,0.817164543272799,0.651591989080091
0.861525912700737,0.8798291686171,0.714607269395019
0.721895824188503,0.753074287440617,0.602198378223312
0.734230493335488,0.736331545021512,0.623028060419203
0.69693709729115,0.804731731382162,0.618028611598498
0.746722278434893,0.91627430369241,0.681611831144483
0.711186385719539,0.839818856722947,0.685146918676595
0.739371276520035,0.885643726922528,0.708443708947373
0.792927044331956,1.04289986524357,0.770924935707885
0.729265926299437,0.793491252972659,0.595414647935862
0.801803375686825,0.990142019293,0.672047851539246
0.724008822954171,0.768932958880433,0.581552377815826
0.7443524895986,0.794774067009947,0.608521661585892
0.759916255774129,0.872351290498983,0.607536218975622
0.809141042063125,0.972575352918259,0.647202639418474
0.853871724414035,1.03955279370596,0.69320359658562
0.891570141487491,1.0553198305205,0.769947233909595
0.945518043161969,1.21754107075157,0.811599971565617
0.937492394628637,1.19205125491567,0.799365925883736
1.50790678940206,1.57287707624161,1.39365466321484
1.44234014231341,1.795932868706,1.40818345548146
0.725531354051095,0.806518892003647,0.595911629188915
0.758430140106234,0.843549559496038,0.645963637393515
0.743874366296691,0.781469054968813,0.612457614376202
0.802501139330191,0.822083513536572,0.6668595717426
0.727543162136596,0.749094774354872,0.60436966926247
0.726648747216814,0.763789784388748,0.620309352423466
0.748165400433908,0.753988141777986,0.6389915315434
0.803476774523687,0.812038219553942,0.691948774724683
0.80344429203772,0.810816376831746,0.708223528690483
1.3303127636385,1.32012778216369,1.28624791933504
1.31789658953935,1.33832542233984,1.27413333653013
1.33812523476777,1.33961013626506,1.26676160315634
0.797659946299441,0.813153303877206,0.709737384063425
1.34866004369684,1.35136690300165,1.29468083342431
1.29939143648154,1.36289340815743,1.27714609350148
1.32617337604076,1.3013757095626,1.25878837265677
0.765557496251285,0.784610829446203,0.617561615515493
0.827875579027993,0.850140617202318,0.664849802389722
0.78422201036661,0.809470214680563,0.636233597822474
0.798637240628893,0.817776460035071,0.66765683063736
0.843905993418775,0.881961131848535,0.676662893028894
0.922735293409097,0.956714975434439,0.75274911357544
0.893647892890711,0.946787934290177,0.743072542718759
0.852524683912566,0.883983057888838,0.666656904303984
0.862623549860265,0.870179343814043,0.672791880556466
0.91448892101279,0.974388634855994,0.730872077302655
0.964918002067615,1.04039991150158,0.795624272260006
0.973075060744028,1.04343596778619,0.76830642954981
1.00767989621887,1.07900121153487,0.798422653849874
1.0564891771618,1.13972972705254,0.856218080674929
0.964311397634936,1.01809937135111,0.758321921341114
0.993100770609049,1.04539988816588,0.807499241959656
0.992219399340535,1.03480637084865,0.775784799859299
1.03511729774572,1.07108515910545,0.819775104694755
1.03482768998026,1.06939827155579,0.83211287192783
1.11201195617219,1.14255298713983,0.912384764169869
1.11088445310658,1.15759086197431,0.920398270750097
0.975244992410384,0.987907352646665,0.776922355387911
1.0493370614639,1.06544373180174,0.861790042702629
0.903960900219104,0.889387154613235,0.706270322792528
0.910529480078392,0.892964034013815,0.716477479240406
0.87014959758047,0.825479605588695,0.67455680829176
0.889812404473675,0.868432980972997,0.718623855448339
0.88290372762473,0.801687088175525,0.688893439992665
1.37589658727612,1.29062665442815,1.23801296403286
1.35830287914316,1.34217681622043,1.24134120171504
1.3877477781592,1.3079950040378,1.27454802996125
0.902813394713552,0.819840357372222,0.681229998133607
1.0663688521928,0.950890604838887,0.821613404050075
0.849809434896566,0.781632875182377,0.651416451907177
0.844564526268048,0.812645680602864,0.691468088345476
0.89427275318525,0.784276201890548,0.654085786375021
0.921465717263704,0.816176098207725,0.688317044421021
0.95952608064684,0.890895520160597,0.760004651764919
1.25746596705968,1.2623859936141,1.08064190505055
1.34290486434576,1.17964506906679,1.04818754396356
1.35349952315572,1.34435158363373,1.05826121930642
1.66033634588312,1.67529352899479,1.32528737457719
0.959232741354607,0.732169850550932,0.627223461658308
0.863724350541379,0.781418169555854,0.691819656524494
1.26324584242334,0.725349661803684,0.637084093189382
1.48455848881495,0.780891746433085,0.694627196070216
1.38860271199471,0.710772659617403,0.675027948651047
1.23522191165017,0.7100357271391,0.672626442445278
1.669640715,0.727774111238121,0.744816774687335
1.94322602615437,0.786944889172104,0.814408302270749
1.80858515350258,0.807075854629851,0.885768746553571
2.04395878092685,1.32892177611697,1.38109618987761
2.14726759759619,1.33309916011786,1.38421048455995
2.23132447804837,1.35021435557035,1.42634870412719
1.85136876698477,0.778794076989699,0.805177916377575
2.30454660890417,1.22636613077231,1.38489492583648
2.27223963565068,1.21604833147034,1.28210919424376
2.10772951163578,1.02574545697248,1.15771268306313
2.50481255049362,1.57418310528487,1.71185647706592
2.48651905507134,1.61880956157241,1.73936962909359
2.52102505979445,1.58698243405934,1.73769306789268
1.58600125719325,0.767870816535052,0.771749641188855
1.89273167261971,0.836779142467743,0.854533925794163
1.50395972832414,0.790432935269242,0.826425253310231
1.33975109234243,0.791548489753174,0.828390632990649
1.70721903709662,0.861995196385304,0.930782984004647
2.1838744922693,0.919239099691081,0.987049184455927
2.07813514344151,0.911478564502034,0.982593408947729
2.6676566984346,0.919669026052705,1.16676618986416
2.48364342432533,1.01123201752149,1.16725249569665
2.35005068772615,0.969046056519845,1.06117521404826
2.48092373732258,1.01316799835418,1.34858071916718
3.22322615097312,1.07112547933194,1.18267100565576
3.67721974834476,1.54853074853917,1.64955634135267
3.65706764991938,1.52671583445252,1.63712460291712
3.63686783747753,1.49548560734015,1.63841287979555
2.75480184942405,1.11527608158137,1.46379072289269
3.1246400028817,1.56034468804787,1.93327688419079
3.07095596847481,1.56440032060328,1.90553614882208
3.12769751032913,1.57261723114683,1.92384399367657
1.7311841716579,0.909015837896891,1.06242017418811
1.91567100764346,0.929514362202261,1.23458840521202
2.28271451823624,1.02573396318181,1.18177884734949
2.69406429070021,1.09727958100318,1.25320997546226
2.71162052379501,1.15118638584702,1.38444653140769
3.0969804057571,1.23678102135888,1.52014026968051
3.40232234366877,1.30423088533137,1.62982297851334
2.19174584220808,1.19626905834761,1.3141420451404
1.82129698527401,1.23033793850736,1.48891592341328
2.65085096586807,1.40324665486797,1.38702811977459
3.33456075133269,1.53676027876091,1.56864478445612
2.50792311210724,1.6096803129115,1.5001047748733
2.28334271952488,1.55735681065104,1.64067048114053
3.51886037245379,1.95781467881558,2.05847414947207
3.9284172761983,2.4816561708214,2.37092457779292
4.30522736586349,2.62443038158262,2.65015786349039
4.67713721190093,3.05937877480791,3.00448652985034
4.68556869493754,3.06561861110343,3.13266654348149
4.68532412566395,3.08055304550552,3.07043187833454
3.96505248041212,2.19354024463785,2.77984213966846
4.24076173606597,2.59363588821497,3.25105759303149
4.30418941147332,2.56847789176838,3.20448000229612
4.26695063432693,2.60622102392915,3.19674609585034
2.40093899140014,1.80721332617843,1.57431323955678
2.54517862168629,2.07309288090449,2.08497735788112
2.88364390565717,1.85847002732332,1.99899281791277
3.29026222637878,1.79606231406899,2.43086231351027
3.40819132664606,2.18595092903758,2.51963765069072
3.41224500165378,2.38601051625076,2.50984709782628
4.5027836906598,2.51831786025772,3.38218571075175
4.87502725743166,2.4047682578648,3.83457214476568
4.95586985917735,2.78765557498626,3.76377215845123
5.14617345560949,3.08329666149679,3.95318658017969
5.07579747186744,3.25071564826609,4.03085329572934
5.96141396980954,3.50343530999513,4.96064312358714
6.31114301587011,3.78675459247962,5.34253225351974
6.24725997389489,3.79661772158039,5.36816277858347
6.32770020153111,3.78987385976243,5.32989685534262
5.73451000821041,3.54359080458021,4.20226423387175
6.05499746246785,3.82526641594493,4.47379316788053
6.01627147724607,3.82807008048008,4.42536282575583
6.0063485407297,3.87772793303882,4.49034421288562
3.66250837727539,2.12998207295445,3.15319585016015
4.26102024220002,2.52729908026415,3.6268032074324
3.83810077150858,2.08901506026627,3.7955015014433
3.75836978655245,2.37964980249635,3.85106525304622
4.71018772859565,2.09322400637016,4.88881490743329
5.05239539405234,2.50831619400441,5.12094769014458
5.3169938437736,2.31557880089266,5.83472391904742
5.53829841322583,2.5789540931425,5.86537051860254
5.57642203231867,2.40281857121535,6.3721321332446
5.8515540016275,3.03569701688823,6.40666709738742
5.88775023673702,3.21208216845864,6.51471362153347
5.16889538316384,2.02986639864511,5.24739589850558
5.97414683406091,2.30806399718099,5.61453770418555
4.93903546581484,2.12007585242742,5.29875579651337
4.55448409496126,2.03849380074399,5.13155912806668
5.51330671857767,2.74604757990813,5.74267372907122
5.56572054350012,3.42897352318985,5.96691639154424
5.87910364929686,3.27876337323637,6.22993237354297
5.82078635597355,2.27997863412048,5.40916019393859
6.05548502655862,2.26389932695768,5.88433321150199
6.06018076848667,2.07245892842767,4.70197509085062
6.06260374463815,2.25914199155896,4.44258243497777
6.51249754607393,1.76669195082956,4.41818342304358
6.80715702141271,1.77182967472343,4.95137122623991
7.1565229126776,1.92986959920698,4.0527025581384
7.52589623408954,1.69819366971936,4.19931703307865
7.07820565820429,2.594388563912,4.18484649598402
7.05768554391858,2.56079249144327,4.41811097274075
7.67190989855645,2.59388301556048,4.18287597849587
7.84965264028002,2.98457004696968,4.4385377858043
7.92843560462559,3.05869376074996,4.38362800868149
7.88169782812196,3.00637707271481,4.41903086031319
6.21175897589206,1.51065907255074,4.11718695519641
6.17182138443566,1.58876196370782,3.9711386372749
6.16533557930609,1.38458231119425,4.2698416143156
6.39632520795164,1.40252312303188,4.5958053298816
5.96529830728308,1.42418157650499,4.1681995956631
6.10739566744801,1.52163745242682,4.33151739581197
6.84325945184733,1.56841186201009,4.84602144280687
6.98424874459085,1.85063203096736,5.14539545693256
7.24972048598452,1.72175122011765,5.08820685561151
7.37284706527072,1.604459497497,5.22834166719657
7.6770832607826,1.53766455148266,5.53777185512317
4.90619196624558,1.5155637312925,3.51287603980958
4.75605059555124,2.20647205154539,3.60221902830175
4.44713283351483,1.53811552545973,3.25489996656846
4.9215564485464,2.01279117951975,3.62863856961029
3.59197205093975,1.60035166026803,2.914346611227
3.63429218430007,1.75482557742997,3.21170867875466
3.77091784910529,1.63022002698967,3.17113170199971
2.84491085413952,1.55762602527046,2.37750452201062
3.06777246735654,1.55780409690169,2.89568161955426
2.34412091606707,1.61934051654647,1.96274108623771
2.65314895839172,1.7108631466131,2.26850108117163
1.89551904818512,1.63659666844558,1.9347201022411
2.2108618423811,1.73296189051105,2.19728043998581
2.10895087884816,1.82519524583472,2.56849857560486
2.4166892037421,2.07786860613603,2.84161276847113
2.32635845584388,1.95415320790085,3.00202128967076
2.64220512783032,2.33698794237873,2.97107338128234
3.08880463230893,2.8840983418389,3.25430265574896
3.1892171423465,2.76977397755755,3.53700938983943
3.44033181860682,2.86852012566284,3.83731868400845
3.65168921944597,3.29090316646697,3.9041825795826
1.5981109539264,1.44907642713009,1.78517456330545
1.77663289785595,1.38659090978225,2.48070206086192
1.53735057775762,1.44706529560854,1.39415795122791
1.86987093574786,1.59144419611555,1.68048687041925
1.37729944776558,1.31721078751167,1.31577123127394
1.41896850168161,1.30698856591072,1.49829613580064
1.76496777091054,1.48688284907641,1.69667127588664
2.13733644238702,1.83277347046159,2.12496211473792
2.14777886139891,1.8399509544538,2.07631682980359
2.18479510938113,1.90547763365051,2.11349874929671
1.13607213855271,1.13510990450289,1.02809865901926
1.25186383299467,1.17685849753739,1.13361115597556
1.04371531288111,1.02115063235704,0.980221436969853
1.18837857450684,1.10856903410011,1.23697051727558
0.991638772979886,0.871184878303625,0.812352159566351
1.07874789936215,0.875475007202237,0.84637800232869
1.14282374043258,0.880977563116144,0.85838331135527
1.8202243774166,0.979238770249356,1.18452765184729
1.98561933484431,0.866488575540285,1.30136561116189
2.51483713850091,1.35569872456291,1.8017535634424
2.52821814894175,1.34461479553152,1.80113584959509
2.53568699979436,1.39257090643068,1.83477267883122
1.48452845775694,1.00894184116967,1.15688888404615
2.08044933915023,1.64013695411464,1.86104146269096
2.15061369949323,1.57636931630407,1.71707829166521
1.83821247269055,1.19482218436861,1.47538210289473
2.25716490281796,1.73438409383549,1.96777818480267
2.28603644518969,1.77396977147012,1.99325751453713
2.2727449322879,1.76041253011227,1.98890401450144
0.941110811887614,0.83077036076486,0.741659191096773
1.01021986900472,0.896866312739386,0.833975743311431
0.987218647927281,0.82568016530318,0.744765035163374
1.12213638698447,0.917686599541701,0.874459650870742
1.00262368487305,0.803289319372907,0.728993771544975
1.07092351352355,0.833185375154155,0.760472821031725
1.2022786142281,0.929143703500703,0.852476166628887
1.64350038591052,1.33886364011426,1.25079404198452
1.59486263730869,1.37863904643447,1.29837277088905
1.88603283235674,1.57282592128266,1.30672940444016
2.23124293970474,1.96624727496395,1.6032130426222
0.898329611541552,0.72602665068427,0.678590811260946
1.03512750077483,0.817648281558501,0.771005143264998
0.827626017522082,0.65133386062849,0.628224902699839
0.929436075829219,0.681973888389764,0.661296158831127
0.776477275075363,0.617040623217408,0.605765038543743
0.764469455286343,0.649744292125451,0.629569199602749
0.866664632008872,0.622779636863592,0.626194671482173
0.982258346047301,0.673584982947782,0.684534765333969
0.889086476287004,0.679695217211088,0.689859511638666
1.41043342894123,1.24525175699265,1.25065394980953
1.35825507417576,1.26437850061579,1.24807304736351
1.37423222373798,1.25492056548982,1.29282201925753
1.02420611570411,0.721611236317785,0.70685422019379
1.50503907946358,1.31155637035216,1.27501088329743
1.4977162019877,1.27506622349411,1.27844184420741
1.50044056465048,1.28395065680337,1.2833027577129
0.798261488453267,0.636066990335537,0.612853175971167
0.90195028729104,0.689943890793698,0.663593415555629
0.780965695336969,0.663031034268526,0.629013845775974
0.781452435870498,0.700772100721542,0.667329808896054
0.838841723274095,0.718281586392583,0.663127514419282
0.975896727301972,0.794301923669789,0.739550372299728
0.876204668626283,0.784221273522675,0.724643788826853
0.792994449066768,0.711102504730135,0.636778420913072
0.79464100631447,0.700885781113507,0.645672631722979
0.816823385224531,0.791818411604893,0.676170818606318
0.8681239543409,0.856493126961765,0.724908407656664
0.814606701730535,0.832177983461185,0.68396232320924
0.852869019745847,0.844133619499274,0.705508933105388
0.91271374908215,1.00951071594371,0.782750359738985
1.0921586574288,1.65686012879842,0.940775024356416
1.11702279874058,1.47209454535915,0.950468016472687
1.15107651790213,1.37071432917847,1.02830251086649
1.43283827350101,1.88835458628692,1.31863038545213
1.4305717792951,2.00681468203106,1.36309293972124
1.27006753255462,1.5411625479918,1.22338357711305
1.69097336372871,1.84676605847915,1.57755073919323
1.67369959796891,1.79932799385944,1.65795887145194
1.6818755925766,2.18603638166628,1.73030304786946
2.29968197016599,2.75067717853779,2.23835923909796
2.03153536856948,2.58506950957995,2.07210713763391
2.14577231271477,2.63958332976529,2.2477886181948
2.54571526123834,2.9999133710744,2.63263534458628
2.53428896159528,2.97272697618295,2.61997968485662
2.53583240365253,3.00769072051839,2.63442583431545
0.751598301707584,0.808001616941361,0.650336924584709
0.75645505568185,0.825839847327252,0.681309616868258
0.767548577573997,0.837327743375508,0.663980932352218
0.834534509874901,0.884784498100743,0.722861776903552
0.770874491153929,0.886070655916478,0.678521139947519
0.853924478115209,0.975952269868562,0.748937933343173
0.901770166328064,1.05795872113132,0.817427587769204
1.41861461523272,1.48656649580075,1.32901335696075
1.42408570717675,1.49568576624482,1.38388766233583
1.38317019679828,1.5901620290361,1.35348599637122
0.708066617826744,0.807162730086671,0.634511713847998
0.761298518035748,0.899408759400281,0.708738872969707
0.678822403687195,0.724755825279891,0.594627036784365
0.732127850138328,0.756613145293351,0.636013246976813
0.638407479080378,0.674024705673338,0.561269824723711
0.658743611979487,0.690688865605903,0.58645720508424
0.64244873586717,0.656422767326953,0.569217275425434
0.711963766729729,0.756193549502289,0.608793292916393
0.712312842959514,0.736988934819995,0.624542988238962
0.743068847969538,0.746856384215333,0.634994202950082
0.94612681748127,1.01218527060249,0.806152645021348
0.646476674615715,0.684109411172302,0.563545655946547
0.731890672335927,0.803437107681723,0.655519218024794
0.652698242541177,0.657052176732549,0.555804564548611
0.692300482261411,0.683283869193833,0.594478998632253
0.710093035266214,0.691540464309318,0.58003726578613
0.75915906826646,0.742297439154881,0.611845594821303
0.820622377841969,0.802743568946256,0.659938960668199
1.2243536816088,1.21620771741577,1.03671973072548
1.15993999321403,1.18650658141564,0.996263845783573
1.69653183815742,1.39305392974241,1.26999025366002
2.44663020911871,2.05608508754287,1.90766834484553
2.3351635440533,1.92944881260048,1.80433980434629
2.78345117832846,2.39540252719893,2.28605225603912
2.76171873954973,2.39840702016506,2.22847841507659
2.79446366437516,2.36431689523335,2.29137171617911
2.14537612315554,1.88502194718071,1.66473186675078
2.5828904488674,2.36262515408896,2.13412086197826
2.56100817312733,2.32616510078123,2.10817038364599
2.58078659951665,2.33086686359625,2.11803904987827
0.699523663248047,0.659507377475839,0.584926342819991
0.745735191755623,0.717741264694878,0.659239526379045
0.714306106948125,0.665663030052366,0.583102407260267
0.757275982773403,0.723963324358623,0.611666771692746
0.71714674151468,0.664245406911844,0.58646491285328
0.729884965018945,0.667142265811205,0.611412781930988
0.743355281756778,0.702650993139307,0.615655543564668
0.806862985340503,0.798680662437351,0.667188054219884
0.808236899643921,0.782805154527625,0.689123750826531
0.762366948779445,0.708379078316274,0.665272792259175
1.13788804756897,1.05121421089988,1.16305692230734
1.13438300868434,1.09966122689272,1.19128696022666
1.63543951343176,1.63321373769796,1.77560952226392
1.68956861898976,1.63827316295043,1.77806792024824
1.69072142116044,1.6493412349379,1.72869359718208
1.1274757571537,1.07108723703259,1.26142638796518
1.66978056946163,1.598088106401,1.80723997179645
1.6497925171723,1.65123444763091,1.83843837301803
1.67617602706657,1.608186543312,1.81469584043534
0.753259544991158,0.725522503729321,0.607273548442248
0.830059745854799,0.827570896193625,0.687293077153111
0.767670853152184,0.734909296937529,0.620763400709167
0.783692712213001,0.733225747031195,0.646838187115822
0.821579311426935,0.81299400266181,0.671139003349351
0.882078252049265,0.885593304698666,0.736278691287816
0.888766969875887,0.874730500544271,0.74296717800807
0.809748337086484,0.828053282098158,0.661048222265159
0.805772999454834,0.817902633015755,0.667563959952107
0.870397296460237,0.915611247375842,0.728393727752587
0.942664398954354,0.982336191573344,0.796843105322133
0.903168151858734,0.964080375481593,0.756075838218235
0.913687132816377,0.965862740974984,0.759468827020909
1.01432190172943,1.09389867163117,0.868050528548864
1.463527820878,1.4771448766161,1.36590655986258
1.47279283846195,1.58375960496495,1.35558721802079
1.49359284159028,1.54830156829803,1.41201060835923
0.898637770580806,0.958719898191197,0.754937945152869
0.933004278961112,0.98928026855117,0.802503895068942
0.909488979620227,0.967876057929886,0.759029344510172
0.941081541896578,0.998261382803314,0.789805381972859
0.938882291139548,0.994591833371616,0.788556056627173
0.980028047638187,1.0354829524114,0.826011490096149
1.05805424575924,1.11550161363987,0.893765296825702
1.12800211156233,1.18906500055474,0.981173711898265
1.13902047785501,1.22974620332398,0.991152578188321
1.2301462307875,1.26941368632275,1.09627631239507
1.69071521341564,1.69412693758202,1.59071386598863
1.75725622835012,1.8130257957045,1.6959662859942
2.30169161225411,2.35312207938166,2.06872941515605
1.9348908071033,1.99637409131322,2.25535105829511
0.891511605630496,0.935968153098239,0.758565499297648
0.979729793972691,1.02237460042993,0.863477838154931
0.819645410105095,0.856972028082324,0.69682822842354
0.840558379352286,0.874283928730572,0.719749700305379
0.783696932211857,0.807585882356084,0.67643850905877
0.83043809705864,0.855294573288717,0.726442027417692
0.762320237492235,0.775450031705496,0.685453741987436
0.792784364838828,0.790755249386868,0.737795363983519
0.817689306126542,0.838753163548839,0.749016125558895
0.746150490113636,0.749870096464207,0.664870291691696
0.764659722364117,0.769354769702127,0.670801906358416
0.775842910115174,0.789817323521749,0.661432094855913
0.835403890890269,0.841855170027545,0.703960367654698
0.774666166205478,0.781535526578022,0.6707851352109
0.805561383654263,0.812135773042225,0.715961596805943
0.792553489974685,0.783267973760822,0.675918981529417
0.808444868838766,0.789324935248399,0.677470215220841
0.878523796806145,0.886506651099301,0.764415644045109
0.952597356163081,0.962855266784821,0.841958213204217
1.00623036891252,0.972806632162296,0.848407636723523
1.46939382617074,1.46667419151363,1.36934848258517
1.46734169016564,1.43329012200619,1.35071398623514
1.51743677680042,1.42540231557857,1.37215566567398
1.01924432577952,1.01773774383196,0.858917385508985
1.50144287561597,1.48697751420907,1.38105747506354
1.50350500343904,1.44785611629927,1.37145214310039
1.4858143159411,1.52587410294655,1.36706492203084
0.770251430282083,0.732611124293919,0.664861004590134
0.815881023078794,0.790783977368743,0.735976318639251
0.784170820456984,0.693354700302929,0.647849033111433
0.839128224419756,0.726695223674703,0.673326142356872
0.802756798615587,0.668648822664246,0.65213331113669
0.821942046460312,0.703483232041549,0.671992518706563
0.87832768349282,0.673856309102313,0.693256953449358
1.14710479494628,0.813449573592302,0.824994545826852
1.31634221183637,0.791559980333696,0.771358618783711
1.45192419850227,0.887137537897294,0.848007869954504
1.24770285377195,0.801593766930387,0.825881381901598
1.77447494370014,1.36468693670097,1.34292696475965
1.79094616273221,1.33457589152265,1.33918622547065
1.71774068522342,1.34352893519677,1.38599441176243
0.844607910946333,0.693540772455555,0.679847298964961
0.964051298820671,0.735049946817174,0.735050688991709
0.832868610081335,0.738103675706897,0.709122522273216
0.837016115237395,0.777935194584218,0.736370042676176
0.905349670267729,0.802184361554538,0.778836729676374
1.00487494234143,0.83785954577656,0.853984466085647
0.987863189294479,0.898666648549377,0.852277967549631
0.871518676391364,0.815851281057992,0.788534341465005
0.999050992431945,0.950941819911912,0.91802922443465
0.832217073393962,0.765907393637397,0.758477487494384
0.890232369878658,0.770417353019405,0.796181240251802
0.844930864595427,0.782503099894038,0.778532078416645
0.92501376925415,0.851841764817729,0.842759315703209
0.891763448673554,0.8226246264119,0.817582161118889
0.939008518047222,0.86795029014776,0.863421398395686
1.10032340968666,0.998161614006834,0.980357133909877
1.55212030564457,1.48130619496077,1.44532724559066
1.54406817411537,1.46868050252917,1.47499143822622
1.59587886342128,1.49676788998809,1.48644104413951
0.879498641474537,0.814633196958861,0.838078811862071
1.03085262341353,0.952551143578456,0.995228842764047
0.977929058933869,0.92868815334527,0.988848082798964
0.961237935384386,0.888402010850146,0.918899524810757
1.43426560659854,1.4121011372215,1.4286942036665
1.44242699743104,1.37873293964012,1.40842827510912
1.46847468417645,1.4050817041238,1.43131788587177
0.798836660658241,0.723605959196395,0.733619956872649
0.782471532523877,0.69623093130451,0.725977033115346
0.854533598212952,0.750559884949187,0.759512927965862
0.970499168897785,0.84904993539752,0.846010049701331
1.02708421809448,0.91419173969725,0.907533023848771
1.04097568907649,0.943004112435843,0.919341066614309
0.823861146430387,0.711341882791376,0.734380947048759
0.843541435677041,0.712090391614682,0.745593255010877
0.92948387606582,0.813377252544692,0.821040858565224
1.13585568343012,0.922890226048879,0.9308077294177
1.07737943439867,0.923385800021864,0.937370456866729
1.08396184558511,0.891785609472858,0.906774465130709
1.39068153920803,1.04822976791052,1.08123095377217
1.30144211353151,1.0209097772151,1.04951747938686
0.786536946790674,0.667455643939923,0.699731675189222
0.936494732866847,0.749710727941,0.818876923996684
0.82008381219572,0.652031875831087,0.673193125378299
1.0239405452711,0.749403274354646,0.784635496505641
0.786267626257085,0.623653010260946,0.637331029753264
0.809797107792418,0.665384038190407,0.66248068912337
0.827974087691896,0.6085026937648,0.641480909365643
1.12598706254614,0.655508043067764,0.826231841697957
1.22477727847744,0.663919836896573,0.875864071357044
0.901879890364877,0.653479852240849,0.786005827918351
1.46444825372553,0.738401714320174,1.22481534309159
1.18356937901842,0.730089123993362,0.98173537722459
1.71668625899195,1.28271210325291,1.49833701228135
1.71198645238424,1.28825216768747,1.51768499047592
1.69277479593456,1.31010572648357,1.52391826967457
1.43177015924827,0.77862280181687,1.13012089491314
1.93734397500658,1.33971880651953,1.68256818982435
1.9323341813348,1.34077672234065,1.63738562930825
1.96200141756841,1.31253852728401,1.62631160982534
0.815607065823959,0.654472069208448,0.65962095383138
0.863529459956087,0.711729522193621,0.710211426296581
0.852485591908789,0.690642841833707,0.679185615124949
0.879059212160902,0.720300558076307,0.705130956414555
0.901062977090659,0.743188866022244,0.715633954486597
0.977421815403208,0.808836397534992,0.778955420416021
0.971481022103482,0.811758906756663,0.782338667071687
0.833985300995472,0.71353981169182,0.672625557430429
0.820510655833469,0.697625724980545,0.668991148148567
0.84761467386051,0.773903971309779,0.70163910347044
0.919542162006974,0.85344960537367,0.773869068671025
0.801823039382137,0.774988344977323,0.680967894294959
0.790334360027944,0.758189610080281,0.673042457239217
0.871431015198591,0.876280721439326,0.752088435277361
0.927204605920935,0.948858703741448,0.813702830332034
0.894743308358721,0.928041003869952,0.79701795774002
0.958579555130978,0.914244621494022,0.800404311207401
1.49434435316201,1.43213905290007,1.32239171407142
1.43196393564454,1.40989833269267,1.35035433333084
0.755063025635479,0.762188332452769,0.662465367437519
0.799961872367934,0.798894517382749,0.7038452252837
0.716872783661065,0.759821230780823,0.649063955025341
0.733583006176001,0.78428905085914,0.665213557229935
0.712401493623388,0.787054669609103,0.661673438922549
0.728625682294457,0.829264164918833,0.692243568501202
0.800064708916054,0.906079470417573,0.742786353167669
0.85357415751651,0.935558972200587,0.793162898238675
0.855546141249907,0.969204814174312,0.799333627023594
0.896317687396442,1.02870725534341,0.844887707616621
1.28594543286903,1.33887047274031,1.18663639495903
1.33574345416763,1.47390459445471,1.28452352914882
1.8454498935752,1.95442006575612,1.76467554722119
1.4295562780285,1.58214302809728,1.38615945765712
0.697652409913928,0.725777814244894,0.644476273022251
0.788370731869739,0.796482446167762,0.750206153970236
0.679848284622436,0.664927646106897,0.601438955547602
0.738140110946227,0.705167392482789,0.645792197718084
0.676019982033339,0.628524579485044,0.590033578965119
0.722214088737595,0.665665529193751,0.628845291139523
0.713871497668814,0.630189654628128,0.61784304914088
0.734229994631999,0.661228478832388,0.647887127174197
0.770544727555313,0.681053169417406,0.676172209436503
0.818639305205972,0.719113958511948,0.698350816758524
0.960577875878752,0.852283410940427,0.814335773008264
0.656506794526198,0.627123305262112,0.575645882067249
0.697812729404746,0.709015602863333,0.637693669465751
0.665145473272183,0.619793165178774,0.57548640173695
0.713737513400598,0.663091992367257,0.624344488434088
0.676304219994173,0.637619204686416,0.581117672328746
0.690974701581101,0.654218444980187,0.595060668240718
0.738977798861801,0.745045864140663,0.645739123779959
0.770536992550254,1.02962791676279,0.68034743423924
0.812551784001574,1.1139537613928,0.738299536165036
1.33297173866334,1.62504078075797,1.31377370879215
1.30776895065796,1.64811420815831,1.29307336483952
1.3598541313584,1.63133417082197,1.27926758844092
0.824739170468134,0.933228842843511,0.730914892749943
1.39823781699453,1.3767519117695,1.39999566105913
1.11890315051972,1.3140837827724,1.13497234913174
1.4702425112062,1.31964774149915,1.37159845622783
1.97630083892562,1.81581763932093,1.94659028957111
2.03374506945163,1.82110744482042,1.95029403112476
2.04630428216899,1.80588135785935,1.95089874065667
0.675419269682616,0.633621737817651,0.597013573464644
0.733759025197052,0.675521747585513,0.654685393287873
0.670941015190274,0.653672985323396,0.611201832894136
0.689970014251835,0.685088271658947,0.640263044538353
0.678985305122897,0.66912089138414,0.618044174303231
0.701829744753866,0.695674214329179,0.643885039048299
0.686261456461867,0.674923695749194,0.63455428748859
0.722774813401433,0.711930566139408,0.672141638975365
0.750309421983008,0.752374492139595,0.693190307146509
1.31428124037108,1.30686313908885,1.27367504602546
1.30536526932832,1.26958386426589,1.27047711328147
1.26077262709641,1.31849880236309,1.22979272194565
0.71170445978561,0.694196190840303,0.678926265759121
1.26882778294303,1.26088089288536,1.25224514150915
1.25719824817875,1.2480156449296,1.25801741879854
1.27616485680146,1.27082811148323,1.25113534158423
0.708460498124377,0.716735576417166,0.641892758841408
0.74620725211074,0.761185895289137,0.68730302929417
0.749806172702962,0.76211003486402,0.672336659513476
0.781454147916527,0.784096463370251,0.701617458228155
0.79588544722915,0.819523732541945,0.709235810828965
0.818224187800671,0.851747263431543,0.742556849418021
0.882318448309539,0.895300507357608,0.778644763562465
1.08629459560543,1.07823542544789,0.969380907139063
1.07564416383872,1.09903087219327,1.02396508446662
1.08893540335065,1.11994180835785,1.04391448805681
1.52085239661409,1.74335349709808,1.67592597751259
1.51848730760832,1.6321660573977,1.61781263919094
0.802528845788348,0.836306487553312,0.710288202318638
0.810578932336556,0.838731582743286,0.725014749682935
0.859629510283437,0.90685165228994,0.761393401889634
0.918320219121956,0.966959195443134,0.825602156414697
0.896156455956025,0.954511562567789,0.787088010932506
0.883163910697601,0.93699248677619,0.779952148363652
1.0066387950417,1.07782354530031,0.90287746756432
1.47735096798439,1.52118635010007,1.38314085299164
1.43741247545169,1.51708405786965,1.43189789967443
1.50673854162682,1.53171219839551,1.39332414470303
0.931742545774561,0.985150950610964,0.809902434240124
1.01773243696692,1.05689288892329,0.895302111462298
0.934221054059463,0.99389551791038,0.807019950105544
0.94798290424398,1.00868197813163,0.824920384928957
0.995675626464075,1.05284491709018,0.860874463502161
1.04612766277584,1.10517974063899,0.909782975470775
1.08241180839461,1.13513975044993,0.944040074344579
0.984544811372509,1.03304033729356,0.855571052889729
1.17269581456586,1.2084448300076,1.04247818716253
0.904785104613888,0.933477087279572,0.78453594689007
0.945312043125835,0.954901791359598,0.830530804571499
0.898396905110372,0.910632630960403,0.779076492466042
0.965687520772842,0.978588688299893,0.841146213083138
0.905689036396224,0.890188334054747,0.797343167347694
0.969276315816605,0.876127410515128,0.850564464982833
0.996119073364406,0.931011864138156,0.884754923349201
1.48278678503643,1.42504958170914,1.39792114005399
1.47532056747956,1.4092444580899,1.37203250198835
1.46846043802794,1.39727115157163,1.41725667921122
1.06751471997802,0.975916504153108,0.947025924906062
1.32228783324811,1.12415588450987,1.20461800536337
1.30000161168484,1.12239145973059,1.14585877518204
1.24229439365216,1.17440556018523,1.1334263659375
1.68743355959907,1.65572241815758,1.59563215089372
1.69616451094181,1.6356684048497,1.65240562113651
1.70960076820882,1.62807976250309,1.59943418296064
0.86795004552799,0.87960785814562,0.749800429349812
0.864274475485546,0.8622302283939,0.758731806872573
0.912784332965252,0.942845692492465,0.788822943292091
1.00007751636688,1.04248065688921,0.874822085025724
0.901391372499096,0.932420833712896,0.776674499436055
0.882647419156895,0.902216047992719,0.757528149273562
1.01897557250313,1.05368786743765,0.871547380827871
1.46969811605236,1.43923158462253,1.34044110078331
1.47404313054547,1.51082631527345,1.36260329867354
1.47821611774225,1.5643449687263,1.42610413064112
0.88062633272874,0.908046803862824,0.771810471714677
0.98527353739701,1.01774552227462,0.874198590392056
0.824312264884857,0.830245224575455,0.736247492291355
0.827468579975654,0.824207370630685,0.745152839514308
0.822357564409696,0.826946670314073,0.745208872821245
0.851258607765187,0.88565844885349,0.79275255178028
0.827504691910235,0.794634284304796,0.73435464275661
0.965229541676136,1.00426342974416,0.931886907436337
0.967820492216584,1.03900151027672,0.990676598401148
1.47954950223918,1.58893163834004,1.50243395843843
1.47541606088527,1.56211731591305,1.52463801336883
1.4653784421614,1.5317846507819,1.54147943549624
0.98091215348116,1.06180622516459,0.976039299364495
1.48437997460943,1.54375337429464,1.48458717928497
1.4448672506983,1.56690768413989,1.53545013805477
1.50143404810235,1.6296888247077,1.51053556124298
0.868839480031596,0.854739303070891,0.777515613184047
0.927775244080317,0.854397229976121,0.821600973081041
0.949527241316138,0.951566328736019,0.842822515372754
1.03583861065666,1.03821192098173,0.920291526092289
1.01238662378645,1.00721834251042,0.893412798531834
1.03288983156206,0.997504184222538,0.902318553150307
1.14345477234042,1.12046294265198,0.976155804705822
1.22514398413449,1.21043208740694,1.03666953412676
1.23113726560889,1.21430631762322,1.05362830457289
1.20923498015189,1.14588437880803,1.02326533549438
1.25263142408288,1.26674779818365,1.15212266527499
1.4212086655539,1.34631049997129,1.21837419008241
1.78943115956949,1.73977994701529,1.68334996296896
1.79033095365734,1.75777018682993,1.6280256994939
1.87931364583907,1.79619151278987,1.66766657193509
1.29576306893229,1.20496488377261,1.10014281513838
1.69391388277276,1.62743273105128,1.58896615518829
1.72244403247409,1.63577948240864,1.52139985056361
1.68958860411227,1.63377717631143,1.54843954505919
1.01309191806936,1.04113139654203,0.922572740226212
1.0361656239649,1.06541640576895,0.946723362406773
1.04404852817182,1.08405396323963,0.969820147120436
1.08220924318647,1.12290186791051,1.00309130971816
1.07941357374288,1.12152635184503,1.02251281271757
1.06706818012405,1.09623682677866,1.02193537461008
1.16010143549495,1.20060355333127,1.11415240070672
1.2549646794477,1.38039245982302,1.17233797927661
1.27914920433842,1.34314349055218,1.20201076938738
1.25606153662349,1.25617965775563,1.18166167628425
1.38853384775092,1.40838353518585,1.26171907832453
1.34097185207788,1.43456053075505,1.19998033954711
1.4382860517551,1.34662152679183,1.37580686636323
1.88791417811722,1.78218806839699,1.87542818308199
1.88852033212342,1.76575073478426,1.81334533682984
1.14471426872637,1.17986970519018,1.06942411492713
1.19114652513384,1.21212479477314,1.11817890276877
1.21283812901995,1.23888420310979,1.10974455390589
1.22489290784843,1.25655072880308,1.11770480939996
1.33864337880022,1.33047980516747,1.20047296297091
1.39737029358719,1.39637995682803,1.26671022305386
1.43562598583497,1.4131023123635,1.27949376888578
1.3522190398439,1.30579532070769,1.18133568210711
1.48710783769806,1.40903194720417,1.28989643163961
1.27214553234868,1.22918845743974,1.10821763573448
1.23470087011702,1.22136012416249,1.09315127405201
1.29418216770743,1.22085721464057,1.10293793652039
1.41507463332338,1.30327520198042,1.18076755131646
1.25669811381172,1.18366242150066,1.0752652861831
1.32450728812932,1.2864832603623,1.12392646138905
1.47405452657271,1.51402634981559,1.20757693351867
1.74478893751328,1.88206558609323,1.47545696905899
1.45142454169319,1.48010810549829,1.31620722124753
1.85993136293509,1.91444559531628,1.75569690482369
1.86008276612937,1.91243354632093,1.72891818721924
1.85781719338696,1.95058170885936,1.77054860706044
1.27737220437762,1.20462871583122,1.08860135369406
1.23868879627791,1.19232632528367,1.08107635456079
1.37451009985909,1.26203538330675,1.1398270284236
1.47384367762112,1.33657970899362,1.21044947808337
1.38686343535991,1.26241361076255,1.13951308357056
1.37710485608744,1.26984171218517,1.14729538857109
1.54786358962617,1.39762625761475,1.27864797774498
1.75726310008846,1.62680594814483,1.55825886577318
1.71495575579742,1.63970579524718,1.50665876494333
1.76505396336304,1.67487769712867,1.5409963740884
2.08980069009749,2.0888728030019,1.92229869229123
2.12259952253561,2.08511326345569,1.9585799492754
2.03679278954268,1.89855791040546,1.80210826475331
2.40743559440303,2.26246526752782,2.19899180242423
2.39552677292307,2.29600379866399,2.18385478396972
2.51408789089882,2.3628650119778,2.28573252000415
2.93084049935657,2.83809654107842,2.76905964657389
2.94398404538509,2.79096310597762,2.73452072279695
2.91660990653259,2.72864125547046,2.6645103319024
3.21453684319707,3.02505018457191,3.01406751080218
3.23317485748062,3.04714699014783,2.96745937629657
3.2243048003431,3.05498778234157,2.98267174538452
1.32361556788336,1.19255048251671,1.07858984040569
1.38207061460298,1.2433074878256,1.13889933374763
1.2660784075269,1.14241380810685,1.02716526140356
1.28630002018006,1.17218360051305,1.05586740634783
1.22321364406174,1.09213365028739,0.987685313097986
1.23515679111807,1.10285789759317,1.00352771438831
1.16155054099311,1.03974235307091,0.958554360387605
1.20175814525455,1.08497474152426,0.991522191541084
1.17453553106289,1.04934277394761,0.976996985794677
1.13089492773124,1.00923344181109,0.962396335261137
1.13483532545209,1.00347688368169,0.989100871899968
1.17151881140431,1.041236327322,1.02736912484723
1.16752034491402,1.03053703395371,1.03916664075604
1.2382538095568,1.0949549580184,1.11635647952005
1.19826304433202,1.06114639169971,1.06540204770816
1.27690358458462,1.13137991771891,1.15017008638866
1.17060557754071,1.05307945841888,1.00727326208589
1.23660816203761,1.12772411395239,1.05448681014009
1.201490570919,1.07773940655856,1.05647457256532
1.28398991908824,1.16468506311795,1.13745800660088
1.28004404692882,1.12574656755388,1.00886893279094
1.34899908099611,1.17406595758999,1.06363404727373
1.30184201381648,1.14800170387394,1.01729707859246
1.30606887061229,1.16672020548452,1.04064150749295
1.35837604270508,1.18171409628857,1.03017778641413
1.41703950850227,1.24237225463722,1.06724690819934
1.44546544492959,1.25407196524987,1.10288706928539
1.68674059384403,1.55043852296875,1.39277548253859
1.69071463557888,1.57269968849097,1.34509709890607
1.68963113796231,1.78245457487345,1.46284997567139
2.10393236701745,2.470333638268,1.97470644192419
2.02655306902389,2.23663140541593,1.94542834171634
2.43524962419567,2.66085410593296,2.39031467233522
2.41858708626524,2.66128295888782,2.39418855484781
2.4189677901454,2.64887827551105,2.35899312844407
2.07057416978301,2.25011872869399,1.7888435581903
2.45619585679833,2.63833370004158,2.22975345104281
2.46144138721125,2.71523539698288,2.18245629880348
2.46477730647602,2.65555268539158,2.20504362246473
1.30664931993663,1.13126478232664,0.983079605319002
1.26063702697899,1.09963442603748,0.977258109488857
1.3528273707301,1.17476555898475,1.00029786036553
1.42592509431467,1.25657927383591,1.0621123882892
1.34984450995982,1.15907135485704,0.974436799534888
1.27257475203594,1.10965081851198,0.937718139773013
1.41299244648946,1.26246605467952,1.03436893021006
1.38182732874633,1.31819720312745,1.05874024901745
1.51802116591475,1.4017504597203,1.12258565924877
1.46486110973267,1.33608766240379,1.0590250775929
1.59051957389867,1.64536439552179,1.16230418240298
1.46758625451223,1.53285920266008,1.11479381164329
1.83039922729015,1.96515526065169,1.5809551555987
1.83153140155147,1.91182709786581,1.54150791383657
1.78881745993781,1.94519841020354,1.54315223949425
1.56706810320163,1.46540722439439,1.20006943346899
1.83909479953282,1.84221096763976,1.64694305093915
1.96667330660838,1.86115209807296,1.62888674895965
1.94581457421153,1.9070857619061,1.62495355602315
1.44325931330398,1.21146073731101,1.01320003557605
1.57779590202546,1.33459785964093,1.12731068601689
1.42082061896947,1.19536270632385,0.985523284975468
1.36176972552879,1.16705050614621,0.967764691955766
1.51480443692257,1.28893931380119,1.03521800633786
1.61613880323628,1.37250840761905,1.10150341773477
1.52045770947254,1.35829759966293,1.09634324902519
1.51711020987965,1.52097894182906,1.15605771150541
1.62628269745712,1.57324737693975,1.19492076400118
1.58428448897878,1.50750852352481,1.20405200133897
1.71446338194258,1.80215675167324,1.32363969345951
1.66044817664847,1.81681658753526,1.37764991687648
1.8340929844206,1.82374053874382,1.39686421707424
2.1636096819602,2.17429126476054,1.85343814017329
2.24988561807621,2.2636834039408,1.82012689792119
2.13349573624319,2.26722852013722,1.79323552898378
2.52262942138248,2.64228201309753,2.26294481183892
2.48589191688002,2.63456700449481,2.31079276492903
2.41228714595284,2.63553529655487,2.08218877596975
2.71473183070675,2.91860561254532,2.42839774814027
2.71258973867487,2.95994783115908,2.38770772630965
2.686026188764,2.93434072218853,2.42152883378771
1.54087452142291,1.30949226704091,1.02165943273206
1.4973182085131,1.35048112037654,1.04539738475417
1.69371532440333,1.3833816877732,1.09051818156401
1.81097945895076,1.46118036162501,1.19206459147132
1.76786923655091,1.45202123647323,1.13218191913972
1.90793283376418,1.53115221265162,1.24333084335843
1.79873841267708,1.631407804347,1.16998282835133
1.73592991289512,1.6819078289213,1.12867742409148
1.89730140580286,1.72342912188707,1.26299379548292
1.91852488725884,1.80846277033544,1.29818170675228
2.33213940733037,2.12795231360053,1.72573754656681
2.21337653965955,2.27778810073164,1.77247012970118
1.76090196561457,1.42790149767066,1.11824715228855
1.74446974915486,1.53409582695521,1.12339373496495
1.82605422985221,1.40115854147482,1.16211076204842
1.87763903304606,1.39993112502668,1.21412816480233
1.8682501139059,1.48527886344406,1.19190409133765
1.79879596525904,1.50570106877237,1.14866167530674
1.97194543082845,1.56371072488429,1.29498763812713
2.18565265404914,1.92486923541767,1.63105202915513
2.30410674467607,1.91618994198022,1.75256316928827
2.26591228837011,1.87661730182262,1.67344313936266
1.9659839605016,1.60910849706342,1.25869753294587
1.9965434935406,1.72443964570927,1.27209497573314
2.05990086079398,1.64884599778707,1.34028976149363
2.07970364349351,1.62538663343978,1.36703236480365
2.18196637282897,1.78329867895323,1.43288472671024
2.28937553861091,1.91550347963358,1.49613329604281
2.33673692059685,2.04333108374455,1.57088596971262
2.39150689262349,2.24027401202259,1.83482527098537
2.69495008094899,2.27417843928688,1.80508555582567
2.6232562137236,2.4911386630077,1.89469752277229
3.04073476694851,2.83433744003769,2.22788099280093
2.77626624224677,2.80827438842892,2.23926411024061
2.89041543392867,2.8716475130945,2.09919910861115
3.2434948003895,3.27426197962523,2.48328491564617
3.23294433662961,3.2813138082198,2.46905269827331
2.09266490546942,1.6348804607834,1.38896291548383
2.18889686864247,1.66872820845877,1.45244145713554
1.94423364758376,1.55708721853328,1.32358446186701
1.91118862497924,1.61315552754481,1.31789375772572
1.87088333020192,1.49571187884427,1.30558853965327
1.99240228317903,1.53660466704865,1.39894729589897
1.78077513151895,1.57129946621711,1.30473737041331
1.74933975030705,1.6125817584409,1.25669980491336
1.86032028522494,1.59516645226396,1.32396105837829
1.97057966049635,1.70714196409264,1.4578518860826
2.41807548931937,1.95231343892562,1.79448661616802
2.27443583665507,1.89475283820808,1.79296884419829
2.0322878365171,2.09576952523177,1.82661486111522
2.4490933749437,2.58165718805634,2.42018919137473
2.45739755655876,2.63570617207679,2.38705397399189
1.81532586572766,1.42594666841224,1.23444076831126
1.88494343502521,1.45799454448212,1.28274326921627
1.74376150903802,1.3616760399938,1.15758757241807
1.72461553642389,1.3690074960119,1.15318783751273
1.75531483332834,1.32412184894755,1.114400128631
1.73338902627608,1.32091607650295,1.11220569797371
1.64744507741044,1.28695082163645,1.05149931413354
1.56082824587321,1.69305781288658,1.07175267344511
1.81951921128133,1.58090540899228,1.15296699053932
1.70343615545342,1.21851701005272,1.13788338586634
2.00157889978638,1.85724222847961,1.4697707023691
1.78413958515724,1.83646998009695,1.23235766015443
2.136130626476,2.34387544231794,1.6592981711499
2.12160341172574,2.36037602413356,1.66980931898535
2.12646449707269,2.27498605433703,1.66975504887559
1.82317495736806,1.48625634445205,1.25974811439824
2.15025117929704,1.96105304033764,1.66027756634235
2.12050570620887,2.00366100684835,1.70732534888241
2.21714809084537,1.99538627078716,1.70977054072425
1.9696515877613,1.38540020921198,1.1936495680496
2.07398201874285,1.39389766845892,1.22629911819862
2.10260013416521,1.47012110725616,1.27231033802491
2.06863702315002,1.49569248491189,1.28063996530494
2.34229245513872,1.56314546075559,1.38386266444159
2.37712902352174,1.5508663863734,1.38825328144793
2.47117998027721,1.67306942915234,1.47550843136216
2.73476148969815,1.95833296201872,1.84041046878889
2.71453435952873,2.02847296953676,1.8129243119449
2.70188407049895,2.00141143099506,1.82322205877696
2.48113948995385,1.63027157803761,1.46979338901784
2.68139140617241,1.68055500237136,1.5552419706496
2.41600861148376,1.67575270715478,1.49551720694816
2.31347028685693,1.68358754408773,1.48658604209352
2.53807000002425,1.75310326444839,1.58505049468753
2.73769892851187,1.83286859164075,1.67874087014148
2.50449372133917,1.85511928898797,1.65648868041286
2.51670254961581,1.89109698075938,1.75136216066002
2.66072628170764,1.97867163398791,1.85404298974121
2.63017205012558,2.01620415636002,1.967680376635
2.89370570872027,2.25769391834052,2.30580189880014
2.85077617984915,2.21673201008915,2.41918578156722
2.92901024075817,2.37249070945011,2.34264114567602
3.24480952617035,2.73246335421397,2.78256351817694
3.2831568805451,2.82194738870044,2.75117476001073
3.27355817033173,2.73363872502176,2.78416607683411
3.53147187398602,3.04025032738011,3.12348194423164
3.6307656537125,3.10386785578448,3.10242894390399
3.65584184457571,3.16865434251914,3.35642518697616
3.94095788113844,3.47284040764426,3.69273843610119
3.90918272594952,3.44003447035837,3.66764153971421
3.92947396025592,3.46513572447758,3.67511149889511
2.52397551307136,1.68575968368813,1.54802348189375
2.72657822076396,1.77255888155905,1.65863431280085
2.34003897280266,1.56922014026842,1.43430147824567
2.2175290675133,1.54220114631611,1.39200509317189
2.37293916756445,1.51379076386067,1.40995016444973
2.50606390418367,1.60656363998783,1.498523660766
2.17992307955927,1.44181594314642,1.33452988247991
2.22442130835705,1.68999392284825,1.40668617557893
2.34598370433992,1.78303920635786,1.37969437322562
2.34819665469499,1.3516616673519,1.33121123798128
2.80394016771787,1.77076662855355,1.44128163747957
2.49825772218853,1.73915323126352,1.53104070148654
2.77039960478378,2.17660722826048,1.914285950314
2.85139188894445,2.19134969307316,1.93749391450616
2.81920593645507,2.18886803598481,1.89872327448248
2.75321333732361,1.66149298259411,1.36476314741975
3.1441418074695,2.07959994376791,1.73543915734704
3.10418012330685,2.10875116108123,1.73670440689151
3.07989874329772,2.11716243514413,1.76632185488104
2.5065472413158,1.46864594321683,1.3994549272298
2.72635945185991,1.55709488316059,1.47888102374684
2.44764632145167,1.41487900326595,1.35134340480768
2.34860493558273,1.44076339218941,1.34521934916137
2.56216810462637,1.39562938898426,1.35537850208563
2.7807504491305,1.43344033796614,1.41183170254782
2.27366116304526,1.29524119391566,1.25972749116162
2.10660016963142,1.31580861210685,1.25593777101852
2.52381786237821,1.34837712911125,1.31108929142244
2.66334209420071,1.20500780881238,1.20274917020484
3.33179097351607,1.28547727067642,1.2909313354226
2.77152918947017,1.14741795738162,1.21549886006141
2.61619177889657,1.21289216726319,1.31785272776345
3.32385985532195,1.10352817639246,1.21960116720756
2.78789240487628,1.50927204850637,1.46202749895817
2.71516166687619,1.53919502495321,1.47671457014239
3.15628697427296,1.65818943752779,1.61882814955298
3.41083194446506,1.77618999439679,1.75669980632522
3.4404775113369,1.78420422058571,1.77007353861987
3.359704656249,1.8237717744354,1.8168885101867
3.41961758676863,1.80227140414643,1.80356940166901
3.3510009645511,1.83227680248265,1.87656662291535
3.80668873867554,2.00313236691342,2.04312284327465
4.07413134776407,2.17178719364032,2.23761780097981
3.8867200889323,2.1229834070979,2.35186005735515
3.83965444532843,1.99015992697458,2.0366393075267
4.01673964905631,2.09157214074922,2.24585431893488
4.09679730600323,2.18718213193973,2.38050410457098
3.52200897590704,1.8367987168619,1.80627004269542
3.8314062690371,2.0583496424068,2.00913293965536
3.36092145276752,1.74404174886002,1.71656156933488
3.20962683419078,1.71403767418922,1.68651299815075
3.50640522765264,1.82423642525076,1.81215980738691
3.79001909238747,1.95896227136617,1.9785336628567
3.71586427229034,1.90745953196209,1.97423070904214
3.57566521628786,1.94212187091878,2.04551895512163
4.00029388742994,2.2757961553668,2.39088667655204
4.14109092639326,2.24177274153167,2.51662069312479
4.4266466283524,2.82833598791797,3.15633603144732
4.43830981506855,3.11331336630998,3.35827356417168
5.09845028241943,3.5569392322655,4.06282968905422
5.56242775509845,4.23028182576852,4.75052444647845
5.48215225497649,3.79033951786663,4.44338557901931
6.29811959654949,4.72505179986203,5.54350781981725
6.52296909803301,5.0259636647934,5.85950030579976
4.750037235925,2.78721743156722,3.1955492167414
4.99348763517804,3.04835818463068,3.39136480318278
5.38568366544237,3.52171168069642,4.13011337613863
6.02757292635315,4.17266119621291,4.87410253693096
3.18837624525991,1.75789856890546,1.68814592712399
3.31289041317428,1.90292475489622,1.84445043148117
2.92874953029471,1.64047195204356,1.52440994210502
3.02038492763641,1.65264488520079,1.54325275930596
2.68534509113074,1.59085117570799,1.42474444995383
2.58009076030782,1.64903976338598,1.46659183541676
2.65825772616552,1.49069791113279,1.34259104170791
2.78620807731311,1.55807591523257,1.40798792217109
2.83028426358957,1.47586029593164,1.39815174123371
2.47049532448369,1.49148012257452,1.28041233461635
3.01623566320823,1.94635237612548,1.3267110343687
3.64592658992592,2.5305034543174,1.43789303413897
3.02675280228678,2.05025619827375,1.38070470295252
3.64184993834563,2.66216508886098,1.50801321083856
2.5296092656566,1.75891256532087,1.41313438464612
2.69540982990391,1.93764140422877,1.54548261733104
2.23318277148225,1.76765871084884,1.3388091705682
2.42467966771553,2.27820784988854,1.4395338216615
2.28967340178929,1.89452194246247,1.41378955002075
2.54084103414841,2.46031672110145,1.57702787749788
2.77921090393571,1.63711249868225,1.49503779516488
3.06106383718409,1.68113641755712,1.61402709592774
2.77655524712246,1.72194124299308,1.55476760864905
2.79819231734399,1.78864600071911,1.58272564493616
2.9688966938451,1.79555140562596,1.70007055752808
3.17252672830797,1.81226469301432,1.80491872009636
3.37705852673694,2.07412341681259,2.05968898076124
3.29567740914751,1.98985706251104,2.27559348414466
3.47740608344748,2.41909697624728,2.40003113888287
4.15872175189383,2.79285922352442,2.52409104532042
4.52353098090451,3.53491136681087,3.05280797328382
4.73141485969825,3.16083402875292,3.05614158808188
4.72742964865375,3.13154593924003,3.25706060421837
5.29824082426716,3.79507556430291,3.59097193652338
2.74927371600362,1.67251925951942,1.554667506232
2.71861125943569,1.74581193050354,1.59262667597255
2.80506506872313,1.59684086474243,1.54597538268213
3.03814686625221,1.66142837528357,1.68555945697726
2.70627378748225,1.53534333401087,1.50680552694737
2.66107507514828,1.54577666747286,1.50208566733516
2.78433262386116,1.45660108202869,1.64295539864526
2.96294618451537,1.52761220646865,1.85300152832059
2.83599083869432,1.51619807890058,2.02862424261014
2.78977118309356,1.36814685369029,1.92983470132062
2.78913946321684,1.3485620246616,2.5070100182156
2.79167229307969,1.46824020691327,2.71723994027196
2.92159357784905,1.30313892779954,3.23353452664134
3.05160036911566,1.37453864862351,3.83309319498728
2.99755007506638,1.30660795120338,3.48074662703543
3.13694349660252,1.33780742251404,4.1875961801453
2.9447356156165,1.42859419495305,2.35377391205797
3.0914755562852,1.57871205135803,2.45898712999404
3.01893270139965,1.41226312941894,3.12124498285675
3.18458716132047,1.57426083910696,3.66776312690298
2.82902743715313,1.67803328003586,1.59312845392321
3.1174536131051,2.00507328001279,1.99145957174928
2.71486974646112,1.6386295892976,1.55492863215922
2.59132891702053,1.67098968710899,1.69463278504444
2.8934890442412,1.79993658856322,1.6905734340396
3.11605093700556,1.94388032289364,1.84544509820401
3.06527076735509,2.01248603570031,1.92411026778321
2.91378052083066,2.08143338620672,2.10825804976326
3.65952725888369,2.35004830633317,2.25670537326607
3.13103009347103,2.40870468794159,2.39057249618896
3.46682083256803,2.90539274218158,2.83067317493945
3.44444230963483,2.8645120745273,2.95875612265489
2.74390941731118,1.72880123684838,1.61653602395943
3.00301377972254,1.94395803074143,1.91487960917111
2.44254176205517,1.58602425503485,1.46119376906627
2.38410314955489,1.61496374041311,1.57866016503467
2.33004143376788,1.56376739095846,1.41234588236669
2.54218091528813,1.64465588505274,1.47940395117625
2.22870560758797,1.56967323383173,1.48504225279809
2.53298934724646,1.74808324408845,1.8306027306168
2.48301046426928,1.77430885492468,1.88255017380482
2.08286317700232,1.66205920973481,1.51593164383294
2.38497834091709,1.98530893337455,1.97694532340381
2.40649310999834,1.94947074392432,1.90373233685396
1.97907104026653,1.74943820008197,1.48863133498186
2.18714475192219,1.93027336181505,1.64995375998892
2.39664509527993,1.98149864194,1.71733641951725
1.92525498338545,2.02196943237171,1.4643599434037
2.19658339207423,2.21116020407195,1.77724694283149
2.25063510861877,2.37263550473042,1.74851660242274
2.11500408344485,2.31894655470247,1.5381873099029
2.37035129912359,2.64953353105375,1.91928701657634
2.45790226427411,2.61311560017019,1.86453665412647
2.40864760132376,2.59491189533006,1.92431803832994
2.15802589182182,1.52124420313288,1.3343128606328
2.14175461366548,1.54270867565937,1.36960741312582
2.13428352162469,1.5353041399222,1.32439756372274
2.25512992572307,1.59456926389313,1.39600696594116
2.04026021895731,1.54192969660255,1.3044078994199
2.0568402415252,1.59032376522039,1.33125539755225
2.27647072256927,1.73425231667977,1.47070625975668
2.39655021114755,1.89897576689754,1.60195138936868
2.35178837799111,1.92872993912283,1.5774083551594
2.63433957967596,2.12447125561919,1.71554625689941
2.79921430337492,2.4614950504376,1.89812350806627
2.81225229430646,2.39133329352892,1.85700318418422
2.94297180186976,2.38200558943351,1.96953006540649
3.27494543390808,2.72439374662856,2.38865141979827
3.30313002521414,2.79199919330371,2.36037155031589
1.82707737228258,1.41891696491986,1.21857118324002
1.74021091584988,1.40714430034413,1.2027461561708
1.82791539644847,1.41891616336885,1.250845252026
1.9875309131346,1.52325817928387,1.35925715830596
1.70232553739726,1.36688567882747,1.21897265920092
1.62347365883529,1.32607488303536,1.19198695746721
1.84412239929899,1.47493981816859,1.33791556478096
2.11547312941848,1.81073677662736,1.58429273944441
2.11927651488163,2.02371418744023,1.79395296526132
2.48012800195225,2.47238040505187,2.23071114501197
2.46095933947573,2.46778674578636,2.23883230266314
2.53128032318321,2.49675609357407,2.2534938237908
2.13567065890557,1.81911255165111,1.69090876986795
2.59466782231359,2.38672243314878,2.20896811099862
2.61757642177173,2.35358726528855,2.28081277091951
2.33947148502611,2.06796436575942,1.94146061315443
2.70414988406829,2.43421522299599,2.33367720179124
2.68967679532077,2.45465316245635,2.34323985391468
2.66685888644868,2.46251342628474,2.37676818598924
1.6245246657115,1.33716007738154,1.18549598874052
1.73501540486256,1.4249212577119,1.27667495897353
1.47290411618339,1.25671298886551,1.11604288979992
1.43227769510808,1.23646162558503,1.10630904978041
1.39806485716785,1.24347895697106,1.10370608147484
1.45245378552367,1.29172026401832,1.15898154195588
1.37387258592198,1.22455429313547,1.0808259237145
1.36198208064433,1.24249612181173,1.08267432038322
1.3445419981817,1.23587854085667,1.10941180434652
1.51892751214355,1.268260213948,1.11918538212454
1.57752853404445,1.31083873632766,1.20125113383827
1.53354707321972,1.3382685122321,1.26077717724905
1.76101359601203,1.41703106587667,1.29600931011149
1.85061156783774,1.51092064684759,1.4241052770907
1.88471677537408,1.48081685949549,1.30256131291718
2.09742789136826,1.64125527729551,1.4522233677749
2.03087075499513,1.84993294409821,1.9626791615316
1.6687820543377,1.36314458688114,1.1617405866167
1.69540394859565,1.4292511892597,1.19210408989434
1.84908735270441,1.4671849272191,1.24809331806076
1.99772390798756,1.59813085935971,1.33575707034356
1.32429341375876,1.22767071361973,1.09202379457015
1.3302757327463,1.24618447875094,1.11872748765987
1.3162713052345,1.2620940123642,1.11703000284113
1.37937998424455,1.33908870837138,1.17952804944872
1.26581574563389,1.24024267145828,1.09521272202296
1.28614244020037,1.25854861314121,1.10963917553625
1.35039538044275,1.37926143958657,1.1939442245466
1.48612203022166,1.84544968492074,1.53455016850393
1.50597174209039,1.74481900633403,1.43263532212606
1.64208581472059,1.58064535771768,1.59108316301036
1.97488698331853,1.98402599011854,1.99768969631155
1.94555738449729,2.10198205960658,2.07210571619209
1.73912368256535,1.72885565233018,1.68802462953102
1.95338282890237,2.03505535228028,2.00802968966821
2.08245792745188,2.13581372690045,2.07411360437061
2.20593120238158,2.24842732887436,2.11653961251819
2.6932468871101,2.75820562500052,2.65850824533852
2.53886816250605,2.67878299829251,2.51695995437808
2.67276585894398,2.69100741681773,2.54995776916207
3.05593904475696,3.03832088589792,2.89920533671088
2.99594043839457,3.02133106646471,2.89296162432376
3.00154309979952,3.02376374125783,2.89687793705428
1.16472343184809,1.13351763657854,1.02714694308192
1.17115745521474,1.13347425564008,1.02808728891974
1.11128304059982,1.08930985861007,1.00154021501717
1.16324971442605,1.13690731956,1.04417979660504
1.04336528748997,1.02090732918398,0.962551704236444
1.04936498095377,1.01440545604417,0.956814991506818
1.05162917186409,1.03889388569021,0.993889654699153
1.03815763659131,1.02364071391328,0.966495580170765
1.0350289497262,1.00850187232258,0.95882529187005
1.09379356408371,1.09558751060388,1.0298622510898
1.1392004511525,1.14536542043031,1.07670354615522
1.1489126980034,1.15408662708299,1.07920916036892
1.17196222001943,1.16574888447318,1.10316372694555
1.26778041665768,1.3020406568679,1.21825975998158
1.56474894018975,1.53851193070582,1.55546978129423
1.75254974682261,1.6370381923796,1.78526604598448
1.73417061301046,1.5128798444564,1.64300168053231
2.25814653085655,1.94670478952975,2.15217703247688
2.32982640957558,1.94554551271049,2.18991248468571
2.7558940350364,2.38247534475993,2.63032444672498
2.78364822811646,2.38110575300848,2.6281146380678
2.75989746293495,2.40409568602606,2.63116876337623
2.07442521065066,1.94687842733705,2.16074940170596
2.45080708707997,2.36550990874946,2.549080836255
2.44944566354165,2.38024552268508,2.58721259103181
2.44402374662174,2.34808643995288,2.5884313449772
1.17458012076136,1.15395258401574,1.06926609345041
1.23667390026642,1.20244954181584,1.13034559593147
1.19280174822206,1.15317174717694,1.05358691732717
1.20388079784421,1.16525950440319,1.06664231383741
1.25655839954848,1.18096115978256,1.0712101147742
1.31956454393802,1.25605687499858,1.13306245918123
1.3510447656349,1.25960933693654,1.11122462230979
1.33469095808169,1.24421830384846,1.09858459531168
1.42615453360926,1.30877534171849,1.15599459591603
1.47865486286379,1.4158863053759,1.2304380941511
1.56462073240258,1.51909526506169,1.328408320872
1.48765803275274,1.47435773016259,1.2820952351332
1.6148007108637,1.55578164721883,1.3048015391257
1.82625783501981,1.94069617151538,1.77957549808445
2.16400883428808,1.99799625490902,1.68746060040144
1.22201037865924,1.10236298853916,1.02039417477158
1.34753169911953,1.17667440068412,1.10779662936544
1.11496592761723,1.0166546177201,0.943572172529295
1.10244255415827,1.03707309833265,0.95993706858478
1.09462899273491,0.951989330338376,0.901387976414731
1.16512145850202,1.00416166672718,0.936064385333603
1.07410361578925,0.930746575485376,0.888662904579121
1.04841275447247,0.942270051477243,0.906092857556596
1.09882436939284,0.9254079674056,0.90232933664549
1.14156774255757,1.00201848187805,0.933036621467964
1.16897314415247,1.07112925025513,0.99573449396581
1.16958820641418,1.03278230021328,0.976072063522486
1.55506685135917,1.47286424271259,1.42031926690036
1.58536286915969,1.48943621867627,1.44254744936633
1.59621434531894,1.48193626008241,1.46802708287264
1.28231491229341,1.08916979143263,1.01956546784302
1.70285050006703,1.52126032237628,1.50737859674634
1.64578100956585,1.57106668166269,1.46268852227838
1.71410064275347,1.50134403403468,1.47671686945757
1.06202705227408,0.900159213006558,0.88241367988723
1.07840674711837,0.90327976390714,0.883279626631688
1.0660597475853,0.919242998110285,0.925687304678581
1.11640564313944,0.990263011949293,1.00150764524233
1.06170348941385,0.904526908095144,0.932067431525907
1.04694333081814,0.911996227632931,0.929370918937299
1.12893661240128,1.00862543005041,1.04801251647951
1.31870289438637,1.56774724702556,1.4271335820564
1.37040213761606,1.49102682382278,1.45722701566358
1.24899498421523,1.2661575241571,1.11980859746219
1.55125494235827,1.78745135303859,1.53633187017987
1.54214660412006,1.86746358136942,1.52192542922682
1.40932361263261,1.26303376054017,1.25907747170248
1.67463639782707,1.62224539400096,1.54361970434397
1.74937153065485,1.5241829847723,1.59946722515203
1.69210625734069,1.94441768708326,1.52790605641357
2.13629645327223,2.48691428528266,2.02971397373274
1.9845874220137,2.53904183117202,1.87985923222047
2.24732050910245,2.04189082255369,2.03417715775362
2.6315142216244,2.31530616576151,2.4543685220991
2.66149293564931,2.36526679151356,2.42325930418759
2.6276786046261,2.26584642252467,2.45117254505852
1.09932894815156,0.906787006499889,0.92853274271257
1.23664997730099,1.01116442535442,1.02455034262711
1.0540516203592,0.869876565610073,0.89480582190697
1.0055309916913,0.858549250536826,0.89611140551724
1.14344881090322,0.927282642806789,0.946889947390029
1.15517883450906,0.947579350981033,0.97436762846046
1.25578312478576,1.02590971967802,1.0412601473081
1.16510628862841,0.949241868118663,0.942216033548449
1.39171714514775,1.17122715627381,1.13686047879205
1.07445222762747,0.886636506516431,0.885005898116789
1.11729708564924,0.962355484541528,0.978728192703487
1.09194011027059,0.904369635008946,0.870047932860632
1.17761686726576,0.977218018077788,0.93445312864904
1.14253553248063,0.954418321791787,0.896643586589857
1.41003200582068,1.07128368807039,1.0056863865556
1.42606790290277,1.16947365005522,1.03711744224923
1.36275086339458,1.14197633972912,1.00320114054693
1.85428687481462,1.45404669906279,1.22778537383219
1.75974970759677,1.30979228259333,1.17322751981942
2.20768574236812,1.72127281313248,1.63967203145416
2.20759611816358,1.74763127081594,1.63634720046479
2.18805130194665,1.78706181413415,1.62425247340795
1.76757930068208,1.50559626341807,1.23906776602647
2.22570639799961,1.93662130659492,1.69758440659865
2.2073752795358,1.94834475301956,1.68882127782026
2.19262978487083,1.95493370837315,1.69670760610989
1.01471938379241,0.843704110425249,0.812249198902428
1.01383672004444,0.821741184334756,0.808236819192049
1.00771260704033,0.886090610164707,0.827791159146547
1.0783380205371,0.982436661799867,0.903762146196989
0.946388817980101,0.851872927788163,0.785916731835701
0.906335881964618,0.8214459134936,0.768845327072718
1.0106521683878,0.935077167875935,0.844841875223762
1.0937420690145,1.01093331518273,0.912453818613866
1.01804678993404,0.968821810154296,0.874876361525947
1.06663918653684,0.988899968899724,0.896612686619812
1.06996551969264,0.99049818957979,0.906971184152006
1.25686715357217,1.25713560297288,1.13187520611255
1.38086968334108,1.65317040792026,1.28986679572765
1.36497582749934,1.62413132561597,1.24147374682289
0.930797826775651,0.835119543134596,0.769303400400358
1.03241561525894,0.899521279331816,0.838921765835563
0.862228648022936,0.800620448406102,0.732048506952458
0.845437760329264,0.803612583521878,0.737848921580508
0.874817556371617,0.818128587984777,0.74370248643777
0.87683293832207,0.849215298462672,0.754859109664822
0.970965066848798,0.908681538537825,0.828038632224783
0.867830400593614,0.778451621637085,0.740656265826898
0.950915300779049,0.848628425326514,0.849525044475568
0.844202051396013,0.743720964291268,0.707551650940066
0.87980143097533,0.780871430985047,0.741244742104194
0.852119148655026,0.732893663109043,0.708870420588605
0.919198899298019,0.779370351087408,0.774563032815887
0.918489425782158,0.750109555068168,0.754108752563358
0.907094409866786,0.766980905526294,0.769642863975736
0.952318463826654,0.774030719227265,0.774815955564769
1.07504262156802,0.841265845993177,0.896377852038206
1.14506216966586,0.949409285233975,0.988699727602332
1.17758101418778,0.932178449248157,1.00406012014072
1.56070153129674,1.40878572295642,1.51955576861537
1.62318384587652,1.41424292384153,1.49926385756023
1.62067809021434,1.45457624891488,1.40077238629118
1.22937133169363,0.977207938150997,1.02119832846528
1.66865477735083,1.46000872754163,1.46309216420439
1.65164041092125,1.45829133554829,1.50423284496742
1.63932009095527,1.48354053743364,1.51118396772652
0.796373066340375,0.708157905995455,0.666179164423923
0.814557188384063,0.766867096427265,0.719130886957839
0.798097437434718,0.720995394308046,0.670782007301363
0.858095877557241,0.789817678916622,0.739296102429433
0.779401930337127,0.712749945187786,0.655527205813237
0.75453595493598,0.704710317082251,0.653019765275651
0.874997066120506,0.792350441648563,0.749527988481056
0.944598085814715,0.851308058758039,0.875702701125227
0.961381194757925,0.848774859064438,0.809704276447497
1.12557183884199,1.03090937067173,1.06409715908557
0.895808197589073,0.85196538144586,0.858635748562431
1.12885564716145,1.0623672190997,1.08000706761852
1.37086258359456,1.30624655369853,1.37038093231587
1.04348428094204,1.11038478307935,1.42394811074032
1.19024054573525,1.3285157144739,1.87044363044301
1.0118361741518,1.12706208652457,1.51765023273391
1.28284110210604,1.5191966650157,2.23218227173064
0.783118430090552,0.727032160323536,0.661076169092142
0.852240620867312,0.805075954673815,0.738082138251639
0.77345461119724,0.723723844002222,0.660019682059102
0.785587215564166,0.739641675906885,0.682073676834414
0.789964066795452,0.759428125060643,0.681756779755825
0.840213609991345,0.800320507169407,0.714348123851459
0.775612099971831,0.766697622700759,0.695931022083192
0.79052553858629,0.776518662691826,0.71630581356657
0.845064435180467,0.863415581354761,0.774956531551799
0.769514437460241,0.743754194662032,0.697820778630687
0.833675970764793,0.842168268930186,0.781733612501007
0.920534867724019,0.950257620817749,0.868630627886608
0.89710485764371,0.90432821755782,0.85689334958972
1.01794124761304,1.05157429780433,0.984696015834954
0.906231244842962,0.87150219162783,0.861479219033435
1.01600498502603,0.985644282795784,0.97971383634213
0.804898987178666,0.737136129464666,0.725826665341038
0.86421479872265,0.778008020503165,0.771067709105102
0.880028957558733,0.796820486227151,0.8098872553776
0.990975409550153,0.873122242601563,0.911178149618546
0.819463786937893,0.799228872486129,0.710356442072055
0.823684211615942,0.817248747868276,0.737705833278601
0.891323781581463,0.859199069493272,0.760397438588557
0.936495371771503,0.895327078540879,0.806052180026312
0.942521047354538,0.922996371265588,0.812483175686815
0.944223750422897,0.932314065086362,0.838348251714087
0.991240377431412,1.01624181455156,0.941710770505564
1.08153769404988,1.28688779994122,1.30199484589
0.977347687118401,1.17920012299401,1.20818029730096
1.09360527295994,1.11377646965283,1.04395757366522
1.40308092395923,1.37514896142911,1.54988914784111
1.35056797476119,1.47385943805599,1.50225292168429
1.24597459617279,1.251911865093,1.25620753042797
1.53367808504192,1.66627580960243,1.68511141261279
1.58866683810085,1.57849164282545,1.77277990744951
1.30568410884301,1.5117333944055,1.63212982931106
1.61872296486472,1.99249020499962,2.16616970453282
1.62362952633131,1.97153613433977,2.04292843913249
2.41984896009927,2.5893762875639,2.53312199289099
2.58040296074294,2.71243341319124,2.6066204416704
2.97099743285187,3.21742563474334,3.14033182843158
1.67806742500676,2.51073035663338,2.66534135249726
1.67869851085369,2.74740784251418,2.98063731530957
2.07979738137024,2.97718172590437,3.08214341233669
1.01897839512915,0.984449036428866,0.853206050890289
1.07187906690756,1.02974947390895,0.911004079095801
1.09309554995605,1.05757815004258,0.919876755514188
1.12087195836203,1.1015975023362,0.974268694352553
1.1926781973654,1.14156164552502,0.990173297568409
1.20405680570139,1.15048777029116,0.998683691568624
1.30407275011866,1.24347864786869,1.09764035066894
1.59650376831657,1.58569383217417,1.447829524872
1.57706327397509,1.56534241050866,1.44963035231246
1.58627740902146,1.60776047029681,1.46545583483727
1.94048742371264,2.02741083945328,1.89728036445439
1.96109060837948,2.06600346448829,1.93000526826144
1.67524152255419,1.74566645407173,1.5791695179578
1.9135520089069,2.00771068830683,1.84426813496149
2.11489025882977,2.25051749889536,2.10019720348068
2.56186230940234,2.70825216674373,2.58302151723053
2.25871582045594,2.44258859584925,2.28083435193412
1.27651903843127,1.22420315036998,1.07618011570468
1.34906207147575,1.31842009801938,1.17536728353816
1.34297977377191,1.27543289571788,1.13894959894458
1.35208888741028,1.28097812373783,1.14170705262293
1.46791114182371,1.39876355820622,1.28376718050293
1.50577548058081,1.45166297221668,1.36319057835877
1.55043827709043,1.51282068097755,1.38514895219283
1.5701928116323,1.56462022864854,1.44323400518899
1.59971802325088,1.5870418883502,1.4617326546938
1.7048561172956,1.67394619622376,1.57175432250783
2.04403211984586,2.06295435910394,1.91752900261347
2.13433480866911,2.05530981669225,2.06784459504186
1.59602422559407,1.54588331550295,1.45814703538894
1.6740416931955,1.66398277371806,1.58575713323103
1.74259376043669,1.70472271557729,1.65868294489493
1.78772935431445,1.75310267940239,1.72036916022244
1.95219118212215,1.95796809136545,1.94896139552682
2.00798313012838,2.05127247074679,2.06483942467737
2.16878724454383,2.21306995530969,2.25106943912427
2.43642785196923,2.52073836790581,2.56954470016241
2.47000547462278,2.49649572184059,2.56968854623836
2.60928369581648,2.64046163246833,2.62546074801321
2.84600193491087,2.89702408519675,2.84910859027154
2.04847556814162,2.04082101293335,2.03075577371685
2.26562252305529,2.30404621571248,2.33175036215221
1.99620074779695,1.95554326699489,1.91404779823517
1.93417392386276,1.88179913023067,1.82258456912473
2.14190188234143,2.10937490528795,2.09009392716409
2.27739528014919,2.25140504555168,2.26407531191685
2.2331629309267,2.1907464802043,2.18842145662898
2.19528360978621,2.12714287999962,2.13403172496334
2.42442073578874,2.42314271670198,2.45865362251575
2.75478303627307,2.68949629390133,2.77468609127926
2.69496903948265,2.67253377541083,2.76077024545757
2.63445597065872,2.73275002748989,2.70732645251516
2.36676053548056,2.30428548166932,2.3496588203839
2.44014165372891,2.469556168971,2.58212482393601
2.58086914803303,2.55101504477219,2.6193940881469
2.68448164440167,2.6089364137478,2.72006011075583
3.01710243111122,2.94805254643831,3.08029997511133
2.97943340087984,2.92799524881811,3.06886906698131
3.00773072707585,2.96255854484863,3.06777958705746
2.14778277823463,2.15548608402754,2.12115892050462
2.3227868963559,2.3753745760553,2.37684996788584
2.0366436292952,2.04354564281488,1.96929503964017
1.96983169017527,1.95672103312806,1.86852508168168
2.0935335980239,2.14715198205629,2.06791173940027
2.25894796555119,2.37536553050096,2.32323424994315
2.1046794485235,2.17131023349495,2.08548895848146
2.21248863666663,2.33708374594321,2.27001921291175
2.2179810671261,2.29882201177618,2.26605297304241
1.95017035065969,2.05162320908631,1.99999313766437
1.90874551378132,1.98643412999073,1.92475051428417
2.02208987242253,2.07270339357793,1.98234340459045
2.16529452847809,2.25785404724614,2.18456510262034
1.87796175956527,1.8996093401353,1.79424309682749
1.84449320905446,1.85103864890864,1.74261255433724
1.84856419895463,1.89800762992341,1.79635240422063
1.83120667836178,1.88492795267541,1.79680879407002
2.00567708956298,2.10854022293181,2.02584027062418
1.71957159861091,1.75725149910381,1.62412555896266
1.77098567284159,1.89610502349986,1.80393768181214
1.65136390233392,1.61860704937351,1.43952113903667
1.71912334628804,1.67400206077078,1.49685574050073
1.58783390269175,1.54336463845701,1.3583201022749
1.66735096665217,1.6412844408802,1.44767892937492
1.70036109469381,1.6737801020179,1.49807991806133
2.03087899338417,2.02366635679661,1.89239414933522
2.04979301824157,1.98095679611704,1.83894057355402
2.00890585599705,2.02723935487731,1.8736936344528
1.41432879692245,1.34706320551806,1.17339924077237
1.37055627610889,1.29765884314122,1.1499657344829
1.38028407691326,1.31273606348995,1.13316902674435
1.48477585340327,1.43371088923204,1.2374680281458
1.25675190128194,1.17611546806079,1.02515449739036
1.22595092998937,1.15159089984172,1.00475381045313
1.28767559902653,1.21102210815234,1.0806589916102
1.39615751005014,1.30891822982706,1.1880078759057
1.27403261972928,1.20169626764057,1.10006234405126
1.3669972361192,1.30964646666884,1.18614243301248
1.555369058292,1.50501011290696,1.40300759259884
1.47765062987453,1.43979082403599,1.33087358999153
1.46184828937775,1.42847017594613,1.3182618304291
1.72682541372689,1.73659494930121,1.60034226241235
2.17899913862965,2.18118784115213,2.07043981279542
2.17743646126904,2.19673438651035,2.08515384846465
2.15587341879944,2.1815785014512,2.08465361359745
1.20942228150841,1.11770571950147,0.984864916909465
1.28177753363179,1.18212530170125,1.06118037820246
1.13358864937757,1.05071009718939,0.930039679789226
1.12074518566171,1.04973207748891,0.942348810305993
1.12080548749768,1.02636629974706,0.926750846461629
1.17656852092264,1.07147232011531,0.975251796901112
1.16831338441976,1.10489535667486,1.0080812732707
1.20736471840327,1.41137084623482,1.2195078162244
1.34767887130818,1.46455977355616,1.28536871885313
1.77075392971771,1.91186974826693,1.72278513623968
1.75601612468144,1.93191746194996,1.74275248321736
1.75025420676218,1.91608359819934,1.77912315675926
1.33974849994347,1.2915527060224,1.22633025143211
1.64312219633198,1.8114768740249,1.61717648732383
1.59311689762019,1.81427433998829,1.67396711953509
1.63367717053084,1.53322472999797,1.50060153142452
2.06558160533511,1.98134024130471,1.96356963322581
2.02775205524011,1.97326277428217,1.94939759477221
2.09415485210903,2.02125073611061,1.97739196229798
1.04488542746779,0.956444600106421,0.864390466114964
1.02497951927978,0.961967251677677,0.881416973526363
1.04917222280291,0.938532100188982,0.850589335585162
1.11638449928481,0.986245355121259,0.894418350583096
0.997591528689731,0.893221135437523,0.812657908514064
0.969707089224951,0.885685969462004,0.82618990207148
1.00921083632347,0.89997145530018,0.821865388131393
1.02719651026028,0.922125565648247,0.859390798981419
1.10576289721494,0.970736565647465,0.873366182687798
1.54003278662476,1.44787473146746,1.37901496274109
1.54356102862605,1.46050324111249,1.38890497734392
1.53326414934539,1.40769373517474,1.34097352643326
0.992536018325863,0.913237610839517,0.845423055378224
1.45782075797176,1.40898058417171,1.33428721584805
1.42544082845196,1.36679956814496,1.34029519474457
1.43945349307962,1.40309777988393,1.37424448323592
1.01019588962567,0.912251036652466,0.815244274406549
1.11180125903094,0.986019505639317,0.878080016581738
0.956486199753788,0.898856730167764,0.816942451640156
0.946053509331796,0.898822784161387,0.838751702993189
0.97407134538643,0.942502069134537,0.862210954946209
1.01694547309144,1.01730537649104,0.929611433870097
1.10542185609477,1.03373715471052,0.993664572941724
1.52751650565553,1.47826162681185,1.45435173641722
1.562872984699,1.51167796881692,1.49084322723511
1.55762426124742,1.48369707151363,1.4655291065368
0.931002865916265,0.893636293810059,0.805108211413119
0.9852633599979,0.874207424710761,0.832124224576155
1.0146471609223,0.968241294208341,0.9103900777329
1.190802303038,1.0862006704021,1.10448428755239
1.00004518394166,0.939294837605029,0.86348135258467
0.925711969231294,0.929386643837308,0.819505596622284
1.16800944027358,1.06091931706903,1.01778119931645
1.25999855316358,1.16968019569818,1.18789430403631
1.34018570227474,1.16349448658841,1.19666690807106
1.26860310315122,1.09769624316178,1.07012373170221
1.31504975781168,1.10217387017468,1.47225833709735
1.33659667107895,1.18863965240316,1.41823661910271
1.7124120900729,1.60539637495068,1.91910527350178
1.74657717141399,1.61266400585665,1.90234642518345
1.75391224642258,1.63088202311554,1.95480231476916
1.5788869252053,1.32388412273252,1.64040171834549
1.93607619666549,1.75208699414262,2.12132779298256
2.02311827120522,1.76042272496594,2.14131775991488
1.95830159165254,1.72442317757113,2.13345363384036
1.13423327056893,0.901141708172516,0.919623941902246
1.38127273936347,0.982014408867939,1.12201052611064
1.12386571930299,0.856713304976703,0.891202244827467
1.04266572517358,0.862684715554809,0.860470261971656
1.34731380479663,0.86021252107007,1.03786161619357
1.62536623834752,0.920618861699915,1.22343472294883
1.54538410737764,0.826983006294351,1.19604376444364
1.74560072400999,0.866578192671498,1.33012348088353
1.43305642701249,0.860793331520811,1.14894537036027
1.83398362772538,0.872423661767503,1.43552089046345
1.48545526361877,0.991958603179121,1.26384405070948
2.82675041163289,0.879923847119354,2.24975650665227
3.38270278704022,0.869957005217823,2.73100404513337
3.06316284433058,0.966276128987761,2.45525062520315
1.27393141338624,0.962457763918411,1.00749187755843
1.13467076881804,1.03234921150375,0.966213430784629
1.57642113609499,1.09986064467465,1.17854496445721
1.82203990967803,1.15059232965994,1.33090899556456
1.71396327636924,1.29615234254626,1.26560897447188
1.69391816002625,1.34396324934522,1.25226285207996
2.17952472840974,1.53467926799587,1.56460125378578
2.28928803640174,1.57624146412384,1.68468653649309
2.43989939747464,1.73469350178957,1.70521847941477
2.6127073990902,1.64013669161803,1.75191323161871
2.95385322248209,1.79850611027602,1.89155312331614
2.99277520061285,1.9758328843905,2.09948354251571
2.96259399338155,1.95530487235111,1.98454780743911
3.3260048374328,2.30628917411229,2.31078927887841
3.22303640886161,2.27168235892038,2.18563562460092
3.40411737047573,2.34615455577569,2.42083666989809
3.80722009665277,2.65185400101375,2.90209066004729
3.70979375658063,2.81506768737869,2.9132293403418
3.72671769234016,2.74695618149187,2.5244170914367
3.97523945670677,3.07829105740318,2.82814604968727
3.99574353838636,3.08893012173317,2.78269931792276
3.98610146233584,3.09667672302194,2.80840627879187
1.63601780912124,1.37993196617742,1.26895181277512
1.72179821864661,1.60540068755265,1.32981708766539
1.66005147795031,1.30921638680987,1.34054335173111
1.81747025592881,1.24603924817311,1.43149365163112
1.65612724133759,1.44801783773964,1.42396253654706
1.76412120846225,1.64078240518078,1.4816248825219
1.98162965387766,1.534332035466,1.6707005720228
2.49395997177533,1.67027875366427,2.12422792253681
2.31168187983324,1.85237175160774,2.02897266881159
2.16661035251633,2.12597175548965,1.86053181007031
2.43808355672744,2.54267962866052,2.26378726579496
2.5615318222184,2.65051077398042,2.22805583015472
2.68994247217264,2.57468613825684,2.3579468611575
3.06912567188084,2.90671357882618,2.70979891969496
3.01067723732382,2.82532824712836,2.73210097594936
3.24633027148694,3.24931246375924,2.93224065534786
3.58905664858991,3.58917751932004,3.28500626006553
3.56133997199492,3.6662800734727,3.30794855283659
3.78089470277224,3.76277528917991,3.46930599137661
4.06431973340001,4.05739763295181,3.76713804503525
4.09761458988763,4.08072747122049,3.78356782727999
4.08649279801265,4.05101971518419,3.8134012818832
1.44348066305503,1.43653624203813,1.37007685722615
1.48703838083959,1.67986040278306,1.46247946870963
1.38900294098574,1.29535368677156,1.32196800120861
1.43138629154311,1.24399855300268,1.30288484471884
1.46592181625785,1.38540325873211,1.41732759191382
1.63305583844674,1.51404020454446,1.60100116022524
1.63083345332268,1.35789404585428,1.453499391729
1.94458060605473,1.71283579255138,1.8688364354251
2.0249116950428,1.73292254225912,1.74577475637289
1.9426743238317,1.73345407676867,1.79137969157623
1.49087679028549,1.64110830594949,1.42712053770929
1.72836907449819,1.91800399643619,1.65303733013061
1.48227777767849,1.74288092125746,1.31864224717975
1.4276937376217,1.66445092042995,1.21926121685931
1.78089542315712,2.13467530791002,1.4979820520389
1.96396706107692,2.30093185806623,1.64508929005062
1.97932135509738,2.33473196150145,1.52604081311527
2.09176533662574,2.4802852895274,1.58686671944358
2.4552438044363,3.01573484120134,1.90081246892796
2.85617039348647,3.38976018177915,2.29203736358797
2.78084573895194,3.41019949614949,2.25733985248196
2.77745780298263,3.43063657978808,2.27608194482515
2.02937473199244,2.58699372180551,1.54818633735262
2.31213399607362,2.94712461984293,1.91173064235433
2.33395901679489,2.93612293321689,1.91924547165018
2.34647164539103,2.91965035020721,1.88368189751853
1.9184988824768,2.38948889323799,1.65831174608067
2.22406653551002,2.78517394824087,1.91361269185982
1.80929647095245,2.31593791511952,1.58459008798177
1.69878870498449,2.1064532225423,1.46902283867968
1.9953449070825,2.69661729790543,1.76943163445728
2.29175966246546,3.03684487699475,1.96735556865824
2.08127919245686,2.79606754083306,1.77244182641796
1.9912894805783,2.72597776743487,1.9808945413418
2.27128498525052,3.11763668235449,1.9750900387403
2.44139717291092,3.06537379779525,2.04367901504606
2.58071359845336,3.15256969018802,2.31819252003176
2.70279429839094,3.24078463858583,2.35098326182756
2.96473276972229,3.55302733814145,2.3762026917981
3.28149579261052,3.85450039579995,2.70657013750704
3.31553564659344,3.73763008527868,2.63862682298108
3.49354309510823,4.06881388614162,2.86207203907117
3.74651201119755,4.21424927397547,3.15470546134773
3.75119392092854,4.36817691315553,3.21974470987194
4.084691242548,4.62219276935169,3.29097835634817
4.37332572366594,4.87907328032791,3.60072425812517
4.40439220061071,4.89434346316782,3.53828042297145
4.35347249102961,4.8656855787853,3.54718775021797
1.97443402438153,2.78891305803401,1.89235816218173
2.25920612869871,3.1878673250931,2.15027613428604
1.80145885702518,2.52782628256557,1.82413133033661
1.6576416186283,2.28629300611424,1.67814712966927
2.01211537933538,2.71225942150106,2.0810896905558
2.11082377930801,2.95296519288401,2.1878425860289
2.04158187759691,2.52492133019766,2.12452032971359
2.12500276122308,2.48785203512816,2.21612780635951
2.3160033037791,2.80775824176671,2.43757787355706
2.39594460983997,2.74250687058477,2.40817039588981
2.73817655423387,3.09224624416903,2.79107473801313
2.93715588685707,3.09696223289801,2.97945445817314
3.2901382567265,3.43619884133918,3.3824181082205
3.28734820520252,3.4249175262803,3.30894310142652
3.3339034954912,3.40911741562618,3.35970897912428
2.7089900742132,3.12785658846074,2.678931630141
3.01764656829414,3.46124747172469,2.99468108872253
3.03866772545275,3.41225194002007,3.02250285257429
3.0564518577543,3.48711156130913,3.03174673510166
2.3407449047807,2.99894904073768,2.33141534782511
2.6771205745317,3.40535307416132,2.64221393129932
2.35362395831589,2.93950290440469,2.26570962768785
2.12667696890487,2.72088954728568,2.05778818857259
2.77757676475375,3.33032457696911,2.55791002534662
3.02368098162579,3.51577146824878,2.80248503770672
2.75917409015763,3.23601416538035,2.43840079991612
2.84410657132696,3.2371318735902,2.42619290279154
2.84330057344542,3.45721168425972,2.36860495587833
2.95033835111318,3.3922597697924,2.82242471734389
3.09287365146086,3.77791160737037,3.04213741707918
3.45472651730148,3.63999627451008,3.39284914419154
3.75133845215288,3.81777295075914,3.6614550097205
3.75598980571023,3.95067697802106,3.76729067879781
3.08164856248636,3.8155785463005,2.79739497080473
3.52621678823228,4.29107109245128,3.18225257153173
2.95170853919558,3.85691790940993,2.67180845949782
2.6591114997861,3.59493357388076,2.43319296080569
3.33315703494085,4.41669479391122,2.97308862977009
3.66442324817336,4.69432948110409,3.2302840671346
3.29502343622732,4.52655965182045,2.8961727881882
3.21682768175932,4.2839194296191,2.87001548845985
3.57323283557111,4.89461092692107,3.15891428507511
3.55931746670135,4.95069089923745,3.18964606849918
3.94648272713896,5.41022978839133,3.64472537443301
3.66112218435694,4.94787455302922,3.37949316331005
3.7908507344203,5.28515799190367,3.33280727227229
4.11189498568445,5.53272445181303,3.62788334180992
4.07023931538579,5.62681351355641,3.61263658062066
3.5093902278835,4.77131379636577,3.20779611075762
3.96524851266397,5.10193991882178,3.57908743165879
3.2209103246504,5.0295722901227,3.09689571272156
2.91255343011447,5.06966502729057,2.87094852537188
3.41748384890309,5.56066349960348,3.3908187229368
3.68341908799014,5.7155736529005,3.63682538865859
3.09058223120488,6.0099703447605,3.23791199507438
3.25488246516223,6.29443374103322,3.39464770033474
3.21520430308624,6.23129388839601,3.37343653012
3.15339623506974,6.24886318326266,3.38290568009526
3.79403266683167,5.96506968060616,3.70715195075349
4.15082930318119,6.50752311053519,4.0661102817876
3.84936280279594,6.04467596794844,3.6862429342132
3.61065453712475,5.84027895099619,3.46303594578448
4.33581094092865,6.7499787171957,4.09816718321292
4.54538862607247,7.0042368207649,4.56464088784631
4.28948907730033,6.96638552444682,4.37159442745875
4.17658643829212,7.01654982584384,4.44096504191303
4.61399608420121,7.30950099300483,4.48970225279763
4.33098020558008,7.14796200412823,5.07005070578903
4.39872663533953,7.03048317053831,5.10059115300859
4.37568159617295,7.69857244067206,5.81146342836665
4.57396933043133,7.95588306274905,6.11733726241662
4.53858953855128,7.93668057167797,6.1264082760057
4.56182635531796,7.93100223516066,6.14346801076981
4.89962277964307,7.44948485480494,5.64691184124922
5.17754473832894,7.64051506926983,5.92887994108602
5.20520242725333,7.61078724594988,5.96410860900692
5.22079485340019,7.67795351653682,5.91384629034736
4.85534902043983,7.36106977138254,4.2632158885263
4.98896257121751,7.70201327663237,4.28582418892085
5.45426837775822,7.76228157199579,4.86848376972279
5.59922906447999,7.69998321497054,5.12461476014805
6.16686481975098,8.53396147333842,5.55288127814757
6.04430518395058,8.67604337607224,5.44458743469777
6.76423917179448,8.95315241011957,6.36146949613044
6.75189427888468,8.87285431360098,6.54354492796235
7.23149202433298,9.46594450786244,6.90603062777082
7.37623074105143,9.59049525757045,7.03809147980367
7.18797980323513,9.15314100772621,6.68760306282862
7.98628346709409,9.9475033112508,7.62479909607143
8.41357315385657,10.4780460886948,8.19141168795061
8.25273965390682,9.79287064288869,7.70262142924414
8.84923705679349,10.1428841444741,8.25967146637757
7.76666738850058,9.28402953693784,7.12276341413515
8.02957028298817,9.22671710999586,7.26042190285
6.90747997562559,9.12383790326125,6.15244214592949
7.2977250368215,9.46519504727809,6.5545251389433
7.38545633409307,9.48250192073196,6.5431959106706
