R1,R2,R3
5.27981388150422,4.03165095890192,3.9043374602556
5.60251674433803,4.35402394760805,4.25431580230544
5.54687051480995,4.36033881113589,4.25098248596764
5.57546544719924,4.30232059540495,4.24245160538674
4.59949796865299,3.44565053956713,3.18809448630654
4.98351409487318,3.79119491692756,3.50672104698999
4.82987068740678,3.64706343880958,3.50556075356479
3.55708746876004,2.76599414149535,2.33615634975921
3.57218894146031,3.06713911773384,2.59573865864406
3.03463316943988,2.338261642965,1.95591145718637
3.50616524463503,2.71165186482623,2.44793755788326
2.27061375704105,1.95311541041022,1.63679724321112
2.36719685064507,2.14114884900672,1.60626610024427
2.65389825639834,2.41641998625778,2.81933515007996
3.0379726435761,2.90041576948775,3.35971872044326
3.01617267275031,2.64598991632061,3.17207777972969
3.13362056302482,2.96500183492534,3.53851389873489
3.40335053790674,3.23860292824324,3.62332910175318
1.73985228852827,1.49681641010377,1.25008127337519
1.88460639670039,1.66541890401781,1.38390408604237
1.4474015073866,1.23194485090111,0.9625550525652
1.73208164666097,1.47766486460613,1.00156149752166
1.1267202403325,0.993610194625394,0.898301446934683
1.22339827114548,1.08223702231382,1.03367837458103
1.38058840290866,1.24046974767475,1.1417113669262
1.73711741848164,1.45717623660934,1.58029334213449
1.44409539927375,1.41103193893203,1.45234541049462
2.23135957651446,1.91871980220442,1.70724964907017
1.66158577666678,1.39841719866444,1.20427381428782
2.48447924106328,1.98826562463171,1.91798872961347
3.03780569297764,2.48048828316535,2.39509748197881
2.31370308693182,1.74848015235563,1.94925932383159
2.665301823205,1.98095324195208,2.42822940888774
1.96018446780737,1.62293396314486,1.62243778038514
2.29294657157188,2.06943209006836,2.07333441166352
0.958799506688797,0.86764293733254,0.832204013439559
1.18360787944017,1.02780356226593,1.66652574029809
0.926150545337701,0.877633860384732,0.970742522862732
1.19919276492526,1.1080297458458,1.7387140813783
0.851529762013207,0.839938152294433,0.852750394555754
0.811721623785096,0.83257078734778,0.907269993501076
1.13552853974034,1.09501044356426,1.05003338571568
1.43954373372765,1.41846778460518,1.48379641920697
1.41685975388119,1.35602140709119,1.42817662741422
1.52552651219785,1.35225771462379,1.57405736107555
2.10280019609421,1.9254216666844,2.01008014690759
2.01008928823169,1.81946652536059,2.24683624860885
1.97100516048148,1.80580742278856,2.33168642681622
2.61087374074088,2.4290604223627,2.90532522870531
3.01870909759824,2.86968068393514,3.26849525179977
3.02969810207955,2.85510248596289,3.28211256227462
3.04659065910067,2.88545391041729,3.28415921374741
0.778867981876783,0.75931498816237,0.72260728627888
1.00068685250395,0.948129904452089,0.831817971245475
0.616986236493601,0.636062065567016,0.634324102484118
0.646962987280485,0.694804735418349,0.709603591494486
0.555869083979126,0.578236804913677,0.548214881492591
0.60360795044217,0.602392705490237,0.5738502658466
0.543715248043201,0.586213133933079,0.54143737788373
0.587488445179519,0.634754745651766,0.588629736609623
0.628877916863364,0.653630166218647,0.590081506347732
1.24565980962653,1.23498290691353,1.21070939911529
1.23142741240742,1.23957840369207,1.21855311980223
1.22852983349073,1.25740338249009,1.19949262303254
0.642168801155922,0.657049538884903,0.65221737413681
0.886473894707294,0.828447939590617,0.862923014165051
0.878614923604371,0.830890223607054,0.873237980300754
0.758490610127694,0.797585273168913,0.783643213265318
1.33362558267654,1.34057860576607,1.35648274871418
1.34133113224223,1.36936276920529,1.36292435808311
1.34045833574775,1.36579501364879,1.34582648159896
0.539184002002368,0.582324666615871,0.526003025734518
0.611361336749436,0.684679340026407,0.616605172612861
0.548689468044477,0.593285617931375,0.515141063483805
0.630649918038996,0.67057861895214,0.568803586719388
0.55025240385726,0.610851430027417,0.51753588857169
0.583251661815129,0.659913335975548,0.545654329867332
0.643396938442644,0.741888225968565,0.626368660346977
0.918455560995098,1.12676579757901,1.10042632359409
1.35983415602552,1.52875393856993,1.37025806562397
1.20986009868794,1.65620717689448,1.4218048587108
1.30356699589166,1.46717369221871,0.874511803827216
1.90065621654598,2.05320798320382,1.54217562750324
1.82053302566539,2.05142711334104,1.47720400791767
1.86534828716237,2.00170789513338,1.4691170147927
0.523273694009999,0.564003574084802,0.483155885109687
0.637942922045666,0.668018263101041,0.553410097508234
0.505459373039691,0.580740165144208,0.513798542811231
0.574985736027547,0.704377066880972,0.608078254772045
0.491645488468201,0.551522282901511,0.500868024770688
0.498413115083714,0.540026032453136,0.504929895882469
0.560450196709726,0.612516875829875,0.547394179983525
0.688248105157734,0.727080494641106,0.628457466560429
0.716658229896053,0.724816894162085,0.632878112998077
0.638188870061512,0.681615744932923,0.590234466735329
0.879462848861396,0.892880235608424,0.73172194373937
0.797482503818894,0.820770670872103,0.688413481362213
1.35229259603173,1.38849949889651,1.27369640134901
1.38082906049671,1.36135742374383,1.27318738881681
1.35936604205535,1.371287501122,1.29049660417585
0.842613094164159,0.88850911304173,0.73947316965764
1.38229693398631,1.42768030577724,1.31788723448463
1.39898894308064,1.41974238614842,1.3100931897445
1.40881201254919,1.43600999478872,1.31776403828666
0.501436389319357,0.581000667937157,0.514893981113803
0.590707271931658,0.69032606528689,0.589677538920601
0.491988226774587,0.563997551797838,0.508198925407251
0.520567238900432,0.571730030434162,0.526069675110181
0.518518534357343,0.608514785624679,0.525433914370256
0.56543667193074,0.680315100286272,0.559682802864954
0.572399624601988,0.68006622475369,0.566665850298375
0.609859006198705,0.714359803836783,0.583903320513537
0.646472441019558,0.803157978291774,0.615212967516178
0.670293338321018,0.817698821429122,0.629706616445183
0.70514528053882,0.842585575345965,0.688759315472051
1.2853853822394,1.37139087982299,1.29028247187108
1.29658852020298,1.3766448949256,1.2480340833843
1.26322786241136,1.37691803421785,1.2648963290971
0.51656708461712,0.577255149759441,0.516569994420032
0.550944011300967,0.587286272111777,0.551368766848426
0.556949367630356,0.624032404053856,0.540065528615299
0.622784749076691,0.718988885325544,0.585159962080503
0.580506453762055,0.618251433877917,0.572178578847881
0.603981411247353,0.629647775837683,0.607287456411858
0.707967031072213,0.754973875800221,0.662848862360201
1.00466837945772,1.21195116035023,0.684230901728934
1.05764437751088,1.23704434414596,0.84170034266312
1.42329096149129,1.87509078964973,0.882544181264312
0.886957308188272,1.22618209959862,0.775042955275357
1.40792233019916,1.77123608988507,1.30710215154151
1.47850176242136,1.78564836363411,1.36001517597022
1.44321176108215,1.76987145491645,1.3159450939798
0.619342000731458,0.645672341399915,0.603163472299561
0.724278614504527,0.73512981732174,0.705664333902754
0.627143559958941,0.657763526257,0.599430135368557
0.646925096702001,0.670658482499827,0.615669809611596
0.669035412579065,0.712225875259469,0.632499830622845
0.726309203689627,0.782414684801328,0.694888432855777
0.668400851148784,0.719898716437252,0.63442069184485
0.724167836226716,0.803772820723198,0.690432039820249
0.717305090541269,0.766458300746744,0.685019880953012
0.668498021256324,0.682237281388235,0.610330319973615
1.18137083421101,0.741844787529888,0.95900269725323
1.30507013739065,0.750038248392346,1.13074476547581
0.722062940426951,0.755911956540485,0.671317252411551
0.830056735255211,0.889864655178665,0.781848998866699
0.741131677120222,0.734300310950931,0.660502086706109
0.765733801170049,0.746318081684411,0.677630305365488
0.824875917813659,0.810872745622661,0.712858631563206
0.874892179676325,0.884248149320373,0.766355527496183
0.884795600189413,0.830930046350836,0.751110668846568
0.948365967154626,0.873577251652939,0.813513700186995
1.01317487751919,0.921154297186518,0.83840392736734
0.898256123350126,0.882989920902174,0.782207076551628
1.47957721721935,1.32612557035914,1.18553365916084
2.22391933185608,2.00605086236253,1.73700403206918
1.56539307481375,1.43066621071804,1.28668307179234
2.31074343946196,2.09165454257039,1.84661927004892
1.19020134252036,1.25744696235331,1.09332487774327
1.36744897947134,1.45685300746164,1.26659888725457
1.4774238989368,1.54882670696848,1.25984872351174
2.20433274230714,2.23868261935539,1.81287438853864
1.59280580016033,1.70775555807857,1.38440674560371
2.35709517818348,2.46586632544001,1.97748027739085
0.93586952068342,0.934670486057657,0.781048106240062
1.1149038196431,1.09919011546449,0.901658808147821
0.959794546215867,1.0049475909026,0.815441347069575
0.955596133229093,1.01378193061587,0.832262382354147
1.13665724051617,1.21203591809669,0.944513538084799
1.31286616020594,1.36096226007834,1.0864695811321
1.28266614087283,1.38045916954801,1.0834150309224
1.12129428537424,1.19566931493587,0.914990559723888
1.17054729821374,1.22744241666299,0.937030230445436
1.26462079541164,1.31717351489179,1.0642598686281
1.37267959056489,1.41765186973924,1.19228942924544
1.44643352140751,1.44888706421998,1.21790827981237
1.48085426627108,1.47244936686566,1.26455130909477
1.75042913444486,1.74971983322779,1.52608305048014
1.98712960833821,1.93847324921963,1.74198838054997
2.02879076490027,1.98629971160902,1.82254441293689
2.06399006197456,2.06485645424817,1.87407498648625
2.36235292631729,2.31457884377245,2.23277804931186
2.52651670900511,2.52435166507655,2.34675097160558
2.88882840380943,2.86463760201369,2.75724551078554
2.88291544300577,2.90092050464806,2.72762040767109
2.90235658646768,2.87791464051147,2.71516064444148
2.44646586987341,2.3550299758026,2.32594869692899
2.8124955162174,2.67385105468658,2.70799095701745
2.79913463500369,2.69759135884101,2.75721488974884
2.82491573739154,2.73577367579245,2.70695572196298
1.51610084214729,1.46057689239241,1.24108807263169
1.76173356801373,1.68282397698923,1.48147383197223
1.5150357012408,1.4190024636107,1.23142274791426
1.54900676741553,1.46292650798363,1.30482513757131
1.68420534374725,1.52274969544576,1.35013428519022
1.87494611657151,1.69267291089772,1.52913904892357
1.97072630058186,1.78612049771795,1.64976835653356
2.02790808816836,1.89038678765424,1.77721093095502
2.23233055203634,2.03877170310244,1.94267904182843
2.35061286117189,2.16119342846905,2.09771065582915
2.62280553380905,2.52319392648741,2.49393283258647
2.73914914163567,2.55842011047707,2.50248497023957
2.77903506723811,2.54977486975981,2.51873459935221
3.08005294027808,2.88277857844232,2.80062871794177
3.09863164624053,2.88754535949382,2.83739311670397
3.28991770407825,3.08792810285046,3.11585409994026
3.59375071820007,3.43651598182209,3.45333309976414
3.6050287889902,3.45038571081347,3.47599987395526
3.81180184153555,3.57158372691132,3.65061868802582
4.11389135870496,3.89030678978645,3.94956404510405
4.10166781848823,3.88650509172781,3.97709495600944
4.13852638819106,3.86378001858426,3.96971401424608
1.52460860887062,1.3323038792787,1.1471049335968
1.41342987913528,1.24279965981988,1.07157577933478
1.61025544526091,1.36953775213531,1.17021510186693
1.78999845884491,1.52957389814032,1.34100857537581
1.5346328285927,1.27333357070628,1.05390869949115
1.67900824155954,1.38530519767291,1.14411291882434
1.55904738820042,1.28514376926567,1.088155776026
1.36394324619154,1.15128333755971,0.928412345379215
1.35954536829264,1.19011548684672,0.986289461770551
1.32771877704331,1.1243555871445,0.88767812972615
1.47112589928196,1.23830662242121,0.967555922809787
1.54024373912076,1.28559193751236,1.03230225634402
1.60554171299251,1.36126435166566,1.06826779270739
1.24676848311034,1.10119447821024,0.875085721666618
1.29544705130134,1.17165420947796,0.952257229668638
1.39392084703143,1.25426514575299,0.990218816692373
1.41314266268442,1.31262582419345,1.0647653940776
1.54140042834512,1.3984479299866,1.11263052178958
1.47964497833209,1.29512882351591,1.0128883118844
1.4855571875064,1.30569285755765,1.04663466595231
1.65614338432974,1.47801042101066,1.16532519992534
1.08345434206973,0.956651465171139,0.785051390528269
1.03559314154008,0.924158312594489,0.817168838811202
1.08332959787057,0.939670334257447,0.75610353825065
1.1982191527336,1.0373767156427,0.823793676074667
1.01872199068725,0.861684150703695,0.722342129303038
1.06287391012338,0.898467885164471,0.75500764946257
1.11731619476837,0.901633485973373,0.757859919408921
1.12661402461944,0.926594658939477,0.809428524187904
1.16437500629048,0.93987439888937,0.805135643866381
1.29395429061957,1.02850190071547,0.815148072345476
1.55786224265572,1.57069075904242,1.29507833500503
1.96273096738788,2.29981381084815,1.93144676833988
1.76057516659368,1.71120194571456,1.40784318604463
2.22580173265245,2.44818327158802,2.07397259714712
1.77094949107197,1.457120333725,1.10271277837127
2.06062723496606,1.73179671673156,1.31464070136794
2.28779300247433,2.02698633881806,1.61736521831892
1.81517980235334,1.69889268150515,1.37474308883549
2.30628898068699,2.4352733643497,2.03149761522686
2.02162182763846,1.86929003852345,1.46085706073881
2.6055390701166,2.66245283331304,2.12811541360383
0.90474978501381,0.798015753966683,0.700653578173102
0.897198555100017,0.793284163212053,0.715933082491033
0.877571311847022,0.807627282531259,0.709345228550355
0.944102591185434,0.858853870700041,0.742996952578415
0.814884668401938,0.795071683214473,0.718148590869276
0.826465611856774,0.806480351847387,0.745997306118952
0.864550146312704,0.867411856601871,0.779754297575251
1.00690698741939,1.10462384034074,0.889038893909032
1.04246849300887,1.1102670682568,0.984676854493331
1.55623611824482,1.62338334789297,1.51770928715849
1.51398565244229,1.62239970074011,1.46526412791918
1.54737454502653,1.60159333934158,1.48934262405689
1.10534636204262,1.15736543033953,0.960237868816198
1.60223058092893,1.64726385063844,1.49622487929499
1.60517295357891,1.66856825395713,1.48178340741823
1.57330718255449,1.65249848937348,1.44008576984024
0.788195259426183,0.776827844878307,0.706485167069273
0.785544585574418,0.782046922520629,0.727372656277756
0.824620636169169,0.803955312247645,0.720963490035834
0.890814552968565,0.853757213022546,0.755686462102738
0.836024202638959,0.820677885387363,0.743606535686911
0.863033670818456,0.85772606241155,0.797926975966431
0.915437441995436,0.887414994946645,0.80157252395781
0.79876565774096,0.779120766412228,0.707233365173196
0.803920342750391,0.7928048043106,0.731997304552319
0.810658243359815,0.775826750448162,0.694738089396409
0.859431002487393,0.81717006109817,0.727962404776031
0.802292328017234,0.76181861872794,0.687386905766731
0.838710731761047,0.80231053820338,0.729805714876304
0.881640424989744,0.822100332286162,0.735972237434053
0.908014769944821,0.882558726727123,0.771297248823974
0.930814940771302,0.858935670297806,0.768397697929054
1.02343936687688,0.972114131889959,0.841540020706344
1.23003391706423,1.14931441437081,0.981278521130829
1.28735207646679,1.16987921329106,1.01181914120052
1.30321275302182,1.14877086695199,0.993426525620325
1.88685240355719,1.72355656802004,1.55508533502676
1.87163144864777,1.66872446662601,1.58924216501469
0.739300011295202,0.709732580473329,0.650738963175487
0.74513502171848,0.731977328123066,0.67784141293384
0.720944661518316,0.687438695933126,0.636255307373076
0.763735453221358,0.724840129513588,0.667151291293992
0.689243239682318,0.666719585882746,0.627265583070263
0.722113208694817,0.694457040305552,0.654309067448602
0.756267550676644,0.704446418657955,0.687001066432045
1.32176602736883,0.949600095836436,1.13924341288363
1.1086299332271,0.913763120927542,1.07367018886855
1.0043510718064,0.814860872895878,0.79013821851215
1.41440474694733,1.23663474109202,1.24421439225506
1.59593903212558,1.36981262384716,1.33079266926946
1.11936940010249,1.02653554583692,0.85365623264886
1.23315839619117,1.61364982520546,1.19995732300105
1.74098234487555,2.13238750324463,1.71618247018517
1.73386353948555,2.11236881902676,1.71301542201846
1.75284932324271,2.11348846483745,1.7251426038098
0.651833930771138,0.653375433780467,0.615347860914824
0.662765596508425,0.673337989810043,0.638793807231807
0.663444358490246,0.671351836626719,0.632782781739209
0.707803364379832,0.707029595974304,0.666171679171102
0.666751635177262,0.693958329895748,0.662486205816908
0.677827877878662,0.709304259137241,0.686338453439773
0.727539419156294,0.758616957078085,0.735712964530989
0.802489751795744,1.00792276426855,0.779200932244989
0.800964625958053,1.03673459035115,0.812642211325037
0.791333039742457,1.03147592706756,0.78405208275446
1.03192139677471,1.42597763862292,0.911084445514316
0.99136137214914,1.38894433174658,0.874902231925937
0.863197174762243,1.14232024714646,0.934498550497597
1.158474431366,1.54024657599638,1.47484513983857
1.1662539967658,1.47215211663298,1.51205809333153
0.94675574036693,1.61525334187089,0.992065954526179
1.16687496044491,2.0619109939424,1.53211215680039
1.20055104881796,2.13359105554156,1.49780898193774
0.99078114945027,1.62156774193629,1.01249448953487
1.37308316683526,1.91793019339874,1.44131223182149
1.40027340578641,1.91868411049548,1.41287272873542
1.46425512931038,1.88691074224955,1.42791693657212
0.663111585684958,0.698447025613973,0.659677032258557
0.676779026751866,0.721914776146519,0.689421341670765
0.685011861664595,0.717606214916994,0.666601620094126
0.721354919216288,0.740319203681595,0.685627114630606
0.705629814224154,0.75670685397051,0.696421270310919
0.755873299024686,0.808710481441413,0.751547965869753
0.792104877361076,0.8595914521338,0.777586521393248
1.08363732099354,1.16010591205454,0.993450856705215
1.15209514246526,1.05358403062379,0.977941344387662
1.65906393483477,1.56146367229076,1.52179805752812
1.70111269122886,1.56721290213306,1.4931340755786
1.67096766586194,1.56110910730642,1.48331513916524
1.20071571083123,1.22784188176107,1.05451478050119
1.71412143013923,1.72282441756211,1.55863179203462
1.71957141833948,1.75883788654236,1.57332282116399
1.72531834051537,1.70059975741438,1.56900120996353
0.675398442644106,0.717736730149841,0.66132233675916
0.707099928580682,0.744811117693448,0.699740247451738
0.655272663519786,0.691436349876431,0.625618791864484
0.678084116347021,0.715365002270731,0.641078862354342
0.644508130473323,0.67694911543283,0.610849522226267
0.697831180952763,0.735907233663977,0.660584763913469
0.673688192226045,0.714691201221178,0.636304973531488
1.24491090096528,1.26852710473018,1.20358098975151
1.24756411214815,1.29245619672246,1.23372659759144
1.24594783707983,1.24364085590206,1.24995863087022
0.609011320652865,0.629052206135908,0.585069134252252
0.64881307660811,0.669003853836127,0.622235838430861
0.578531829558615,0.598015136275608,0.567159956664322
0.604520150506835,0.621757274526492,0.590543819419837
0.557449601752947,0.580515056010171,0.563411019408463
0.570575973743838,0.588817134660636,0.573667164954726
0.573436789001532,0.598031568585854,0.584159533968967
0.645940502417413,0.675173055412566,0.645054494542783
0.627314953830143,0.651593671016691,0.642506136105593
0.611727781243666,0.626145793962615,0.585667178891516
0.728078103603607,0.763196926573124,0.683905577996745
0.735223268883549,0.798115527275452,0.657279121387192
0.865319700927731,0.872041042803445,0.76410143664228
1.10218435538187,1.01680394548335,0.865429741627486
1.70519634320182,1.62537327009671,1.47216293000697
1.72506879868611,1.63012326394647,1.45372856781981
1.71123879147777,1.60740249123564,1.44690656702603
0.582421297759194,0.604552264561147,0.596414465961761
0.613607084400129,0.632446292638802,0.631759284597852
0.617688482839356,0.649334493858283,0.635523169835156
0.643503891390705,0.680770063248117,0.657406093079961
0.667205609926176,0.701207299189079,0.690143215899997
0.694075929748129,0.721920712293191,0.723141810888793
0.737422274774614,0.783058704856956,0.776321339957538
0.916867174227586,1.0529019447256,1.11251680756269
0.990828541690655,1.04336184444829,1.17095532737161
1.03529783048257,1.06886980530502,1.19690740065591
1.52035035117885,1.58894232531952,1.90572535091071
1.31931556387655,1.44595214404057,1.59178594191718
1.81018952359606,1.89202922312612,2.07557118491528
1.78334341430355,1.91205530348701,2.06317217059256
1.77850552207377,1.95028515534906,2.07787096684851
1.38848045591668,1.40951490449774,1.73911741131101
1.84702785938821,1.86411920325594,2.21767026860417
1.85367725989969,1.91455857923149,2.24781257145266
1.8829963551897,1.87418025448312,2.20858989075807
0.691835789949947,0.719115671310054,0.703211509050985
0.769366740887512,0.788353792639812,0.777905611158743
0.683063489330415,0.710659619613458,0.68794274605182
0.703725577885628,0.725378549575112,0.70089978836429
0.714229814032771,0.741222848326334,0.714668884290858
0.770575217232872,0.805088123934661,0.772981787557269
0.767440912583924,0.781678480587756,0.7554175940595
1.13684383785595,0.788508929779249,0.822238480423881
1.17872390157464,0.84587684623599,0.863003742090433
1.25556065979924,0.870807084461757,0.912274038550879
1.78485004432391,1.27263488766927,1.19640919672266
2.00950158843258,1.25457530708776,1.29957366500301
1.69386741841839,1.27962127839351,1.22109094513881
2.31936887301664,1.83193541487261,1.71983501903591
2.00260782593111,1.8391922881082,1.6906102474292
2.24846706767138,1.64547374211424,1.65391128709162
2.52056936728616,1.91782369401117,1.99474657668829
2.95871825063079,2.24132176779528,2.13789210768273
3.42137688413256,2.64660314448013,2.28101972945974
3.33378819246472,2.64584702918769,2.1976471625269
4.09735926608363,3.21234245063679,2.75100956528653
3.6563900744258,2.88768800103875,2.87439475960791
3.80212006423764,3.08650125331438,3.15771404796486
4.23057985386134,3.38410049427524,3.28377004003312
0.711666588961719,0.724282853558859,0.702895543646304
0.810491688147846,0.830477149830456,0.795216344326378
0.677505338071486,0.6634008265071,0.658590425167833
0.7014165203887,0.680367161868954,0.677460947466011
0.685593497886282,0.671418105463379,0.676169665072373
0.732072147190736,0.729451690268508,0.720811202841055
0.735302571531118,0.709461800246341,0.705888941141157
0.938099324542547,0.84630370521186,0.761240739327704
0.867690065126959,0.891084287975113,0.812088102772654
1.4223375070033,1.42433137512637,1.35444211683916
1.39487919846686,1.40591099928296,1.32435397491904
1.38593829056208,1.42518450090907,1.35243358238609
0.88591749432376,0.846007157636769,0.780453184591167
1.14573769834781,1.0807190580732,0.959713309483712
1.15434100362488,1.15886158696506,1.02799548752804
1.0070356089901,0.966497096344528,0.876503978936781
1.49490348887152,1.47004661579037,1.39350343776729
1.50362860796759,1.4944300708089,1.41313551340066
1.50933200521796,1.46444738049808,1.41933831279024
0.713752323556639,0.704126475164338,0.708483007883687
0.809309483595096,0.818454850502739,0.795499103779
0.719712272156557,0.695256030521618,0.710501871537518
0.73106548958612,0.708401824763438,0.71333082046547
0.780749991490279,0.742357910192179,0.771903609710049
0.890603547197533,0.830031152723952,0.878512460575741
0.845361105493572,0.768978429261717,0.85084989040184
0.947851606855043,0.837093290568913,0.955289382542584
0.842894191749161,0.761550846689431,0.852917691482388
0.945681120575323,0.859838238105524,0.966402138700084
1.02191287038783,0.954722623426802,1.04235074651382
1.12187465510268,1.0172145763002,1.14318341742324
1.35046970731599,1.14360449115845,1.24805807893483
1.57839530827212,1.12967342908728,1.26483427841808
0.771688924752819,0.764345148948663,0.7652679884995
0.739829355805892,0.757846020603588,0.746744406737377
0.89777546705049,0.874057059924682,0.886398382872473
1.0650937621412,1.02272461610283,1.05841789910717
1.14267647258113,1.09525931815331,1.13415728468317
1.13551861271078,1.08551586885669,1.13521181506485
0.981999767642821,0.963806689697528,0.967198672768982
1.00386517541513,0.996570644751489,0.992374468109591
1.20423635394535,1.15157125491683,1.18742663250323
1.5107391632931,1.41774202770116,1.46127200732696
1.38889204314518,1.36243763280016,1.38675176971914
1.28863360964717,1.25918868290947,1.29357473190651
1.62229037200916,1.59920696468416,1.6264279270586
1.57644698389874,1.58859898695138,1.61150563760655
0.964859960110006,0.960128495737787,0.948944791696628
1.08667945346651,1.09432703356049,1.08550888741541
0.926894819459359,0.911960595849132,0.89885439256028
0.942415566737098,0.917553622763284,0.918620988664919
0.989599552908342,0.974711419394335,0.949648175166297
1.0736497871738,1.06160552632758,1.0304550928945
1.14550866103873,1.10397865514953,1.10323385718157
1.19373134737681,1.15528111073137,1.13480853921632
1.30598345585617,1.25483250322622,1.21363199131723
1.37712401166275,1.31951919769427,1.31169450558753
1.80898832884843,1.80847170759734,1.72068688795456
1.9550416063335,1.85369745103782,1.89757881519632
2.47194382960074,2.38254142685589,2.45261235627347
2.19349726208998,2.07163411518508,2.08149954467693
0.921443388078019,0.932835677010665,0.882453488340643
1.03138622240408,1.06299385784138,0.985161208637368
0.849913557325681,0.859196237455545,0.816384465832159
0.878932943728757,0.859908702152151,0.830561917615365
0.83595741654831,0.865934823407359,0.814417044163296
0.92117486667313,0.94330035664479,0.869789378150153
0.945801205500115,0.99423419189746,0.924461411855276
1.41523732743829,1.49620860388397,1.40128480242241
1.43489951079726,1.46315226305299,1.42999817095475
1.45837550851271,1.45793065473299,1.43147009183972
0.795125977209454,0.841937536935629,0.823716864664583
0.914121553601569,0.957442701637471,0.960042588219198
0.775106118123691,0.838630666629392,0.811892577220753
0.830606592430471,0.89418093099138,0.840976766281827
0.818007937463122,0.890002811009043,0.883855363711793
0.917832283489179,0.985557770456665,0.993826901600397
0.994679915269568,1.06930052264942,1.06827746182229
1.12927811045569,1.19368977894034,1.28153209381742
1.31144610528782,1.24468157346097,1.43904148790857
1.5129207467937,1.42874048234455,1.6072824679597
1.99189504601532,1.85201593998728,2.08435057268497
2.00030098732801,1.8490057296003,2.11418114325745
2.09564128826935,1.98243775229576,2.21313426690504
2.41914105747342,2.32741454942377,2.56560126405136
2.53488103134553,2.50075877144204,2.64813829157886
2.81113485793754,2.55332181517313,2.90450408619394
3.12758668981497,2.94073259356926,3.2510933907254
3.27720110783646,2.93564427946674,3.30340218044463
3.43954629169366,3.14079899922965,3.5217440037254
3.78979856032767,3.50328157163315,3.85070875207
3.77683204480053,3.47959535343246,3.85938723623756
3.78158261002596,3.48980715006765,3.85020543304634
0.723701088262424,0.796610291778365,0.773059361866228
0.75311128194775,0.811741114565115,0.800928510861512
0.72195816264202,0.812679473133385,0.754441282391665
0.831682024690217,0.922935167999036,0.852422722109731
0.663194888859339,0.769885968892929,0.683198246897691
0.625455032884203,0.717896678014021,0.649697400361433
0.716425600093032,0.829847732129573,0.733962942894076
0.820221912679804,0.943712593124928,0.846254856002443
0.748901897952,0.901878217052161,0.791811470054031
1.29179311895796,1.38010336887025,1.30979011586051
1.29293807251889,1.41670472594759,1.33318185832816
1.2930527244199,1.40097067505772,1.34637433133986
0.788548716582109,0.881582704275206,0.825942938147044
1.17996112656911,1.18042965284568,1.41781733824749
1.18711996667025,1.15595435436437,1.31756425877504
0.937699833696942,0.958651061488288,1.17582379792458
1.52273336616293,1.47878579243195,1.73527893503673
1.48185933251646,1.49527334142675,1.74698406527122
1.50043980649793,1.46934247453485,1.75183774634195
0.712132299747258,0.85345155008444,0.708696946812112
0.857496865417392,0.990346972440653,0.840056677595241
0.675710781098851,0.858193788399709,0.671182346581196
0.653378569039988,0.83880242945159,0.673236754065917
0.750166782859868,0.974250275826244,0.719718518880294
0.874018157245098,1.0885806498783,0.827151529735779
0.90693936142872,1.09824503541626,0.86743930982551
1.50868094629681,1.58017459709052,1.41480842362604
1.54084911361288,1.98663349883476,1.43252034677012
2.08178319195624,2.52412776003169,1.97799499403159
2.08038456217379,2.51237086288383,1.94169586756787
2.08980214521371,2.52545825726144,1.96946381851756
1.50412228774593,1.62824592220952,1.26508427622936
2.03122884500776,2.17901490017375,1.8170023356805
2.0569571578588,2.15180814195754,1.77077030735912
2.06806880918684,2.18770220184619,1.82837874920521
0.696994058538106,0.991267730925724,0.6631277526671
0.714468905595388,0.983594032961467,0.681293257808069
0.778179228044473,1.19471817184881,0.747251939984259
0.896023570164503,1.36096114638151,0.880775633786066
0.8139382973272,1.30395237582337,0.780535750939932
0.815152595268524,1.33314378155569,0.779183008393213
0.994392120950725,1.68301705221907,1.03689240191088
1.20535301717874,2.42473500813518,1.29604079110503
1.21526153629393,2.12272613454257,1.2714475585698
0.971257594423949,1.3310849976846,1.02777426359303
1.52719564680097,1.73404583372686,1.55200067791116
1.47843591729585,1.78095117692485,1.53785505286642
0.851579393643426,1.29742142385514,0.744017360310301
1.02334557979618,1.49980034292863,0.982999674486198
0.869009819720516,1.27032864315982,0.688511742362027
0.942270909342036,1.31774881868722,0.856392828057306
0.95401737560983,1.36490063058672,0.65577189928442
1.07618580411005,1.46268005644328,0.704008821100135
1.0649869077147,1.57572703316997,0.643072254149213
1.2217870092211,2.05536918892654,0.702590378605676
1.1877950147638,2.11145325031061,0.719774090392243
1.57396333360969,2.57222719082147,1.30346294724919
1.67353872920363,2.57635999852436,1.27000131111025
1.64213272063107,2.56126977971641,1.26940483977084
1.32342761113074,1.97918883511489,0.69741453338832
1.78567882022158,2.42592481874248,1.26432566451174
1.77098274161042,2.40670196303299,1.2801695588043
1.72276162630446,2.43745522947727,1.25299612547593
0.935896348357904,1.35277048345016,0.684930414378333
1.10221764093173,1.52295117340529,0.803608442380367
0.839317259360316,1.28604966555359,0.751129361040888
0.825322758672944,1.30157345280262,0.88387053052706
0.899704687418141,1.33517713901698,0.784779183473981
1.03514982581765,1.40122858680815,0.837565071349582
1.08443852332247,1.59515352642953,0.930016871014639
1.23391561089403,1.7506056891888,1.03136015648896
1.27123641794164,1.78712177761165,1.09093286867579
1.35960083200348,1.85441935682274,1.39964680304662
1.1743498439136,1.72593537339484,1.11145291427878
1.58771822764306,2.11612258472885,1.59397039887797
1.6077305969373,2.01928009204416,1.56237794010661
1.63082802266457,2.06756821110174,1.5753796638847
0.860283021563023,1.28339822132948,0.766759406230882
0.923276924733327,1.37767061867864,0.831615318561985
0.954291061975128,1.32725551398186,0.805479567074643
1.03221850155046,1.40212452002417,0.871678352992827
1.1138603022972,1.45140867318592,0.857880157493243
1.29150646654489,1.69707869896627,0.897391545531942
1.29267094930046,1.73154682121227,0.989251715479018
1.4703340094596,2.07720305560617,1.05118228185475
1.66914879589043,2.18122944667205,1.10503211561677
2.46827321765801,2.72427566918318,1.34880714429172
2.87873087626902,3.1224261144563,1.66562753719986
1.7346175177578,2.04727360165446,1.03461530436534
3.02080653564448,3.32309668199845,1.34253211297478
3.75078745213932,4.09276236421599,1.64314487249832
2.94030460101388,3.27547084643813,1.15236640854033
2.27857693799301,2.63383973201923,1.06985400572322
2.65985111347072,3.08374595520023,1.28817938984416
1.16528731774313,1.46468240955824,0.866824205906693
1.42811149758364,2.01913726126109,1.02809668094327
1.09228494195674,1.28519908710389,0.83192529111072
1.01788462326305,1.26044847139932,0.878136812635422
1.33113470215273,1.71771869221843,0.892405536649391
1.63420595743464,2.22374860715858,0.987292175238932
1.81879201474191,2.42885192913385,1.04228807640103
2.42134003906272,2.9198776176544,1.3313858069679
1.95345463246637,2.65556829956046,1.54251805426387
2.3538822702868,3.09056582236142,1.66554190444011
2.71635743814121,3.35535487123789,2.07543691569049
1.14625843397757,1.38466702322295,0.857105242022088
1.50029555926212,1.61097487036075,1.16405116229864
0.99646127780978,1.13385712278811,0.809264376123704
1.27486954786275,1.32370534958773,1.03569260110444
0.845198903706348,0.873876810801685,0.75970967296701
0.968997310293525,0.966429743396283,0.808856148042426
0.840971505791604,0.826317723370475,0.810409359390775
1.25174054680192,1.07910419245762,1.58892618128341
1.24038388262005,0.927265280307584,1.59456940111184
1.80180861267916,1.48989337301065,2.16416875453477
1.77082054933604,1.46046187397411,2.15688936501807
1.74513832820345,1.45089821808658,2.20207535180858
1.28215348417091,1.14471259527165,1.4170897183653
1.79240472672788,1.61843949325141,2.02843819625933
1.80477553766041,1.62658496875837,1.96740196986511
1.83252312412614,1.67464653254447,2.04788756195799
0.748449413643607,0.757043906133176,0.73956403975848
0.806167473741527,0.784167508964488,0.81363200080908
0.7181894636903,0.739067379122814,0.709830426393947
0.781001992657786,0.812496910221923,0.73327652448183
0.696509476346526,0.728098484356063,0.70359879032873
0.762146953797061,0.791706462753094,0.756448201535578
0.781987089416212,0.848943906077882,0.754783599712447
0.952153058285029,1.04691609320914,0.803672582518292
0.95180211419627,1.09765051966721,0.808822732430054
1.0941411872291,1.2570552145323,0.808446446019417
0.965409927553615,1.03535984698898,0.908093404706605
1.467449034517,1.50465647270308,1.45553104871307
1.49731759579412,1.53800556319236,1.39011726361408
1.4707156607798,1.55856468634678,1.40286000850455
0.659244752831379,0.658149774514269,0.672883125669516
0.670099251523801,0.642012636088229,0.677278664673209
0.694941747360975,0.70308994434855,0.702671624726631
0.774799297132574,0.795457298702489,0.776866844306138
0.697479605704817,0.690661693409763,0.692835002758949
0.716130202033455,0.698627585523544,0.709789619694555
0.813518483057055,0.813419836670797,0.813158767146648
0.999345005459323,0.917647838925724,0.901889241502279
1.05039763083488,0.864371665128047,0.867783612918907
1.3070582362772,0.957918627275544,0.942059642507766
1.7251777604635,1.22750853085164,1.37155049299249
1.6021543462023,1.26112750476435,1.23213861977273
1.81294585865335,1.34096660617342,1.12958761881669
2.26820165917167,1.90851813845848,1.65873459349412
2.10935692840425,1.73437747321227,1.56466646367883
2.21651111301686,1.97769586452978,1.29523173516136
2.35726122137552,2.40992614929088,1.54147354401761
2.70953310862723,2.64712737729166,1.65832650736982
2.89324473192277,2.96606439668479,1.97069097374591
2.73485474792069,2.89346886233343,2.03109828929364
3.3621393771062,3.61103331418966,2.37762787657576
3.27206723846448,3.50369491832659,2.12587289267034
3.36276933192456,3.78264311562477,2.30033797597148
3.70548174843869,4.02525675322881,2.47060398195138
0.681735747211513,0.67776773496185,0.663513319560926
0.740272634198588,0.758712079357466,0.7304789763309
0.678063621707005,0.656501765345206,0.629451831646924
0.704595208370501,0.672832520134747,0.651345771473726
0.706975621521349,0.699800570715444,0.635405728490695
0.756482189326762,0.744611410466793,0.660538744668259
0.82167569979269,0.835707468788688,0.718898121921542
0.868673087663278,0.893211778469276,0.78325796741178
0.896256764609216,0.919891732743988,0.767036887117555
1.06881913494169,1.21782672600154,0.856407671269479
0.916817966817036,0.954981891744615,0.788508199617461
1.19515669023733,1.30522913731755,0.983282189732915
1.40433666320375,1.61552179047843,1.13528922463647
1.20711534818093,1.34318657988948,1.0367866290721
1.39796496784629,1.62894613461242,1.20301532670182
1.08062623865066,1.29417448226996,0.949275670861708
1.24736366200437,1.7316374738572,1.09659824854542
0.669740360512919,0.671494407202173,0.62331035741681
0.770716320513375,0.813091459042672,0.747585303415231
0.615483284943652,0.591571180408495,0.584582255800174
0.64208486487347,0.614370871182874,0.636274326672601
0.601899420632525,0.584051379870707,0.582686505747496
0.640174161936117,0.636058312352527,0.620614948296331
0.639691618065667,0.608695506944678,0.618230023881132
0.722932211913923,0.679144055686603,0.68787214869278
0.665494237111697,0.614439301235424,0.64059181312564
0.703084706801317,0.667485255375577,0.668472678370408
0.902778188567637,0.870947554474391,0.771382771363086
0.591443372223054,0.565346586779665,0.565498546052105
0.634501001360254,0.591473491307357,0.608694160818628
0.619729474968633,0.602546445525293,0.583564239878621
0.693780247045852,0.686321567014424,0.652473082078014
0.637187920588975,0.603423292921033,0.589839831270789
0.68740540128097,0.62266747998636,0.631533022116133
0.774259431441201,0.702546912383442,0.720234932298882
1.37674704598342,1.2461420854148,1.3959497596259
1.62670308718034,1.72692896527655,1.4994069006706
2.17919239576239,2.26925993597081,2.08350898257413
2.12384536530269,2.31986176079303,2.0177059921673
2.19147721623845,2.28557618882345,2.06671771513725
0.902218449355902,1.17407280964689,0.983355837375313
1.36139705504786,1.8568213600327,1.44465129862325
1.58043491998944,1.90332245199541,1.69542348594219
1.29219641905264,1.40043098304172,1.47495060962408
1.81313098020779,1.84046681372068,1.93626135457416
1.81703069379095,1.86835366537727,1.99896420369393
1.77864262777592,1.89009323546025,1.9938657168757
0.59082065523554,0.579724519118954,0.550250438136135
0.615625122073708,0.603639738568088,0.5752557770246
0.58863864987961,0.598331624375414,0.561448349336491
0.627512875258202,0.656071878356026,0.613264167397872
0.594283384235451,0.613637581357061,0.563789085286593
0.647095864895714,0.65327529855125,0.595684784618379
0.682285208208911,0.723956410745437,0.63878932194811
1.17475273524863,1.33882705823312,0.999718609271087
1.12988000436422,1.25523707372312,0.905065845283107
0.92476506982541,0.951256224118344,0.74213417110745
1.62893727387742,1.77418200122088,1.20460630349742
1.68397831907796,1.79568373562618,1.25267352645493
2.21030328783518,2.33563036010925,1.77608614146439
2.20470798816216,2.34638317605585,1.77394188951834
2.22153268553448,2.33350847680824,1.77254735885518
1.20922020355599,1.31043531462638,0.957806113467231
1.72561355583071,1.83951085123496,1.50454895819907
1.7548992436857,1.85535451768752,1.50582426211861
1.73243272975435,1.86475541679313,1.51785059486903
0.56190722283919,0.577055443270807,0.545182058454904
0.584886386375588,0.594465609877238,0.566786092082834
0.556830568405743,0.570729602503794,0.542910330126882
0.587685374453122,0.605339846382062,0.572673666473435
0.567491821503998,0.572371198990956,0.546425878638317
0.601492751124603,0.619097875564641,0.577084582932097
0.621837376051272,0.613241734731551,0.571158746982271
1.02748158067721,1.06710908811243,0.605974185105638
0.980976467278462,1.01847206207516,0.631788957665138
1.02691490869016,1.15567295764576,0.633916188787805
1.44779949404708,1.64404300616889,0.730418015493924
1.48646842648659,1.67236135490092,0.706907829656757
1.07220386353344,1.17642902961193,0.674688478796102
1.5717142048548,1.52311711713465,1.2205605252907
1.55599740292868,1.64404277723293,1.36154526080784
0.567292918984198,0.558421210258301,0.539187811675728
0.620460233621022,0.606615617552221,0.573631913262895
0.561639240925832,0.55242393684811,0.534835832844583
0.58822213055795,0.581544561313377,0.560479106275512
0.582387697486008,0.576022288761272,0.543201351447742
0.639904881310713,0.637042401373234,0.59806603690832
0.630141474645116,0.631180686787868,0.590213647254662
0.559057320338913,0.550709930244746,0.518286177858979
0.597543042627607,0.590193402096035,0.548152624339805
0.539707426741717,0.529414823828778,0.508275817392345
0.565121650424805,0.55279191950304,0.538595954010818
0.525658469553144,0.517766253625655,0.499888368527748
0.546773985515367,0.53729733955319,0.511110443980799
0.553242479139645,0.532808987459066,0.521649217026715
0.615515328530295,0.576801248024563,0.573675356146616
0.609235999760719,0.59377331382744,0.587752877767077
0.557380827481866,0.536346168337355,0.521403398567139
0.573697245337228,0.544717227403121,0.533990951434474
0.517222474992135,0.519368661777858,0.505135859273773
0.534757560239789,0.545915461748693,0.524351142854241
0.52559460943404,0.525517726834378,0.5192249434134
0.5498618086168,0.54600169019595,0.54761315752339
0.531283832651968,0.535886363970532,0.528636065307046
0.55685078889205,0.553861388100205,0.550697519331134
0.574945482679401,0.583391398502744,0.575374130392436
0.647111369589741,0.660369529814698,0.662336433513323
0.634397929238427,0.66035680469729,0.641470793397834
0.585834861324717,0.58327794663012,0.564464324600515
0.66679330425375,0.669083337003265,0.656643560503055
0.756531493376791,0.773688278128728,0.774709466412605
0.765001788403966,0.772114858170791,0.740815218432497
0.917162841479588,0.93360312041008,0.905800547057094
0.782491671811994,0.789075134794657,0.737622997550846
0.917239350548061,0.935705845757275,0.869831365731335
0.670080831913642,0.671796314882185,0.626384355484241
0.763724605154738,0.778891451860654,0.726596846236538
0.756348543360613,0.759505795092958,0.707545852953668
0.897022881206253,0.908211425911374,0.844911569013011
0.535223056264339,0.553025572390023,0.530183593562945
0.563047380709035,0.586229925417775,0.560212861159537
0.555087188817853,0.571077063329957,0.537022465890525
0.580896163249661,0.59213248967212,0.560610004519536
0.603331028101762,0.613538871803912,0.560299827279357
0.652098267611682,0.657570169400264,0.60335938458346
0.7281833250993,0.686002459803728,0.600851006558834
1.47034721709461,0.80586457745423,0.643791786141277
1.5675858230075,0.85911996710169,0.696947946145658
2.11067376588045,1.38037599881858,1.27640065499644
2.18098892789281,1.41974367807264,1.25617044374796
2.12632253203851,1.37986205294316,1.28582102427089
1.19499651433307,0.811978420655958,0.681255400517927
1.82755504379173,1.37265735841623,1.24263662473818
1.78125879262597,1.37003626427927,1.27344292563049
1.79363781681171,1.33455022730821,1.26928670158201
0.582747378618166,0.606460899445516,0.549836800693181
0.626863840025265,0.661349758033815,0.594596947075816
0.559459522957892,0.578129930781703,0.529125538592136
0.581848135989727,0.587026539566378,0.544943569059285
0.5458710373694,0.575858542857436,0.52610449363356
0.580622794570123,0.621172337636788,0.564302829404252
0.564883264524905,0.572810127385361,0.55167632852483
0.705424617147413,0.623239049454382,0.957617892503681
0.691396721619406,0.648733990099647,0.884834954010569
0.6464337917825,0.633613550516991,0.791823102788413
0.780949538495692,0.764291392153121,1.19437026021775
0.847841178494791,0.801557960833623,1.28237587941483
0.762168161806224,0.740421396262614,0.829439880063863
0.873137933304397,0.840538646488516,1.01908415368707
1.43080641274599,1.38651148119544,1.59481545683073
1.42028512893391,1.41369168142273,1.60494338547851
1.44554438919764,1.42267830402473,1.59587014784027
0.526010802160181,0.568840736021575,0.51474687245668
0.555461839232217,0.607821560940006,0.552226040246605
0.514016946650024,0.552943784360564,0.514318264092858
0.544661213527011,0.570699741938663,0.543949583663175
0.511049588289436,0.549700551809498,0.513945842382007
0.535285916865696,0.56169728524675,0.527297454047252
0.536080845094639,0.567932116642642,0.545242684463968
0.619137807702702,0.653493694756411,0.616492355499761
0.612852430928544,0.648283714046698,0.610869192616319
0.626404808747949,0.624332074233187,0.612574466950522
0.851915260368641,0.94170050335135,0.9012064507432
0.823622049791799,0.934202644339713,0.890261439320262
0.620138019776053,0.737893164291662,0.700985465835353
1.30157402308037,1.38619290010391,1.37170697796655
1.2603735646765,1.40695974632359,1.36156168777033
0.524532894255012,0.568475257824649,0.53643849928387
0.561533061012593,0.604144445648983,0.577374405190848
0.547480729298502,0.587617054608783,0.565323247863803
0.577561083996717,0.608696516159959,0.587770610899664
0.591906726860831,0.623921889600787,0.61757079808675
0.62297766712761,0.655656653492619,0.647677651133076
0.673021757667594,0.69234562881398,0.699560282050932
0.760392630918287,0.767768223685578,0.790139026080587
0.762860830159931,0.784419120104981,0.793309756986375
0.718266481660996,0.739748971845911,0.759618051997315
0.799762586343375,0.890752012174765,1.0663188621785
0.884244681573754,0.917892635707357,1.03167040541692
0.73259269316914,0.903919469014851,1.04898220086456
0.862979786446545,1.09796396358662,1.3956569531425
0.750965409447165,1.08171925043587,1.26816766734558
0.769496190056486,1.0735803492102,1.12899450561626
0.862336439803032,1.35382807632838,1.70720882405378
0.598267432628673,0.638605402605915,0.627504717968257
0.685036361852731,0.705520431514316,0.729517066648109
0.573651707051922,0.634799705912822,0.599256439817964
0.595937712896587,0.654474734434937,0.626326123221307
0.587519284515464,0.670404760161974,0.615334110390107
0.639773792523109,0.724307386099272,0.67758921768147
0.647321509446076,0.726493119409993,0.672286155296916
1.01258935644562,0.886335114580842,1.03248941514526
0.924163208318136,0.924403059083422,0.921035173897046
1.50343156311587,1.43822000572496,1.51012041124059
1.51011327819049,1.48775169154118,1.45953986063579
1.48561513487745,1.42823979868529,1.48935076543429
1.09012675353626,0.892587970016902,0.997261702832067
1.65912892492506,1.43545087836634,1.54831526598361
1.61716267690038,1.42600985477674,1.54067055429703
1.63190681065214,1.41671756511449,1.55579030660505
0.588053082961804,0.666577520059957,0.610419012035191
0.658297450366522,0.736482376982701,0.686718676163944
0.559046242375411,0.628177770802587,0.570959120644461
0.565558654366543,0.629995570273033,0.571249843258485
0.56426119043746,0.627483931438873,0.562951573686192
0.588899361872838,0.648756921511555,0.592959725833784
0.572928949190916,0.616449454606749,0.567346870653911
0.639902812830008,0.683671189182942,0.647451068772585
0.617609879383675,0.64647584732418,0.618765243992348
1.22824640531734,1.22417550783984,1.20472603600128
1.23432380871431,1.23775238578206,1.23550900893846
1.2052586562514,1.24615536086942,1.2228799184877
0.597313040907877,0.63522952380282,0.58899168634497
1.22897378538002,1.23329795149176,1.21079299076572
1.21433428970113,1.2259786461371,1.22755405327515
1.18135915875045,1.22397179484447,1.18033016702803
0.609482450211852,0.677963062272727,0.601149720595699
0.682010564497523,0.758898849511287,0.668958772868587
0.636524371878508,0.693166323941738,0.627848421735278
0.655111479941258,0.705432009173853,0.653983272129281
0.697558069710414,0.765046141026617,0.718526860567838
0.744868499948574,0.807759485446428,0.771722501301952
0.729405882258007,0.800502299722897,0.801418776471824
0.954359635493194,1.17034543007215,1.49037569020202
0.947838000681255,1.1178134131848,1.45048259160262
0.931832432378562,0.887950678227029,1.12297576536984
1.2294697322157,1.24230213842366,1.80628934091022
1.21778831240266,1.27525726417785,1.82823659467129
1.00367192526953,0.926263260590097,1.09508349369932
1.59975003784382,1.59931419171828,1.76240661037933
1.67109394994847,1.58501906721427,1.75138147213809
1.01330461967657,1.08005907988317,1.05041452168682
1.68216563810094,1.7886607010022,1.72048012566937
1.61034020812935,1.77362714795803,1.73231193316643
0.940657115047262,0.964717815931783,1.00512860855727
1.36986456844924,1.37911729466827,1.39192432609313
1.34981920030844,1.35295861849612,1.4069126438727
1.34708174858907,1.39491374534669,1.4472878104455
0.785906070151835,0.880322658390719,0.806385807346756
0.920711553984739,1.02018968344155,0.959077364035533
0.79961011535329,0.93188509739375,0.821902466787077
0.7910624971922,0.925906251539915,0.815808057417891
0.922000820269057,1.11280429909018,0.965936876332571
1.05917523109835,1.29328770765118,1.11670661383543
1.10568883929499,1.35323430202511,1.17192365752162
1.13397051406978,1.87169949185345,1.3627177086841
1.33664818707825,1.91643944766435,1.56562055501686
1.32368716516516,1.65350978366381,1.62404480600875
1.87244689138648,2.28062541599269,2.33372794985708
2.4511506294124,2.58809780321304,2.71052528764288
2.20078873202374,3.22089288240648,3.07328816500291
2.86565926987628,3.96352340647083,3.79627063850992
2.14529038169738,3.63282767683173,3.25643537513979
2.64150916963209,4.76122175401638,4.16352251821987
2.77460844846626,5.06065663607509,4.37667718436606
1.90453730257008,2.51317544917984,2.26022277076838
2.46593760600342,2.93191167996364,2.60405868551761
2.26613116340297,3.40656589634879,3.00962507648775
2.97523721479486,4.23680021413906,3.69840724809591
0.850923275318069,1.01947116405513,0.880153621970141
1.05223405776171,1.187603874334,1.05437079340765
0.738620988013607,0.894655182862567,0.777504753425185
0.829749096674371,0.954309540181153,0.878876306736039
0.695926963952529,0.835390598362324,0.725932087763662
0.730688651394312,0.868873914656483,0.769078043340927
0.693000977980966,0.790041425438831,0.699715090287825
0.807876547284725,0.804604083091564,0.852651161223548
0.862615931876277,0.835300591241109,0.852322619469189
0.824494904972012,0.809754835046485,0.768597313008599
1.05958759330631,0.83030113707375,0.945803819013205
0.714154575359949,0.864573684215825,0.73651203061655
0.784450755473573,0.929850659701248,0.80094284856613
0.74186828359624,0.88877236412727,0.754543203685443
0.847039686154885,0.977317660196827,0.836715294340928
0.887144347163994,1.00109287220765,0.877453342596737
0.957051329835332,1.08166918344186,0.935345704205347
0.769393623847847,0.917859109533899,0.776549956233949
0.845232948579486,1.00715664641819,0.857069248011282
0.878275959973712,1.01685084820185,0.883826915437414
1.1310134819343,1.24085220572045,1.12746662543223
1.12555937199429,1.29666997673032,1.13103331358239
1.01854195445451,1.13497529556376,0.979666682278064
1.3723221710483,1.47651144875534,1.31949738551787
1.33435053114092,1.46544501522286,1.26325465628909
0.718989610818302,0.84375044869672,0.708423606090215
0.715146950413369,0.810640996333237,0.694088422757684
0.757157322444986,0.883421876735454,0.738153572496563
0.834849496209188,0.978054871625337,0.820013090726213
0.754598261179262,0.853698193442597,0.720308486970314
0.764098579638605,0.852953490724894,0.723252672322966
0.878657084304971,0.973569575109325,0.817911578735605
1.06103366541129,1.11166045512849,0.899681147800459
1.19796290928834,1.01035201332253,0.856558182781259
1.46820776334793,1.15864645669585,0.9162833221003
1.94948908084272,1.59124096461422,1.19592407303419
1.79691315690217,1.59130178873292,1.21001965808432
2.00086264287067,1.57560579423488,1.07331149476072
2.04833950798805,2.01696479927013,1.40361137753113
2.38101257424612,2.07720194545403,1.39950088732257
2.74237199586481,1.76339380123649,1.17195052410056
3.17166580764042,2.07353426161011,1.6121998012499
3.05966230860368,2.08328975204412,1.56401513615203
3.25530728109301,1.95397945232266,1.36688858414231
3.58612045850304,2.29783281835107,1.81616716710979
3.56235548054436,2.3108852947434,1.82348637915673
3.58359428601251,2.28161614969412,1.78361945226178
0.717004915397771,0.808774675385976,0.701423053292133
0.794261518095724,0.896948410717543,0.800649559955082
0.698229303638384,0.763620004695766,0.679774658310828
0.743829506085129,0.787153106298269,0.723820901941945
0.713727260113023,0.76803449856659,0.711108874737389
0.785140679965474,0.831562921734643,0.797645122906184
0.812228545388525,0.866579473180663,0.816466109675275
0.645156849133991,0.680951905754081,0.624025066216647
0.740015709333896,0.737365049579209,0.686017187791589
0.597029577630987,0.648445752503154,0.588774230692144
0.667875311851829,0.743781404698636,0.689799106297285
0.556842017146304,0.593323905171782,0.531744632074758
0.590673204773609,0.619091785135337,0.580627467478232
0.581652934514969,0.633328863386824,0.546250035103653
0.609257544771628,0.660355283010409,0.56964799859716
0.653468329537527,0.723019921175883,0.624933506674913
0.695979726576176,0.780921236744209,0.666623260928592
0.631990224268166,0.668174104613177,0.604638156052935
1.20726563969811,1.25949791931559,1.24837245656533
1.2210800151561,1.20059910380523,1.23098503512505
1.20361943623683,1.27438190724839,1.13411406817565
0.505261592004392,0.532041825310152,0.489803746156662
0.526836820415988,0.556034307800943,0.517644768752997
0.509692459951477,0.515452481298765,0.516305006424064
0.604057516432406,0.582857332652945,0.63823141774243
0.461110447136091,0.462085720229224,0.462488900557489
0.473856234319403,0.475568194981816,0.477269448037443
0.504815900126577,0.503522220616727,0.504329132230594
0.569483872028398,0.564712778605038,0.572014141536603
0.570971873268541,0.570382976120941,0.574088680987572
1.20189475778454,1.20995037555308,1.2207875516985
1.21173862911413,1.19218161212357,1.19015608572941
1.17841976451725,1.20646654597405,1.20931570791353
0.595163700659337,0.592541160620151,0.610928485447336
1.2082204578751,1.23774610833687,1.25079796639187
1.21167287996628,1.20957622872193,1.22436872740768
1.22158337917339,1.19213903712153,1.20423877114113
0.444040380716905,0.452133254043875,0.448589762942465
0.528010888146036,0.543228044630208,0.53883825423354
0.423257451717009,0.429720004795587,0.427394342867497
0.466414368526318,0.475263872996616,0.469895105670371
0.427263616512352,0.430932769570246,0.431399946945844
0.456032746569531,0.461479202030091,0.451785694280943
0.467656715440336,0.478182696825663,0.470468901675182
0.518139591134608,0.527668672457304,0.531527560681078
0.531955350125431,0.546019370969055,0.555195201290215
0.563612596113396,0.597437358705202,0.576272918437025
0.489086743143089,0.512745163049637,0.478334294898099
0.618605021483192,0.647335022407835,0.634967918327498
0.754923461956329,0.783482787266305,0.797188270041475
0.606247466117887,0.625741701882066,0.607103116289359
0.706730815147998,0.711219374283563,0.708405978465543
0.564412325720921,0.577966022288733,0.551414976161381
0.679950767975339,0.681308582804098,0.683229868828348
0.425393745265136,0.428090997046118,0.45157826096393
0.511888130344842,0.517136698725712,0.573046144278924
0.413136997083801,0.424081753281784,0.422805691752394
0.46765517740276,0.489529688546104,0.454872416358205
0.386789189286583,0.404755166107719,0.408779723908483
0.405861875384983,0.420157632642777,0.432208725114596
0.411225646503022,0.432765710300619,0.433649999434402
0.479968011150833,0.493630109349167,0.496341728296638
0.502904494212912,0.517679622115268,0.51618868303874
1.18294147856196,1.18310290183677,1.18383779485647
1.16536500821221,1.18894736991378,1.17282514104989
1.16845605211246,1.16646701147198,1.1716278230699
0.468243370709187,0.495242665557692,0.493011722189151
1.16464570884404,1.15686732348602,1.16367265806849
1.14871153478383,1.1620719066635,1.17452834545141
1.14114793225068,1.17936056858117,1.15604190498392
0.404602013412897,0.415847639569482,0.419546341908491
0.485520424882113,0.50954758101242,0.507870328278886
0.417379476585641,0.417417554038696,0.418317793621177
0.452871881286114,0.458421395446696,0.456257421612957
0.460286381594875,0.45613800064374,0.453546171989428
0.523917299997611,0.523530065431919,0.522208067836671
0.549394852761738,0.547654403026311,0.551626808254696
0.449466524642616,0.44391921971396,0.433982135071971
0.552330399270227,0.552505064183106,0.565573781183124
0.476254761197184,0.476089612691022,0.467416710938033
0.548147434134692,0.551217143208683,0.563252682497417
0.524243953829482,0.533621321219304,0.498985033075235
0.63553169624139,0.626406560058005,0.589810164705181
0.619114799838412,0.597636914440059,0.561255852415444
1.23575356008056,1.17158476467413,1.03066098478044
1.34717348664708,1.41239287390841,1.1361013030991
1.91774729527743,2.00547126924088,1.71533215142948
1.91561214685996,1.98243728396796,1.71835864694775
1.94565262279712,1.9890857533911,1.69755368174979
1.27555529551938,1.26855708967715,1.12444471728418
1.86272319650373,1.82466674203436,1.71038113397978
1.88100115254355,1.89992003626086,1.6856593934299
1.8528459476829,1.87336913710834,1.7129437680872
0.659059239436281,0.665979896149077,0.646181911475039
1.18723644527813,1.18073242700827,1.18418465135861
0.538223059702789,0.544000011158167,0.512633784420639
0.782039911799913,0.77522159027857,0.755130428745101
0.560705993392695,0.556341865282639,0.535344858724146
0.596781092507527,0.593159655174153,0.567176954382497
0.632611412029576,0.604255366342493,0.621536623933149
0.675973863911946,0.666346776180201,0.680092572647756
0.713635829455146,0.703495390222386,0.70460090337534
1.23865795729595,1.29125475934344,1.25687638136635
1.28389567008045,1.25251578864052,1.27334683759433
1.31022925546488,1.2879982911277,1.28063948413394
0.748154077786809,0.728849025230815,0.763541433005065
1.37566156466346,1.49737749929269,1.48082037052032
1.21189700883128,1.40146807801359,1.42154135886533
0.911020698484634,1.05449425225636,1.02299168377765
1.50842555034476,1.67239072877511,1.63371418314796
1.51542046574527,1.69122309417421,1.63896294842319
1.52209615652662,1.67634032626036,1.6590054362869
0.554790958416108,0.577068887182276,0.528415335338622
0.581949333980531,0.61596155412617,0.579796457240893
0.617593971385774,0.644816743265426,0.587060819769224
0.728035135687653,0.711203564976674,0.692811338591907
0.635937740027968,0.769425818471111,0.587592448332971
0.675644003145748,0.841585051655495,0.628521155323387
0.739666417990023,0.966532221743527,0.610764852959158
0.804869898217767,1.07193656884561,0.675763474495867
0.812320694752298,1.05383242295719,0.657411286584275
0.879189701835769,1.18440867002575,0.670162680604931
0.949186934682012,1.25744320439531,0.772882320449925
1.06418588766286,1.412688245623,0.759939833803766
0.686460554952832,0.845649889018809,0.628534774513419
0.821932802733805,0.961296422428129,0.706924072203253
0.705479742675337,0.909380524884522,0.678103613292166
0.763784869994243,0.967435308050038,0.718598044893704
0.878316357167893,1.07329323568605,0.807046339591803
0.901966586823852,1.08732467157259,0.813337051437392
0.809361942605555,1.04657193141151,0.811036934609146
0.8915876820635,1.12186091097634,0.936757194872708
0.993627184188443,1.19779747598789,0.839769151442074
1.35240744044263,1.45928872164132,0.963200153049559
1.3538881053026,1.44838850522171,0.994193289715532
0.894710588189334,1.14347763106819,0.868312742164073
1.16258258115555,1.45551563246777,1.07934471326361
1.20103495317205,1.38912486151237,1.08346425071112
0.940867193176472,1.12893329692179,1.01858880430472
1.51772547980553,1.5386120591386,0.986626605141807
1.41391677210045,1.38842083509561,1.5911108871087
1.96014082808509,1.80123596308198,1.86769465540836
1.76818235260759,1.55688960415038,2.01458633340556
2.21832579893944,1.84276429102822,2.48033117692357
1.9332226342969,1.61713391624002,2.29436901927782
1.65337486639451,1.47587873362046,1.69950464392659
1.68126573811179,1.52288580529819,1.91248389681191
2.02353002002135,1.60602492655191,1.32062431578677
2.4179975694872,1.80235159696497,1.27419242598077
2.18875215831463,1.67256716335354,1.18121772707548
2.20731040838403,1.71094974694408,1.17856222487675
2.87694978259888,2.0654110480246,1.56969402353615
3.29721423394554,2.54913003931823,1.7681219117665
3.27861511603577,2.43815252932808,1.75165328704081
3.56602111255782,2.79762257311538,2.08072972863312
3.57719892242485,2.86846116099097,2.11264026417058
3.66489205135046,2.81308807779846,2.13936110956426
3.34506544856125,2.58152783227555,1.917977893898
3.64537357705171,2.97788608010057,2.29326119561878
3.70852353622944,3.03255629906123,2.28131343789779
3.6834828522406,2.97525935908678,2.25289099332087
2.03411256316788,1.71239907472308,1.10975266803225
2.32745197327735,2.22652423417451,1.33527601127652
1.94617891591638,1.63594294865484,1.23061457100258
2.13190622254614,1.73582748641799,1.4317349294067
1.99985650645082,1.94406955123142,1.43873739963681
2.15977496649616,2.24642810732363,1.83275413629349
2.32361986141035,2.42170954358971,1.75638065818422
1.92331827517426,1.75804287209093,1.16623661867136
2.56552317049607,2.17036819503281,1.18153127403864
1.84126789928561,1.57948807229578,1.48302811522149
2.07139455818589,1.63305207295695,1.88507374695703
2.22706353019832,1.87936489951624,1.62241248252771
2.64146342723741,2.2372569506521,1.64197366129833
3.1418035546823,2.50201416362097,2.24682705599873
3.62006741173056,2.97755069730431,2.50235784787149
3.72379892865019,2.79478949462987,3.10530996878772
4.10600894040951,3.20676389318234,3.47980142557183
3.70513483906459,2.9729626244083,2.6588002733492
4.0312939543938,3.36610374190142,3.0657602831603
4.00354303525926,3.28357199361065,3.00850203994156
4.11793182332861,3.30402866816512,3.04647889906853
1.79811751824365,1.70103402717116,1.50366660877195
1.95313020204412,1.98813838677192,1.69912910875548
1.52738110538977,1.52647784568327,1.44003836352824
1.71574585612574,1.56158400371658,1.58931510056155
1.32894496501576,1.67715530234863,1.45288933322287
1.45715700126089,1.89530568106137,1.55051686252198
1.51930432463256,2.0886600636627,1.76046644642088
1.70912807981676,2.21453121431007,1.94500870632817
1.68231368683554,2.40279393007665,1.97995034578539
1.77397989370012,2.35618296474899,2.21401594679043
1.99629252107061,2.62398307699146,2.5459056556349
1.98782656061275,2.46337781163859,2.50936045100336
2.27303565444428,2.85448397512223,2.60963585811376
2.77771388327076,3.30234593503855,3.05294733016268
2.81180987826064,3.34658612657733,3.0316139421736
1.23399353611024,1.47597781858182,1.24324032392786
1.77364083403338,1.90464382253598,1.34849666395123
0.894316308773242,1.07191225452792,1.08761104625651
1.09992798546664,1.16406079189962,1.18770799990535
0.788500469300651,0.922869070496113,0.936329799509297
0.889649622803199,1.02636608720257,1.04468371589282
0.773880477864829,0.96640780949647,0.956055001503768
0.812572617850183,1.012286962454,0.973447736262394
0.906457540064897,1.19609963289402,1.14884553960414
0.702732109585455,0.858012444561027,0.845570096792119
0.829326943638074,1.094157802408,0.958932581422047
0.749738849718262,0.967696439520906,0.883085680958881
0.64982383573116,0.75034831888086,0.725614051435639
0.688448389798494,0.900942033622996,0.732965781249643
0.766312443539768,1.02986638729932,0.823026606137344
0.636311385628827,0.697033598360551,0.675363166033884
0.67789021685201,0.772828405980842,0.691788117332242
0.650440798300853,0.736205654436719,0.693414580157591
0.718506760223346,0.844513643937946,0.770060564690752
0.728253871405077,0.867045732569812,0.775902706698031
0.805318778862717,0.994753623410601,0.845668126942412
0.709413518159791,0.885033741934162,0.736718707471773
0.735575207208135,0.93055203385056,0.712149038123657
0.775147397952573,1.03549163286369,0.815266680822871
0.674483707316829,0.739480100328775,0.720547224031291
0.668448055565719,0.762867215225099,0.695412550549056
0.660080576025983,0.691359436517947,0.667067284003618
0.757501847219572,0.80388006943348,0.802854773323259
0.58969390426015,0.595220510772455,0.536922719581851
0.631266991118606,0.632032427807839,0.563919636950038
0.648540881700879,0.726206731512358,0.65497244818351
0.922160021361155,1.23021773950529,1.15220002717306
0.916985277136015,1.1379483582967,1.24790293846461
0.803344474167689,0.934178057956398,0.937286317960681
1.18814562566282,1.41928875248575,1.55364685439727
1.26702265060233,1.48005547770637,1.4968309491259
1.07220302486541,1.16207805532321,1.03794367686221
1.54181478865073,1.55339071854692,1.52325043055282
1.78052848457992,1.79785516632997,1.74232074828666
1.51014763165092,1.65988627206512,1.44463957476223
2.11574674887779,2.24933218430312,2.08265182821733
1.79786243769677,2.01983164756724,1.76663128441419
1.66542842797732,1.91656337222895,1.61135899165002
1.69780355529345,1.86446979999613,1.68710128884398
2.00667792765979,2.33469796541353,1.96157439258738
2.7400570221782,2.99422416180875,2.79520125104052
3.27889450832455,3.49151333680862,3.35702825186087
3.00778046757587,3.31809627234184,3.08251844224459
0.528650758292721,0.508990682404764,0.460063645421165
0.552146543701048,0.557763794729512,0.502746425239657
0.544295207870512,0.496899190782166,0.456618678522753
0.623165076123133,0.575500113076986,0.531077802829971
0.518569514479138,0.473268216189653,0.454623650363388
0.532227788120345,0.510189921394962,0.505360887618298
0.612398373353784,0.563917767816905,0.581827004575263
1.20480222972947,1.23182158437259,1.18036219309868
1.21288380863019,1.19968777942541,1.23351944586218
1.23208068708071,1.16611623529843,1.21274665091647
0.498028129385224,0.448175842161243,0.424162697883325
0.557266566405738,0.511848548885165,0.498126335991891
0.482818331805967,0.432476647885805,0.409313107930119
0.510634945790154,0.462086233614615,0.446952294938668
0.486756661225243,0.441607863547757,0.415415961878457
0.510666879931267,0.474935248403759,0.459090199909297
0.536396665648404,0.506170317243663,0.459268598548408
0.589830244891011,0.656666323341995,0.529117975819261
0.608381246897072,0.682776767444581,0.536744453637403
1.18817509881579,1.26814887247145,1.17378808250424
1.23673200166435,1.26511491960441,1.20171799716198
1.225346772959,1.30913934798294,1.17776855718748
0.581094006480761,0.62747499494673,0.494007480233803
0.648595942400153,0.769469262806108,0.560865046999363
0.65534609346768,0.810329937541253,0.570920907890169
0.665080979916733,0.755344353776194,0.582186005938674
1.25112962041139,1.30698629261328,1.18573552313844
1.24197672875407,1.32683603193953,1.24019848056534
1.26792865637829,1.31623437897542,1.19862155784397
0.463978859166514,0.412907972871584,0.397926180794254
0.504981086518291,0.451664031550923,0.451502995616797
0.472777334859464,0.428820297413497,0.412420079164699
0.537839935393164,0.501192551439246,0.482004843751495
0.453596621619274,0.407415089745959,0.403257053629224
0.458782845094722,0.415976082158415,0.413373045054109
0.487261501161453,0.445598127080121,0.460005651601164
0.564472749420211,0.52232742501464,0.548963132965831
0.550261971601453,0.512392881731407,0.546602225568027
1.18837859595011,1.1701999247087,1.20800731662597
1.18108407628591,1.18266961272921,1.17510518362145
1.20653908421795,1.16366101371784,1.19161571848049
0.539849847123134,0.505148750447844,0.535319142094301
1.18365964182162,1.17161668690757,1.19313598190614
1.18181520124977,1.16213914934596,1.16403028688307
1.1969624616514,1.17516830409471,1.20478804336036
0.481695060444536,0.429560232786301,0.430078694499379
0.557586498903366,0.504049336584807,0.505762209041542
0.499568784265255,0.44703245521346,0.468703642561562
0.535252940266983,0.483864116320859,0.521423162950013
0.526348808670752,0.477310735093252,0.51679815248325
0.559184366008911,0.515056056749034,0.559740819796807
0.595247847441175,0.539041583182927,0.586773644271774
0.626982378470371,0.577357682918629,0.605689408516693
0.729690164946733,0.677306929968578,0.732241914333518
1.2877426726599,1.28096651841193,1.28260617832617
1.3080965547195,1.27366483937096,1.31759357099163
1.29267610793749,1.24108410163124,1.29052901074465
0.679553053549598,0.62139685637562,0.668079339064156
1.12891884169592,1.08868629834229,1.0214968268184
1.10607571745522,1.00692096062074,0.93265947033988
0.907116100711016,0.821431944462426,0.848269553227995
1.52250987771157,1.43923558264753,1.42339221852555
1.46335722353864,1.42854869555478,1.41035134506028
1.49682388719321,1.4173273054421,1.43474362451692
0.530541249989514,0.489203928871249,0.525041598254835
0.564167939925837,0.538370508268261,0.559957820385348
0.578493631761118,0.529788670108559,0.568773378946509
0.632064139902418,0.577113800961607,0.618641252961522
0.603014211653758,0.561284483685145,0.581615772964703
0.619251799587187,0.590297210774806,0.619699752323729
0.648376592549187,0.595161707776632,0.628754219649591
0.711113942428424,0.633892750982034,0.749722817858317
0.707168234861893,0.646103173622799,0.745239284452046
0.72069988985192,0.675736651465918,0.757313807420639
0.827125818313766,0.785210963407532,0.946297246637997
0.823210281796667,0.759112424832939,0.95449762162059
0.78880250025945,0.735428801332173,0.82271015557125
1.40110275961239,1.35293416740626,1.41127338951607
1.36377545231393,1.34821233172293,1.40936664775317
0.634896245270399,0.596505271513879,0.586112836890724
0.685136817601501,0.641382206927553,0.618467492980578
0.695612078435501,0.662946656643097,0.665012648391711
0.77736606106044,0.740884993326393,0.784587854507393
0.712049936467548,0.685975973200938,0.670519959040219
0.833330472714924,0.788195754755803,0.735670696987044
0.757477905345251,0.717378795493856,0.724134927762014
0.699783916359524,0.685868866766015,0.670790240725893
0.847492380280519,0.822554218656587,0.786705249838829
0.688979565041521,0.665672067286092,0.672346217711937
0.721545834980204,0.697026717952407,0.712547692786678
0.791342483478797,0.726355445912224,0.726941735362137
0.940017968383741,0.799635908891522,0.800901329299401
1.03727456406082,0.853022958366733,0.873227145133594
1.49877050882223,0.986481800490044,1.2509476901376
1.66411756169328,0.962002862175234,1.0862560082175
1.25310486270528,0.877176186489142,0.8205106990404
1.9187707548242,1.26160014439471,1.29669504586474
1.86403797251368,1.08366846709468,1.26636941705414
0.684188430257065,0.691442325617166,0.676943958464741
0.779261353364889,0.807221574377282,0.784285190365676
0.616787480091512,0.633827444579353,0.618852852015941
0.691240240650391,0.705745406354803,0.68270395796115
0.586150376613116,0.59405312821071,0.580493728042994
0.681648107158829,0.639203968830858,0.622122608062078
0.677279023348392,0.656268172886949,0.647046419461188
0.763739070624931,0.745636836655445,0.725171307739336
0.780014458343593,0.72332691034055,0.69725986983408
0.84900133960131,0.790587570215955,0.789569742348117
1.4148180290858,1.14342692372273,1.16974069137803
1.39081566995762,1.10357580445277,1.13669684643186
0.70355588555704,0.711712979278028,0.621201562987956
0.916901296097988,0.839353937513276,0.774582159743245
1.16079166220876,0.939793566110954,0.805307891680821
1.17922291056611,0.994489990464245,0.829319259684396
1.63335900508081,1.20204701350681,1.08133643011421
0.530257140421926,0.537513806193423,0.524660059195561
0.631020988058616,0.611475643488438,0.599999842152278
0.48648950349238,0.501862820943747,0.479855596841209
0.528099289361309,0.547293566102808,0.518776416845707
0.477047458984866,0.480538382142849,0.46134308690887
0.501731473245124,0.50423118235853,0.480266517766473
0.532241367859518,0.525985602431018,0.503044262132192
0.602359069773613,0.588680554511533,0.564985740942368
0.60736553331915,0.604547507399164,0.593934368101708
0.578876252516497,0.577238118815875,0.572706675749042
0.682698502116889,0.705440682062818,0.730034899130489
0.778771864037813,0.808628372901241,0.841292235947483
0.818012191400161,0.857148112453266,0.909181106514668
0.974279754363952,1.03827149919941,1.11871166965859
0.880199472295337,0.891188867904241,0.93615100879957
1.09847694527109,1.11430421162503,1.17981407630857
1.32148614273598,1.39455535943685,1.48080806057065
0.715354908870053,0.696022136438122,0.708391951101265
0.822854386985464,0.796677356941351,0.816033891128005
0.861915812545187,0.841589226639819,0.872291366446208
1.05713080924682,1.01204638157355,1.05671696568159
0.466347329505249,0.4647415340506,0.4525416024811
0.535666847990157,0.533692578083029,0.540402262921561
0.46772107646296,0.461167824081179,0.471513192742721
0.534793584663284,0.521822727195631,0.576002422991051
0.453262422172945,0.436673228255232,0.45149731693642
0.472537033273962,0.459850806734087,0.494801175058654
0.569995616856751,0.530340622748088,0.580435766582837
1.27147360553075,1.06042792934832,1.32193573785081
1.16754865772899,0.975552259289553,1.20667894507111
1.05269757170347,0.889334332980874,1.02770298700003
1.88649269054364,1.58403036478797,1.87657941492605
1.79552714261279,1.50646112385228,1.84083621497254
2.33437347574916,1.98988179500385,2.35001261192416
2.29430377351127,2.0725598692498,2.38849706800803
2.32284124017237,2.00340368152828,2.370417421554
1.47349241232025,1.24435646089063,1.43754121188947
1.96928274366621,1.79483392311622,1.97950952719451
2.0076924690657,1.75816803334068,1.97766691275845
2.00117356576265,1.77824383680744,1.93628020710109
0.426742421424903,0.401704000137856,0.398425456794748
0.507376364510671,0.485387194071109,0.486322279722286
0.407660233038818,0.376124985106694,0.402564823652719
0.453024828184059,0.430395318686745,0.494782785673545
0.388313322311754,0.354357952715107,0.389476632024155
0.420815937622317,0.38884962161319,0.411808952848659
0.422961881592132,0.391355393059289,0.447076670652681
0.485098069044647,0.456737786087478,0.5097978282344
0.509950783469711,0.491422472586901,0.554045110537507
1.17961200965583,1.15409722160699,1.19711441084667
1.18403015791224,1.17144296184923,1.20674889100568
1.16534030077625,1.18407329466839,1.1999084778676
0.511933675469979,0.488343173090574,0.536923640423846
1.1625164784426,1.16571926081801,1.19373082023909
1.19141811590384,1.16296024034074,1.18491874441201
1.17231612024751,1.17325257254033,1.19095582440218
0.397998255502211,0.35879692986142,0.391442271635395
0.447327867642628,0.409162183310442,0.443598147254436
0.416881855069221,0.368195648778492,0.402204457132184
0.459852301534599,0.408061135319559,0.456622083947506
0.429980663210293,0.380580129980397,0.394608559323759
0.446641786597528,0.399688772659449,0.410815830220549
0.497204339550393,0.44866036722255,0.52861889285723
0.557923208216049,0.505870621279752,1.26741776979397
0.561804121659313,0.513773033256268,1.28610252420591
1.13968299010123,1.16610341298971,1.84232977235718
1.22487100752659,1.15659434945442,1.8711014394524
1.19529109398714,1.18995294543783,1.91021181432803
0.576325104119996,0.5228262068831,1.09310584885132
1.21849902652542,1.17354664407747,1.72989042863314
1.20196005378863,1.18501758032541,1.71598604869395
1.19548325125075,1.17767259694502,1.68089345478746
0.431216469542282,0.383238431788101,0.369874834263821
0.46031165532521,0.411934384939118,0.401607468828587
0.453828280804855,0.413876521553329,0.38710055971242
0.481291665099675,0.463033511148642,0.433142774552607
0.548372338974528,0.550764323497093,0.545161836289866
0.542389641602427,0.538380398171734,0.521759624991024
0.482665066391073,0.449683070336218,0.408306361168074
0.502134637927522,0.480691045485721,0.435250483237722
0.546792449795642,0.531676053768935,0.501480452499912
0.70843692125631,0.758853747018161,0.788878170557037
0.676331692338861,0.728136133475625,0.748674284138685
0.602166662846522,0.60997863235217,0.616646797501237
0.827796234799816,0.907587121998113,1.00443381821948
0.831761183410625,0.896409150376258,0.970751077451188
0.50508156951935,0.460300874984362,0.420619225781275
0.564083778622515,0.505285061388877,0.481237467508342
0.516321339982456,0.486807148465385,0.433942712325241
0.530772101365723,0.522475405266882,0.467121872883563
0.552203823013634,0.515525415392261,0.450271639758003
0.566738807092495,0.525600794623964,0.465335601572354
0.587150569786248,0.557441306331672,0.498563778851391
0.614232875743842,0.593468236226295,0.540875540769758
0.627608765563783,0.601852392592269,0.555557160183264
0.658222301630498,0.61026222974413,0.560913336089022
0.700312653254865,0.657832742293927,0.598650462767142
0.76747058801652,0.697647898035055,0.686896731297147
0.592229624409789,0.557599650177708,0.477226887405381
0.738538694917519,0.7441242822843,0.610018020481405
0.580202427369633,0.532928891100475,0.4860322005016
0.662087905519251,0.639697238394787,0.592575151573519
0.606607865836561,0.557330380408222,0.513428445919492
0.65303459857997,0.598582073122162,0.554010434448746
0.620722330108142,0.570461735707048,0.5403443055979
0.685425719676929,0.636869834252783,0.605171251722182
0.668127759329748,0.607036204064387,0.585849490032762
0.588998194004331,0.552860239310981,0.528926663142555
0.620452566214892,0.592564104361567,0.576298667347179
0.628668821392325,0.605406024653389,0.574879043910175
0.691070536309752,0.658770516970611,0.626577572008883
0.658039693302362,0.648870935539588,0.622336397880377
0.631875994342964,0.585606480445461,0.536201445985447
0.719353350109264,0.680827903401847,0.653887913033081
0.653588589395197,0.595559819300812,0.531768217389922
0.719179883553818,0.657743086173263,0.599572305523733
0.704497305819812,0.639461598776637,0.571640662846309
0.784571636121533,0.724798995937063,0.662109640719802
0.798512418252162,0.745634054715619,0.646809819872175
0.643950728932445,0.567912635677501,0.532732245590864
0.677452207473252,0.611413694054454,0.586012128333206
0.612653189002709,0.529803081271797,0.512192369227139
0.644959430370763,0.559511727811383,0.54422159153969
0.576566716716909,0.498005214698504,0.501198781120429
0.600619910258538,0.540800279639043,0.539470938888877
0.568782614907811,0.487454206121513,0.506723841539474
0.625144812787991,0.547312901591674,0.576473498277167
0.62112915530678,0.525184803732328,0.55171930651763
0.540118674614259,0.490780745710191,0.505516325647784
0.588968849473509,0.55477295631297,0.565502242573188
0.614698705476108,0.570806501472392,0.600653573214728
1.2090264204235,1.20063151022547,1.23803689996641
1.23317965241295,1.20076257587462,1.21186084686353
1.23658448338054,1.20925143977192,1.21967401667171
0.563635606869212,0.520207623433642,0.54830771825007
1.1888759863434,1.19248476788088,1.20252796933212
1.18884782890838,1.17814061944726,1.17849341987675
1.1936186164951,1.1492170573885,1.18044214070687
0.569211796223082,0.487970504665878,0.495095093994626
0.593136543426253,0.533506882281237,0.539111738038731
0.592681518902504,0.492472011023412,0.500063330641638
0.633889560315246,0.532972567286469,0.534959524726227
0.633640913318919,0.528568749255976,0.545436851431147
0.704818000256933,0.614996440005271,0.640417466331439
0.824163344745753,0.696682139211503,0.709198966566667
1.37874294931065,1.26744150026557,1.27984357808629
1.34942809453212,1.26658583318908,1.28457846619234
1.37779074834539,1.31215522848912,1.30822024770413
0.60694208403323,0.515292599489419,0.502152573271826
0.661473643227714,0.598381508309791,0.554872783638057
0.617743616717631,0.523480529266636,0.517685279992768
0.662419977302338,0.568830801262772,0.577123560811623
0.646838643077824,0.551219701554072,0.537783126139649
0.725759893249034,0.615241127412151,0.596995008473211
0.724565886840949,0.608979784092354,0.61662789111506
0.771750512493779,0.64951500900614,0.676967449077942
0.871773149121914,0.702957476331453,0.704407726296112
1.20403445366207,0.973237529225853,0.953749109180518
0.839823702745691,0.700232703266901,0.728398305106061
1.37497996095303,1.26898712391057,1.31513039945695
1.34097062250677,1.28375304819011,1.27491409149063
1.35324632187698,1.2631670903098,1.27910790006143
0.609354180520848,0.543505749436383,0.530007904595253
0.668412794700146,0.600982102341501,0.592137448502809
0.571751031511449,0.531032415607148,0.517605712644826
0.595169900606363,0.550446752866824,0.544954187324373
0.559102193401702,0.546830090496668,0.530130372910739
0.592215636863844,0.583945610747769,0.574494800745821
0.56217331102436,0.558549720077512,0.549693396025835
0.591213741736119,0.58077339948698,0.577583826361507
0.604297318267721,0.613726774776016,0.599928479618782
0.614658028746146,0.601563366694662,0.603489577405122
0.846483911686476,0.821932772367771,0.853771822550199
0.791695447177657,0.799221950544705,0.862140867709099
1.36225055466411,1.39486858506805,1.44413195390969
1.38527264086133,1.36698481953744,1.42668289449517
1.35991962697668,1.3677596890702,1.42222067631734
0.891854032259863,0.891971373400957,0.915104894272815
1.44231200274621,1.42631531395582,1.47669452831628
1.44336290581778,1.47272516073547,1.49479750570354
1.45931091383977,1.45648599004001,1.45743791319317
0.570276907603057,0.56165876200263,0.539024745949928
0.621075635112801,0.626296807190636,0.61511231229009
0.575462575605754,0.557812098590604,0.524173785566293
0.577647179313472,0.54502584767805,0.518814168110334
0.624210784263914,0.585032876607276,0.565602872110519
0.648694101266661,0.613223206488337,0.606495041670878
0.647380986234105,0.641689091261155,0.587735908611499
0.662717009731322,0.691431542021676,0.641283482089327
0.758811155347566,0.754956172623125,0.681405240632319
1.07428201789373,1.10591164190497,1.02073544518343
1.12615311443836,1.15552659184634,1.05012862308308
0.652708683371464,0.63161454623479,0.60359456340403
0.905731494578541,0.957161600392703,0.940081701475407
1.04942664536816,1.0300207751396,0.986612013014132
0.697306944585049,0.670240693914973,0.607744539076994
0.766881072495273,0.747546833995114,0.667157368390572
0.725978585969118,0.682106967518464,0.622330598923815
0.730855622882976,0.696575314434088,0.646386054280251
0.799850838098104,0.742828870739137,0.674529149237648
0.910260999156322,0.843386852530193,0.752921014041402
0.864532556627639,0.802054305502635,0.779584122611676
1.22533066350829,1.19044172183883,1.1864455281737
1.33104586104837,1.31578019738335,1.2805114789557
0.953600704017632,1.03093053190426,1.04207323539886
1.56427947393934,1.82053716973907,1.80970377297904
1.37778242020343,1.49755373458331,1.50200431219174
1.90718601062522,1.99451554103471,2.01580462157286
1.91207067137151,2.03585735312838,1.99028238151066
1.87096701184973,2.01721014590526,2.0538515213353
1.65361668234416,1.72692957812555,1.7233692551204
2.21680868394808,2.26071448064093,2.25900869658579
2.14338597204465,2.24287195722377,2.24122937442641
2.16723763966416,2.27256962284601,2.23825626434864
0.82816025420277,0.825331833699931,0.692452757745969
1.00311320484623,1.062128008851,0.819559854150671
0.752446117982322,0.760174117319304,0.696471460191538
0.717594807839463,0.719371963759316,0.731983716512135
0.791550250831686,0.845683310107905,0.78594713833762
0.862243768888454,0.961652332974942,0.878019749765025
0.758472327131039,0.90405937212755,0.997517838394766
0.742862483974538,1.45968407575663,1.69519645045066
0.832755021823386,1.32441126906132,1.57330435640526
0.764721714648071,1.15953991489512,1.1839606853218
0.865630478658207,1.65790833818938,1.73979911740319
0.799208448577027,1.77850052501949,1.85705054436255
0.812744832163672,1.12586266887415,1.29140623142248
1.24075303041686,1.68648800527873,1.83301734912931
1.25326367922561,1.67150457471794,1.87730687384632
0.83824498124175,1.06831500676698,1.31564835020641
1.31596413707215,1.69177712389561,1.96228223305212
1.2929783075186,1.68918142936133,1.88936942630994
0.745496685924827,0.93829458385787,1.2337821266001
1.21839070372367,1.39775189581353,1.60299517188044
1.2393426989325,1.34535759708722,1.61841057643832
1.22393033573348,1.37746317819343,1.59780694356331
0.830343701973735,0.861335468200255,0.756849271119162
0.937812755389625,0.991304933708826,0.867247912141313
0.797629749272409,0.809130635316411,0.707893677703335
0.786871192903225,0.783808393985122,0.702635462609059
0.84499217705292,0.871402268455195,0.74607578092182
0.905268768031396,0.944103961275916,0.813514262818908
0.834140010359646,0.867520568494294,0.776114231543115
0.840986208217194,0.867524784406381,0.804197938866102
0.940493705906286,0.99267683186334,0.87124663840573
0.919521450616958,0.955025150444705,0.91945081202473
0.790011878574579,0.831884318863432,0.787212415625813
0.904261854825253,0.966722505653984,0.96318139385757
1.06886190809632,1.14712187678899,1.14214059955766
0.81095842511344,0.90907032369625,0.906423287104086
0.864026329282103,1.01945653621086,1.00900346780874
0.795173968844688,0.8799427711391,0.840031461839607
0.925981042266064,1.04448835408125,0.96120606386978
0.898190594839612,0.932535201786025,0.772487938017294
1.15331418151503,1.21696813925661,0.945651922933344
0.802824204032876,0.829767763429821,0.726118282640752
0.849349746442648,0.868297477897815,0.774280423307357
0.806294320000673,0.866518639223867,0.750800396615889
0.894494826031999,0.971154195967995,0.859852062435169
0.801419406884901,0.840046636499257,0.778105531465413
0.875078806558987,1.22349050154929,1.22842434954983
0.919013257483258,1.23934822892547,1.28832772544672
1.4396738758729,1.76694755214622,1.79217738276671
1.39469531730396,1.74120336517333,1.8319477466738
1.45037137104945,1.71520263953331,1.86016300780871
1.04284385428729,0.993771998393608,1.19620465758737
1.59993151708698,1.57797370684707,1.68471706065509
1.48569617773296,1.62851604341604,1.82423231465503
1.50947458176719,1.48807250100717,1.43885815069981
2.0505604333709,2.02784942308615,1.90568681952517
2.00527316215811,2.02617594259178,1.87604763409895
2.02860973545312,2.01867555822919,1.89271623386234
0.830027486464541,0.98299026971348,0.771454142329313
0.882176931611644,1.07271324605854,0.841935697565499
0.93407279490417,1.11176497477372,0.823200468490709
1.03718290848966,1.16391492220557,0.877885941252462
1.00892164912478,1.25451723664842,0.888275813371957
1.08085618363767,1.36172053767966,0.964114724992454
1.2338568958441,1.55112614302199,1.08714203570779
1.40912389132495,1.66398367900937,1.20996916946342
1.5463200705982,1.69052713400895,1.23268293552448
1.72234570749367,1.90886501746654,1.38125922882255
2.11647296922122,2.15860620199611,1.64228819739591
2.30299654084477,2.35180907483118,1.83925784411571
2.21693525278364,2.25453210930525,1.96840958723478
2.45505331742311,2.55359800973238,2.28297415406504
2.56866350321632,2.50597495608305,2.35905583569765
2.99107115045866,2.84028540276482,2.68496472247314
3.29630076484033,3.21208305286114,3.05868051740052
3.35015252163558,3.11915391371094,3.05225959031009
3.73919073508718,3.45327776473457,3.33247978557843
4.12007992061945,3.79762806938813,3.6762872820385
4.06674330839209,3.79578404710483,3.69195440758991
4.08808901448452,3.78212833457108,3.68425404527823
0.88847563857326,1.07908750565673,0.78706830844425
0.939983149083973,1.08396601544021,0.833917065064016
0.882681195007747,1.05313425540427,0.809467850854676
1.04138117200141,1.2141704230863,0.973899622908299
0.795886557307483,0.911719254090046,0.74050776750755
0.778020809980591,0.846044448719005,0.706409126929761
0.858704920674752,0.981022406304553,0.826933958001082
1.15254481510673,1.30191717657973,1.22000413792027
1.17462310391889,1.25057933835903,1.20975657624745
1.66892838659114,1.72528849316269,1.75564820234875
1.70985799579689,1.74536861197632,1.65803205371158
1.66281590199088,1.72402680633584,1.72863361134646
1.13880504145559,1.25638916472256,1.12025069534469
1.65393457435276,1.72871922419645,1.67316305104965
1.65596559426502,1.74852185762557,1.67161274678982
1.64126008666682,1.74371653949452,1.60105059568541
0.796424694110665,0.893805496880039,0.751083201098863
0.94891409084193,1.07583342002797,0.910182747791703
0.737183647441494,0.765286736695789,0.681963759920827
0.7395506640454,0.740829236566912,0.66723537976805
0.787072055293268,0.781826582198795,0.735855146074442
0.87693074558926,0.881285367166405,0.838168634522428
0.89357049958597,0.854425245671235,0.853462576148561
1.10629347904602,1.12948316578342,1.22985828788138
1.15102075959172,1.13533937187653,1.24657309926628
1.22214924438897,1.19216084672714,1.2542739270238
1.61265202480819,1.62150800233449,1.75650699838438
1.67877378587349,1.66057867347032,1.7877674373757
1.93534149087313,1.80949866055309,1.87362787434387
2.44356355426135,2.24635943560755,2.35703383587302
2.38332852550865,2.36270731453998,2.36256062743772
2.59978968778332,2.45768123508311,2.53433352480865
2.93822631479326,2.86947700980544,2.96955852449104
3.01390771698558,2.84370168709567,2.88933192214225
3.29292945498706,3.14161254012792,3.21635917069709
3.64778908209202,3.52606367830104,3.59326103244011
3.65293933147618,3.48928264015884,3.58303485168698
3.66492201444324,3.50710012826581,3.55930456861322
0.760400155723237,0.735056874771731,0.704400742769211
0.902551501022368,0.857170991185412,0.829176239920127
0.69372053944154,0.660903883851848,0.655953724798147
0.722452077961455,0.688693149184416,0.699196233967214
0.693760950706447,0.65346649987662,0.648143029466004
0.764566278326569,0.732793372467804,0.715758354562319
0.804490832556593,0.760198103341935,0.767167404930536
1.31178983559722,1.27721824439197,1.2746445279576
1.0882031751605,1.07382199334626,1.09946684336992
1.3561674889884,1.32798820587466,1.30250254571754
1.57701593136195,1.54806166251975,1.51937130302607
0.635963915358482,0.590329733082739,0.589878458115375
0.648223137031307,0.605787728372434,0.62602155624018
0.648979605450184,0.598385906584406,0.58586748487143
0.729699849457351,0.675974696216123,0.661971413146748
0.61470142557418,0.563986354731973,0.546042261991163
0.593500181076404,0.545271192950257,0.532713423338121
0.673864923612365,0.65257896653566,0.609061995119139
0.744924323829829,0.737273938408284,0.690758897192772
0.705964635700324,0.687305792516821,0.655113189841143
1.2818829949235,1.25806654751974,1.2456429054183
1.25029478054852,1.24716570247631,1.23940565184876
1.26662891035647,1.26355907218868,1.24592556868072
0.72891189264227,0.72266766065221,0.691876469110688
1.27240440344092,1.28954134309804,1.2768910964898
1.30848540935273,1.28201563432,1.25688800060382
1.27171455369738,1.26040071155768,1.26961105284147
0.615793618654976,0.563553023249985,0.534076166315631
0.689905849860502,0.64834942206071,0.606762781889904
0.581776279247744,0.53004316581866,0.504451344341924
0.585641254556165,0.539471419425257,0.522787889575527
0.587999108536719,0.542947383981589,0.511839344339117
0.627686443678603,0.589757525554375,0.55599941150829
0.596816156110701,0.555326573213845,0.535988775913855
0.607844626724833,0.573605776449838,0.560735340222403
0.661797788834776,0.615957888581847,0.60387516783526
0.608944238975625,0.562473058042379,0.556023000126501
0.6139516517948,0.582556094506334,0.581466320496232
0.664363683715775,0.639730012730523,0.634507064327893
0.648917304638073,0.622132391467498,0.640452424002205
0.720492596760073,0.703986528092194,0.730417191146228
0.691189492363733,0.652657650309869,0.687535009601925
0.778219500981122,0.74761494070349,0.804914482022586
0.821788127942292,0.877887619354506,0.959174040847663
0.701774901344009,0.630675406598027,0.646642893251288
0.803178955553315,0.709158790090331,0.734821816269297
0.742811795160678,0.678910984813979,0.716338893014445
0.86681994569123,0.79474546631459,0.845577860355183
0.584504298314004,0.540136865764911,0.503599158758508
0.643536155836392,0.61349395873876,0.596799821132792
0.597737372870332,0.568123998148941,0.516156483978451
0.658477343596199,0.652238311647667,0.599916424987073
0.593952512017683,0.566617263612357,0.510212098732942
0.605440789534905,0.566867767062841,0.526159280947562
0.696631547583112,0.690686485168208,0.618018374976589
0.967306613296812,0.977795201876308,1.03142393042806
0.969060351504397,1.00361358474749,1.0789659171798
0.87703276096999,0.867330541310302,0.876789817038727
1.21693038170209,1.20484853280512,1.36740599307065
1.21100803005964,1.1905152711461,1.33056694259319
0.892237264387435,0.887277210528941,0.852953411872189
1.42036712767777,1.42558968019987,1.3513911758017
1.4607420520134,1.45139410801132,1.45944825868594
0.580459621757973,0.555891814874239,0.500397792989827
0.681349353412385,0.678435111669155,0.595728660996709
0.539726334126882,0.510532989664016,0.476100100351168
0.563441548550005,0.535908728288252,0.505364221959795
0.533159202958374,0.516519480219475,0.473622856388137
0.532005639817929,0.545171701196811,0.487176454669327
0.53784136606155,0.500797210669592,0.480126931263764
0.586657885298632,0.539375510086909,0.516620984478072
0.62884026984635,0.597951456024919,0.560719160501665
1.21732553247485,1.2363791663088,1.19069999971998
1.24600906888826,1.19845788997656,1.20806205019772
1.23283159369469,1.21424345171244,1.18560891516026
0.551320151416239,0.515445564399744,0.509742598459287
0.661838120299514,0.649514095613291,0.67039400804372
0.67829949236847,0.616746839935025,0.665513922558904
0.604523748899552,0.541408920620321,0.661539181705554
1.22937869207251,1.17737368977127,1.27637272421229
1.21474181632147,1.19467231596749,1.28026062297527
1.22588695367234,1.1900519438599,1.27398014817125
0.60955482951414,0.590289418873019,0.520178787171047
0.716927983376661,0.676324600470975,0.614990964339264
0.640448440807338,0.633570517886815,0.542443831722659
0.644088206032712,0.654715425261199,0.568899760012007
0.744416819146944,0.719193653306203,0.60059091590797
0.830208280014377,0.767783406071047,0.660621183339596
0.833180455452175,0.823166087487571,0.66576391473337
0.823396451659491,0.841899656952873,0.687132218691356
0.989108938117243,0.966716439315107,0.7941863189301
1.48679965380355,1.46446331765714,1.30602549706874
1.45423798066049,1.46955342472916,1.32256789534671
1.45550660745185,1.40487332417467,1.36729799686569
0.917294880665314,0.882134074985098,0.728970591098712
1.23754422224243,1.30073190215247,1.19244549225582
1.14810138973198,1.24371894244046,1.13670979336797
1.53388734937755,1.61014237478363,1.45846943952327
2.0509613089286,2.1339120353375,2.03284496596124
2.04902996880234,2.16404350486804,2.02339052718769
2.02861628704335,2.15713473438948,2.00282449187334
0.748408895472199,0.721203627752439,0.606855773713457
0.728374676709949,0.737389775111857,0.606386580062528
0.84646157678654,0.766869164804788,0.688427884593803
1.01693399871654,0.864322687719913,0.841398548713571
1.14075192326797,0.963728419599787,0.945587235559891
1.03715828412835,0.910712250462528,0.890627934043716
0.883502273818401,0.792293144676828,0.714145949321504
0.888633249006579,0.810935479243402,0.727420215754942
1.04262659806913,0.889701536712954,0.854841227445161
1.23120846497984,1.05614923910371,1.02821690373123
1.27882832025424,1.07739444555873,1.08125975232209
1.2567353683152,0.994727958982519,1.03784516260807
1.67340459340309,1.29238245522108,1.3915639240801
1.59611453415369,1.23099758498886,1.34393690367025
0.871167858437649,0.797449188829742,0.709738850666131
0.874321706751587,0.815908040394311,0.734613463478387
0.920439734533026,0.842378704622318,0.752873980417314
0.978368262071799,0.880687646502218,0.803368139649327
0.958616547570786,0.893643290341032,0.805872540619427
0.994144046570707,0.930349091462377,0.863367721596932
1.08933293398871,1.00720302439707,0.939388391743283
1.37059401116751,1.21222959848568,1.06156761461069
1.32698163960103,1.29442611596919,1.09039183168539
1.60461541196874,1.44563768969384,1.1672005247524
2.19487263539394,2.05045853095874,1.69262671971147
2.22706486339146,2.04097165958627,1.73858978138623
0.91724636540973,0.884951302892604,0.766665519126695
0.968673241831539,0.957169875411661,0.852102575455288
0.887369870283564,0.861760192732565,0.708512757802765
0.914075860233598,0.877068439161045,0.72689116325235
0.892872155426805,0.89286842042801,0.700423608666815
0.975530022044959,0.968258071139094,0.779119063988933
0.945440643889811,0.942010133111676,0.706935784625622
0.907202754368657,0.909747707431918,0.704137695556669
1.01323285387267,1.01492511913966,0.764485865656604
1.11149933043621,1.0571029525888,0.82129003601
1.25053935568821,1.17185044577271,1.19581369358571
1.50185518257672,1.40118489315328,1.1066251654519
1.53673119730195,1.55295256818003,1.38470577490975
2.11409607892516,2.20108618636631,1.95142860491594
1.91294711652543,2.13046077049924,2.06982053150527
1.79114288626467,1.66540485431441,1.7026509621729
2.29742228674333,2.19534806819497,2.28753877434339
2.15503185930704,1.94979723852332,2.01095167834183
2.14546083539739,2.0930900883493,2.08531717766908
2.52085750006786,2.48393531282695,2.4445469317931
2.52296489722336,2.42679950949013,2.41579316757536
2.49458659167636,2.47543753610848,2.44581848574904
0.836303726962383,0.861680365223943,0.673613877887808
0.926097507143611,0.96935291626779,0.785541025968703
0.755681464073894,0.769870734975129,0.608399426585342
0.754794251862333,0.753893910292049,0.62608634860418
0.742294597690533,0.760755902633129,0.592880675059715
0.790564384033656,0.836129248228159,0.62398853408753
0.748835330188246,0.766242616458162,0.568002880251753
1.16820317006897,1.33332559516298,0.682221476810025
1.17962743312935,1.28952557777101,0.748093197740706
1.64669961601471,1.820763029788,1.34345750250768
1.72625486346139,1.81513002578864,1.302344476871
1.71801001107063,1.80485410895329,1.33286198770889
0.792446954947602,0.897899169836416,0.672196207330787
1.3205070799002,1.69429605971828,1.16907808756595
1.28136509136377,1.71032073463482,1.27415261295814
0.793995224659285,0.783002659035168,0.846360862115474
1.34520623220485,1.3935133505859,1.45004480914016
1.37004040718618,1.36919307570557,1.47722639176736
1.37966225625544,1.39738168818938,1.46494985802493
0.78802396295946,0.773634256892744,0.649503596689734
0.847100641657598,0.801598605441018,0.678345218834398
0.82897904548468,0.796536562180627,0.71787716890611
0.841712805394321,0.821288843318933,0.758677710095251
0.9118211307366,0.826415750294209,0.772944736209837
0.941841769650149,0.848973518637559,0.770109652438566
1.00887220492566,0.875189044505538,0.898401937149702
1.3271529715024,0.98328860066319,1.05529633079474
1.294243040716,1.0201938313956,1.10903677346632
1.73243622294362,1.06727839429229,1.01135474088178
2.20928474442882,1.31236299921424,1.30992390877889
2.48767415758897,1.43287992213595,1.30539343456081
2.13015946510979,1.33211752413307,1.27469642321981
2.68568722365167,1.65527450241781,1.65168985648086
2.17562535852272,1.55749726827406,1.57508420650865
2.87849937595452,1.41032995643346,1.35813604496478
3.16708188377665,1.44471303178417,1.52711270000653
3.70515713098423,1.99561837223616,1.46895286088985
4.11025305399766,2.87503904521607,1.65964855269887
3.82553913787481,2.96181249576008,1.66307779825675
4.92328881748314,3.5032760458213,1.89386472774388
4.55570059001952,2.02380228784354,1.65326811239138
4.64394367110494,1.69830769002971,1.74550209808385
5.2571364117325,2.60526584354848,1.82264250283294
0.961891082560718,0.85565347535753,0.796636730771492
1.08546117857443,0.908867153880468,0.841307866291777
0.947979659491249,0.874908905893633,0.827986480529445
0.950134827749441,0.893655723100972,0.859110990859183
1.01643037321673,0.93080749777178,0.877105678743031
1.11988237625832,1.01488576162937,0.950060242876852
1.09707332515718,1.01935983967659,0.981469629866185
1.30401117886371,1.29984321205931,1.44518922096966
1.33653210186111,1.20224775755996,1.29524231130013
1.48754085382967,1.4078366999769,1.55860281785901
1.98688979963972,1.85042902650324,1.98917157894306
1.93680143670981,1.94952195995799,2.13281676020012
2.10938116756145,1.9793658732488,2.14637740607918
2.56053367123793,2.40447798531688,2.46175373160481
2.5987590880157,2.41485665835527,2.50014336727114
2.69222270020965,2.70048850200129,2.94019930738837
3.00208333373626,2.9964588759116,3.20805570185451
3.06730749979244,3.19561995770733,3.41227785342947
3.34483800842621,3.34345733914396,3.62697019432659
3.67278465737953,3.70893120789495,3.9887511304377
3.70746863820562,3.67449929178253,3.97508536907843
3.70872729912965,3.69518169255189,3.95676667851114
0.999989533885511,0.890573610220806,0.825374904209513
1.12975921110292,1.01039337560577,0.924727606509776
0.930469235868016,0.809368881591353,0.752154324287893
0.919373260094273,0.830021782887954,0.775981593400465
0.984384099829434,0.80338496438571,0.733744539986182
1.07138322648277,0.859289781676226,0.785755297620675
1.00060670034949,0.806441287964966,0.722731947825469
1.0128008420123,0.833270685997622,0.753640001625448
1.10445537043534,0.872783004412601,0.788502289634076
0.996293470156709,0.810655340783328,0.717572938236566
1.57757903763639,1.39096683754689,1.32247185784243
2.37130613870346,2.03542493362136,2.11394687868981
1.60913265793097,1.4515482658453,1.34980242091359
2.37801409382505,2.10721292313389,2.1139197780502
1.17161461866442,1.00053598155595,0.903606312878555
1.30040794560593,1.13377221121294,1.03452130216534
1.56587456596704,1.14825096685607,1.37639664488172
2.33244075398572,1.74540004740206,2.14609819161435
1.65493085514532,1.21811378152644,1.4582480554528
2.45748347341954,1.82422970847099,2.26102122541609
1.01308632652744,0.817909408029986,0.730411392632075
1.16316659522508,0.918892196909129,0.852193449522361
0.982665812726517,0.798248293980461,0.713376889494889
1.00098573571324,0.81611030928911,0.784661431734873
1.03131703533166,0.814459053396428,0.713531963498066
1.11594567326962,0.849088676522668,0.728473235087201
0.945673088249188,0.80843323292335,0.698723086144007
1.03426488545362,0.863544165244829,0.75722105247735
0.994618480646308,0.841502655708787,0.775841156634091
1.27386520607814,1.00433337128508,0.854475376876558
0.922746603346358,0.839935565311953,0.707716815010565
1.3703808448872,1.38079542055115,1.30076873630724
1.38824067001221,1.34980573828567,1.23418535556982
1.44749691365139,1.31684583219752,1.2723005859934
1.21184083030885,0.887139042396708,0.826791253575905
1.7898856051537,0.974261334849301,0.9805920115289
1.29685443874772,0.928831115207818,0.92624357867275
1.65415249141034,0.943679020367887,0.979521773850931
1.42906163577859,1.037095926817,1.0927591138662
1.54285352285446,1.10525595188089,1.18650073973695
1.54986184829112,1.10679508071802,1.18964744351005
1.38860725617366,1.05831472852508,1.14345348525738
1.63627274118474,1.2144351102873,1.54886119746778
1.29539597529901,1.00648218337492,0.979586725696028
1.36529795504953,1.00994865465879,1.0741984652754
1.3268706026883,1.03842414798757,0.999310635381013
1.45550303729632,1.11236546432773,1.102715942353
1.26693287028491,1.04224023641106,0.985263495957684
1.41732233920138,1.1297901174591,1.07584537303327
1.35174401065086,1.10156762380846,1.08422283332441
1.06071270834761,0.947619797296841,0.85544950249178
1.08094029655505,0.950338837584926,0.860366629401719
1.25252939386004,1.04611374964317,0.964539732614018
0.968634610859896,0.879021674857604,0.809121654803856
1.01685415354878,0.878649950619609,0.864509455118993
0.872989910556991,0.833460549939201,0.771642756736755
0.925535555912837,0.892810601990156,0.803701841325834
0.993485054938071,0.950855904286709,0.888354342163272
1.13902039141607,1.04492061358503,0.992917583190603
1.02337259621539,0.955026636819887,0.932363628530162
1.18880816684625,1.06606874174881,1.06701267024185
0.909986572557863,0.81903461189365,0.827886506886606
1.01042437120224,0.828667683779936,0.895576178042008
0.990003554028041,0.885806998729243,0.901352288269933
1.14227183005619,0.945152820829947,1.01471199464395
1.38436223865303,1.02464678069705,0.965295096589622
1.42213283255045,0.998275681548968,0.932105728726939
1.49070115764651,1.09559016206883,1.03449931525881
1.55574137264124,1.17102065505188,1.12165361298873
1.61148397499586,1.10748303139945,1.04327071782664
1.73025459951514,1.11921937390589,1.09761128886251
1.90277254154875,1.2441654734432,1.18885281494426
2.04644939059687,1.41025345402299,1.51307718775384
2.06774795502311,1.36527295344755,1.34898928527023
2.4545783280374,1.53700654188882,1.63278422195169
2.86561686567669,2.05861390712249,2.08368841711077
2.79430031623438,1.85114709940001,2.15981867326052
2.99978566908663,2.07548685861435,2.03135648675364
3.4983538317866,2.69994695531207,2.60617688343311
3.51613855420128,2.67345391536231,2.54322629333893
1.44132783064243,1.04115200394958,0.941701602215286
1.37648550417299,1.06935149384144,0.924944024765695
1.67458919465712,1.02063384432275,0.95369413059549
2.03911261529705,1.08681137887182,1.06073908449668
1.63939649168614,0.967800397061254,0.899491569486425
1.39704576259501,0.934611066831215,0.842059063623398
2.13919044502929,0.97393358253556,0.988349901375128
2.56000911643884,1.13715832013472,1.24840969092402
2.75333832066896,1.10802088223882,1.09026559128375
3.17360453980051,1.54853105801199,1.5814588836668
3.18729532167247,1.59255987722907,1.58030478240721
3.10833319620488,1.5900077276441,1.54566346222432
2.33077445195276,1.12245144751264,1.2342635279719
2.45831763171715,1.58713017259671,1.49676147595652
2.52524044593715,1.54625819164248,1.59544936372711
2.96800297770968,1.31471536143265,1.65510342041226
3.32643842325635,1.79002200419502,2.09460287461923
3.35630694644167,1.82347030761731,2.08140634507751
3.31478882859584,1.80174029867966,2.12487342266738
1.736659236989,1.05051075310783,0.932428741696599
2.15496302657201,1.17900464501197,1.05106468897357
1.50642960912535,1.04958976927861,0.900281630000461
1.28918579364595,1.00482270114314,0.861048214308408
1.72605866784178,1.17680308163946,0.978299302415688
1.99336313459187,1.27429381448503,1.10915006589675
1.63479688574059,1.26620765218708,0.998377955558872
1.76140994966119,1.83742353052598,1.30322590786345
1.5447182196458,1.48855222629418,1.24434018152462
2.03089053151357,1.48550375525475,1.57208345372298
2.27268769233705,1.96455555530463,1.92794244005904
1.94396954763359,1.24239825508179,1.02291066351542
1.91129766288898,1.25908021267549,1.03724491449479
2.33132486372498,1.399393177167,1.18993999891597
2.49040085784284,1.48009384700378,1.30638495040199
2.63013581738331,1.5581919474287,1.3308160745643
2.62065971381613,1.62077698882398,1.41124679803641
3.2362210320287,1.76516437111879,1.57796866164598
3.54228006351115,2.12857013090523,1.8959942776972
3.52538928962157,2.22312210414133,1.96210426307022
3.67001485083141,2.11838041741998,2.06562906966507
3.84354007807377,2.42861697779916,2.3812160391593
2.55981081211075,1.70349783587648,1.33492852636764
2.77158116886063,1.94439131705402,1.54403050003875
2.41477893901488,1.73637157446166,1.26431716691265
2.36363960794351,1.69724121264868,1.25826190347609
2.53275686327848,2.00802883155027,1.39088309905446
2.80864108705483,2.24528859935305,1.61643907136089
3.01857063418468,2.49958235844978,1.73326615558128
3.25077286512168,2.92293411593047,2.1012825735173
3.2091294570773,3.09142795233282,2.00791873351612
3.28789293854074,3.44765080758287,2.27385108943931
3.83910218265562,2.79818046245911,2.49129668287183
4.23973348637913,3.11238809778291,2.96371194570348
4.20066871634119,3.16506898156613,2.96401912542137
4.26192750295933,3.15340021722716,2.9128761436382
2.03388492440353,1.75002702108969,1.16507523083864
2.07150912877844,2.0203486273724,1.27974152670893
1.6740199638249,1.79981079162242,1.01589841705352
1.73048854044622,2.33795758406037,1.0863250478579
1.35273868933606,1.57238614676132,0.968734981523092
1.25302403022324,1.6455186295438,0.98962162139571
1.70938858167572,1.69347555069494,1.32506355640834
2.22032604748908,1.99204793380132,1.84493904108028
2.14999420239466,1.7830884305188,1.84520929148304
1.41468771308302,1.49784957786037,0.937366949623638
1.79624246409021,1.39131187112157,1.44137635916732
2.22465076398737,1.75262936460249,2.17957494508504
1.96072631007677,1.44297539844481,1.73637994344468
2.48748596302931,1.88469534085366,2.64599421465359
1.72907554143813,1.48059841805839,1.34836212340692
2.05925382614381,1.59142798794786,1.7432254290709
1.33905282279013,2.03499145109958,1.54635632305426
1.59818329006289,2.68393857909924,2.43329590018259
1.46914723260477,1.98784462211729,1.54994203211665
1.7392919923789,2.57413787078662,2.30146089711636
1.05676568735104,1.31199480553494,0.822568506291896
1.07686872062684,1.31087114890655,0.834552391671933
0.885016459217516,1.44471257298495,0.781362619304995
0.972730919033993,1.79835346572712,0.878033969348303
0.703773438802467,1.38497682629432,0.706215622755502
0.761881803485282,1.3557415433056,0.70357701228133
0.725747876317011,1.698942440403,0.802015735995508
0.754711807060735,2.30423788615998,0.896347359905638
0.79373602153182,2.12115030605904,0.857228938859847
1.20576887545068,1.71426689825997,1.2514883890712
0.919231126763571,1.44376525284806,0.880046611192304
1.37270731435526,1.9961677083835,1.25151530927083
1.71634665552115,2.50749083801906,1.62763128951371
1.4575857813455,2.10209717292499,1.14315427974305
1.80630206358595,2.63987378956169,1.37597267438443
1.34332044379184,1.81710002542157,1.15357753616412
1.79645334619334,2.28637349539005,1.64260743094801
0.645069711613156,1.23652539592974,0.672741445419347
0.667976954815457,1.30872333747566,0.690713118866855
0.800766699176033,1.15501884205309,0.700774563435048
0.934907879551345,1.17808478012324,0.776965918918112
0.968705758955578,1.2420220797006,0.716592390589476
1.0340188742947,1.49696700963135,0.783062715193414
1.16348375486198,1.36194850883519,0.789504485888421
0.968443020941212,1.01617957712283,0.669580626139265
1.21481984891272,1.10147281883087,0.718547941032643
0.819961363597143,0.820929471853029,0.654746385211832
0.804398696656755,0.823909865145571,0.69658031145106
0.8316852422272,0.744785391850962,0.658507857053654
1.02625837893915,0.89867470767705,0.733758209277988
0.837977681271607,0.767949597717314,0.817767312129205
1.1801901117072,0.914200594003297,1.30083954454232
0.853995141106347,0.752774740075526,1.39505302912518
0.89233729589433,0.831613704032205,0.950738979889032
1.18482994168407,1.04651668582583,1.56177349252662
1.15018915601244,0.994383944262721,1.58490861192468
1.1584913562234,0.908502534507246,0.973873404150563
1.54212348231989,1.06153594371029,1.41700275966599
1.46090582074447,1.10058622486418,1.6749255547108
1.41641103140789,1.05299859506419,1.14151891827051
1.55379324024797,1.16900792898931,1.79619584783439
1.81614076504317,1.212363707051,1.42892742952978
1.95257906430582,1.26762912373653,1.83632372330543
1.61490969529457,1.09479978008305,2.05743734773608
2.38607414331264,1.51065235486495,2.31392161755544
2.31551571283835,1.48062108395607,2.17672380933084
2.2692024346493,1.48073900968772,2.64023862569362
2.74921591803165,1.69367943669981,2.48982549019169
0.772327006091282,0.613397936506242,0.574319685844476
1.02010289001746,0.734812010781028,0.677973627038214
0.649784802421359,0.540633959446226,0.556600638952924
0.67609864418978,0.626212709990001,0.668517183788385
0.725408703348914,0.545536116649335,0.528646820625911
0.898357371062942,0.617931525482976,0.577529596334154
0.848686541653888,0.699132553484949,0.589813700039579
0.848395655751365,0.776308251573491,0.62759303427548
1.055698041423,0.817907113283682,0.647409044015616
0.944193930788775,0.797379407515278,0.652912592363127
1.3603365964319,1.4885923881185,1.27670115301062
1.59502151686208,1.13376151391597,1.20517832700642
0.673324065164584,0.500976642504398,0.484401044173533
0.788164077522486,0.595308976818109,0.554052862395159
0.58696801362943,0.463398521288541,0.462474928038016
0.617344342154737,0.533021302223716,0.525776476104069
0.548366799009168,0.439049941179445,0.450584639753398
0.588967208107122,0.498714882487916,0.485449548056302
0.604840907316444,0.481312822359546,0.501252654965872
0.632340346846656,0.530573970960712,0.544227984149281
0.662412765091722,0.59885844556127,0.591724845120014
1.23392645209428,1.23136625628083,1.23821061956605
1.25257041998302,1.21796749077257,1.1965888578546
1.25276810040788,1.21603659298294,1.20412460238575
0.745587242268495,0.61019236138684,0.591266369736491
1.25192506938233,1.11845884864056,1.07383053255192
1.10527124630741,1.17089145828208,0.96373282949328
1.10831636506103,1.1339694468136,0.930790871670128
1.68529282417073,1.74233520574948,1.53285064154458
1.65065013551389,1.71315186564399,1.5053085844208
1.66562412238818,1.72701539844954,1.53864807334898
0.485623334854173,0.415381879565168,0.449789958381176
0.500544833154965,0.470116373875902,0.480778973654234
0.487136108323874,0.423804787939752,0.517207837149947
0.560374620850276,0.484408400996404,0.599587883984404
0.467501641840747,0.445305390669592,0.577135631496303
0.474254769207667,0.46142547292376,0.608770671629125
0.516179124767702,0.504558546379035,0.633636812102165
0.643552892886234,0.571777746870596,0.683298500201101
0.573913033506092,0.586905790324535,0.748783683590306
0.511017001612851,0.500897937520571,0.59219378355118
0.600476608931202,0.575448861401768,0.68174501971639
0.722276642543835,0.679036702203708,0.823868239475834
0.735901853719372,0.658971100133196,0.735651766771971
0.914751066010052,0.810431749530395,0.887719333943703
0.805917055715448,0.673430106135428,0.717585046398323
0.98677658510198,0.79576129768267,0.838435800146161
0.673962829426399,0.603224600890085,0.639492414096328
0.829563058744031,0.732023767661469,0.753098980570689
0.808252383840915,0.674066443416847,0.69956984240708
1.02173879419586,0.825979020640249,0.846465461888562
0.481867198428985,0.474908033293536,0.619184606520504
0.501226411015573,0.515699580579282,0.729038908736587
0.550372327669904,0.533651276699798,0.618991486808516
0.613532450626966,0.59902087157495,0.642375202489281
0.600745977124875,0.598723079099657,0.688654712716083
0.657228943004841,0.665807781616641,0.833003644570219
0.70782510097767,0.702086167108558,0.790061456922274
0.532810764588775,0.53363325557878,0.562672209545302
0.550613767901624,0.566054321727153,0.663165366404155
0.539790198046144,0.525728501570676,0.461099887282283
0.641676202692291,0.624209293213978,0.557652450286075
0.67255248944633,0.669922352478749,0.579439670261979
0.762816378198853,0.744113324965972,0.766500503390931
0.51647846006382,0.507568909472551,0.443017165533997
0.571640023234,0.572346980877511,0.50951625588084
0.613345402915137,0.601989510081533,0.553972561414941
0.685262812416289,0.683608073386767,0.84974392327826
0.729644816633754,0.722768421336611,0.76671287119963
0.708286947767568,0.679569744588688,0.72508658479609
0.854033389015321,0.825275377004053,1.09804610290698
0.849969288413218,0.813853991944387,1.09417665032091
0.447122161487259,0.437296553884814,0.433220046644895
0.480144755690563,0.478746607879205,0.495482831016251
0.429210851607029,0.405388419448411,0.445141067394091
0.464530829245145,0.436357269133073,0.478708981624405
0.429465477344642,0.407125323221314,0.452565224767161
0.483043418719526,0.463575029786649,0.503354789880519
0.481759399796266,0.454818838026375,0.560972969668146
1.15531990884028,1.12727798746888,1.20786033921269
1.15895440589659,1.12973805000428,1.20379427647075
1.14709431144129,1.14721563073736,1.17242186442203
0.430198781271083,0.417098882195836,0.44223259482349
0.503800938243665,0.499424382017796,0.517082565948371
0.427602802652419,0.420639844544335,0.473164377668229
0.459179569785947,0.459522704721237,0.536587613434463
0.47025688580668,0.465935071133329,0.542530567265774
0.534819566299369,0.528221211010125,0.615012539194916
0.540289515553112,0.543519293879128,0.657175689512709
0.459423026438247,0.45485297286626,0.506011402526419
0.516194131044277,0.51019691846693,0.559727588226812
0.453698450343715,0.453054823150199,0.487902358422207
0.479691195002783,0.478304640167717,0.521463851299026
0.480399490883304,0.490482328290457,0.497476242618346
0.543540824253121,0.553830093831931,0.564609183719425
0.53508815964377,0.566887703161321,0.563973842167266
1.15015783986075,1.20410869470025,1.19109377026193
1.20904171393469,1.1926355051208,1.18965568700932
1.17021023149858,1.20070480402175,1.20371471207586
0.482788151774574,0.487711649104264,0.481453562005616
0.553740632598868,0.563683762785448,0.560003742523313
0.460834492431093,0.462754861973198,0.446727462934034
0.470643378265883,0.466264542808858,0.454771157691294
0.482624646153219,0.493869464110303,0.464771972263964
0.536585904145435,0.5528055398095,0.521518652796714
0.49797317199633,0.51049390767033,0.473504711488385
0.518854707874268,0.518231302068431,0.493383605493115
0.560736724298463,0.575329318533952,0.539203510479957
0.536237478068179,0.546388178711109,0.518231756495165
0.575818043148416,0.570725463986945,0.55160382825433
0.6185682403592,0.615231721197758,0.59813860768832
1.20759663610931,1.23027606078173,1.20643251611445
1.24143125035597,1.23656897398376,1.21719416719956
1.22978595649684,1.2122500148022,1.22806181829641
0.630960430292672,0.657982027797972,0.629985725947029
1.24493484128609,1.25660617914324,1.26277337687165
1.20632723663735,1.25116519556665,1.22267304081519
1.25723560118704,1.24589896210818,1.21664562307417
0.495037312858557,0.504217439153195,0.487828230951888
0.561521764979426,0.579908548466892,0.561383808820189
0.479757620019597,0.479821741017148,0.483349098084325
0.486512445198604,0.490556103979299,0.491240171345764
0.520414479921763,0.515232830129379,0.543841095443571
0.550368534594897,0.552105271126195,0.586479141363422
0.537488541842633,0.54669331468068,0.589480871689236
0.602875918566404,0.752190617001217,0.766806363325565
0.669232978943515,0.871241694522783,0.806208030078572
1.24722123121482,1.43864004307737,1.36056639428732
1.28234531796547,1.44833898847743,1.38268111507453
1.24709245804734,1.39755776416081,1.36769236525529
0.556817588678225,0.600016700170718,0.666553034474105
0.766453864646046,0.94256622598804,1.10701780408336
0.773422250585354,0.985300428636342,1.21854490946918
0.811025822432076,0.889381067856325,1.22569454424693
1.41006682001494,1.45774353213203,1.80745819314284
1.39069988913039,1.4605070787851,1.78657952822994
1.3817929547896,1.47559218180164,1.8040822785018
0.588534173932025,0.583683524142804,0.611467646042335
0.676187099135315,0.675536032393659,0.707579785912832
0.603037303656217,0.59951953531289,0.619263732974037
0.585546087423143,0.583665023972153,0.59811221485829
0.69872931158319,0.69691283069313,0.719279519427417
0.79369408011272,0.78777863034328,0.817597215322289
0.749680491879881,0.737953329853697,0.763000950476122
1.14939680302651,1.15146808437059,1.07221331971156
1.15924872506578,1.14621708244223,1.10314682691669
1.06768525505848,1.00360500195795,1.07681374274904
1.73650912549324,1.56737132044007,1.78846509093457
1.5556176061976,1.44318537208912,1.60675886722216
1.09199745170059,1.05655088467125,0.9392789322805
1.58317956488005,1.5388662600881,1.46463781074229
1.57582844942168,1.6503313010859,1.44168303808579
0.740752910956255,0.749083720901082,0.748623267752846
0.883869946470747,0.893501374803418,0.880147305235735
0.696704339747272,0.724708539537328,0.702480294058944
0.68233286203864,0.722110777102321,0.683263172081536
0.769493462272274,0.823196180595216,0.770145232884259
0.862098987313872,0.93206677200788,0.866421462825965
0.782560235942127,0.870981721050533,0.788303633384848
0.986882667937035,1.2009702092186,1.05850050909324
0.954337788479475,1.17610305607946,1.03918304695815
0.940069439024713,1.04575252347658,0.975343146381787
1.44489497897302,1.62574536479128,1.55638571018478
1.44170580326017,1.59519113955734,1.52666366306572
1.41048522601802,1.41128074659569,1.40206967390784
1.95338970286933,1.93113739431415,1.95511861607501
1.93077912951019,1.90464290594107,1.92613805399201
1.60892651855664,1.60564410942546,1.55434162466834
2.02671251373123,1.9951569201595,1.91815836569889
2.00678804656937,2.02354623690987,1.94012293317309
2.05954298857315,2.06394196655937,2.0774537755959
2.4903370883739,2.49305503289548,2.49519003629928
2.43308500271871,2.44191816455249,2.47993198418859
2.46354440993783,2.45919837131607,2.49594748195083
0.822906887188629,0.875295452578103,0.822815201533826
1.00730026170127,1.0866175776669,1.00535021232865
0.768419191058334,0.802894921051601,0.772825306007664
0.762897822681785,0.79512931987086,0.766945932667296
0.854453234001961,0.888354828882102,0.867260549934806
0.926020594787267,0.954726288544534,0.939007625262515
0.98135650629886,1.00889279736487,0.993831114717927
0.807735882158168,0.842521563709149,0.823571426063886
0.952096729859095,0.980214849599385,0.971800187266224
0.705400209475595,0.738448420984451,0.71493921088172
0.700745909253165,0.729036532428236,0.705917058790943
0.694185477991112,0.72320747455631,0.693767029456978
0.750350866085995,0.775281091158601,0.763214648532663
0.704807310912017,0.720028105118774,0.696119316842551
0.735169171006853,0.741042272765205,0.72116393112327
0.762895736706881,0.78133391005423,0.770445299800419
1.31827103987931,1.34022304015281,1.35341750623291
1.29439685169432,1.3136641449555,1.30426907899863
1.29678120761428,1.29956742593502,1.28359991595378
0.828438217736833,0.823972889123439,0.832493924769259
1.31586699673911,1.26485696065611,1.37311308392679
1.26777741137632,1.24745605620049,1.29523137292893
1.17292578628814,1.16372048814892,1.20473824921919
1.73359752383552,1.70258551677552,1.73743471223573
1.70375482968011,1.71415745877039,1.76045026772675
1.72128887404216,1.70459835055195,1.77631033227185
0.699608163355273,0.725042536032608,0.69232386786845
0.755528940686403,0.761540592278026,0.734514716365438
0.757689440689781,0.780837720708494,0.751963411034986
0.834686084676483,0.859712315330385,0.828339413575814
0.812758619529872,0.817341248214648,0.805830513759966
0.894579901122415,0.872629851443385,0.886799843405324
0.996238871286928,0.949299346693393,0.97151364306243
1.15373842774521,1.05059653885332,1.41295874134863
1.18811264709542,1.25588726432186,1.31566062097693
1.84389412456342,1.9418204606202,2.42523780007483
1.21086201013673,1.32936804900954,1.57115125826051
2.00126804357712,2.36882775541528,3.11744627977834
2.61466733281117,2.98695966894379,3.98895534958872
1.88359278953652,2.23986273187157,2.99631955956465
2.31497149672019,2.68111796101171,3.64791529602877
1.73315799128355,1.7285513447747,2.24898267758108
2.43430517764718,2.01609888074927,2.67525895047997
0.730240429929593,0.750705161565708,0.718610316761295
0.729041537696348,0.750018965719034,0.705493821113159
0.737063194228248,0.760715167408161,0.735193341911134
0.854193993033973,0.867632162138513,0.900346814106674
0.991943209924938,1.03831480942615,1.08152060592885
0.930228843200051,0.95018380258952,0.976540809234228
0.699558784178704,0.711528183022263,0.663982488819004
0.706882885215419,0.726426816151587,0.687220575773299
0.836591254259675,0.801989246980355,0.780913096850907
1.13302087716832,1.0215190883623,0.992087500046963
1.10891054446738,1.02626299927414,1.0290175257544
0.934338132913542,0.926185316307813,1.02006514880223
1.27476119626215,1.24754412372043,1.42683818777336
1.23007079155093,1.19814740955806,1.34501879259639
0.700023945081034,0.721601501433729,0.653840447245812
0.734013724746209,0.754680258551937,0.708964573129212
0.773646791634,0.806014031547426,0.71052604650445
0.84700117704022,0.884312600390347,0.794284390592083
0.84018862467897,0.875872145089701,0.752991151761774
0.887314400413776,0.921557458460433,0.789929025547887
0.987345285570331,1.01941236257978,0.907945223372694
1.40662601183849,1.28510581312506,1.16517013255935
1.6639518916954,1.51745984705152,1.38657446795173
1.56790920599865,1.30926156722554,1.43240937136639
2.28216785214855,1.80927403992842,1.96570474363834
2.10438851290913,1.59940056147268,1.80658799010411
1.68631128545814,1.49896770515833,1.643622966579
2.08605630026258,1.99629522466574,2.04318061160996
2.07872948212616,1.89474222982784,2.1048771289007
0.821524597255617,0.861371788395333,0.734370063297558
0.915986470205951,0.960715535323421,0.823799713437038
0.767783544219217,0.800615906928962,0.691529448111344
0.767463667672131,0.791153370954752,0.699431221703258
0.781431550054978,0.811814492782149,0.69666321136152
0.8760266568992,0.897470419912829,0.774724948429486
0.832915366793318,0.83847048789165,0.742152254747912
1.02148955884752,0.832331660851151,0.794598132802565
1.08640516832428,0.898234640082111,0.84888905856378
1.27076609507812,0.971901084226432,0.943710101568561
1.71087188956512,1.22724071256756,1.23812155041516
1.80675306781479,1.33885911462953,1.30203599650632
1.51936439060452,1.3760436444019,1.21048507493946
2.06812366846513,1.97464430838091,1.76104226642037
2.04275777681439,2.01696474137549,1.84585652321448
0.743382005121714,0.779692456958157,0.653477454693583
0.890000916420688,0.874885126979475,0.749895004688631
0.65690901352694,0.705816637799964,0.591642144100489
0.677069165686515,0.709424897172788,0.61487274640768
0.640778195379782,0.687609909760204,0.577694214065725
0.721289932362308,0.763816389044055,0.656490434030097
0.636651080454493,0.680260696397683,0.579368556936452
0.689566951177719,0.749243465858425,0.640272993745093
0.744343929034049,0.79628452005675,0.668702120627161
0.574047167900236,0.594061838402064,0.542802789012135
0.657188105113778,0.667359951860199,0.622170170562653
0.783617477438014,0.799252109931502,0.730497012945499
0.70241542308335,0.697846153375974,0.684155881049041
0.842613408983688,0.837674985908285,0.814484964510764
0.687016611001711,0.661758001231779,0.694298761105216
0.815393171910242,0.775636823944639,0.815882492456655
0.58621367760224,0.589398562153011,0.597306996025716
0.666138398177969,0.678249984974882,0.687702676653402
0.647622088397977,0.624196435426824,0.677906422743598
0.770972186224999,0.737155225393802,0.823163062073591
0.620935744085105,0.674976261446158,0.56113878911552
0.655686037046439,0.689926995955064,0.607990637180381
0.673525563725213,0.726215618243802,0.603974774708159
0.775685446145888,0.804887767967943,0.708708893172021
0.679958379655539,0.74007764640097,0.607122089676588
0.753688600466565,0.813617463367313,0.67063413805035
0.745048175483833,0.797233137205123,0.640443330835507
0.693696910225512,0.740016627594224,0.630224283458851
0.894593190940461,0.898117185493416,0.772183198821778
0.649227563070374,0.672280188232292,0.59441559536238
0.691103842897656,0.671665986079061,0.596446217717503
0.703673493618358,0.703727219626248,0.646540785149194
0.765353832391712,0.762318755121745,0.713937792280565
0.787075436957837,0.771642503217166,0.727967002539809
0.873980522656288,0.852694551911353,0.911760571445058
0.851421755840291,0.869327182864565,0.923161706979702
0.84564319937377,0.813744484984369,0.819185536838408
1.13651270543066,1.17479320026771,1.20970629371139
1.07301399505763,1.15199649223868,1.26293551617421
1.20432540235751,1.16213203563069,1.1821587375072
1.57605710350993,1.59417813042079,1.63981003020203
1.63135035440235,1.61763051351226,1.60352414727181
1.35031766565081,1.1238810394256,1.1368118582546
1.40319717817593,1.03419197349305,1.03904275865424
1.84595481498358,1.4791574697069,1.49103563068517
2.32646753185928,1.93652635471748,1.9659472945675
2.31308918205783,1.94192835382478,1.9910419295525
2.81382697239274,2.32793977540207,2.35122491236183
2.16389416664264,1.57428049960381,1.56199908976679
2.10157840630622,1.34490002273462,1.32886696224169
2.62645478700255,1.98158685259998,1.95455065737543
0.701144877887531,0.687939366050042,0.634166322920903
0.727382308333405,0.705133620377217,0.653934680500521
0.740455878837729,0.730093176047487,0.668450483792576
0.799377970150996,0.79919158832488,0.73437249207839
0.755848104072794,0.741539667765563,0.679842211623213
0.741396071006199,0.728666945378334,0.659684893891182
0.859486658876711,0.866184836889745,0.800140652774729
1.31647601847681,1.41494191219841,1.37816601938754
1.25979461034762,1.33451191861142,1.27623775590356
1.25373856049648,1.24046746966415,1.25702252995884
1.72409150580923,1.74999930247934,1.78695972889964
1.73389493778147,1.80920351055275,1.85851897038785
1.40833128755952,1.32387020865516,1.33636153619287
1.82150759676951,1.75973973276357,1.76443705192871
1.92667155928057,1.79712904781277,1.81201081908064
0.782120741229542,0.753696145072596,0.695160133249844
0.872019723018302,0.848754133716564,0.789812833439843
0.767714174874367,0.73015397683283,0.668761275437663
0.771143261284111,0.727037736402824,0.669224666612525
0.794092264364536,0.77313618619582,0.69034873547358
0.849899389551628,0.847534467415705,0.749508020475526
0.78582242989151,0.80307469624585,0.684574723264633
0.839213441760798,1.35755596747668,0.738405562584742
0.852429657015281,1.28402207015861,0.775176929686618
1.39085094227419,1.81890719737882,1.30591602926116
1.37954113204723,1.86097924778243,1.31305457294789
1.31521148743121,1.80383512681375,1.32705226440937
0.781360531079067,1.14982471331053,0.687060870952363
0.850689768036165,1.30116917196337,0.784574163686284
0.880003986167322,1.58859343348181,0.789220500990898
0.814618716174998,1.66299876914681,0.71881374096909
1.33054253479058,2.10388419824021,1.28662584662093
1.33437572515665,2.11052476574336,1.28756607962413
1.34505737269784,2.12858113038694,1.26554955500498
0.811385107799695,0.794198957302753,0.701583300280048
0.831313385391149,0.798680667008855,0.723682279412646
0.859520518831629,0.868537973168484,0.753637225625468
0.94138904698484,0.974022314311589,0.843148270142438
1.01127608887763,1.02601629036883,0.922163683920772
1.02584580403192,1.05536420789156,0.936648583375205
0.896367657006252,0.916513823456195,0.785433937449711
0.946314728438302,0.963750362112947,0.836796111361612
0.978281583692258,1.02821308315226,0.872363535295502
1.07163608217479,1.07839849973774,0.96722890920007
1.12176013033185,1.14504192258569,1.00881109218019
1.0376101468922,1.09727758038212,0.941022367947309
1.23117510831424,1.24648662210253,1.1385190967626
1.20833044800479,1.2378657504465,1.1191202644311
0.872783691845357,0.881461490935218,0.754637744883984
0.865958462443585,0.864197872741994,0.746422750706714
0.911951391772264,0.928388494362782,0.796586575609024
0.973539680188011,0.998687039809783,0.861193871027827
0.931646771042344,0.941852256393396,0.814461549327802
0.955653772535321,0.956917266331286,0.840275258872165
1.01998807300638,1.03765693646428,0.909806345552846
1.45916415929524,1.22175314527188,1.14359658094484
1.81339218157663,1.29718338211512,1.2924810848285
2.33943883947223,1.78218175954134,1.77687593387003
2.33532594204386,1.74233034867219,1.78976210608056
2.35312126800263,1.74653698580452,1.7795609601308
1.54016893708449,1.28116749234159,1.20503184127969
2.08663522009489,1.73046828367194,1.7001369389108
2.09284924272425,1.74803437158627,1.69758752444643
2.06484313695026,1.74325254194411,1.71577287499394
0.937424260072558,0.947594090305048,0.81522307896496
0.998704961494823,1.00706904485628,0.885013279620446
0.956524817031683,0.974094219858255,0.831565580959376
0.986682232648143,1.00148140848134,0.867013231717332
1.02231303230843,1.05692074415331,0.91707247508676
1.09245949996487,1.15798332897443,1.02548348682439
1.21988711873272,1.30461398257562,1.16425225224548
1.50995520693092,1.38254103192376,1.43763310590192
1.66452641024537,1.45323566491451,1.44494137946472
1.86778491920161,1.59569157771772,1.64589977081132
2.61648114225043,2.06612620768414,2.24604003382345
2.42037932766467,2.08367638254728,2.23231543241002
0.948402238518282,0.950867374896099,0.820872415976094
1.02237008717847,1.01201897132385,0.903996507614696
0.880252864458039,0.877292773978935,0.752508450818466
0.893724376771697,0.903775007375693,0.777882068630565
0.872654376617254,0.851621365801933,0.737583912337773
0.968474266837858,0.942770340146576,0.830538406127065
0.941047336759845,0.93647147468044,0.800451264375825
0.999100674870362,1.12913700750169,0.881418627702788
1.06798016658331,1.1529215757968,0.90246337840037
1.00616613253092,1.21920498288448,0.791610512535831
1.07097798684939,1.51032974007075,0.770876630435224
0.799746601382928,0.7594752421935,0.674081468486036
0.875919046783981,0.840754778903784,0.758603923697619
0.758549749018901,0.722825431611091,0.632537185237737
0.818953801555294,0.80820235570351,0.700056420386595
0.726191730416107,0.677977475714531,0.598430235781856
0.752021528836394,0.697087229076601,0.61318700322849
0.765460667691597,0.734437376804758,0.640259701868833
0.887658518130509,0.762757460146702,0.697116091819307
1.01287449769445,0.845037221694934,0.730010401561316
1.53836050528461,1.3492609727715,1.29633461775309
1.48438479703407,1.37629101711906,1.26456363449927
1.53457659403937,1.35136534087439,1.29624318542035
0.877558074019368,0.86472854835989,0.761751393832657
1.20895066361111,1.1130168574157,1.00702133730421
1.14680197874432,1.07735978598001,0.999342932099358
1.08663795195312,1.05932434256887,0.970799105009172
1.59208603687525,1.59625690094575,1.46848246477466
1.59289547262713,1.54462777511961,1.52211631231994
1.57644474614631,1.54027839013096,1.5030719147893
0.719290212172189,0.671297397118271,0.608109017827961
0.796361326654511,0.751337293666994,0.698695926200254
0.694345432017842,0.655151103677143,0.586661508348835
0.701469822523097,0.664466384201366,0.588004138194584
0.703445919638192,0.681152079570577,0.613170350062059
0.747097216810362,0.74400516946933,0.674130875994535
0.760805719370425,0.76792395750593,0.682933682890289
0.910300438028484,0.945566141177372,0.858710533590605
0.826983185035675,0.870741978723431,0.785101964261956
1.38549672667251,1.36770671962816,1.33854420055108
1.35008628310011,1.39441970505918,1.35735205983899
1.31561338207133,1.43127223656838,1.32636041563764
0.937615320367292,0.994641979240041,0.914989497099049
1.44953244852886,1.53769883237007,1.45722665740074
1.44056770964929,1.45841650282842,1.42482848466488
1.45829009944121,1.51480143412363,1.46656898853956
0.69734478652593,0.657816581658692,0.607690573431261
0.740988093061806,0.674437294966654,0.64108945257982
0.736015095905406,0.707010296172978,0.667723656643949
0.809839762297011,0.793033294357007,0.755975153922224
0.761688822344285,0.712349627633148,0.690753007904242
0.830041412198471,0.748630179383612,0.723416643069029
0.941141924665489,0.841205319892306,0.863041294751999
1.11037942431944,1.06481896360277,1.14720206592352
1.13618775088804,1.1042141701686,1.17082003076291
1.25933709727679,1.22591403148088,1.26228403686098
1.70074914572356,1.77807396179427,1.81414570458117
1.61697200962091,1.7075274158432,1.84916286324029
1.47469563870866,1.44390610266252,1.48254569677385
1.98381706262708,1.95258084398373,2.02509381878437
1.96486667906121,1.97462478992773,2.01231345574286
1.90389384994965,1.88275578565584,1.87905331359276
2.47234816960111,2.40236575723042,2.4297244079324
2.427988853337,2.42421748308436,2.35522697754397
2.13961722126448,2.11500123319238,2.19872441325824
2.43464598651842,2.43339783911873,2.54484602045402
2.45502891994292,2.43688845740201,2.51870652575465
2.4831241944736,2.40970108427416,2.52890601910923
0.742652497041478,0.718158662478892,0.68255391653104
0.909574674747091,0.870570292894256,0.843600162597975
0.721107651099461,0.683352611578701,0.645607149763814
0.771390375497397,0.697444620262733,0.679534350704836
0.792924288771702,0.743661132056499,0.692279466571829
0.977426057160515,0.854858737779122,0.786410471199616
0.926402456162001,0.847424243641157,0.802363329223068
1.05989720122422,1.13566149389221,1.14362803273155
1.28156812769211,1.28159554125148,1.18963224116508
1.03247835343356,0.950357618897117,0.913758561697586
1.2733719586339,1.40955384397368,1.34292186564328
1.18021803500119,1.23185997772943,1.3113881546624
1.6509774788241,1.76771926558365,1.80344746146874
1.68062763006617,1.72078480797656,1.81901541739658
1.64943858767852,1.74171130742985,1.810728489486
1.70274477462516,1.607982246277,1.3988558650783
2.17470708132931,2.10708301806414,1.92646518499627
2.21479585753043,2.09152574781251,1.86972714920908
2.14102419026951,2.13153190305477,1.9114138983989
0.820491323189397,0.739305793595913,0.696213634423751
1.36751162915107,0.771289518369175,0.742890999544081
1.02900756082684,0.848907843659086,0.808059964871902
1.55788106356686,0.957830107644738,0.925604078000976
1.06625496533672,0.919770410378411,0.896497380310767
1.04834775353345,0.923298858045134,0.888011429220034
1.42217294168357,1.17275620726062,1.17156601550436
1.64296687938775,1.54822230355927,1.56232847628487
1.7056269850994,1.54115402911376,1.47331090545446
2.12982147600925,1.73557890148181,1.80826789491582
2.7956050017731,2.4470625740713,2.52736469496616
2.69611907492743,2.31521797523177,2.38494442387313
2.83342101767142,2.54305526651697,2.56237101600393
3.31437679859777,2.90990964597757,3.00395027351625
1.03573806382483,0.874302551985148,0.929887161795007
1.38144354387824,1.05539649777398,1.22318441553726
0.977195184368989,0.813709385459501,0.890168147689223
1.14655046389035,0.908253208142862,0.983592819419673
1.07974938825562,0.809951575156711,1.0150961289069
1.25902205836328,0.895060664648582,1.15296602176286
1.34369688407486,0.90313637613939,1.25719040565381
1.75152146574385,1.42940044283718,1.72883657596555
1.76909787207469,1.22501567328316,1.61184870211047
2.23748356226581,1.74851889363048,2.0911831956834
2.2507542929088,1.79776139167038,2.05585779774446
2.22579671073893,1.76878908620198,2.09955471615039
1.96953392480137,1.53076349251894,1.78845709591252
2.45945684868896,2.06687612675726,2.26510444610677
2.44159229831816,2.04989385841185,2.27328638860631
2.44865957121808,2.04674524938141,2.26922345967048
1.00454939395522,0.80556830429472,0.969957376487738
1.22093089110661,0.908427581278571,1.1368104471224
0.96252129979052,0.827224470628055,0.886167740205037
1.13044395986935,0.887939621306818,0.917525123421052
0.944339240032114,0.872173881292522,0.909895880800601
1.01912019991397,0.914933516187582,1.00241798122701
1.10946134617316,1.03230279202489,1.09720232911496
1.27645773042234,1.30859030812084,1.31822110476531
1.34920366559882,1.33557769594619,1.4400245680133
1.65933462067979,1.51283866011074,1.60968388362602
2.17774751701696,2.05797478270243,2.15089260193203
2.01071397335622,1.84980242683336,1.95231933531652
2.00932087483398,1.90061818044894,1.95670970985756
2.47712078160595,2.41493010609738,2.4174793697268
2.52223467616772,2.42767929128866,2.47556677195612
0.852408373524393,0.835890488528428,0.811171855537865
0.920708735185818,0.89566496568546,0.865277959676048
0.811415415710815,0.830263529423495,0.800176387018033
0.872600510237403,0.885907994298691,0.897734299647902
1.00129859722703,0.992156249233872,1.01166366545796
0.923217622152787,0.927561827391452,0.963686842608353
0.793554627059344,0.843699395667744,0.80237201271532
0.825995480896687,0.860070551006616,0.836482823115882
0.870265673105133,0.932986052195753,0.925331471401481
1.18347318867223,1.24393996024351,1.27489652217033
1.16464249198571,1.26170092533448,1.24254721562832
0.938099319050577,0.992420566914768,0.998273253779061
1.28464849216274,1.33622005418417,1.3615555074946
1.23897109475376,1.34742503100719,1.33341638151808
0.829121753632649,0.895249946471341,0.838056132112489
0.951377370848148,1.01734803991984,0.955011817446596
0.832618170459424,0.904735492398779,0.884375341786456
0.849393021438647,0.908190337974254,0.929625208051303
0.902098426816345,0.981844098622333,0.999966903343343
0.953672970006224,1.05209931362168,1.13224608816451
1.00852812058017,1.12608233313942,1.21344780954915
1.1415937953101,1.40908753055416,1.93481531033309
1.14345251444791,1.2982915168437,1.55656040169064
1.03928688041448,1.28637058135755,1.3952553401818
1.14794217816424,1.46568855849216,1.73727279376866
1.15412068207878,1.56269183197859,2.06124544036174
1.16553325288094,1.49879727054257,1.72701181987095
1.30821373253646,1.69767507591547,2.06259766620167
1.31467620503632,1.6668645777031,1.91014992788706
1.22247098740983,1.85116455828838,2.35785643662895
1.31556217410429,2.3355748045465,2.70575578580592
1.31425417428958,2.07807408700122,2.997236649847
1.39264273387157,2.41346942493115,3.33471054810059
1.37315372355925,2.37478970574247,3.03290787339644
1.56039210255645,2.98902622136388,4.10634206242167
1.49855657177992,2.56648163421029,3.74728057783528
1.56764167459986,2.8086256198202,3.85372546706398
1.65738640032564,2.92399742385883,4.37645333735965
0.885830923902628,0.930743876076778,0.899804182593138
0.847666626513381,0.875573169421316,0.827640942059514
0.99047647649245,1.03845907394014,1.01539312674392
1.09330095309423,1.16315677787621,1.17708669172702
1.01265032626305,1.05178742781982,1.01330205751565
1.00078845913267,1.02729426736133,0.985083726707384
1.11065097365858,1.16162851518332,1.16964862126373
1.62573930499957,1.66882309647332,1.6300034102892
1.64513162391538,1.68645153407164,1.70119352648279
1.38262567407301,1.46059845398998,1.39133755354132
2.01298833748862,1.98554782922429,1.9538026338244
1.97568312056107,2.0978434027041,1.99445664094169
1.40655947329131,1.69672260803097,1.57540405784267
1.94999389574374,2.19601144421899,2.10083475045569
1.89048314218226,2.21268000098359,2.07115304736057
1.67350114467097,2.02857676436834,1.89716454607573
2.20912451038333,2.56055428588238,2.38413836140159
2.21956492170328,2.54889683941776,2.41019587070312
1.91165320122279,2.19385250392268,2.09767759474893
2.27731256176342,2.48536914233099,2.39945833971716
2.2552726271477,2.53230431368839,2.41422555644107
2.24918367125712,2.49652820450194,2.45256477645242
1.1045900035434,1.14860773079414,1.08540416005307
1.25352057752183,1.30609574312411,1.24648117391215
1.10087068880497,1.13624945467698,1.06071218059132
1.05763357754274,1.07767613046999,1.01638890392518
1.22818688115519,1.26876046148694,1.17337735251926
1.32417825848927,1.37377361922285,1.27132155158925
1.34950489540946,1.38182629586637,1.29448117957771
1.53917216757036,1.58197267542372,1.49571915338337
1.60270590274573,1.64576229710767,1.53490046984945
1.69219939066977,1.78687607672835,1.71074323005514
2.08765439701188,2.19966357725262,2.11120282071044
2.03759401781688,2.18532350619323,2.08487819679953
1.89066826935627,2.02095774233701,1.936136881298
2.31342716575393,2.4067029965473,2.33757439583894
2.31416178807273,2.48477798239034,2.38852227781461
1.21799813778825,1.27038107177592,1.16125885928982
1.19904810167215,1.2569062268593,1.14029954383683
1.31957909196105,1.38817419745371,1.27119788540054
1.42547951274079,1.50312743916109,1.37351577144845
1.34893011427866,1.43280486788375,1.32368123182161
1.4887771223029,1.59007684164041,1.46407331902031
1.37959912127552,1.45876228779841,1.36387463660094
1.25562704723176,1.32725635809824,1.24581904149756
1.3194775433534,1.38435838604598,1.30457418534578
1.20127658450537,1.25875530443629,1.21079030063555
1.2571329313451,1.30404345510369,1.26770965671766
1.16542476175143,1.20447937265974,1.20212558023166
1.22429786451654,1.26809173443314,1.27687688145118
1.29920873715453,1.32377770861098,1.38168544115647
1.6569670367501,1.36768128752612,1.5665112169871
1.59174497208782,1.46732102018134,1.62855097152353
1.79731224158959,1.34991799426959,1.81398836033082
2.42657850327968,1.77924285564086,2.37907363973823
2.36996771506697,1.74725998736856,2.31723675896247
1.0427854855789,1.05706269152593,1.04382225192059
1.10809554195431,1.08559136028437,1.11007730255388
0.97767399489436,0.991635551299214,0.94875052558244
1.0550793595693,1.07341482724402,1.02315343687143
0.897332704340019,0.892321248390926,0.855287359716041
0.885066106386912,0.874880495144661,0.858411402549042
0.960999117976838,0.949662620756901,0.92143320363566
1.0506636634039,1.05492130588359,1.00873929102517
0.970022449548483,0.935847025326266,0.924475315534085
1.3960098897181,1.39999685781084,1.37501913006508
1.46982574722363,1.41671522565064,1.40121323086531
1.43608254450612,1.40540616267896,1.41766790870948
1.06926651944608,1.077670514126,1.0589568906442
1.49445495946944,1.53004135005376,1.52764307896543
1.50325245863801,1.51758757238506,1.51681026236741
1.56120301137795,1.54347878927187,1.5138917340548
0.845778992753617,0.839101679301321,0.798425782536934
0.933709465986378,0.933338040548045,0.895678386167477
0.77224437212863,0.761834214117561,0.729997478116639
0.786404485632618,0.77772789172963,0.761264585448988
0.737361280705593,0.730594450352512,0.70145821980813
0.781536102687667,0.778108624528844,0.744808908368405
0.722330843948905,0.727845945107523,0.719819603269396
0.761943997127043,0.762986296597331,0.784284848897508
0.759825903188874,0.756169449178739,0.761912851627971
0.761766823118019,0.783702684819878,0.774099678306557
0.877790477012853,0.899563177269571,0.904793554462938
0.963791294506598,0.976248580267113,0.99419244611134
0.97062658255014,1.00132329991433,1.0003902187868
1.10553119507289,1.15089617476181,1.14985033019356
0.924639072068948,0.962440521554413,0.948066301988704
0.801790568924818,0.838098137188441,0.814704577044734
0.850460625691236,0.893500491756346,0.861664377128649
0.860100349477695,0.899231509297833,0.866393503569043
0.993513892223519,1.04861789233737,1.01484253521731
1.10458831202247,1.16489624291222,1.13065989321104
1.05929431355916,1.10022135620914,1.09055925842658
1.2105263853012,1.23994381700797,1.24701075796844
1.08381510663886,1.13162588584845,1.11411028514467
1.24209225837088,1.29365630084236,1.27520117243982
0.726330468966244,0.715610534540289,0.688179451591757
0.774922296852838,0.759999575998152,0.740116725174379
0.736179079118333,0.727507897236033,0.70113722319505
0.783791878957103,0.775382064666317,0.749192221042514
0.729684757046957,0.732960543633195,0.697346525865006
0.730378428470449,0.741369127479254,0.697627498109088
0.85125256226548,0.8594268228216,0.792330106372094
0.903578395095284,0.910949725854414,0.847318498875599
0.920264864768462,0.952083617055998,0.865393907056074
1.42622426551582,1.44964342707043,1.38529588000753
1.4120344950045,1.42553000137641,1.35460745455675
1.38611694274322,1.42167657004754,1.37304132806731
0.989790781900604,1.00077279714445,0.894902558653134
1.54817155580101,1.57068799325524,1.27459775966327
1.5029197978056,1.58517700673825,1.29214845796281
1.32800819049272,1.31693829154666,1.24409809385769
1.8499879453727,1.8604333557389,1.7846935429773
1.8640553999999,1.86005406032572,1.74498816765968
1.88460701769077,1.87414471327823,1.76842035433031
0.672994001715705,0.69334735130571,0.664343970642025
0.731515545971548,0.750937604710024,0.722256759663512
0.623469767486157,0.656405721540995,0.634525945288643
0.649481506522095,0.684447724652599,0.661913438024159
0.581595132405389,0.626526712143743,0.611335758407537
0.608188372302201,0.660621347885271,0.639846701329625
0.551948792790206,0.595636247991286,0.597647114390558
0.583781207972967,0.620777361557074,0.635568152958802
0.579943466906724,0.629519319513871,0.634186385859754
0.567160929182677,0.605563480341091,0.60332316053325
0.629049251069251,0.64880784346909,0.656044136888407
0.592225593356178,0.62939830278997,0.631963398777369
1.2245783013002,1.1844494399624,1.23008105915308
1.19992387779223,1.24190242981421,1.18089012455313
1.18897385025613,1.24304657671912,1.24733425770153
0.612024885524623,0.664229847838803,0.656142878399272
1.19691207423968,1.21644272664658,1.21803650794367
1.2468788364316,1.27216051976695,1.26014203609071
1.2012461259105,1.24695570345168,1.24468911294148
0.595684374351496,0.644422098810164,0.622689817920434
0.739264110339167,0.779088687088416,0.786586569330138
0.60294068523781,0.651990692466576,0.634017269345603
0.722398655634876,0.755129744549339,0.774402782583684
0.605737866654237,0.652999393653183,0.619813501967462
0.656255028398503,0.691413958911411,0.66371590435301
0.754442018780131,0.7494579400333,0.752897499936087
1.28032339157213,1.1160615980428,1.32543446081995
1.38557867516573,1.27506717290592,1.28407237067298
1.06811050837472,1.10766543969153,1.20171067941782
1.74758416769455,1.71197827207579,1.83575407691582
1.61317788949822,1.57127742104251,1.8698519385803
1.21217754250107,1.15414231818199,1.36658912006607
1.58078226871173,1.5312718153719,1.8105914961275
1.57099018568488,1.50013063521705,1.72653347624247
1.37296256067453,1.24479412532884,1.5166747499972
1.99454609007716,1.77222220015331,2.16229589501168
1.84555763976084,1.66124498730993,1.88937504652587
1.5909604473742,1.53522115124171,1.68433777806344
2.01994631223932,1.95560415718146,2.07283914368948
1.97864731550022,1.93428169780384,2.08293435393134
2.02922750466107,1.95403271863516,2.08001326620829
0.538204073227694,0.59855609080569,0.543710958847662
0.558847585818628,0.61123234163949,0.559105860793349
0.543021094879182,0.598545392167829,0.541356777412237
0.600477263305444,0.656076979401367,0.596999418602054
0.523475609864919,0.56310931016952,0.512937747356734
0.515636227177122,0.545496764027682,0.502737729178176
0.561000950637653,0.599376929421748,0.551052565204511
0.630156085579714,0.675752690973602,0.625321887658643
0.604276490026579,0.624194916211633,0.591086543542431
1.2016618682072,1.20167248986091,1.18909272885128
1.20197498489584,1.23025810811232,1.22240603770839
1.23582943835866,1.23469690759379,1.19740355656344
0.581394116632308,0.63065813661271,0.581960058489394
1.20682563881637,1.23565354681214,1.18847441889834
1.19540312742871,1.21667569158941,1.20033003068526
1.1901087733497,1.2229587388236,1.21684301695157
0.555521192113129,0.590128063884473,0.538435221173254
0.640126262135019,0.671457078284643,0.62865298316214
0.55639020576445,0.582921143490516,0.53116137587883
0.575701993782043,0.593836076690069,0.546932918004229
0.605621220348418,0.625481899729209,0.569262478622044
0.662403561244227,0.678895216067772,0.630190172577865
0.688555263449935,0.670056062869646,0.623374311820168
1.42169730156189,0.733620487573901,0.914368284537291
1.70077176550469,0.760911535702835,0.992487824458184
2.27291733963163,1.31316501159884,1.52849840603311
2.29788167513552,1.27431248494282,1.5411217641077
2.29099246136674,1.33726121651183,1.55274308270539
1.23904992140661,0.706516614911152,0.774300520907013
1.83181851867528,0.829674262060635,0.950907876905685
1.8975480787212,0.845266801145558,1.07543163185937
1.69584810399515,0.792243251003729,1.0118954931584
2.15008500571841,1.34110835790579,1.51543819691026
2.13018783434038,1.32741437641449,1.52041407250057
2.16451813541719,1.34457913105118,1.52122471182056
0.617023383288327,0.627029498299724,0.569653259170966
0.710441258547769,0.709795570967191,0.656975714579815
0.582633124406812,0.587498097136618,0.537245328537521
0.587316019595608,0.595762622799646,0.552411368193132
0.595445294630381,0.593464068363766,0.538601125613271
0.638229802575103,0.637700025519533,0.577201916144927
0.636216542055617,0.635243184122724,0.568295838226476
0.70666737604234,0.710731255136768,0.643658328108872
0.665957883483161,0.667452738364456,0.606470821559183
0.674118102529005,0.68079164699806,0.587411252043991
0.752661542748085,0.77991767823373,0.673036852047373
0.81714474074645,0.854949834839721,0.753572206338473
0.855370361498857,0.903774067503157,0.774616101664599
0.983657657650283,1.05844227113058,0.911127493944223
0.881901549344124,0.92698777960931,0.791285327588675
1.05278802790534,1.11011451309799,0.962497733234849
1.30237094818413,1.2858846607498,1.23392617479204
0.747324432655674,0.757278173389322,0.660229775613236
0.815028053985335,0.822101257405063,0.741564704144143
0.843790149073933,0.871671172354223,0.752326737584256
0.965044002525018,0.996378372496883,0.880425665314291
0.57058920622985,0.568419907649827,0.515869095480232
0.559781757043476,0.561651204375912,0.520562939655504
0.620741774421744,0.606736063162977,0.557056824377967
0.688269739125484,0.672645819477247,0.629872091739831
0.630578785591615,0.611782442969951,0.567228783425059
0.609894737020645,0.59717869107038,0.55770065664516
0.710631773291141,0.672550167264943,0.624548593371285
0.816559711571535,0.765922833963429,0.710480298910704
0.785908039833789,0.749778860948882,0.700003040044773
1.35054430655248,1.31315916741055,1.27843833052601
1.3085458331052,1.27380193559742,1.22388374410378
1.2997533896066,1.29096994891045,1.29349556819329
0.757186187793743,0.722995874566093,0.679812220256852
1.15634776319261,1.11144103105947,1.04541492311767
1.18225014212667,1.13543801139553,1.06674052391309
0.960907053668965,0.928374927583784,0.90810486139155
1.51337957493837,1.48265598313579,1.47136958724436
1.53154635671057,1.52898356220791,1.49604422004401
1.53846316814043,1.49075404280714,1.48951616638933
0.685107075371442,0.657622623390397,0.607149277326712
0.772141461771314,0.740904756322748,0.679255944744003
0.690567360588063,0.661860691665065,0.624561767672838
0.68165469708339,0.654835971055644,0.642748707085056
0.759115561428738,0.722106082966808,0.677280453351261
0.800392457612847,0.762714831852111,0.775013856398437
0.799262713898067,0.764651034566699,0.772281590437768
0.842325560462092,0.82487500961673,0.875566584731759
0.867225070824165,0.834330335128822,0.918675413600074
0.922640304123375,0.861883659914407,0.912890393975526
1.3536079382971,1.43593025737534,1.44766891982512
1.59464158597797,1.35862415568629,1.50078292996372
0.841570911962674,0.787062391565131,0.852452974747371
0.884068152914061,0.823305054384594,1.01848546956055
0.929448117862997,0.871314480020915,0.947547816148198
0.954119513817497,0.90553386378991,0.900849217383941
1.04939712396554,0.9778216498707,1.23299353670915
1.11729194662349,1.04513331823931,1.45031052678057
1.19723787132323,1.1148651787176,1.63164865232055
1.22283734157446,1.15176038154151,1.69881587359031
1.31634674252877,1.24560915326875,1.89326524521207
1.31734564400944,1.22455261268175,1.94551367660474
1.90300413064463,1.73582398802325,2.19186133700352
1.61788345214869,1.6562100248863,2.53590624806001
1.05492117179296,0.987125381396807,1.0892243114582
1.16672649305346,1.09214364087497,1.13317189874449
1.00911902464618,0.954800023190496,1.04474283550337
0.994578746112862,0.9480751223551,1.12462871897108
1.07446638518574,1.02053560047137,1.03443283523966
1.20567794214995,1.13576180420891,1.10431366362648
1.23162977338203,1.17684133367775,1.28270107584515
1.23708687005948,1.24259928966962,1.38031146724187
1.3676810581575,1.35448401337027,1.40816457197435
1.46806907155729,1.44495505272439,1.53678613887272
1.97072948032476,2.08309506453619,2.1038990557086
2.55635436897085,2.66876662179199,2.68747700843893
2.2569012150611,2.47401313526573,2.41933716170858
2.93453057610972,3.20882037670464,3.11291196851251
2.15824142090342,2.35545315577007,2.29460436044997
2.46677619431825,2.75845298948035,2.63490509886338
2.07242728576092,1.99392493223155,2.07625978430605
2.68492147333606,2.55677301695976,2.64463455078641
2.36279642866843,2.3759655200027,2.40712584881517
3.08335616849387,3.06651318864078,3.09964035939427
0.957560747786882,0.920200638531062,0.897485086746828
1.07809888020501,1.05167373818152,1.03995931393105
0.832804199839922,0.800932891750878,0.767145445795093
0.857863568562938,0.824840482549939,0.818262529413597
0.800618873851141,0.768095044093017,0.716297506886087
0.851106859901131,0.818742916457367,0.757654096979535
0.892952392378217,0.859842647696214,0.81308206456841
0.688877942291964,0.665348907971991,0.627227722534542
0.705444284831049,0.680299346974429,0.656746787609205
0.649154537756458,0.629373559966214,0.599589083394677
0.719590591364158,0.703460283745967,0.669082297591404
0.573776418631439,0.561986145158459,0.537536261539749
0.574635693374995,0.565806381761326,0.541501297496273
0.59058776283493,0.589196711038159,0.569136829956851
0.660038873917871,0.66350612618272,0.640277614772492
0.606646655519958,0.606579335503644,0.591041525061522
0.655910811629571,0.660366445564993,0.641244021110672
0.738837840955813,0.744874720018372,0.727853560380524
0.753051011300089,0.759314467504096,0.730035326639812
0.776425169326138,0.783230695213148,0.736979456252766
0.870598088393063,0.880080527150524,0.852190679891865
0.542802886175372,0.532566578809504,0.509338220844757
0.625061542093047,0.611750614827622,0.588847085842401
0.497263690930545,0.490014026362543,0.472215345321498
0.525690794442879,0.520816929053058,0.504529155115089
0.480466741573967,0.471096409090457,0.457902634009858
0.531769736239667,0.516384741459381,0.504656537325517
0.508443951557404,0.510801180170484,0.502302672164372
0.554520088639509,0.569202585011529,0.651542642999513
0.627506721799208,0.610028136402794,0.704797603193443
1.23912512962401,1.23538403464055,1.29972481827893
1.24822571566552,1.23432485695675,1.30502315914122
1.23699172780294,1.20975971124033,1.31624223968829
0.624400440826586,0.636381012571778,0.678773293350362
1.24710604142274,1.26159404500372,1.26195076117344
1.22383328934772,1.23242090450329,1.30629006404192
1.24231872881193,1.23988800792762,1.29034041052597
0.447138264320405,0.439344185107418,0.423042150846437
0.485474592043491,0.477483711853359,0.468310154249565
0.459764215045685,0.446810686113725,0.42956206649426
0.522650585557123,0.501058299001352,0.492450121226114
0.444461468119013,0.440751707196744,0.415505971400125
0.45226172225776,0.452078809453402,0.430024959984053
0.496772718655548,0.49341543651695,0.482033384429493
0.54274691074881,0.548255484119702,0.55219435309992
0.591814595420731,0.594726739902393,0.550016240220453
1.22230565745202,1.20992903276661,1.18826280270497
1.21643868216345,1.20633680603373,1.19361986371191
1.18988932257216,1.23851134501674,1.18362848581275
0.603315210347183,0.613560871005339,0.629902543358823
1.3162128385664,1.29112331389234,1.3686534037734
1.29695704881257,1.22685760514219,1.36012574748366
1.20009939994235,1.11550009434308,1.09125314099622
1.82634774318819,1.71342864994127,1.71467844536123
1.82145651955107,1.72296103293092,1.68672359991907
1.78804766502946,1.72482504525817,1.74669282824047
0.446139208737245,0.456617773907104,0.422223725210587
0.511689380709237,0.52144766715738,0.488987193035546
0.450728234213684,0.474944641015847,0.436891015056714
0.486321242717014,0.515260781664987,0.478072285309214
0.46371024363114,0.501276385390977,0.458757616459486
0.495845504880675,0.536218985375224,0.496339624953526
0.487164431337507,0.517521549754724,0.490237284224131
0.558174086574577,0.58091677319055,0.563347881506594
0.567716112069832,0.604114122312264,0.587609383684847
0.524408602410577,0.53638941486303,0.53221574382638
0.663928151934692,0.744436364198439,0.877884050454694
0.672972678698838,0.774566709858463,0.918663269871509
1.26831340117609,1.35094116441557,1.48691522090575
1.28118454348669,1.36484798502975,1.49575323261188
1.27884259854263,1.35565835270238,1.51335557258643
0.669810193039689,0.745319039048888,0.897457587361502
1.26378982353824,1.34657093466219,1.47813802096834
1.27861994496288,1.33279492487038,1.4806278023432
1.29043456542075,1.3480305615528,1.49549781412573
0.515744758705745,0.562306895399445,0.521946720716555
0.679033560200033,0.700734992618602,0.694998804982517
0.518539571725109,0.574936121648329,0.531988851899892
0.58550502171572,0.629312595371684,0.598547033121672
0.56213406056576,0.611990901019855,0.590097044462424
0.631284651571305,0.663465126517168,0.681395770069851
0.630059092631996,0.658197677936631,0.703979544149931
0.727585429012122,0.726854791747253,0.818059919897609
0.704595040470133,0.720161045688308,0.802554438196597
0.628944146191217,0.663351229790053,0.731696233062988
0.629215848666728,0.686296129876268,0.718483247070442
0.765889429540444,0.754836498741999,0.937154053279889
0.857786713337307,0.811600657966878,1.03501787959635
0.840596551966163,0.823128035515666,1.0518619408691
0.571696582380208,0.627979197236011,0.586452377509971
0.700273643683264,0.772140615821294,0.724346782066882
0.57200563446859,0.616155573582452,0.5819140796163
0.662691294270119,0.713542222546087,0.678957932535934
0.585263324456144,0.639733117022252,0.596725945643309
0.696572474611612,0.697510108932303,0.677223320438842
0.628520923450192,0.684881645609624,0.638960798367054
0.7555979356908,0.79865257198579,0.72751334436007
0.684878399092023,0.766170261403931,0.694964462329589
0.70004895409801,0.733292611626296,0.706721012854108
0.701229530243477,0.818584650624935,0.730625577215336
0.899517970368995,0.922079631448455,0.873595268769033
1.41445097345353,1.46554537877824,1.40369066794418
1.4351809340388,1.45359090895573,1.38470461879998
1.42754150848121,1.41211868836271,1.41372655125435
0.890160815303562,0.91027836137103,0.864837760836164
1.44746687432055,1.43849326340575,1.38263819424542
1.41220496360426,1.42887026975564,1.3515041783075
1.38286559966577,1.42843871415566,1.43857613009387
0.631154086511819,0.66043201528322,0.632518967595184
0.709977779797769,0.696099649433415,0.692217765180104
0.777878296343146,0.750800699925734,0.75208787032808
0.893656948788947,0.845816855892429,0.858947814125281
0.916699212358646,0.818174500022532,0.85290514231761
0.938784979911522,0.835972847766657,0.874032963021453
1.09039669193566,0.946413456497765,1.06581347106891
1.49696014786685,1.54259980145631,1.75281451947178
1.6636677383318,1.58915059658525,1.68279330044089
1.21885872235557,1.16942877455452,1.21511859138893
1.76468109371538,1.85466050037427,1.82580744310057
1.69012440040908,1.80997839174266,1.90078652560923
1.18182078234324,1.08776512436314,1.19130574062592
1.66854478583841,1.57765316220143,1.66280652066462
1.60479530350323,1.52066040373831,1.63220667403528
1.01192573498995,0.889403217285978,0.894668689527093
1.08107507047966,0.972083080247765,0.985825925310404
1.13202055261113,0.962909715778773,0.953338722552873
1.19749630120722,0.999607569214354,1.00435502741602
1.27219035817645,1.0838811145546,1.06028972144942
1.38239271771849,1.15991365949888,1.13527988505811
1.50711176350315,1.26353922348272,1.25258961536988
1.63840568125484,1.35802445859056,1.44497474780047
1.70222143509044,1.47275181954654,1.53074325020942
1.79893262539301,1.44876232387238,1.6443675903325
2.23740361315134,1.86667627622976,2.13997800304687
2.31724802309511,1.93610213870986,2.20695458250374
2.71237160928226,2.38525746124873,2.51164997727326
2.63483794432746,2.17492101295651,2.64813468505075
1.17558793872307,1.05793384387718,1.02617967937918
1.43612751391171,1.32128161142369,1.29176465294944
1.02663188990583,0.968286078206432,0.931696603886528
1.15903579409593,1.09845348136521,1.06158910495212
0.943574932593066,0.946236350510399,0.900666217317293
1.02192616010671,1.03152485591675,0.984943613352388
0.846539120835233,0.887068805247687,0.845032947638484
0.880817869077021,0.93046236303975,0.893481730931838
0.88420556376446,0.934175056687944,0.895107659092666
0.797733927359464,0.815564175488766,0.769653707018346
0.823700676726662,0.815979270273981,0.756666797314882
0.895446768708712,0.887370042320731,0.828816254272283
0.850520361469531,0.801705826640543,0.738503497976745
0.930824679581071,0.858197293134782,0.797589925232292
0.880546518183252,0.802629832849251,0.744166680202454
0.996294266189988,0.859187726359061,0.799735869231258
1.29114417720306,1.22403764565295,0.829724370438892
0.837114209902269,0.833239350793097,0.803035608566765
0.914100810470607,0.918594611591637,0.892967900269203
0.891084670265398,0.840179200397018,0.798106857211799
1.01349889683593,0.93434043120152,0.898248448666457
0.980456113233355,0.977705679519794,0.917134871911954
1.07841897710683,1.02167919926908,0.955909478115468
1.02092930534266,1.05046582542411,0.982335901579509
1.07805149853981,1.1180354181833,1.04974628787897
1.0902146619236,1.11374758262959,1.03458870183749
1.15930650078128,1.19221050108299,1.0944492582378
1.28163336086016,1.3121929954645,1.19872211101057
1.41248484055128,1.6068103049802,1.33331346250457
1.48984244490817,1.60352626769886,1.37100756645885
1.62554080188122,1.80562236860847,1.53035163864984
2.00105777171459,2.27491850300754,1.8683606725162
1.93227190570851,2.27643504221426,1.90772869541057
2.09755947142308,2.19936312288034,1.99313431803011
2.64915883959327,2.68708409787591,2.55306170506431
2.61503845743508,2.70317543877471,2.5422302998981
1.01288381656785,1.00613692416027,0.953443682455625
1.02635833640889,0.993842030759709,0.936007926053969
1.05588058267159,1.04335455563637,0.992890528069879
1.18241216126301,1.18491136201507,1.11410165947416
1.04296500842177,0.995530281118067,0.953365438241724
1.04981072028866,1.01720303511947,0.936604736631148
1.28339791556571,1.18445150561633,1.11909671107768
1.52995012259739,1.39451427977496,1.24175674191965
1.51654559097537,1.39820425194997,1.20958064559294
1.78795443555673,1.50605926574885,1.28069058720803
2.30567021956005,1.99176659587054,1.78842036582675
2.19706308323485,1.77565437798719,1.64860345528281
2.32204852853412,2.14441240077207,1.72502876673524
2.62235004786037,2.46383666958187,2.15101771043189
2.71784192872448,2.69811191963492,2.29349565541833
3.01108521271726,2.73004389892807,2.08259156482459
3.36133118165978,2.92234584530754,2.39163165209869
3.43114939814771,3.18568025493203,2.54641991607127
3.54968815139118,3.39471398027594,2.52862070922085
3.86246195832127,3.73277985577411,2.87708901821046
3.88481641990041,3.73378006495722,2.91114988646045
3.84948180571167,3.74654261240219,2.88576869364839
0.97038282860799,0.923546009054073,0.907487083228296
1.10366384691888,1.03699263812018,1.02342774805441
0.868664135858369,0.848438570549569,0.833307525503197
0.844999493369401,0.831831731749203,0.804396839223805
0.927661426806448,0.898295591485762,0.877864073161374
0.911983986311599,0.930777768341714,0.870947095521495
0.86554853675929,0.863471911148229,0.832897650009853
0.963980109007288,0.976348241526162,0.927704565771696
0.86815390041202,0.874547235006761,0.829761959011075
1.00839879736798,1.06176327168423,0.924829079443872
0.96439430003978,1.00750116546296,0.921731969366127
0.857113259931929,0.867074719789557,0.793800402743913
1.00416875029147,1.08670901873498,0.875418369209846
0.964116531246667,1.0175100881598,0.87600820486778
0.855563269764022,0.868642136078273,0.82734792394086
0.895711328210973,0.927373237937012,0.875662705687206
0.874669585278955,0.938193483033328,0.852629240384742
0.913661864976406,0.987309490749982,0.896743876524226
0.894370484048932,1.05077196522398,0.883276027925215
0.942534443155323,1.13781412747005,0.941306539490169
1.02481517400151,1.30486984574948,1.04402758590813
1.10231975566187,1.35738511185748,1.20215343728085
1.2888955647362,1.47437001238278,1.24394371244644
1.27859291253737,1.51608642023599,1.33581532370542
1.67163009611918,1.76332421989227,1.78322692784301
1.68973033913426,1.79710213681478,1.71916320366882
1.81296166288237,2.33342844566467,1.94618387453553
2.28887652304208,2.72642010203096,2.35779734734772
2.25976613726631,2.78738381719475,2.46200660671083
2.41765542705651,2.97253371355176,2.52332419827873
2.70668695441155,3.07187497212541,2.74647707639534
3.19646075690619,3.89344988638609,3.32571581395132
3.60822882965446,4.42438177265082,3.81065425674191
3.46596192328274,4.24340507145725,3.67774332822992
4.32198806206664,5.21362206635552,4.54380398482648
4.01887944102522,4.64397935879962,4.07422341272592
4.19452280310715,4.63932111057916,4.16914409293806
4.65172962740569,5.36501007984876,4.72407332647593
0.824641271215361,0.954420395600786,0.807057177245801
0.865803154024077,1.10056840775992,0.85698033371128
0.791167721771288,0.836330336491536,0.769547082524355
0.834633653145169,0.887154743232876,0.816383914250515
0.757145787810486,0.772610582046351,0.736508522085514
0.779098330702265,0.803821968233838,0.762719064268734
0.857187961574137,0.854115018397631,0.857645304771476
1.18539349756371,1.16771094981953,1.43308614765329
1.26063291099617,1.22933370769434,1.33162555144452
1.61101404824567,1.59948471619112,1.71908808162519
1.17462995941084,1.1933403105766,1.32497324044345
1.66333053114432,1.70234502453273,1.90514197393218
1.67838950632368,1.69414978075621,1.87553997852992
1.73773298222956,1.7127984018242,1.8319758061895
0.692498691585501,0.706587297769795,0.679171649992967
0.74806118039736,0.753676381789328,0.74619000489172
0.642124805943499,0.656999660756817,0.634524590133654
0.670652240211642,0.691165243081372,0.665130547096787
0.607849205686282,0.614277793575352,0.61810812210091
0.636829432612873,0.639911147406372,0.668296598703176
0.605800647565264,0.612837512399832,0.658036568069224
0.667269500798529,0.702184650806975,0.968124861614249
0.677206793163319,0.699150038476554,0.991275629268707
1.25495397511167,1.27825941681133,1.53911813717558
1.26109365937736,1.27966479557612,1.54451023477871
1.2661641549195,1.27132262646087,1.52193024609825
0.674900160920791,0.689633680650022,0.829874231598714
1.25426681290538,1.26840804918225,1.42013943373968
1.25060708890421,1.29576224386269,1.40051176100188
1.27309267366079,1.25033297108769,1.39846984208275
0.618254089880881,0.612355920196514,0.608140576674291
0.692204560960236,0.689949200526482,0.701248645106921
0.631078236297027,0.616693601414928,0.594787046048163
0.670508721749628,0.662236706323581,0.62993372743968
0.656794671711344,0.640342392520533,0.607207296387982
0.687137586896829,0.669296143807525,0.631195000170062
0.745026989991955,0.725249352012572,0.704159894751585
0.830873096585683,0.838983820057706,0.916374507420763
0.814121642962648,0.824207144750488,0.957728144768674
0.848886857187069,0.860567893593438,0.963834663413898
0.945461766249257,1.01172924117376,1.30525600872647
0.947220882191083,1.00502594897384,1.24821512227028
0.955692292777035,0.949028165680501,1.02475836572642
1.47549811772675,1.46385703511698,1.5441893701561
1.50979804942599,1.50797701042869,1.52294252769188
0.646727687213706,0.629351976463627,0.592631987617034
0.681327348792016,0.670426068112277,0.639994153488799
0.67813304797381,0.657433518380625,0.621361346090673
0.730090981779868,0.71107474731257,0.67639697921009
0.707106965436326,0.677669613510514,0.637220115336405
0.713539103313064,0.683193157839948,0.647422651253756
0.738431797708964,0.704842817838982,0.675775593046461
0.814172257057616,0.791626192343551,0.766342224962857
0.847444125064701,0.817543511545764,0.780353260344343
0.75060339234884,0.729761197871791,0.724383496468579
0.996751284084455,1.03465454748199,1.02264974038609
0.951621526384339,0.965800347493879,0.971957459630389
1.46472569510781,1.51757488179761,1.51240942760391
1.48784569232457,1.48958648762048,1.47768567505264
1.48971734235023,1.50496071640836,1.53575772396045
1.01695911680102,1.00253029765931,1.01376453528235
1.55098638078131,1.55016867777896,1.55622104044312
1.5493133005379,1.51930100479498,1.55583775213782
1.53386407463579,1.55250710961807,1.53026376050084
0.786771608321057,0.749068768906976,0.703206564859477
0.857060922230038,0.825073204241962,0.788956554425959
0.844235422543049,0.78486425958205,0.740372592721842
0.866726195058844,0.794998556295703,0.766540294499758
0.943974718027548,0.866902298968969,0.824350456902265
0.982821542513683,0.913824567529806,0.88553531596234
1.02884425972512,0.912200037448924,0.911760419575115
1.26059826176839,1.12668934314716,1.23151203921859
1.35293571263134,1.21344334670822,1.40212460210235
1.05165007274929,0.977207719138302,1.09300508696004
1.65414006822358,1.54330885933097,1.84479667253977
1.48098289572092,1.5340390540001,1.65894221345794
1.96233581240022,2.06403805996172,2.16795588734961
2.04367248531353,2.05530240626045,2.20411312604932
1.99671909973161,2.07985751880745,2.19874387844013
1.5306250601662,1.46990801644608,1.6645932442713
2.01732675641401,1.9821143463067,2.21564241968423
1.99760915686792,1.98115201623906,2.16390150896636
2.08868995374627,1.97246128915487,2.1541703737256
1.00644322564993,0.944030153995337,0.85951519946567
1.11734597160279,1.06862934389194,0.961752788938165
0.996214417443613,0.942264462180061,0.846626972447606
0.966720497785233,0.918307468449309,0.831016748102877
1.08273416327754,1.05251666171953,0.931483437642652
1.19438149480578,1.19132550516169,1.0158920789012
1.17164979973825,1.17591615691359,1.02463060263391
1.13254196078779,1.14751679391519,1.01409493522208
1.26635972364107,1.30133582227909,1.12576077250615
1.32495281301945,1.35634406423238,1.13528080382337
1.70992958166508,1.88082558506362,1.49305195249744
1.84269587987548,1.75889323258001,1.69258693922024
1.04010145537433,1.00432289064993,0.925670126618067
1.16905948589774,1.1284487839065,1.05592404706143
0.958116080038723,0.927820301021182,0.865871272562047
0.965383871315143,0.933829800752676,0.869318373476288
0.961438712413031,0.952898985417951,0.893331131549193
1.02816325939984,1.02297631760468,0.955561321946371
0.934108688846659,0.951157658435675,0.889159442181309
0.929997529284232,0.951015095227083,0.908633243198721
1.00839706443473,1.04839416128621,1.00509127186278
0.948228908429222,0.967325789820581,0.902025240519124
1.50804326024152,1.54531465806468,1.52573877832015
2.20535069944535,2.31161602325468,2.30730162843027
1.58916973261817,1.61540226148158,1.64734570389981
2.30994342957231,2.39194971843811,2.4627434152815
1.1533725008598,1.17311620396749,1.21042399639653
1.29621292944524,1.30852217198117,1.39954662280474
1.4094445766664,1.54971949949404,1.53834617215625
2.09466842372081,2.3159881085949,2.33827561705631
1.47686947129722,1.61960484547428,1.62429488125979
2.16791969569451,2.39695120752071,2.41992400018058
0.98755225871235,0.976858162494582,0.920740236708621
1.07951412612656,1.07345921908364,1.02400981425425
0.993759858146786,0.972123333362489,0.908428637339066
1.03259399960218,1.00757496640288,0.938368097829917
1.0456977668794,1.02300689702392,0.960396355279638
1.07596773879034,1.04483797500184,0.981924059657853
1.22545710685371,1.21059753527728,1.13399904362695
1.64358270213521,1.54378227710234,1.37860917872649
1.52115834620866,1.40146725073558,1.31205169489366
1.64734837717262,1.62628809480049,1.4308558196278
2.32741047152181,2.26988925105852,2.00541226587279
2.22563308739268,2.15412228630872,1.98232216402727
2.53261383959292,2.48792901916057,2.44058313760779
2.75962222776936,2.61712970260276,2.32906213413214
1.00544604519019,0.9773370617173,0.92669901485523
1.15123704508319,1.09214907720027,1.05816439833999
0.90231422715098,0.89617985746577,0.849881744533806
0.905993121102372,0.920829957893515,0.871377547557222
0.878848774333717,0.870598553317589,0.837675677450316
0.962539382765509,0.947681780682846,0.927275705839032
0.970631865963701,0.958805046291028,0.952528878840818
1.48020169557253,1.45869963359148,1.51108279818628
1.48736036378174,1.42030674122881,1.46437789761404
1.13359458633691,1.157248780281,1.19717195920632
1.81160470138137,1.84229098969321,1.92548070170783
1.74199016809612,1.77753214153483,1.88058999160986
2.24920265469176,2.28933414766393,2.36136693817128
2.21824245951568,2.25309351299248,2.38897577764038
2.26447425915834,2.27681615834856,2.3889275952246
1.57076357057304,1.55320395327204,1.5658787367867
2.0703567479194,2.07638205719868,2.07945165260755
2.0458581506389,2.03702495863916,2.01552450893748
2.09404390213974,2.03732098249352,2.09341488802965
0.794475217099958,0.785599885115104,0.748699862512016
0.827998402031957,0.80723064044166,0.788977779318712
0.800116939231547,0.790537978867259,0.75655263450379
0.900029098997506,0.889279048677396,0.863111921014302
0.764449861956639,0.749473792913368,0.722448454767342
0.745891203332614,0.730819384052304,0.706291582807023
0.876773147324191,0.839057853006124,0.826808196395316
1.10101198144132,0.928067510999674,1.20950765746931
1.03672974858742,0.910076297055071,1.22963055614274
1.0778902744576,0.936400555393831,1.28920781245041
1.44881220599749,1.37711235671969,1.77249104375339
1.42187694688321,1.40091776598044,1.75034046901704
1.35733489468344,1.49332206436326,1.65968332539161
1.65549830818215,1.76915957514622,1.91217363938321
1.84958947017122,2.28496535432423,2.0121913006839
1.56122154899652,2.00580559076071,2.25313943346405
1.78685374617922,2.26051008975959,2.5658152185619
2.00460323627009,2.86526134497009,2.80130650110103
2.3997444197378,3.3618552119401,2.99843982909006
2.44508714934139,3.2530802247512,2.83821191060161
2.85553264371591,4.08330658268307,3.52844219466055
2.48073585102699,3.69569273945941,3.50890857837365
2.63386422213055,3.85803548104349,3.72240282731768
2.8878368275807,4.37180767291398,3.95584209269854
0.752053414376901,0.738311640171739,0.722980563447269
0.898350508398499,0.880720973558409,0.899157087334023
0.668957964283002,0.665834813899512,0.654934946395639
0.671856766263251,0.677381224772446,0.66770945510968
0.670846524711802,0.663580793688326,0.681423431296716
0.750033035226411,0.723318398610372,0.776037370491278
0.748352536202559,0.715857827904513,0.817478527874175
1.12561559014168,0.992868155584269,1.29818217959011
1.12684227439695,0.974446531000629,1.26566683473176
0.704102590153908,0.679404623156331,0.701455314373966
1.24580076642666,1.00679859669337,1.24546315974805
1.13249597910755,0.962522347106905,1.12618508476693
1.70981919087151,1.55202775653947,1.66176606350464
1.64708625174804,1.4705879691752,1.70156504364031
1.71802448742102,1.51525656535122,1.67880566853418
1.33114520830484,1.10491282178686,1.29104380136715
1.89866078018105,1.64657988277436,1.87380321998996
1.84886769177037,1.64913421726119,1.81464168839356
1.90669410528335,1.65749325332561,1.86348100592981
0.657000011807939,0.658711277415358,0.648851884919586
0.715816779706787,0.723066199467473,0.709346755477951
0.675732784374393,0.679316353422918,0.665913937890063
0.780451093770732,0.783082165783905,0.768534580748142
0.805741317993393,0.822746642734667,0.809838213987474
0.906642291169906,0.896436249237582,0.889215980541288
0.702751879884135,0.706189885037848,0.690746749293066
0.759782817720322,0.765006307257439,0.752628678858261
0.812195998413574,0.803748991738455,0.802416528913227
1.11029206386027,1.08820012184966,1.11491510787286
1.05102414344786,1.03819549148334,1.05885596189672
1.01885531318387,1.01671164448227,0.986047322645448
1.44888169682323,1.44511472985911,1.41970339961742
1.44010144944248,1.43435110099144,1.38593907987003
0.660086273811387,0.666699574191716,0.646148887217759
0.670940313242012,0.689836011885831,0.66273064416773
0.702947879064818,0.704249781330643,0.677126474257154
0.795568249384755,0.791972590363561,0.763513948099186
0.6803002534005,0.686634147430421,0.656984421764455
0.650722501952402,0.664800416695578,0.633222132788692
0.718081124174966,0.724340035176341,0.697892615137856
0.759404109578145,0.758845162401868,0.74107700809903
0.800372503632555,0.802325387931719,0.784194780521709
0.709815596817683,0.716855507984007,0.686959288876221
0.700816767296219,0.721114422052639,0.67951432298326
0.76239399021526,0.769151531786417,0.74843373842669
0.740602632710422,0.761302848929218,0.714442349485525
0.820526649142602,0.838073946592185,0.801767947552713
0.80153091645624,0.798553741830318,0.761529238011338
0.913391115416836,0.902523455868453,0.858691441939759
1.23985871210275,1.25082431207172,0.899546921093602
0.817188492116554,0.794285910473427,0.793296873147275
0.934290032504633,0.891057242938748,0.915839652052486
0.864963453155205,0.83574258828529,0.829972634755414
1.01488649657113,0.954809920059711,0.979697604513468
0.752966606136727,0.742652900721526,0.717275681114348
0.870376760331918,0.854188407582044,0.820888412131649
0.751850300288667,0.729334460599175,0.717124762705712
0.732791781950213,0.712318263293525,0.70269249621547
0.842140518958899,0.804893518686265,0.793121777160862
0.93390788081187,0.880385593191837,0.856828161662199
0.893916455031945,0.859568172365088,0.834431092931584
1.03553013267289,0.898255637198407,0.863923825087064
1.05800022757316,0.968825512939793,0.951790161063342
0.957492319901856,0.919563906744084,0.878663208020141
1.10482002480218,0.975558182318707,0.911989648840046
1.09069049877229,1.04667287615291,1.0010591999039
1.55175387122808,1.51507918626586,1.49658557432621
1.5687223698416,1.49808751456711,1.46618049856344
1.53559568174349,1.525281446687,1.47544580987756
1.19495287830502,1.07099646952451,1.03943372544729
1.69296456086414,1.54261131253616,1.50931049023198
1.67384905156217,1.54176795343393,1.5162991990343
1.61526299531787,1.53233782602733,1.52084706345143
0.889928373904726,0.84888904214595,0.856744508876254
0.91524146670409,0.87659613921873,0.884342806234949
1.02236604573393,0.971905897115049,0.988898317461347
1.10427023199969,1.05322239169488,1.05942066551506
1.13757295077634,1.09180037672418,1.10540957804212
1.20271576344624,1.15890855290691,1.20485819179856
1.33380330908119,1.25890436671923,1.2425630389172
1.45712857052966,1.3519858346855,1.3130954528957
1.53503682814931,1.45333280785937,1.43813582907487
1.7246410490651,1.5021500237092,1.50089984808811
2.0281745130277,1.74482635140255,1.77751536173288
1.94104476430744,1.62738449321499,1.64842829897099
2.03340519381238,1.78554097785622,1.75226704979261
2.47855777325026,2.24847410379144,2.2085885067754
2.44240370118417,2.21490557406447,2.18861271136525
1.2154289396365,1.21277513091873,1.18730978502977
1.42813306711993,1.46620942011967,1.43890973559304
1.19638182329837,1.19562944234891,1.14610779806152
1.17968309181626,1.1656668564391,1.1261774786029
1.35526472722781,1.38358454297469,1.31260482262626
1.4615251618511,1.5280987885017,1.46008765008988
1.70087464490789,1.75547578270225,1.69579488222619
1.85058493758561,1.89217703049903,1.86549763456533
2.16708220169136,2.13987746431801,2.07842130797393
2.49643573417167,2.4563341513531,2.39346187910494
1.83056012779034,1.94231126237839,1.80626265878121
2.18407761433768,2.24245272920597,2.12646438954795
2.16761964789512,2.28227975942608,2.15635608861936
2.18935754110702,2.33264112810053,2.14982193238132
1.26713667257345,1.27391248380637,1.19667875886055
1.24420638570521,1.23838028774489,1.19024312264951
1.35239833963994,1.37272197856171,1.26754819077598
1.47655176648458,1.52941339931941,1.39912857111708
1.38336325608613,1.38009369679108,1.28874572281743
1.30679341285876,1.33434295413006,1.242784654501
1.49698945744899,1.51362388319302,1.35855126044274
1.65016196533866,1.67979378350191,1.4404969839209
1.74156109652978,1.67876627991516,1.53016875541451
1.36322413340798,1.4672538630115,1.2683492041713
1.82047755895562,1.78562973572824,1.71039456733069
2.55111253625015,2.40080479934162,2.43530718979289
1.87335755807452,1.89763456240453,1.75942421522099
2.57877031089061,2.53603436642537,2.49634617917716
1.59424265844091,1.7575059113118,1.39961134633237
1.89018533789069,2.02794274345251,1.58703184036676
1.98268204944554,2.16116050965201,1.76490560131635
1.81620886981809,2.01555162701836,1.77762362768019
2.50959951684466,2.6898091508169,2.51803206092702
1.94517339067773,2.14032752528826,1.82593940176883
2.70544113683619,2.86599900337435,2.57804397353942
1.5338417923639,1.49454163304032,1.44478231814164
1.76281456181019,1.7455130089022,1.66800384743759
1.59768068742197,1.55373561195883,1.47317916261896
1.63968040470427,1.63254577309672,1.46301497371885
1.83621850962437,1.75498807791049,1.69940487917219
2.29362605515959,2.19978043445735,2.1497266648456
2.17339660421389,1.97680139569966,2.00266919489125
1.62259463828415,1.66666513852005,1.5249344064171
1.80407751691112,2.05179263733691,1.79865800385022
1.81948670066086,1.77232107624324,1.65668786210069
2.07425826896397,2.01685296680696,1.87496314104737
2.17873434443007,2.10067165223593,2.02676637402806
2.34009211564882,2.30583817346618,2.24306687423227
2.91879379718948,2.72256675557209,2.71279157270762
3.081259422044,2.81899254692311,2.88081113331176
3.35138085170193,3.1512143224436,3.13242844314678
3.31347959424489,3.10193714488742,3.04138382928446
3.23078503247042,2.99209499053173,2.87376897011193
4.0856737762935,3.76485353387168,3.81410946483478
4.42902933101073,4.12281158826309,4.18641759020481
4.41149239653557,4.1025736774958,4.16500591428213
4.46731876568523,4.06168400023619,4.15057369003059
3.60983182978477,3.50093521601258,3.33184614905946
3.85910049032469,3.81646527984614,3.61004359603149
3.89100709654919,3.77618509654421,3.60798443913596
3.89414807605224,3.80556072121657,3.61276336308952
2.0318301123803,1.9509375970448,1.88358930757144
2.45434322870331,2.32926655984651,2.31323662020197
1.59495341072193,1.57915313596431,1.46951541645329
1.52193581042848,1.56223035879146,1.43270028536575
1.46291488516565,1.4519486251938,1.3601825990793
1.56659556359409,1.52994512715793,1.4441772128226
1.39460361907284,1.41352274830995,1.3161677776128
1.86720308727966,1.84525649867134,1.82941595211536
1.84934356506792,1.90560654486063,1.82020146555503
2.3149518839601,2.37068449541313,2.29155558214697
2.33192463476752,2.35885519436765,2.32301590261936
2.36353852428714,2.39318920158598,2.31941971503787
1.92164508094451,1.78789710848948,1.7894002460089
2.42192416242012,2.26008445347789,2.27348130827036
2.40727208728896,2.2395146107465,2.25527224617552
2.38832451162168,2.27994141742871,2.34122423540216
1.42357578140997,1.39361529815656,1.33299461299617
1.46665456972307,1.43660348032387,1.37977439285724
1.42733962757439,1.38535016876371,1.34024935910374
1.46553679466809,1.42937204734501,1.37825700182522
1.44935528156303,1.398011629166,1.3640587831716
1.56756015867164,1.49595264508487,1.45722520672255
1.54437328492137,1.48713332109553,1.45701849970691
1.52582292536918,1.61942758581659,1.48136844941416
1.62787139969815,1.6725293108955,1.56335977183088
1.75674732177973,1.81944063173413,1.67324929583797
2.04631373123177,2.23694994523059,2.01292552994665
2.01655797970695,2.19498221201735,1.91343256215857
2.13424698961809,2.23521902919714,2.09873337692571
2.66401853851045,2.76761249654988,2.61849327202525
2.6449116481228,2.75342565688661,2.65727356287515
1.32594888452549,1.30740924259841,1.27771508802013
1.2234242938341,1.23416165756887,1.2123030606524
1.39461310135451,1.37204398975639,1.33119863629313
1.5348280698135,1.48931770451934,1.43176676410714
1.32978577408644,1.33527379760844,1.29939732426362
1.28330598427936,1.28944391499267,1.25697464976944
1.4985763686016,1.49743297536811,1.46196404478428
1.70739668762992,1.66872666207129,1.75876933049906
1.67569501501196,1.67852717975426,1.74440482548003
1.92135437965349,1.76079868706399,2.01882078044871
2.43458482950508,2.16340689050621,2.52194647638686
2.26929196277932,2.12051326328017,2.51192364137117
2.34127066603982,2.14058373285162,2.43331804471009
2.56094497493041,2.51113202734267,2.66574010852198
2.7767174464312,2.54816863851816,2.80939267914404
2.96626121267337,2.68037942706292,3.11539091213142
3.24125217850015,2.98074450726676,3.38806874823832
3.41471347836027,3.13590720760615,3.5305497078851
3.52673203754822,3.20320448349821,3.76260834411727
3.8363841190553,3.53268052591244,4.09436868679108
3.85814269032106,3.5275027257291,4.0944461621804
3.8371115479738,3.52024228890255,4.08600685361547
1.25483327481259,1.27801161025544,1.24672111502581
1.35224786114175,1.389121690393,1.35758998085234
1.1441687395907,1.17207030510879,1.14797634890845
1.13309961848981,1.15359184020579,1.13102120786246
1.1139252213705,1.14916567003397,1.13319462957342
1.12060277920856,1.15171295583657,1.13643198426062
1.21429669408237,1.25166869701596,1.23415133815697
1.04356388174514,1.07888399020428,1.06982120493873
1.09467418667139,1.13586561024967,1.13146164212589
1.0237803933119,1.05239919834726,1.04139939750446
1.09696886834547,1.12669835701431,1.11001054934897
0.986561905592276,1.00949273001,0.998497241543098
1.05619659922593,1.07021613710552,1.07394784300051
1.14458992502861,1.15001601935766,1.13553468804069
1.22956048668172,1.34086382922956,1.18261550929673
1.33478311996501,1.55540082069626,1.42830690290682
1.47701513602855,1.59750668049111,1.49080641941679
1.72662227142006,2.08170596044867,1.86200936076579
1.81324281477512,2.06168588918257,1.83039642738608
1.67831833838398,1.67148246753367,1.6494474361316
2.16212473469946,2.08447510481655,2.10344676859874
2.10302028263563,2.0742045275799,2.08850735097312
0.833735269466884,0.852348811172482,0.837322592879773
0.831794551941034,0.840928303913397,0.830848201665885
0.799174042264595,0.815898720509368,0.802147701554486
0.904934233628107,0.925119967744991,0.917865621735555
0.697807126569155,0.703808144460477,0.699196824934232
0.711178451054253,0.706749006262601,0.718185993967545
0.801268660205569,0.769906583644384,0.81629102173238
1.3710008932537,1.12311915442208,1.41318780983888
1.10262065870364,0.976912227772694,1.12211663408615
1.15772457770682,0.936415460372535,1.15648060294511
1.65993617352068,1.32287001679106,1.73501210725043
1.8430621081452,1.39726904176201,1.8898185968544
1.21217274693915,1.0611190052804,1.15364620849615
1.38526953607314,1.15559045099001,1.25030560275559
1.93060801571789,1.74737989846162,1.83580594373888
1.94676031962437,1.7519114799482,1.82930513850601
1.94617410696879,1.76766996192419,1.84118642064281
0.633940308282389,0.65622237432488,0.638176558037254
0.731565323778472,0.755188318829888,0.749883380139913
0.574790436183566,0.595766678887678,0.575163158983957
0.598684733691622,0.611685422605012,0.605294234603965
0.556731167877269,0.584432730263583,0.554939657484175
0.591236282194963,0.62023446586376,0.589196462745339
0.668074252843869,0.697741937557335,0.651944853082427
0.88803703054814,0.910857684969421,0.784061654874622
0.878978869765489,0.93120607987191,0.816581046801606
0.846632862054886,0.842339540892752,0.780427861489137
1.17944096580081,1.19741017851535,1.04040542801756
1.07615761852348,1.15899457705353,1.03540423703586
1.59112117284841,1.66316005200178,1.55069918299927
1.56721273538471,1.65579378972965,1.53788923958583
1.56406063156423,1.65494666592674,1.56182922521999
1.23792280116128,1.17336383804462,1.0820396881629
1.74790482151446,1.67075730212562,1.58469403587264
1.72814899245342,1.68988378263323,1.59811653793078
1.74393675388721,1.6828152266655,1.60040509303336
0.496875522485327,0.509666329606057,0.493731543762414
0.527808036293179,0.529365511016206,0.528753544232209
0.499225816585563,0.511092025208379,0.493843836105722
0.568881275165982,0.580263900875207,0.563258246584862
0.48764789363573,0.49214070771188,0.484040370135005
0.494931938440437,0.499354535003242,0.509275008122496
0.539079364474226,0.545001893126137,0.545430662668698
1.12724585417078,1.17724475781869,1.17192594402462
1.16757257436684,1.1492203286659,1.19628148107465
1.19295601492921,1.15971506825882,1.18622948380639
0.545491957761735,0.537352530743198,0.523269829500339
0.64527959412006,0.628477435318724,0.608071574983818
0.567069976520532,0.550020812519646,0.549098667763209
0.571412006248365,0.550878821890714,0.563567112244551
0.651590964803271,0.626510431392645,0.628216215494993
0.763269544347808,0.716605836638657,0.725754383009941
0.769421794030569,0.722481630770357,0.739582263861242
1.12994550921412,0.955891114422303,1.06579799727361
1.02802396538596,0.920614885524121,0.996224128709827
0.919764678085255,0.868360626815186,0.814192840754831
1.34651483905386,1.27784000009763,1.24601853545942
1.24865718011009,1.18729763695683,1.15376056212812
1.71705834583912,1.64698177239671,1.65483852920268
1.73999735361155,1.69151462342526,1.70845247806655
1.7371717236136,1.72708892561504,1.64023467727709
1.28770516270672,1.19538100495354,1.18904140434032
1.78915204946612,1.69301273211353,1.74675220367334
1.78613319621568,1.7221298582619,1.6902019958488
1.81509786907741,1.7153018046137,1.71802261832576
0.628729467612511,0.612957202925823,0.620845153951323
0.612191479837604,0.594942710981452,0.611851851427201
0.721951327670448,0.709049231541064,0.716563900329935
0.854831492185836,0.829949436454051,0.838998253987679
0.910352501741195,0.895624540316252,0.893354009707628
0.924321487445852,0.889203027426988,0.920099084988308
0.782560401889166,0.732337157801062,0.783024081150897
0.82791967060976,0.743532646072563,0.818867632486787
0.941278765656512,0.867042588251782,0.938065614001686
1.06385875586676,0.971522590937529,1.0768656644164
1.09482016151816,0.961308112592698,1.08387952625913
1.00768825331761,0.942123218518348,0.990335497539258
1.15039502648568,1.06324081056133,1.14919228820372
1.24169201714473,1.11189433624762,1.21491293164653
0.76268033410988,0.805704990070443,0.780082103720281
0.975653292884465,1.5622046236689,1.00630269766568
0.750060017646382,0.780042925683019,0.760907834695204
0.886839032467047,1.32928554562471,0.887778704034567
0.807668991684616,0.791329728464957,0.827635638212617
0.993125281047968,0.892151244741711,1.01211865489134
0.886046221516189,0.868973976126842,0.904000814593329
0.811143288438526,0.816123908930342,0.849324371681686
1.0317308194433,1.11043012470198,1.10486871553497
0.827377447639295,0.773245017461246,0.838825606550713
0.932858605265254,0.8642855591968,0.933429958313853
0.924558274279809,0.874694785239692,0.940206070322606
0.994671098020971,0.983600407851985,1.00956840135136
1.18268179664876,1.0580259445589,1.20618093626563
1.64547502539074,1.50195021309209,1.56745418003732
1.54726717171984,1.44192681063375,1.66111878499003
1.81542083599307,1.58064455952899,1.85056427340197
2.15844525416322,1.89772265023795,2.20796858874746
0.873661368850423,0.872189778372676,0.871050868176542
1.1052421995745,1.11970936555813,1.11328226750508
0.745754799297011,0.791619135523408,0.74704951241465
0.793679912827726,0.836880509071945,0.840270301484359
0.753083785145287,0.863827803145785,0.729428035185669
0.857333622585851,1.00917262129057,0.812936059297766
0.760092854957979,0.916991232725287,0.774644434719312
1.02159585831358,1.01373613574122,0.837722642684469
0.978359232050243,1.12256507326801,0.896170554113065
2.13587086958697,1.84247750253063,0.925015804128441
1.23418499421214,1.21885262655184,0.764910360022798
2.61451366642583,2.22665134462585,0.972839482483557
3.41487824496226,2.84520522375832,1.20531189313519
2.15972087989006,1.90623821322233,0.880951677955304
2.48427623670414,2.17054945936122,0.982245124596398
1.42166072479665,1.35689246327901,0.838367259797125
1.51707193280848,1.40175490983669,1.02535200959648
0.746053466672435,0.854263120444441,0.696994117591015
0.844151417991969,0.952549189428831,0.784940715241425
0.729161355555329,0.836607702763019,0.702704026371729
0.759131608514481,0.869911655493301,0.774362310769925
0.786034871987658,0.904442059998062,0.754567244259561
0.868913942251532,0.983089219004257,0.860994928860488
0.969473902313441,1.12196446970355,0.949293269013739
1.04099313201116,1.19600949358895,1.13907248582825
1.03325734592289,1.2051452799595,1.03748679094419
1.16083976258877,1.37119574310632,1.18828262386751
1.62021715556729,1.90069571690009,1.75809355978267
1.70232972321034,1.82626851610089,1.67687764339495
0.705778088055235,0.813006879154495,0.673739328387627
0.856898376776493,1.04069960450882,0.826572174474862
0.623621100254885,0.670340908569471,0.599686566125323
0.69602646510095,0.763830986319235,0.680893217441629
0.608911746190238,0.624369198993881,0.586750701050454
0.624405384768202,0.635250320121624,0.610550491451506
0.639208955019984,0.660718838316466,0.614573656400126
0.713475777764125,0.740667459883979,0.686735502447622
0.740796210893781,0.731832008862427,0.716615046098984
0.602580498124324,0.639862689245297,0.572413645709575
1.4361936797341,0.670168261861354,0.647031220192213
2.32665006884459,0.750671943026113,0.772117540160795
1.43718284731158,0.699988127496006,0.687661572184925
2.31125090482225,0.806600460097831,0.841714723499111
0.680136000379445,0.697845846320475,0.655142020783475
0.793860808181398,0.800379222307998,0.792319137534753
0.751751119283411,0.822741986198222,0.81508854095242
1.2507427933294,0.68335057931479,0.619225521714638
2.10476516042155,0.768625218161987,0.74135934069971
1.29442867118977,0.710832417518387,0.655820424574711
2.17429958088475,0.813674356507372,0.789726043023396
0.666010118339914,0.629449838776964,0.644650936418667
1.15777504425746,0.904361482889618,1.08313109680867
0.511174560034244,0.526582660975856,0.503325658409831
0.797667714973818,0.662571473124471,0.744618956993551
0.461760418815182,0.482342385121907,0.462203236998825
0.500206205355117,0.517750920175663,0.495545015845267
0.497293599252424,0.512027196233975,0.498814700930393
0.58153108548926,0.589637194207162,0.570162941985912
0.55678881462632,0.562568494091488,0.55255450108326
0.545354549152508,0.547347425664954,0.547285015217119
0.754180160489363,0.668374953456694,0.719231556474025
0.706501077671712,0.674652091640296,0.682283385663128
1.31331548371854,1.27385555099689,1.28549447130616
1.30318887021924,1.29044161178422,1.26218107737586
1.31015956572726,1.25706709878344,1.30835082824709
0.741574272377104,0.689362986505988,0.722815186211844
1.34665785167025,1.30560683588949,1.27491884913507
1.33573925723026,1.28352228883624,1.31517628580416
1.30635450786805,1.25723337690483,1.34669845822058
0.429998069554188,0.456931658789923,0.44325494881251
0.50360933638504,0.523318531716296,0.507936828925035
0.438921493000305,0.458564218610159,0.452278631591041
0.507019918643577,0.515572277740953,0.519419635608136
0.457247588250312,0.46485547628045,0.455198532562301
0.479416433073225,0.490431101432251,0.484596495931386
0.56723518730434,0.568573221976272,0.538448964952702
0.642735371909696,0.668814284189117,0.64120583044635
0.662036327606935,0.673018711320863,0.643905098094366
0.693829328095016,0.687901181434047,0.60107962235994
0.78977557486292,0.817797229058166,0.707828493639508
0.760993215125284,0.789455961717823,0.685108953377109
0.799329226872329,0.770339013987319,0.668097961356305
1.39865667007624,1.37995897639185,1.28385248036146
1.37918021256695,1.35419272389086,1.32323706693411
0.434854845079361,0.437688303676446,0.435498679383809
0.534790122342555,0.526370605730135,0.539063512156093
0.418362348210823,0.415203804294265,0.416119655318085
0.483671268842194,0.463792474550986,0.465209532945381
0.413088131737531,0.417771458807657,0.421267732550467
0.432316551316837,0.448164372827819,0.451183730595144
0.469160736746108,0.477732143624503,0.488240359504663
0.592778826994272,0.618310167346884,0.611306063454066
0.614524533875315,0.654026813834704,0.613424933055981
1.23459653529867,1.26580754817216,1.23416803130617
1.24239549560926,1.2718997745456,1.27544116088149
1.23922803466031,1.2646542590165,1.18531067133508
0.59887007251138,0.612343746380899,0.664237281947543
1.09055047783379,1.21475552230476,1.37537013352863
0.993336886433087,1.08388117393373,1.18028913510929
0.898697288739227,1.00364061702182,1.01259611774046
1.49848770351645,1.60503497373679,1.62201452369905
1.50901342928607,1.59425356665845,1.59838692683174
1.48342703235042,1.61193395267451,1.6444465002598
0.449275828870535,0.449607433068917,0.45220625508119
0.515944169453849,0.515761828354117,0.514701515464817
0.494960941681963,0.487972810640037,0.486872440342681
0.535059443179122,0.515741280605233,0.520239679285954
0.556726543894398,0.550046925518848,0.537042361322337
0.594526481519718,0.591265499627181,0.566205533602776
0.660248108312724,0.653570999667748,0.640777099126249
1.26931085988546,1.23922244860035,1.24491874493185
1.24089721204367,1.20766151879443,1.23767155563782
1.23498864197602,1.25191708023041,1.22837164390476
0.593051216521907,0.585861476830035,0.580692139790696
0.656622688474581,0.645193884570578,0.644146966760058
0.656743869942131,0.645953493283166,0.637046354111668
0.711711897858317,0.697110539744904,0.677905041640372
0.709725015071532,0.704578579477312,0.696164745053062
0.716882754827822,0.70338520864808,0.711992705321447
0.763144597674235,0.760794969017768,0.742459666549987
0.810468913191922,0.804348605643819,0.780161328002624
0.877323096507523,0.878496203175497,0.872004536156025
1.40824622215261,1.38190509014512,1.36539820737411
1.38069608674875,1.4009804877398,1.39190823132133
1.35196497317387,1.36634784131433,1.38785724483362
0.764980800700839,0.76485676568062,0.750962698138487
1.31478461524644,1.29772435703278,1.28451241069078
1.28846746510679,1.27290578235845,1.28982215177161
1.29803097211856,1.3208326216417,1.30345856715061
0.782566936283442,0.778416853540255,0.762285247545262
0.850463481771601,0.841714090721586,0.814562048963008
0.830397430094886,0.83378695945288,0.822901657458909
0.837358851158723,0.847892017869671,0.842354297549475
0.918965366014751,0.929906123674809,0.909429772069524
0.94022077598977,0.947106969282439,0.928599144849644
0.989662843282493,0.998929871731495,0.975163082234695
1.00222481951481,1.00631265773785,0.988706317537139
1.02384141442222,1.04908158483578,1.04187925938377
1.10457339151018,1.12202518502941,1.09670972181718
1.1657819623855,1.21640832483207,1.19127320700754
1.28757459545135,1.2913725175414,1.25794702972463
1.3646357375541,1.35901494905607,1.30232272130493
1.41391078481744,1.43308641424366,1.41546883690387
0.981718164033684,1.00829580145514,0.980427205142004
1.04952641309628,1.07629438998406,1.05191123108588
1.02667144228183,1.0607246728306,1.0297366392864
1.04970687110722,1.08352487467002,1.05336657107187
1.11507056171841,1.1512908862095,1.1229697583703
1.16872058681383,1.20391760831521,1.18345333877124
1.2474574326292,1.2934327465121,1.27961501463689
1.28303756086287,1.33155931183782,1.32133744849383
1.35809088440177,1.39297364334987,1.38647277297543
1.39489970257717,1.44421955875187,1.4522313050383
1.71132300475092,1.69015650701432,1.7504417939043
1.71747274745358,1.76772959422942,1.81099962521954
1.94501690797606,1.98270950881361,2.04832519686998
2.37768193944495,2.42197413784759,2.48872790037404
2.7693690491813,2.83137281427925,2.8820056662587
2.7910877072269,2.83901553112771,2.86935554467385
2.80555052805223,2.81483877361298,2.92422408116402
1.09763521114485,1.12820564705437,1.09217049153591
1.30146593935115,1.33338139741732,1.28437955319697
0.997734858661246,1.0238459182654,0.987137017023338
1.03994850912173,1.0738444063066,1.02505248392994
0.984520385889794,0.999997282095545,0.975952758702395
1.09552621270027,1.09986961365036,1.09637738427074
1.01263270799992,1.0219892227547,1.00747508819175
0.889363564603664,0.895850937604609,0.870648735503715
0.89563528038316,0.90079247223238,0.87927595902827
0.88702705344311,0.887703850897415,0.862456292420329
0.988538004339369,0.982183538830475,0.962494583952257
0.826719817682207,0.814576502784269,0.792127714739814
0.812270422829372,0.799176392727478,0.771309399691403
0.900979741911755,0.881387280704445,0.864538175588045
0.982252767858748,0.96424091264245,0.942949526642107
0.972464388862288,0.951881928714577,0.947603557818516
0.887250516496906,0.862525825825186,0.843331757836504
0.974214649452243,0.966751357626056,0.930857085553544
0.77493077382351,0.760180239220701,0.741733921363044
0.833438147093162,0.818450887653412,0.80572721866048
0.706766679937896,0.69348956328507,0.674097948472816
0.719176113147823,0.713648950126102,0.684693312018216
0.664753466383979,0.64978049263607,0.635870934443623
0.699451492100229,0.68947999224485,0.678891677901949
0.632127373550574,0.6265290370192,0.616421446776586
1.23116908145921,1.23493849659464,1.22208635417107
1.22753065976006,1.22137504704391,1.18803751732387
1.18016205344873,1.18584213534388,1.22392687452772
0.67931902591776,0.655935580331129,0.645909930985979
0.718466855469516,0.691507388622653,0.693399997219881
0.698034585226104,0.671582073885681,0.655503772831352
0.71522815528834,0.692443926075663,0.674581750965164
0.735990072312276,0.718453947343417,0.697019677764474
0.745116952120281,0.721145861160399,0.702022354678744
0.790082569374837,0.782602656249098,0.75279841688527
1.32782960906055,1.33001033695657,1.31916388976996
1.32037332110015,1.32198081504821,1.29719443148137
1.30267601052766,1.2907766117182,1.26703453182533
0.796354390508291,0.794935148393698,0.763981537715796
0.844170861667661,0.849849361500952,0.813153588102703
0.84183401887774,0.849439356311342,0.817003015305003
0.856396041892588,0.858926719107201,0.830013432981013
0.924365875399352,0.946911366997243,0.913219521020153
0.98569357752513,0.995822394795003,0.965714422157581
1.03884344420192,1.07307737801071,1.04002429825597
1.24625183621703,1.27845599025127,1.25726578031629
1.43140693915951,1.46148679466229,1.46089626359379
1.63348798472832,1.54976877805748,1.57433223631371
2.25081204516101,2.10629307303669,2.17185522401366
2.06966682778118,1.95820045053963,1.99251077128821
1.94334142633741,1.81685096006993,1.89368221070964
2.42329240251718,2.31680528204732,2.38411502190387
2.43744658176862,2.2753162913334,2.38203780469816
0.916356170661813,0.95302514452191,0.917212334854453
1.00682283390497,1.05484143628758,1.02089985516282
0.864973553515529,0.905605674720377,0.871229014335292
0.863561023389174,0.892401259080039,0.857923554422147
0.877946295243413,0.941604508473122,0.89855132578731
0.957964946931979,1.04252960851844,1.00353409018187
0.88636669572645,0.971652920081341,0.918267179399872
0.989451154965877,1.40671362763714,1.21733195463111
0.984194597884019,1.42554044290006,1.31957637610786
1.08402581160406,1.29345241662846,1.27806016340742
1.43683469392811,1.96557488061138,1.82917348648154
1.5625961752973,1.92885342030919,1.95766683262924
1.31298449962285,1.43331165726136,1.42696879661606
1.76583955946532,1.78079558875327,1.87868193752027
1.66383480125433,1.81925865274053,1.71175795977273
1.41725869067922,2.08578367258922,1.78984299413656
1.61670069485752,2.65232290474483,2.14522604018324
1.80115009751827,2.47148917359571,2.21623485462694
2.40527762907219,2.55675284242118,2.65391155204122
2.48435167473156,2.43866757307937,2.65704202059654
2.91874537585776,3.06393595990272,3.21233412554204
2.018564402659,3.3065004639551,2.71160183689074
2.01701012988213,3.72927270717406,2.89199782699222
2.42944915681262,3.65744153570086,3.11417562763045
0.863916937946768,0.914312349484602,0.874193712064855
0.958316860259415,1.02464827333164,0.98209373161842
0.801944934320304,0.826991246233453,0.791339136030239
0.785365343672693,0.798823648622684,0.76501367849974
0.809080925157693,0.835819185027086,0.801944984224469
0.863724599160103,0.907984841712379,0.869024239098763
0.777878586540883,0.788668458188374,0.769476048033146
0.795732851971252,0.79056659678339,0.790527277056955
0.841451975468458,0.862127674237601,0.867237507446703
0.761376487550931,0.772219288741403,0.76720580061694
0.772663254705588,0.786464488035054,0.824078389552533
0.85340509650832,0.850652647683883,0.877845438668673
1.38711132573721,1.3762015080526,1.41245893809265
1.36814123932903,1.36614633747985,1.42286358633522
1.36883791016189,1.37253755235666,1.36594823389562
0.872554481109927,0.901092464829908,0.924031472740873
1.35394613243,1.38353613239186,1.45914050041471
1.39891658990676,1.42280613440083,1.42690295477886
1.41214252664974,1.42401142507207,1.40117355085321
0.854202633188167,0.878921056060985,0.841038150842061
0.944247782635576,0.973929709615646,0.933798787075975
0.862653676077595,0.88199548949562,0.849223246237919
0.890537760490454,0.910082886227849,0.880634342643141
0.914017234253122,0.934141658054397,0.901225630639403
0.948090116291355,0.974475435753349,0.952361159285828
1.0597170882303,1.08410980438665,1.06500229486452
1.53581192438305,1.3771793459705,1.37368636631579
1.39588399364051,1.35164182331377,1.26935611085447
1.53288970200375,1.53736101794211,1.42487638880357
2.2728113513658,2.18219098611254,2.07843084840175
2.1268004077525,2.1455741428476,1.93885511456969
2.54360495748464,2.62414847833443,2.32488582508739
2.63084928088509,2.5325176363932,2.35633027174718
0.891231452737572,0.894490058498081,0.848892209555268
1.07543896094557,1.07011773255171,1.02756861795802
0.817812969800517,0.815311487687918,0.763181705080199
0.889915494000588,0.895837386797966,0.844128150889826
0.791174727819865,0.786335138661096,0.722374626040463
0.843327640528925,0.836624233798155,0.763320016883008
0.769337958067556,0.775441537734486,0.723101342335554
0.815959520461378,0.816623027727086,0.760510225628079
0.848670404328825,0.864100504579712,0.823536540447883
1.35757052146273,1.36966124173676,1.34531550362609
1.36701777685553,1.35496828849084,1.32382648951565
1.36539873157795,1.40693906049924,1.3835011036934
0.776579984155795,0.77585139552378,0.754583994389163
1.31767882078841,1.30907166134608,1.32167544303471
1.31018912941119,1.29033693223207,1.29604350388047
1.29188894251814,1.31626411140197,1.27584445389044
0.813952688362095,0.79410031213765,0.731192706293349
0.878581543557782,0.858004731225516,0.816579884166057
0.837860000378043,0.812645014129327,0.733721789954395
0.863453370130129,0.847673273847758,0.767782530277022
0.878393193634205,0.836493658741329,0.757335930623491
0.919849806079199,0.873784723552906,0.799315752061494
1.11218368723494,1.0104078907882,0.962024456297818
1.71346866144995,1.53722294126363,1.4667185895851
1.40849941960084,1.39395194482163,1.40534077805081
1.30257323166434,1.46761337485238,1.29038616013816
1.67755236722211,1.91566381092538,1.71870493462734
1.8248761960762,1.99747374778694,1.77214469493094
1.99660320906101,2.16804879795769,1.84912166659824
2.31244210196762,2.52912868155465,2.15034016739672
2.47766929352655,2.54074656737662,2.31959370639038
2.79410877546925,2.96947437323645,2.39731106417349
3.26220084435862,3.4404551762858,2.75996450766076
3.09330833745275,3.21843268455235,2.63093960374516
3.43084861435392,3.62721292823238,2.82366761259758
3.77540608731301,3.97783394975563,3.15061743844977
3.79024312505413,3.93163302157744,3.11550851047376
3.76160046032083,3.99017914580982,3.12235556860495
0.778404669060638,0.770742069961416,0.689594409468596
0.768753762158239,0.782982839679581,0.709623817261007
0.775126040725138,0.766749825974444,0.686749198554914
0.853803149265907,0.823996127212925,0.753179145198511
0.723931564196419,0.735880331148608,0.658397539869384
0.687632416204015,0.710699044333533,0.630205984335558
0.75864116439371,0.756867990189043,0.687943869560164
0.860654943467083,0.83315425456106,0.779466541016514
0.847302943265031,0.83179595793021,0.773581741868911
1.3555519698897,1.3423216019979,1.31588398542713
1.38782267448936,1.3097478880684,1.33616314965348
1.35784139518048,1.39738227398978,1.30660733895085
0.827441491526136,0.778732837091986,0.720709922073293
1.32126232751415,1.32634120137939,1.27926942111581
1.36694442052748,1.32013175900269,1.27586996238509
1.37218808441575,1.2960457923073,1.29080802269643
0.764005153142346,0.786503290456341,0.710336715435633
0.892885453586132,0.905084981617676,0.831802691482312
0.722205422210968,0.763090744491944,0.689789163904287
0.704008804103347,0.747469327263817,0.684048068656211
0.784059199158274,0.830098922068113,0.759998394636487
0.827621399377122,0.873295164205725,0.811991671591043
0.871745604851918,0.911104892987996,0.842311137658181
0.787340221461668,0.834729501563182,0.759264259068821
0.889653530274202,0.938869253306056,0.867910097502971
0.750229433055563,0.791452450605049,0.71341206936794
0.758480824963703,0.792227784957594,0.721441613377364
0.759097344582113,0.798470874037683,0.716776839914808
0.82663468242037,0.874341734241154,0.784307631998214
0.787155881158547,0.812023464986566,0.732853519011143
0.792352879347187,0.80002578276922,0.742572657237398
0.851033232091758,0.861586258240774,0.797711854214639
0.888948876140597,0.908907848324954,0.841964448990217
1.00327238825616,1.3848429188278,0.974765552948852
0.961475282039778,1.2505632045262,0.90044415343333
0.714006174466425,0.754595132230421,0.683183136445338
0.704198086430369,0.757130689461906,0.690789362593918
0.780545418372334,0.802202961350801,0.736938712572225
0.89601826307645,0.904130618042953,0.836932510039118
0.765350360690845,0.781464761386464,0.727603405719527
0.737530849438222,0.764294167231721,0.73505140525911
0.901943804323677,0.923611193870669,0.854394689174743
1.13151390999966,1.18231146503365,1.16726675747947
1.27271140785011,1.30865537356722,1.17149868216303
1.21798556351085,1.17041539013901,1.10407351532315
1.67130995947036,1.58816999500048,1.47483106005708
1.54828793734591,1.48760788300082,1.45363993409975
1.27518292328651,1.2786503537643,1.22014533109021
1.80240595645576,1.74624798911691,1.63481815740166
1.64641746016857,1.71610903619033,1.77465010196103
0.77442859308188,0.784865940229964,0.738563270738721
0.895865190439329,0.918313239482062,0.875648257208797
0.744500528585841,0.742313097437711,0.714166434556583
0.754365723106048,0.748139306634503,0.739690689021058
0.779026604249136,0.784505097793698,0.748005174190268
0.933640026897441,0.908699108453935,0.847722658592169
0.906644182137571,0.948651490686277,0.881899530954293
1.5515674293682,1.59682407419503,1.46624583847136
1.50070290637125,1.60988315066926,1.54706941848579
1.03153913196486,1.0079551806528,1.04688675389535
1.73757714596744,1.7135651682402,1.86261454474063
1.47390497992768,1.40655510268534,1.46367846503965
1.98220682064802,1.89800981421715,1.99247236355092
1.98183306662284,1.94464463311722,1.97965877522332
1.97598476281855,1.92631570983556,1.99461862389499
1.69031305685671,1.75754262396862,1.79815287494942
2.21532117718904,2.29974172064656,2.31329635962026
2.23088696729076,2.26880138616062,2.34036510511749
2.21201458485778,2.30457102163934,2.34205502459377
0.699907697300371,0.720251090590114,0.698218450924996
0.704534621439708,0.733394468697384,0.733904307946122
0.731657172286734,0.735401272278936,0.708583387089562
0.800573350797582,0.79782307186541,0.7659901648857
0.736388734659091,0.724631951653027,0.706603230831541
0.752962249611391,0.749487077431996,0.741217288189684
0.84451061593335,0.820219579371335,0.804318069004764
0.882413997975374,0.83157260979689,0.816728042039702
0.910590555017498,0.89564097331664,0.899805182398248
0.948179644711686,0.954518105532081,0.923068830569551
1.01004280286143,1.08413159055851,1.02570477245783
0.997447673081329,0.989293630280463,0.938170064432666
1.09781374517819,1.09248098887967,1.09205171096534
1.20457775549071,1.23561343139886,1.2176526461632
1.22374627030373,1.23024669938466,1.23353564001394
1.14018822735457,1.06409402352805,1.08805877358812
1.12454461426586,1.02709784390364,1.00849120790686
1.34263882563012,1.26842126138645,1.35160376255627
1.54377832636929,1.50544481832906,1.63576659191844
1.51950062685774,1.51252287083193,1.60924014842076
1.78623071162616,1.74586282220651,1.90713481676588
1.49467791930764,1.40806454592417,1.47780868260856
1.42160402990042,1.33823675365247,1.31816562707365
1.72640485621363,1.66466473634834,1.75815456214468
0.684823414389522,0.664279809577561,0.647404314555171
0.723059773190301,0.7011875025902,0.690867213543988
0.656982534311288,0.642783201094386,0.621935643298088
0.696500107013941,0.686059652119913,0.662017927157186
0.626286405777995,0.614783523684681,0.610658269092591
0.640722279294148,0.627043872965505,0.645399832112572
0.632085896633386,0.619645791931024,0.710052876570313
0.854244089276508,0.751106050418439,1.41046134955582
0.860106042643718,0.75105119061398,1.2010545526292
1.44823503791246,1.3364700325774,1.7878876068693
1.3996833069815,1.31721686851742,1.79886025101636
1.40382156416569,1.30662871280614,1.77176548168949
0.796262592937975,0.7458089851633,1.34793610415655
1.39366752917795,1.29306690562448,1.9237451419814
1.37621776108919,1.33959163640257,1.90982097501229
1.34555137569222,1.32510947419656,1.92673999957353
0.656542252713705,0.658079685263027,0.627073313028388
0.724699539775173,0.74079443388208,0.712893839906373
0.67479129038124,0.667392054378963,0.630328780387527
0.692031447055468,0.680822137206166,0.647841602120949
0.718846173698509,0.709635224272715,0.660414786733716
0.768323682701165,0.752747411500412,0.705872540215338
0.801914408090909,0.789861436046688,0.752849193679708
0.969414174096554,1.12268767068241,1.20231837527466
0.871159544517685,1.09400224823975,1.22615409890182
0.978587283068,1.16283492389395,1.21911678816434
1.13854353049488,1.60622612847445,1.80323084498002
1.20354329083693,1.63895949953879,1.81119283502856
1.05052546027663,1.10804084511567,1.25543804796165
1.17022051615055,1.18133409117346,1.68654593965934
1.15372214154394,1.20849270784984,1.79801862848834
1.06070625220384,1.04037124131922,1.5302802010847
1.0179125067798,1.00030425643786,2.08020774079834
1.39051998988935,1.19976332999121,1.87337592928545
1.74507497986176,1.40782121121606,1.95405816862806
1.67798652018231,1.36857091464471,1.98829298347694
2.13114341011193,1.65508166562104,2.40993057437025
1.54050815389076,1.31142589872293,2.75850536338039
1.31809002647724,1.19922776183916,3.20169829154174
1.90349154020487,1.573671607126,3.13710240272765
0.689328620635884,0.68982126301461,0.639108492650745
0.698355056967233,0.701262507019939,0.659812507894971
0.730089743551976,0.736910959742644,0.68218272059377
0.801048911320703,0.807983669379666,0.752324517635075
0.729184434599065,0.748009616838913,0.692359352690346
0.707294776740698,0.725799750934288,0.677185442131467
0.800680557813358,0.81968033531954,0.778497082623962
0.912734267916808,0.93208264941074,0.886405856727243
0.852704185536843,0.87529013545634,0.846029426956456
0.866907497411961,0.871146976741479,0.862486013646104
1.33470151918637,1.29017442258323,1.30035131857008
1.23812300187454,1.20109256702906,1.23460696757175
1.74352220688956,1.70059610406489,1.75304564534507
1.74317108253709,1.72845575494591,1.73488703254966
1.7797103598978,1.70743387176955,1.76142969460335
1.11641092442585,1.11065346651023,1.13893610810902
1.65506951636822,1.62922259352658,1.6663565598619
1.65584451767974,1.64467374142889,1.65762974314952
1.62800818053368,1.62460657481537,1.66286499168287
0.787369151269655,0.818701110172637,0.754615588968279
0.903927873156183,0.946757681013601,0.880737039815468
0.792124252228353,0.823030559829996,0.764929797220832
0.783524990027133,0.830792535920413,0.765817865893251
0.880133868698517,0.914131835267041,0.871824137666889
0.971724632907973,1.00802439976312,0.991924358304317
0.937138870852463,0.976880990671708,0.903229712861079
0.951779057762452,1.05298287588855,0.941051263530789
1.04981822162397,1.19294734422173,1.0485993408395
1.02445468137071,1.48277891038918,1.01441335046812
1.24753024337582,2.03247066526179,1.32350211503915
1.25463072419065,1.85407115685407,1.34414656532945
1.74755246305755,2.30196580140117,1.81508522712596
1.7045761114243,2.25572499220278,1.82246260013322
1.7152617022377,2.25150462050413,1.82924294300137
1.36846147324494,1.89779223658345,1.41819690836624
1.83185110224628,2.30385628835784,1.91444976197751
1.837418343558,2.32817139156558,1.87288764963139
1.83245055076491,2.3497527820687,1.91573754646777
0.945934032913936,1.07119099129232,1.01262812327302
1.49037427911568,1.68850227486642,1.52450875906889
1.47724151595758,1.50494572588708,1.58410319046567
