R1,R2,R3
15.7703571139973,5.77889304220355,11.6419108955356
16.0207103035708,6.08249006205784,11.9041600233773
15.9946867726209,6.02364194271745,11.9035723349104
15.9642041895491,6.10504458652979,11.8810348443008
15.0551931396694,5.02876781540338,10.8543949500488
15.3056172781042,5.0091530260705,11.1105026578865
14.9232337606903,5.35869462191915,10.9837086004339
15.0775271073462,5.74546276470427,11.2808073217717
14.8682893111282,5.47875842927279,11.0129178114535
14.9414178242851,5.6763512536137,11.0814677867108
15.1531958019682,5.96140843152449,11.3559326511441
14.9423047334673,5.92438448112091,11.0329529487541
14.9606201044287,6.01144029943283,11.3036876827048
15.2086386310287,6.65756951746004,11.6859551890042
15.3339383539568,6.94312212959929,11.8837327466563
15.3405374067217,6.92165669701115,11.8368490254603
15.3040875795268,6.92143242887885,11.833022940904
14.3820811460756,4.39360476493336,9.91607684951106
14.3871925154177,4.55153262786492,9.82090710835056
13.9500220668327,3.88608305878753,9.41048188443033
14.0847174371169,3.99070968974378,9.67700700356479
13.4674607232361,3.45357690975122,8.69141602600008
13.7964852431699,3.63536546794396,8.87936055301119
13.53143257212,3.63362593114839,8.77931346200501
13.4597252322805,3.80492206752256,8.92502357338536
13.3340028170567,3.47135660921967,8.5113523151252
14.2349432893505,4.38149802436654,9.44918465722725
14.5667346433176,4.92337720530221,9.80589723902446
14.6091467127979,4.80803548090553,9.86015987601607
12.7013201924581,2.91546744763693,7.98124297506664
12.6403274465444,2.97501091085418,8.01505620391775
12.273362953832,2.67836627928741,7.62461625981588
12.4813725855135,2.95425194534739,7.83279368125275
11.687495759753,2.34005181060352,7.27377185932378
11.7352594170508,2.43081054571665,7.52384707614921
11.835951355667,2.39745737079752,7.66240051631979
12.0825825825853,2.86663221883071,7.86602931478878
11.6389906512272,2.70852776412394,7.61488006134272
12.2590041015632,2.41373902188655,8.31775814193748
12.4483513807506,2.71067136985213,8.38016993308735
12.5866805270789,2.87058076014519,8.92774607465346
12.7403561957467,3.24966360766575,9.18300295151138
12.7269710654527,3.23587537160561,9.16655350537038
12.7573848864674,3.21221883695801,9.1802226014102
12.4526196556555,2.8277052172536,8.73868884844483
12.5775896038761,3.17359935568209,8.98899356486557
12.5690341398861,3.19010736098015,8.92426788503417
12.572093720736,3.23366178679256,8.92302578153861
11.1400410342755,2.31432084446022,6.64827765650361
11.2359721136351,2.51285188763577,6.68746851092012
10.7455665642674,2.42551246556619,6.3685003534373
10.8497347085076,2.50211209251,6.5994247819436
10.3722858856264,2.77106256723619,6.09331886879648
10.6445665918561,2.88463953552219,6.24696419786228
10.6488417027751,3.24973796768203,6.49367852932483
10.7891365125835,3.44857331281793,6.63939120449563
10.6220235973116,3.53551664575733,6.60296774178289
11.1479242881697,3.80123609237117,7.05703518843593
11.3675533047069,4.19079018013466,7.41648552932429
11.5616116155634,4.35691158773651,7.42840077748847
11.5468791064578,4.40063927085559,7.3856577786643
12.0060908510507,4.95266663383066,7.89994955099061
9.65539671881469,2.99401432491549,5.70891497838346
9.64214765230884,3.28059711976286,6.00936549044218
9.27552581690204,3.37928392917882,5.34016397769213
9.4827661988882,3.59719536118176,5.42543814726192
8.82328631978464,3.93139458774869,5.14626795810815
9.02890375953942,4.11082740030095,5.71095198214022
9.20157085494733,4.96280223302354,5.59528636956352
9.43040034208329,5.33648267464293,5.9249869426352
9.42994447894575,5.35879171424372,5.83504017311337
9.33297977619813,5.36705416075205,5.81844691713392
8.067966858921,3.71278831463881,4.23359731295743
8.10980567504635,4.08079240454984,3.881530815424
7.62174165641687,3.44581098554628,4.12802290869358
7.83002922500457,3.59548714736686,4.67352335138354
7.10980618260288,3.29765803648059,3.52602564654014
7.35421628295387,3.50572128156449,3.54318838703395
7.45327677443318,3.8353158720168,4.26461067270946
7.79934052905939,3.94960535090937,4.75062290869345
7.81142776781007,4.72521123136895,4.5922278527558
8.0605594767202,5.0571047203968,4.97548435527923
7.52994845495382,4.00871114400653,4.66002421275079
7.69880679274608,4.18493227682672,4.92219925627658
7.6099029786557,4.31624323206307,4.96942256641282
7.70517559239269,4.25130169583441,4.89847761447077
6.33393507017664,2.89346321250895,2.56480438520931
6.25141545013473,3.123709911276,2.7570130227921
6.0614819410864,2.84010022906393,2.10195210871202
6.4365762764717,3.10851459751744,2.56492412420452
5.58049365349141,2.98793481806199,1.77472831408498
5.70370996845201,3.25505718921475,1.97000784951021
6.09566668470789,3.73088946836977,2.52835769945627
6.40747573106112,4.02228846851742,2.85990376371324
6.01851641968118,4.16312789665542,2.92639049734054
6.77714539969812,4.20196787721859,3.20648702648186
7.14490179606721,4.45530007160569,3.56132319983342
7.26098769428126,4.79525268022076,3.92250137714365
7.20847032319562,4.91273678627121,4.04292670263376
7.8216761625565,5.3154707674009,4.5494582097329
4.79957938674012,2.73650170025567,1.515389046911
4.79342183560666,3.07577450961554,1.47144001054544
4.29135243536129,2.54409210294136,1.50580577888578
4.50407317444143,2.68845700113293,1.70688788374414
3.62634191472795,2.63346983971474,1.38053653128967
3.71560474628632,2.68157440707596,1.35826414573115
3.70560644627018,3.37125359174017,1.62786128477981
4.23947286974234,3.68091358688234,1.85448108147214
3.90125529257646,3.44273684621229,1.7785137565844
3.20204325483524,4.13353748279903,1.66237826018886
3.17579899672622,4.71934233209887,1.98499782018378
3.51252435231449,4.71589045342098,2.51853812342579
3.04937071272003,5.66402269615559,2.15116064385438
3.33626281371048,6.27741570390955,2.69596080656975
2.89576901198122,6.06965180714595,2.14474074014616
3.11954116454475,7.14857136248557,2.52176686757929
3.41790010718055,7.4286817476797,2.74881148725095
3.11402912804165,4.74710989221731,2.1736647238373
3.43411390931385,4.75658399097733,2.73027019930342
2.93873175999431,5.69200337098459,2.41747111293432
3.12030169365757,6.32677655690727,3.11768870555007
3.03526593717279,2.27609955191873,1.22602472528671
3.07608591544863,2.34805276119579,1.3319783987271
2.67116930518751,2.16300141105354,1.10093591482414
2.82744625973308,2.46539098472023,1.14041981431203
2.28206691744087,1.88512219079522,1.05898690564288
2.46453532628342,1.85188116432638,1.12750558330762
2.49724460142274,1.68482853090385,1.02199994995041
2.61964896711446,2.25753110750768,1.12378087641236
2.52800051831998,2.41010427561971,1.25035995114217
2.82791309759568,2.90582730504203,1.69369127628455
2.83792692550676,2.81357868745885,1.6833089760961
2.7832797399583,2.87159700201079,1.71240611321164
3.17936906629385,1.07133771276325,1.07455860105163
3.50548256373249,1.56139751263375,1.63335787497055
3.53615707508333,1.74434648046019,1.51814351584572
3.71987223135037,1.0299532431133,1.24733751781038
4.02635596011116,1.56259626327595,1.79215905192898
4.05703923829946,1.56676869217094,1.77470148247743
4.09155954497081,1.53481902875577,1.74487749759297
1.79030215218542,2.04028349133557,1.14317637007235
1.7849227142079,2.31600284673803,1.1965231719172
1.72836804099994,1.993213400147,1.28043550853652
2.00420414995341,1.91730765259921,1.32181745503537
1.67578870076441,2.1605216480005,1.48721191379965
1.66007965679985,2.30056404141996,1.54164302891679
2.06597382978026,2.37259995660717,1.74484459331409
2.67882618236718,2.64641752298584,1.99942425342658
2.16804017722122,2.50823985320994,1.99987777739337
2.47275552856505,2.83047957293113,1.73085610895485
2.71954817377154,3.15693474539186,1.80972607088816
2.9823724882412,3.20502318737899,1.83459157382217
2.93527964937806,3.31377858655576,2.1603222114293
3.42300627577919,3.60999930371751,2.47632779282201
2.94401426213093,3.69249409799613,2.27051782858512
3.57377859249054,3.69897345934923,2.86646960039932
3.81833342132931,3.80819857347691,3.15946669851247
4.22863372129834,4.37119412768976,3.49432817223833
4.50026631273337,4.78133568818405,3.59430143522947
4.29478969511524,4.6561503282477,3.30751967282393
5.11270885494158,5.42735110302622,4.1736717536349
4.98270232279303,5.01981172625183,4.34492322664413
5.15889599247155,5.06052706720434,4.56442372294054
5.5300632927989,5.62061482674611,4.84316358561713
1.71430785963916,2.09096541121294,1.51530297436314
2.52230133849355,2.64426796469914,2.27656437829405
1.34015197589163,1.81053450346951,1.24098656350341
1.56514472998145,1.96170434739697,1.59263774618682
1.43993592951001,1.85593143839509,1.29012171465821
1.68457435328552,2.08291314201514,1.44093072423839
1.60409654796911,1.81290874620066,1.37473992842404
1.23584240413007,1.85820636398112,1.19111185664218
1.33991040411012,2.82155642249891,1.5269250382852
1.1066736083461,1.05505570126989,0.984168521667357
1.21515819563698,1.10049310292089,1.10934019051989
0.978266098793559,0.944005655620604,0.901453317778672
0.998241352063163,1.00193503272264,0.946716095948421
0.915986456374253,0.810737625999339,0.802265210507629
1.00349632143069,0.864665592808483,0.853225276579139
0.928633076122762,0.821420466171129,0.818539622810649
0.889020204245335,0.77805327569499,0.775043260733175
1.01217010641546,0.971396614737875,0.972839649404114
1.09516527825064,1.15696611426474,1.2028127600993
1.05361420584095,1.01069144630252,0.986013301171812
1.12803502785192,1.16723823567653,1.09083041445428
1.09188028657286,1.04011481349802,1.05792757878519
1.15122524700173,1.11983220305521,1.14665965706534
1.2717507339986,1.2738382484499,1.30511956414883
1.38374679396679,1.48120590293123,1.66674371216698
1.38080681048231,1.44821552864763,1.72567495239202
1.54010170364554,1.57524038502159,1.6996321964464
1.77882194564225,1.92113624653486,2.108235485798
1.80169852621618,1.96897368976252,2.13497785845571
1.93040436388179,2.00969604842887,2.25379377981898
2.31952712444903,2.60550768123142,2.88691792269535
2.3603632170512,2.56525766219895,2.82498672531291
2.44548524517604,2.79761724013767,2.98370246354418
2.83327991993239,3.11184504875891,3.45555325568316
0.987309152910407,0.887772611281361,0.931172210278907
0.964699492175054,0.847070301039316,0.89055757165699
1.00112000306246,0.901214317439873,0.972482771923765
1.09876239019842,1.03291176501819,1.09652782270362
0.958355913576213,0.830274320744855,0.93090662337281
0.962203378353243,0.815972637928684,0.924459063918163
1.02368093738992,0.909749897515178,1.0407419769585
1.38678603183986,1.08540607201435,1.61876496846279
1.34675959917779,1.09048565393228,1.39135783821395
1.46078938913955,1.2408251680163,1.53662901279124
1.81905294889835,1.54115496431971,1.9541790436924
0.936157818284934,0.806218872720462,0.898654972620546
0.998186249270036,0.90942040892154,0.994539133486448
0.896049849094264,0.739956037276076,0.835801948969732
0.899646226753873,0.73604351110713,0.840600064449819
0.887801317887858,0.726297898639844,0.818345135976216
0.894938675928563,0.740746436587328,0.871020592407373
0.876160861145308,0.708956303620671,0.840216561786925
0.918223402480698,0.76423269238157,0.89100521352781
0.907007838705105,0.761949528196345,0.908022051897929
0.848041164978855,0.667120079631151,0.930945161357285
0.887072732915608,0.725628129937263,1.53296573288191
0.878407431673572,0.71145981735118,1.50907422479963
0.827848719150446,0.677977303376493,0.886564672382823
0.879234510800741,0.901758697701607,1.45324255327666
0.888441155527726,0.853117329731997,1.48439288627951
0.818957214743338,0.684297391553804,0.867589016553677
0.881727637143676,0.853345838192904,1.14637818276168
0.883372741888391,0.920440922430057,1.09566013026135
0.817236508071017,0.666159758457851,0.715059067659855
1.25719869743728,1.18681348744279,1.1917804125222
1.2905440964343,1.16116108696294,1.20555530022028
1.27191043082593,1.18980692990876,1.21676494960502
0.925059613393169,0.784530616375281,0.8275888125925
0.983513914648908,0.938370715336219,0.89217492619633
0.979418879301119,0.78276627396291,0.867735867383848
1.0351795468889,0.818623619818342,0.90906512577505
1.03119239942238,0.858658309731929,0.942702612912933
1.08386832426388,0.908997917035175,0.982426962284403
1.09999556422192,0.97733869413538,1.08674711245372
1.48301679146169,1.53400472632979,1.18755119330205
1.57493592074815,1.69438596026694,1.47128637670717
1.79889133440322,1.97645540836903,1.87258798996356
1.53639192592268,1.45020173214629,1.89676661579611
2.0425794632031,2.00173049716532,2.38473596364689
2.01839363015283,2.03509237898009,2.36877886479517
2.05271143678645,1.99281871773345,2.41102843907285
1.02560342399511,0.860872702592315,0.956679064352564
1.09199356990724,0.960451394163703,1.12454250034083
0.99191731213126,0.822859206371261,0.916626563261368
0.992550186580621,0.835538695952076,0.957065607779443
1.01380332943932,0.848557385309809,0.966848337810484
1.06371036712104,0.914413735749438,1.0713508601766
1.00198204670014,0.84583223384618,0.970308212030376
1.08645270115968,0.931335101914298,1.07487442787014
1.0327553587587,0.890570419717177,1.0502338275855
0.937100864019888,0.783630326491078,0.855998972897832
0.901870129756207,0.761232726315872,0.846299561631818
0.954199877647509,0.817312190690993,0.935752498792148
0.89012766197583,0.75591172583949,0.823622324853401
0.917909630991211,0.794321510531782,0.889965438393666
0.934576619754546,0.80734737940598,0.820084312807751
1.01354818014093,0.916287937434105,0.903179035068857
1.09754992267892,0.993593762426038,0.989550132132348
0.988001072906233,0.829765289404929,0.867476239938697
1.07909640507594,0.912007450249995,0.960720891647955
0.996016067317495,0.854827457337189,0.853416569590529
1.10799343301836,0.970169895470532,0.943547744243335
1.03768114035965,0.8732702197003,0.977442226544387
1.09567320645458,0.946179082574883,1.0417122796495
1.0383253914517,0.871638511384101,0.959774054648832
1.04024617694458,0.861093034135056,0.932676805375578
1.09286597437483,0.947069460429119,1.00584638865531
1.1451661857201,0.989194367790926,1.03424911759525
1.1029188087662,0.997316821525992,1.0133158070045
1.25059543383296,1.14818448364626,1.06683638396379
1.30852638338689,1.200563509722,1.07279585058338
1.16448700095366,1.10481085887879,1.01766488689032
1.44191032930357,1.26177125592565,1.14290495575334
1.36699273281845,1.2602328963021,1.09502467441852
1.14375010810617,1.0034199822963,1.07998058545564
1.23613826600735,1.11584816151509,1.19410179700041
1.13699454630045,0.996369636689125,1.09022826649221
1.12895099345839,0.980424390428655,1.08786073805061
1.18974394589873,1.06477982091052,1.16616097748449
1.24179376780624,1.13790552389907,1.22521279203928
1.27161847555982,1.15796334038692,1.27561411113273
1.14311669182936,1.00372528638822,1.23191332970322
1.13900016091442,1.01616540675613,1.42819671737796
1.18825788695274,1.05416403308283,1.29403452306912
1.26606102931145,1.14906573360211,1.36241393434892
1.19666990250843,1.08666334553968,1.44312215066742
1.19735321544793,1.11850599614448,1.60147787585777
1.32990971318914,1.27484761566285,1.50984355200885
1.50795985577207,1.63902554158229,1.78238447888275
1.46643705906211,1.53392925668408,1.88734142802618
1.47398433098527,1.51670429736504,1.97604994414829
1.83764773548632,1.98724370961513,2.29943551263431
1.86817030400821,2.02543396577961,2.47292858010697
1.82481136101447,1.77687717030212,2.53994419530923
2.25808996519504,2.22261184530849,2.97021828813349
2.315280319473,2.23221815932415,2.64577422511024
2.25210870043424,2.23388777425517,3.25386220513128
2.67685053782316,2.66385401112138,3.66355035464865
2.68565396050324,2.72927583220724,3.32504432468601
2.74510533376869,2.69134751018583,3.9806389657858
3.07937250922661,3.03711034252002,4.33392717164366
3.1105851726042,3.02814323419773,4.31550760172272
3.11139830943292,3.07346938932628,4.28819176747549
1.16623058339102,1.04892517322438,1.69520823784596
1.21710355985548,1.09344147810365,1.8474910864057
1.15799108075796,1.06514563204125,2.01970480866936
1.20606411345263,1.14724528039642,2.12980484850116
1.15764268838506,1.06027352206428,2.42883502655531
1.16567285340161,1.06269541848749,2.70083613327153
1.19205353243333,1.10724920175922,3.00203126356412
1.35508212023186,1.4387354730541,3.14486171174549
1.52629061485898,1.42832055876728,3.6344702921345
1.95098642691726,1.86003926870281,3.99675147051404
1.94158251162353,1.88287538894595,4.01100157209519
1.96203949535347,1.91023209502751,3.96530624536961
1.29207296124375,1.26593526646738,3.47239335287316
1.81855731314043,1.77156157494596,3.62423570080885
1.62988852735033,1.74667738549846,3.619158042283
1.32714427142647,1.25522104545794,4.35352440967343
1.74382179902935,1.69118981211159,4.73735512345222
1.77358709354438,1.7002643745544,4.73521647248857
1.76993198222435,1.69845808745467,4.74089964307412
1.2630463908703,1.15302912052702,2.23500056804014
1.38317034069279,1.2698189142394,2.03231282757839
1.35222142225789,1.20889852966667,2.60263723326041
1.35138181161123,1.19878614842759,2.98020885078745
1.57115551120717,1.38741255512694,2.72547985919483
1.61872383204494,1.44150552281378,2.68953861559295
1.74653646887627,1.51738229000758,3.37166841462916
1.94656974561737,1.63485439908959,3.71369346926603
1.84959493519618,1.64996231092299,3.54515137669262
1.96623386278243,1.73729373397249,3.93874617580796
2.33620763519072,2.32105651841288,4.39094107605051
2.71651112555946,2.86118790792992,4.38058281014243
2.73375553040863,2.68483468579639,5.24115963273683
3.30061664543447,3.38693299360702,5.79785665549693
2.81902020377136,2.56480030777184,5.6509929395456
3.23204482548771,2.95351126967261,6.41730533197123
2.50475335431357,2.18811003635718,4.54340272551044
2.96417760532953,2.67897858507981,4.64591620383835
2.88638179923352,2.55360592702622,5.36475390561478
3.52504840884702,3.18870767185122,5.99541760951718
1.72297795516482,1.52618912101774,2.57878276471569
1.73422052645285,1.54391897235694,2.68281752317477
1.93125638122152,1.71106226897531,2.61051213307275
2.17145591476245,1.92633269704891,2.70207012420865
2.17296882360388,1.956484745625,2.6481405956466
2.27017149149064,1.99912877816247,2.88097939067864
2.04150637239903,1.82077730794314,2.91072439254143
2.07204678132768,1.84546279767071,3.24108143311755
2.37453806455554,2.10733641627035,3.32016276513701
2.55222328012029,2.28469189049429,3.67773134399933
2.53753328388131,2.25953614876716,3.83330677500035
2.43795143187497,2.17257485003725,3.00955270619101
2.55995064007307,2.33372985479163,3.20132262389858
2.69897654241002,2.41719757339141,3.17855901282525
1.91941163591299,1.7476523985202,2.70254929386324
2.04887769971452,1.87343408173574,3.0335220290365
1.76212773096136,1.62293119266288,2.63543921816191
1.75249037122771,1.59861453416309,2.98894334435789
1.6793216691208,1.58292424570688,2.4946876167475
1.82196574297122,1.72741880920169,2.72320583427037
1.61561177078088,1.54447464842291,2.42287711512242
1.61599186341076,1.52427738476283,2.34373659252665
1.66223715243278,1.54549510641693,2.38871158229882
1.60797503065202,1.55978049336333,2.32289245624524
1.65490067070068,1.63664372513687,2.44170088869997
1.6370971186958,1.59877024136566,2.30382279625392
1.64000364466645,1.59350234041371,2.22422384616857
1.92767401386327,1.88243242725738,2.71313517912217
2.25160437159937,2.25628909797742,2.89695251769812
2.22790503757694,2.13582753510735,2.97107868182676
1.99662560482265,2.14211465430051,3.22683582106679
2.27715584971548,2.42277380578595,3.42476275147162
2.31999573228407,2.53544663416744,3.53775819668659
2.36952605179165,2.55974088403921,3.84202933083856
2.74097278813364,2.8859387985308,4.08437224236636
2.75172766578404,2.91486845619339,4.11924880771812
2.8793070515876,3.12756807515287,4.50662526612062
3.24261890502816,3.47662145233004,4.76445355326072
3.24494869264536,3.48570870903527,4.76968736843507
3.41920549558657,3.6926467118743,5.15315588962176
3.74227993085113,4.00548855466733,5.45477688342572
3.74871622423761,4.01367946183253,5.43812119474859
3.74068108411118,4.01651983133804,5.43226959769932
1.55835995186521,1.5420745784184,2.17629647609093
1.61734140284903,1.61267272112257,2.26239094334547
1.55321658610944,1.52690507487613,2.10620972627829
1.61751514888445,1.57709439574699,2.17773810857738
1.57977182333497,1.5536822114049,2.0587242646613
1.68378252530539,1.6420202494619,2.13208740863384
1.71343297841152,1.71460736306934,2.27922820978208
1.44195827945326,1.40651806044887,1.80818206749133
1.40466419906264,1.34169463315672,1.67258888201499
1.46633932780126,1.4705333573736,1.87213678866716
1.58740173334688,1.62633022888068,2.07968029606093
1.41572557656869,1.43247796857835,1.78442785018323
1.52673796804156,1.56274150667709,2.00351093642569
1.41830548864139,1.45472294317631,1.76522579621795
1.31244541370342,1.30395603279786,1.57723681189198
1.29163103841475,1.30702703979073,1.55545721616284
1.31436432735104,1.27277181045227,1.56109442023559
1.40866466039413,1.36505681355622,1.73280539966811
1.25064141461721,1.19040667740907,1.4256759486074
1.18828534898818,1.13152526490904,1.32768394892244
1.34941243216438,1.26931858392917,1.5794088243665
1.64151473079705,1.4972053356621,1.91423008563024
1.45688111842616,1.37089236182859,1.72808617004548
1.4784250618585,1.36682456360008,1.83051841442598
1.69134625687386,1.57033761174543,2.09269750191202
1.79417782485011,1.59800088224163,2.15008696810538
1.66704777725429,1.5361469358827,2.04296735452392
2.10439589130474,1.97425284335987,2.45543773661704
2.14191191423648,2.03143223403038,2.42709214893413
1.23811000841134,1.19282275238011,1.37515930254074
1.38657804175235,1.36261948588207,1.58117832513301
1.13707583671743,1.09941277556445,1.1755001429334
1.13253904040819,1.10340435951777,1.1341270302657
1.08946665230684,1.10234680398958,1.08427248958646
1.1350109461596,1.18124311300047,1.1456222427003
1.06187717597334,1.11831938787801,1.03614045381439
1.05474518435399,1.19561480343319,1.01480773028344
1.07164481564539,1.24848393140018,1.03581396502918
1.15306016828884,1.26262424306554,1.16991768038429
1.44394882264666,1.60329925100538,1.332972107371
1.52373935532117,1.67638501180667,1.3135644239226
1.2845268879316,1.6399078933299,1.38989543251555
1.79518299056457,2.17331173445722,1.73756168313492
1.67098303630289,2.10238056398935,1.64932893842562
1.50526965131443,1.936230454551,1.65934527455316
1.85432521274478,2.32853752631732,2.03732693091955
1.90866749153781,2.38962350037652,2.06698793411818
1.62395713057624,2.10372080522519,1.94188512191962
1.95461243319407,2.44361505587328,2.31089090468582
1.97054452737702,2.38436822954726,2.31697897106576
1.95950762772389,2.4191446431391,2.27339219896701
1.05387146258318,1.06325781982672,1.03261706389709
1.10411350847969,1.07488866882035,1.10034343818974
1.05597853778598,1.12773883062967,1.03034426616078
1.12607941707066,1.24541178139321,1.10243194143987
1.04463666077965,1.13909929007146,1.03791899747136
1.10809221805769,1.1770481582019,1.12540313158577
1.19595966929755,1.30558807629658,1.19421602884127
1.6153590644853,1.6765503245345,1.5081483552977
1.53324908475882,1.43480221687884,1.42266305672562
1.53486151386904,1.54444163617,1.63224705434825
1.8767586080824,1.86104171393337,2.01155175585403
1.96806412264221,1.88890714731264,2.03779768455607
2.05427877955895,1.97997869251387,2.15183774454169
2.65329439421641,2.50847097376818,2.75236186476944
2.55217639326098,2.56878205768365,2.69363658625776
2.74085699764062,2.80917121799716,2.88556968657814
3.07594296713714,3.10415240459654,3.25644308460905
0.926952036658442,1.05045848397063,0.913234805534749
0.920128333389321,1.05062462992166,0.870710207151141
0.925678915897359,1.0615314386185,0.950788533250244
1.01821047835081,1.14759980202436,1.06125496734944
0.872684547302587,1.02378679157331,0.917441454038923
0.840167207895707,0.984476752786197,0.859200782265992
0.921108154248225,1.09063863644389,1.01108371287811
1.0101789969957,1.21534897406934,1.13973945019823
0.9586288876678,1.13047433405968,1.07267139220918
0.899495400147809,1.03365606201113,0.949718624531289
0.938255539225351,1.10974443380943,0.992757624492648
1.00739371880937,1.24714210398509,1.10235181019825
0.929148369429398,1.04917795275841,0.937834214418396
0.984219161974703,1.13816188890213,1.00969266124839
0.889075797688899,0.935853843672151,0.856538020708977
0.872183712400253,0.93024217032656,0.871147313864679
0.881286915478596,0.909233307464587,0.876563611384365
0.915631651697758,0.973824728891422,0.951020028088072
0.891958720466043,0.893109613606378,0.855527093107212
0.935840301625383,0.958289090038597,0.920563475471175
0.903251219480078,0.901142910789133,0.832655829521132
0.951830029616644,0.958498880278818,0.877909804998544
0.904044014142917,0.879201911083901,0.830897644237794
0.953070703545293,0.928457617911487,0.870770993768865
0.896706955994288,1.04589647624336,0.952391011964554
1.06498283656461,1.27976721489649,1.1302557043763
0.852687117676308,0.900783737857116,0.885597565936453
0.900737698323764,0.873210944611715,0.913283534780361
0.884610746299124,0.907799186680315,0.901104798641297
0.938441494678392,0.985139992105728,0.954719089818533
0.973719428607391,0.994084041638898,0.917804935623374
1.43832903676052,1.35038308632527,1.02428082700672
1.38071745748299,1.139422754431,1.10095508064171
1.91628618746773,1.61565967169683,1.61125888119942
1.88139433798556,1.62023767730649,1.53636660755301
1.88757864424028,1.6352838474498,1.56345966032942
1.4375429852869,1.29669320985675,1.00380013847967
1.89236795241773,1.70454303180458,1.49559263986538
1.99096500045593,1.7551571745234,1.46968341443296
1.96781681447629,1.93970501581977,1.51314260649853
2.43209710380604,2.45239530329484,2.0642092682108
2.39589299400236,2.41654637352849,2.05255684616377
2.41676427075636,2.40369194540715,2.01538753466277
0.855056508030906,0.896743109067432,0.902296720491999
0.88202306591084,0.941131544050351,0.912339653363123
0.878887578976724,0.945854976176649,0.951853882535078
0.933959925912198,0.998770852880761,1.00692050322698
0.907834637579697,1.02985168192638,0.985010036520537
0.909882392092421,0.96024169509885,0.974547293706376
0.965776807044903,1.24120988058605,1.03976226523212
1.06300436402392,1.70968607323474,1.12520492086797
1.06803852202155,1.64557863319163,1.12544525178823
0.918675022608247,1.08809825223143,0.998774784763009
0.986218248502998,1.25360896018639,1.0706427454506
1.14087414161802,1.44278628240708,1.1778494853079
1.04361614625393,1.39883105420893,1.18726346647134
1.1371241915836,1.41404520884608,1.30941805331123
1.14316791488888,1.66394244558709,1.30165538281967
1.2248349631854,1.92228577365539,1.34613132829435
1.33411882507803,1.81213840597557,1.50269909893829
1.69451789648918,2.02653596780336,1.75787405678768
1.70936063209322,2.05745728074272,1.74212593423571
1.74732885865958,2.4910212805743,1.84696087492204
2.23255317706221,2.83278633634791,2.09545233395006
2.28244967463628,3.0508908068961,2.20300902452963
2.10955035346309,2.98800939731373,2.312216329371
2.48120120816476,3.29602229858024,2.68529603942776
2.42338070025994,3.08970263861598,2.71039091145801
2.80711811220004,3.83477271586894,2.82949817231199
3.22520246192067,4.20628168280503,3.19141717166948
3.21722317722889,4.08258029527497,3.33319197684086
3.35582306603821,4.57287285732366,3.07197558549111
3.68064630447507,4.91333467183104,3.33053653633139
3.69271938585493,4.83879838361368,3.34204064681197
3.66612563182025,4.9437334048192,3.32392583795316
1.11351451513563,1.68435617444669,1.66319632748691
1.16303683340436,1.56551098070134,1.95781568324927
1.14227344855954,2.02417080043064,1.82839418647937
1.21393734908066,2.23103768963197,1.69250572289671
1.17176900749631,2.22992432689329,2.36629189300283
1.16102365695751,2.16074616314549,2.7282652344109
1.27830124826013,2.70478944100441,3.31972104752823
1.45961627392108,3.37320528331321,3.80744514232838
1.43582460869748,2.7147214629429,3.8595408778147
1.38685485399779,2.93813679036982,3.44289998969552
1.83493829602058,3.36165478315738,3.58964571864598
1.88305454167352,3.31988175354029,3.86302494758497
1.22495458071405,2.26274039085838,1.9158440465028
1.32928642349942,2.34344455506774,1.94433248468497
1.27800945991083,2.36103396213376,1.70676808058874
1.31940774903576,2.43181027436794,1.91078996094706
1.41763567301485,2.5075526819633,1.42456354480446
1.50736621108587,2.63423905622213,1.50086033853176
1.55287320187512,2.49523285222746,1.31630733223493
1.80370783302638,2.83972337703278,1.73943655287004
2.13876881580806,2.84168320381743,1.41420149217194
2.58668005401881,3.03684687133711,1.81456683693207
1.84437192062529,2.42685045343004,1.5066945158276
2.32198317491694,2.66562311519341,1.90932181615272
2.22165179736263,2.71794331260034,1.93489389836681
2.26568541526412,2.72187049278413,2.02000865413119
1.52863546869937,2.74340887231399,1.5197478606741
1.53761648460054,2.7498014129182,1.67787974357904
1.75505667363617,3.05074853791907,1.56266360091376
1.85379721982214,3.12734746469109,1.56169083634083
1.95718332499053,3.3481878854569,1.71706854426688
1.95845141334076,3.34148480280181,1.8008903865308
2.29822104023053,3.83245074297995,1.95541163811399
2.61163400693153,3.83593658240075,2.13602955808803
2.86454341303616,4.52217688469757,2.4018267618345
3.28391095856297,4.87031078186694,2.77086512183554
3.25222708045665,4.88818706686826,2.81298010494417
3.27140322443212,4.82742976738549,2.81987278059983
2.75415967433149,4.22560373552653,2.51652419174051
3.1234020348584,4.54172105653864,2.92765351357963
3.19458715318867,4.55237058933718,2.93485724309611
3.2075380324929,4.46427679657752,3.04129756587148
3.55799428359005,4.66937653794159,3.41075859947484
3.55985807099435,4.68969426179434,3.4092604708717
3.53473398446661,4.71591236003736,3.39878128432154
1.96701253713567,3.31318815303761,1.64961567533766
2.06352617574816,3.41775570411739,1.76656749266784
1.97438240524173,3.26658978886959,1.56192285833083
1.99411060684731,3.25763076887269,1.57292549718371
2.08835221324437,3.38042724023956,1.5782349225217
2.28390142503267,3.68076037643469,1.73341258862245
2.29112869107789,3.56692286929271,1.68754319361184
2.64773835411312,3.83314351227066,1.77319744988226
2.66861204687073,3.60148088731435,1.92106542802558
3.02309642054043,3.83812772049775,2.24391118833764
3.06787773089766,3.80786897348315,2.27759744592937
3.02099665311246,3.87684334082592,2.29516227659629
2.64782713933394,4.11364322639165,1.94683039653318
2.92578369238072,4.38094264341077,2.28444642552047
3.02474413492031,4.30650148608545,2.24325742740909
3.20246243039128,4.7714848861624,2.46612395298273
3.558176707306,5.09748098506206,2.89938789092944
3.57474642021598,5.09293805041752,2.82227686156795
3.56135734856911,5.07710083573474,2.89592640238885
1.91391495496576,3.09326774631433,1.44530930140621
2.06074094340172,3.29689353673462,1.54578739898231
1.68400118400877,2.69240300930474,1.30042963090829
1.63863591541527,2.59131090903806,1.2917317797448
1.60967819130456,2.51349743191946,1.25659786529852
1.7302320096214,2.75259413352936,1.32671221181814
1.62229240484227,2.34813637031513,1.17771149680032
1.57091224399968,2.14829642080961,1.20242354096893
1.68253487067188,2.34245023163846,1.21633928073722
2.19707608069535,2.94769304858652,1.33267400809462
2.60215318351533,3.06863166314254,1.52915592003396
1.80898965150703,2.62149145661904,1.16622350111167
2.29494198606341,3.17615885234528,1.35252199348118
2.69012696877218,3.50243919553785,1.56902245635816
2.22328951627701,3.05176176694851,1.26308665609958
2.082778034349,2.73226378302596,1.21560301321066
2.50039346405225,2.70785750689103,1.38763734696171
1.51211452172434,2.33252113198387,1.30054631217524
1.56967169811377,2.26826440878849,1.37771739617489
1.50929869587668,2.37211314056934,1.34134171375834
1.5936074465637,2.51427046013172,1.37122801972102
1.51964450384239,2.30637762343537,1.41529408961024
1.64258031417949,2.46942163877808,1.5151915821559
1.62164422435839,2.38472899460465,1.49455118073639
1.37036698468742,2.0479052802307,1.3556237892361
1.34293296679254,1.8954415931637,1.35376340791978
1.37996240112244,2.09690948280987,1.4265389552714
1.50090493618184,2.31057183503869,1.55630095522668
1.31689654861718,1.96071900980451,1.4132568309679
1.3380459284783,1.93028993162909,1.40393992461149
1.47906973284725,2.21313772917633,1.64628451286931
1.8842483908705,2.38825516831855,1.94673691142884
1.78782842976382,2.55973524500232,1.82455551002188
1.94179041700641,2.42744999006447,1.92714631446104
2.55407212446475,2.88274697688796,2.44204044978214
2.53023131330528,2.79264581569032,2.36825043000265
1.21707873072403,1.75484148092809,1.3167767957109
1.2982940068316,1.87865359762124,1.45642918165001
1.13560370574885,1.54549622384233,1.19100529745951
1.15757807658274,1.56735871037451,1.20603234533983
1.09620282657112,1.40151492206464,1.14925223537842
1.15949811997486,1.53242889175951,1.30384788251348
1.11805234203016,1.30064047473493,1.06609194514982
1.35830587280775,1.4958874057715,1.14871481583703
1.57143241772842,1.45815849985301,1.13855777000594
1.55014798947379,1.74259787747411,1.32944767257523
1.33012905416667,1.43043965450798,1.22109709233192
1.79428424139059,1.81276138607215,1.6166103132746
1.81522684950006,1.8039594088752,1.68639484838638
1.81108397537904,1.90054407650836,1.66577812701751
1.106858777949,1.37876173325053,1.26351580344683
1.166303119603,1.34893705290115,1.33134053639879
1.18060139687559,1.55293639218888,1.42655199756006
1.25537552308865,1.70547731980344,1.4559490434693
1.28621223684664,1.66437686959172,1.67617499560039
1.45909395725212,1.91769045408854,1.87202833115143
1.48626854072298,1.90391714256862,1.96402904634051
1.58856115260079,1.83152346727298,2.0159459432177
1.67761989916813,2.0404247818675,2.20381953084491
1.89600713390759,2.27376635913716,2.25619033724641
2.50022588087558,2.49785276458032,2.5591667712246
2.29897679570821,2.89830634974421,2.81035497387591
2.6052703400753,3.21287202119117,3.21577640671069
2.67389135330467,3.35791401340622,3.08860534317197
1.17475233082262,1.43602322843583,1.58724563664543
1.23398332197208,1.46957489887493,1.77179598913623
1.13866127802192,1.36206755424346,1.44565533180823
1.19999238453824,1.4561678987238,1.43486806657949
1.15066984538811,1.34921204661385,1.50295886933354
1.25456718853774,1.5169997383426,1.62153174142752
1.25346144165474,1.4734849730016,1.69692489326432
1.03688778520418,1.13434183606349,1.30281183843787
1.15257682769692,1.30130965526776,1.54745900308888
0.987857039625643,1.03346464007691,1.07894059121195
1.101416047139,1.1924928460032,1.17411722571094
0.945950767577083,0.985763746173028,0.975404559601718
1.02395943159817,1.09370919300492,1.04029346363671
1.0350665608305,1.10380431204398,1.03017749671627
1.49095964304094,1.55795196712617,1.49345058579287
1.48135193319494,1.52719788419899,1.4754603126132
1.5179230422865,1.59430270478748,1.49465035725136
0.903527679121751,0.968157726832688,0.924266173638866
1.05319047287313,1.12914160209656,1.0742841717605
0.836233371604564,0.884578182925168,0.859759555909364
0.893228944075266,0.903584969886615,0.937544926472706
0.805524272219221,0.862292974975397,0.826338157745427
0.835418140287744,0.93305596338133,0.882672211753485
0.832903921219789,0.927034727661106,0.852256506999193
0.850745721221312,0.92582963485805,0.850423089512413
0.877469409558908,1.01175161912991,0.906945821807057
0.892719156780652,1.0862047632766,0.956572819940468
0.778498302074938,0.77299875401386,0.769479696933536
0.813842585573097,0.77700451759391,0.765768528426032
0.780651527266469,0.76719068334126,0.78035645547856
0.83641674532464,0.833176772879431,0.841376732532236
0.756945480719845,0.722309979669698,0.746851684950075
0.765545435415493,0.728512285207708,0.752304721178665
0.818779063125064,0.774695150430404,0.784717586313715
1.2080673722666,0.82359311805617,0.826552728066417
1.05319959925581,0.80837276700548,0.841400506296715
1.57555783727628,1.34027424053932,1.37734680148734
1.58307174398913,1.30609093445796,1.34781385116853
1.62008176332679,1.33402920735716,1.32636762411009
1.23586921910455,0.873055387328488,0.831043767919236
1.70363992378394,1.21611997458864,1.04844288912409
1.80620037818222,1.2250690230028,1.00998774146792
1.89711119044813,1.10565900648597,1.02456268287194
2.35374634812608,1.6155698008502,1.52277771194551
2.4156354539399,1.65121420238139,1.53936122262261
2.41086561074893,1.63896943920668,1.5457607982104
0.747808483743785,0.699452195555285,0.72480693766127
0.78957680898228,0.752627888323048,0.767822337709328
0.739352500327409,0.677126835710689,0.700953875984683
0.749419695395015,0.679982202157971,0.707066859870225
0.784708950383308,0.711709684132524,0.744662221152451
0.792044240001592,0.735613481491268,0.762571764853627
0.746717330659703,0.681791539493013,0.684378369480485
0.775632423489802,0.744673423582129,0.727128470123368
0.771406988340235,0.67845151187006,0.679184885175649
0.803868429455712,0.704367600974302,0.697936999344851
0.847728114924668,0.753166384896907,0.735652391006746
0.770151000099506,0.693804841382262,0.695485669660666
0.814902327639085,0.742096096075725,0.727456723022157
0.837145817177869,0.773752979314522,0.761833011221579
0.756726441205787,0.696010254420945,0.684788525514535
0.774437013168263,0.709557354256654,0.704720379390204
0.781795135090067,0.755357627327749,0.709837705009944
0.815331108323254,0.833898530554071,0.771136858608767
0.849712467131796,0.845594179819853,0.797715999766391
0.853943742160679,0.903870328537474,0.840278655930797
0.802105318193986,0.821307357261632,0.729266214123935
0.8375207201057,0.893647288570168,0.792762824271376
0.870449385346287,0.997374178900754,0.816551805601606
0.99938915602388,1.41427944966804,0.973434136267188
1.00949087490406,1.21498054355149,0.998812114278916
0.8746303888316,0.968549352304095,0.852256874843509
1.03661983384709,1.37896300319854,1.06895760999271
0.98870059501248,1.11341264762705,1.00508502589917
0.773271534418254,0.735397975308632,0.671990501826769
0.795145092967559,0.763813471156733,0.696093434558288
0.757102678491964,0.682671170364034,0.631705172861359
0.778139035680599,0.709291802554055,0.652197248535214
0.739008329222771,0.62933613423297,0.594563936533595
0.770568397576139,0.661900868947697,0.630039157778532
0.737495284664481,0.621103214829117,0.567753513956149
0.786474080839084,0.687744073081799,0.623688627120536
0.749531740627116,0.643145645562643,0.589152717461497
0.73271844834573,0.587939634985589,0.54187875872479
0.736494255166794,0.587851147715409,0.560379434811901
0.781925668577121,0.640240468730602,0.598102418879075
0.736651977372558,0.591991395103135,0.533839395791032
0.762352158370165,0.613066505048879,0.555850999618835
0.782097433810479,0.65742989175933,0.590022664451663
0.727724285971057,0.594218197896625,0.555718905675978
0.759937619136408,0.63865184101623,0.610473179832618
0.715741178234873,0.576974926119354,0.564567970673302
0.725212208255877,0.580816035714509,0.581066517315149
0.74130697731678,0.597762581372097,0.594722574579751
0.746096049428289,0.601112227384473,0.618612532500511
0.746351890859017,0.616136594522781,0.634240680614029
0.776212222486286,0.647126416808802,0.673692303303856
0.787633816572761,0.647669818594101,0.707330569164664
0.726435780070718,0.608161812883679,0.592426297474817
0.749024139409418,0.62039005301656,0.616927758739552
0.725037654488907,0.623607068162456,0.608966703974202
0.759796362516679,0.667412529969933,0.65287755002124
0.72871889644145,0.63125462171083,0.623343773826457
0.751534162534316,0.640751686332675,0.622978586694746
0.760985728328033,0.658846578300757,0.672233486655863
0.930440518434839,0.730881190715167,0.744258135797349
1.02523302702758,0.653953169783222,0.667136977152214
0.87632671467338,0.630782231144123,0.65359016555615
0.817825338671416,0.722408295135352,0.761977285080074
1.32447785594664,1.26520918373375,1.29936217957548
1.37193685167368,1.28273652804727,1.30634209811492
1.3969849113388,1.29047182664603,1.30431196519433
0.73953679951003,0.685155442288344,0.666744411861639
0.813330958666229,0.757155271130052,0.693058257468299
0.743078442988365,0.730003382484254,0.733239451712529
0.783245364912819,0.772317105661643,0.784604384470665
0.770348222436867,0.799355660539757,0.795824040664424
0.789758078767,0.875161823196354,0.864903956283686
0.809174504916897,0.896528680901391,0.78917809529607
0.906190789860521,0.920965102713601,0.801174966724009
0.91817537598536,0.981416481164281,0.863730282323474
0.837557938974921,0.997572544482593,0.791285562701356
0.950404391976462,1.12350691723408,0.877256888172751
0.934080307816406,1.35644194834705,0.812692383594557
0.875881390152559,1.97741120502578,0.807331250706981
1.02043670456839,2.64394632030029,0.914851435067844
0.890273062737608,2.6635302845589,0.856998038847052
0.923934979272362,2.69795562386137,0.933338956370968
0.942108833414547,3.42109311684015,0.891190823422179
0.79797504846184,0.778368526855043,0.85717237676609
0.918749003989103,0.947096860359944,1.07860627082783
0.779428652945702,0.698621805982433,0.756349072677772
0.818684097937833,0.745093710003005,0.722869530741479
0.793275205010462,0.671603532390079,0.821980285891601
0.82564265613116,0.710105846127217,0.937557767972076
0.843737966509689,0.730617054606491,0.990018491517791
0.918146011376281,0.872922720284489,1.31332525326865
0.880881695991057,0.788999212756355,1.39867771280198
0.893191095407333,0.736442882313548,1.34611013896332
0.958191166208016,0.829795615574321,1.62067353884862
0.990837298200305,0.891671133693434,1.95093194952536
1.08039719696002,1.07720049306884,2.0938551785997
1.07112681511351,0.972879502071355,2.44120838117636
0.777382031607601,0.642780667850121,0.723500523130581
0.914692522947712,0.747941933319854,0.841311856038154
0.75740169102961,0.70587579928963,0.715180748937484
0.872554774887629,0.8990329878574,0.891476364951822
0.728153561757304,0.691587165277641,0.631427166307394
0.739450011444751,0.713209615709844,0.651146757996439
0.782015993038261,0.830002603355959,0.665146222327982
1.31976299279523,1.45679883267747,0.838167608449622
1.41272626429413,1.47106917252146,0.801305627276219
1.04991590659379,0.944077246844499,0.692375955457235
1.89651638898391,1.76862378770242,1.03224275294858
1.52013088187286,1.38022822462798,0.894246147688559
2.05709441217708,1.95607932582653,1.45809176488495
2.05756399471932,1.89909601478541,1.44366083293174
2.03829555314929,1.93207196626941,1.4573832506684
1.72522581743125,1.74640362833931,0.949935169681146
2.27739706045296,2.30568978873909,1.49598398886846
2.23810729703586,2.28333176175953,1.48553490760743
2.23132159622735,2.27366779296567,1.48886601019987
0.742516098131679,0.673027190281755,0.600248785130342
0.821885901403291,0.748149347996485,0.678115488752864
0.738854596874777,0.650764919123789,0.571703705919227
0.749744040334936,0.660792907393444,0.59215859377783
0.753504117293303,0.657485671951425,0.575327412158051
0.791018636576545,0.7175473049998,0.636206312542872
0.805936452405894,0.664288204088932,0.613723394801425
0.870581068962174,0.730071717270494,0.684915300144812
0.842597025734063,0.695262436713267,0.650988906405896
0.849161810383241,0.700829861269242,0.694756607911946
0.752531121823215,0.706131474241911,0.588876625793444
0.816673652074303,0.803849865156124,0.663893846610453
0.782890573957426,0.77796337146995,0.648387719368753
0.843846660114047,0.837657347297648,0.726977875145863
0.82171437593942,0.882715016687507,0.722928347448952
0.865216214115303,0.95177616281517,0.780625166095872
0.914829069770757,1.02035833327203,0.9288171408149
1.39638440035806,1.31097403339734,1.35265859886381
1.61188442196439,1.55286149273609,1.56678451199557
2.17714729111968,2.04358534613066,2.05092703797264
2.14959471364734,2.01171095179731,2.06413393939898
2.14408953941105,2.05262310758434,2.0944807831697
1.50526496509156,1.31695528602824,1.16699354964773
2.04767386968115,1.80577950247724,1.69514194987287
2.04106761391263,1.80282213798366,1.70162542583164
2.03165368413545,1.81750707552992,1.69304772108041
0.92312792277143,0.938186397833454,0.698510821830555
1.25051323381218,1.19650201251173,0.870300670212117
0.84949519952428,0.857587952513349,0.629638573524008
0.903806597482681,0.890678261129939,0.676203245073885
0.92169881010881,0.913270111495789,0.671737434209554
1.05309531498566,1.04754701798637,0.769126367535046
0.971451450099922,0.983327191254986,0.736200339097712
0.909173104279857,0.878176047339577,0.696618148405315
1.03469732198713,1.07519594496334,0.842974794650213
0.874181803683462,0.753457884266953,0.684038667095628
0.892678618236965,0.709984786573266,0.705829574397296
0.914847402192773,0.792967153858761,0.751126024530425
0.980581741957018,0.897962515310142,0.816902160457874
1.00905051894862,0.866765775217152,0.845590846118876
1.08347650008966,0.981769127351409,0.93180862925949
1.13770660659813,1.08090091859929,1.0438628349497
1.20480678248446,1.06291660947562,1.07545167313701
1.37739720508085,1.46315567285686,1.31812566897405
1.35653050620473,1.42511539722147,1.25525555108237
1.38029223397876,1.37940649974262,1.27167534608187
1.85854862796939,1.96601480879837,1.77520686306006
1.83612063369741,1.97640831463203,1.75806009520121
0.908108104711903,0.775302673925493,0.75729003854172
1.03380598788161,0.907160848460028,0.840089336487696
0.876666962851127,0.738718191555065,0.780120717951981
0.901773944251157,0.78720837604406,0.841277772497062
0.920995072629319,0.745253512583149,0.798104888752761
0.968540218924554,0.781140488087921,0.809693248009123
0.969704505570999,0.806063451618996,0.856777787271451
1.01962583712234,0.940540869189334,0.935306781506887
1.07465305005598,0.919760239174556,0.903459101616092
1.01649135788618,0.838837691039607,0.918830589173385
1.45788290155444,1.33589191572334,1.265541316502
1.35240171923452,1.35358123904628,1.29747958539711
1.84716434361473,1.88724902274781,1.80597127261113
1.86108724943243,1.87061529536397,1.79172904013661
1.82014222183718,1.86628415288861,1.74827580380566
1.32791885522882,1.12625636779128,1.00976418396688
1.8476688670034,1.68906802310758,1.5315417622755
1.81846768801311,1.66936324188242,1.49869275043444
1.80273410069332,1.66110245054823,1.55474511376351
0.963085270703611,0.807808433857197,0.831805797932422
1.05095080102647,0.883787340931397,0.866709846518324
0.991099116608604,0.890210814500886,0.911335323727976
1.02445314024382,0.930941201118287,0.98342015030372
1.05584015809779,1.044711224435,0.974126080451051
1.12342526826321,1.07720313498734,0.973173757852087
1.19728165805341,1.2733523080083,1.09816155729
1.28496579853249,1.30284221778736,1.13144647953771
1.21890903897437,1.37424738073133,1.19444448538921
1.34574137305821,1.50936317057227,1.18924345450056
1.45102538211406,1.77167150938604,1.3301562726405
1.44809597649163,1.8509353686128,1.41127399243745
1.62096086524397,1.97631174343207,1.41861579863105
1.74101139965068,2.1721352792879,1.548071296204
1.63743551931061,1.86734775841181,1.34775985365773
1.47243939821128,1.5764247528,1.20569549920157
1.52244796606631,1.49822551476413,1.18583900821815
1.4557267527665,1.35676809333777,1.14778282774499
1.71937536747225,1.69695175775163,1.29827526566703
1.79844716905074,1.7116153816937,1.34389537698557
1.82791081668983,2.04771938168004,1.44843932377488
1.98099098549086,2.29267697269086,1.59317210605384
1.85944588394019,1.95011204807498,1.41910733131955
2.03203802518118,2.13007467004471,1.54107584432457
1.03507275209625,1.15322416778683,1.05731062528365
1.07247399943398,1.25667200449371,1.15706481320872
1.08996620924591,1.28167900715724,1.12844954588413
1.1701263084289,1.29559131377207,1.14047318126184
1.13201163650781,1.52894269484623,1.27674575670709
1.12513650729215,1.61144316403141,1.34931385937787
1.2802227349956,1.67638832283783,1.3755612500267
1.35002421440698,1.68428203355282,1.40215266285561
1.39635023625681,1.7142028341725,1.3751752503481
1.40563349932705,2.01153943373352,1.60615930348288
1.71350445847157,2.51291469934818,2.07528719288112
1.68360737070612,2.32203910034084,1.99449053933811
1.22680722525004,1.72524430890071,1.36790134021803
1.37434788441331,1.76443369859269,1.37772709675831
1.28347700805704,1.97820542738509,1.53769957266383
1.28821733111019,2.05183580107634,1.60941516005654
1.46002393251968,2.2571753560488,1.70015505736114
1.5392715906803,2.26705672616702,1.66696298638733
1.61036031768521,2.52921373879925,1.9213960301038
1.78490438768879,2.90611101939577,2.06588028645604
1.92000546646819,2.89776015826213,2.17437403754848
1.79606473443608,2.61444013773096,2.07716081516465
2.15725355365585,2.9219385061907,2.37785984484348
2.05964143926378,2.88744905905736,2.34255711879841
2.10103037455887,2.97895552726446,2.43799710207438
2.5171939241451,3.38427265971547,2.89790241122984
2.4998089652058,3.26298329186938,2.78447108804306
2.55610144607079,3.39326785194998,2.85261989678832
2.97208252681286,3.72398760093105,3.25805932710613
2.98629761904772,3.68754309841607,3.19827418714137
2.91926328791573,3.87679293135363,3.25785863420139
3.20564151990824,4.18052490889165,3.53800747840239
3.19147011244489,4.17047302357597,3.5465601996897
3.21899441638769,4.15198578990279,3.56142103861596
1.56304357377729,2.45923016645058,1.81734916207459
1.77061613033695,2.71620686293122,1.97843053096386
1.53017190458118,2.45814289195943,1.81567165311399
1.45709394094417,2.32223778727218,1.75076637859297
1.70458370377781,2.75240760239665,1.98359892535166
1.80586762592378,2.96232781248663,2.1486893864325
1.79484258503887,2.91135527602043,2.09910890169323
1.9829420339462,3.0369578325406,2.17534629127328
1.80765919108076,3.2255566964562,2.39470726705557
1.77613398274993,3.00380935486629,2.05087359009268
1.63895857058147,3.02334598707666,1.99481068800137
1.82571799701144,2.8148353657036,1.95555186194797
1.79781473271783,2.73026977359064,1.82259365417407
2.04367698134653,3.0520721529353,2.14614069419771
2.12161577313248,3.19388894247949,2.29513686070264
2.25046826010983,3.18450793844078,2.21866607008893
2.42517544291507,3.40206390745308,2.40539080435241
2.42235977561555,3.30782130612163,2.30879703898738
2.34928938593329,3.19169223415587,2.19238765738039
2.68749205195523,3.4674314709153,2.433866826665
2.72393359814498,3.53905922652419,2.53866751094952
3.11757311265756,3.7716483716322,2.9072295200567
3.40448485317423,4.00675834022076,3.29968828138817
3.60760424700482,4.07971027122558,3.1674812094545
4.15189267685476,4.49909755704766,3.69942953800749
3.77753623320241,4.17726902412794,3.10799911306448
4.42695642457682,4.57582730654361,3.4524127228276
4.6396425516909,4.74020687869315,3.66294896360217
3.24340161137035,3.97362074792973,2.92658753478167
3.58737557682881,4.3286035678133,3.33067655747574
3.75134802738218,4.27273172015777,3.18852941394644
4.39166215744163,4.81098983757877,3.73087423483822
2.23996832842692,3.08994635891036,2.11467060995421
2.38135843076923,3.1722293353337,2.17335710146468
2.18422017536537,3.03831578571237,2.08450066187929
2.1667264868862,3.07443408876187,2.15674953977676
2.27787949276594,3.06203906002605,2.07674469512919
2.39785404949783,3.20976904196025,2.2194870963477
2.4418736026544,3.20879532509963,2.15636266541035
2.10829040530899,2.81203091518069,1.87859686328948
2.24649450800383,3.17478837604005,1.93447066193209
1.87659743892853,2.37631620354754,1.71939177230539
1.8490339704975,2.38220387151862,1.76721427396205
1.73732922767079,2.1164490366388,1.56097560198176
1.63600948333043,2.05030438896759,1.5590335417028
1.85456870428319,2.24891427730333,1.63690181914186
1.71376967383676,1.90340324498318,1.43426934148911
1.90823361643539,2.02099298060773,1.5113712113786
1.54880890411268,1.66395723587435,1.30729311827421
1.44358583920389,1.63661345751335,1.29947343571061
1.59390120286088,1.5357514676991,1.25320049902247
1.73567658055586,1.62184567225634,1.2909688766619
1.74397710985561,1.67056801226353,1.40594415973796
1.87497758429927,2.03010292940316,1.78024823947536
1.90741058494156,1.96008423935444,1.72035753980492
1.71179885421925,2.15886800868915,1.47430160772772
2.09559940428323,2.53601351204622,1.85861615134983
2.03539761746658,2.44478070506011,1.85449183841256
1.99049421775656,2.79487182695225,1.9313968746422
2.45830403560296,2.92976630707917,2.33375158246064
2.5008006661707,3.1686746406983,2.37692115795461
2.08334480086669,3.52683510639891,2.35738770770139
2.16446855033008,3.81464795874453,2.63043955923425
2.43054885468235,4.21836357530693,2.79482851167975
2.78882870814579,4.51873977358124,2.9596531379726
2.86535830540028,4.22159304804912,2.83485427519387
3.15417740572013,5.22365441436807,3.41592553491437
2.74695963919282,4.98346615803363,3.41697589375428
2.83073512253581,5.11370508897775,3.62278104300096
3.07329279219745,5.59001448981612,3.81251404051924
1.43150424427167,1.33841713299002,1.12372793022585
1.31074237213405,1.30179832913983,1.1085974982799
1.48247688245869,1.28059274678485,1.08129047704708
1.6485917458402,1.40233455275616,1.16528615279201
1.34688956895482,1.1175142451361,0.984557436413819
1.27094337083158,1.0792543058399,0.979371417561403
1.39832594711577,1.12712273694822,0.987487270656178
1.47198365370287,1.2272693548709,1.07120843309423
1.55264901952905,1.2383548027117,1.06072315150014
1.3008459428377,1.02281213834941,0.945565663516143
1.29045680375792,0.99551036760959,0.943162639037494
1.33914535467989,1.08722667781921,0.969304083804675
1.48637141443399,1.22557774030192,1.05446126734751
1.23138628007934,0.973609442871503,0.917224759872102
1.16519914880628,0.933834643535538,0.908523336542062
1.26303956157298,0.981258945371043,0.927806635693729
1.38640066648774,1.07822005148207,0.991493605747201
1.26861989647178,0.991617992178261,0.966891785879039
1.54917311413526,1.3121882038127,1.30883789266773
1.69262255551446,1.37307192911427,1.3235996471949
1.20502353688917,1.39935822877269,1.12145829753327
1.5602531145229,1.84285243923085,1.53070324447936
1.66555767823623,1.81937336042438,1.50687790423337
1.93868800074692,1.73506750712885,1.61573964757256
2.07108639246819,2.39887105696678,1.94904459095282
1.22837083830749,0.95179798694473,0.912177282622728
1.31200850386943,1.06339675753436,1.00978273650993
1.17145393053923,0.889169346645135,0.865518718384045
1.17841037393519,0.90864728422331,0.881087090969185
1.13722763528035,0.861953716532167,0.845023015301526
1.17255969037859,0.914102525092399,0.878560066149597
1.06018409987026,0.792649916058963,0.800753164624
1.06510581435168,0.824186584710578,0.82787987801528
1.07171434104313,0.80512700342092,0.82206616571288
1.50810800286294,1.33455485171667,1.29595961587493
1.47336804077777,1.33645937984161,1.36825421720604
1.52834830161069,1.3079225981378,1.34399741079978
1.0691262761967,0.825727811386368,0.833792855251799
1.13696725194526,0.913036409068208,0.906887938452177
1.16288843797042,0.937448530858339,0.93000439564399
1.04999490329404,0.861591037364149,0.853846264568123
1.48667515487283,1.35719789885186,1.33770178245689
1.49026112030149,1.36960876483002,1.36748324956611
1.48537597884188,1.38265049037495,1.36985056441698
1.18745862230234,0.92217277261455,0.890259963392501
1.25688725894323,1.01595656381253,0.937759832918787
1.24756503356849,0.966134502614386,0.949392027034672
1.2920312534946,1.01071955420465,0.993350622716248
1.33443755436265,1.04227592248299,1.00655933308409
1.36436536970863,1.06745108985231,1.00908384279909
1.44431420351388,1.12589757672428,1.09878152000099
1.55865769797945,1.1579262183055,1.19718992859646
1.9111526985477,1.20762722639097,1.16003780494562
1.85897712941569,1.20165653703451,1.16337797942471
2.0011812491581,1.37588979407428,1.38471514181079
2.25964471251561,1.3642981959995,1.3901314230955
2.5325610451348,1.25601278118019,1.19641693450231
2.88905173420605,1.67659078217151,1.64941808106034
2.87896830313648,1.68842002888177,1.61165681377348
3.20641609086852,1.26182682492989,1.35182282678119
3.34304863973145,1.60131356615634,1.75148158616945
3.44937691747139,1.65952927320869,1.78848011313571
4.14145542225726,1.24519287298794,1.28279869570011
4.52225029356062,1.60850922552654,1.60654234808952
4.50815074367646,1.63635538789389,1.63522358285245
4.49232389560816,1.55579946891044,1.6089427297725
1.36356813906125,1.09223010323878,1.0518988332112
1.44374428311728,1.1885003066969,1.12757391629741
1.36083612986886,1.09367524153022,1.07027412632826
1.35887506960842,1.08574706914184,1.07757789938446
1.424886269007,1.17536429729715,1.147796697115
1.485969834735,1.24605643049907,1.20585691134345
1.5736129742936,1.33330995580472,1.3082743275288
1.61229749032784,1.40384001847745,1.38688233793014
1.68579680071049,1.49048097795828,1.47151930700905
1.74559372589009,1.59700143396104,1.5245914847812
2.13039069213452,2.01102062583026,1.91718920344424
2.19207605386837,2.15899082863524,2.08341384790031
2.6700741715805,2.61778894286198,2.57058202386785
2.36228776766976,2.62740840733311,2.32699022412451
1.35290111781741,1.11718818969646,1.093852261486
1.44022915382376,1.22181983500182,1.19361826658994
1.25505614856815,1.02119989040115,1.00769445267327
1.25736478500911,1.02717417106899,1.02233865086743
1.21355431839512,0.996684656969133,0.964663727308136
1.2549944720258,1.05287099085055,1.00935818375269
1.17977818314943,0.962305715213484,0.934013175892355
1.19849619847639,0.959440467828664,0.955967868091494
1.21223367521147,1.00827914239681,0.94588635737673
1.19221256128674,0.995271364902859,0.977786658947068
1.58662711828228,1.44452251851881,1.47063789875203
1.65298719348316,1.54931165570428,1.39542934065376
1.21622012419195,0.996712390927946,0.952721314983559
1.28173080763225,1.0600983486933,1.012263884061
1.23357359421643,1.0262655592362,0.967621830379696
1.28491220373398,1.10016931678584,1.03456186251558
1.25797836426057,1.04576957998632,0.975574789177135
1.32074868791386,1.0924558454006,1.02236151356957
1.37009488771938,1.19615380609031,1.09191250385578
1.58172484832961,1.46728036532548,1.19822958329929
1.53954187971,1.54121130277384,1.24832008428966
1.74056477700422,1.83531280890013,1.41960775241985
1.68448499916687,1.45006457631181,1.30711275106255
2.11681886792921,1.84472101851387,1.75525464284888
2.09556264952476,1.91687069595712,1.70073783033335
2.06092868534413,1.92693060474165,1.75543755473975
1.17607071752587,0.955643313205186,0.893869512392776
1.16739850110498,0.936644463935677,0.868051455387303
1.17178768696711,0.963819555918964,0.915649789773586
1.24616942126974,1.05223689057285,0.995222015437395
1.11885860616337,0.916212437102182,0.884942303449674
1.1068790382176,0.912023259974238,0.867752079841733
1.21611145843475,1.01324577298621,0.98350000959718
1.77945350003603,1.41441894788867,1.53899551567895
1.7070831949712,1.56766714122238,1.47913322507315
1.439465089749,1.38210899698241,1.33467772680179
1.99369668445142,2.01568983004534,1.91304759347147
2.05171089297216,1.91666768560568,1.96539064264911
1.43246670637593,1.3710098067534,1.34179049685274
1.81537787326251,1.59784821074975,1.70218955747375
1.65908565617047,1.57600381729075,1.52309248258866
1.65265113094173,1.54556808244037,1.73136028307196
2.0277093807012,1.93700592216758,2.15744937983982
2.21506775782727,2.03020679494274,2.25109433232058
2.00151988175918,1.98133707768171,2.22274242922739
2.39424724989459,2.39071174450832,2.60710978425614
2.34075067058505,2.38257129531482,2.60030537052915
2.38435077204881,2.3830356400545,2.62834943168613
1.07268134416993,0.868683764691672,0.870900194351578
1.02200818027939,0.829795339811144,0.845413674503492
1.14051170206025,0.929400970439965,0.938898502838743
1.21742137414513,1.00955926382143,1.00208781407061
1.15675371957223,0.94727193885004,0.975756265445005
1.13898894284087,0.96546858630367,0.989777028819228
1.30677177370095,1.09071443315715,1.12219239513763
1.58817454232648,1.28105672167156,1.32999957809813
1.59117190081623,1.32939408688573,1.25629237520458
1.78249771493487,1.58667761290472,1.35910543112708
2.3106015033141,2.16530071846857,1.7771377094635
2.07230788285545,1.90961775879999,1.67483171140471
2.52789959871492,2.28405893393856,2.15604652388115
3.15083530399535,2.91507979464498,2.84067313849668
3.13611825463622,2.93529060382721,2.82248153655436
1.12967492766201,0.901419325421013,0.930515677340349
1.12998394519151,0.931672729317071,0.942898805650766
1.15636521430286,0.902565808468077,0.923786338616473
1.20664496541599,0.955943120982225,0.960021350708133
1.16049970382036,0.904005558714103,0.912455936770226
1.20602603392224,0.956648147568344,0.974847828557528
1.26669465666149,1.00592026832478,0.980790180669881
1.79646414018592,1.49460561844395,1.20832865362036
1.52293716405057,1.22483007010452,1.2404006308054
1.52244526156395,1.43632735686736,1.20383371586996
2.14937332471295,2.12241791765775,1.66432006623436
2.27114233896743,2.13308729905302,1.63485576000613
2.7204560327548,2.60429796273585,2.12637283506335
2.77636528630107,2.60412483511796,2.07878759679902
2.72607135646824,2.61200470453346,2.06105720922252
1.76090770170204,1.73309769101735,1.50201434271654
2.2182617702847,2.16545966555861,1.94014065487322
2.21897474124809,2.17677730695849,1.94984775909993
2.16129681728893,2.20948829150493,1.9700054940169
1.07264416182577,0.825666788900586,0.831380160005398
1.08337973500957,0.84971921457791,0.857707234193946
1.02450404746492,0.781730104637496,0.781189496328571
1.06661327427635,0.820671876845306,0.811351006519334
0.9580946299731,0.725509193957267,0.731341305126569
0.995043262738205,0.774360168069005,0.76265237247676
0.962220190868936,0.747192239077436,0.737909427985455
1.05403668528044,0.854910207947938,0.806873741971783
0.979249738143687,0.781103143203702,0.778390054784605
0.937569270351629,0.76282518221352,0.744459815984166
0.930376862488699,0.833320962689974,0.783949785295071
1.03457831833663,0.893344580125888,0.843967951497577
1.49142049301849,1.39587551467377,1.36657564970703
1.50377467511621,1.40000829125586,1.36714054758109
1.49624882452047,1.43914776526165,1.36910221474775
1.00709187849776,0.905568671662548,0.806591142199261
1.45868037052729,1.4206349736835,1.33176606654506
1.48951208125004,1.43948649602756,1.3373258110041
1.45958956621061,1.39009555795326,1.33115278030173
0.894432539835169,0.659828779376789,0.702482265406331
0.882089987018474,0.658094027813449,0.708689618990703
0.895157914806166,0.651037232641809,0.717066076855043
0.939778357899555,0.702290111188486,0.757731228178249
0.872508913077121,0.626361861718314,0.718456317401253
0.86426281725269,0.643855242229789,0.715648830756992
0.924340089177141,0.702668377653009,0.81059916679173
1.09673488793013,1.03088098450273,1.30961361892851
1.12242438547452,1.10260099636478,1.21989306264839
0.998511589681035,1.01194787777069,1.11565689476239
1.20344947333386,1.53293403104706,1.57477556132761
1.25129824301803,1.57872048204484,1.69108482980682
1.08044313833331,1.21379056653177,1.15608592694204
1.14789526029683,1.65047214325113,1.46868368353229
1.26644228673136,1.73378564974294,1.40696857454577
1.21328864570382,1.16682959832628,1.20010790521382
1.54533651332591,1.42158191255424,1.68966903727307
1.65362266513775,1.48636774289938,1.55216393136104
1.27050869932885,1.14095893869978,1.31610017136764
1.60384105072185,1.53025822906896,1.74452220910197
1.67935211284416,1.4954403700907,1.69282206753769
1.7631161536459,1.51189786362001,1.73301405540023
0.875564070196698,0.611039442628835,0.723408603659184
0.864290356763387,0.612245276419771,0.724858355184746
0.929186846616033,0.643698512430365,0.764760680447312
0.976560813955878,0.693332343069301,0.801296604067098
0.966548572560744,0.665142612366797,0.794129295870815
0.981724432100004,0.677368349839243,0.829214206309967
1.09070593489588,0.773844063764379,0.890235240580573
1.3525904241143,0.838403956577247,0.94494607269647
1.29089908622504,0.901384880459962,1.183109096409
1.38093314379991,0.920119594705378,1.51360544733474
1.78286490566911,1.05116885472493,2.09618554594755
1.65411802771444,1.07217595195545,1.65691002933682
1.63742430261464,1.07736237851003,1.98339705715726
2.09174154018234,1.72804353457279,2.43833251633512
2.18267781236734,1.41640992529505,2.61401402338643
0.935214898347108,0.640102296699042,0.744440681596774
0.948533398219428,0.650357440724203,0.754591542506849
0.930251456105375,0.64307875383821,0.722258946941276
0.959557455122881,0.684204521514147,0.754804241736321
0.916507967467857,0.636050456390619,0.694366476324106
0.963334680990729,0.679043095241545,0.744230802382055
0.97876003369303,0.709221610961176,0.730801902003662
0.997582599156582,0.760527452033174,0.737985641895007
1.00457144049547,0.784266777155004,0.77153855611072
1.13580630054501,0.844032326225184,0.849897927329984
1.41781896099397,0.972950573594236,1.01778416110902
1.34633341014449,0.961458364948671,0.96190609504181
1.29356420889706,0.936832462589561,0.984336364972086
1.49904912532964,0.994610276099579,1.10967302000213
1.57607896313401,1.05114060013538,1.20753389582814
1.46568480218437,1.11291557196866,1.14060912073482
1.96385275910011,1.6959323223138,1.47473324551171
1.96231087100222,1.58641670685449,1.64251937757879
1.25568956532033,1.07458758855011,1.05078514956231
1.6111161569104,1.56670846374362,1.42119112692661
1.66040484553159,1.56256288194392,1.53345365102713
1.65261439430757,1.5247341234273,1.51975041033971
0.847009052918334,0.574561922666985,0.632240090285946
0.856443575217976,0.583908953316278,0.644736869672128
0.814733111681612,0.554930164308674,0.609845897589363
0.841941983838767,0.59054598313597,0.641173912756072
0.795233822793095,0.529847061201009,0.593234294483418
0.81872288079039,0.55586023659407,0.614922435565301
0.818440460808225,0.569405456845781,0.644737418937245
0.870518828054074,0.610590655375957,0.805597667936299
0.903823908302559,0.643011080272784,0.941705345974245
1.4136283959909,1.23543861651684,1.47558015870169
1.36108773772814,1.24480335863906,1.48508547597788
1.40658406823653,1.21906439860843,1.46041244351112
0.886785207925476,0.619534935928051,0.716788092742289
1.50278861155884,0.690957812879106,0.949847765149481
1.47366867300964,0.679471337724842,0.974381474839782
1.06977787102886,0.698493130087619,1.11455800651081
1.67306161353709,1.26307419575081,1.65221593407455
1.68961876477308,1.27685888816568,1.6172523119392
1.62586018797391,1.26954372657363,1.61719031207376
0.795884886879089,0.501233969881709,0.580554952669835
0.819830118089979,0.515550422218626,0.584161416204114
0.809949531578499,0.509280951776416,0.611897183177993
0.834250378107003,0.550083647014652,0.652644253586663
0.835163545724076,0.514222157772629,0.636711365777331
0.847398778619048,0.5375926498419,0.651105566050285
0.879244342194318,0.575465628665177,0.703410877957365
0.919502856274153,0.647014757130127,0.787436911247896
0.9619177773075,0.656358875207319,0.807332326488943
1.00301850918379,0.665908810709552,0.804684572016077
1.14099360641942,0.803885713818728,0.952041035723393
1.09365519149892,0.72206334807979,0.894716130689026
1.07773249493513,0.815215380633566,0.947262117797281
1.47576056484536,1.31927888463701,1.53812027306934
1.21766049837946,1.40539661371995,1.54944006791876
1.15781673971415,0.940765586077091,1.10991477106407
1.32004464369971,1.53011816907276,1.72848803967226
1.55652166351772,1.43372011317332,1.710597637812
1.18028380797582,0.880284359438712,1.04739853668051
1.47407352715304,1.22007254815992,1.51106150223123
1.53435472001301,1.36107649347813,1.34667263938618
1.60629847132318,1.25289993319257,1.42290892668662
0.84803854741523,0.500042972770635,0.635177147797903
0.871296577726034,0.52057255451873,0.657459996424683
0.862125432868818,0.506582324899947,0.648484724496853
0.880485468259781,0.544091117317744,0.674803911222252
0.8800906763902,0.511971155183254,0.6631945727306
0.922581019527263,0.55491610212771,0.707142331673101
0.927718098948381,0.57520099816639,0.735712569207179
1.08133273977875,0.649785120225899,0.830917934130618
1.25235580896858,0.669531295770389,0.853506155157578
1.36370559121217,0.691662861527689,0.968058469765608
2.09159247839569,1.21507483401373,1.34239094234825
1.76476317812739,1.36544838850787,1.35549929852278
2.04331866218148,2.00241005225042,1.66773591227134
2.21589473979126,1.48438151632426,1.59110244997438
0.845012881243585,0.486084492969743,0.622498755057136
0.872436418250321,0.516676693786891,0.653070135118313
0.815868533950158,0.479388696208743,0.589077996633889
0.835256596738558,0.517099084088279,0.613005053011034
0.784868070229023,0.477588852823374,0.566706366697133
0.821542542061884,0.531813517227701,0.622028336131766
0.805211386804438,0.541303771360641,0.598233376402828
1.38503109495246,1.16177006786161,1.1916364652145
1.32056307436238,1.17915106103482,1.19509182877895
1.2556962902024,1.20225243428172,1.22966987032661
0.747805127315235,0.448610682076113,0.532548477819411
0.754057045879882,0.489369482045566,0.562161390978119
0.744963495673759,0.440509126225929,0.524978642522672
0.776475662386591,0.476181166141616,0.550193385069157
0.737054919163659,0.448744087085247,0.549272905941051
0.722247146851654,0.501790337201426,0.588445510652186
0.811340676742183,0.555843374369874,0.678426536514624
1.21030647852438,1.17565664327929,1.28216677552504
1.0438798894611,1.01824025627002,1.05767466972409
1.58700300905503,1.64753976825913,1.64025519754734
1.59300390238215,1.5947198894364,1.65480557263029
1.54898040275654,1.62703910750109,1.61633958518886
1.13272993682573,1.21149632140977,1.2242482682055
1.40131065993492,1.42686154794144,1.35401619463011
1.68780554798402,2.06812578079374,2.04591673774373
1.39835897149405,1.9160331560296,2.02791545106362
1.87311462141902,2.40392964168754,2.54101045644006
1.86869049449745,2.43337364133821,2.53507646000204
1.8318771385228,2.42036487590367,2.53193276566949
0.777472552066518,0.437033946223735,0.561309361384773
0.800352843244121,0.466551531747037,0.584600290829939
0.819037855457049,0.44768911505196,0.60086903137154
0.835471799778467,0.480214702188845,0.624869658210696
0.868761730857397,0.465457232563195,0.660574892620875
0.900456285582924,0.498370488696627,0.700182734664715
0.946709828803814,0.525580865673532,0.769823802742984
1.16497274775799,0.604151068613666,1.31914693478061
1.09077641975157,0.575654600273322,1.12374265938821
1.27810303376768,0.707207828220505,1.26859574967887
1.05270785735832,0.587622785391509,0.864194176137442
1.50915800555067,0.773639850219726,1.71857149083882
1.853311478658,0.963041656352651,2.2808271380988
1.64555996751551,0.865920595406502,1.96973636183902
2.04081739039923,1.10448876962131,2.59170599481985
1.48809254973783,0.846964341343387,1.68761551836759
1.92640510186445,1.1567196659745,2.35503286297619
0.859619931049841,0.467509627930731,0.648847636494839
0.892169504692165,0.512285813793328,0.687768526202142
0.843568738418719,0.467875669505615,0.634120577359832
0.849216338555082,0.490181757443909,0.647441020310191
0.842984185004037,0.498099756375984,0.64593444214394
0.887355630474437,0.543221879604312,0.6994174859171
0.859788885333424,0.550590525394192,0.685105510929476
0.909984099283352,0.603569927417762,0.74449937100258
0.866315311639045,0.576541276362772,0.693118992699234
0.901186236547618,0.629445222634554,0.740298096831211
0.948397859717616,0.704158534134416,0.797391781262814
0.916940684575136,0.668349329290736,0.756151521054679
0.979365290865047,0.732469411402208,0.821484164820256
1.27681757479563,1.26507537676169,1.12551846840115
1.40905289861863,1.31547377325461,1.04946552842111
1.44156065028192,1.1358915487282,1.03751931841519
1.98595667324244,1.75853071462506,1.33716864221239
1.89534415719885,1.70582117481342,1.38721824794533
1.45271688610874,1.12288898748663,1.06696845417675
1.76508180605751,1.47486636997647,1.44974849770838
1.78314148023528,1.51294460498531,1.44135998607322
1.74804801320505,1.51199417722395,1.48892832873753
0.811349496505514,0.49466774958288,0.609333960763526
0.843960400629591,0.546321354126041,0.646626573836991
0.773796674370555,0.470735349183068,0.565836627220872
0.779136935040957,0.48339490481504,0.569848112998279
0.748748991360742,0.467191003443642,0.546525172089235
0.766959136056058,0.512653744209254,0.581447930401261
0.726501405375372,0.466906224526648,0.534123480583275
0.748378076912041,0.512196269605783,0.563104960719017
0.750777262627896,0.489149039467032,0.561891729421155
0.719467951754155,0.49635693344169,0.568071338852833
0.745614209507462,0.566768252250542,0.620285813240206
0.769546364749116,0.547254813642965,0.643897148014179
0.709745450766652,0.540547554261782,0.5766044607036
1.13826584570029,1.11491110242748,1.21199330063489
1.16241398474007,1.06184896091323,1.06183631328353
0.757760121323655,0.473001020811301,0.539867309889865
0.778127783136238,0.516574588498347,0.573830111230676
0.769975891526839,0.467011039305827,0.536228954198183
0.785613401909101,0.482747882902727,0.557748921171013
0.789443431633462,0.487559359042031,0.539931778120292
0.793598832127563,0.516461621692272,0.552858135901004
0.815879560682565,0.502072719568942,0.559561982735643
0.857282907993772,0.539602749091446,0.603060201171899
0.837073078823751,0.537795726041507,0.596586640984496
0.864226724579709,0.562157090753923,0.624002917888495
0.856991452320553,0.564895747293221,0.603321745278875
1.37336617271469,1.1630262483351,1.19236245878029
1.35773239626449,1.21427646556945,1.19642138428852
1.34061747823135,1.20075430437396,1.2382548634893
0.81854611189104,0.5184674929443,0.562277758061532
0.83745206953921,0.567966532656689,0.588248388544824
0.846109900269971,0.529348935500595,0.586138922364522
0.866372408065657,0.544866942582713,0.60680020710041
0.880204322915129,0.573433643588928,0.618092917661591
0.920074412910095,0.617856940247641,0.645692693962501
0.939046414705006,0.64930181201616,0.693298893032171
1.30425715801743,1.13284816769621,1.01771604272746
1.30425946118213,1.20688800858357,1.00887835122669
1.31309475225923,1.26457763526324,1.00265217379181
1.83288436932156,1.9444716549609,1.41831508730919
1.80770262779973,1.86456576546488,1.4085360255154
1.28356952993148,1.22319547473052,1.0167695755055
1.70129867023843,1.65749253782049,1.45277583925476
1.71795169263681,1.66429328098407,1.59089115741272
0.87127729345707,0.57869135249156,0.622125426216806
0.911488399732387,0.633487472454703,0.666377354055801
0.842254969279848,0.56131362940881,0.615797307512357
0.840092458950476,0.558778897705207,0.625630846196519
0.842977249428903,0.587742206112265,0.631431008158511
0.886099117751779,0.63332797833262,0.679579198518538
0.839916053395778,0.605556782366475,0.663445661781512
0.837466059620259,0.616955783858175,0.674833474145756
0.877962897478347,0.675475911772125,0.722943818026655
0.883704124141795,0.633927641752833,0.711923278178091
0.906060746007699,0.644267815428164,0.717982370465689
0.944701559922597,0.741873922165018,0.803534805965787
1.41591268798235,1.31990740955142,1.36522336010927
1.42391757117259,1.31734404799515,1.29503097277285
1.43654299037218,1.27495624733412,1.34284231598875
1.01570967093209,0.77341158682619,0.849157793922032
1.49031272966845,1.34446961866492,1.35847981919969
1.48680605818932,1.32135422093447,1.37214821162593
1.49272215134149,1.32468190235209,1.39925145853403
0.833589111554644,0.59144622161763,0.616048123777239
0.865343139645534,0.642404588978632,0.662068384231538
0.815737872694931,0.56777874362203,0.579905563390224
0.818648623618027,0.564793223487845,0.586483965572125
0.816963868635887,0.581249620298719,0.562341280931906
0.82918703685566,0.615790279720025,0.593228501189349
0.796226850794394,0.563360282381758,0.553640098896958
0.822145173303907,0.597393947899513,0.614617559455568
0.831674034251252,0.618821673250757,0.626013776408055
0.78058779819979,0.568028420551818,0.601681127274277
0.80399190144349,0.611262005173095,0.724897460651428
0.79943627396103,0.605389487515053,0.702522935537756
1.34505020178923,1.22739177308393,1.27191203914005
1.2684654796769,1.20422062812383,1.28901715266848
1.34864185055078,1.21732775707101,1.2869299595744
0.843017398513445,0.660994504795321,0.711079228508862
1.38148287103357,1.26184744380082,1.26244420437145
1.3528761156469,1.2306347854511,1.32253457639348
1.33090574200661,1.26525047547469,1.2817523138226
0.850668537349678,0.619119935701515,0.562350598860876
0.890753973368589,0.681217684124581,0.592478232630932
0.866223934676619,0.615846218771066,0.56236230694627
0.880338836012951,0.613912522768674,0.586317792522468
0.891471844677171,0.65007279636148,0.572979221714842
0.901750268920088,0.68157230163961,0.58507963719598
0.92066444648139,0.65440602035034,0.593556912980992
0.935901625515787,0.672258634655016,0.619198722275077
0.959022767772257,0.687938196394673,0.650368448704401
0.969170310872682,0.696220195900278,0.629935097060096
1.07601397730386,0.78149156206603,0.725392235860677
1.16632278049074,0.877147784148108,0.816752982538807
1.16869794748683,0.867018319653769,0.827381113364199
1.31040364159997,1.00706943382648,0.97464234827918
1.17388444969888,0.883305623524034,0.843742972063008
1.33340288017557,1.04287431394994,1.01539928587793
1.53319311177142,1.16997997380472,1.27146393103792
1.02421080572464,0.786346726300847,0.71760179426613
1.07407790063426,0.878230265145941,0.80976240086041
1.12863793596874,0.878121724442877,0.821796531926102
1.25289505167619,1.03000178628484,0.965996651943067
0.91315576423991,0.693656879498187,0.621007173515553
0.945379987826733,0.760215925236836,0.66695975379923
0.921351177992121,0.68954621610983,0.668552388144676
0.924210132374777,0.683693334428394,0.690484561087095
0.958003781625166,0.73525820188621,0.755042720816061
1.00982690053649,0.796377758817507,0.809072979890213
0.993997681649731,0.779966567010653,0.866131946825875
1.27179094436629,1.13236356369876,1.2497772063299
1.34528197042682,1.22446037069836,1.3985865592863
1.57609229159587,1.37534398668939,1.41058414587099
2.16726375378635,1.97192963493649,2.15604787624452
2.01673333802795,1.86295711798226,1.87999936468248
1.69797445869481,1.46820865343065,1.67995148080397
2.09881917994604,1.75413817627517,2.23870819775937
2.04735203062374,1.92318189328277,2.15886767888718
0.954912924066696,0.750811939609171,0.761078891811311
1.00451802316043,0.821405509392002,0.846078060436204
0.934803728422487,0.728693752921049,0.713716661708341
0.930918738087445,0.727554574976112,0.712057953675129
0.954349458249914,0.765495716353629,0.720963849739631
0.978230658026145,0.798367675389573,0.807408748004523
0.967772088298011,0.796882930403211,0.716795936788794
0.973942092661635,0.839442270361458,0.79365216745345
1.00206135095995,0.898940961732533,0.748458043225067
1.08020316877139,0.879270008812398,0.721291489224397
1.1890446984817,1.03965826867838,0.730958157965012
1.21969006517918,1.11715234187581,0.777915303669619
1.34250154528819,1.23491712368688,0.769092775999146
1.47881751273557,1.42376238989754,0.845782152787265
1.39579546999662,1.29135370756109,0.788925846656811
1.59264881278202,1.56158710692883,0.863497226760793
1.62952989945949,1.56588108274125,1.26966786885788
1.17734303388462,0.984750906914232,0.791050329433042
1.20040774905708,1.02453081625972,0.87472369202931
1.33301806334305,1.19145681698394,0.821032598289319
1.46374589633435,1.36340452667139,0.916058566674875
0.978448263784893,0.827310078850471,0.731931161978035
1.02423644382394,0.904610422428865,0.832205442974744
0.987198715697235,0.84570995225083,0.708536321055712
0.991764495586146,0.828521099745162,0.69143984767858
1.05082287340439,0.96958668928322,0.809431838203744
1.09943331569689,1.04005167575767,0.860644036162682
1.09865675176699,1.04330069936972,0.850853479378901
1.09852077954021,0.99307326924415,0.857286735387874
1.19039021636141,1.21460714569388,1.00202113116022
1.22551990144688,1.34716843252431,1.08725155297221
1.12282918794739,1.08347356319155,0.836815855980912
1.25409367959879,1.39208694776598,1.07713363589859
1.38677148351061,1.66235179807258,1.35523266869847
1.19552455238479,1.2087422383848,0.933768412947805
1.2634394528942,1.29539808793773,1.04327371034666
1.13550160799609,1.08185247716314,0.924912325310032
1.18244357534862,1.1757243256461,1.22078431369055
1.08301205967266,1.02788845637597,0.928196596522691
1.17867821293294,1.16148357293904,1.0953585371938
1.05374996475636,0.981031070142031,0.899211681130201
1.01632730024953,0.907870217548063,0.815884569377345
1.12646982799759,1.07695445343032,1.03110584752255
1.1962316532924,1.16795866171853,1.10804316879194
1.13017527146889,1.05613864947617,1.0254619354416
1.12972166796132,1.04465078158664,0.992575322701586
1.12370064181122,1.04512913524414,1.04538277368177
1.26386169457634,1.20209733653702,1.18277553061347
1.64382521460596,1.94412176943002,1.89193672381452
1.70133726631459,1.36455958778743,1.40420162238371
1.18417320820673,1.15534518796097,1.16065974677496
1.3043431884873,1.31857291231464,1.33337404606468
1.13946070809008,1.0837787338313,1.12466403955738
1.09653971431533,1.01055251065698,1.02766792248329
1.18887521467083,1.15846755265176,1.27365898292038
1.25894617532891,1.25300506509835,1.40263650174328
1.16204082432335,1.0985299431234,1.3028138502999
1.22387078811683,1.18208242914175,1.71479500283449
1.09434631420894,1.00140008847755,1.61712531548182
1.08257097986725,0.967657201255874,1.72696318001469
1.19911220627305,1.11685142334413,1.63021147278946
1.58271805884796,1.55455893044137,2.06911886525876
1.5985357193524,1.52796375592841,2.13336466525342
1.61768129189458,1.52402772696902,2.07400178376347
1.23317870589997,1.24128947099097,1.33542315686461
1.34252517682056,1.37888002737329,1.52357526442568
1.22049662814509,1.2240779026959,1.24942880716779
1.2244875658164,1.18969772930373,1.18552259787456
1.28300024126538,1.33113568425287,1.33061602989765
1.33264074303214,1.40382986065471,1.3166405658577
1.3872221369746,1.45888401692685,1.5197456617039
1.23672094990831,1.26236453558193,1.26542818598511
1.31691845010932,1.351157061457,1.35898617128267
1.16692742551501,1.15855922253218,1.15868833110154
1.1605307344806,1.1424403106228,1.16511601638609
1.15252883567347,1.13262437066864,1.10434089035978
1.21220997178334,1.19604122546066,1.20203885036863
1.12896427456119,1.05268008201542,1.09398829001846
1.14158074178455,1.02297877365752,1.05541101588023
1.14637435276724,1.06892580135031,1.22961409712386
1.15609645070072,1.07394426842612,1.56178314882494
1.19686900894528,1.11266343171614,1.16666838554004
1.61150952483821,1.48018313222814,1.54670608866098
1.63194375120067,1.57363369820469,1.59882238589629
1.56707024444905,1.56114195789939,1.58352933340576
1.16352312978009,1.18552031697263,1.02477944136414
1.24547389065862,1.2713423322691,1.0780600543382
1.14699708722626,1.20194492313057,0.98139044802814
1.15298279572541,1.19583553773627,1.02547234796876
1.1937789986344,1.29331213374216,0.978028806921059
1.26820914169341,1.3145269751167,0.976933521208832
1.23541656525786,1.29900522234435,1.0286635508424
1.59077764392459,1.69369339280336,1.50695619221875
1.6271583230293,1.65431425612018,1.48505225651609
1.66284290717847,1.66633120175749,1.44563658007365
1.23998089508348,1.47513358611993,1.05588239253208
1.25004640955739,1.55349523062376,1.14436108597283
1.39777770202774,1.63357731288822,1.10533978775994
1.52602042879431,1.67064541652182,1.12667583099292
1.49478263705773,1.83884875270615,1.19143769919131
1.50986456922755,1.91709945628088,1.28228564202572
1.75950005322193,2.04201330083843,1.41607013796144
1.86390813790151,2.22657346333898,1.74654748912375
1.93992230304766,2.36601884850903,1.74531963415516
2.29433845883916,2.73725782245005,2.15256254474736
2.24233785598108,2.75398220308725,2.1863015406676
2.25202365424957,2.70772417130014,2.17264886028594
1.95166424773127,2.54595425392039,1.76726731853978
2.30631218712885,2.88848987737602,2.20902271703171
2.08424003269205,3.03199045840406,2.1552822963818
2.38756802404352,2.83944544478105,2.17802914877244
2.77305693765794,3.15773197962654,2.58723773817014
2.79297953843273,3.16473163388535,2.56906384106906
2.76303035833826,3.11524416525997,2.55663114875746
1.49116301220661,1.83219180347056,1.05440421794385
1.59545366186361,1.99989142374871,1.07749697561845
1.51104136927697,1.67551267102592,0.981043783583012
1.54912836467228,1.61709578296155,1.01850505582922
1.66417768571171,1.63512504360874,0.934705514325764
1.84021008328128,1.77047583405484,1.04030186051888
1.84736573427648,1.53256068961601,0.948016279976598
2.10415068241112,1.9993135773929,1.25637449615438
2.41774190117207,1.85093159394124,1.35184413629702
2.88841409934931,2.36330299408612,1.84632736713309
2.83779034879547,2.30204528689317,1.8459010515009
2.81686606347218,2.28844465264755,1.85839069169586
2.28564195034473,1.89184602534949,1.20843196402346
2.48834183243276,2.27117154974532,1.52613683411214
2.78998797565983,2.42553096827954,1.44157871793841
2.99559162764184,2.29966472369353,1.5977585713836
3.41021635904603,2.69818090829423,2.05737089536443
3.42048560704147,2.70878269418275,2.0440666483425
3.40168868238687,2.67046722930706,2.00649568562763
1.68052413100805,1.66005484651864,0.863448223131941
1.97936669149413,1.74558019330466,0.949668672049257
1.51855352641953,1.67596023010449,0.814199946237432
1.39304690655813,1.65676690212887,0.847548216058702
1.70852531821198,1.80768505316173,0.841352776431993
1.92966989835996,1.8116287650539,0.964608830581452
1.71431210459479,1.95022639971278,0.903097724547253
1.890782891107,2.08697292927079,1.30838639175905
2.28651531030666,2.02033209165223,1.10705287900782
1.90993009870867,2.05057544086766,0.922838252559212
2.22175440874756,2.35910530412954,1.05366255851159
1.862642197538,2.00241881429796,0.985295159982587
2.1684845725555,2.17958121152967,1.17478409432019
1.83174300793799,2.08511057834912,1.07196557009042
1.77267090047193,2.02156550496775,1.11094196894558
2.06492270996787,2.36059261207608,1.25666677871522
2.08011546026814,2.41139729198913,1.41946771513965
2.09896604419189,2.46916497790844,1.37083475623777
2.22255039180358,2.61575962995233,1.34955905854917
2.39028303271576,2.67293100569038,1.55627809665774
2.09303897576282,2.43212675347253,1.5020595759887
2.45683698213121,2.63849916236422,1.86224392217357
2.44052575467172,2.74949139699847,1.64717187110258
2.21232415471816,2.55352779308308,1.79433596343259
2.60846132041544,2.92206159160725,2.16401020486139
2.68396462983524,2.86712622206699,2.19889568866742
2.25094818001134,2.68971296155347,1.9722277722784
2.63139975986858,2.99562816379172,2.19189909819335
2.63557387074092,2.99297303721311,2.36700642360428
2.44318108572362,2.75498743594674,2.37256746638505
2.77101825033627,2.94989759329889,2.71732012070091
2.76194134164672,2.98884412977501,2.70060418933826
2.74201922644009,3.02096750313029,2.73194564110639
2.4830236904199,2.59721289870698,1.29954387239717
2.60380230270042,2.66514010275036,1.28014293394749
2.83693236103849,2.80390538359631,1.4791158954144
2.82620937215196,2.82087739986325,1.56957815501856
3.35076885526613,3.06393891292341,1.63285665656189
3.39263799489448,3.11491596941327,1.62612732259368
3.80726791464687,3.18817331567313,1.74877267431849
3.9839931110593,3.20453787562548,1.91517621390478
4.09992395717091,3.2023606805576,1.74542331416523
4.02414914945989,3.47879447907,1.93471290491721
4.145934879598,3.66301945131497,2.06447849990673
4.38012937583605,3.77551276589686,2.17687772261002
4.55891282502043,3.87315389381842,2.22750642549897
4.61645020771876,4.02902866338628,2.41008502671811
3.5889102235966,3.2485151828572,1.86100016954585
3.65829540431559,3.27379730192061,1.98437691889444
3.8713251103607,3.44721913306963,2.01138573707926
3.90366979720906,3.48025018135745,1.9913019211638
4.26228690798777,3.66443817104103,2.30238190555255
4.16825949872191,3.62739359841786,2.34936088825833
4.48917928982314,3.88244078604104,2.49216448416374
4.92487119912839,4.70090367777114,2.75202311473417
4.70968904250669,3.90731219100234,2.47471686606232
4.24026899733594,3.40268075778708,2.48998157617571
4.23339923728988,3.50153618804088,2.67086111125234
4.5073269543209,3.45127660897258,2.79260334837248
4.77826811976759,3.84669473086942,2.47515262837712
5.12079528445512,3.99948306315781,2.80605308913887
4.96542702986893,3.89469792478655,2.37473493861384
4.80293039165577,3.83359747354175,2.24573018933299
5.4908359178883,4.12647652831194,2.58290681251475
5.90353470919028,4.27637429870338,2.77322109719279
5.94919279085985,4.29672981753903,2.5801494916651
5.86707381648581,4.22465014862206,2.51964167971702
6.31448311264251,4.54116984511993,2.77989840157243
6.34008037501162,4.37340459957896,2.79775457279333
6.37230329273668,4.318865290445,2.90677120233935
6.59393124509045,4.5175610500653,3.04609936162281
6.75959329651218,4.70586361063685,3.16580445377082
6.95768884634478,4.89669321749625,3.4398582255992
6.78316465704195,4.88734390342414,3.37911632454532
7.29603371827938,4.99569065498138,3.42747176077536
7.48428993050968,4.95316609924067,3.51934621692343
7.62008146552242,5.42685710850249,3.73469500743154
7.56430551065055,5.25941434291385,3.69338326984366
7.68343447686963,5.45612692074408,3.92580051299247
7.759938755867,5.47501599332726,3.91903981212363
7.73621545755287,5.44620039506007,3.94133640016051
5.22857996261456,4.09640145701519,2.7058697218952
4.795680081633,4.35402774753546,3.13369111065392
5.59837098008438,3.85741508125155,2.64488591905791
6.03439612220897,3.73384729256908,2.71245881150899
5.49362450132283,3.83719863427676,2.84866459380322
5.1173965492394,3.67341309064988,3.17385307561529
6.06587475330425,4.07137725770456,3.0748243022145
6.47909110095137,4.29167324685538,3.10683749427642
6.08873695273867,4.12669553396905,3.23965031245749
6.28247677771348,4.10504025685515,3.56056769409106
6.35240921293054,4.18586196689949,3.76336128669309
6.63282345893782,4.30061189375729,3.90977727411065
6.36583669839126,4.31618794220351,3.98234237488374
6.43754439085699,4.63624346585457,4.30097854231267
6.35171361640855,4.66693187074908,4.22229631497097
6.82443459035328,4.30801851680241,4.35272453990777
7.04153556185223,4.46147771852664,4.62736083061939
6.98425735848071,4.43338025147392,4.61701594403628
7.24179750079627,4.64307532021556,4.68595027108501
7.4430088084579,4.85145239131275,4.91863839029077
7.45646122093299,4.87716801014848,4.92197666102994
7.44918077861373,4.88995681545121,4.89363192018066
5.47558727537161,3.85701134205043,2.6430695440593
6.04538838474401,4.03793831363795,2.89511955965735
4.99544560957675,3.91740278683228,2.29598265514735
4.7300268833258,4.0706328771734,2.20562893513964
5.07434539624648,3.99944161792567,2.17922041118478
4.94668399173848,4.26522485789377,2.09160914064375
5.42925264557242,4.12512713983305,2.45505571361942
5.00115359465568,3.70949160885375,2.0348955862524
5.39294446349868,3.49238641306675,2.11782746252286
4.68949209640437,3.84621505854118,2.00917256397034
4.59805800563066,4.12831971878108,2.02406459451227
4.68555282541928,3.74174510855438,2.16975820378067
4.9872038596614,3.50864891065803,2.3049783967131
4.8240200399076,4.04705550460612,2.64936694770495
4.71945079970222,4.3071953032187,2.680101079441
4.83392108315398,4.14807147844251,2.94668748481148
5.36422454272614,4.21927618761647,3.04118191393654
5.47588455348692,4.30554597201079,3.03860097329619
5.54106708927046,4.65014671955213,3.45706919802343
5.82414257424745,4.22859881330503,3.45213866075933
6.1788769257117,4.42927982850322,3.81155789204666
6.10890419316075,4.53880556416305,3.93370997159329
6.10350574691436,4.77286100397172,4.11476470865246
6.48109160906506,4.81382185854198,4.37304436861085
4.2999531973269,3.83119743548624,1.9620165393115
3.98867357355295,4.37886829367824,2.09937861885759
4.45086249761626,3.59447266530689,2.33820923117702
4.78082332189367,3.5777050857749,2.97049501861109
4.29441078036293,3.71686969602531,2.309753116014
4.27591400131494,4.24823790484009,2.40083751600719
4.70031281893657,4.19172695833718,3.35162219183151
5.20825839948677,4.51607045022853,4.0036317368373
4.66612988523152,4.51751677123405,3.3566642036717
4.9377386783728,4.39239472597895,4.1313956017373
4.94441573099189,4.52184117076717,4.62435496520549
5.22340591765494,4.69586058420436,4.34086674131551
5.3378305227923,4.55777986805505,4.69095650568118
5.56833757516089,4.73845064389829,4.70990072168878
5.4889721822232,4.83386734974021,4.9397231726493
5.77742000119998,4.69929382494784,5.52557369668899
5.96620973072664,5.08772426942535,5.97153798434964
5.92284193281204,4.74046307098261,5.86327146692269
6.32983415135597,4.90111214203268,5.82914956866389
6.56596061451997,5.08104658557697,6.01503989412661
6.56991555593089,5.10313308057736,6.0265556549178
6.59349759420838,5.09912537345812,6.02701676721787
3.94165967879922,3.03734874302461,1.72698204631131
3.8705230329675,2.53756524156014,2.19179921752916
3.83746731404151,3.2189896045502,1.4967343914721
4.01475664855179,3.74756878489933,1.96724215034741
3.62105762782582,2.86486646284275,1.54717304216453
3.49457362357358,2.88498750837788,1.99321222730679
3.78483861374637,3.2443728133344,2.06622447610261
3.5444660711904,2.22560186649304,1.44715852387342
3.77826773636897,2.19537519295966,1.78194114022077
3.36542681207522,2.09082998593021,1.79398480205248
3.3327064132109,2.53249909654721,2.29749487449746
3.37671607231843,1.74091768903039,1.95383272806821
3.58520603257193,1.59507651684378,2.00983390704601
3.59531135108243,2.25121210892867,2.72102321283171
3.90727712061607,2.66553759531912,2.97524554019663
3.93780817128515,2.40831609403051,3.25650545669171
3.58793141452735,2.59911367891877,3.24101341606307
3.80402903742102,2.52447769449849,3.65172022533196
3.80333453318293,3.08220923761951,3.60636618858374
3.84847103442344,3.31197717806503,3.57479016855282
4.06267749085733,3.81421814295244,3.68049483461774
4.09433792149825,3.56509510167287,3.86452478257756
4.33637333867416,3.86295731225891,4.14400771891808
4.60282422312325,3.99349153649174,4.43913345163385
4.55433414789647,4.13090886498555,4.37160540899776
4.88824346868352,4.60389546567409,4.70227574981803
5.19306416464538,4.94451688605106,4.98273997996531
5.16911501329789,4.90090554673456,4.9826846243652
5.12500097190395,4.92360466343955,4.97977380986431
3.19668943801579,1.56580442808999,1.66179722256667
3.18834644520102,1.91343680760499,1.71386249324875
3.26968278115079,1.3314495086624,1.63773159434229
3.46444829913103,1.50619501798091,1.94798740783469
3.27607465060195,1.22464725067219,1.40363162830613
3.31715460516034,1.20673820344408,1.19252384296769
3.69847360608335,1.3757724335899,1.44671599264133
3.99840680698732,1.55732905999873,1.80369480592916
3.74349697451384,1.4296387857854,1.40736754231169
4.27899266570882,1.57397029573992,1.44786187512451
4.74680650016694,1.90841625784285,1.53557285302914
4.68816507597953,1.93180632874584,1.90559014527322
4.64694032771132,2.22296420071452,2.27193734475504
5.25015748286871,2.16981306390955,2.08659272685369
3.17329030933867,1.26849999156815,1.60653671084564
3.34157328343404,1.48050408253741,1.97674729765289
3.18760515042592,1.20774594444259,1.4576919928798
3.32856479533518,1.13199745101693,1.24549570510311
3.30305511102074,1.35152727270629,1.6510758744168
3.57624989623816,1.44659832588629,1.87721541558876
3.73504405832785,1.36339896972587,1.60559087596657
3.89963696249948,1.32921915852382,1.58255982027365
3.89042481365554,1.51931358450708,1.79483095003889
4.36529975561145,1.41033596964308,1.87906215285596
4.74359146148313,1.84079376053452,2.50407190401443
4.91481188559445,1.73496704037121,2.06590780988107
3.15831637715292,1.48295884212811,1.71366321243616
2.96194844923144,1.47884219456207,1.61612865377916
3.62299160076015,1.6774788671646,1.94658300836089
4.3212895408097,1.82885969355455,2.20156624062104
4.51660989147911,1.89876420247039,2.2277976012179
4.45166941285374,1.83915092567267,2.26718098616367
3.8598374597485,1.84068230849967,2.06232341557447
3.90031342874525,1.82594295424171,2.09845425939385
4.74821974888288,2.08043897761578,2.34062726565844
5.01294736560378,2.27008369466829,2.3813033426795
5.25153740209544,2.31462864933497,2.63556422107609
4.9215447673202,2.09888886885818,2.50162035270422
5.23181451958913,2.30829869830888,2.71132424088271
5.3840688163797,2.35419305199147,2.86395656304503
3.5638868438916,1.99278394372295,2.00772981410883
3.69363112364592,2.31512434039871,2.24586803494018
3.54388924288291,1.90685323430792,1.81129117260874
3.85567449659513,1.79238136394137,1.77102373167526
3.44364827715162,2.10570384051311,1.78462956702309
3.66023935289008,2.48173454217134,2.02643638126146
4.20195398987316,2.27398371323233,1.87960694159669
4.38499350339197,1.9416544481599,1.67755959980146
4.3305666064811,2.98443338278864,2.37552691204755
5.0637050125763,2.68068023068332,2.45851643478651
5.42753297740176,3.07705835121136,2.92344935747923
5.76999957522256,3.03432884242002,2.93703582751544
5.7971242831103,2.85662546807094,2.8953926846605
6.42966331783709,3.64205508762605,3.54299633814061
2.79491291585288,1.90311508359487,1.52589158557134
3.29583068849861,2.12658556273343,1.59494461368331
2.28786987914372,1.63395940111545,1.37621222894342
2.52988870273397,1.5544569905563,1.44304910351849
2.25502549965997,1.66164286443437,1.30041610796942
2.91097708407373,1.72631853736178,1.43521078771048
2.54958386581454,1.92909171300593,1.43911636211556
1.72918765909325,1.40995227359454,1.02288423008038
1.77164240466929,1.54547941551805,1.13721103579242
1.74217719198732,1.17640432324649,0.879675895897721
2.22758953159769,1.22559054720949,1.04985485599218
1.46453995947302,1.00174757880838,0.742091665975954
1.38156415103837,1.04332738696463,0.806906029543601
1.79278003131231,0.923693002715174,0.868787914988705
2.06608202090858,1.00603151855015,1.00620171418123
2.41995833360468,0.886840076769173,0.975528267896435
1.80775295459647,0.965398395401207,1.01532837735681
2.19431836160023,1.06539253487929,1.05007287613967
1.87001496613829,1.04930499296571,1.27737338838891
2.2265781520798,1.52828543503514,1.72675862601115
2.23366976239938,1.47367684236104,1.71531158990463
2.242480447826,1.51594047753231,1.70411525240805
2.63547336818972,1.01382209428805,1.22060040523431
3.10524670253482,1.47830898220333,1.65529426286007
3.11901427865309,1.47825498955612,1.66958375035964
3.08776323121626,1.46586959934049,1.68414287486575
1.32925369212385,0.985839214776673,0.729384366460431
1.38379020986362,1.03597418503446,0.812357087053075
1.24775681732995,0.967102734926573,0.720073747700523
1.30979237427407,1.00809778261715,0.805637700424749
1.40044731476255,1.03128362387847,0.8812835780277
1.42344803452399,1.13264238356874,0.944660999513774
1.19004337948071,0.959886553870551,0.71053418859873
1.24300017884909,1.02793021111848,0.765848581888458
1.22609111676321,0.984973506974797,0.766362317236421
1.33570626606248,1.08049750073859,0.888228634716526
1.3355294764792,1.11530500792385,0.948157697130223
1.31655463759827,1.0604305638533,0.888348433726602
1.50790402360534,1.23804689584,1.14354384191697
1.47674886377652,1.27161239649255,1.14291421329887
1.15056051316471,0.923929962716065,0.674055658488698
1.16420253969242,0.88704203695957,0.688964550520404
1.17346183612781,0.992597786039198,0.709050756082614
1.24898759413657,1.07070611292281,0.775496187954111
1.15293650676095,1.00705774977611,0.711247382238038
1.18827309551653,1.02876026571703,0.736870320606825
1.26668047431508,1.15952651817855,0.821273195879428
1.51977615813086,1.33479663941443,0.936413490775939
1.74264371156169,1.32374035569292,0.863805073298386
1.79822386278711,1.2344346627522,0.91222268431773
2.46053988079052,1.59924443530121,1.21830031529378
2.27633641212347,1.58159122556857,1.29673189516709
2.14852903709127,1.51972500159714,1.13735677502987
2.41473439710147,2.11646080879807,1.60217394282462
2.53008065304667,2.01963444757117,1.48347928071323
2.82438265487105,1.48163969224579,1.5094915346829
3.20864734891129,1.94761607274421,1.89314553090308
3.21984524456279,2.04196172954222,1.99853388842734
3.36447758023843,1.56999226388639,1.62613565810393
3.70693685229389,1.94708135161153,2.01289235460004
3.69426245902952,2.00560977694548,2.00944097043428
3.66899123447686,1.9898397231715,1.92593254361738
1.0770590653925,0.937117503966411,0.676409416043912
1.13596896401267,0.977784509240514,0.725737109648879
1.03807378773213,0.893851345327001,0.679648558337322
1.10200593096232,0.934792881689194,0.743996894093203
1.01318022468773,0.86295758204036,0.690451154777407
1.06658150335722,0.909180527858225,0.759198031456042
1.07639259868606,0.937784604211288,0.768342099154822
0.949646180551423,0.767789467309322,0.627776697133418
0.960833616966365,0.773543323991421,0.666756032615885
0.944324703754276,0.74200521117888,0.605492438159301
1.00452992305963,0.80359765926628,0.655828615121737
0.911978037466414,0.684710698885186,0.571025146648216
0.918804869712231,0.70793661576531,0.606766495743535
0.96768382067736,0.719949364018565,0.604533121644825
1.02488102022309,0.800412961450402,0.683761287799982
1.02789475760233,0.780164159352721,0.651230296363997
0.949263697666588,0.672616828971192,0.587532030037274
1.02774958931601,0.754825209587298,0.662683116766156
1.13453076182984,0.875655093550367,0.772385485680391
1.0501153722195,0.782974585627119,0.707136826834499
1.18027226539736,0.933389545537832,0.851489814038991
0.982983055269132,0.701358824612717,0.666684671343547
1.03680101224539,0.772401561108395,0.753101953505537
0.941020767814992,0.672322382145938,0.61564594431998
1.00197950862856,0.764198164475911,0.709238689107632
0.950666894210147,0.665160521647826,0.642128627242142
1.00057946009506,0.735246252804398,0.732833094574354
0.874481299861181,0.624545177130906,0.533502655892562
0.859487407545735,0.613616788866925,0.541798803490021
0.888092553392994,0.631150220057601,0.531943418743013
0.934724949613585,0.689287451325373,0.574349402361584
0.876806633885342,0.604725997359979,0.52199367298204
0.881926537003761,0.60429609301185,0.536235699714961
0.93524870504983,0.673212456477665,0.577445795950444
0.997339542073007,0.752912139153527,0.6555210802293
0.96231105085768,0.711236521108769,0.613705894162474
0.990753832632798,0.729472564288691,0.645307741752165
0.845643495904133,0.578684773907989,0.516694933932834
0.836741986561676,0.588237234807922,0.548741461525607
0.86180330206227,0.597682521657174,0.53038544914063
0.919726596342532,0.646553001131573,0.565122902119169
0.847335698311786,0.595674180092257,0.543503521457916
0.868498247885588,0.61984067213906,0.573098553627741
0.927535362021796,0.672262710250691,0.601156150072148
1.0193762414108,0.742925161183316,0.656031549840747
0.961202492878018,0.733806475346587,0.69092388716558
1.69445913902158,1.19438509955282,0.880858455305371
2.29306571538677,1.64382410777063,1.1486148951145
1.06009988085543,0.757899654615904,0.624529012921674
1.68274739993083,1.19758054998039,0.896471216321454
2.23456313113501,1.60232097619364,1.171122578656
1.35985958459322,1.04483202921038,0.781005720006644
1.26343074417127,0.988296197076268,0.728050648914602
1.82550333410696,1.45568361893714,1.00565911826839
0.792886040354358,0.565741142138435,0.526739038997273
0.782564766287564,0.576784078297985,0.551200614852565
0.789952022750886,0.576822662793504,0.52347764027687
0.836318316658193,0.626105096236681,0.557105150504284
0.761162677424487,0.575779372938596,0.517648028375304
0.775194459281599,0.614862467461239,0.556097350560187
0.815302434461655,0.649585760798753,0.568564380087829
1.32804780992348,1.26962620611108,1.21554009001259
1.32533931555149,1.22599243837202,1.16332029686016
1.33836454246711,1.22416979933853,1.20040304075799
0.719000942081992,0.528407963983992,0.488774400152694
0.707080804576548,0.54739160269896,0.514058556715041
0.728690297850153,0.513760834150001,0.479863440965165
0.770658958110275,0.549094795840024,0.516078935675876
0.722411313011177,0.504144996603473,0.48106005995548
0.728356783648951,0.538483308521905,0.512413078575977
0.779762494204523,0.562526166768086,0.528962981613382
0.915005657585245,0.776395613042981,0.71520231049485
0.89680318753093,0.794697644149821,0.721761501977995
1.36943841098401,1.36469885360362,1.32313838723142
1.41068396393821,1.40705360082392,1.30171813209874
1.45244946837829,1.35356904922668,1.33079823385175
0.919348975819707,0.808548758493247,0.7477542345403
1.45218053953213,1.3938955737188,1.33937729244148
1.43764793232541,1.37943364221613,1.34748489725461
1.40466050966314,1.38548968191877,1.32777131763976
0.708055474154201,0.489584378416019,0.483900483479032
0.712224267692127,0.516936085919859,0.512707436896386
0.722586335360216,0.496840138632076,0.494495354147536
0.755466620301861,0.529437312441567,0.520820517618261
0.724204152810234,0.515543094214176,0.520409161186401
0.743297286416286,0.550955446490408,0.549610454294701
0.775119753791866,0.576124777845536,0.565980019139106
0.80917572769957,0.909746607853363,0.596018691206454
0.810875887037431,0.95781436856584,0.634691628684618
0.837174942576585,1.15889675319054,0.609862358976786
0.887466223414435,1.60422367240554,0.688669199634004
0.861952754821977,1.59565514327634,0.614535246440115
0.976172297480233,1.25579737957901,0.749483764266336
1.4158806773851,1.58744200381067,1.27046870515558
1.35213063488496,1.82140766837099,1.10574655507733
1.81640122463443,2.4331556963083,1.59044602800831
1.47523898394521,1.90995666935452,1.20655789041462
0.698588692921551,0.512603208240629,0.524440712760944
0.714501863190106,0.553313993751443,0.563067465773083
0.69436929846451,0.514611758382046,0.519943948422854
0.72575810421119,0.540568839279313,0.538921066924711
0.67268981426672,0.533269620091296,0.530615809972404
0.69090041059821,0.575674840262182,0.567097932414684
0.70553396149102,0.578699902041728,0.551452053234872
0.736744319904655,0.602885395344832,0.58062346091247
0.732521984646918,0.640111614939719,0.608604181549934
0.744160962910678,0.635219848044404,0.554983118201529
0.80694017400656,0.738285889603919,0.653162259821409
0.76200575037458,0.649847240130633,0.562226474922338
0.814947171886739,0.714447212408369,0.61323482758883
0.853816350676906,0.754340121664936,0.683785488567092
0.902952137643503,0.839636234579259,0.75669217369265
0.862399546298477,0.780217986424344,0.608691012929601
0.910871423091592,0.845904023006975,0.650297299816719
0.885483625892907,0.835640458861146,0.626908521432307
0.914670287872098,0.875791658861478,0.68705076958566
0.948853564033812,0.88639557249802,0.735701897126937
0.957479035087901,0.959732441976423,0.757929509260942
0.95881606536713,0.959238642126131,0.694863004482624
1.01141146793462,1.02273364679059,0.735775111097121
0.998360184035646,1.02606642311375,0.75362617662606
0.643733816273892,0.514090849693948,0.521523688576549
0.648782566355215,0.539874036741367,0.55758343210121
0.64382662087812,0.499211683246827,0.509809920157148
0.680712387047554,0.525742556856952,0.532131892515212
0.626155846675524,0.47945440799083,0.505082534969001
0.631855175558662,0.503980933086639,0.533233608765611
0.653907661081987,0.499711613814427,0.57001548046377
0.715372760076177,0.553897125439617,0.660493074859617
0.685031559166298,0.546964108883319,0.579521273580948
0.678369856249146,0.560082322654452,0.696972070493479
0.697065434470365,0.732656159100521,0.988326587895038
0.614221452280059,0.464940415815766,0.499735468160573
0.626334465412617,0.489667176953296,0.526299292580639
0.625853249768213,0.469517295939576,0.511876630487456
0.667932871674041,0.503025808584372,0.543463324421421
0.613949385583131,0.46888406469016,0.52613896071695
0.618962973832868,0.486292583647205,0.544724914703659
0.681767904320187,0.510753220748615,0.573791621971346
0.770446500523618,0.582505749258506,0.652959451385423
0.764457704021358,0.600894108532279,0.660548124074907
0.670495399896853,0.509118146829241,0.573990896682576
0.780923288775305,0.640910051693533,0.687752728325454
0.92225589736107,0.802411632276193,0.831114971005005
0.864327976990274,0.738424478564888,0.790908081005289
1.04398702069323,0.923701409335139,0.965626728654775
0.861254350035546,0.747436954711338,0.818861562940331
1.00000456469951,0.897991362296543,0.976067932437566
0.749930835432255,0.626680472498231,0.6909088642575
0.874867954596382,0.771446145329681,0.826022204313808
0.84210094776989,0.74490130806077,0.816045818887146
1.02286888646713,0.950251873256749,1.02065938974631
0.594346239062587,0.476615084181167,0.53672131830553
0.603323933034581,0.502357791160065,0.579244410793301
0.61499952713963,0.494308864472547,0.549345188927161
0.660355653249619,0.52389953019516,0.573454322617767
0.624107013540022,0.518039982591157,0.579100088307288
0.643085142886195,0.55319183591157,0.626456232392122
0.718956066203664,0.570558155429448,0.649109517809831
1.07313186034129,0.606042836509954,0.679992482722855
1.02996697211073,0.66683801107332,0.739094258970294
1.57649776819374,1.25534700657632,1.29109295774938
1.56230192311838,1.23959416408084,1.29525436171178
1.52792124262684,1.24222920334767,1.21986839154086
0.736694958268317,0.636565163844616,0.72678728294106
0.891882409920741,1.1814249995035,0.976622047468048
1.11074515654067,1.13325029173378,0.966791944627305
1.05913558001257,1.44617465909837,1.24017262248878
1.57342499863864,2.03390917816558,1.7821623170501
1.55522465770395,2.02357105717808,1.772842563991
1.61186918256691,2.02838557050898,1.74999581781299
0.589727953425471,0.505322222861237,0.556698942204433
0.614238559903487,0.536177292745774,0.604866695863104
0.59261633347793,0.49307158046661,0.531333771958785
0.63080249957957,0.515875636151981,0.549189695920894
0.602140474999677,0.494767612320855,0.535661717531368
0.620893344166108,0.522529838021278,0.57646005069968
0.661657693630191,0.5193522238215,0.552739833543531
0.707555893286947,0.553978358625081,0.579145423083692
0.741597500872668,0.58071841766551,0.61601316895294
0.71392793807833,0.548917472435819,0.613556701233152
0.786120867324589,0.596718298851597,0.721119909696473
0.798498014032084,0.616867725005002,0.665936480746193
0.610289241346903,0.503823420978605,0.548656196951778
0.6534402788357,0.542730374087154,0.586383258427984
0.626002636492234,0.516910058863135,0.570888432422298
0.638350332424194,0.541204946278362,0.582104287132362
0.684545583871905,0.565327380172737,0.643329434836206
0.74990367072552,0.606353048398113,0.682979848090071
0.757383613682141,0.670113716166714,0.761715361180291
0.906818648582592,0.97085236886726,1.13551801976166
0.887076962797206,0.790030078134461,0.8878521231657
0.724032813211884,0.593912263241609,0.703981113781588
1.19213169571938,1.24210295879558,1.49145303656684
1.66617795874547,1.86292211293241,2.24762993900304
1.40804898496505,1.38754649398635,1.66893769652198
2.02049316984136,2.04585751003565,2.42203815979271
1.09178998958998,1.04192169468654,1.35977866928839
1.40034360995305,1.3976690945077,1.8119248549867
1.79239187234717,1.46918318616729,1.75240569678999
1.05370557117545,0.975915100925467,1.21706471173061
1.58669745929658,1.57014827623451,1.89623388195116
1.09764934963067,1.13920266823564,1.49746606696012
1.54668707028162,1.74938602362111,2.24031244842494
0.682778625991754,0.56982504245418,0.659634551656337
0.764163196766772,0.618358805861773,0.721667774424864
0.650869655806861,0.569415430687583,0.657068845266227
0.645289214868763,0.574679754129366,0.655736099625893
0.697972744851931,0.621582366367032,0.723090432486687
0.785192372419048,0.696008029290931,0.798932580563343
0.7461476018413,0.695543220144283,0.795409927428795
1.02571828402473,0.979587789411854,1.19245596946334
1.09972138265704,1.03201909647666,1.15012111299386
1.08232581472975,0.881509566555935,0.947900095887905
1.57785388784205,1.32042429711934,1.3808833346301
1.58615860436007,1.24607219319552,1.42924127414786
1.31620327357854,0.947267154567316,1.14225814888567
1.89939193104428,1.09693171704748,1.57462918906348
1.87175915944911,1.18045643370837,1.54037662908901
1.30044966362452,1.12930265273786,1.37662787507188
1.80697222515743,1.44394571138895,1.94694984758699
1.86717457828751,1.41275129976899,1.99646498481754
1.33906050832776,1.35172255736482,1.52441087653502
1.78054299835685,1.76287272398526,1.9534319562759
1.71330231330927,1.74410711563824,1.97489340334277
1.74651539242616,1.7708056249665,1.91728332039085
0.697848125834395,0.626650513498462,0.72030771063916
0.797483055894736,0.698969694110087,0.785227999960623
0.648219949210716,0.600067772971034,0.691254164271096
0.639483964330186,0.604188471021494,0.692561285979559
0.686716071666195,0.632439914497317,0.72103392341082
0.737214405246011,0.678867264533535,0.783400746124684
0.753383889582503,0.673243788739264,0.766933692298627
0.787864267642046,0.685824224635937,0.7543151344279
0.885994555250378,0.769824759687896,0.877172725432295
0.852410104588516,0.710761650281534,0.871393144088149
1.31125888391573,1.01085287284254,1.44739198352712
1.15077454772128,0.797696265524532,1.01251795080956
1.57931560083832,1.01314515526339,1.42765884076223
1.25212081971401,0.868215956229155,1.09873945806928
0.731786690871595,0.667823346215983,0.722886130600539
0.810515221588188,0.755848256089498,0.794393711468968
0.761131769886088,0.66831320499794,0.705729978509053
0.762796616551695,0.664222456136718,0.71473362931146
0.86542240258953,0.741856680492161,0.74167060820302
0.905506053748963,0.803627002811736,0.789627725236383
0.94975304882733,0.792158588882723,0.792150688147708
0.998153231886979,1.16857780297763,1.11848899474486
1.38866069363389,1.22276809635238,1.39068275277423
1.50815867931161,1.16369624985051,1.31861183338364
2.09543536454398,1.75129094873982,1.90982230072544
1.83202088975775,1.6048032666167,1.88476300731483
2.18437772381897,1.86628150963001,2.06805084830712
2.8992414642122,2.52653341404183,3.10297851951467
3.30187690402532,2.9925945349827,3.57168463181215
3.29636507935415,2.96670051234592,3.55582917433583
3.25342360603211,2.93147875322825,3.55214590674617
0.952970655557893,0.784223316613479,0.748457959219181
1.05121770855627,0.899689530480114,0.820707972170031
0.97626850776264,0.749002352186622,0.71998790467593
0.940293779915232,0.714540492494974,0.719230754528776
1.11257924945931,0.810823289667479,0.744600314011554
1.21531163508136,0.874225579409477,0.795937495935931
1.20207565894904,0.812866146262044,0.734748084367404
1.15229643975198,0.823817058218232,0.803816626273741
1.4163794980016,0.901395450292562,0.866965724012259
1.79805306721439,1.34905506270269,1.41114275254239
1.85052357411907,1.39748330915855,1.33809180377082
1.76926469772704,1.43415339482051,1.42032072625353
1.27343134248659,0.823492135014173,0.855654205627876
1.34146553516484,0.983084586502845,1.1695271729461
1.45146911154967,0.991261596680555,1.19786421789016
1.48734494731836,0.993616104965839,1.15781781223768
1.91278010730843,1.49208168893549,1.67126232904411
1.88320224888796,1.51820151095329,1.67731158186112
1.87923956333919,1.50113001367164,1.67371130763481
1.11844099786567,0.856960638539943,0.79157533647888
1.24115027227998,0.959751938456495,0.874269413389025
1.03912914040495,0.81644760309476,0.786506450667866
0.988079878775919,0.775515371910442,0.775803324312768
1.08917043405497,0.879501963595722,0.855923129987657
1.22624484922892,0.957649611842064,0.941751157796303
1.09082843769391,0.889121367872809,0.874858367969634
1.3826179330205,0.961011417552019,0.962854827201671
1.46519647229007,1.14878112739889,1.05939640419383
1.22052477050439,1.08465357789573,1.10959119320818
1.7673651723999,1.69585982659197,1.55360933409344
1.8171163728632,1.68758707963586,1.37822418554038
2.31647929732872,2.17174678249683,1.86026471013486
2.29047107849179,2.19808623659084,1.85995680133656
2.29025346322933,2.23415182525174,1.83370612612516
1.60856536261538,1.57274173206408,1.56843658941416
2.11415119442455,2.03781307684818,2.00022792401611
2.08366160593293,2.12869079636578,2.07461658341348
2.05965515902362,2.09007443444495,2.03284146846071
1.06908967091016,0.924559301570037,0.900897012517875
1.21011961019622,1.07512428551733,1.03270024331151
0.991052195461858,0.88210990288777,0.878222955560658
0.984185887348555,0.866352465515825,0.892113263228705
1.03012611871912,0.955858699107237,0.938295029637324
1.06614456846227,1.0444759706998,0.977602399339564
1.1498059305974,1.07496653355547,1.04959855266189
0.998736251244874,0.9129006277444,0.927818599098513
1.11238855908955,1.06808624657072,1.04961792951064
0.940222417707937,0.838611997378428,0.879865724757944
0.934459191599923,0.835066743863327,0.883524657872778
0.994658151319824,0.916881089284079,0.939361714340597
1.09649824196647,1.04543004328307,1.03674612303711
1.01410131030562,0.952466242846192,1.00204524983077
1.14103983235505,1.12459363835329,1.19245259099293
0.979075715361097,0.952394729091343,1.07750684244389
1.17646361628487,1.16230615317984,1.34351241471962
1.15251721394346,1.12321299570466,1.20642496467222
1.59983357694429,1.62382908639843,1.6501360399831
1.5609719952982,1.55544771863866,1.64284155809135
1.6211464832923,1.57118735908029,1.68242033053509
1.03487127617593,0.99571954932888,0.945862882983405
1.21993302644228,1.22875452192159,1.13834936269572
1.02979459947801,1.01739338012479,0.917479027581006
1.08445343110215,1.09361014079611,0.983526633088208
1.11013848902855,1.15739637576925,0.999840327870975
1.26339834462244,1.37628208108979,1.20860609774431
1.3040790805434,1.45147102873924,1.38401205928877
1.4973159393837,1.81246817168733,1.62798983882952
1.38676449156503,1.66232549259825,1.49231926739561
1.53371971078832,1.92518127123375,1.63986723911834
1.80019927486929,2.21617223916503,1.99390385907032
1.05091151946073,1.03365538533337,0.872576947445346
1.1569834724759,1.06779993060276,0.98834743184665
1.08497630980757,1.09687630904731,0.908679057523166
1.20185691379891,1.22266803146729,0.989038859539192
1.13098233739041,1.15314631157673,0.998366718564651
1.21202500238401,1.16063297783506,1.08022541620578
1.39311356432498,1.38018278691573,1.15617193759913
2.02667914617069,1.80294182304642,1.70470379820859
1.76016554366827,1.75469453129051,1.42480467018393
2.24082473602325,2.24789136515775,1.93613481583123
2.26488634558458,2.21477104466363,1.91768814025954
2.25399396458611,2.24180234701366,1.96495967528836
2.07567901713365,2.12008603843937,1.85129532325099
2.59251667819666,2.60172306868951,2.35744905769007
2.58434100404906,2.62577599309463,2.34274155458103
2.54859246537053,2.60637555472898,2.37037754011265
1.09727310403332,1.18118571691829,1.01395505443782
1.23000980195927,1.34376582401046,1.03060652493392
1.13209958326328,1.21101644423117,1.12100667333482
1.22150859791034,1.29140545315138,1.21133551051293
1.23642545986031,1.2959232270425,1.19402937561433
1.37379541817696,1.37343625810182,1.20382968038034
1.59019486768035,1.5370387741777,1.37275760540583
1.71184119308579,1.99338444889891,1.41664156187383
1.91039280002023,1.94866584647969,1.68559338503604
1.9889555045586,1.62818327062693,1.53622872716233
2.33761323336635,2.15766566080872,1.8013549060321
2.53781226222435,2.05222496846116,1.82237687634306
2.79156259660232,2.33445076584908,2.1157697950316
2.94143462114027,2.50425322550295,2.10421017401187
1.21247528757212,1.53727330053371,1.19619618294263
1.47459721337973,1.85212597697665,1.30157625845406
1.2355874561279,1.70682330689669,1.20445334962142
1.36811612691977,1.72085247905644,1.28240859412862
1.40773147327112,2.13656516137793,1.22324816142247
1.67063937006706,2.42123617966198,1.38395901936332
1.81682790032103,2.58743880770191,1.41994767227202
2.26355966693495,2.51792719042444,1.44317899302679
2.4374175086211,3.18459412634404,1.59014706078781
2.90554489057095,3.55165368313834,1.98663939131378
2.83962383113329,3.47725136642372,1.92137535767693
2.90041014666451,3.52412168760031,1.95825469591314
2.35737385067982,2.92997100483487,1.78565375320586
2.64220995371515,2.8331000814597,1.92661497406154
2.76998615774848,3.33426660884144,2.06429825661736
3.16568349637787,3.38071079516552,2.3967121585032
3.58594189912197,3.69900199184303,2.80724549786253
3.59189306804336,3.6822577348952,2.81426183706184
3.59227708269236,3.69476362567278,2.81166363319975
1.19233597163185,1.99094405251652,1.03891167545165
1.43710211487374,2.37523469050131,1.14170657459524
1.02426089210887,1.58024882521814,0.973696524900551
1.12054358008525,1.47215797176342,1.05496920747683
1.10470124575958,1.48800309839235,1.02162909130361
1.21910077870192,1.71753230676055,1.05901129910954
1.23213985562514,1.56137611307813,1.22859750997402
1.30938904675219,1.55861372594992,1.36616133944579
1.490695076706,1.61660286831207,1.41772422225815
1.19964536559921,1.89960828121766,1.19793362089958
1.51868397637336,2.19147832591158,1.23948453670926
2.19557782633277,2.37920692595977,1.39933671082056
1.63883918144476,2.53959221358789,1.26405992792386
2.35636750138478,2.88356267277223,1.41531037276857
1.4533898817646,2.70887902503832,1.29003412508108
1.72349860261249,3.16681659686357,1.41131150223679
2.13509665883174,3.61814742376612,1.62346889341639
1.88522917514037,2.30903185054186,1.35422800797368
2.6627673810148,2.5176795296293,1.55570014130211
1.9570794184006,2.71988377347394,1.4099879212013
2.74082031214595,3.20485770611251,1.66130397993694
1.20831392701133,1.29086850100603,1.04071828584452
1.22394670218773,1.14567201848913,1.05809624756943
1.39738361936954,1.495950961883,1.1331027832818
1.47569047006476,1.7328590375955,1.22588611331072
1.58718972173995,1.60427103476924,1.20818771156917
1.67045714330496,1.82805021110438,1.28654557916453
1.84365392250378,1.9650035764987,1.39740357354841
2.11861102519798,2.21631171778806,1.7212548927549
2.0147549577977,2.19411257204525,1.62475181693124
2.04370740472007,2.55688830777544,1.74397148797675
2.27581856354023,2.91491568748339,2.12140064524456
2.23981005313855,2.88838532891519,2.06756596848606
2.41169761003507,3.0132587431836,2.07014055003181
2.80079406647681,3.41682359635707,2.51951656132109
2.89006454799343,3.4407643131419,2.51568134357462
1.56638030517021,1.4362612573088,1.16473337166796
1.69403776517061,1.74123969090215,1.27203722470868
1.48347348021394,1.28251426060271,1.13371836902113
1.47568548194125,1.30575937750419,1.16136202072339
1.49847839316545,1.49901561019726,1.18863906292594
1.58266634847923,1.76889016145194,1.30172309715392
1.66103932965974,1.90290435883503,1.34555469277656
1.67351321001769,1.73844683831797,1.25385067828342
1.69782931272464,2.22328675691378,1.73010390140204
2.04817747238392,3.51184568896915,2.73750705277395
1.87669079236904,2.78187413315132,1.99887041851159
2.25673568157367,4.33989447785552,3.42004775353769
2.49074276198199,5.12474258075533,4.16067831773675
2.25367586568061,4.32480900742989,3.31820530124057
2.43483715478052,4.9989518753465,3.89569390715224
2.06342587894386,3.41439045986048,2.47461371483053
2.16844238199437,3.51108204028972,2.53328243749879
1.34769334571371,1.3215541892435,1.09926662021582
1.34148433398019,1.31493483152954,1.08875719929443
1.27756543097388,1.22855227167857,1.08709653513825
1.3255491606687,1.28748470637336,1.14888320277838
1.18688593415266,1.10286501729131,1.03526653496447
1.21210460710995,1.13381148163765,1.00244024912298
1.22402371411497,1.11282143697412,1.08669268324227
1.63964554112264,1.31394072256736,1.18243603254523
1.89379626009988,1.55954980666417,1.31306053270163
2.34562156940491,2.05649879951847,1.7871851489576
2.39727689124577,2.05280818786278,1.77635196691419
2.35226638512837,1.99603237223682,1.72896168797856
1.211771454724,1.5980100481709,1.43015055052203
1.65512194824451,2.11168882882193,1.76348984917737
1.59872253151119,2.25445709673926,1.79127098972159
1.34959233007428,1.61293957123879,1.58444911952221
1.75707096902979,1.95983960689793,1.96884197661491
1.78104671260051,1.96994572775152,1.95532154099467
1.75257734539922,1.99644804547009,2.0013460194281
1.15104062206084,1.0494062606299,1.0524125506659
1.14226820076951,0.992826164447485,1.04329525856083
1.19544543953881,1.15171991584862,1.13788457583117
1.25622912274289,1.25060551159962,1.19805574285669
1.22971781673995,1.19391491503388,1.20921532457873
1.26609624451394,1.18371380319367,1.23590095483365
1.31350342452269,1.33124835222723,1.32295336324794
1.19821117075272,1.15614230997515,1.17185297647892
1.23079960099652,1.16626802723908,1.24927218811797
1.18729858619147,1.16784884683446,1.12700256593361
1.21473967343379,1.21567624068937,1.16427517105016
1.18732960560347,1.15221886389966,1.11237416585408
1.24792208601614,1.22250594213153,1.20175582318456
1.25437460663513,1.26988003251532,1.18697233239015
1.28337119576277,1.38674383618586,1.2585463322062
1.32100165510988,1.3359501574608,1.31420549014971
1.42363951274212,1.46442894448182,1.37120042157679
1.7760352415153,1.6667173954351,1.74384529606591
1.63394954946639,1.82129024586704,1.70351264082532
2.10322756984418,2.12505583984129,1.97524742672727
2.74029274076046,2.67697347865373,2.51740925826229
2.54871375391003,2.54709393525889,2.42808039964689
2.51956187419098,2.61161519629471,2.39290559900448
2.63609528027744,2.75981967550976,2.55004667131723
2.90452233641683,3.02050954777166,2.81085435188539
3.36444310562133,3.35570519014143,3.11685813948742
3.75488028402163,3.69698185541665,3.49943120477003
3.76458417967621,3.7117924752206,3.47205759769127
3.72832947296938,3.75203040575928,3.51183164585617
1.12735130653982,1.02228037524542,1.02454125732008
1.15441722254346,1.02471786885858,1.11944922253934
1.09213101899384,0.964299746102837,0.941783746841744
1.11547223248695,1.01694838024716,0.976555794201826
1.07164297624195,0.884469315326981,0.917291455458823
1.10005511353619,0.909193344149681,0.965038235994401
1.09472090292477,0.910447003452045,0.939113841973632
1.46501225497657,1.22372909617717,1.09731786224575
1.61959257421091,1.32341759720714,1.21460764165036
1.16275815799127,1.10103265536412,1.04358751911414
1.86461136103147,1.78695523209927,1.44676387510393
1.43854652709978,1.54336616470148,1.18426123025267
1.95234040287902,2.04591451002318,1.6391142175256
1.94508331130565,2.041085313394,1.66025826636974
1.97895361324875,2.04167245469986,1.68913089315549
1.90948169885274,1.59216934480613,1.42611202109932
2.39995154979412,2.1319914910195,1.9255107038117
2.43431094159541,2.0815258635142,1.89029690437092
2.3925092634757,2.07363170519941,1.8550438960003
1.07082064794717,0.836834335220579,0.914627998317392
1.08649500811279,0.830005471485783,0.921037444183521
1.0945383717656,0.858954062765654,0.961066986106653
1.10949666145591,0.911422246926486,1.02926179384843
1.1357018934518,0.863065853295429,0.969521128355096
1.14198950756948,0.842728137172562,0.986714435487769
1.20400915428896,0.918946216447834,1.08134205775405
1.43506122779941,0.995428243384625,1.29788175763531
1.38026956978683,0.988975309688314,1.11364496232612
1.47043658079591,0.894124532501237,1.35820496192175
1.55941452049939,0.917457575573105,1.80855309035478
1.89643689932749,0.952715972924459,1.73054492999024
1.97850014754863,0.995408501114704,1.44818442375963
2.41654332457771,1.41874073395782,1.72169265535208
2.33374298316503,1.17911882187781,1.76522009513496
2.24735356822294,1.51660619526514,1.88038318283726
2.85458732773506,1.29610095960586,2.10486201173627
1.16150814687665,0.890822597931675,0.92782704115041
1.18653688237056,0.90695137085675,0.947032895795286
1.19184028377074,0.935986671104549,0.947375358998324
1.20850424132804,0.970296292350508,1.00331731269767
1.23752461107978,0.977802690990757,0.973060811546125
1.28819391433148,1.02207360277486,1.02174715885439
1.32274995612462,1.08298056139957,1.11886534601919
1.57460004429994,1.41566629215438,1.46891124236579
1.60100594106255,1.47465548385222,1.36209684010277
1.51216055717429,1.50553457937143,1.63054085290366
2.00053886162214,2.13707991047292,2.1669941524741
1.97370890401942,2.01959011573088,2.17262148205241
1.8695719275508,1.75093097971299,1.8844741475615
2.43979645593125,2.23177599772074,2.3236144431401
2.42855766378519,2.2999101470036,2.41952559541736
1.19487460105447,0.934497820201115,0.917512761131568
1.23064002046567,0.974055109075872,0.965920820275382
1.14889187094877,0.893565171531929,0.880739154273154
1.15241386184694,0.910485693878924,0.910378362188187
1.12403886334911,0.869846964879983,0.860709580934278
1.18094011997349,0.914813471061626,0.893849013188256
1.13899167351307,0.876467896754657,0.885396976816068
1.15463149406679,0.88721776290549,0.910756705456762
1.18837599649619,0.909288781217659,0.917184839258076
1.21129848862924,0.942144205716617,0.942075340123861
1.68361735073838,1.03884161502452,1.5045173894283
1.62307520850651,0.991049778188204,1.41462099891415
1.07519641189941,0.835165354386759,0.839552663902103
1.10916155930383,0.884322072207261,0.888764183043111
1.03589215423912,0.791248799666125,0.823796036194309
1.04876577426939,0.805621276424485,0.842217260085745
1.00650245779974,0.77197509764052,0.829832216487027
1.0168141756982,0.785142860737196,0.858152893937333
1.00024048136982,0.757981662106447,0.843054678550286
1.05525519804178,0.816400056013281,0.867312543948775
1.03133006353498,0.801900010254371,0.905819570698393
1.43973554860275,1.31533898767573,1.38105412284457
1.48336298979012,1.33056175276477,1.38782870222835
1.50295876876532,1.32942931816302,1.41996174812024
1.01808808397439,0.764534459365057,0.902717274917329
1.18913502431206,0.921382568488546,1.1188053543277
1.17709278878973,0.921816874035484,1.07979058472982
1.12680963910161,0.879228815037058,1.06087779859471
1.5920923839277,1.38764167807289,1.53403126848211
1.61632632414636,1.42596954787704,1.55783611320507
1.56640122363539,1.41459638961663,1.57341444958276
1.03411819226149,0.810793076263508,0.858239468288217
1.05112148830774,0.852456754107514,0.90446484976344
1.07298012480033,0.838615072384097,0.875117459210599
1.08848322749218,0.847759652163792,0.880888734842989
1.11775563073433,0.889928754587563,0.936593373914554
1.11297958423859,0.924412233415576,0.972944726359666
1.20096349087987,0.946730423234468,0.991382770372219
1.4066234884679,1.06580824283773,1.04928670140987
1.43989674789327,1.05428867083252,1.11680325691314
1.46320628839436,1.09432541373715,1.02969048180023
1.82035639486093,1.64544951126309,1.66464541541838
1.82057787117524,1.59329292864265,1.49318649096075
1.71343703953537,1.31707851708008,1.45461135209654
2.08246807200182,1.82288430247512,2.0424422612867
2.03499320442668,1.88074866390988,2.07536096965764
2.31323853205122,1.75726443204842,1.74266994027167
2.69871975873873,2.06437015610883,1.90571245032144
2.83708704862828,2.50524626434183,2.42684279036114
2.74133836748808,1.96069477785335,1.98983368001538
3.04437284811188,2.28060374855746,2.39741729962789
3.09646130483824,2.32629895109196,2.30994974565682
3.04049888471356,2.3197356121675,2.3160523561653
1.14584437085286,0.909133227268049,0.960693887493904
1.17410947966024,0.964441103305295,1.03028689379417
1.17244424797583,0.9066587787309,0.947570428841252
1.18196384459757,0.904079016658152,0.946024287281782
1.22510833858599,0.94865460754345,0.983306156673066
1.28432627577155,1.00113929530199,1.05444289948549
1.29675794125259,1.01778582968885,1.04198398094228
1.56058154913395,1.03280675249223,1.06089417218134
1.39916432035974,1.09773425905117,1.11835999925497
1.90166431314149,1.13634565859611,1.15278684705043
2.32629277095616,1.33532408364114,1.35423393553781
2.44454452465714,1.38994188410403,1.43250749969381
2.17263492601344,1.57330464788052,1.44881094552106
2.51916899573066,2.09440671750284,1.9006301479459
2.48197322851565,2.02120939825553,1.86391608924486
2.47362559190353,2.00160026365615,1.90176133885187
2.74818755449252,2.32295864074958,2.27722799821932
2.68723219270398,2.38431681840315,2.30441906737481
3.02609318731886,2.62922162094869,2.43598615643485
3.31371257454458,2.99025345210769,2.80757011049737
3.37982377324912,2.97040234478164,2.81502207454452
3.36139237773422,3.01208180020911,2.75164812934771
1.18782712295987,0.936200604547211,0.9574595254312
1.25137844398506,1.00574421681682,1.0378762812404
1.11967762590351,0.888466865023561,0.891605939767503
1.10251918179172,0.874979234777466,0.879753590886784
1.11118692054999,0.90050055638371,0.896303122797114
1.18939372297062,0.951471990414101,0.945130639130225
1.07864257873174,0.89223859242925,0.868134887392122
1.1136878347327,0.889044480376294,0.872792039521338
1.18505606268379,0.96081161157914,0.957943954445728
1.59527271516364,1.44460424010423,1.41057246391905
1.62865793251672,1.3807779372284,1.46288673888944
1.62246695854436,1.46849542277813,1.4328267775938
1.19383289147756,0.94140965831429,0.913599853242485
1.38880907299301,1.148704371832,1.12865828754499
1.43916001787773,1.11790533820852,1.07743486623919
1.46185381248701,1.22314118246894,1.0764158072728
1.90157318476766,1.68408045757646,1.57976785025899
1.86260842282601,1.71974657283329,1.55629120325468
1.94155210041239,1.72235717891501,1.56653672815486
1.09927083017581,0.928713005303198,0.926297927830315
1.16386982698647,1.00063329452805,0.996478837629754
1.05488809985308,0.915636420767542,0.923328800426082
1.03932351550846,0.897377961987325,0.912000292863958
1.07266477625447,0.97890072185614,1.00221659950633
1.09175915739981,1.01721044886736,1.03713268603962
1.06046948547752,1.00275375008145,1.06054942059736
1.10059031405585,1.04521577476103,1.08086396020635
1.24058902054591,1.17946860740246,1.32094269586587
1.60015442454887,1.62385197587273,1.75898522583959
1.69491640808786,1.61979870604322,1.72070119640441
1.70280945698717,1.62295375259117,1.75799947158382
1.09647087308351,1.07828128877281,1.16086063098712
1.48174878313537,1.50959481338795,1.60907891512667
1.51247561820721,1.5681901073156,1.70069375926474
1.34416580518032,1.25695195511169,1.34306281030273
1.82607681558095,1.75863074090376,1.84513458850231
1.84194639886731,1.75026181518862,1.80286997609079
1.83276274278211,1.77328851862847,1.85338964686069
1.16162231610062,1.04523011667821,1.08073629932188
1.23980760371795,1.13244293545235,1.17645532495047
1.19688969650474,1.04576819138102,1.09799708394161
1.18120880835006,1.0221615975942,1.07722238940862
1.31022932139103,1.13149129647358,1.20328827555007
1.36329238005019,1.19217851385473,1.28257047901553
1.37390055453759,1.16109241851361,1.27021574871571
1.53951427041126,1.27521933818089,1.46720729142433
1.49063453836948,1.24907451491808,1.35391307600952
1.69339011192329,1.34796607652105,1.42408851978593
1.98204302647579,1.55587618646427,1.58784345751417
2.02216639576846,1.54572056376445,1.6749309277332
1.75232933319731,1.44144531253064,1.53443480415729
2.1000114422437,1.93052686115263,1.93363617675255
2.13431714928489,1.8045380886679,1.9701188830613
1.37263084818254,1.19319255193635,1.25153187230042
1.48175050598485,1.30395462984663,1.37467331729885
1.35062120046368,1.17605894092993,1.2235423456542
1.30173523157529,1.13519848021376,1.18810915428513
1.45231961354752,1.28011551058835,1.3389597112536
1.56382758631309,1.37609580909118,1.44384353466537
1.51665310223821,1.35061533858916,1.4512550422064
1.70993080520069,1.70877505522977,1.77281665165938
1.84386935313536,1.64680859839982,1.76779715387609
1.95709613092807,1.76133185317043,1.8055929671594
2.3384285699658,2.17383893716898,2.23710305966722
2.4907448536425,2.3453268571748,2.31624262520727
2.47383520013243,2.14163952559324,2.19549176529693
2.90311506734572,2.58421804833773,2.59970267531444
2.78626681368201,2.51324488814999,2.55185153731258
3.09606990481179,2.66442327123665,2.7554008218895
3.36105440246529,3.00318548674366,3.10153658709903
3.47825360661759,3.15361803171671,3.19765015041975
3.76008639361824,3.10874392118369,3.26308200510097
4.07219163872546,3.40380626392414,3.54958717588913
4.06986509601236,3.42112155833517,3.58428758608562
4.13190194019888,3.42812454471248,3.60933769204186
1.47303784697883,1.31230306831343,1.39883929996379
1.64574074772882,1.48687814452823,1.7277494688563
1.38897446956837,1.25030296717259,1.70212269691208
1.35319563515763,1.22633610320484,2.08282768705594
1.46469916824629,1.34762257380298,1.98672358529292
1.57383398363247,1.45626681243785,2.22950108927133
1.47054077582221,1.35517767729234,2.159636552996
1.52293354205094,1.44345544936812,1.9676459218667
1.70932650695701,1.64275008519991,2.21883290099498
1.51546672448296,1.43105358799622,1.9303072931771
1.52420958262312,1.4010363480517,2.00421125824575
1.65206661496349,1.59352561984455,2.04940525469602
1.67859339586774,1.72431315963546,2.24716982593131
1.89493962034778,1.77615806238941,2.26319363747035
2.25625994513876,2.18679754752394,2.62375219663785
1.94693807103622,1.76747118871881,2.5274151361473
2.00140768642891,1.88460084585247,2.69335115342623
2.51175806326986,2.42619380125625,2.8316364875667
2.95308520557352,2.90925065160442,3.22673860100705
2.93762538155365,2.83750334517736,3.1888215943855
2.86950592973249,2.81167474252574,3.24997698224896
1.83939077941456,1.6369015293998,2.11186054729618
2.00835358605573,1.67552730997613,2.19390526305531
2.00757523421797,1.78185524603786,2.39028491334351
2.05220450519735,1.93386948855935,2.74291521177795
2.07223323120621,2.013494839965,2.80084919327263
2.05414761694003,1.96258820729721,2.83322404545445
2.37058608597783,1.96561459020724,2.67076027985647
2.51949379737517,2.01190754056837,2.85567512797973
2.51923931751882,2.18300533775995,3.10406988010327
2.61675203192662,2.32927212050031,3.19555687683234
2.82232256342386,2.40282217236671,3.47493346248498
2.4187756287127,2.21770035730398,3.2356971428108
2.62923287685223,2.49063320346631,3.54965779367259
2.6600443055722,2.4421316365089,3.57713232041853
2.62804131553035,2.09449267387172,2.61048922261903
2.64140384101587,2.16824821236743,2.57581231339722
3.04130387518925,2.31385526891147,2.83943795154597
3.17980333985016,2.38442148512111,3.05493759356784
3.46129979083818,2.64725291491452,2.98857131446869
3.50967904116806,3.00021509253451,2.98868936280319
4.04649019276324,3.55036678674631,3.49944115644529
4.13278771178911,3.74393418225811,3.84080681332368
4.45466757356188,3.82184951104444,3.58767905813382
4.28780045640457,4.41964711952331,3.98409056554601
4.17493124626535,4.42999384346397,4.24882465422088
4.7296665360392,5.12895801826851,4.41264306052623
4.51857427471376,4.85972622600889,4.08736599246278
4.96207754118703,5.22953889807897,4.22004612530999
4.60880978042635,5.30468726797394,4.44354718213283
4.53673121313762,5.66148286300769,4.66236081423309
4.9697166153609,5.51317681945116,4.69582545185757
3.49397210983567,2.40923096721362,2.99668453475949
3.5480015612266,2.60112993870097,3.17475182803805
3.65216261832128,2.63813074032937,3.05242151630134
3.80651731021038,2.93285499434698,3.12834911378792
3.77388838073105,3.0233894149354,3.23753572494696
3.68958720054972,3.12145456960606,3.42478685848706
3.94540494790005,3.63770912466366,3.50907378378172
4.18237139298127,3.86056075097773,3.56841866077282
4.11990098293097,4.14919542792254,3.81397438651095
3.91910652151077,3.72921865754532,3.92006643529071
3.99779368378008,3.732222479321,4.12597768897107
4.1238181019402,4.19205786739756,4.24880202506361
4.06719337054073,3.80438906524768,4.38294114926581
4.30100606481751,4.22433955572951,4.78110454044186
4.45187799363008,3.94996499811463,4.85655390861005
4.65084206696471,4.01582487190949,4.90605054270021
4.80281249698604,4.30184052476715,5.40745323136447
4.12494709334905,3.24109213377323,3.24710236766559
4.46870567035255,3.25023376892381,3.22416693520391
4.2118351737726,3.59862534665447,3.49410225338939
4.1030733987157,3.73030254205563,3.68305133345133
4.59540488551451,3.95968232275902,3.68178073311648
4.85381687369459,4.01444370755971,3.69020616176189
4.77407154687883,4.49211478671475,4.10729564975332
4.73554790363289,4.60503993543799,4.44563342105347
5.11652093395627,4.83440368395351,4.32082364751947
4.91753233262646,4.7710866996217,4.35304601685756
4.87018541348647,4.76361531117035,4.49008972443278
5.04923835163949,5.01250774020455,4.58568073396347
5.49234144375994,5.28173744634047,4.82154597704043
5.77049055292494,5.50736295781215,5.11344391665524
5.66697917733674,5.43929399684929,4.99672058923105
6.01228025747976,5.8443594894242,5.33043533180511
6.18435947340275,6.03628998451634,5.56760811353772
6.25168788098424,6.0558054783462,5.50085392462538
6.52638920516049,6.40935404278701,5.92326730229126
6.78762242938314,6.66235188353731,6.19706004273791
6.75971987524373,6.67889992563031,6.21761141913246
6.7515112865847,6.64109427580218,6.16767461861144
4.73278568116527,4.00274929254707,3.70422008692492
5.088754549474,4.25146542185065,3.87875784601878
4.60296535790675,3.9247786065352,3.67571594768522
4.43486569998235,3.84222662648302,3.6801203757936
4.85426376693726,4.15208773641573,3.82389309362239
5.06289385600959,4.44258459463429,4.04799866022911
5.01447357421743,4.58725900970304,4.1774937012391
5.249195715396,4.80899643129259,4.19361963497428
5.26949544876753,5.00738947183574,4.31260571418835
5.04332814303869,4.68761409740888,4.66771423945748
5.24508189969224,4.93124405588452,5.10297022351006
5.28195326008669,4.98044413007937,4.96426721952026
4.9422541839013,3.84045844661643,3.55563057687843
5.44257287831713,4.12179511888458,3.72780082611323
4.7576277939982,3.52053545608155,3.31104949034865
4.71512491265085,3.59083466517079,3.36902691194235
4.91007513158559,3.36058544142636,3.13856552508261
5.54820074820463,3.74488381011511,3.34572568571295
5.37818381801906,3.71940192820966,3.1790908977171
5.20442983105499,3.77112139414344,3.21704537080571
5.7468226321048,3.96489419034492,3.35042845290591
6.13443950097857,4.33158767874022,3.62698866950928
6.16583382470783,4.60472299227213,3.94308157075768
6.39258421601762,4.60171710913948,3.8486113040725
6.94013359162615,4.78650266358334,4.09097817327035
7.10786463807769,4.78571777174336,4.18218448107957
7.03674914254921,4.9078378469743,4.36093354423642
7.79680383872043,5.59941228180549,4.76701955582436
7.95643307000802,5.80678914513163,5.05284902752371
8.09464926623075,5.92568124146196,5.05088032608743
8.45090558953615,6.13283132194683,5.29590755007424
8.69771419635041,6.37746702112875,5.55575886498885
8.72966093531683,6.36044339664506,5.56739413956491
8.66281839314046,6.39035968378737,5.54210134037639
4.23135512906916,2.89590244637844,3.03064156758022
3.73455321003587,2.9267013720472,3.04638373765082
4.54040944739225,3.02958263332978,3.30448064299656
5.19364876006,3.46186931273257,3.59549584873839
4.25039443240909,3.10576957138718,3.5277559398844
4.17728956653365,3.21831897381953,3.7264785540034
5.1240161665013,4.04112656736452,4.2924797123154
5.34257424802921,4.40385758053306,4.47772320034298
5.54442908786976,4.6021186101891,4.74835508726458
5.78020905489903,4.97666093974183,5.02807998019783
5.84619821804444,4.8800948756668,5.0484165382898
5.79097562434267,4.91442629129185,5.03664022564676
5.91184349346308,4.74647960399709,5.06657373409267
6.23219384207131,5.05159938695329,5.31167913902775
6.13559693973348,4.90195733899456,5.29352034602859
6.55336428658014,5.55332844632098,5.82976731212365
6.85491170239423,5.91343767951484,6.1366608086708
6.83947201500346,5.88855066920654,6.18261349861568
6.83836837371597,5.89767747590013,6.13913187240519
3.66012250838359,2.75878674749934,3.18513001184373
3.92768564720973,3.09512132927829,3.35904596299358
3.33302739948029,2.67552552007269,3.01340467729286
3.57326461790517,2.97963722157769,3.19221953309652
3.21536272823636,2.78261842797906,2.92157006782945
3.50240385428383,3.13008744091065,3.05744592580871
3.65890138561552,3.24715380583087,3.13003521640076
2.78685103744785,2.46400860745657,2.76362431103588
2.83613441980495,2.73022094200635,3.14134393149903
3.03207468227319,2.46586740610796,2.70153675421546
3.53773516063948,2.94648563834266,3.03903883027741
3.1532979880497,2.27690537723518,2.63318195076887
3.38143231182334,2.34145071876479,2.76990210641487
3.6495423928822,2.32756882843939,2.71232640667012
2.80750403472219,2.20630212651911,2.46173489292676
2.61396461078007,2.33009915797611,2.40331326152333
2.82607057769492,2.1721155662746,2.4828477106412
3.05363214590078,2.20968233231418,2.62051406524982
2.64538063185508,2.24104315772572,2.41545605311048
2.70351591299585,2.32000700045923,2.38029717376426
2.88168472072451,2.42768219805957,2.6198055550829
2.95284446993021,2.81226289826733,2.89030971947169
3.37400580371717,2.90055457933242,2.89722153245539
3.69962237893571,3.25991597831072,3.20579405060387
3.72221057421619,3.23761097145868,3.20257005436319
3.72914472736288,3.28789920805767,3.22088934158605
3.32591352021436,2.56022366701867,2.89554439077995
3.70300953453396,2.90889872822117,3.23364795414797
3.63133114912929,2.90515486627372,3.19530456143562
3.63627883394319,2.85051644142395,3.1970850692048
2.33356751639213,2.17607961801614,2.27126507457737
2.25603605923128,2.04352780980937,2.12293657844722
2.31909006789314,2.32456883692351,2.35635667555817
2.50990319114538,2.47205082165962,2.50865770403669
2.21313194483046,2.31890774854268,2.27879110982061
2.21781852234746,2.28995689948403,2.27175075832223
2.40709903587806,2.52842112531995,2.42942878827408
2.03390879212527,2.14989984909448,2.06546096860131
1.90802701037359,2.02631925125458,1.92761071487616
2.08368219984764,2.19779752083612,2.07990776602578
2.24836197434533,2.34473046623927,2.2375761077227
1.97743978043282,2.10246821921535,1.93569989889446
1.94926301176529,2.11839722069584,1.90967294220836
2.19772521246704,2.30881859690106,2.09919131172187
2.68597641490002,2.48453922226297,2.32974185124413
2.31141154456593,2.57164112364088,2.24721534340288
2.44747126868172,2.85073728353942,2.31148708152113
2.80036026050734,3.21005756376116,2.57858211798786
1.77899321845853,1.85933562132746,1.7275049952107
1.6351920081421,1.72577644547012,1.57235780154738
1.81866038904048,1.84183418027045,1.75312886560526
1.97892179767233,1.98649517218633,1.91811016844349
1.70064246039337,1.67071936026655,1.6064324787294
1.69452547221393,1.66594562630935,1.56537755545541
1.89424252350739,1.80337133276885,1.73039680689825
2.34833966145946,2.12541324000518,1.94647909980283
2.17854649727331,2.27482791041498,1.94839332070387
2.19006373907074,1.82116910578696,2.02412295164623
2.4448152849514,2.08254178646382,2.27726040726055
1.50551078238038,1.48312458144335,1.4679766144741
1.39484756807549,1.35327823996866,1.33832639071986
1.5416290935439,1.5473832448449,1.56237938167663
1.69016583532137,1.70817254309531,1.71085077130525
1.45239738776224,1.47721462757508,1.51691745824515
1.41071663919901,1.38879843101132,1.4629505280981
1.64398946021166,1.69451024156613,1.73446376431793
1.85574533960983,1.84465825109062,1.8399197168499
1.89519107557261,1.80272383912224,1.9200600441858
2.15250551825053,1.95327488453774,1.97255451226141
1.80186890663784,1.74504303684019,1.87064317777583
2.16530756845459,2.06986185180021,2.17100861292371
2.17457926315588,2.06227231038345,2.21818812383982
2.13853969018977,2.02611643318119,2.18731290268476
1.32513418029603,1.40158525398903,1.39913837412454
1.22937616044947,1.29751496584955,1.3120063833504
1.37470459452558,1.49718411112876,1.42853197307462
1.50115826376282,1.63316709339025,1.53837879562865
1.30565144226472,1.46220777487568,1.3462378299181
1.30652491642736,1.47501175263721,1.37767340618615
1.4681686271627,1.6497777751829,1.47012286137628
1.69133029453371,2.03430020428704,1.81039771692972
1.64404891799271,1.92787325594947,1.76512516904919
1.93506727785614,1.99732905790139,1.90113716294808
2.42048907971594,2.47927369007317,2.41619898323923
2.36498491537032,2.49572198155964,2.35412012300999
2.19405100072078,2.21150922650498,2.08915833513784
2.64873518302607,2.61546065665485,2.51035539964303
2.63644173613435,2.66081375317203,2.46635025761912
1.16926758762022,1.32219407833637,1.18556231702956
1.09896525709087,1.2560640725935,1.11276011746496
1.20443536031274,1.33655286723336,1.18688592900693
1.3132488457542,1.43664295503035,1.29553096724876
1.16676708725517,1.28319744197605,1.1051502102362
1.18676284714278,1.32259407979533,1.10083249381218
1.34829503533035,1.44562840646746,1.23960779081159
1.57574495132322,1.63931637142236,1.42231494698874
1.80066129620297,1.79913597447603,1.49926831461147
1.55727915193099,1.71946999649452,1.56036459691327
2.01858750161523,2.06806357093315,1.91849220213671
1.90563408515159,2.11749557760406,1.94234215662458
2.06991362674,2.23464120711683,2.02689298882764
2.32190146550256,2.55653009722083,2.35620147157415
1.03677861031456,1.11972582179135,0.995220626633339
1.01347136649717,1.0950398099341,0.954596276811885
1.01800070819225,1.06035155825279,1.00543845423192
1.10182751522758,1.13197592979113,1.09609398643669
0.940672845498359,0.94163749755672,0.938879212560501
0.943370680201153,0.925419241648601,0.9133496428866
1.02262814911195,0.948652269401743,1.01902053137372
1.20828656464251,1.25230033338272,1.21647746175902
1.15865201769643,1.21362915960809,1.15060369308235
1.63581677417042,1.72188516245494,1.58288855598712
1.58645811937683,1.67988747503745,1.6138980371725
1.64564571506418,1.73786286450959,1.63150796253217
1.32566574275288,1.26708347955523,1.17737050600721
1.79151313494493,1.7280840268608,1.62709521077698
1.77309135890475,1.78807162821764,1.64686960141462
1.77749462189124,1.75987017392385,1.62317342706285
0.887556929123291,0.907080638048915,0.913612399760934
0.871264449954269,0.86318659916612,0.891969230885337
0.934881563383485,0.985383744994923,0.975042121908856
1.00607217387036,1.07469198056047,1.04065754998137
0.962602249173064,1.00632448101425,1.00383133295647
0.974789144678248,0.984684161633106,1.0184019584044
1.09526945254937,1.15296732454429,1.12098214276135
1.47570566172732,1.62597998468603,1.47760187223197
1.34581349967972,1.20344967704531,1.05775502531303
1.48830618550766,1.41714308258584,1.75667773124616
1.97754233251162,1.72090711408431,2.17894414597569
1.90498563066306,1.90434504215665,2.32040890600489
1.95845662284227,2.03645124763997,2.36536870654897
2.41660983780879,2.35309263685225,2.88517604778689
0.941366960086057,1.00388548704178,0.965797413503018
0.959781099167711,1.00243322142225,0.990416441039698
0.951785248410811,1.05473920623191,0.961780332691094
0.982999652936827,1.10102016770263,0.991173791417318
0.98181743653023,1.09586518945461,0.974671486294541
1.03758638219308,1.14214216011174,1.03393079232303
1.06407268807247,1.22137740520654,1.05036641101976
1.53298421574423,1.63606732543257,1.47328405246918
1.4879582791415,1.66406535083187,1.52346470537717
1.50049852740954,1.59802549793939,1.49741396402907
0.937256330662624,1.03203552711389,0.931860204712916
0.97874248048953,1.06630493081345,0.987514140615113
0.896413908637245,0.976338924663737,0.883902068796424
0.912197853349818,0.997975127768082,0.902822455930214
0.872680383744671,0.926941927096104,0.862823640267828
0.923212515263974,0.989974359536065,0.917066835432714
0.881974698053458,0.924941724198379,0.871945445860754
0.969495860418565,1.02075109042072,0.950900883133999
0.89147371971151,0.928345080568056,0.889223569250656
0.886668190173933,0.886914464508378,0.878965663754894
0.992798631737691,0.967649764087898,0.974477184224051
1.09521352379513,1.08386802797834,1.0736943519994
1.03494222273662,0.945667677991787,1.0014150345699
1.14364919346917,1.02541785157163,1.10490246585797
0.964995160451936,0.85627870751481,0.929174595160437
0.87505779699618,0.827537946000849,0.863906513555091
0.900104893034609,0.834837108034732,0.887101937092201
0.92207144337218,0.884138502870147,0.924829671248821
0.994735096565756,0.870726109128142,0.953280299587361
1.09053947611656,0.958918836528228,1.04386023189325
1.05263371764677,0.878180182057611,0.982757223978935
1.17590148591586,0.96067456239302,1.08246329700479
1.06231213711525,0.881992743514624,0.983486008553443
1.18848091494874,0.971430721561994,1.07961425918711
0.839230757709665,0.858355961562639,0.845905082292572
0.870008548312031,0.887195328645244,0.893693099525734
0.823101968021327,0.818320099692582,0.835656049771855
0.845680106199104,0.847634482899229,0.853987527089404
0.821841796891693,0.773078832788664,0.853392107972097
0.831962445121332,0.753844741887471,0.845675843346515
0.842003989284565,0.795974753983837,0.911320834423055
0.876235648179282,0.815934756857587,0.90891647438756
0.872336951254463,0.895512432649879,0.999140251561454
0.876522409303284,0.785161481504557,0.966792887753853
0.963258954562784,0.894888923534227,1.20390350124227
1.02147430157096,1.01684622538638,1.40568131360556
1.07178829351287,0.901337872170809,1.2094077633085
1.26308902034416,0.999716933006586,1.38930060784277
1.04549859407971,0.81187121314389,0.981363729778117
0.944285059580478,0.746686795937504,0.835466874375888
1.02204424925336,0.784215614725525,0.765444280737176
1.04078173177319,0.83691581884433,0.813091432302465
1.1619350205951,0.867288526412036,0.822194092407822
1.28128785445289,0.985399691838188,0.949062954095896
1.17953947646698,0.870392998617116,0.981202663585439
1.31083154963945,0.978371051241954,1.14928580406413
1.22303876745799,0.893853924811918,0.885412587919473
1.37055378244013,1.01861688341347,0.988075030941321
0.856603510463236,0.801412841982587,0.908407609929679
0.897049411158358,0.797003301687953,0.952672064552828
0.889670340555919,0.879420233592917,0.952386943810005
0.904121522738515,0.932978555692229,0.958546856155534
0.949632560585601,0.936221772391654,1.03264053139258
0.959836838495297,0.936577689646262,1.06203227587354
1.03676400690712,1.09453063734043,1.13993475386841
1.07813565456527,1.62907031315556,1.19433972820999
1.10647241177068,1.45160110015262,1.23305352349433
1.13803996257583,1.4615583690316,1.22545114500026
1.23500692987882,1.88108121531078,1.26882264778506
1.21930002598171,1.9955851507239,1.45710981363188
1.22059997093961,2.04314151214621,1.53640015287297
1.62031103139022,2.53298276517964,1.97802755293997
1.63812662848474,2.46197173039087,1.87501293858419
1.51646312901031,2.58273968089732,2.12339209595259
2.02342630266362,2.83581573999145,2.56216685244418
2.00514787803923,2.87280112112373,2.64298942116361
1.48607487827922,3.32338318861453,2.30247361534126
1.78543084084346,3.62962687631203,2.54766702285606
1.82559252853783,3.66319581340925,2.57670257261605
1.74859067141484,3.71351405959158,2.5695324549098
0.977967416407128,0.942782689092558,1.061004532854
1.03967079281439,1.00216267401898,1.19169753458503
0.97930503500798,0.968432648093537,1.02157391082257
0.989128301066148,1.0017063314868,1.00681845040646
1.03575622460985,1.03493241895689,1.09072505013769
1.11913538800843,1.13183162579646,1.20025249192542
1.07030911359062,1.11423587285874,1.12869440604576
1.01358592572808,0.972247785330059,1.05882755129222
1.10694790882233,1.0922514137433,1.17340430035556
0.939970087894154,0.858780737205745,0.974945296192707
0.930128860789366,0.842811274884496,0.965696504543758
0.925706059615613,0.836208027886301,0.958007720907207
0.990302582156446,0.928869851106851,1.03683744442439
0.932988305469608,0.86301155103387,0.965272625501404
0.962606045870587,0.903047788629458,0.977714501130725
1.03931853195108,1.11183359909401,1.13888702913058
1.52148095841262,1.59314576283803,1.59521134882525
1.4620300659759,1.5909885610198,1.56992044828693
1.49250273112118,1.56371181915005,1.59412095650719
0.903287563700831,0.92359198152998,1.01485361482326
1.0430237539404,1.20830493955379,1.29339660693886
1.02239607575509,1.22020453992078,1.30533123568077
1.01911617260087,1.06640272358922,1.15371910693907
1.51786708367644,1.56913781346119,1.60427836600555
1.4885349451469,1.55105343186579,1.64992691329385
1.51892158652921,1.56203270021306,1.64904313463118
0.877354489794392,0.761763733643005,0.919771002224425
0.876456781365426,0.75917863190776,0.883018415315817
0.880210105110989,0.771066755411429,0.983130716383554
0.930579620240809,0.844081368182789,1.07092632666543
0.859652637526984,0.748625230496426,0.984291128799355
0.840941287469465,0.758626208262244,0.935001291889402
0.914986284047887,0.848881161697588,1.15749729691191
0.981265733165442,1.0445676638574,1.50698694780849
1.02344361463672,1.03861426756239,1.38766122043205
0.974610871704562,1.07230409481374,1.35640277350189
1.10925918672754,1.30946781576154,1.60607715187057
1.05105214786399,1.31926943885999,1.71443693617355
1.03943697893698,1.20569611103404,1.48266763528765
1.54465785497303,1.59901024183801,1.96942809141297
1.43819599528824,1.77405168989957,1.78592481862134
0.864009119025407,0.72406115088788,0.974470129597652
0.851281444849419,0.710549959881914,0.926850312331898
0.919842595262984,0.774367411862244,1.06119197782422
0.971516995949774,0.839440180025615,1.15006192683173
0.944674909957001,0.787069486134597,1.07677049487711
0.946497426368915,0.800848557761037,1.08598397625465
1.05637353341913,0.906061196133994,1.26411782963616
1.27226955753466,1.04651328603042,1.42914952002353
1.21497136523666,1.05105204866017,1.5643868412695
1.52180615325187,1.09598548645023,1.51832696921387
2.05620958774052,1.60872368808315,1.92048745705818
2.04992528398083,1.61677781524341,2.13176897863868
1.889406208706,1.47636065410225,1.78606814799409
2.25704445919775,1.94911765061935,2.2009158238753
2.42083077309614,2.03492356279864,2.10762968610479
2.44721695437348,1.8070397118293,2.58093765231714
2.84203612492303,2.06453890181543,3.03769171586011
3.01812219995164,2.32668392776214,3.23712059284843
3.24884082017509,2.78458605985741,3.41662211329717
3.14778856668813,2.79980145081142,3.17472071692876
3.82992628402812,3.32126235639588,4.08319331359107
3.84542691771764,2.83595673822464,4.18789704829129
4.14570353496751,2.9867896918752,4.5000840291799
4.33911251371707,3.28647613069171,4.74760661046488
0.917202620093048,0.742656420087879,0.977297654666546
0.922742427929347,0.742251792513417,0.94796606523444
0.917929001160604,0.757163743381188,0.963275720565371
0.955543867320546,0.812991895764989,1.02679141830539
0.911633366417745,0.750528092612106,0.909054598909186
0.962842380110964,0.79453628454454,0.974900369401494
0.966564638889072,0.855767891764901,0.973141864471296
1.4878726660097,1.37300325158925,1.42015011703618
1.31106026216701,1.39576329436146,1.25651773835127
1.29446594863476,1.00037317845903,1.31293569209064
1.81458271665762,1.57302620836253,1.74121176520898
1.92760977628766,1.55931253173912,1.84373298788451
1.2399349752848,0.947820792029782,1.3380460280235
1.76445422187104,1.47781169392278,1.73838418816144
1.58822149533699,1.36709473071861,1.78946824247028
0.849509769516466,0.682760744847242,0.793292651463126
0.867642209793814,0.707141565150535,0.797501666401915
0.809033537899498,0.652259750935138,0.745132068371514
0.834288989253627,0.684330989748742,0.800584429706709
0.772256615192489,0.631722658764977,0.680777238167998
0.802531555553319,0.671977322163892,0.686380064674691
0.776060380479062,0.671015717235509,0.715616132842834
1.15216047738234,0.770573017565134,0.831480671214033
1.1300768985408,0.750305215642254,0.781883209680629
0.998152793303203,0.797391264889142,0.788599760214458
1.62962723121694,1.08244305541054,1.03873830334469
1.39738640266212,1.17252796365678,1.05090710118767
1.51956434699648,0.86052858949103,0.946608059297248
2.1860177236938,1.13615289340329,1.56229056036327
2.66370059816363,1.67432255454932,2.08383904028985
2.64273807646361,1.64258623022117,2.08783484189121
2.66274150679516,1.63121363027177,2.07836212453041
0.758645550180525,0.603230319630569,0.659680133566116
0.784276173452127,0.640275492922666,0.67092717289262
0.769885063995654,0.592640096760791,0.69305011415206
0.803495210397281,0.631143863136813,0.759173000687507
0.783170407504941,0.589293880285059,0.681295472829856
0.772655190553375,0.612193487756963,0.67011824588291
0.835114116720497,0.637469492555854,0.74592676224427
0.855447763726873,0.689695965676932,0.797087625669758
0.901975985707571,0.697189982853766,0.823215177884168
0.853190490839165,0.646599238202654,0.730146287722068
0.911259781871936,0.717042937926214,0.772814346520394
0.975059280180527,0.798672957848776,0.845841746562849
0.931488968682445,0.742016843356527,0.767646925508788
0.99921319942281,0.823825757353744,0.819563983040517
0.889137541434334,0.698506700291355,0.725787918537835
0.839165294706697,0.642913782227767,0.698023539133215
0.836442103306571,0.674999599077274,0.711240895184993
0.858171200389546,0.706062666420978,0.751079767924771
0.874997442519958,0.750829851808217,0.743624003493911
0.915224922580976,0.844218461361294,0.804852686947162
0.93766423793429,0.768523336218377,0.762935799112888
1.02596203837376,0.863059117396548,0.834581900469141
0.925943159621505,0.791051518717029,0.767023717136865
1.00774866744337,0.909032507820925,0.842768599911815
0.820138623974174,0.590056663874914,0.691462877023793
0.837755329165724,0.61168064067669,0.687201589869651
0.861663879463885,0.621425096838393,0.748475832847512
0.88686991596804,0.666778186233137,0.795903569961748
0.907409325870645,0.65394857686923,0.784228273055167
0.950790925135873,0.683534190918845,0.805987975294401
0.996024404239198,0.74828956857641,0.893585848960172
1.00212960779473,0.791306603350419,0.924658335561182
1.09809366166157,0.851074508258178,1.00643751406069
1.18954464430266,0.858403522161925,1.0575041059408
1.53522388605621,1.28316124389668,1.46262940000853
1.60002957512958,1.05705499958479,1.56462168209658
0.87981353334176,0.631037509446788,0.756067845647344
0.92303272476112,0.654636729185634,0.785528612991023
0.842733625936637,0.638725175389568,0.745802526266969
0.854787289546301,0.682162598496188,0.782439329255156
0.83698824303542,0.639137273345307,0.735983941612168
0.891477624744946,0.696218331143152,0.788798317544588
0.855478112279392,0.721519237871642,0.785519962561208
1.36251260350197,1.29790688596201,1.30824847609636
1.35322825310073,1.26894400806103,1.28414211122605
1.34520659044195,1.27029161152662,1.35067711282618
0.807981317293999,0.582651806903871,0.685260549417322
0.844234686094901,0.611814190198628,0.713698000795976
0.779315345386112,0.555736946754354,0.652613256121286
0.796224205684128,0.587470943615348,0.67993794222493
0.778099713903252,0.540443691556689,0.629423630229837
0.78678331490684,0.577654635477535,0.653925983568532
0.782178305281508,0.565387459082819,0.645764690566982
0.833186188940974,0.594640931955316,0.6909212592065
0.866367319841903,0.641718683272845,0.700629327881498
1.35494618280938,1.22884622585282,1.25320645461596
1.36996450224682,1.25102605820238,1.26321797281243
1.39823073300722,1.23450049455459,1.29336149493688
0.788969471138561,0.657975071682538,0.727489065410739
1.32363210973344,1.24734096140805,1.29667654198125
1.29475647107064,1.25727871477234,1.2508157874907
1.32994168268386,1.24937757010769,1.32524616969567
0.821087386201623,0.533265299243782,0.629617180430145
0.853363470796747,0.560910483825161,0.651544340700998
0.850540632390565,0.545292703451479,0.647254403216779
0.860239883838123,0.57961472327104,0.675972134972392
0.909496402600719,0.571574869800576,0.676387148595885
0.93430147412101,0.603007738943431,0.693894369459466
0.954985788147804,0.615285432266701,0.725730846408429
0.976050863763862,0.661910736178032,0.757842765304669
1.02383235234787,0.67064516558743,0.780601912612416
0.967976533533926,0.64586134589264,0.75077345733476
0.986741256148718,0.684386957139565,0.77270775439952
0.97782559850986,0.686486664565779,0.77885547805269
1.05067208571052,0.738178364447845,0.820031892665352
1.10366207161603,0.814039979097906,0.859247225436639
1.12152347444308,0.881707808347234,0.90250065202728
1.0864956935968,0.757834442255404,0.883034047850823
1.11159618458427,0.78047023013012,0.919558796970935
1.22354069195057,0.925885352857318,1.02850876737063
1.37308914920915,1.09480674285558,1.12789616782876
1.31456816815855,1.01356882463952,1.02381464085314
1.56189068326073,1.29839192293134,1.30035274773094
1.32929331539616,1.0585375481001,1.1742951209772
1.26681487289283,0.987345655138078,1.13590116049109
1.51861942744605,1.27963683017676,1.3525057631832
0.934195104827579,0.58329925245325,0.696283813748869
0.984507555930589,0.628628611300402,0.736438211348218
0.923540259859529,0.586311619078998,0.70867703687473
0.918320174424923,0.607854003128434,0.723970465955006
0.959173407047473,0.611937270541466,0.741858209295731
1.01619536539782,0.661862528168558,0.791262151420826
0.982875287690811,0.671284069990516,0.810670682902226
1.25405306687668,1.1213699070638,1.11953275138997
1.24943630338915,1.12469511731018,1.20987882471603
1.74056098101583,1.5554079249214,1.27697567583447
2.20959785728632,2.10545479191459,1.81949398984913
0.952001560867268,0.598288506722815,0.720514446715734
1.0231554827203,0.652532989875508,0.764098931849417
0.904030294334993,0.574975346984151,0.695260241587691
0.8915513811509,0.58793354398108,0.70688052159776
0.914028153368655,0.590410825656283,0.704516731259473
0.964009207274285,0.635544699105288,0.753791039013104
0.875947745167799,0.609522871369512,0.722518587670936
1.30012465716799,1.22574071711268,1.22630697302376
1.38033594379615,1.18354988891312,1.31310779637828
1.38572307247123,1.20928097992623,1.26094248947782
0.95268017738316,0.604977848210647,0.70083107181285
1.02159864654268,0.669272687183693,0.758020623147655
0.951255623111145,0.595144827240772,0.676683555389467
0.934512115060209,0.600224325393398,0.683251241184795
1.01135966907039,0.631195450460188,0.696639951842551
1.03733886732086,0.669758126363638,0.741442807454704
1.03374180269343,0.657506066709673,0.725804870788422
1.04665835856911,0.682063579534597,0.756086393898326
1.15878174672167,0.757709299648964,0.852798484803923
1.54532275488474,1.31252837488614,1.38190207866457
1.66779714739418,1.29503128253138,1.34491461897897
1.53369845846724,1.30779512222998,1.37451904033072
1.02777368927672,0.701016045562604,0.793091411842618
1.42773904086103,1.22471722028795,1.27710228408027
1.43178344698794,1.21311636003742,1.3719764762538
1.42764055742435,1.05488665379422,1.1999567090631
1.96104266823532,1.62544370439288,1.78967178807994
1.92089047749184,1.66512014579754,1.77436004379649
1.95691032725022,1.64334786045879,1.7629791187481
1.07381512987001,0.664066356759755,0.714503470571371
1.15092061563519,0.729249653161957,0.770208828757126
1.07074181440698,0.659055330435766,0.713678700616793
1.05171903772937,0.66054909548275,0.717109161621009
1.15506522976386,0.709983928029262,0.760147832749409
1.23287651279095,0.759135871864325,0.801405889247785
1.18722208409201,0.75348049094592,0.817880290080778
1.49165790243339,0.887323448589915,1.06919215225308
1.50389923277959,0.903745389472672,1.03737190617291
1.78325227546,1.20676235391086,1.37543065554769
1.49619403804031,0.946478817465399,1.15018083969303
1.91668788400198,1.48566218759097,1.66223045505361
1.968120622494,1.46474428105394,1.62616014385542
1.99348474346427,1.42537539168868,1.68621777986068
1.18975703055118,0.736118140235332,0.789742704042784
1.29433535458234,0.801013083403601,0.847892509616899
1.15523525001373,0.730565145559938,0.810436880749931
1.11565804036563,0.720828541684689,0.808995483580691
1.22819979419884,0.793305172819766,0.892686282707289
1.30015801921125,0.845702596803333,0.940117283333804
1.24034249467539,0.844742528211469,0.993717738221285
1.45188855409652,1.14242088315305,1.21178722066778
1.54606028623179,1.23228354092953,1.27550684648208
1.56102963808782,1.37230762314582,1.44234414685969
2.11636496499016,1.96294911859859,1.91140431323429
1.93145571702688,1.86142765092209,2.02567837822376
2.00352364072045,1.6810873555608,1.83481915862608
2.25309672241082,1.89633203266681,2.19561232500608
2.49245808612552,2.07686567196472,2.20155768955035
2.6183501899402,2.33645680723641,2.50107312004705
3.14097504217128,2.72358271783314,2.96557976859928
2.85928380069192,2.72963622774938,2.88559586398914
3.168166339223,2.93556583223822,3.02796224770582
3.55179658146816,3.31350051019113,3.35824413163595
3.47805506970915,3.28809042272501,3.38194478864995
3.48164169271509,3.26543991534115,3.36592458870338
1.28381720376518,0.831440703420418,0.927944805888815
1.35278279650225,0.917492231061264,1.00988709118807
1.3309268663933,0.810777240006764,0.928786195120907
1.37312550482698,0.78724597845693,0.922504028759854
1.40816131738024,0.877775058006719,1.01240565769011
1.44335259611014,0.953780611737742,1.10608069181572
1.5148759414667,0.895059645557417,1.08752682100967
1.6163097066171,0.896038555246551,1.11360700101029
1.58162725954595,1.0096559307375,1.20280646430876
1.86882863553467,1.44826917747518,1.61265549860948
1.98585804014058,1.51810242760056,1.62402560694921
1.89737825671609,1.46193952323835,1.62530788563706
1.59153171123011,0.943035997525329,1.18268374620789
1.63212442663464,1.16384022839139,1.43161355481249
1.73703127732289,1.18894416585973,1.42509546114232
1.87077014159282,1.20689382626128,1.50900951353826
2.25924093160542,1.67320919749555,1.97948868978479
2.25045378108928,1.69065851945132,1.94506205616861
2.19647623522178,1.73476292976886,1.9644203675085
1.44601039214906,0.908025467340063,0.999153573735183
1.54798806764351,1.00862385660526,1.10895396918222
1.43324925525232,0.864170464612616,0.91856361399705
1.40803517405687,0.824486301290232,0.878126627061549
1.52449897829726,0.921535149054316,0.952928006191272
1.63091081253134,0.994070223124882,1.06281168352811
1.66255401181932,0.911824004000874,0.960899580992634
2.2269390195405,0.970747182838715,1.09509604038529
2.06162027397442,0.942229278069943,1.01422793639064
1.5468168475333,1.0430566234167,1.11605597143924
1.88846554824494,1.4562634313732,1.50315422084612
2.10726220096494,1.47729165328976,1.62156932697031
2.50114362974234,1.95838736466953,2.09318511766526
2.51374478200435,1.63694736734439,1.82373493947398
1.53940438171206,0.981151987339808,0.978217307003088
1.66942382716153,1.09132781514021,1.09026762928094
1.52280642226381,0.962008941686088,0.957296219513884
1.4912266956379,0.92485582765498,0.933445666083456
1.67835805673721,1.04926835925137,1.06648075973937
1.79183228010643,1.11265042639681,1.13161060742555
1.79379971747604,1.08574943713957,1.13908363376912
1.93699455524853,1.21773930934031,1.18304355026455
2.03549241634653,1.37732158106377,1.29946130934707
1.98708122994121,1.41572098392037,1.32975858991086
2.1661163073561,1.82308975644277,1.67844416346454
2.30325800074841,1.95446534213351,1.74131697937731
2.40935432583193,1.80641575281577,1.67615721879643
2.77828016552348,2.29507986936733,2.1171105465288
2.68684657628956,2.22096304836969,2.13328321849005
2.95389605695104,2.24495332694164,2.16379269594593
3.28435649041441,2.62125715995378,2.5749349515013
3.31184174649099,2.65149263985753,2.58343897240946
3.46494644589908,2.67921825899865,2.61813560995104
3.7653859282362,3.00381284095209,2.94246541478736
3.76223936667895,3.01183612129894,2.96199515172766
3.78662649557117,3.01470843505293,2.96622415605634
1.76041796412843,1.11507304723528,1.1655866625996
1.98682458427671,1.23988662693519,1.33566934240271
1.72262071569472,1.10575139696373,1.1611072518611
1.67740697439903,1.07410034959241,1.12866127499419
1.90550957334175,1.21096272332091,1.31360422279216
2.07022907999303,1.30303036568752,1.44923733724221
2.03986989794344,1.29140042269815,1.46546132769344
2.3111928093809,1.78357149993585,1.91844079380634
2.34777380878224,1.70471368974213,2.00210201650791
2.13157697560146,1.52866305922901,1.65042521583493
2.30439200709614,1.99134714514901,2.06907193745266
2.46765066697893,2.10334150259105,2.13699250058982
2.63924949288661,1.7197891414229,2.1028784008073
3.11477246206904,2.18377733231697,2.56606734402347
3.03365232313331,2.15228879639936,2.56698503986682
2.98336069105682,2.11813007899571,2.53471272826575
3.22449902185323,2.55339831372499,2.87427374763535
3.33770340299284,2.56717762525279,2.90361516513795
3.43349446192553,2.52629395926335,3.06008812429556
3.73418821655718,2.83719610102183,3.35150942791875
3.69938379826,2.841471874401,3.38262917093011
3.72379032634483,2.85656752922013,3.39318088590131
1.92571645427885,1.26576699357646,1.33211825948007
2.16074704480481,1.46496068084408,1.52798711780925
1.82235044796494,1.21528702190449,1.2678133056619
1.79665216112601,1.1968290563615,1.26240627198585
1.90065555203808,1.30952689585699,1.34888337733966
2.09280769018348,1.44044431212668,1.48125987890052
1.96497993567682,1.35547758107497,1.42404677910471
2.20735052024515,1.48020960922834,1.62435703032228
2.14321185514639,1.63442558662724,1.62439917168998
2.34574652612059,1.61174365347359,1.72292144865949
2.81012387446405,2.09333629992648,2.24002199606181
2.69584891572074,2.02205613480988,2.11848059814133
2.77691919027816,2.27478201584274,2.36349245615086
3.14448354291398,2.41200265352376,2.51624547074472
1.96209233176188,1.36215139680269,1.37150928257253
2.07451242444987,1.53217416401298,1.51920229464424
2.12995289764817,1.54548449179736,1.50332491211744
2.2535023581264,1.77305763584365,1.68854544031196
2.35168624592369,1.68833165618105,1.61120634458532
2.50298909374739,1.7355210399895,1.63298729247984
2.74552462376345,1.99097727609059,1.88040808141744
2.88495996780082,2.2228161475756,2.16378665352303
3.00442256650945,2.22839274162365,2.1406014902834
3.1232527105311,2.31707056108209,2.2925264721282
3.41957841979266,2.70795403196122,2.79761758273149
3.67353391295734,2.83480716159331,2.79777138908405
3.93355362142567,3.11781871203493,2.99465001998016
4.07882315692539,3.24228324227351,3.29850046459867
2.3032749426671,1.67349286998314,1.63432624596801
2.53855629691433,1.9095709086264,1.83065097775373
2.19396238995173,1.76934057960108,1.81143860356278
2.17579485169501,2.03584736876323,2.08852621016879
2.32772077850528,1.83546793191429,1.93843408119858
2.48327747456619,1.95366409775092,2.05386133870386
2.64588010380361,2.15594159055883,2.33193098826827
2.96044686375285,2.18436272341234,2.36535989242347
2.93395112795928,2.34641900638388,2.63502128645682
2.9149613600263,2.50821744526359,2.81868388379243
3.25200689706588,2.88297976989143,3.27356489322846
3.42607135934128,2.95062997825059,3.30194873148203
3.67535295718842,3.28311973556132,3.47390837061625
3.86032060114713,3.29438872866886,3.7646104356136
2.22805617466717,1.63412724380702,1.76263496436337
2.59423728663637,1.83184867375126,2.09453795162638
2.07444823623912,1.40818442641404,1.6017781626469
2.22057523035644,1.47170656505961,1.82408868214507
2.06525396587581,1.26401301395192,1.52173562927468
2.15334382075009,1.3369703373662,1.65861425057264
2.38384900205015,1.23815763208129,1.84804027621173
2.73630521724741,1.67855709722616,1.96543025242466
2.52049621294051,1.65802359621584,2.4489755741697
2.86426967217586,1.54527830533677,2.4027737163955
3.13026123343449,1.91513619509141,2.6703773254003
1.87242134784483,1.26826887192526,1.44620152047169
1.9207841409619,1.40099415144771,1.71940939938157
1.86116083945637,1.27283044210339,1.53175512355611
2.05316056233976,1.28872088294314,1.69466740112859
1.77709660040223,1.40278962060828,1.80692882979054
1.73147729657068,1.55937205780155,2.09803195131981
2.01883791842212,1.69614599318934,2.44880975310007
2.19994535265787,2.13421257985368,2.72020101730881
2.30841928291323,2.30748597684096,3.24096992342936
2.67981544133223,2.73953043289835,3.65674169413638
2.68312997242694,2.77294770475189,3.66278763178302
2.60371762155901,2.74355683895332,3.65859631675607
2.36323143558137,1.98747438853718,2.9047419863772
2.65826825730976,2.3512898165331,3.05925982643887
2.77245295270156,2.46572632844926,3.26881230274942
2.77629137297436,2.49242543091121,3.64963593628841
3.14620794642066,2.91090231346058,4.04661718495407
3.15835906413074,2.86918242409521,4.02623683830943
3.12207954692597,2.91467533714809,4.04278257393036
1.70097426408747,1.25325634087416,1.48608026609425
1.86921752929282,1.33905868578844,1.42703048727511
1.56486932972096,1.16105976525045,1.55461013960744
1.57408481410632,1.24345417051674,1.92017439324301
1.5400961963954,1.07828699801754,1.29918710300264
1.61065431201082,1.12499167187414,1.12451726894473
1.63127360125716,1.13674552359821,1.41602810069595
1.86709196566691,1.36487244735868,1.7033119848311
1.93396625744164,1.34668879052027,1.87759247425401
1.44180592030432,0.990137167678265,1.11300161548125
1.76504819775368,1.10465736652194,1.46430293037106
2.36786145424473,1.26787435769896,1.8156243917601
1.96392424955254,1.24180126270132,1.68765163684372
2.69916585398246,1.47486814105282,2.12484671937303
1.72230141345252,1.28628986802507,1.64016238151934
1.99477960661445,1.53590497119084,2.05440215368711
1.93060818013909,1.05307067715016,1.03719249960981
2.66182122435661,1.18471877725332,1.17609739339106
1.97456709930421,1.21015010117098,1.35160190687909
2.64303404168222,1.43276976761843,1.65690990735483
1.51578429955028,1.07705301884832,1.38235463463389
1.5691828284313,1.17391783906527,1.67802685027724
1.54181198698437,1.14386583600044,1.28320028450899
1.59330180219007,1.20106635636201,1.14460841368818
1.59159308718227,1.28313092861755,1.53418528507464
1.65163772901827,1.43017623683068,1.8630625374149
1.71920406876764,1.56184246275306,1.79782338295771
1.84045816061252,2.06949524512932,2.29623685279193
1.92735350290659,1.62449421078259,1.93554324810601
1.953615232102,2.16803701181622,2.09219344503473
2.28910543966416,2.46661482644764,2.26011993949497
2.4623697812856,3.06389018523582,2.93347778850948
2.79350979959057,3.35342322067238,3.30590770253315
2.80556020013626,3.67479510099205,3.42302219420509
1.57877333174117,1.21555232309247,1.35786998502307
2.13855582784439,1.81067039271534,1.67376627730214
1.26209416562042,0.874289115079838,0.97719398758667
1.38070935866821,1.08884919693886,0.879801737539176
1.21096487759823,0.863406044615767,0.888311835672036
1.22204136090934,0.987588264038701,0.910978192447711
1.2778066029823,0.968905313294329,1.0002654952886
1.15831920753499,0.771117358003328,0.806765034482988
1.16340989557612,0.790206734947638,0.826843630978567
1.19113161169908,0.783263130018007,0.789131182803192
1.27354557664276,0.867368624736668,0.839458833837349
1.2101706957416,0.795205527357619,0.774100743619908
1.20964465548981,0.818565027497177,0.800274160236634
1.36387178792507,0.909325756312032,0.851484959635578
1.440767806222,1.16352182119426,0.883161323585526
1.42483302795799,1.05637893936974,0.902915496291413
1.45479585078664,1.06909537204481,0.941414812348655
1.8014976037189,1.59423589340764,1.1606525021507
1.7436764699352,1.64364799354927,1.26485014711542
1.17721294905189,0.784494644259236,0.72675726225017
1.21223666404647,0.845577283334501,0.771484445010352
1.15574013820073,0.770895902735936,0.705258833869728
1.17586160913386,0.799295781317447,0.746170808582858
1.1720594962051,0.797861192287778,0.707854360141792
1.27547482222732,0.867697671206573,0.768183868902721
1.24036519313762,0.867963020192109,0.797515982786773
1.22718977603766,0.971095682400437,0.850420943161012
1.30860014341358,1.02663538359838,0.879290243337599
1.43098624192579,1.11471152967516,0.926341275010702
1.78543330577034,1.29963591852933,1.1625581858961
1.66417526293572,1.5499167867726,1.11445994270551
1.74512185922349,1.45084118518472,0.841977676435938
2.27512426841591,1.99252456223793,1.26602323934894
2.23907773527443,1.85500977262979,1.48094305702444
1.10404394477597,0.78467494340455,0.690201208136209
1.16633290379882,0.870326641672138,0.774589521074949
1.0334872654437,0.739669937283437,0.656621649388016
1.04296681802945,0.74380676583094,0.674690778386315
1.0057496565761,0.753662735557128,0.658276920799496
1.04341523575903,0.793216964449969,0.688869358996522
0.969730915548982,0.752740409742632,0.658313122212649
0.998108012425783,0.795807476084567,0.712228732477517
0.988761010045985,0.807308694131019,0.698371086316325
0.97877090575588,0.733563828830663,0.663715441229499
1.02359479028165,0.786568739233695,0.690359365845116
1.05658831666817,0.89724654876932,0.762063422278226
1.07176097594013,0.799481909260549,0.72180654268686
1.12463409440014,0.846786937570734,0.766080135349328
1.1127366664066,0.850568530650094,0.779554471728076
1.24240199558094,0.976699347836915,0.877846628606244
1.16354581778573,0.955932808000888,0.871388236536816
1.03531208744813,0.767681624362574,0.736748463078558
1.01372664857665,0.800847005479446,0.740241453964031
1.08845355552023,0.823463376335203,0.805987505530723
1.18449878533676,0.946322665956332,0.904394618546859
1.09739113600878,0.844147018560346,0.834651645158558
1.11466274199851,0.888078156651244,0.867362973181532
1.26826730544561,1.0133600277227,0.963410486924994
1.77893104566593,1.50064316349695,1.55620577897991
2.07012193386583,1.84356103564565,1.60899259122281
2.5800086472206,2.37576547892621,2.16957972848288
2.60316101284537,2.37111772221283,2.13606946327947
2.56924974627471,2.4066071971102,2.18315458963034
1.62975559044945,1.63244227102562,1.63348315004018
2.12829356922022,2.16905879461776,2.20464774094199
2.14912334456786,2.18245753218765,2.16501908414263
2.1379992058881,2.18250323125024,2.16816921318208
1.05472778900453,0.827881387237711,0.845239769005344
1.14925455759348,0.969058055318562,0.959994026561871
1.05648240242337,0.856296757953492,0.863045010161063
1.14436098853395,0.961099116679355,0.92710658919977
1.06704716752495,0.922959154390032,0.928924306042389
1.12771206565735,1.04564833677011,1.0240370989926
1.24568054859858,1.13867480486732,1.11863749077098
1.6754787584231,1.55241045296999,1.53783025890694
1.73660435220509,1.64885479098744,1.68172959917815
1.62337508559296,1.58475501297618,1.59577702248081
2.0622529267146,2.07292999915934,2.0169476467348
0.978645453250316,0.831875345182174,0.847913890491808
0.997014130249597,0.854919241185472,0.851947284378479
0.956369599457886,0.844526062879803,0.86278389596351
0.996131296932416,0.927629347267952,0.940209913085695
1.0787324433294,1.00767589291275,1.03718984828273
1.09147395457153,1.04552665551751,1.00490830106587
0.929802971745747,0.858131895125007,0.859012632963253
0.957631808959702,0.893097300831955,0.885535865576471
1.02908045571722,1.00812942456484,0.993701164913217
1.28465020277614,1.32762664007046,1.25949907222269
1.28048672061822,1.2218984105928,1.23028618393353
1.01259190643569,1.00208826786899,1.01688120331883
1.25680187864074,1.30949400578729,1.30907177110536
1.2176466693862,1.21450573256654,1.22910610820703
0.903302831645819,0.833786926588665,0.822720455508193
0.971044763015327,0.895017773657452,0.8802046790251
0.883611358899702,0.849048216419944,0.81458617620728
0.903018294865517,0.917688074575712,0.85527859156669
0.980175633947009,1.02915481567855,0.950121022575618
1.00011207262934,1.02602162027042,0.929352445756373
0.90640819894204,0.903922277391516,0.836202640949974
0.970873031589486,0.989165557222174,0.8701981961456
0.964801666737729,0.994573246330619,0.905270237362727
1.18001975512093,1.1842806377196,1.02760853366983
1.21281330498825,1.22479742262646,1.07610683582708
0.952814494989345,1.01427442142902,0.911229279220402
1.2069885797737,1.27517983643633,1.0817923455194
1.19404448622091,1.26113068602873,1.07449912587342
0.927861834150799,0.973196981799534,0.865072719506002
0.976014776511604,1.05582735372401,0.934066935158166
0.993686987527009,1.10618703900269,0.903128298674926
1.04319213531289,1.17583525073908,0.943003389122106
1.09320447519057,1.30511701555073,0.974194719047957
1.11260422890032,1.32448231590043,0.990198826414854
1.30547277142075,1.60207930788684,1.12365950273457
1.44913296639991,1.71895553482689,1.22064440218679
1.69851105523593,2.09602719471629,1.36861229117861
1.96448220918118,2.35004972807665,1.5866680111496
1.49935484927128,1.747327145994,1.28745203395606
1.88560079946435,2.10245031905511,1.68797825100715
1.94454459129751,2.10288802274965,1.75302596393867
1.91125978377648,2.13501863303714,1.71054524737556
1.10324135338153,1.35718989303783,1.00264086456579
1.12568241693158,1.35625801301187,1.04367172315702
1.19734558797449,1.52977458968467,1.09040721503302
1.29513449173047,1.64935279129643,1.17511441343378
1.25948516661465,1.64060137095542,1.16549484879015
1.39154083298203,1.84146261437992,1.29286991735731
1.35119925111204,1.78796468853195,1.25971156232843
1.15315632532316,1.41515863064913,1.0775640855131
1.14129655769217,1.32198452113136,1.07363130030077
1.19029183002536,1.45373691178701,1.12472566781173
1.29741571632627,1.63728597265615,1.22475829108714
1.2025166873027,1.37637648092258,1.15273966991887
1.23923804912703,1.37471196780639,1.20138178507094
1.42465150149809,1.65805854156479,1.38486261202231
1.5623011279935,1.81059197908047,1.45649475785017
1.68207570432101,1.87807636775983,1.6946282145277
1.6560662172779,2.02560960145424,1.63543521782758
2.1625886051857,2.5439020728422,2.12770705132232
2.00929122561452,2.34305475339864,1.94563044035641
2.28380620016012,2.53056918803301,2.21880385724853
2.357505499753,2.70704890409546,2.23571064498651
1.10979412069726,1.21424983776578,1.06109027418111
1.13779305987115,1.20092740595467,1.09778718346276
1.08949856020408,1.21496392129492,1.04785273514857
1.15478740883284,1.33280909365502,1.11944287175609
1.05738473720823,1.16585666243504,1.02712272817321
1.15300440140348,1.27730286609211,1.07461523197146
1.17370630447686,1.34697968035699,1.14620123460372
1.19789039675836,1.34482766376976,1.22309344935062
1.1955829186147,1.37659189372806,1.20713974550316
1.41611959061889,1.68932195413199,1.31259855131597
1.90319310823182,2.07727004316129,1.76668154160914
1.86849398739817,2.20837632867731,1.80829371970794
0.92412685866347,0.948279291600664,0.949093141043499
0.951940811295274,1.01483296483005,1.01932808582087
0.89841506159538,0.860092494315537,0.921881582718498
0.974665642706202,0.975633713092786,0.984303609586277
0.874939728989712,0.797224447745529,0.901661160829562
0.924437804446056,0.849639495519483,0.934307660345129
0.986190728199135,1.00921219425527,1.00354547031033
1.56009221722049,1.72941353838442,1.62416683754718
1.50706856304142,1.55254785209005,1.60409139657411
1.24160544803736,1.28497609931059,1.00510718898185
1.79456401366815,1.84502052876795,1.61249772078864
1.86130014457797,1.99025422150598,1.63941611226204
1.28312315845841,1.37130713544553,0.984002512578195
1.74502944954108,1.9036601821882,1.46660504481007
1.74071448886558,1.75601255528426,1.5302684602592
0.850629200002082,0.740071886950478,0.87920652553421
0.95977975563886,0.812743901220078,0.958194842609282
0.833527252306619,0.741370970319046,0.869784228346215
0.893346177373016,0.830547445333296,0.915355556987043
0.83907199520035,0.739622323841049,0.885134289736278
0.871563955802802,0.777523702083398,0.935594276761256
0.934703628963035,0.827203215671437,0.97175142701687
1.06623372063725,1.0239168719458,1.16014500600263
1.0206663345141,0.978941569155477,1.27531421437081
1.02118686742908,0.987383957602203,1.07282065026027
1.58036337554898,1.54189238147009,1.57844687803729
1.47325966752838,1.50896428657663,1.64378499096535
0.809663177502751,0.703600994797439,0.841804059432614
0.827368934588601,0.730310346979367,0.838982446648128
0.84603392336293,0.699933871523207,0.870892569353288
0.892027989591757,0.745837154684593,0.92520253071673
0.904191004588286,0.685140078579296,0.88821035033799
0.906116277609081,0.700667035110521,0.906943094954619
1.02299969408661,0.72865800148792,1.00625192431528
1.39600677931454,1.10113582693822,1.62780431026297
1.29275411536854,1.05461978310124,1.27431432013458
1.05458600603622,0.763818432856947,1.61598584515835
1.74493483147906,1.11671234195918,1.91588209497031
1.57273457893062,1.15705756484505,2.35489237871121
1.27764523682991,0.696157840030555,2.0962008305054
1.76691874000938,0.782433970744885,2.3604998363363
1.55195356213782,0.687267246978691,2.70492451604041
1.32090657068498,0.695275269123183,2.77727554052537
2.16888313447231,0.749458344535097,3.24741517876729
0.962368216901577,0.688530934670057,0.871238932614239
0.998405282152428,0.713933982886208,0.863211496760933
1.04373086624453,0.720947771295137,0.92490663442806
1.06554936852952,0.771206125220865,0.991132231056541
1.18723936331921,0.762977541152204,0.975140190621834
1.2855289494747,0.801365281161146,1.03418673646017
1.37106169511423,0.877683701309599,1.13204750889687
1.6290042581666,1.05301768554981,1.51603593731593
1.52444039411272,1.0910655733676,1.42543696986511
1.49483156657833,1.03466335799365,1.52846627381694
1.55740486121983,1.21094331391195,1.82280349178926
1.14436872255994,0.742157197501245,0.893619629489238
1.26655360448456,0.780212054924722,0.933839839288765
1.04371458684672,0.737747014153172,0.840612813653961
1.04402964704916,0.772927376848502,0.879949283965135
1.0221399989382,0.745072315570016,0.812810722105692
1.11484270025789,0.776769375324024,0.859358918924235
1.10172900575202,0.835901773242106,0.878365100670916
1.58720356312455,1.17429630986361,0.929121977913377
1.46507589499895,1.04345831179859,0.992710394682241
1.89930984058285,1.58303779178148,1.47727647952848
1.96192562805295,1.52687336252512,1.46560802738043
2.02838428955608,1.58738714538831,1.4748404367284
1.57863909727453,1.11936569555162,1.01203369837992
2.1417309959207,1.61957114310438,1.48643612781402
2.05088265806431,1.64576486772165,1.49095325128465
2.03889932244259,1.6310636928025,1.48839400678086
0.905097198934283,0.694409022774137,0.740635709652718
0.903581859797445,0.708422267765722,0.739049798872144
0.850123730092943,0.675198970723653,0.726539662717358
0.882596330154533,0.698686988662404,0.771353775455993
0.80120911327392,0.667997105827144,0.70468319251598
0.827637326046045,0.715043648617423,0.746423410206884
0.796583343864447,0.692578861266787,0.771778850704998
0.91471034697869,0.959407197341376,1.13069920807392
0.887830709542932,1.16414516327577,1.23886938086958
0.936114175003472,1.28685889855813,1.05539639108798
1.07391551930277,1.79974163598005,1.50970038888797
0.792016879152262,0.634514880690473,0.664889534242723
0.80422536345863,0.65300827515265,0.673330167892515
0.809070926448053,0.620402460503061,0.661531607046125
0.842065238135675,0.650833489663505,0.700897010112381
0.807628367512157,0.603118144771801,0.638590250261378
0.821242551952749,0.618894960291836,0.654958013925224
0.80384125368423,0.614837084447534,0.662211907454715
0.825260552301202,0.656133065308752,0.697941620910508
0.841106010066299,0.658168339651722,0.690646715934812
0.790436249503013,0.615487304446668,0.685066545183086
0.805916224350781,0.631716373907496,0.707261159318114
0.856966815094391,0.670562611818096,0.725074859833083
0.79900513785148,0.655576539915736,0.751518893950616
0.799116610153317,0.673512655719133,0.739840345789132
0.788066377373214,0.661305886330992,0.772216655457622
0.78620556388607,0.644961275296646,0.735007864369162
0.829061094165622,0.712186357089068,0.787771944015992
0.871332301466051,0.756502377809397,0.803762137505438
0.878562387305589,0.781367235468577,0.864403146007499
0.960647353970793,0.876049217314983,0.939995597888736
0.824784697771475,0.719441224668297,0.851498497570894
0.864952962177224,0.768906282357112,0.905450962391843
0.873141564349134,0.776795301450722,0.896137206628741
0.947801716066107,0.866997236438506,0.988071337722615
0.824948476907942,0.612662729065148,0.619640228671794
0.844056662980911,0.638116657555366,0.625629813459389
0.852960733076363,0.633009669203121,0.632825858924457
0.891722940795427,0.665602885978989,0.670911021945722
0.873655002710841,0.65294261332288,0.627375366526578
0.906790565361291,0.670903354140999,0.636140701195165
0.947175169912726,0.696664240976835,0.667511372294556
1.0290992103919,0.747339940038634,0.735626292346533
0.96652405619995,0.742897852490317,0.722716302386851
1.04564975916042,0.74027395921895,0.692818489715566
1.25790962293431,1.18618132718246,0.849931398571592
1.87360188185545,1.70403894486698,0.942839835550523
1.41638287571972,1.25868480764703,0.978798724003037
2.0169813779566,1.78041718820343,1.1787407888085
1.47881391238606,0.976034551724826,0.919626295669489
1.70836132508452,1.11210728770887,1.05603050991233
1.86127662737893,1.05693412421736,0.688684902415627
2.58779637151154,1.53343025656,0.72191244678418
2.03239315256096,1.1615202376473,0.772407416388483
2.82999454572082,1.67052474697115,0.820084459919249
0.835104377219299,0.660294030943545,0.619962632853988
0.831126824920966,0.697368444149876,0.635803400417795
0.831928031763997,0.663879423435446,0.623520999480369
0.857674577507266,0.680406640539186,0.64797721414559
0.826137811517376,0.686259677588816,0.625675908230901
0.856475055366531,0.729679868661975,0.657360828082092
0.857487356433898,0.721778342271872,0.655399745523649
0.902170504758768,0.740703231499042,0.686367340408188
0.929695574910934,0.776562105819448,0.692550206411078
0.964070335265024,0.799673410332363,0.7232344945771
1.08228843745375,0.931511176100076,0.800186387419831
1.0736616230538,0.937965890215649,0.812101399411013
1.08132781526689,0.960708942265413,0.842804168122026
1.60641545016755,1.60915153430041,1.43963016992705
1.62986369196584,1.56598667469097,1.53361015625143
1.24799600467082,1.36335589520424,1.17415229089465
1.80749883774508,1.99464963539739,1.89031279237846
1.77947881461876,2.02332662654807,1.80616526684266
1.23916993347403,1.34731518053265,1.07722361959791
1.60267173673047,1.69283502579198,1.40915067325702
1.58661318927608,1.65079929119669,1.44753790068771
1.58959729751026,1.69231335964384,1.4910712994678
0.795891198594506,0.676704243092078,0.6036326545155
0.809292519448979,0.716663664467644,0.617855968639745
0.779026541354425,0.653663505253388,0.594774457633773
0.797099985227656,0.6630280913542,0.620329742910905
0.759903418957378,0.656662990545369,0.583957679835526
0.771224679289603,0.696133916867031,0.603048947439301
0.764054698635921,0.639255865853126,0.602319530863155
0.795811788821277,0.679264209915444,0.635618382936096
0.810646094873356,0.675916329450786,0.654685098120544
0.780726608532943,0.674594775756723,0.624335573072525
0.857727027647095,0.79389345124916,0.725115060628903
0.881099805733344,0.815433025480962,0.728014698662375
0.802001948648604,0.681222309861543,0.660215930866709
1.34609852698826,1.09640051347748,1.34601028150087
1.42018878672887,1.20420646135112,1.09383257346094
0.759655938965281,0.681352481172602,0.580749871579312
0.77742255097718,0.738813506052777,0.602790714620179
0.771502028078957,0.667796156684435,0.585521521884367
0.796645636844808,0.663380977657554,0.609587850917944
0.776340386416648,0.690837446022349,0.585701703417299
0.782911100259167,0.71803105149888,0.601113087748739
0.807024235178271,0.702956432021285,0.609326730472806
0.836551174403569,0.73726124352535,0.658184777655233
0.837882966599278,0.730328959487561,0.64130371877893
0.809352788319901,0.723459298397504,0.604508271202541
0.82981515936018,0.773414153075576,0.645027816744872
0.871425310419623,0.824643455836465,0.71240262727823
0.844411928249072,0.813388517869152,0.656139829794219
0.873081500515951,0.876905682887546,0.696529453461516
0.833375769020312,0.795553147125234,0.626604972370361
0.815486375297492,0.745874519077371,0.60128431398629
0.855359371940148,0.784535583153365,0.63508194767863
0.890107463518113,0.80802133357798,0.67470293383675
0.907771676280966,0.860646663661575,0.683791351835164
0.981011617008933,0.937907566630399,0.757418802732437
0.875767084663175,0.869082907467466,0.672763970714895
0.927205286509156,0.950983881679374,0.736293598898123
0.910591708762694,0.895184883670836,0.697664913698973
0.98726678209426,0.989258582010208,0.775499336149716
0.782105516355455,0.710826710752737,0.582422955603899
0.795232411612706,0.770677596539951,0.606598627126754
0.794938126622943,0.700213528471757,0.587913167533378
0.822947497736325,0.70423029722579,0.61627788983934
0.803166512003905,0.734847725582768,0.607230783008664
0.816512316683859,0.77152360605887,0.641294681659048
0.852029621708761,0.772442645242936,0.662829965062833
0.807739767510697,0.781110297746544,0.604234885754434
0.835205407551312,0.834096931576162,0.633088643001398
0.82543122598233,0.809518093024038,0.615569863746298
0.843332033858204,0.802708152962746,0.6391321150492
0.864467204377866,0.906064065892741,0.635869401130507
0.908312456445672,0.957182129779792,0.675746916480158
0.927084389361674,0.945794308599141,0.683001707335769
1.24454790252669,1.01241263589087,1.02931640173458
1.16998471844163,1.04247304683008,1.12002397696654
1.0197070946545,1.20311014125576,1.00243712968596
1.29007370693758,1.436692025559,1.55497831608523
1.36380357848568,1.40231740547831,1.43697620622513
1.04128687768324,1.23908221733418,0.97840865408361
1.6138331375613,1.46473374434594,1.60956071365346
1.45435060393027,1.86994681959488,1.33857184388238
0.86654820793498,0.963097958713042,0.630431434302159
0.927310863567433,1.05882520368955,0.673212477634538
0.841857353208994,0.945771343115005,0.625826851621748
0.84405651166435,0.906394466507908,0.639869902587454
0.857454631367424,1.03364323072277,0.660643019743104
0.916630263293672,1.12763887147103,0.702550084608683
0.880431086368135,1.06736751866526,0.727165787766123
1.13126716114765,1.4461724249459,1.00491995883327
1.11713707160794,1.36913119586272,1.03234244383703
1.3622950235458,1.41587932924644,0.99562519872522
1.88419649714346,1.71268131818413,1.37830910899007
1.63454079591104,1.9762517718245,1.29781399477516
2.07976278132142,1.72984706312383,1.41041182704385
2.6302643484078,2.10493278190914,1.60385119254102
2.78994679881489,2.32600418702596,2.22132156000367
2.91745180003762,2.69358156140732,2.57276260498359
3.47641651204958,2.70367381913775,2.65646306583574
0.837382338830895,1.03398012173013,0.658733587535664
0.882548947875808,1.16092642649182,0.727593564689902
0.806276950820344,0.923080249179733,0.628838434402016
0.815186765949436,0.880814979073483,0.632587161937272
0.790363506861698,0.887650851437521,0.628402803386705
0.817075933390396,0.955123935606311,0.671475304848592
0.80499084115208,0.82515853961738,0.63787875369181
0.860320916508248,0.888919300893963,0.703295121562127
0.84565460582775,0.834211720149625,0.670300962466683
0.824379656954904,0.807776979010666,0.640326812208562
0.966742263232375,1.4110470498533,0.709254919728211
1.09635229030567,2.14034544426085,0.815824570345609
1.08019496425492,1.4243586363973,0.76411570497232
1.27704552313319,2.1282391975552,0.898012916870015
1.0570436504746,0.949965081007853,0.772199391551675
1.20814585308116,1.06705529898121,0.876018325946634
0.880543221703065,1.26389967895773,0.721654195618912
0.964846478655356,1.94244188781449,0.835553265866021
0.987676878273099,1.34383881669857,0.786038562179335
1.12517429903532,2.06179733423513,0.93781856892952
0.797660132169893,0.904073118474111,0.629763669748944
0.824395609175684,0.949485893554257,0.674033349953245
0.811259262411966,0.914840084221154,0.619968179032533
0.821906969252962,0.902502438514851,0.621393492999919
0.834578070257955,0.994867917232161,0.650837945815682
0.843846470048777,0.995101570605748,0.689921871132611
0.893362258893781,1.03049049204393,0.666389229612496
0.952762764817219,1.06984994678962,0.695630135200227
0.952031620223519,1.12390799173765,0.737491595386003
0.918234895965289,0.997674851756653,0.69721609710688
0.85768288345321,1.11148559131727,0.692669942305552
0.904956214360984,1.17542082948549,0.768063892663703
0.873648113435226,1.18604400090147,0.699701459588613
0.889030173602678,1.15720199451233,0.696504473950152
0.915283042357726,1.34439352137446,0.774129002365836
0.958576203741898,1.41825071694547,0.837195898519887
0.99843605092452,1.51208970351499,0.865792299018459
1.38547477776227,1.5104190390917,1.26698640013791
1.24218689878239,1.82806770380281,1.1068936033588
1.76475412758588,2.20895364224651,1.62798379576735
1.75335169629471,2.15595350421541,1.61104269627841
1.76220033896508,2.2046858235172,1.63885630703649
1.57517963506777,1.64211733847523,1.23716355295948
1.87132931203063,1.87551289490194,1.57651154789056
2.26968719746511,1.8647953900801,1.87511878520366
2.16065549976531,2.35062838764164,1.58601564067752
2.59741529597471,2.78845264628115,2.04705336466276
2.64003121176997,2.82081990489973,2.03227599545074
2.61893638843372,2.80584890500049,2.05555334472756
0.902728849727806,1.32277688167193,0.768884353074416
0.950792268553944,1.40297668609711,0.824613715661265
0.878202367197163,1.24601355516193,0.746367015893562
0.884116006646001,1.21386998313431,0.752048894116724
0.885442838559061,1.25118184534261,0.765729864468051
0.936493508665507,1.36906291986742,0.827051715424436
0.90046671064225,1.25370102804741,0.794723906869751
1.04840023549537,1.41608099798188,0.982667375248246
1.053390640831,1.50022270833569,1.03822093528874
1.12339760885254,1.53330435759477,1.02437889944375
1.51929752178685,2.04093422013345,1.56318524961833
1.52972727297005,2.09420358638784,1.49745098174088
1.40241161109208,1.52871146058387,1.34960557666262
1.99804425406512,2.03265277803236,1.94793638808862
1.93589408352006,1.95052470724876,1.97848779053285
0.87910584346566,1.17756613011745,0.753932481149536
0.916320868013179,1.25469271757781,0.816309054344695
0.865969313846096,1.06604180728891,0.715464560542972
0.882851728150433,1.04107757342735,0.713680373628002
0.865476553487194,1.02634735446608,0.729369253002768
0.894420800084462,1.02280519659056,0.762269255440425
0.936578057658021,0.960561763042955,0.726766931103202
1.36540488160556,1.08360665938253,0.804287994567892
1.49991100102916,1.09662799332102,0.812693976556289
1.36978554015122,0.960278199959949,0.747515437044328
1.974237287654,1.28404447523482,0.878246518330276
1.90081073196765,1.13221443116436,0.917720854945121
1.68143986314228,0.982569957332899,0.726322182625699
2.18489687976553,1.14810387010778,0.787440548348634
1.86084698441241,1.10413454482548,0.829322830399961
1.87599487628856,1.04431870441176,0.780093007886955
2.02549981597531,1.11346051445339,0.878935439700117
2.30551022918137,1.16370192906411,0.823844959624402
2.64140952440614,1.25650895599607,0.857986311782154
2.59327033224899,1.21604700540218,0.840675819567493
3.08899778850643,1.44610682373998,0.965225881870762
2.74418378558543,1.35085496290121,0.96214551661143
2.79973297294271,1.37554580301438,1.03444440193414
3.15453864760629,1.51772735730756,1.05100953205901
0.873415440532558,1.13432776520785,0.775490900262043
0.901502874154596,1.1711872182894,0.833899147168989
0.903140817401341,1.23548218270911,0.799490945235649
0.922645941164893,1.24395498313926,0.80251960532081
0.952922272897773,1.38154753866989,0.872493215077184
1.00112725849678,1.385763682321,0.914152624333802
1.02844976675717,1.51487417650813,0.935831822718114
1.37421847281211,1.50693487482712,0.976490288334793
1.40135875990914,1.82148624014595,1.04908872102691
1.43471727309924,1.84516766934963,0.979740325379468
2.09057996469754,2.18831354560071,1.05074745012524
1.78943949511371,2.10066830131898,1.12099307433098
2.21046816140408,2.42189305815229,1.59229194786219
2.21645926495238,2.46911103148344,1.57035916584668
2.27388774194959,2.45110762273517,1.56684793942932
2.03892102470711,2.19586040308521,1.15935556160224
2.46906334457377,2.56832029082983,1.59526782874447
2.52954070364942,2.5468572164121,1.64026544549228
2.50496974826924,2.57437593779187,1.60727387055313
0.951941251604387,1.45976921599472,0.901693945824989
1.00110786966214,1.53934670256445,0.96799432023608
0.945085319301923,1.47613718038173,0.89720050982662
0.943910915441786,1.43964754966409,0.889569510616604
0.987502443699397,1.57617550080362,0.951541637372976
1.04927996162025,1.69523495054354,1.01726611357571
1.05750771744983,1.66532840035271,1.00760012791751
1.20049921003078,1.58333436572922,1.05170208279457
1.25039267227945,1.80374735334825,1.10248707376976
1.31411923157832,1.86899545823935,1.18534175663389
1.74248360748685,2.10677340409685,1.53009006302626
1.91846724898538,1.96447895872661,1.59340265967276
1.75346211464804,1.96570915087315,1.54981359346537
2.24582065322958,2.49292009658824,1.98668726258217
2.22295726059406,2.25995414250243,1.96181793553976
2.32536285996636,1.72962336244785,1.7169161790911
2.51535374108469,1.94506316175224,1.83571865215198
3.16355365477864,1.83600144195657,2.00922450519653
3.75537950099842,1.93935348737024,2.1948369400231
3.63380860996047,2.06676527620682,2.10355353040779
4.55344277704083,2.21400793059544,2.5862357730274
3.85313203171778,2.35771039474124,2.36516690326602
3.85837969733211,2.63451064234832,2.40803289748134
4.51705644759756,2.68738033516928,2.66147990255091
0.961322403269499,1.50820989881438,0.928167385645451
1.01879578731214,1.59751502899122,0.98868703999059
0.909332916024829,1.37855779953601,0.866922386021279
0.908996285668553,1.34140525111756,0.855841209130654
0.892945864414991,1.31877564730996,0.845387636134148
0.945198421144989,1.39805243069256,0.890617929175136
0.878394829122062,1.2342618014806,0.829651355255072
0.915724759073222,1.23484833904883,0.888759992633345
0.921685610920515,1.22056161733296,0.867002821024767
0.917513482989196,1.28405306536441,0.866285079880971
1.4015409037691,1.38694371594495,1.21763090724624
2.00793098255917,1.43695168139037,1.63272718575941
1.50418559054966,1.50104667168682,1.34102787709359
2.13543649348748,1.6395095364483,1.8102017863196
1.18422249276885,1.50349962377998,1.1397437307923
1.39564154872882,1.67506029428901,1.34875398226382
1.46144337444991,1.7124792392784,1.48216936245305
1.34454128647527,1.31029292120666,1.1421083434609
1.94133483491379,1.32000682438267,1.55233831866442
1.44099224417921,1.41224484732438,1.24003650702095
2.05126807365029,1.47904457209291,1.66401410402634
0.894749224714557,1.2846890417979,0.840441784645777
0.940404077549368,1.32199117299794,0.88067460661515
0.890777735026077,1.25753119193244,0.831593784233498
0.894386508739339,1.25070132635304,0.834146782214643
0.934168535815391,1.27748411621728,0.855235961791463
0.949390443302798,1.24204837904887,0.858937922956554
0.989867554878694,1.3129012921738,0.887297273917796
1.02856241851024,1.39396006301831,0.952938377352784
1.0550012706792,1.47784876551676,0.973441110735341
1.14095324534238,1.45476234943543,1.04261296875365
1.34123914068085,1.72014791219596,1.24857485133048
1.23348829299774,1.65019029016336,1.21126469394056
1.23257424628801,1.46787500482987,1.11422808307895
1.68255655877658,1.89068650404087,1.60673796821924
1.73065887858572,1.8655002721569,1.62054488729181
0.997454257810851,1.385393782805,0.912184382290585
1.05416228870672,1.41828056672813,0.952046173093218
1.03136106469474,1.48503983694865,0.958796910351285
1.02890604188825,1.48444429284339,0.965571718124481
1.11744429980142,1.61965725944369,1.04093176392717
1.17700543084826,1.64479090301667,1.08201393691521
1.19158409308389,1.77905649744999,1.1415492484488
1.3032405618245,1.94998604407416,1.23997248423228
1.42922470098439,2.00844298502086,1.5799987233316
1.49240247396352,1.96496546282516,1.80933295687839
1.80603550611921,2.18124039754562,2.1672328328623
1.95337662228977,2.26901603099194,2.30609739177603
1.89603296979246,2.15935512924103,2.07676513583344
2.23785119183376,2.30894535031155,1.99103935004495
2.68214584520762,2.8253220264671,2.94693796102315
3.03593386724871,3.2782202286187,3.48521455742443
3.19126442638319,3.11772217986418,3.21890498702211
1.13214411284346,1.62971902854979,1.03813645155421
1.21529995866503,1.69170612430307,1.09314485809012
1.08805726752998,1.59989738103184,1.00951647914735
1.06111549073819,1.57608338102577,0.996572079082393
1.13031330780076,1.63753382562231,1.03474088564444
1.23120201096819,1.75963624306187,1.11823109327006
1.1567518240816,1.66586001073597,1.07775806177923
1.19559354329712,1.74882429623816,1.29690517224516
1.34294773680136,1.77799084846102,1.46877622101151
1.48689994662261,2.19555408409336,1.49632509250112
2.18882336637158,2.85834646290832,2.21173562752795
1.80800835060707,2.45249803184181,1.86894588775827
2.20170416349118,2.45972753749121,2.04260879897012
2.09511637681836,2.94415886106024,2.3629632570578
1.09475393159814,1.53668257461151,0.984750131407404
1.17584677460699,1.60608895900714,1.05074915197784
1.00785275421105,1.39725798624529,0.901457113629045
0.975267050255448,1.37161872650226,0.88357912788446
0.991317821498198,1.30555989476368,0.869421301421312
1.03388736899329,1.34502052368195,0.902750972533227
0.916701661552015,1.1861599526648,0.812584305912099
0.9244986249464,1.20412023665124,0.856473358473382
1.00569315877935,1.15752501312469,0.904193983351862
1.47452381703655,1.61253719804542,1.4175810416105
1.45109247002304,1.5064304421416,1.35694681211641
1.48687891708877,1.55776302573816,1.42296103285808
0.931429687046242,1.21535726370384,0.852293986770884
1.15593142966534,1.47667547992719,1.08792487334143
1.12583238545752,1.50011495014966,1.12000434147409
0.980640908559022,1.30472606763374,0.932330893388353
1.49058910527014,1.75270958726776,1.46798648993245
1.48076651170522,1.73771126497839,1.45216920853951
1.46770502781917,1.75689499162753,1.4509310668805
1.06005213451432,1.34149731076743,0.912728683474333
1.13214271913524,1.37900469840947,0.967224081104275
1.08095055723203,1.38010368072624,0.9343825410227
1.05478339967308,1.3788559791477,0.929919549103843
1.17891387790995,1.46389821681068,1.0005055810695
1.2024118192403,1.42502551865939,1.00780116453496
1.22905239387454,1.53168927489966,1.04759064997127
1.53872255483242,1.67224425256464,1.20678378900983
1.56046603154035,1.75361921584659,1.27502546358181
1.52528353728175,1.70607328890324,1.23888222100039
1.90780705038273,1.94515504102476,1.65424073382404
2.15056118784568,2.16099499944403,1.68956062751033
2.0013970324887,2.0702219253528,1.44290071277071
2.53170988574192,2.59877385387648,1.95049997099969
2.44996075070058,2.46362921359752,1.85903209591576
2.25873834195923,2.15099070740266,1.88841742172469
2.34292801041635,2.32304026893138,2.37875240568871
2.91814818645629,2.56844834053653,2.36842486947464
3.43930076213364,3.14444081536205,2.66751327331263
3.39327698445904,3.26401020014839,2.59815586144757
4.0568847608422,3.67642006402963,3.29016534529797
3.44874825583236,2.89196743765516,3.15098063474448
3.45155256500359,2.96689036318912,3.46763907996675
4.0278301568625,3.33084246625435,3.62891135808209
1.27148208373097,1.59531138389995,1.07090902176667
1.36206512901135,1.64291070456597,1.1256848066235
1.29029668675392,1.68812977212862,1.10850986510605
1.25754653928851,1.67668995283911,1.10035442313081
1.39092185697371,1.84182459744218,1.19713396808417
1.46531266249351,1.92015291363061,1.26096570526181
1.44848510978728,1.95645445592485,1.2808256662941
1.74505945801681,2.11957825250103,1.59019053718979
1.78544235735441,2.19539477594168,1.6193646797547
1.78447106061006,2.36562107494841,1.71342676005178
2.3030141863003,2.81470179310321,2.24455321088087
2.20207777058803,2.71827614055174,2.21193364082333
1.90159963334728,2.51470346621375,1.83050313340841
2.2861246298246,2.89393915012755,2.25028357146676
2.29272507001441,2.80306842598235,2.22797692994344
1.40486385344908,1.84325941230548,1.19689443852567
1.50816297683582,1.95564718955928,1.28164094809021
1.32844426259446,1.74558593435382,1.13412245197003
1.27606211810048,1.684168338104,1.10224288927785
1.35104705772319,1.75860884814205,1.15278740409011
1.46508800584626,1.91176557988076,1.25639933042941
1.30522507427733,1.71108445839193,1.14435205949358
1.63428705894017,1.99017127223969,1.57438456285
1.66333307174619,2.01566278907468,1.55264741138887
1.69871802763967,1.98039374301226,1.52690248819693
1.33958167379819,1.68684648194356,1.11908228449617
1.42789845879657,1.78059911332052,1.20456964156286
1.26812801041025,1.55723756455264,1.04213044708638
1.23159655262865,1.52086723316446,1.02472075039332
1.28091493123882,1.50873376742648,1.02458306712485
1.31741259846078,1.55060386102278,1.05170096957801
1.1838023329603,1.35337688224924,0.96814091951866
1.19111604633205,1.35393978817597,0.990663496785352
1.23630095823694,1.35500630885918,0.999365204029505
1.07800848495786,1.2733569725212,0.926388954528223
1.40015087944001,1.60544139445843,1.09536112723972
1.49475367610123,1.62677489928457,1.1459651625813
1.48333157629684,1.73979907668904,1.18742530379875
1.51110367425337,1.80498468903788,1.24097292484079
1.62509642753398,1.87501575119747,1.30952712826198
1.63032027355014,1.84033749267366,1.30012387896308
1.739748280367,1.99978741973685,1.44527480724064
1.82578255168818,2.28590714956099,1.71686118534594
1.70799990535038,1.96245600718123,1.80913317651259
1.65192851386996,1.88499936365901,1.60951498118661
1.98036274295176,2.35368502430918,1.82837124648946
2.38497339096044,2.6668593511274,2.29342555880458
2.24646545704221,2.72343155858697,2.22709328959994
2.27777899784208,2.70933663682977,2.26800856598424
1.75597317192164,2.07724286689123,1.45228177960146
1.84730301314402,2.44885575057111,1.54426385924621
1.86152932994416,2.09788185967428,1.55728538093664
1.86291477444513,2.12100026803068,1.53905222316005
2.06676977570269,2.37250992171343,1.77094756245146
2.16313454560949,2.60921298667879,1.78223568724398
2.1011728935253,2.60526885076888,1.88120903033108
2.2327964775925,2.95571042904725,1.9031766619239
2.50559895144978,2.92848504271014,2.17277821913578
2.86737220876223,3.24493923432584,2.47571175071031
2.88598166284027,3.25041016178334,2.50336008348485
2.89251614295307,3.24282280108375,2.46739548626948
2.53439351929225,2.93032370649665,1.81628664551333
2.81876319328879,3.04976789093982,2.09212184016389
3.02832282252462,3.39708025104776,2.02864936715299
2.95302579188938,3.45050110725868,2.08773796871191
3.30323056545851,3.81732252008911,2.47952237806308
3.28439870839172,3.77857545835437,2.4876006570513
3.29001134082962,3.77578622933035,2.4777263144412
2.27560718351963,2.42761918413459,1.98376430049894
2.29965186677191,2.40189800776725,2.06860493227294
2.51949440848826,2.73985056571888,2.1563467244268
2.56485291547004,2.94887964074058,2.16981473745756
2.80705260111722,2.96572690102439,2.4056763304228
3.00466733920441,3.17737411867363,2.38805989394278
3.02062686327368,3.15395338271355,2.61430213821078
2.92742479622281,3.230596176786,2.75448852796847
3.31476941053239,3.4448173130878,2.86888398818921
3.31859431561334,3.40963826201422,2.97786941351695
3.65115443523556,3.70856293257,3.4345038519261
3.6658070791833,3.84013716297094,3.34869728132219
3.8456957577412,4.04886587435328,3.44850706099666
3.98688278592571,4.22535228277129,3.81084056813205
2.78358013630815,3.20565199731571,2.60511145293149
2.97211745818166,3.69973927442847,2.73247335649153
2.62875455241024,3.26367478283136,2.72576814447308
2.55180236687523,3.2579909186801,2.69945065444302
2.6744532586561,3.71560714586056,2.97371210869792
2.66223515431439,3.99760013945997,3.13825776863475
2.89727666203843,4.04850999779629,3.12285536357204
2.54916206467824,3.68988884308892,2.8981688956956
2.71199592302061,4.03395482082466,3.1300570413775
2.36878542327434,3.61702254364999,2.63109239713625
2.33496500037903,3.65735419405956,2.49240641116049
2.33801608580905,3.83098170779405,2.5687949634669
2.49773657502928,4.06117932417404,2.77358713792243
2.52919424259241,4.40857620530837,2.50631007994124
2.8154653501602,4.59251253123521,2.6130379082513
2.70859070997567,4.90077386179615,2.72206048053036
2.7860185730373,4.74893687182401,2.62985538681838
3.0268987305528,4.74636858065794,2.946469246395
3.14272700022687,5.06749835863075,2.85506816119882
3.13645936795574,5.30762655315824,2.83731507605306
3.36702203194566,5.57573190090551,3.12670420435358
3.40818950583487,5.41020743342925,3.13209972197626
3.66851519750778,5.97027072316485,3.18659876751984
3.93309307027471,6.21712887113108,3.53099554072457
4.00004072150238,6.23470345765125,3.52185528973253
4.19270045045026,6.48470527328949,3.40123005398951
4.50522432348265,6.73945143594975,3.62143856939155
4.49118800123244,6.71196509204826,3.63654611825697
4.46311704373069,6.71107144435708,3.64682649449264
2.06815615919824,3.70271762466335,2.39731373622739
1.93116977333477,3.88111931322907,2.319549757464
2.101261345411,3.82759106626624,2.40993503247353
2.3100114667473,4.07896100322004,2.54145388406292
1.95891379368361,4.02515493813732,2.31349527851291
1.88414704120343,4.24334636462013,2.29616925655666
2.18755121456608,4.83442436280963,2.59261156884793
2.50572850387429,5.12498082630188,2.70375673712897
2.23905218478077,5.03435887086744,2.6118125612373
2.77049707326478,5.48391999841715,2.97003766936912
3.3033287589542,5.83628263176239,3.23907735544993
3.3319229956736,6.01252410702576,3.41814137600054
3.46254432216608,6.03851621051585,3.63645668847091
3.92295958265901,6.56222374905191,3.74404521563918
1.84824619082933,3.60495510818145,2.05889163990216
2.01400823978921,3.78084127409016,2.04068367381807
1.96734649565017,3.30595056673942,1.97739397615926
2.30266441856113,3.48346845838512,2.12138732828938
1.95095313537976,3.01414587321533,1.80601696843483
1.95156381068055,3.09515040402435,1.84955105568154
2.21159341614546,3.29827301092899,1.93044924358324
2.35994134476531,3.68198788309836,2.11967019197404
2.43676446527086,3.40670471089834,1.92604900135866
2.66306777296796,3.6406978128455,2.29162667126527
3.00421644657807,3.97277918720007,2.5891090258591
2.98654539520075,3.85713757189763,2.63526660702025
2.91665537841531,4.02729856743708,2.54120495704823
3.27306387002218,4.39373435243306,2.9653529501138
3.24540767155461,4.40944006922757,2.92750278439572
1.89425245150879,2.6360713604558,1.57113930136372
2.25315275425597,2.7780199873109,1.56239953875158
1.77482536544575,2.37209660555077,1.46211479689055
1.96032514920338,2.51909202278811,1.55673763305004
1.73557766116057,2.13140825733796,1.29993152926439
1.86779801308229,2.30781541043295,1.27829077108728
1.69107323771053,2.00985578481322,1.29275249274568
1.73905401548562,2.05604148943759,1.43762439411414
1.74114830037247,2.18863437047108,1.27267133369041
1.77384982708348,2.07107306562216,1.38826261431183
2.19303475332781,2.49119821677511,1.84781044630961
2.2293062535062,2.7468761424872,1.94094686439645
1.6176178719897,1.71130397626898,1.38351125553045
2.05331627575492,2.18885764251425,1.80276783770158
2.09251976991956,1.87058991553874,1.87587840191331
1.5702860856155,1.8592583667061,1.63052835104263
1.96512597560966,2.03161686231136,2.11582126809412
1.95389156928373,2.16722046862031,2.13520589678491
1.54706340519001,1.97931076612159,1.64538088752816
1.83254421126365,2.24106298687238,1.96426785585025
1.85108837594644,2.26491842081513,1.93909183975058
1.86332455062065,2.27136957545928,1.98732918300955
1.71991071782048,2.10193865609396,1.31054706233668
1.7080291676246,2.16705175785377,1.44760386319341
1.8320476639539,2.21817040106563,1.24688959354906
1.94739497050121,2.33869758515324,1.2116081957845
1.8835693888339,2.35049857726277,1.3065933618587
1.94297953262451,2.45859895620549,1.39786173640701
2.14087231332827,2.88783301969198,1.34873423455968
2.27070755675823,2.9144198878767,1.44239074190917
2.27589473517793,3.07476372065746,1.65421984096622
2.62246008138742,3.48248354249415,1.87277023109582
2.9297067291185,3.65164497897246,2.24530550289102
3.04166048462458,3.88044886554248,2.46033898271122
3.02580829067354,3.8999087843242,2.16467131611578
3.2807662946925,4.11348650005986,2.67814203505699
3.30281841136554,4.05052870590986,2.32587963092554
3.57040481867142,4.51114870750114,2.71854620857525
3.87503657496962,4.71006309724862,2.89951129877114
3.88995743264927,4.82051478291649,3.27003882730652
4.06260872790302,5.08049700561302,3.18480083740022
4.34218152466597,5.35853003071845,3.47360225769664
4.3221057807318,5.37100541101563,3.47958887168464
4.37826780451467,5.33268395784014,3.50403666989904
1.74111763020288,2.06352810083347,1.29616301029252
1.71578256059343,2.12977775025495,1.36272649292616
1.76195121225434,1.96975233967602,1.37473061203855
1.89188873984211,2.16784397939444,1.5107796234501
1.7095050021585,1.79754596711504,1.39567230266207
1.68818934551139,1.81179256588961,1.39873378992304
1.72083998399618,1.66246063159295,1.47357833668903
1.97623055642806,1.7986976534154,1.5824363210116
1.80443062919492,1.71164775446322,1.56609791467801
1.78574552108349,1.59496403249904,1.56188240077551
1.82097460409179,1.98025516569254,1.48855205311768
1.98459596607262,2.18568640432564,1.59032315899794
1.83570408427447,2.05209225888215,1.562381049407
1.80125872808642,2.02187454236384,1.5663266723662
1.98363501686527,2.29861725370773,1.72324550355326
2.07859213773372,2.3407156803936,1.86130099122446
2.12748379722239,2.60721836882957,1.86202398194424
2.55278429942541,2.88931625899562,1.95687395051553
2.5203018083937,3.13670735871976,2.29003506275937
2.9236003911326,3.50770775766514,2.70600857565358
2.89967290846364,3.54086023740137,2.67949480689493
2.95897836082171,3.47473033014022,2.68947089167784
2.54312902659822,2.94054754056747,2.51788426953566
2.86362636381019,3.26461329671366,2.94492718454514
2.95518618873984,3.28372715504559,2.98910175845507
3.06939296230375,3.38483660478838,3.02029814777481
3.42081835875748,3.72342280216324,3.40138307194735
3.41911658710777,3.69735395939434,3.35338715416921
3.42169369917058,3.69921840727847,3.38549696028047
2.02019038731941,2.342558939351,1.74928685034443
1.9624619661789,2.33549348813903,1.72426926059845
2.2356147451097,2.50224673311624,1.94583462790639
2.3566269709657,2.55990907476444,2.06274881034302
2.41857247883379,2.71274059118717,2.12136917437133
2.3396804901864,2.58221044152638,2.07640970655605
2.75796156883491,2.92550143721154,2.39077899764903
2.91438060270236,3.00990626414438,2.58387360086627
3.19601373054438,3.39139638725604,2.69591639278809
3.06319431875993,3.1231066383384,2.49499998087611
3.54539738900306,3.60117655686119,2.75210284528666
3.36095734948789,3.31829173057081,2.74931512971004
3.34261690037289,3.24145883325998,2.86532669167232
3.88301465572396,3.81122598501986,3.04990544764931
2.58744937324118,3.06955163096582,2.31360932576052
2.75295309139515,3.29019079212818,2.47800722131053
2.69323664411138,3.25698150315321,2.4271639970454
2.65601899538292,3.17678046008602,2.40223971111849
2.98707269825975,3.68697352996882,2.69732114499088
3.07304973910873,3.88031823055458,2.80848828367549
3.00131288642681,3.73792218009761,2.79950625493008
2.86391491596862,3.66151169365129,2.77190326811453
3.02278505984613,3.74819571782375,2.86710714551055
3.32902521197063,4.26757917793309,3.08769590745946
3.39950858607455,4.49646357044219,3.14692765701725
3.39596804466897,4.08867461474053,2.96715709276663
3.50965103885209,4.13164125583767,3.07025430799482
3.77381401573283,4.56981588632575,3.24596214602938
3.80722828867424,4.67834259339855,3.29115733360963
4.25432466453446,5.09610382535413,3.60936311256083
4.33539289102691,5.13702433985196,3.69594797281867
4.72339098981212,5.71580186997356,3.96393508295236
4.82078545174836,5.86005265851686,4.07980532898313
5.12551192671099,6.08945603810294,4.24859695419375
4.84341131793299,5.9908426753798,4.21457533158469
4.81930589539375,5.93445583059943,4.25372988659014
5.07585172268353,6.2552952332954,4.51789165585428
5.22811627071857,6.47924398957417,4.64321507962684
5.46353488565626,6.71719860677132,4.92091484250473
5.40617951130612,6.54458947834092,4.79359101477873
5.63799934544016,7.0394879962097,5.15753445765177
5.81555093873827,7.25806981610135,5.40221096556569
5.83990533559646,7.22076417741937,5.3999111017435
6.10799488482859,7.52655801676487,5.64030657612178
6.33345743966045,7.76253503773916,5.86256853048759
6.35277736749213,7.72782194119022,5.92541888823413
6.34600466335095,7.74126131696065,5.87722140379046
4.36750045614317,5.22408678496871,3.72615643791287
4.74311295298285,5.67789869935102,4.05510696383218
4.14320716797821,5.12000071260485,3.57230359551822
3.93292666005315,5.04906210845836,3.41751997032591
4.32687414832511,5.4333033558275,3.76307626160986
4.65474873776237,5.82257006999485,4.01858982263465
4.46430832270594,5.80959740026937,3.87828463704746
4.59331690372027,5.86092433470588,4.11696634594638
4.64937539140212,5.96154833173096,4.10945267955574
4.76695047671762,6.35075819323837,3.90745654554015
4.91687210331854,6.54040661255716,4.00582747431754
4.14048144381237,5.16414915484891,3.70230660391899
4.3219098015429,5.15851793704053,3.94372321938501
3.89635432556843,5.19623733773108,3.50389843164083
3.84410670268592,5.4662678123648,3.41132957061039
3.86570624816586,5.10858639752098,3.57199531865286
3.87308235040443,5.43383957187677,3.60090784503642
4.15002912210924,5.28765768063236,3.84710258539369
3.61256599228999,4.68172832067368,3.38570084811774
3.75769987530921,4.66640929422824,3.57911718598226
3.35237540523314,4.60048793494153,3.11891507206674
3.3380009328447,4.82853340513762,3.06410010742534
3.23729752736896,4.49688618483268,3.04776696471593
3.43545624853423,4.64407621950481,3.25622713427857
3.38839873337297,5.15390278425121,3.09843128566555
3.29456016029819,5.28977253526765,3.03103830385871
3.46569877270113,5.24821383534733,3.19298698066853
3.82021922913376,5.85857117716035,3.44350590688318
3.98737639780616,5.9704946045478,3.56657922528999
3.97955856707048,6.34063205537174,3.64837145847711
4.2790236168553,6.18679691758184,3.84244278657119
4.62611047248561,6.43266977053516,4.17530266067272
4.70596259142393,6.53451353109089,4.26672369001681
4.78295134870061,6.57657622866416,4.38151799706899
5.16297112983043,6.92297502235865,4.70213759680484
2.93712285469212,3.87785623421887,2.83753834648784
3.15209398615726,3.79062802514997,3.33200492854637
2.77019720496308,3.58146829002451,2.46343760212831
3.01064027524289,3.82700676712526,2.61167311164437
2.59224222692055,3.0767971465254,2.2645707494776
2.7558308661311,3.18404143435461,2.34410332524608
2.67012250709715,3.02512144162028,2.3271009496551
2.30240559396846,2.72462551308028,2.00699467169066
2.32030235436238,2.93429406660988,2.03585896064714
2.15676970381996,2.32088400641622,1.85257667749087
2.28672389160647,2.299112628054,1.94390436379094
1.95638809495287,2.08088691547817,1.67737331176496
2.0036694810423,2.32404740665459,1.72236764342672
2.00515703253172,1.92258548179496,1.68687705385419
2.08378301449282,1.84081571462455,1.73366235304093
1.97934797149207,1.9326831985066,1.65548145410538
2.24795472736401,2.17826085086759,1.84610805688747
2.63487673523847,2.54535605895451,2.21359083262231
2.58413180788258,2.54168778871361,2.20457070592449
1.81805755147105,1.89611538542763,1.57503335741232
1.86264468432914,1.84569372485856,1.62950974091393
1.77278121755094,1.95019317574198,1.51652980352338
1.85491643760548,2.10789770986387,1.56206021119
1.73829928578998,1.91971393682269,1.48134344081745
1.82560425925121,1.95064705099559,1.48934005098878
1.89260540621422,2.17724971061572,1.67144642695874
2.10909043705645,2.42079999775699,1.98429373098272
2.07863789844827,2.37900967187539,1.89983102548288
2.29153467386937,2.51752575434015,1.86569749843855
2.59073240922611,2.82751532487264,2.11265993051317
2.66655840255703,2.87034923827002,2.24842978707961
2.80817263972785,2.88240203007342,2.16747551757436
3.07006618320823,3.09198460590463,2.32522839427409
3.12790213863111,3.15256126797595,2.50784476191135
3.44745266860829,3.45862996902901,2.71681353347441
3.71625518304643,3.72146966653341,3.02159426171693
3.8385113125591,3.79693367598933,3.07331184911974
4.01835115945464,4.01151313478181,3.3093299642393
4.34962364449578,4.32014059179211,3.65286986892629
4.29678302698335,4.28122185048709,3.66695300594383
4.33098572944172,4.3439349008917,3.64296345433041
1.60714694260064,1.77873038454421,1.38569003887865
1.64890929693441,1.82461150720622,1.44890260635298
1.51663010574304,1.69211428048557,1.30587440891666
1.55903848374989,1.72972491985883,1.32403585629224
1.43839748212367,1.63583682730982,1.26844940788344
1.484650940524,1.64204832687016,1.30364964634696
1.4048940787008,1.63079676577808,1.17593640316337
1.79389638957379,2.22484204771966,1.1770428754405
1.56471457970714,1.98481925056904,1.18057389505848
1.99979843680259,2.40506091150356,1.60205907907552
1.96818081082551,2.39543638187332,1.59625596347081
1.97282725969311,2.4384215454372,1.55155357721556
1.54403006600396,1.67674893744122,1.21686610822814
1.67625705432478,1.79062126647964,1.34211325931287
2.05520732389892,2.04739212475178,1.34760838972383
1.64106890273047,2.23752179886544,1.18046544698846
1.96903184922675,2.65945983390221,1.58844817869296
2.00621427029161,2.67287402621449,1.58895245808668
1.99020903655022,2.60236995466554,1.56519573527292
1.44519131344592,1.71754568606674,1.38648769915814
1.46836074743575,1.7856454763872,1.48109907414652
1.50515509959384,1.79660091820121,1.47360527475645
1.56404735225337,1.81863990822199,1.47672850870252
1.56219854549018,1.92861295642447,1.64309700253709
1.58114055290103,1.97544209992965,1.90545026996454
1.72041104516697,2.12116005290126,2.12676225501253
1.92837586775698,2.14486303154863,2.36745325961347
1.86434297983086,2.29027644159156,2.37112560669681
1.91399582258442,2.25368211021896,2.71513811635839
2.00562943190635,2.22797257555681,2.84016695256737
2.22262697400806,2.48446388175186,3.06204570533751
2.35926057166823,2.53449522411912,3.55689090120499
2.72669436365797,2.8624192544047,4.06905798131125
2.94370318914955,2.88098383973301,4.20814139686832
3.11849532817082,3.03414440559146,4.21679724064091
3.4617582152509,3.22706052448136,4.9097790383983
1.53428125835538,1.92393031058433,1.41145705850577
1.53062396058529,1.87305059279354,1.38903075148851
1.60202633345698,2.04901476377791,1.54816489349548
1.67192011100256,2.14143133433064,1.77722055850994
1.65395467096318,2.12237644133764,1.67084341856571
1.77547431787423,2.26686288333554,2.0516656957101
1.74393009315079,2.16168827003644,1.9282292988565
1.53512945060832,2.03966629139673,1.4648222439871
1.48506463138366,1.99620037951245,1.45557351375304
1.54566779775563,2.07025352849076,1.42317597394732
1.63806536240771,2.14829687651944,1.5340463545702
1.48722059217467,2.04682421838295,1.36319309356602
1.52575214046899,2.14506229140706,1.43700552884787
1.60843886576756,2.16868518485515,1.51155692865084
1.92032714059937,2.40994958596993,1.83419302751662
1.92161017446735,2.4691631805459,1.87726478558856
1.9954140110463,2.44385702049728,1.92140934505282
1.34224579692709,1.84292446136973,1.21925524056164
1.30099230520479,1.81426336561218,1.20307474792405
1.29568038088244,1.72120872497717,1.15779977979346
1.37304079390167,1.7744932198978,1.2140561483271
1.18296390028191,1.54457138278369,1.057503523097
1.16420237344473,1.52413427086067,1.05942413820999
1.20111179152654,1.48944952901927,1.04921546690356
1.26872365331623,1.56385571376008,1.10234809322778
1.26349666119794,1.55341305133443,1.11068954861552
1.12243627000986,1.32154936979949,0.975216840897394
1.13216727679277,1.49334325459238,1.02213153118973
1.08617980099307,1.4275353774932,1.00248174015261
1.18563816018087,1.57406824922039,1.06260421086322
1.26764597940198,1.66516122448793,1.12116636347037
1.17475929885852,1.58931033307381,1.07041668646595
1.12999192139092,1.48231164365103,1.04349455944141
1.30324603240109,1.74387393536607,1.1738221505566
1.35732582117877,1.74023092169046,1.21580354055885
1.40115670548142,1.90176686575995,1.25603307927093
1.3728952373008,1.82240702259148,1.27532803487126
1.94455018311936,2.30436260211877,1.60565080158145
1.53289033864526,1.70752636266995,1.58052097649413
1.90290238099468,2.4040675750756,1.60242495232664
2.31468660022375,2.65777132692428,2.0427393156526
2.57816499494821,3.00925103104202,1.98194288333479
2.07072555537532,2.61183541186532,1.86669729189854
2.38826574865452,2.61467305224306,2.11406366560816
2.5579829629675,3.01849063684181,2.37546842309113
2.29288862861645,3.14727423019042,2.31276901038749
2.64787697608597,3.49941157010642,2.67516768260302
2.61163689250651,3.45789698790623,2.70120166514429
2.64910469935167,3.50702739197795,2.70233249783694
1.15938774447949,1.64985885058504,1.08267025787874
1.11114297030135,1.59098175677594,1.06067888026834
1.24192634596956,1.7960576652215,1.15164475861052
1.31422049132737,1.8658508646213,1.20371610138832
1.27278658279495,1.889873237294,1.19001046005962
1.29373514233223,1.92845811446298,1.22623768872706
1.44923754968908,2.10561165888492,1.33228069033892
1.81688447344938,1.84853808003065,1.45157287639306
1.72364980906589,2.55620673744163,1.42542651321272
1.6066365728702,2.68430006640461,1.64166335956304
1.94954246835087,3.14493937589496,1.94915382181023
2.10183723977902,3.12134482272494,2.10898707162705
2.09326231228211,2.99412661126981,2.11564387102595
2.52818153937628,3.19971529889437,2.64167412035574
2.47714537635634,3.11651532181942,2.40547534692238
2.63238761004123,3.77438825252541,2.72123024553343
2.83661943388654,4.08462978661527,2.89728961192618
3.41455830131507,4.50415755352241,3.60899609029306
3.85708053789331,4.70927402663833,4.08566774021346
3.67412636819668,4.32873862427384,3.89036099444091
4.58597874020906,5.45744864533955,4.86714204500412
4.17615156620373,5.40155421003994,4.44027754076798
4.24825857374374,5.55115354299135,4.50087325360118
4.83390609595806,6.04024612241342,5.16282909884421
1.17649529497724,1.77554269990326,1.11715938349643
1.16785977634627,1.77071400436063,1.12917497465898
1.13559348572483,1.70638074792678,1.07215627974107
1.17975503328489,1.73380449838171,1.09946279181276
1.0716220325094,1.62377282930384,1.02154259118497
1.11603232861816,1.71455868191438,1.0741580017921
1.12443989614288,1.66992761822441,1.04747170994609
1.23327319789031,1.71898767173698,1.07821137236273
1.16183898123362,1.6860393940443,1.07904760539976
1.31099277998899,1.96426876378807,1.18930702021488
1.62534420980253,2.50295187333796,1.56706843213635
1.66328646952627,2.15799344985059,1.46470125524934
1.49103464789748,2.23313654852574,1.39926523785743
1.82632936988985,2.39799500125012,1.73600003520605
1.81430701013981,2.73940927998407,1.80915595594423
1.6352418834665,2.47560544735355,1.54792483609354
1.97484704091592,2.79149677452385,1.9010882626501
1.99673697713815,2.82411032886792,1.96648721707186
1.94688912147902,2.7395361200127,1.88141221011295
2.30358131139123,3.03263617636658,2.27450088917265
2.32625141598797,3.03258748558326,2.27450162649004
2.32912512505988,3.05970404683937,2.27299703920042
0.95724653691443,1.43347144257416,0.929196140623452
0.934154421028015,1.39963410784027,0.924813592967723
0.91851847042227,1.34461060721204,0.890737076097444
0.978437602347461,1.40583525005621,0.928437850632572
0.837782555886912,1.21090974738792,0.836725635369468
0.815739870837107,1.16019077177049,0.815609135338424
0.855637435897174,1.15385194350833,0.836714139333734
0.945902400696308,1.26472201707319,0.919933747545669
0.857941580016229,1.1195847938499,0.856247284564014
0.88615782977643,1.10966754397167,0.834269392548731
0.829725066195128,1.24851222961268,0.867104154341228
0.796200167186377,1.19837947418307,0.861856331177429
0.903183800602528,1.37502571733213,0.937191679246458
0.966494153192354,1.44264989040038,0.973097029702569
0.937226389123275,1.44973191359479,0.993137517600323
0.916715914031851,1.41205652526164,0.990155804702611
1.06120089711632,1.58654067652472,1.10619558570599
1.42469058932707,1.75594959558543,1.27812474983169
1.37938029554074,1.67540076168226,1.21718032529919
1.41634796675739,1.68621708775785,1.16903401352294
2.14012576918119,1.62611236545998,1.45951883380926
1.85650101282013,2.17167663366039,1.56101467979319
1.6391662030185,2.2172659191831,1.41668920728979
2.10481904772125,2.72139618184305,1.91071210860548
2.26021146853359,2.78612153534753,2.04206608842401
0.947376596505297,1.48593800896484,1.00845841346684
0.950242747909936,1.49274680313072,1.03365427063484
0.985336491343723,1.53854897530748,1.02594160037334
1.02394253147063,1.57236357353927,1.05125767631213
1.01427165812773,1.58091089172455,1.0467751159712
1.07751366710882,1.66002548022003,1.11075432393143
1.11450470890609,1.69070315334149,1.11993830347058
1.34457279699453,1.90739844330008,1.40157835371828
1.32089209778504,1.87491687118363,1.41109399636238
1.55823017445695,2.05657410932574,1.65759881773075
1.93849791191696,2.30439364420589,2.0709673855376
2.02339063736952,2.47739065627262,2.30667042411822
1.78390757378101,2.50701567447363,1.98576382685229
2.05771375712415,2.87206060564284,2.3872441631885
1.94497254673644,2.75147145628526,2.17632513057104
2.37518266896189,2.92933207524332,2.60892966162079
2.74309664573056,3.24145525883224,2.98608280917791
2.84554219166647,3.28360092671179,3.03156454492586
2.68370958728534,3.20666174862934,3.02412199088501
2.97093045763931,3.46213526002835,3.3308195154573
2.95785221506002,3.47943314471772,3.32426795746456
3.01805146655696,3.4662826091618,3.33089945018917
0.924933069176959,1.45694524798289,0.971905200214802
0.950276152776847,1.48127362299457,1.00593057159611
0.852882273262041,1.34375587713273,0.898191786349539
0.870699964866956,1.35923786137862,0.904898319797349
0.781780948596099,1.22284080754031,0.829153084423134
0.81652608093764,1.2572298474543,0.854840708002534
0.767991200679232,1.16723788010385,0.806757443577818
0.837185085083046,1.24469495338049,0.871483708386176
0.791548805459652,1.18269487949807,0.84102109667154
0.732520143738992,1.05734814829585,0.744365567231386
0.766174678971758,0.997736834861962,0.750520963990507
0.844133170488648,1.05449400830713,0.824268973672812
0.802082456857778,0.945688517374121,0.746115118437197
0.910185368513308,0.97017341704956,0.816005004091793
0.795427983172625,0.944950193250089,0.731581315137273
0.893525134140835,0.946736004247077,0.782127340228623
0.955633638810634,0.975531653893397,0.833435694592493
0.774751434958922,1.07729727055739,0.761161568690203
0.860865818337042,1.18744784213919,0.84005184489003
0.800582126574155,1.0166824242143,0.752535397743524
0.894578655689707,1.0825160496829,0.825135697919924
0.746102552987526,1.16723481338141,0.803759664010796
0.752470193729383,1.14583681606284,0.801405388345695
0.757095163749509,1.19065631198387,0.829119919066929
0.79303853296744,1.23567248234023,0.864096992006481
0.761300179625808,1.19755953235062,0.8566826463906
0.747622084757189,1.14287480406722,0.848332359325163
0.82765034156902,1.27037468150759,0.940438437441949
1.01432809387298,1.48369030670767,1.1434344362816
1.05860927887937,1.65455067280153,1.19215637371492
0.984173128244374,1.41473796358676,1.09345695995971
1.48740396064541,1.86387640202012,1.42414825249797
1.38586342014941,1.80201381139946,1.43583627045989
1.54637168788891,1.56857053827394,1.38369925611455
2.06924471058735,2.03439663958348,1.87989446261347
2.06687843925474,1.99195509307129,1.86595998053455
2.00859439378085,1.83285776642926,1.77032251573207
2.42419756444402,2.30661518491721,2.29633733383723
2.43686482983801,2.28147723690643,2.21604660550776
2.58769819179126,2.20957062999061,2.20355548637462
2.97297086883201,2.54667991665213,2.57802585309498
2.9868525863133,2.55642270588394,2.55985570116879
2.94459656782509,2.58353214740941,2.55698711635767
0.808329497141646,1.27929751753901,0.903214060869175
0.829083346403448,1.28238135189267,0.926302296776465
0.870035456742775,1.39104496785475,0.955491733126594
0.896571307272263,1.42414226493133,0.976878145937468
0.939102641587111,1.49649730502206,1.01607230716737
0.97329003155407,1.53953628293755,1.05992545078746
1.04711397250113,1.66932193831936,1.13148858165639
1.24860336718837,1.51207593173166,1.32316388933027
1.47576239862321,2.20492541490067,1.40102437147685
1.67770196219243,2.23262116053405,1.60575032531562
2.10606048461052,2.82905489999403,2.07388018923174
2.3840247215642,2.62334681836358,2.11101878258439
2.10269961369916,2.61051725816355,1.93993288447906
2.59916252494008,2.8148829154147,2.27582927823298
2.26330118979159,2.9312872396053,2.2264632780799
2.77900207608127,3.28201720250096,2.48103359035927
3.0928877274799,3.42784709849321,2.78431474076483
3.17128411209172,3.7275481795417,2.82605449035659
3.39548426951495,3.92744892364784,3.04129641937432
3.73709759932287,4.25808452063692,3.36063047897208
3.72212510129218,4.25280746581668,3.37611341938628
3.7491329647772,4.23880551914192,3.41164607474058
0.921901033572265,1.44051750034849,0.966393391827853
0.976004373522602,1.4770361550259,0.996367320612184
0.878170862463385,1.37861913092878,0.916258796017765
0.87909746367303,1.38822091133042,0.929194662292088
0.866121805712458,1.3254699624553,0.874133781036291
0.93291531272223,1.41397798923322,0.927860276637893
0.875710229551032,1.32858208778851,0.881133660310133
0.959422807427137,1.45191011001758,0.972509538466864
0.891327365414124,1.32289100990596,0.903720091991657
0.860868662382356,1.26884237306316,0.846133103812008
0.885183214849148,1.24097130767263,0.865697940732314
0.936671402997548,1.26806572241714,0.934250601172783
0.936296739328316,1.24441566635943,0.889759612751118
1.02714612306414,1.28527092086322,0.970956270752183
0.954556501667494,1.26307337599154,0.885857675392209
1.06795939772668,1.31743075854351,0.973487653503566
1.1579178149995,1.4249931034064,1.04953107857071
0.914434316916532,1.31187387864426,0.877647379150831
0.989797585284457,1.40198473219276,0.952261125210693
0.954237028080989,1.30312787016721,0.891524363325706
1.04893157308793,1.37730267985017,0.974024714652135
0.822048215795651,1.21155723167096,0.815242160807988
0.864033646931406,1.22225676471571,0.831306598052282
0.776499514353068,1.12679397819762,0.779537232410008
0.778391788410681,1.14677983519014,0.797203242711405
0.762330607165096,1.03933024926958,0.751958522748322
0.775319389054868,1.00788912917501,0.737460635616182
0.749323897842192,0.986659763152107,0.761103432656166
0.783142490472121,1.22146649086988,0.98771946784824
0.806159114145015,1.24793499204791,1.04969581074638
1.31060088317307,1.77973590087659,1.5563086429614
1.35119147755788,1.64858091238319,1.57706204329185
1.29440956416839,1.75763449181349,1.57449548501834
0.750454553172143,1.19264321692836,0.944241504546076
0.854576946200917,1.62557615936596,1.29933502525271
0.81548800396179,1.50761064769641,1.21998290132926
0.856458644710886,1.10702581885216,1.04992076389607
1.38765874210083,1.51180355772308,1.5099014801449
1.401229224,1.52115106572005,1.54362379130761
1.35726397674511,1.53271186005476,1.52657210203924
0.808018518874694,1.12893882106337,0.813665069906595
0.84534950946542,1.15058502573912,0.850797208603273
0.852048470986741,1.23971817014487,0.8767275032779
0.86371701095048,1.26380754051305,0.89127734291697
0.920588990018603,1.36991598786766,0.962684063037013
0.942982785692366,1.3725023239855,0.989965181650135
1.00056243295445,1.52853989211652,1.06982407344232
1.3053552025198,1.84719550694771,1.37516355014488
1.42873593089506,1.78430400774397,1.35549889972702
1.53171533908662,1.89617936087427,1.61070826677158
2.00838959108542,2.29206795165842,2.08311638390862
0.948005643702907,1.41870652436807,0.974966345649286
1.01257799263556,1.48958477427099,1.03689659888484
0.941749286329414,1.4225252818506,0.958039977732562
0.936821235936902,1.42288312805356,0.958689648306134
0.985477751584327,1.4670477421504,0.98451321241095
1.06092984291915,1.57670902107605,1.06407240290776
1.05951489620758,1.56756751232652,1.04362601589991
1.16208381749582,1.73191491214096,1.21266778469134
1.233327104556,1.71698348725553,1.25492727640452
1.3333156203753,1.86988828650473,1.37591837685883
1.79645250659807,2.23424337429025,1.87666407679351
1.66892136401335,2.20432225090088,1.83805774060588
1.73919298296915,2.25394838818893,1.66943471263623
2.28953658206533,2.72532127874569,2.21762430029156
2.33046656585503,2.74887463566556,2.22891182456528
0.937568601681154,1.34261582071153,0.917310190486691
1.00845941163229,1.39766050315856,0.979239632396206
0.861174041507072,1.20613564333599,0.828346680947802
0.853476758594097,1.20884619880874,0.819371299239732
0.840666992325913,1.09206493512269,0.780235918131603
0.886902131535986,1.12796343234037,0.815579384018455
0.819110512899817,1.04260646319525,0.73809140585265
0.813574821214519,1.13326252030165,0.763125129468662
0.855809816970504,1.31287908933845,0.740138535093893
0.871167117703273,1.25567907211112,0.783121832037576
0.976374237058371,1.54590281490834,0.894843014651451
0.954280509204675,1.6528693903905,0.850363335924726
0.987124040124911,1.22717697207252,0.862061266813618
1.41593683826897,1.44272077088146,1.19490948440841
1.35502644920838,1.50097263698568,1.14243893015748
1.03636496152113,1.33564036194851,0.967358229557847
1.34935534794377,1.66412709016041,1.26525012686242
1.41119501787094,1.65217912566761,1.28462700756013
1.03666606290291,1.3497306608624,1.04420953873912
1.48519924172582,1.71559776755965,1.42905389458974
1.39757691048719,1.67907865272111,1.4952773887655
1.42203671991958,1.67849377329412,1.45757250074583
0.845458372452769,1.06735038018904,0.790342017629662
0.872028376389277,1.05493073832366,0.798966791058082
0.861990005379788,1.1189441236963,0.830433000246457
0.877006204822524,1.15503553613579,0.864357752194091
0.893218230997579,1.16247246436107,0.852740704762107
0.902746365278428,1.11208905337707,0.837884808064694
0.952280693974877,1.26748863221496,0.950626979226512
1.03660956822572,1.24010050762542,1.06538356646253
1.13356670116998,1.388818380471,1.08371965567757
1.10822550493702,1.44955533641501,1.08736663174734
1.6146278411824,1.93594085404406,1.58171767524647
1.64757100872936,2.07145789621812,1.58237028765007
1.40378541762839,1.50777158363592,1.54895077118458
1.98745727889736,2.06540436338414,2.06082185104512
1.85198157681086,1.91644040621899,1.94076802202664
1.62874364672562,1.79413944695696,2.16015221696706
2.16955116534009,2.24846953210017,2.72371867028343
2.10873432840255,2.18591278290302,2.60925388176075
1.85032986690931,2.11086134510249,2.56177744139407
2.23405644492634,2.47016075913797,2.91648099823794
2.26299382655266,2.4824226018548,2.89547633263058
2.21584783639025,2.4637700087324,2.89641140272567
0.924229015148234,1.23016815609771,0.867300654970788
0.959599340238943,1.23601417332909,0.870584381538494
0.953016816263965,1.32263526718918,0.916006100914482
0.973053688567677,1.36475099085475,0.955904576203157
1.00602198224667,1.40685130107711,0.952373930265882
1.06132557368272,1.48432589269045,1.0016322398861
1.09648108240227,1.58139260714962,1.07085043589652
1.17474939225928,1.5791914327034,1.21391781552554
1.34463466492491,1.68409207616869,1.18208701288817
1.39783482151535,1.83154939846123,1.33559332340519
1.7070485343711,2.00248271719949,1.59072924700405
1.73037548798155,2.1150837411703,1.65653380147349
1.66412646346634,2.04904360920771,1.65338564890019
2.06251712971018,2.31444614629137,2.07160114974072
2.28228474580123,2.65708212953651,2.29962684206741
2.69189289380823,3.0358189349564,2.69654874018429
2.64561774909233,3.01149295210837,2.69609376721929
0.966684186062478,1.29449143383086,0.885010187414804
1.02920763695446,1.34250541733619,0.9204040155232
0.905600930798895,1.18006157660164,0.827103192336655
0.911316511002005,1.19119993060714,0.842548015637032
0.873008543118272,1.0785527238307,0.78301220107132
0.915543966398157,1.13769115035534,0.831224698564967
0.848308223617467,1.05391303344649,0.776593912565623
0.889811608935987,1.12269797133319,0.798902276621995
0.902973099871401,1.12799789451365,0.809404641469893
0.910275395428103,1.1592978752581,0.860747107649734
1.07561317897923,1.34438023746249,1.0056233287004
1.03562600012285,1.31714528776361,0.983369478287735
0.874300022688033,1.13130558518739,0.828641857869784
1.25686711076638,1.29338027360512,0.963087405996765
1.11293870912416,1.05159015312168,0.788926268829043
0.854429342398478,0.983427521183735,0.730351773432699
0.877147114954715,0.965065951439648,0.74257365322591
0.848016679029653,0.965001692651236,0.709373839302727
0.861565184815304,1.00665888135794,0.743839513800727
0.854692446653292,0.935706492966411,0.685203813787231
0.856908132282491,0.89971811247315,0.68248936286855
0.878638197236314,0.957590446046547,0.715982654948972
0.900238441475044,0.957701850239756,0.737600550271265
0.917336693518497,1.03291634675966,0.803073197281107
0.929010818805995,0.994587435421941,0.77485253149963
0.996807201502791,1.03518696323405,0.845674120132591
1.04384916926823,1.05578783310108,0.867588094736177
1.0888246726093,1.14780332269856,1.01422078263626
1.199447091026,1.24941685075683,1.15229637608341
1.08998692984164,1.18176937857986,1.05466583437245
0.999819831673031,1.0987685422477,0.923023044397814
1.07209286901155,1.21488318951878,1.05657008877153
1.07642926564567,1.24284265350723,1.07256400149776
1.21229466019851,1.37881545668211,1.26897313310759
1.32332844147873,1.52105557828347,1.4228036296819
1.2243236938698,1.35137422634476,1.276120040627
1.33089635775637,1.46724820971363,1.42933261151404
1.27853658123639,1.43743717247375,1.36364655053474
1.42493617391066,1.60289034375447,1.56898732834047
0.885361527910497,0.987648560664227,0.712740035499253
0.902382525863027,0.968234738183253,0.722026953068029
0.929674200245383,1.09545475050108,0.766839141281777
0.94881390570286,1.13025048554452,0.805551746464934
0.990839367472713,1.18981733448193,0.809152305284511
1.0324258098617,1.21336226044198,0.837973812213171
1.10542679381082,1.376462208729,0.933148819804816
1.416967122889,1.89329765831513,1.10595770645533
1.2630426135425,1.24455598414123,1.0788466660333
1.41095461892657,1.66984932678932,1.15826940359085
2.03520592137252,1.9966495414719,1.69870999979694
1.88808497215716,2.30819454052968,1.69682737208384
0.966767516364801,1.16269463447829,0.783484633680436
1.01642833176587,1.18576264458506,0.805836085288435
0.941021503989434,1.161761737755,0.796265663075027
0.960213433602651,1.18917419256244,0.8308074645011
0.952721125232727,1.18076633614837,0.824245587948588
1.01764620268902,1.26427853932186,0.87671860646726
0.995404047287554,1.29671535179683,0.941468100116545
1.28330244776954,1.78239491002371,1.18878340966927
1.24919794825381,1.74317279716762,1.24571716976514
1.18159104402626,1.5630685736777,1.2632410436739
1.62588053203203,2.10154407416214,1.7473038524485
1.69414466251356,2.25209825905484,1.8331563433772
1.41855198225616,1.66573707806176,1.58615607702342
1.88594873617713,2.0720930500293,2.06965805504605
1.95297980425042,2.21500669684292,2.06425642917022
1.64642191307031,2.03948349256315,1.86796614512961
2.17706511085356,2.505287166756,2.23803162904185
2.01534561646292,2.47019725298059,2.26627475689011
2.15563032502034,2.49459438791393,2.3732206887681
2.56346605504791,2.84429340689001,2.76870087975456
2.5713181109352,2.84815252451851,2.76140605016387
2.5710029249944,2.84392672867254,2.747694255982
0.933217690971942,1.06926254489948,0.77913714026536
0.992266739685717,1.10682421345384,0.831111915907478
0.896305987266476,0.981605182005787,0.736347015708068
0.895802188699204,0.997747506955201,0.74457754080264
0.906632397054537,0.923306983355402,0.726424700120352
0.948057005306161,0.964742240081945,0.782732132075079
0.906335886677686,0.889363116985697,0.700742069078348
0.916709605760205,0.887581836303398,0.707311061183472
0.959675642682736,0.913720292152828,0.747819616052754
0.944974553694397,0.953458470208521,0.721890607047307
1.30214593522236,1.17638781266368,0.860083977445594
1.55549763728901,1.33190893754302,0.907893505273225
1.09143716400056,0.905818051357432,0.763470611463861
1.5278210676451,1.04519472088646,0.910752474148544
1.81561830190023,1.35433313895328,1.0016734150214
2.11360639321896,1.60087333718406,1.12585675415924
2.34314336139138,1.629576166572,1.19164162651834
0.926607162833131,0.912742028632293,0.732839598544956
0.977015388462758,0.93797267657288,0.787785607355557
0.924506823744206,0.919849620507478,0.721499129987519
0.912510000556823,0.931784756005379,0.717624384284456
0.96620230786915,0.943742561923427,0.759991228326722
0.985881694397937,0.947558733651846,0.786890664044713
0.995785965109974,0.976895087266416,0.781708490402369
1.07939215341205,0.986379170605305,0.815004069952183
1.07502338297087,1.16887437988564,0.807179746335785
1.10650763257858,1.42787512697825,0.869591107640206
1.3797473017871,1.80687392986401,1.04028660094735
1.60453989233932,2.06840137361113,1.07221431945156
1.2464348073258,1.36087905591856,0.986813059375039
1.8315941872964,1.92179595231206,1.24693078673876
1.52854168792049,1.46204984652523,1.18547674265433
1.52446709343893,1.49995315224195,1.1910420949341
1.84808788980055,1.86345467373331,1.54951549228999
1.9366166043315,1.94612056938522,1.53155833272898
1.51326905119871,1.61890411516856,1.33758565031618
1.83726058782874,2.00131366252764,1.77119076337753
1.8139020535294,1.97946428827294,1.73320918858252
1.82748410588837,1.99389496161905,1.73170013214642
1.0118694526169,0.990929591052734,0.813204656653012
1.06442884028267,1.02047142598833,0.876965981371432
1.02073777521334,1.03046732471163,0.826300018623025
1.01475861421393,1.04617637303219,0.815374705392498
1.07245301704195,1.08993575799745,0.901820707449469
1.13389620550519,1.12463198991538,0.962120976760012
1.10960291397747,1.14281157557405,0.955074495313366
1.11819304925945,1.2761364816082,1.11114853509256
1.19780052719003,1.76477824721194,1.13259768235722
1.31921885494133,1.77358710446095,1.31682181452686
1.22625076166479,1.70266140562316,1.18646119762521
1.63950151375174,2.14647251380393,1.68837550629865
1.62280126347498,2.21835373419281,1.63926426266441
1.65293268469548,2.22208893707187,1.64013866986098
1.06514534529432,1.10108891367522,0.925317738832647
1.1245082361248,1.16223934398732,1.00182558073659
1.02200324793224,1.07370245969586,0.896836067272357
1.00314952689461,1.06560156456296,0.87345120857723
1.02431651654748,1.0914527636511,0.937210677072763
1.07035576819617,1.18012520555521,1.00293474885114
1.01396185772879,1.1274986143715,0.964485952800111
1.04172108190332,1.33709353444024,1.01886579624979
1.03166139733061,1.59137961436448,0.981575343327803
1.05915664655941,1.60615036096662,1.05482076908772
1.12275807033461,2.18295248635445,1.22141648032205
1.15777299496892,1.95065744301323,1.19742475784684
1.13515194418661,1.78274918404428,1.19935523520833
1.5828645304476,2.03219932644839,1.60310498399169
1.61559943253374,2.10319773105791,1.74643799639465
1.39390887769011,2.20361562590239,1.48342125267622
1.97583953794514,2.65418034702685,2.0351720380894
1.93185653454525,2.66766142030764,1.91901750322032
1.4360164639787,2.4284804463885,1.61760778458675
1.80931753427414,2.74980144691672,1.9675317491258
1.77405669091514,2.72499004480877,1.94163374559846
1.77671598093056,2.70158182027303,1.95311631867016
1.03445904182105,1.03128702529547,0.943065524322463
1.10351252815217,1.08791938643818,1.03033027887666
1.0049574265156,0.954068794735862,0.889718215631709
0.99249069857802,0.946858548204696,0.864997530363898
1.00685713131795,0.919008044796155,0.897298699498319
1.02025692170923,0.920963088508701,0.930455716174703
1.01196929448524,0.88575662143765,0.875693329736599
1.06084033655147,0.904532786917928,0.888856226251761
1.05347378346413,0.925884486796633,0.911431840890811
1.00115049098676,0.879736621499694,0.876466581862742
1.05857023314089,0.960517448322722,0.935994102632729
1.14169696860633,1.06384017695968,1.01723848701887
1.11960159987669,1.02389770122051,0.971356073460056
1.25180747070628,1.17294173219229,1.07616081416032
1.12363804826067,1.00564546898277,0.948236979756712
1.26141528400375,1.14995126836773,1.03252555779976
1.62074137365646,1.30422183172216,1.30714231806744
1.06384183303948,0.925052278848459,0.901927645625982
1.1540171355651,1.00996802949112,0.960497525224231
1.11866080691783,0.97894596317138,0.932177800650605
1.24471915305094,1.09581461897158,1.01040797299227
1.04512703257329,0.986302854661097,0.957559760272758
1.07953670689567,1.0333491710489,1.02369862660567
1.0763533127491,1.04638094029245,0.977128631102104
1.07424263890916,1.03976130929443,0.953116659450312
1.1521192945861,1.17473435297989,1.06311001465516
1.19975161917429,1.20071659247604,1.10873705700476
1.21677186525117,1.31069103270416,1.11459576741444
1.37308764679774,1.32810201156032,1.10452329080563
1.556017084567,1.48800909961488,1.23272924193826
1.36506505933819,1.35200029059815,1.14623503781929
1.76473869508298,1.46558039862611,1.2491220652174
1.5647237090669,1.28930115051065,1.09875387915002
1.42128792627363,1.52834657668674,1.2778328541143
1.82267478535299,2.01656801644182,1.68304654811355
1.84337703997169,1.88906394433686,1.79729623795506
1.18693806351072,1.2371194950415,1.12992996251311
1.27576054218997,1.33918725430178,1.24390123537773
1.18652582198503,1.24211026410028,1.12511289838131
1.19177027657127,1.22840681876769,1.10129399017358
1.24360845505292,1.33314270184296,1.20774774675682
1.32691805875812,1.44206086240389,1.30856367884655
1.35100473966946,1.43381812628223,1.28541224452557
1.53569888761262,1.59335524850788,1.54824285070401
1.73170750255069,1.75918891122769,1.63005950538582
1.80250277048763,1.90546263187342,1.67326386625545
2.57090477684963,2.61941070444734,2.4373825524233
2.16471156087331,2.28129620011574,2.06785950098165
2.34894828061265,2.43525378114812,2.30630961767745
2.68782820286467,2.79803556601791,2.57563406947863
1.21571665805806,1.27894500638025,1.18333035763789
1.32741096058355,1.40451025636906,1.33849161966786
1.1953597787797,1.16870667070463,1.08099433697391
1.23038342478128,1.16064943113357,1.07635867155093
1.264999779898,1.15888937710992,1.08475023458364
1.39073799807535,1.25227500083017,1.16157435909399
1.33554305037821,1.12935645864458,1.10564011533768
1.70850338253624,1.46404015277413,1.5999706263173
1.70137370172045,1.51808837948825,1.38787217402247
1.59588810356499,1.37267610693274,1.4566375776224
2.22011925994384,1.97506071750688,1.92596631993792
2.18047346276066,1.89549867028969,2.13811134165292
1.6460399787249,1.4013807972903,1.4896279275501
2.08413714938839,1.7040628666553,1.79522342978418
2.10221150751268,1.90809863590423,1.7496881647986
1.66837089098974,1.5519018874294,1.65038642603705
1.95653276187198,2.05936419469033,1.95364951235468
1.96778077891027,1.99537800260904,2.00413937527521
1.72827350158029,1.64992698219655,1.68807861070899
2.07626337445738,2.02316789343512,1.98370382443227
1.98298450016268,2.01629076138001,2.01745372240144
2.03477284681376,1.98495787464482,1.96700826964328
1.26445460549002,1.16389151711598,1.07154427084733
1.45676694432964,1.27823583444653,1.18392658407879
1.17770385837445,1.12213519361091,1.03907507744575
1.15177261843139,1.1032025981754,1.04704353177435
1.23981758583537,1.18246744864913,1.08372344107762
1.33727258866338,1.24244655949131,1.1386455350076
1.20050655739294,1.1522837345996,1.08147558126706
1.17601871795716,1.14528557008069,1.10181936012596
1.30653332255363,1.2727755712535,1.18460057055523
1.16884159470531,1.09484321547319,1.07227018325643
1.1451065556451,1.42040136836821,1.20224497102827
1.24023455626411,2.1237973234337,1.34539191421909
1.16216725877397,1.49939457601396,1.27252915873452
1.24070876643111,2.26706152518888,1.44864354845802
1.23918512086849,1.15909291622157,1.22299835170379
1.3448070786676,1.2904382360422,1.37875263680132
1.28525302924796,1.17920314629036,1.41977916144819
1.32534511394402,1.78494853068232,1.08042690283525
1.50672728670806,2.60753241948803,1.14181215918033
1.37489082257795,1.75974736841171,1.15902868600687
1.60528835895408,2.53625348498777,1.27481342071485
1.35565278404158,1.30666030830798,1.16464406279445
1.66709922176571,1.64140696639519,1.51322500483418
1.59735236664338,1.59112141199676,1.36194007866721
1.93051187579388,1.98051288168629,1.73427172858892
1.79298209582722,1.75817252174353,1.46732342823631
2.00388756981551,1.84799476537171,1.55021110109578
1.92269549714393,1.90077486543106,1.65731469551359
2.21327541942583,1.96123823486669,2.10196379046584
2.28550211331686,2.2530655386997,2.03281280953954
2.65909074115652,2.61985007660013,2.46173462680516
2.68179070443933,2.58711547634445,2.43839079520209
2.72048951778857,2.56426576741968,2.46984491071384
2.50737699181363,2.11740352246203,2.08860228424608
2.93134845310599,2.43789208391333,2.52776052489604
2.93844793370237,2.44984431828652,2.52749545005656
2.92564458346545,2.47628429401885,2.50453589773327
1.90484946455329,1.93087676984393,1.55713589823691
2.13968968952924,2.08094834617152,1.6964076993943
2.34260320601691,2.12131076274052,1.70624484875742
2.73083874969639,2.1857696878536,1.79156320111298
2.73305313737375,2.43760499107484,1.95967395638288
3.1456680455381,2.70209320496423,2.19715122629854
3.12689696730943,2.7336946410111,2.20947960723321
2.37695694055873,2.18487715769827,1.75649531232338
2.61476386280757,2.48763637993971,2.03484132738868
2.27590283931738,1.74767034283787,1.40533141695565
2.67013048707761,1.68097797642679,1.38750724978688
2.04243543174231,1.5345819685666,1.24964687647587
2.00747783460075,1.69479399975279,1.35197403244467
2.39212431598678,1.40674478801019,1.20831823967609
3.17268574263988,1.34968930405939,1.21587230827357
2.26082264546379,1.41854659734201,1.22909132998704
2.74310827822833,1.62398839735938,1.38929767817701
3.1755753263081,1.84553166448436,1.67272141843636
2.9959671698206,1.71222829441497,1.55858132884541
3.04658890236362,1.95448905560919,1.71102081744591
3.1774480959436,2.20603891309034,2.03597612005126
3.38389326124598,2.29767549348012,2.15126441685949
3.4599822746887,2.43810203228356,2.13733722960088
3.72822729102489,2.72506453025303,2.41171060464259
3.60683609680547,2.87139909866343,2.6283356076204
4.08823191197869,2.96701480613548,2.69393601643234
4.38442924278142,3.32887808531419,3.0479568717641
4.35319875997521,3.30959671969912,3.09248660369028
4.44137616489696,3.28282616458013,3.04138963332225
1.74136112062691,1.38750370291648,1.1377912519077
1.88180007458152,1.47408359779655,1.23504531472409
1.51823360816645,1.34132269610942,1.08777508661441
1.63833315163066,1.4659475523023,1.18366844684551
1.34744788278006,1.27681456004031,1.04623839194379
1.42207202958538,1.36759498331251,1.11756978274995
1.40448299940902,1.43780908071474,1.13990254390036
1.66019554295126,1.61289053598507,1.25196428237517
1.6586380355267,1.50533087004415,1.20444761466509
1.57391529479553,1.54717634779328,1.28734543813445
1.91807901980334,1.83547164402286,1.58012156502018
1.26343472877143,1.11698063749134,0.966364690032003
1.27441978174142,1.1287346181057,0.976723640202232
1.25405710424256,1.07248732099421,0.950016949450914
1.32730887591372,1.16208448878345,1.00422602350304
1.21213786821424,1.01062681934571,0.915592323401832
1.22393820703846,1.01223475179806,0.940716482584337
1.32675961681263,1.09086057310111,0.978216035407677
1.71492126425878,1.55051276945583,1.46573230866658
1.68486387376965,1.5158028716505,1.44700693897949
1.75082302236144,1.52724101502347,1.422370363935
1.14946747963801,1.04144299686615,0.891319515212426
1.15822529568282,1.11804053802745,0.931191065451479
1.16546930664245,1.11823212175936,0.909036467892727
1.22384241420322,1.18570935540158,0.959821632159993
1.18084380031133,1.21957507899987,0.93638667898443
1.19714436820572,1.28422976199496,0.963892267741121
1.33375988941148,1.39801900017604,1.01357555196611
1.8364501106295,1.76915631145108,1.32591246365261
1.77535295986269,1.70416620227538,1.37489893760142
1.73962006823339,1.80682294853433,1.46950466784323
2.14671423507444,2.00783993213673,1.90736468454491
1.16002532926984,1.22185652530677,0.94415764644616
1.18432334654165,1.37590760928882,0.990482756053813
1.19374730082626,1.18801416360687,0.960865591490447
1.21514441092083,1.21151935373578,0.982249986844599
1.25904484988741,1.2904402844822,1.01516304231928
1.31192843228452,1.39738809484124,1.0724577761698
1.37715839820624,1.48805466670017,1.11662717307012
1.49334386179906,1.47290239675176,1.13575913867525
1.50225368367667,1.64910918971295,1.23048633824099
1.54734741944775,1.70480020692326,1.25912597302577
1.93585172324652,2.01184085740322,1.73832017380203
2.06277931602426,2.23388488803452,1.73609187222376
1.24394532261892,1.22550386940278,0.994705024858609
1.31847558895816,1.40237017785333,1.06801468443853
1.20694691182007,1.13236356800899,0.951185760600288
1.20132511042156,1.20959725328173,0.950642583679666
1.242089423874,1.09277126506221,0.958503468095579
1.35660966505842,1.23442322746616,1.0315187788099
1.28551350048223,1.19739800561392,0.957615360988365
1.36861928424549,1.40319073230689,1.00797690894317
1.24823926922462,1.30940619725503,0.970127244254857
1.41554186144221,1.21151897522416,1.01998198453948
1.58924675320743,1.1974870485942,1.07755811909874
1.6863766612286,1.36759307047873,1.13645414038955
2.04704508864097,1.76200414571731,1.5760237604787
2.08186353299754,1.78843735394086,1.57114748762828
2.11535130282946,1.78696088861941,1.57987431448223
1.62095864600441,1.45359779430836,1.08846180670695
2.01992669783285,1.87719399167677,1.53177795124677
2.01664649019302,1.83485314049528,1.53127557534041
2.00735448736733,1.86634516821379,1.52838991719531
1.18823563834814,1.12133274571345,0.961189039486045
1.27828570334577,1.29669690297575,1.08055101901838
1.09513849172559,1.23481160777813,0.905865994805243
1.07968672271088,1.27302993727063,0.889351832824169
1.09722681033847,1.54089990032406,0.988629834639423
1.12510236776921,1.74105904474811,1.08389403889014
1.09589198658525,1.74260403208649,1.00416530186603
1.19282393285105,1.69450387774953,0.976648135097503
1.21361994674715,2.04828985462598,1.15590768273371
1.12461044575203,1.88135430767072,1.08016533753604
1.31118273627469,1.92446186325565,1.54641639976452
1.26998852749639,2.20231220227439,1.77505898026339
1.68356495579662,2.53068395036754,2.20939642867071
1.72238122961022,2.53955772661085,2.30548163716249
1.69017948904386,2.55110351790761,2.30970286358701
1.32354182274964,2.12036879477148,1.3209441461085
1.71391122073384,2.41586209269619,1.82867749528394
1.79338673255408,2.42737131118042,1.84234601696857
1.76838550402794,2.5120384702813,1.82732207108564
1.14098765557054,1.65890630260361,1.06165157990188
1.20475149430713,1.99823015185208,1.25406357208096
1.16130104474099,1.56460430330153,1.04943055042153
1.16714121568677,1.50115927212891,1.05557059266116
1.23274609839567,1.75864669999906,1.17170144930946
1.25183407772812,1.85911875127307,1.29916288114328
1.27815397988469,1.96510731291273,1.25804713708551
1.4470012852213,2.39625070819598,1.73142624313522
1.39441517971506,2.50785715455148,1.81876194679395
1.32886579018955,1.99387743749977,1.3491153510312
1.47621175828204,2.49309150583605,1.91110197420566
1.50664106334728,2.33885440663403,1.87844308668018
1.42608651050718,2.21471406997282,1.36857436780976
1.82711386872058,2.71215467012938,1.78071554541753
1.78396837045963,2.5514997778058,1.88182986932005
1.64754591178794,2.53905446729341,1.61526799461888
2.10808613994489,2.93269846359748,2.0765918217196
2.0538186345861,2.90760459155814,2.05011126227874
1.81548124778193,2.91257540638051,1.99301074907904
2.17175488827068,3.23806782817094,2.33600961991117
2.10959308522983,3.19517793909804,2.34297199472556
2.11968435574942,3.19601459514618,2.38172265072518
1.29892347283469,1.84791212058994,1.18459720758553
1.35877242199053,1.94242452362773,1.19398725853108
1.34841909876734,1.94856377541251,1.33259639844032
1.3725902194608,1.9846546725716,1.51320834566721
1.41750972121831,2.12059418990384,1.36647129138678
1.50338080621463,2.23696580440006,1.46236453577651
1.58016869936289,2.53394258797303,1.8064115629015
1.87801915980642,2.52345443005739,2.03660429444189
1.95166893726484,3.07522454150357,2.21303053748542
2.03551190418316,2.91919083690486,2.37223313933647
2.54842588996628,3.44663259377602,2.80490927868038
2.4774028013828,2.89612122705348,2.66832931338862
2.22646762134616,3.36153421011723,2.83683037204813
2.59984274060588,3.75491080878525,3.28754794067823
2.5968181677114,3.75345499958293,3.22326148307726
1.34022652752032,1.93644463267677,1.13697839346617
1.44513304609101,2.03893487457503,1.17084460974539
1.26533270872504,1.81031985555663,1.2246785501013
1.30789172444471,1.87821554662396,1.39103609372641
1.24356813662995,1.75456254260362,1.39695961907477
1.30486061537081,1.88412332025474,1.60972626023427
1.29955064645462,1.91827039880225,1.98632407395049
1.33266705830107,2.03407684266225,2.71384665347529
1.36924859347499,2.06016931736482,2.27326477674463
1.37073173519357,2.14825056115311,2.06680527883763
1.6113904902198,2.4579949782403,2.18145416133828
1.70876794949703,2.57325511198479,2.7715403861348
2.13373689651681,2.93864661980969,3.24615990934379
1.76570141353046,2.7994447749539,3.08497074270346
1.20430669873661,1.60593059611476,1.20390879405539
1.27309931439017,1.71123204057561,1.39283651072897
1.17889469183676,1.48356411131785,1.0280888645457
1.20805465897813,1.50528150044322,1.08055756521606
1.18474139729414,1.4493639873442,1.00547928678749
1.21919446988848,1.53017867189965,1.08149075669325
1.16048884480412,1.3586188319063,0.90959651486191
1.17014520824853,1.33207982306926,0.910824252892911
1.23775392081717,1.46409802306101,0.985245007335999
1.10090581159408,1.31186462288947,0.853140927233716
1.1850440120883,1.74656364713965,0.908782618731914
1.34520118249746,2.41866798896477,1.06776266776846
1.18148636417784,1.7988856073081,0.876164675885213
1.3574983265459,2.5138728738443,1.0078274786318
1.06915576077071,1.35896373419574,0.803909689339772
1.13120009583556,1.47371007464903,0.841593778987162
1.37802909988294,1.77950293542121,0.895954084021483
1.0978652328683,1.72495834675415,0.883914218328531
1.22292259470046,2.42536052560567,1.02363946139685
1.06532137274959,1.7098115699327,0.868885894092886
1.15003627573812,2.37012782107849,1.00623868997323
1.23441896282827,1.51637873996629,1.1033960129255
1.21926799194569,1.48528253903473,1.06381476811306
1.33657013366309,1.65692490724414,1.29137390963187
1.49262540276103,1.82868573782657,1.5906712041587
1.53208154956689,1.84674187002106,1.61252791249691
1.55617405066662,1.89780411957004,1.71810604760738
1.39089204278809,1.73475378553152,1.34202804392846
1.4299347660336,1.7907409593249,1.41789130514353
1.56306239188588,1.95267250594912,1.63095728026694
1.68188098555818,2.06157659936137,1.73185492953276
1.76278164456805,2.19356428107367,1.8711452182444
1.69011145717288,2.05645304040858,1.92286368097887
1.94418071580629,2.30441693905852,2.26140222277601
1.96449051888453,2.3288419460985,2.3577480712208
1.32918753609336,1.62267724684141,1.14991734960107
1.40797110225913,1.68849213252383,1.1642209538199
1.26775200163201,1.52875033291022,1.06599268664209
1.28895815041275,1.56125875707009,1.1605220272589
1.26337077567257,1.48246153592228,0.971011683233435
1.35837439207906,1.64085746901715,1.04145614798974
1.37665342258395,1.55742632390013,1.10742447620602
1.37677790152385,1.5057027676963,1.13747395011906
1.45106925176935,1.62885412129326,1.1635056748451
1.61911103021947,1.89227161075159,1.3917531290498
2.0416047707373,2.43302550424016,1.86554963614114
2.00263995533727,2.39126228464282,1.80086690219266
1.63698818226088,1.61048745261952,1.16654814840719
2.10319702167438,2.0065415179217,1.58244546532166
2.12116086242097,1.95125450228464,1.70311765791611
1.16888511107874,1.31706943702108,0.832718899574391
1.22000560643892,1.31604234620446,0.862460670686487
1.11218051500659,1.26833066822046,0.83596214115117
1.14575183923246,1.33862651247725,0.941091748181398
1.06496451159973,1.19972971682971,0.819744717272148
1.07655250868404,1.17092972622519,0.806474347639743
1.04765998757881,1.16954110955374,0.834918513145307
1.09620597721031,1.26650597223043,0.945771060977275
1.07226850560808,1.20033270535549,0.893489540875682
1.02519830885999,1.11509772943774,0.77630157976447
1.09578952332978,1.32849319460149,0.971295707085395
1.1177509130379,1.35127663243448,1.04479969469948
1.16976933677979,1.50583242014481,1.1104822277839
1.22549227777783,1.54456584103246,1.1191783973617
1.25996241688983,1.73024753801822,1.35844760148081
1.3358996418749,1.82800481764117,1.47303118981337
1.41558603958955,1.98671518017288,1.53065224459531
1.66794316858341,2.14231806996106,1.73468153538297
1.96074571631943,2.48423119730027,2.02835337725295
2.42253120179872,2.8699657572422,2.444591556654
2.42995544296579,2.85351525979935,2.47015093225501
2.42932207906805,2.88139390136923,2.47543133094988
1.95738792071217,2.28790445076416,1.97358013708348
2.45860837795299,2.68110899985017,2.42987660212221
2.56038866471761,2.67011220295807,2.49608897447415
2.29656799100724,2.66067502459881,2.3480752479293
2.69429908568283,2.99994546470618,2.72986762145138
2.64052939237249,3.03921151349109,2.73222290215516
2.70825308027103,3.00740487790051,2.72393827665342
1.27890416564114,1.74034368928894,1.46774533865263
1.41920057322699,1.93474699896596,1.71679485260401
1.2810628874939,1.64441241859081,1.40924958979137
1.27423091752159,1.5753389733605,1.29384173064408
1.46261691137451,1.79275612887275,1.65371694798093
1.59458984509158,1.98394372828286,1.86498350910032
1.69746097514359,1.9761367014172,1.87310654154014
2.06339104046212,2.25172920354847,2.20711307143418
1.9556938308966,2.20546294102506,1.93335572796165
2.20189004823549,2.51968721339545,2.45506116820454
2.44797869588747,2.79716885555144,2.62061793228694
1.4517264695394,1.68722473513491,1.58046473649195
1.70495667789822,1.92855048133672,1.81735239608116
1.30251290784188,1.44491624550576,1.3389367041457
1.25155342655581,1.39909005481915,1.26341644255638
1.37606943277922,1.3851770597304,1.28303549695942
1.51418417266325,1.48672680699333,1.41413562493862
1.46285805846805,1.33851477159264,1.2033803518854
1.79448252440991,1.70849316485148,1.56771721122891
1.84135889018235,1.67254181091598,1.61195620482949
1.85356652191164,1.71584819733203,1.57787124883787
1.3828163795844,1.40326292370475,1.23198238461846
1.60720133173974,1.69526775674947,1.31091244451362
1.39380790504738,1.32623227074783,1.20886342449888
1.54192825413933,1.39116888277904,1.26167934170378
1.41758460093355,1.38380423677559,1.19974511240228
1.49246117293641,1.49304745758443,1.22321623137224
1.6187414575456,1.60048240517873,1.39890002037441
1.70922813411122,1.84347372155397,1.91351466134135
1.9877528858698,1.61827811527793,1.51813723646723
2.18892039023522,1.8875317565419,1.75474888281119
2.76260544692053,2.08923248431674,2.20549544702087
2.55740074547339,2.37008182649086,2.26161609659007
2.49688767266074,2.60413193547105,2.42112848882579
3.14927628822044,2.6882904570806,2.76412331706681
1.30374435447545,1.2114818107248,1.06318727941274
1.49909953004666,1.17682008202428,1.06659264684166
1.17377112161075,1.1913698676254,1.01040795597818
1.24390426635896,1.30296301894154,1.09056026784851
1.15190815205698,1.10818605501875,0.920864202465202
1.13273256108297,1.06335719918268,0.903983032339863
1.29582754986522,1.18899006844794,0.909297339278913
1.39322302669933,1.3214546170305,1.02218851649121
1.391988027341,1.24208520364908,0.94254640542532
1.36324722178074,1.20010673313105,0.875365222290376
1.84300436031768,1.61450548964241,1.10313366363148
2.51597384587374,2.19433998616103,1.46778925990265
1.96908116497528,1.73206980982249,1.19534829241734
2.65906652304693,2.34253597456928,1.61262756473692
1.72718859761054,1.48901411404091,1.03959383319182
1.93258106984423,1.66883020073598,1.1766183386143
1.88749547247723,1.61392165901993,1.13611133155506
2.55158113738027,2.19392170103807,1.52623167747329
2.05153305622704,1.72922585366235,1.18238799568776
2.78344016877865,2.33920371149696,1.57015204676101
1.16916050772878,1.13342101898568,0.957759174957899
1.20788253669909,1.12492486776628,0.948542854090303
1.2897023159316,1.26343317777252,1.05049393549805
1.4033415216047,1.3538817521521,1.10393408615692
1.3945759186792,1.36621068943375,1.12294581306055
1.48125032112593,1.40468231337021,1.13746085864295
1.67997034406101,1.591037422002,1.30841479062488
1.78381355222518,2.06548118565592,1.75595588398789
1.80957055604773,1.90718912732555,1.85026758826708
1.89248855883918,1.77753251326552,1.6375253847885
2.30161695764741,2.33169771851851,2.22530116157875
2.28365245022471,2.27704345777341,2.31119415841118
1.28495862945134,1.32277223812945,1.11124744832713
1.41333555399318,1.41790625861048,1.15547630536693
1.22267677412163,1.28190165937502,1.12532828086776
1.2982163243607,1.32059033162277,1.17378962370838
1.2430951998563,1.28944423698457,1.1502132119141
1.3372285431741,1.38227413290505,1.21953346549166
1.41691134690909,1.40397183282162,1.26373296516262
1.65764471363504,1.64555551852401,1.53276114830549
1.75379024338114,1.53829509541457,1.62200153700934
1.32838789592297,1.62997656036272,1.57352920791532
1.81404171240897,2.22277011238204,2.29091213166291
2.45383432766839,2.73920993313039,2.75003795998859
2.06995142747851,2.68373283525876,2.98371776067796
2.7782072202759,3.37942427580284,3.7538987959047
1.9503727972041,2.68435060932694,3.10018974756881
2.32977198482601,3.17568485691072,3.77103869073827
1.8486080827387,2.17162640036978,2.20177804585835
2.4977398789372,2.66365343098337,2.6386859647227
2.11204663021019,2.6442732912072,2.8811483330525
2.8388227894738,3.32951824695542,3.59721192627512
1.16273416337982,1.17010487105463,1.06473327226875
1.38346570988497,1.24354419732146,1.11452836575854
1.0037874345786,1.07436210352128,0.989305318604221
1.05900572962858,1.10022503035427,0.997866782145706
0.953037268433262,1.03683216997168,0.943177273607061
1.06291955002833,1.1074965965004,0.994614757122291
0.939436955217685,1.06525307497171,0.910493499818166
1.04521968087561,1.45467645811018,0.921225915966728
1.1668737744609,1.3439846965535,0.932132551808931
1.63178132329466,1.81284988565123,1.39575044374261
1.58678512778217,1.82496480635801,1.41333615152627
1.65331531777972,1.83591192534759,1.41707630885758
0.897827509638548,1.25801965932192,0.965720722280898
1.03943644288154,1.5156548117845,1.06051333511472
1.02072524743705,1.73552706115698,1.04604651584506
0.979582397198747,1.53549780043588,1.02710742405195
1.44617237936576,1.9733051184993,1.46225719760947
1.44319689719006,1.951539449251,1.48911277216177
1.48921579899064,1.96663115319432,1.51193812574282
0.909670577075658,1.03205999428541,0.937458380780081
0.975323432389733,1.10674716048077,0.989530368211911
0.907679130742774,1.03438858775524,0.934553247390064
0.949500926303523,1.03827576122054,0.94770360954789
0.943285587268086,1.10962155663183,0.971043116960703
0.960811249904916,1.1414559899263,0.985005624753751
0.964850079526609,1.11772489581451,0.955007748357965
1.01451874031186,1.14820366691988,0.997593804645679
1.05405268561963,1.21732531106578,1.02823295364841
0.915335781901049,1.05452922211617,0.869942777976171
0.920742747159815,1.0945732758122,0.890730243423966
0.989802501702754,1.19478752180033,0.987981961089214
0.935543717997612,1.09459364998556,0.877852386678202
1.00034255808887,1.18779138504216,0.968355160531
0.966825189710819,1.07605066058283,0.845977521688324
1.04586474728957,1.14665187014937,0.895958065655117
0.964394537414357,1.06088441691431,0.862510181258785
1.04962262773723,1.13072256847578,0.942111325159169
0.998916823127291,1.0808329303383,0.854360328174999
1.11762826881568,1.17685503381042,0.933425355358446
1.0376451479945,1.24199039415299,1.07512291179728
1.24708650071706,1.45092589060984,1.20585378690522
1.13364669026935,1.23071211145177,1.09508913214909
1.2960292871789,1.20245571526634,1.08637849162792
1.24179307412907,1.37121144297977,1.201906618915
1.30520372718383,1.51441345755807,1.32441993899731
1.53591235725764,1.41463741826407,1.22937614863128
1.7482339481935,1.53901801222651,1.31001774321766
1.98855603851105,1.45205384593237,1.21373057511204
1.92675948723253,1.63823631620455,1.36887674284351
2.51569564717607,1.84647585927498,1.52833648856734
2.28289281641294,1.93353012350861,1.55969492599522
2.40337508714543,2.05781433674765,1.68522526324254
2.75104925697685,2.19895963224413,1.7151805363206
1.27406420796444,1.47539633323154,1.26167602063419
1.40495381891786,1.48731420023448,1.25794862396547
1.37134567816957,1.71268382313013,1.44127030107287
1.44155126021617,1.8286654335106,1.54166900887657
1.54797816551652,1.9359584384566,1.60126519743836
1.63597039688796,1.95339216820291,1.59726509092989
1.80961955582413,2.35386463442933,1.95787994767032
2.10153666713858,3.02600730029753,2.56737601945438
2.08782238158446,2.7184168977023,2.20069820794017
2.04740682533443,2.18628085405594,2.11609885550727
2.50543710708165,2.51159106248371,2.65327926535774
2.51501323388259,2.55078929500651,2.46943555561483
1.5902427469795,1.95567092685873,1.6120652702104
1.90267938222293,2.14114318597186,1.76072662075594
1.54482955136542,1.85656794188248,1.55046774562665
1.65363727802263,1.77509099609392,1.51051877539466
1.62915501253839,1.9613892217552,1.6350033693896
1.77127006079206,2.14427098653487,1.7914653083184
1.71169687142674,1.99563340912231,1.69470527807713
1.94687855867513,2.19976810176112,1.82096190400553
1.82803862426931,2.11935021201302,1.8538906935972
2.12713026347692,2.39883855949097,2.12539889730687
2.61111335184486,2.83401640966056,2.62685399814612
2.57907457821611,2.92159684225487,2.55302732508401
3.08450086612676,3.1353340552646,2.80974489446438
2.770065179951,3.37647342563369,2.99687706318435
1.60938610385495,1.92373318586837,1.58560111834879
1.50001825538916,1.76579295574261,1.49765472683254
1.79482915213889,2.12287319992114,1.7077116235246
1.93194845694721,2.2983252517447,1.82970604438274
1.87940296495805,2.15903457766673,1.73200582882323
1.86050758338562,2.12522831283865,1.72083946757652
2.17714611220571,2.4462223343336,1.94770626264059
2.40932890739459,2.67432779549742,2.29829920942732
2.53128670777743,2.79870021180986,2.2933764922627
2.91097630019617,3.15003588738878,2.69488378355528
2.8825006381662,3.15834084884186,2.68680535654921
2.8671695455107,3.12949097403686,2.68280137022032
2.59354235842531,2.93525469336353,2.39010473304432
2.93729274538711,3.32580661416339,2.80658941717499
2.96450326177832,3.30461927912789,2.80595131549028
2.88808792618618,3.30746287622944,2.81959435669944
3.19731783216342,3.61221382963264,3.17023549207727
3.17381198346131,3.61705873985824,3.15638958640098
3.19497007237821,3.62196087735369,3.19283318713184
1.79441524484803,2.04548707838998,1.66056555257893
1.76390420109269,1.97741936686653,1.63569564008847
1.81240056389043,2.08869841994643,1.69293924885113
1.88211125590521,2.19279459688141,1.76481370178236
1.8026445062498,2.0567631022874,1.70356897186058
1.90231885091177,2.1216991935004,1.75958444735751
1.98164777783635,2.27334358158578,1.87496296884649
2.00775066446056,2.45345471821193,1.9551576835764
2.0847008566169,2.46047959354982,2.00390153528465
2.27913012186315,2.56331227462115,2.29643472486205
2.48491830604067,2.8291392943897,2.6000212064929
2.40528737997746,2.78423428913674,2.5567646858888
2.53659866598901,2.82897405487313,2.51009525828441
2.91305970294055,3.18831072633818,2.90136439373044
2.89121848469894,3.17070247301808,2.80944133582392
1.59235662569021,1.83391060815156,1.56965885314941
1.59179147919656,1.80593247107122,1.57966415210805
1.46042753304329,1.72111411132522,1.49316454835329
1.50515015658202,1.80391020735948,1.53993769125377
1.32756858262519,1.54601146036372,1.40152927478926
1.39442727310341,1.6059047999232,1.46090535397165
1.32010015192866,1.54926419082543,1.43269545787804
1.35286290461528,2.10202985976373,1.64785655277307
1.34668629944676,1.61398538862432,1.56857581890359
1.42622558852288,1.52593175910042,1.61307102167433
1.94774839906189,1.96835827672599,2.05415670445413
2.61062143857906,2.19668918774853,2.22664021096547
2.11365938735262,2.69991594555831,2.61422875887432
2.80729318033903,3.39971456401866,3.14284113482032
1.87913116202717,2.85353465142212,2.71254060120094
2.19549847710037,3.7424130623858,3.40068589503341
2.44552009641103,3.96561602161748,3.68765674554916
1.91755912641357,2.02376528496476,1.90715106621701
2.55185523377402,2.42969941312169,2.0617138196522
2.11963911826071,2.5440952429299,2.40075078288711
2.83192000103673,3.06365984267954,2.7712269817626
1.25566467569155,1.42472661110991,1.31810417220097
1.25800875632509,1.39326596854857,1.33567765934913
1.3097786320953,1.47656074385694,1.33010227451414
1.36621601374975,1.56789330166293,1.37991181202063
1.3928277434137,1.51109513336079,1.36865858788192
1.373614546558,1.47191240693655,1.36006570153344
1.57318566537051,1.70841529198114,1.51228412963324
1.73219236485143,1.93689933553658,1.70236285619531
1.79602049861771,1.86354060097678,1.77211741032591
1.66035937042225,1.88055351860383,1.56159303971251
1.94958134888267,2.23276278808121,1.93283914905724
1.97324570211098,2.13144846043735,1.83091018239942
1.96032103347042,2.33253920309991,1.9939103152327
2.49174403028185,2.84923875362362,2.46380224884484
2.39501619181811,2.74591188067663,2.44127942498498
2.3213564628458,2.69646452711744,2.40638976871752
2.74143495353414,3.05710082812368,2.76101270445315
2.76064592879196,3.06972897259167,2.83678724131766
2.72916250904525,3.11361403637661,2.81904724425818
3.07870028396701,3.41910978368688,3.12729922811326
3.01246962184825,3.40872064391254,3.10965242051586
3.05996525711855,3.40830074983067,3.12223893048758
1.4691367512559,1.55856118229149,1.4249715126514
1.53011954226878,1.59379703784295,1.48387861265629
1.55141904655945,1.64202758770503,1.48185907197099
1.58210270633166,1.6905054165063,1.49905318680288
1.68850063503389,1.73590464992967,1.59216938354159
1.79243764345623,1.83682702235798,1.68654442946824
1.88504722332689,1.92712430672024,1.72272391112411
1.92859299945377,2.02009021953034,1.75550269626717
2.01474475880579,2.21068200426216,1.8722873570415
1.99319876942669,2.23631409315849,1.88016980498314
2.21791898231608,2.13735884827901,1.94912916713372
2.49189412714259,2.5093096611919,2.3277494401225
2.60800293642782,2.44800547948753,2.27582305668027
2.54816383274072,2.4272888410833,2.23794637976626
1.60416148230829,1.63505971370254,1.56917288521121
1.68768956570037,1.71610971646988,1.68227220039225
1.51232459849558,1.54763262150259,1.49683299130115
1.50063637682566,1.55857317865075,1.46734688673938
1.54210709505369,1.54751727636469,1.5533897158034
1.67817290177538,1.67592002389452,1.71446885907684
1.70582668159967,1.68421199624202,1.70285816528332
1.66169467128241,1.84599084741946,1.69078501040316
1.84140047316756,1.84801757593981,1.945555399502
1.97509956836247,2.23236200508493,2.02748484200093
2.37644974314709,2.90731478828704,2.49416432463411
2.82559481355869,3.19637542941207,2.88085049408315
2.69933703163908,3.69161069414438,2.98122235084589
3.28125533091009,4.4020534513838,3.58645694863702
2.69788173747778,3.91017430985035,3.09557303617275
3.12076078485955,4.84977462950345,3.73115089034006
3.32962345288016,5.14774289161317,3.9800563203351
2.52016946660508,2.82930122167939,2.59494171426567
3.02901344523876,3.07915192565011,3.01166410604756
2.84245701833298,3.62065362319356,3.08898669485072
3.49581810437067,4.28976260691465,3.75771156699337
1.38130384052543,1.38692570529753,1.39387840946481
1.45722722976387,1.44398402126171,1.46000403567936
1.24196624665729,1.26322056475947,1.25414161823956
1.24618089398266,1.2981426570654,1.27585545076916
1.17020336223363,1.14861030179761,1.14392412003701
1.21106005086437,1.17933466377217,1.18965026607619
1.22917915132538,1.15415838246433,1.15243373107356
1.24165362276282,1.20343917033089,1.1665212172824
1.27113506863878,1.14841241682391,1.14307625553987
1.36739419977799,1.31686810856285,1.30829366289122
1.49635954042983,1.43266904599276,1.62732072599441
1.51552423685036,1.4505018773065,2.05718258913891
1.71062350400617,1.70402067205299,1.81395967838111
1.87985333018073,1.88086981575942,2.29790720638844
1.79712308434294,1.87942443040929,1.75763660926634
2.07063243185494,2.23668638007263,2.03592966037428
2.28216006290462,2.49231817280626,2.28110607857306
1.49861251305184,1.55806851284354,1.75157786198168
1.52573551476853,1.64198028785694,2.21543654282144
1.7088615091214,1.83641706520963,1.95385623232837
1.87171877162138,2.10519421215098,2.5127190731441
1.12670196163522,1.13078564108896,1.07328449992777
1.23102678039016,1.19477844508499,1.09454182976965
1.12248060470249,1.17627115864029,1.10368683115371
1.18570467818013,1.27566246393778,1.22465312239402
1.20747465969421,1.28754975611738,1.26593154652851
1.29299882533773,1.39028049118885,1.35548432316067
1.19243980161929,1.26861934601826,1.13457302588838
1.30791369816316,1.37971884453822,1.20861694614698
1.32289175531149,1.43940196232736,1.29727062868234
1.44924629997936,1.58786712673258,1.44876028166671
1.48156414000601,1.61833518444254,1.45691823310144
1.29140277518146,1.42469222743865,1.33832663127925
1.36048926862992,1.53448671787176,1.48862763468516
1.47213639845453,1.64406938917983,1.57430233429453
1.13406394165145,1.16485552641139,1.03677701556336
1.27987456887881,1.29775246410376,1.13516759480566
1.03234075116794,1.02238514689236,0.938318084842849
1.01682296720379,1.01732953757053,0.959285094980802
1.05617633570616,0.987446138366564,0.905343765554325
1.14279924604599,1.08392584411937,0.967885111784877
1.02890199443386,0.971982378608718,0.88892078225045
1.04359826308905,0.970500883507882,0.917703949249682
1.10725233776963,1.03084537481753,0.931644184621191
1.00665735704025,1.01634400851669,0.9015353207303
1.08017561681562,1.15181523571642,0.944811455673753
1.17237041896892,1.24249388756762,0.990891216490161
1.13787480424796,1.24898787032987,1.00931006016076
1.2733068708183,1.40735998389184,1.1028485727394
1.12324562709037,1.20691423286571,1.02933103240685
1.26287820418482,1.35372085992872,1.14876068933373
1.63326387416192,1.64406636218812,1.49769253318981
1.02422567854798,1.01677554410425,0.945567713516712
1.0792228766915,1.0238764391693,0.990987820889702
1.08090042264825,1.10779549746934,1.00883756710745
1.17514142951013,1.16949469453789,1.10256297351657
1.09861050654929,0.951641161405539,0.903431274171875
1.14805080231144,0.981535671626314,0.940174752448252
1.16707545382754,0.966610429016438,0.93849757917347
1.2161847267413,1.02886861008155,0.983810240619382
1.24045017417147,0.979416449160548,0.97578776922032
1.35305196707046,1.05934833015591,1.05129720765573
1.31037241278792,1.04336502604323,1.01998313477327
1.17642164109857,0.932288775562895,0.943413427770644
1.1740798444702,0.961928235803763,0.965571598374842
1.19508901432055,0.93688295440392,0.95156116775342
1.24421453494746,0.969206561276586,0.986016780136017
1.21540152364244,0.974639463267713,0.959055731390248
1.31974670999057,1.085418494774,1.02790647080395
1.48702022204345,1.18443634561815,1.14531504220013
1.79869895427009,1.69561157466424,1.61897172190886
2.17172573222596,1.75191954986277,1.67392023209391
1.39180478956648,1.09565393709017,0.935248214062961
1.59498161210309,1.72013529866086,1.5535676841849
2.11044012621379,1.6258820454091,1.49948465275747
1.0788988976683,0.909255614233868,0.884282772383837
1.18625499882103,1.02845991725441,0.964366470509143
0.979528690849178,0.858014102669806,0.84888572563283
1.01764780865219,0.884119993887719,0.899815368995945
0.940863820382017,0.876457178284785,0.837971557356163
0.99358365465773,0.935576232524354,0.863656297249959
0.957189513798035,0.94069467924821,0.882502290947097
1.00887829983372,0.994730578522111,0.988725379383485
1.01555508217167,1.04265712820807,0.950130432358251
0.946416537581751,0.954128856126757,0.831938925691599
1.08183161168809,1.11128028504982,0.964364457323514
1.25461042295553,1.29224607491709,1.16833998454358
1.11823734591044,1.18279786476415,0.954009637911566
1.3068660080988,1.37437504479523,1.11275170545817
1.04668863281469,1.17374937586085,0.899620139090547
1.17567493952429,1.37720312914775,1.04361064307661
1.44885056131846,1.45405824192418,1.14416628315107
0.974546367744942,1.02742618630348,0.823973702050935
1.09113022455056,1.13741697688505,0.910446861285317
1.02562408964728,1.15907612986947,0.898089743480109
1.17356285827595,1.37193697689457,1.06928599306404
0.919238254132629,0.856130379428073,0.831029290147609
0.951235499770615,0.898757389489075,0.855129149816482
0.930379652348662,0.850119923187686,0.845176444488904
0.983281070448569,0.881132400507754,0.889978485722045
0.93373353808364,0.867626081815091,0.857860964199089
0.931974472894132,0.874316217679359,0.850725685023704
0.997864576885484,0.931841892118173,0.919549767670539
1.0680365623483,0.990601048683056,0.983144608865827
1.05397607110635,1.01170868969497,0.986544972994515
1.03060787925562,0.942469016726007,0.923774679519494
1.072728237372,0.941279523520247,0.942928089948651
0.977313712732666,0.913551804884886,0.903331781333644
1.01005959441073,0.945615502881803,0.941003494906072
1.05229119378597,0.979758742259922,0.966172850357333
1.08976026479652,1.01536494118376,0.995951549589842
1.15996548111852,1.06763562128505,1.06022445271209
1.19724708235506,1.11611154135216,1.11379385530573
1.34946375456359,1.22701292538567,1.23394340789284
1.74797799064887,1.55337766819778,1.64533515506064
1.67065451575989,1.63437821658668,1.50040243417347
1.96574871430863,1.75182313613906,1.88863009250879
2.34190823191992,2.1087872252912,2.30970661313758
1.15321822582266,1.04372348536184,1.02636440771638
1.23944034564148,1.10704324469247,1.09907621674657
1.10931872095218,1.00647478307865,0.974679955286046
1.11106513835852,1.01163723804441,0.991622323325272
1.11897690092714,1.0243377229599,0.969138846447931
1.21948844904797,1.11171570462568,1.03893458855663
1.1458998079531,1.04973797114519,0.996520713169311
1.32161133888693,1.18453367002564,1.12658510125231
1.33421674122247,1.30976074351708,1.33465704456512
1.74239655340838,1.79079458515984,1.80120347141174
1.79707673550057,1.78528375888818,1.80734746673931
1.79092449932485,1.73282866473082,1.78640800723307
1.44629863614895,1.39583898802427,1.21588059880317
1.68883768831316,1.77428543707983,1.4843029989822
1.81716326266764,1.89679071034407,1.5703427330894
1.92900028668999,1.92764193654795,1.50702705499584
2.36726284828295,2.40203017718486,1.94260788837158
2.34053066919506,2.40047592116577,1.9435605577258
2.37248667609541,2.37734968882286,1.91956296141502
1.06526510866996,0.987284099506593,0.922209163025304
1.16299607136325,1.07116691103304,1.01017287982467
0.981718223763352,0.920885747001351,0.844243265247939
0.966523439515263,0.916093140816466,0.842158680941625
0.983031282548829,0.927058665052889,0.834852897773686
1.03627240893275,0.994119847973724,0.867394308124059
0.912105073602538,0.929125619649205,0.80949159905247
0.961758655242358,0.986961156745542,0.858449177914479
0.985252124311376,1.02505884418577,0.879382073223047
0.866458618654216,0.971039044303561,0.791006867637878
1.12040182443381,0.978362473135902,0.905997211807594
1.55934038433201,1.23206141988167,1.00687799340936
1.07028291326108,1.00938208304373,0.992953242781763
1.23474247071495,1.168340724493,1.09073897749304
1.1530501657322,1.08108478141358,1.08543871690839
1.17228224574161,1.11088252164225,1.16332273902032
1.30819537860438,1.19428914670981,1.25026427538713
1.5636528975939,1.35766152210878,1.38948421835842
1.79121076792924,1.38298277583553,1.33630355800596
1.89500080354391,1.36734953588531,1.45290866398519
2.18081480984266,1.52745972916356,1.780429859311
1.21021465430362,1.14233887987319,1.06767956895195
1.3014491810863,1.2162258572426,1.09390901823412
1.2803092051875,1.21342590278979,1.16195099102666
1.32897905876758,1.26667365689782,1.28478164899547
1.39113953456596,1.31298067776313,1.21185373774918
1.44738845915791,1.36419057372731,1.2544438107126
1.46668454239946,1.38794477410078,1.25986814897664
1.64798792187062,1.49835841437513,1.5513732615797
1.59828560494382,1.49860200377515,1.30806900329652
1.69163909126171,1.45343889824825,1.48308339847454
1.623583882318,1.5235645104249,1.62310047209126
2.04238268362569,1.74910876335425,1.87741045792994
2.04621836768624,1.73011654009671,1.88192926527573
2.47191670040649,1.81771701376573,1.76342957802416
2.44422142510049,2.08297267470786,2.4753283204848
2.38552711568642,2.41051435909709,2.57103473254568
3.40467591646553,2.56683348723448,2.94600524229572
3.82016019337867,2.70871801910945,3.01216766652118
3.80416090812564,2.84723575153136,3.32952569972336
4.03904525636236,3.1048671496057,3.33163221914491
4.25635856171813,3.32314822585699,3.55485262433784
4.31301209733059,3.15521179171894,3.37435118481149
4.82934736861874,3.94289956760053,3.95433284514302
5.38319943036436,4.48571107137135,4.41619056938185
5.29126018495422,4.46472284924371,4.35383489289723
2.82926847860937,2.27430517851634,2.81616524174679
3.39358337373046,2.86192366805038,2.84413956563561
3.04299357240168,2.42546880376203,3.29665663991373
2.92148331541876,2.57828761065699,3.38748790004264
3.87012160865253,2.95234037686526,3.85516315431784
4.22181533435654,3.31195277924026,3.81782639959535
4.21036718071119,3.64357959845069,4.23253746624053
4.05905934542655,3.818102164249,4.54394966994202
4.90027532074291,4.03671312555316,4.62521235886518
4.47773451841413,4.35313616888463,4.16616842201325
4.20138962735395,4.48387352011189,4.16927738419079
5.07906095606485,4.9599318272516,4.50462792366799
4.94892480719717,4.78912831085763,4.29650732517926
5.30608857305206,5.12512827373552,4.53426764983068
5.37174106889904,5.28076073941721,4.66494007337059
5.40276499708889,5.39815800503436,4.85209374530714
5.86132875686862,5.75329862640408,5.02448508198403
4.54505642683222,3.14421729635138,4.41374726346097
4.91656457978892,3.26015952092986,4.69513553035234
5.14632948548335,3.7768479744488,4.85987987238625
5.19486443093301,4.08827913779841,4.89548222438897
6.08805968073179,4.44954934192524,5.54646043837925
6.26565064841929,4.51492498559847,5.53840740664544
6.89519388066101,5.30675272899702,6.11883446974311
7.06539998552346,5.51559217501361,6.33777430514954
7.62098110681249,6.04398091961102,6.64950281057098
7.92839700540159,6.32065058395193,6.91034338242436
7.9282109755402,6.37341377791322,6.89647469337828
7.88548264413724,6.39932593129352,6.92744137193164
7.28022124588337,5.77726528486221,6.41660185659163
7.47621603414623,6.02356278468891,6.62021222409898
7.5103025218213,6.11223390515884,6.60959409308156
7.51578601453755,6.0095715785128,6.65583199804126
6.49393323143662,4.79892678532951,6.05463432791173
6.51373423384885,5.00428441826265,6.23532817992462
7.13734986927994,5.29699716861133,6.52038861114402
7.36542535178278,5.44122437205679,6.54669667688672
7.81000014512196,6.0064652623846,7.20883315496276
7.62852512092682,5.97212681024048,7.23168695408461
8.19754378079822,6.40931429522869,7.48459488932104
8.59264659515931,6.71125653219751,7.6249323760345
8.84981096830197,7.10976284715728,8.10871042723551
7.59460616526224,5.92408657065747,7.07444290592949
7.1858161912919,5.50384595128577,6.75443409518362
7.83871311029585,6.12757455353276,7.28103409871094
7.66026319488374,6.24375679499956,7.21707302240865
7.96958133118774,6.79598181762575,7.50571436277302
7.62950685066734,6.22887767737985,7.2201859469983
7.8579705584946,6.41064476124007,7.43939197918873
8.02494493478093,6.5576297219422,7.52435838078345
8.05602774325214,6.67902161262131,7.67729587430074
8.04700865006243,6.57979112140256,7.70211604590495
8.20040362779286,6.73081348413745,7.87240913999124
8.21057449605446,6.73767861224295,7.85480053181404
8.15678200920055,6.75249634395979,7.8615275987311
8.80603537079992,6.8853523363021,7.97397520145805
9.3346919054535,7.37108255654278,8.38614427913718
9.25596664567325,7.32371930193638,8.37632082002018
