R1,R2,R3
4.22287016707612,4.44018768454555,7.07427616900998
4.48215628976642,4.67908766835828,7.32842709092053
4.46690355350248,4.6544869442572,7.31492807011874
4.48477816709073,4.64898695916929,7.3301546283157
3.80182944271411,4.11429166370476,6.44181235692004
3.88340546253811,4.24556417799258,6.71180894078675
4.0543783388156,4.34020968780961,6.52955279809073
3.45843835002528,3.7484697734377,5.65764985785534
3.71155039487008,3.83113669649314,5.66083724881958
3.19748245064663,3.64724279610854,5.20401921233717
3.33321674842179,3.84055102753906,5.4578138256695
3.07504870380963,3.59499740178565,4.61087504844677
3.27316438889979,3.72368815772892,4.75844053266762
3.35418763863092,3.88255248030065,4.77672478624245
3.62890023055259,3.92078313868697,5.02562003768803
3.68754725905564,4.2381926545885,4.85977109751861
4.00420588143552,4.53985125460486,5.05232882651585
3.96678932201534,4.53509746201371,5.08654849448875
4.01603465466882,4.48265134116922,5.01010181905345
3.87834979009817,4.51847110768776,5.20804869854114
4.19818298357687,4.82603740960554,5.44378072111024
4.2402635718051,4.85596615050446,5.47675602130421
4.20126667996136,4.87140820765929,5.48620370901659
2.81032672073547,3.50232946301925,4.0275806682128
2.84833052210556,3.52797089339593,4.08998970941625
2.77831457118397,3.68320318069514,3.72357250440702
3.00601733876674,3.9518510150188,3.9970983486878
2.64758583990612,3.79549390434216,3.28263059019943
2.70545284568123,3.92144176120054,3.43863923546787
2.85341057951449,4.87364312709304,3.5411192704897
3.10118991647511,5.29968900677666,3.99389179767829
3.05988192359847,5.17244776631761,3.71926318825525
3.24614162404008,5.42881813739671,3.63870620810785
3.40334836461387,5.55500283910161,3.89122880584453
2.52009544957494,3.14625265656822,2.85817849562604
2.61436644896803,3.5033820394927,3.0424596182741
2.4966563790153,2.7330462785591,2.70789140331059
2.60375672288779,2.96481441475135,2.9114146277853
2.49867313887707,2.66558976647907,2.71897280299581
2.65451216841207,2.95134238154845,2.99862324916617
2.85927825872364,3.28374461688507,3.37783082902678
3.14903532089244,3.69959207627765,3.73786106819205
3.07279906491571,3.76900011187541,3.6080585961887
3.2701337545454,3.63185567035075,3.88969499590977
3.47628294145627,3.89726732586724,3.94476093311294
3.45084596768103,3.69126847499826,4.38811681800547
3.94036786089304,4.42755100447816,4.18057752528448
4.20884043196345,4.60710117583463,4.31925393166704
4.3193720973564,4.69449001623124,4.13790246486504
4.43980894367492,5.25966518963765,4.89135147589096
4.68072103948759,5.36762970035012,5.20915482239727
4.62226913742921,5.57421238426775,5.18580571606554
5.04698041979299,6.10902387962766,5.28259756503466
5.32388338721348,6.40311361305251,5.47538811501005
5.36642145131978,6.43021674675963,5.54099012163254
5.26919977144633,6.46074939788129,5.4965948947819
2.19618092459125,2.45801198119414,2.32132581657665
2.11016869016099,2.28456371024219,2.21005394251114
2.22779092171331,2.62535208964414,2.4479905357178
2.45955530181871,2.88208571182709,2.85262508959885
2.10852627749594,2.5952217002742,2.30168930171198
2.00569913049141,2.42935342809823,2.11460180711649
2.40947089868372,2.96369267422877,2.7782195853796
2.60946460189831,3.23407071757224,3.01218106490984
2.46332991022345,3.15593296187476,3.0444183899855
2.7412412030322,3.11964924917461,3.06803827945287
2.90394652892375,3.23113503941366,3.28771777194437
3.00183530643776,3.38181682567481,3.20110371108465
3.25547621069371,3.42092431209178,3.49328746806502
3.68984763634155,3.7739968595758,3.89130343532732
3.75973450578193,3.76148462917026,3.86273536423645
2.10826667419778,2.57740905409602,2.18315887398713
2.34256646194441,2.74773247695629,2.35941487436214
2.05693561863093,2.48602491376167,2.03748659465488
2.21231684016911,2.57160380935607,2.09836129253091
2.01852290724302,2.40591975673932,1.99272461059265
2.08750446102885,2.48377273026216,2.14464306529236
2.4152101036699,2.63406577410212,2.27899383952065
2.53370247712347,2.65795891394647,2.37858234741608
2.64659809054152,2.69036098391505,2.33305518182533
2.80174285470725,3.14890496530709,2.74113205698056
2.97840784070782,3.38398476577967,2.96923880071771
2.87140250852287,3.3503418207779,2.9041311092637
3.29361580376532,3.48608590033237,3.1637642623313
3.71492717725687,3.83822952220224,3.56636368767925
3.66572741621422,3.79549228898911,3.54165992898431
1.78441927730444,2.13191230803916,1.66246536734527
1.82504717267084,2.18753252543549,1.76695428464319
1.71866839733511,1.93515548326694,1.42408399986058
1.89979340867265,2.01534649223163,1.53717323908944
1.53486464023239,1.7144111512435,1.20353596662539
1.54555429190324,1.74304279781626,1.22816943075233
1.48742663572385,1.72832769701434,1.18318401858739
1.58304676516809,1.81728024221201,1.31603084104965
1.42159166556297,1.61636284301866,1.14867003996647
1.56791646083015,1.96474169373491,1.32024867826383
1.54410784749855,2.10532603811198,1.91178025439551
1.49998835572254,2.49067027552171,2.53958595875927
1.72575723298407,2.35860777112531,2.14676413081353
1.8030472222926,2.78468981447326,2.8781061432361
1.9310322044696,2.60382492296894,1.84885077760481
2.19834245250291,2.98834506032656,2.19363934926763
2.43349417545948,3.29563409601691,2.45244873323131
1.81396350341754,2.70290991556844,1.75599755404599
1.95509983924837,3.29410520945662,2.36266758186492
1.99086318357704,3.01526094086269,1.94815696482669
2.25218051476346,3.80101812195716,2.5839550395009
1.49249797211359,1.54455175894249,1.14975282072204
1.62721572550942,1.70052730048062,1.29784593574719
1.39055409880111,1.37215965941916,1.03754525136897
1.36129102494148,1.42925947301968,1.03779584937468
1.39684734013403,1.2863376118881,1.01014892377287
1.46283383407421,1.33297368577026,1.07879626050925
1.59775798826513,1.44832620756908,1.16004904225235
1.86541571281148,1.96280926574537,1.33663967988557
1.86978065835316,1.64039811028685,1.46574422759945
1.9613807512591,1.97357139927139,1.31861794509865
2.24196883493719,2.26338534483858,1.66609007963759
2.31335216501533,2.38566400883524,1.59166517432082
2.27782787741163,2.56512589840512,1.5579617343965
2.39388920900409,2.65697907790767,1.88459915346157
2.55866228915081,2.95673156869865,1.98224589479625
3.08680199904668,3.37587513506623,2.06388315163587
3.44475619104023,3.68627723440219,2.59929521338302
3.56687029636891,3.72714008980453,2.46236500546063
3.6749936436556,4.05513027187702,2.45732508859344
4.02779817220786,4.36586331991065,2.78503826399208
3.99642366054883,4.37680073835544,2.79880234748795
3.97606328055332,4.38156459843472,2.79783548133714
1.23326026037927,1.17321035458464,0.871386622188106
1.1558191298043,1.13941731525691,0.840307416621133
1.26185847036578,1.23898080802521,0.865326689402295
1.39429615719021,1.36180883126715,0.954623648897934
1.19574356314577,1.26826569930349,0.804907973112831
1.12601244408737,1.21679153954911,0.785358074194254
1.3107649159124,1.42211228507047,0.862380213540208
1.48466246150504,1.56353505297858,0.955102030167238
1.39407534379934,1.54953799683987,0.916435469780954
1.34250238494242,1.37729699004473,0.898389388506283
1.81095415388858,1.77249114891429,1.40284506916499
1.74151791185495,1.7564220691952,1.47080970827793
1.20668633206604,1.3480810600288,0.810316088115118
1.33148631335216,1.42703441275157,0.908457962907529
1.1602994135713,1.42194153163216,0.774555260145865
1.14155215698873,1.44275510341362,0.766260643463476
1.23362052437187,1.57184923008354,0.824896644689402
1.2767632748322,1.63541638751215,0.899540347845963
1.31979309846286,1.67599456606756,0.868255661876464
1.94581876802387,1.80875263281827,1.22963629789373
1.68794650389194,1.93024583438386,1.17362287376312
2.1898865864491,2.29929567718051,1.66989761511957
2.18790640194108,2.35263468404388,1.68544083992405
2.13705120187985,2.31459518286082,1.70401880653926
1.77590295452857,2.21197595104572,1.29652115373678
2.28725445858464,2.59686223189851,1.80472281413178
2.25286480748766,2.59838454129142,1.84687933062749
2.28131418944017,2.66331767326846,1.77208429193821
1.33632678341547,1.68832169620714,0.861422822478754
1.44272352247251,1.73232560624358,0.886688403470358
1.43027187812566,1.86352741252972,0.963522050106589
1.45715232719681,1.936393368104,1.04237186021201
1.61929798126987,2.05684814766614,1.0584497190699
1.70827391807434,2.12037990675011,1.0684901937498
1.89379004685113,2.29752793204319,1.30894064531308
1.99328944132521,2.49457038870712,1.56310219246161
2.16306516044859,2.52662855706976,1.60008457185191
2.27685058497672,2.60616156426493,1.77511970723794
2.55799641847206,2.91132103095168,2.1579834847932
2.50123584718947,2.92860054965739,2.22091577857906
2.83624819888502,2.94724462661345,2.16280617024995
3.34341989691128,3.38995412397108,2.65662811280544
3.31504893014187,3.33365513130877,2.65531019900029
1.79901636397315,2.2216875586263,1.03818677088851
2.17531681853187,2.32203703022074,1.2625855017463
1.94582097654819,2.48717199894644,0.998525523140747
2.08799285946079,2.60607207516871,1.12881392816178
2.29324394922869,2.80540516476182,0.993945617828503
2.66231011995785,2.92853790172,1.04044089608248
2.91302146553553,3.4540341770502,1.01691136584553
3.1837423912408,3.76958114626899,1.13739853646471
3.17303534753402,3.91619502776201,1.04964067384358
3.06218346463012,4.0792658383663,1.18557163999289
3.73533386082975,4.00531134390166,1.07168474901423
4.13287588975329,4.37520191768071,1.47753911923299
4.16290533296081,4.32519758411408,1.4876530109514
4.08862202260815,4.30715522491809,1.55255396897993
2.00516451405747,2.70508841358466,1.05032669402752
1.82662878614449,2.77138013634953,1.13956841692301
2.36418147017677,2.84887066868468,1.12696281744319
2.83778429215912,3.0676285812243,1.18694753474215
2.38094141436728,2.96702669486285,1.23385610022625
2.35352237169471,2.99394927656248,1.34626766762428
3.10933016003076,3.38814675463871,1.4400586382083
3.45633832626538,3.6969821492779,1.84184762677009
3.45701880308039,3.66774113492861,1.86574259580192
3.52406797497938,3.67598804778232,1.7837467041746
2.24884068522623,3.09374700794005,1.17653131827458
2.56093803689686,3.3207147256728,1.14213411383472
2.26054343447046,3.28923038457377,1.30793336141983
2.42842379195837,3.3712222165731,1.46048066168257
2.4998939052987,3.69155394591358,1.35771525741849
2.68448070710028,3.81518953803267,1.37499853597414
2.9354075282247,4.16494543723063,1.61651096130468
3.09364259138627,4.28588966773824,1.84380961698448
3.31097659003782,4.60169701887925,1.98952496708514
3.31095396962625,4.37072453069814,2.01927627841987
3.40590785877811,4.24298767740682,2.26906545673008
3.68536888450724,4.70030602784676,2.43788963101892
3.80391976295773,4.92605406913227,2.66337660187338
4.11317175502574,5.28992652288497,2.98270846550247
3.96014520905677,4.98679897881905,2.98668960279189
4.38187203980466,5.49842840591637,3.38590452460689
4.57372550478424,5.68820344748954,3.62888287414912
4.63220344599131,5.74841403698638,3.60968121547065
4.95480789412121,6.03200005683735,4.21198102436704
5.24031121577904,6.27559172987429,4.56231345101146
5.20290807498671,6.29426226719066,4.56949968394824
5.2259707390443,6.27854714624287,4.55738913242471
2.67233906178626,3.87105732261319,1.3303971984295
2.95138442158796,4.38751955500044,1.40948921399562
2.77415954422952,3.76922087081929,1.37152134557662
2.82850956022142,3.77246538691875,1.45765212806789
3.03627808416038,3.98288147759491,1.4432309720694
3.3467108587812,4.706403661518,1.44427831446496
3.50898921723575,4.35817901927707,1.55845820908774
3.63174698668739,4.2606121852966,1.97334016780644
3.82022323082001,4.59613588104231,1.92457550934674
3.96215792172623,5.24470279178096,1.51365581387955
3.98053722964762,5.52554540948466,1.8315634989709
4.17827483958196,5.39363639326913,1.8715272184184
4.76234715491798,6.13211135967553,1.64064154664073
4.99453072734896,6.30726261252078,2.19260167555483
5.06982560789145,6.36908900455945,2.20938370538525
5.46997470641591,6.97414635907707,1.62081375516324
5.66422962516481,7.14940166428561,2.14816306257452
5.61595637556902,7.1688621168267,2.17755926281978
6.30162367031511,7.79590928424544,1.54846642173378
6.58142099331863,8.06291000024719,1.9108949049441
6.64097275316688,8.07515664471645,1.77998673960993
6.61907288394667,8.12889750730958,1.85365399229633
2.8543346586162,3.50656398461641,1.60811593233036
2.95867692400077,3.14226562422181,2.07990999911047
3.03919623633193,4.01240554889127,1.67896797110902
3.39341259565659,4.63380683105122,1.91943424106746
3.12867765034532,4.06904034030161,1.88037631610281
3.39319411877524,4.1846587575188,1.99266772204037
3.82786815470151,5.19309636343397,2.46127789770248
4.03030737319318,5.51991218180333,2.71783031088893
3.96135373145402,5.43672155436747,2.72352188719376
4.68876686422363,6.0502835320549,3.08835378457362
4.95772502803813,6.08822290749497,3.3752723383822
4.88931688848159,6.17701442321225,3.27569902189771
5.51315761869291,7.16203255221759,3.85518884562732
5.97519657512751,7.72743750500437,4.38885488457432
6.04501986520815,7.72396126424491,4.35399573234839
2.81825595163278,3.39530991193585,1.97901593089115
2.88295771127087,3.23210836454046,2.47163409697257
3.0430991469233,3.52303551270394,2.15884121725818
3.44798264430871,4.11465925248591,2.37512960432194
3.19517905958947,3.32438785747131,2.61042522224434
3.33194500053335,3.20313695113217,3.10286469953307
4.08194410468453,4.21439310023342,3.5204352942751
4.4761984486775,4.57275710405756,3.67873727956012
4.46921983152349,4.54521514529214,4.02291680730652
4.59634945948849,4.91372160493039,4.22932773941659
4.60249088981469,5.0700045642849,4.18729371525448
5.15239758917131,5.2883436209551,4.68079266901851
5.00750667149601,5.56538534427293,5.03860176540792
5.21883747356701,5.69559917249441,5.32001508308183
4.97878837990231,5.63947089114049,5.10561052422533
5.7845536599854,6.49539572726088,5.95868426711197
6.0957434919466,6.83792393031019,6.19672513852999
6.04907530236983,6.72846908059693,6.3205846954607
6.32672457594413,7.1333390687462,6.59721639337731
6.5581243459639,7.39961851807306,6.86309869964853
6.59214250955091,7.38122163080938,6.85993432876289
6.57356030957502,7.39744565579587,6.865212283683
2.94070218176289,3.10610409440781,2.21607293678856
3.10768212816144,3.44649484980759,2.29496500587122
2.9067561997644,3.03745093546891,2.46603016826639
3.17488239300483,3.3010111939441,3.04655925885767
2.85418465852076,3.09722783342746,2.41874012511553
2.95144814991109,3.319897924214,2.58051454847667
3.27039060931761,3.71406739950869,3.38912085975478
3.58339598754127,3.99768573856604,3.77414995640388
3.48350284148359,4.00046789202528,3.53406602838093
3.69371148170692,4.34618867680586,4.26364433502946
3.90522423902705,4.51277352649608,4.37503191357128
3.88493873604202,4.43998580778337,4.45975092732844
4.31470130331404,5.29912056295361,5.32969479862358
4.78433203116684,5.83455560019968,5.90494906770692
4.74200400581484,5.84593355559029,5.9248994914504
2.74848081777292,2.97900929836623,1.97686698277974
2.92158164610222,3.27015787011029,2.33429087164951
2.80942288770121,3.07184671801488,1.94607358456031
2.97397474486813,3.32079780919145,2.34496311256424
2.9646647226359,3.29207003367191,2.09463677991793
3.13460046806421,3.59859942384975,2.3478781301647
3.38869328180036,4.08404341553005,2.93479256908751
3.51228146628649,4.18599002289732,3.21378187837252
3.64785596275477,4.49034161669667,3.34663313081356
3.82129986899841,4.77523390010368,3.61858706184469
3.88936663263494,4.74065945945853,3.74301684612992
4.29513418842503,5.43484024789118,4.26020628989741
4.12716199409633,5.1638258723623,4.01888516596015
4.51084632134121,5.57546585481693,4.40671804382147
4.44599469208151,5.47775160375354,4.50165250611128
4.52517977811219,5.44784260289595,4.59604717717949
4.86643159938908,5.96589389574487,5.03279000087378
2.87413612451174,2.87872780257946,1.82056290377135
3.05517207683534,3.00154505766835,2.05517269144323
2.80446846999339,2.71543592068378,1.62682141578926
2.89908176608277,2.98376194716392,1.83895621543955
2.76571986462575,2.46648626712571,1.43870671942308
2.94633126249332,2.51312203791737,1.53138548832344
2.67211214213614,2.58786434877044,1.53023332087961
2.77035030832263,2.85514729404798,1.98680779175279
2.95739889653166,2.75697250267912,1.91728817873331
2.69677385299951,2.88608267068884,1.68239806519961
2.91113527243612,3.11213426805385,2.14679808101258
2.94480947405625,3.35884211007706,2.20222551038602
3.27851706709248,3.69802436413047,2.60517190839676
3.18079058727232,3.65828873318816,2.63209860920252
3.25981326321517,3.67517398919948,2.62633070047543
3.05294116065656,3.28933013652184,2.19428225026622
3.38360483611648,3.57755162740892,2.6531216396992
3.38320590221945,3.62794312543769,2.64654102979298
3.36384934993174,3.65519032213276,2.63560426141344
2.80495261650963,2.53542129959392,1.41369719179997
2.78058920255643,2.84336736711716,1.56370087170211
2.99940607269688,2.57631836656902,1.41973223071011
3.12267828285819,2.61468787035845,1.48044218104501
3.15204989737449,2.86361835548779,1.52130008386144
3.36712190151361,3.25671780373549,1.74320774311085
3.3581675533103,3.06844065975269,1.63950049506402
2.87430363856849,2.750514811207,1.37511269579886
2.51798578190578,2.54137926399877,1.22213276444963
3.13559766922802,3.13477282598398,1.55465167860765
3.46827683299211,3.44325760800011,1.74815585243994
3.06841219383169,3.33199500969235,1.61931947622066
2.91871796984483,3.31513548417408,1.68971977263386
3.59866594282408,4.03074305601753,1.94494934004098
3.82688599578999,4.21839818147403,2.07606042960744
3.81547707307035,4.3641670991118,2.29774781760672
4.04004177080833,4.39981309221348,2.39127645395561
4.24456469688943,4.51313564874418,2.79237079191564
4.20292218002973,4.38566889233311,2.62568592396707
4.66187198725183,5.11135531099313,2.80047061855548
5.0845851646406,5.57918617439412,3.18937449199516
5.09144505049117,5.51541788975176,3.23810424282836
2.82469639467463,3.16825873355977,1.44039893243531
2.62916778494587,3.22693077749136,1.51063953844719
2.93019737356442,3.12429306929312,1.32550114304786
3.18737212016107,3.20175554308633,1.39922188340829
2.78162037100937,3.1773874991065,1.23475629741474
2.74177782976433,3.39015902063883,1.31726067297362
3.10979571184867,3.52359744363644,1.43849358126065
3.49257365485314,3.65957662007337,1.4857237246965
3.25520677598432,3.72570710830048,1.4898755038337
3.29338592317501,3.92504475379161,1.74655646602864
3.51986857160004,4.01504358563054,1.9080324386099
3.80056462096898,4.41813013240055,2.14025349505577
4.09147338779732,4.69663261696971,2.52680045930632
4.12598033335711,4.69219261048364,2.4863301966888
4.09090835224543,4.69494229416422,2.488927671716
3.43069073180726,4.33619606945156,1.94182320468022
3.72971422848103,4.62768601359625,2.27345351358655
3.67232006180091,4.60895897401669,2.29585751209073
3.65446279651716,4.5999603400588,2.30107039287726
2.48742561866458,2.84061356522136,1.00130955593394
2.49841738501165,3.06463695646444,0.970261308568121
2.30811411854701,2.41790943305028,0.923782113405958
2.38216645527218,2.34262879689783,0.998931315122793
2.1216511827385,2.24715750128016,0.851747361599916
2.13684048516437,2.5039878959745,0.878703739011526
2.42134547567823,2.23374470186487,0.970009814932214
2.49617887541005,2.09497416144196,1.13950921565899
2.41367615167264,2.30863380076058,1.1440451374421
2.82998850527446,2.57484357702121,1.13324863503274
3.11402189587418,2.72073470084118,1.64599775968161
2.94109326017146,2.65510049445945,1.55749459024342
3.55910446988196,3.180675491922,1.3533285145455
4.03867299873199,3.61178740251225,1.23834500588421
4.33122378280512,3.92544459635113,1.6657010696773
4.34654175606796,3.89975276847294,1.70289738977299
4.3475215445393,3.9037993292569,1.71077413405031
1.74568913266263,1.9830600649464,0.78678161264734
1.61340075517208,2.13107773190846,0.815837914477703
1.68405937304193,1.7833258972145,0.816773291976547
1.91270855164049,1.90299281162303,0.909108345263041
1.43012763043273,1.62108911600633,0.83063153325074
1.34859066197358,1.69865514365494,0.860553042372003
1.65980602477529,1.74405288582707,0.989490103456009
2.00147994522924,1.91413574673184,1.30439852828441
1.90867147395047,2.05916067438151,1.46104234179845
1.99528233484883,2.20039340391395,1.56566275266732
2.36463271473518,2.74535234424547,2.19335488714832
2.3425689314331,2.56070220685523,2.0476616684194
2.18656878769356,2.37376553319387,1.72174144604105
2.56919603029841,2.7808301923237,2.13682525785697
2.52099405016781,2.72391030839008,2.16687656836322
1.22074251265055,1.45059496823439,0.783761696266984
1.33364542513585,1.43956656308967,0.813855228079741
1.02858785538299,1.4431598702305,0.783788105974964
1.05991637033891,1.67805966708011,0.854197234646615
1.21358110433784,1.75954873385809,0.95377931944144
1.15397268252247,1.84182232579246,0.915671379058498
0.908790884057847,1.33722917620671,0.779459941663668
0.972434992920176,1.41414608869956,0.795134450585618
0.962423079040002,1.51545704231864,0.864025073205647
1.11878929778576,1.62563665349969,1.04598526384629
1.09949580427774,1.69670259280458,0.978676877109045
1.05497114104385,1.79735083275299,0.929738811940557
1.29913021737215,2.08961856053622,1.19686275689535
1.22021430800455,2.10231194943501,1.06996993473955
0.886479964658264,1.13567586464775,0.777386134829818
0.995259714710277,1.1751656476861,0.853700765609408
0.864697576034397,1.08232610825571,0.753899655075197
0.948181757473245,1.2201770061871,0.783698656482842
0.850282087798611,1.00967773881154,0.745663931225163
0.895980631137947,1.08839439055637,0.782909568359361
0.963498682931979,1.07902165054108,0.8237422270844
1.47722431656388,1.52143963890439,1.34944004454819
1.43368823578455,1.53778594159358,1.37009772666618
1.42068899115838,1.52524116950513,1.31444707302345
0.820040786125217,1.00344046660306,0.712459020995394
0.870586825824284,1.06605766279742,0.730982268664459
0.826827186769126,1.01324191329468,0.722734242759015
0.882126243589215,1.04478671677841,0.771263903835526
0.814109371376275,1.03165233345688,0.723362213399414
0.855619819363456,1.14637702626318,0.737635925126449
0.913836996559939,1.13686912937522,0.805506445652672
1.09981947636397,1.44067955908845,1.05930320065657
1.24583906260787,1.5658210964523,1.10173698355894
1.12289974880878,1.48765669836901,1.05579920366466
1.5603926872203,2.05293769287431,1.55654575213815
1.4141742152304,1.87629072874596,1.36392630958614
1.90941554611708,2.29827485904536,1.81866876896523
1.87069403719352,2.30336982167918,1.90051139820151
1.83568617362631,2.31883376452166,1.78223609658069
1.5985920082661,2.08376946534379,1.48322976665118
2.07872197589128,2.54605360812495,1.93406344021466
2.06567394579609,2.54669915598289,1.97644782217638
2.05407869292594,2.53494526933335,1.96990614780544
0.784811288187639,0.946991314250788,0.706578222873222
0.903340723335754,1.02742126027062,0.739408297201074
0.801476939811193,0.940797476125053,0.732175987477444
0.922538283481973,1.08639090053444,0.805141271870293
0.790439072953449,0.863582328056547,0.732897544038483
0.862945599176252,0.872691309645385,0.789314343138646
0.859144369751655,0.930376212164344,0.805442516220419
0.750232040628624,0.852397354173614,0.69761886875412
0.798642476139464,0.930314349788183,0.740802674899326
0.714619519338455,0.811777163795005,0.676620094463498
0.738656367671418,0.817406920477971,0.708123956309468
0.702272262884433,0.817690719202928,0.665003193530238
0.744886725197344,0.871122669443875,0.70261513115716
0.7358301990026,0.852548855109961,0.682649487507532
0.794021915288656,0.923748236306539,0.717172841848556
0.80624469626071,0.925528532901856,0.738019334486933
0.764645943576888,0.87321056566205,0.696270165894173
0.876575347170935,1.00360572373544,0.780574436947005
0.973961244095457,1.10759184661396,0.851473938763008
0.98839728999681,1.12274236649182,0.830199841839329
1.15221197259039,1.30281987711799,0.94155037008479
0.995227218681669,1.10896573493622,0.785875568793955
1.1802906713835,1.31773502250389,0.872476346427156
1.12507375270306,1.48821451441407,0.83702746022478
0.846923217075974,0.914008527378696,0.695854365999507
0.938886062793151,0.977575057053915,0.728016870071105
0.954399992627419,1.02627862488285,0.728671437962543
1.10013212942861,1.1467352756842,0.774552193884722
0.689605310566765,0.794262868171687,0.652289836368861
0.696919205142649,0.79398095622563,0.669906497866833
0.724404426128796,0.833191345460416,0.67892354572538
0.786823944238455,0.903252525459017,0.736394422922451
0.713917831375551,0.80106212437477,0.667042411788841
0.695919870334535,0.766815848093768,0.645079037012736
0.789505220519169,0.857902636142382,0.734914982814957
0.828756906692834,0.889671324973553,0.767836999954999
0.890574836876937,0.968072509381027,0.839096137362884
1.43026265170683,1.4677276927931,1.32337497944743
1.34329848552343,1.421801737792,1.3602944098367
1.3931310751835,1.43430749399589,1.37825919698133
0.811474872154108,0.850210091347857,0.749703057187857
1.31348168625875,1.34695514609597,1.28354006491519
1.29493723225503,1.30952998553906,1.24471144979321
1.3324128732114,1.36730559908878,1.28878855522919
0.714414763243003,0.799883437742128,0.669649014082066
0.790869877205247,0.889269360135331,0.754482172220138
0.680449322343871,0.745030675935173,0.630704123664911
0.680303755647534,0.733056940235323,0.639335553174916
0.692289953636785,0.745728244286521,0.63251096198889
0.755194138195426,0.826984930299091,0.703017868797502
0.736858894733439,0.776136586056666,0.658216495176437
0.916943773420112,0.925500242269861,0.780595123986446
0.838544008127531,0.841806028829587,0.697890715191098
1.37695242689866,1.34003712127418,1.22205474343413
1.36665674203767,1.40051553040581,1.24097731807457
1.38563341347793,1.35626050757167,1.33180148857935
0.931861161030998,0.93396921572678,0.798935002219792
1.4248563452385,1.47387288811321,1.35530179984112
1.47358107407758,1.42319503113123,1.31474606537305
1.46138273581728,1.43666442132503,1.36542468359488
0.672741363806112,0.708820977961182,0.61360342998323
0.687501553433042,0.704041198965901,0.629815377887973
0.715265951940203,0.771113112461544,0.663069052610792
0.796267709283196,0.882565179280402,0.758070125110398
0.71976655580062,0.767685325249933,0.672083318596893
0.740763468517258,0.775067834418279,0.698835448294563
0.808191102824495,0.892358080457639,0.803072783905076
1.14910683811909,1.29662611909466,1.11824346617284
1.01156721548965,1.12303076929842,0.986606332271106
1.35847798002424,1.3215002925444,1.05799477128537
1.78804739221905,1.73068746909007,1.56626855706661
1.85934492610869,1.82224256548176,1.54301153801618
1.48405848978724,1.49551440843381,1.16407335687946
1.8291262461178,1.91408165586605,1.62606798231664
1.82833892295434,1.7982365125226,1.75848429540736
2.12410713182315,2.07119618397691,1.74989565411494
2.69055193004911,2.59054808233818,2.35783723979597
2.65699390928205,2.68354793733565,2.36181630560517
2.24711426290624,2.15792038831796,1.77462655273982
2.5199332969985,2.42954712129267,2.05043716139097
2.49472550877769,2.41193569142811,2.06914026553001
2.48667394452921,2.43789940634825,2.0567533158722
0.698175445232087,0.725478935243832,0.621316021140767
0.736159588835505,0.765292572689419,0.65049562143997
0.694636907094946,0.709817754346037,0.61286714489365
0.722013244065479,0.74086529812041,0.657589454236576
0.690963818020985,0.711554830448752,0.598628721406261
0.721038790680452,0.718819097068663,0.596297213354652
0.745137936763867,0.727707317263701,0.647632663690522
1.22686651085913,0.882316549470133,1.05006882644046
1.71335012514246,0.947234597197412,0.990681415543844
2.27379968967092,1.45631158481656,1.54492708300053
2.27801301532845,1.45962764183678,1.55461164636305
2.24797004328668,1.48065396943091,1.53073961486334
1.21484938978586,0.822012762923926,0.932206863047145
1.82093377570038,1.39276355769562,1.50828631856668
1.78889246889617,1.35264053385785,1.476245410111
1.80991221007571,1.35829754607719,1.51823799964408
0.704777105620338,0.75465805137253,0.636553830605003
0.789037380079776,0.815456542719983,0.716436172575869
0.689513921585215,0.777320040781613,0.645385571743332
0.681236691129349,0.769883316075347,0.658616765244801
0.769750993670879,0.808471529017193,0.693685187106231
0.719059462711177,0.801958904640538,0.716698648881901
0.748522914386697,0.837483392217088,0.700805456740386
0.812882416280698,0.879495060873734,0.766696415313026
0.794007668875036,0.879814216606212,0.767273991192238
1.02318879246307,0.984992167920204,1.01251324499935
1.08250167213193,1.01842010047602,1.00944492285146
0.767860597859216,0.834765470836341,0.760680671930398
1.09407905011041,0.963974550509214,1.03420617017101
1.01640583716637,0.936426042190677,0.996568824646086
0.778644063792034,0.872217523655375,0.722702125503906
0.814050770013961,0.885618896988181,0.76401872014279
0.851491572315688,0.944885111256798,0.788017739219524
0.922290682146521,0.998482534760864,0.865911254040684
0.906643865542035,0.998234249502293,0.832519117698759
0.90045109438127,1.01785924277045,0.820057662169154
1.07394423382007,1.07168887955626,0.933287355222315
1.40078840564332,1.52235039795008,1.3279976670524
1.43635831942769,1.66423148769077,1.43246334007413
1.91445413680389,2.18759350584664,1.9726041855396
1.87421218032442,2.16168330040315,1.95971487500779
1.91884522133881,2.18602234915286,1.97684768251621
1.34266620718075,1.61076475687504,1.63619948164993
1.83766408756455,2.13159896370077,2.16900153839862
1.79945417304985,2.1382599819724,2.14914906033753
1.8036268807836,2.11845038050924,2.16460005361741
0.931928811236703,1.05283263301795,0.884309095823007
1.03605967449728,1.10211220485838,0.975783273977914
0.931471416705198,1.11723414207493,0.906833253378857
0.941619272835758,1.14380233817125,0.911680599124207
1.00841928023557,1.20923606723477,0.98623520000097
1.25178001538322,1.27186688944359,1.04819021704762
1.21769570409663,1.3693121132486,1.05013245593785
1.68873961158416,1.47952282643487,1.35294357114772
1.3532039463922,1.45702546487764,1.27753611958233
1.89873534869531,1.42110957085752,1.48429639894326
2.16885116586316,1.61005696733285,1.76099360506545
1.16059045865008,1.22401038425901,1.06812705340512
1.48582586020804,1.2622110297611,1.15834209368749
1.45718107869948,1.33929775636765,1.21741515398721
1.68121720305422,1.42384372726314,1.34204698865318
1.84819863132442,1.47309912066743,1.39379408161017
2.03448268925436,1.53633116675422,1.54080535510778
2.6039020913057,1.72767334358428,1.82766566630079
2.97038745763851,1.88198862337833,2.28260727134824
3.09550014129257,2.0279124249566,2.19487829207254
2.89802209611388,1.89698126300542,2.38528247426866
2.99653989431551,2.02512368626582,2.6740275890326
1.75566062854077,1.55972086857073,1.6668332347797
1.75461304900708,1.62919212238598,2.07275932926863
2.00592726899015,1.68785426688638,1.97721869301064
2.24501578103656,1.73558154161099,2.08834844033228
2.21098997075318,1.8625419894519,2.59231070475324
2.40757338639233,1.96267360314826,2.94905145950029
2.77942772614834,2.06089190720163,3.44854468394324
2.96273626958097,2.34675753453322,3.78115177388937
3.13532398782048,2.27876137016157,3.6473780273094
3.39342602808322,2.53642894991842,4.23532525319574
3.93667151669751,3.27405432319896,4.83812684936914
3.9998738917491,3.56581440563812,4.79381056498807
4.82155884884987,4.11991371520611,5.82782103391678
5.42386850473148,4.87196983517206,6.43282003936544
5.23700290589428,4.35635012500593,6.28002980209246
6.04196043254742,5.16459786545934,7.14919658311114
4.02570503602211,3.05601701466299,4.84569447023496
4.11899130952385,3.20299319016112,4.78539617851751
4.92771216659117,3.94902076785463,5.85695807869806
5.60562491982539,4.61849262861194,6.49368182564648
2.06901761660646,1.89847244606708,2.39261649083864
2.2031473943322,2.08443031327857,2.45881933853366
2.07242538968292,1.85958160455682,2.35756767375612
2.20890302828956,1.84755687691904,2.48546657636056
2.16975291467512,1.99382179057687,2.3878202895268
2.30618837549955,2.16656226555827,2.49471154392433
2.55199311457885,2.17934383244495,2.7951228187872
2.66232479926626,2.1912999643585,2.88293536460718
2.82707078576502,2.36192976046319,2.94504579269298
2.90104227481772,2.4747749846864,3.27557297129018
3.08952391304398,2.70120354249863,3.48730142801862
2.97218327960738,2.56094911975345,3.43859678224875
3.45334120138407,2.82553212850177,3.76040336256828
3.87918465861553,3.20596267774966,4.20334637123401
3.88195734110878,3.21444119681319,4.1229459757308
2.02028438351695,1.92358862375981,2.14240629901595
2.18564945503518,2.11389813423796,2.22087899804659
1.867436801864,1.78958244956304,2.03336047054734
1.92641323233528,1.80518261321699,2.20126245052589
1.79290260083655,1.77602769840671,1.86410070381055
1.8386712388869,1.86936089420577,1.88293099423178
2.02485068136702,1.85437385594283,2.03566491906275
2.3057868154069,2.08021756443388,2.2842563477188
2.01837508345151,2.0126368379721,2.27069752294349
2.4513190417272,2.15342548109004,2.30666349807211
3.07140169540765,2.69389881727064,2.79382188468173
2.74561609215367,2.53680706683878,2.6861022769165
2.91727061446576,2.79448424592358,2.91653759623011
3.15785231103223,2.94257081691672,3.09170886272697
1.61528019229977,1.67918476287723,1.70081823513278
1.74903605969377,1.70198307333045,1.91646683900123
1.53438997169685,1.64820904266662,1.51859259053157
1.65534225163068,1.70997097115002,1.56145540510662
1.49185764624685,1.59676750254896,1.48064963018164
1.59152109285938,1.67340628639437,1.63807491517277
1.75470802330474,1.72920682988433,1.65981821125045
1.86073379364008,1.76822588990643,1.68846556687747
1.98968422034454,1.785078383813,1.91849239079055
2.26267601572568,2.06886101552077,2.07973523294514
2.5923280616915,2.38340972259086,2.44551510194985
2.67003614281797,2.32798001468257,2.48814116444052
2.77649267856238,2.5148073235084,2.45004362828629
3.14139081852808,2.79001707410445,2.76563797372804
3.05460034298668,2.84487387413012,2.784877095587
3.27789670454347,2.89082457157948,2.91553228421823
3.55437246343649,3.14972237276587,3.32299276248713
3.57613832158704,3.17614480754102,3.20031513835852
3.81720358815752,3.39355954287497,3.3795612020406
4.12208042490673,3.71247339682328,3.69127022660495
4.14137615450622,3.7174125500495,3.66558722351382
4.11494320040601,3.71934126780642,3.71934467689718
1.27440712873244,1.42818392728314,1.28211679508643
1.26797408845109,1.40008164133064,1.34540611095679
1.25581161373205,1.39200522531303,1.20533090041817
1.4260354405273,1.4788570819046,1.32704600208372
1.15902623160761,1.31461639072384,1.10992674976024
1.18975119154285,1.29836285560941,1.09527191749383
1.25192555890773,1.42393501988682,1.24101844456295
1.56200802475845,1.54384017444888,1.52983983411397
1.75338406516827,1.7635810260305,1.69891810370216
1.50936897682809,1.37896285443005,1.61512253154952
2.01930594726248,1.62072418946576,2.15981702670764
2.00316398418093,1.4285444084151,2.10510388884584
1.72689650850618,1.513336778055,1.80351748158273
2.21859255845842,1.99506988306194,2.33582658584808
2.10655090325684,1.82570459224072,2.16402851849928
1.70255069099437,1.5303494221499,1.96906680088971
2.17038281395797,1.82647502581447,2.47603584419906
1.92645851502252,1.9432797217499,2.38928265399506
1.8196518955333,1.52777145920215,2.03757333175241
2.17057005884264,1.8365912416362,2.34784930081312
2.15504168557778,1.81207696500467,2.30950864398966
2.14577383469711,1.87676014778504,2.35410916554687
1.08024029436919,1.24772081349601,1.04846416776276
1.1877692753395,1.33476162791223,1.17762817170769
0.956630935936337,1.14590554745077,0.917285054602152
0.93800543826384,1.13635500223923,0.891507847112211
0.907648131427017,1.09484156509194,0.884652269487389
0.943879292689755,1.14310903317729,0.949340307732472
0.960053382316413,1.08959419878045,0.932606018984204
1.15510329874117,1.08954755900067,1.23672336468184
1.0689314839581,1.08469939243909,1.11194102802076
1.58217950743637,1.4968514473208,1.60655812817114
1.54163516003456,1.48792931223112,1.63047467422408
1.52881371144087,1.53747963878163,1.63798530335074
1.2135666267608,1.21805145673403,1.43178019226836
1.65227861164521,1.59746733618702,1.91184940671242
1.70174601020663,1.66767099967781,1.9268556522238
1.69025748402877,1.62932537308389,1.92881550990881
0.841569941137713,1.02126730059925,0.82189410166556
0.836326404513402,0.990467116516761,0.810013903503403
0.854771649705691,1.03638822134268,0.845468034867148
0.934259791833315,1.1148903717418,0.934664112125265
0.826606050381371,0.991861630550279,0.806181598329007
0.86259279053443,0.997092544763589,0.806952275223896
0.92749903486236,1.09488206172703,0.89679704007031
0.986847548806158,1.18623180695467,0.979077818735354
0.959358839358601,1.13173521745078,0.918300777041452
1.0708548196635,1.216797277817,0.992940384234548
1.72517467162879,1.54871470184568,1.50796144955737
1.43026541493476,1.8032652557894,1.24344150325373
0.767817715986472,0.931137949021292,0.768933740678205
0.811045446972318,0.978740748494468,0.831708958794182
0.746035016259863,0.886216640575382,0.73227192694453
0.778426382358715,0.902652487313475,0.75477759043597
0.730266733721908,0.85468087671208,0.715471217236745
0.741311416486737,0.842856960836369,0.712566862213427
0.791946489496912,0.836859111977472,0.71976364807863
0.885440952282135,0.909445787886455,0.792637560379969
0.846927404941854,0.877412873183228,0.770607274459916
1.33170125283612,1.3804518243649,1.3136695431271
1.36138516573544,1.37464376224746,1.27895658426429
1.38008788249167,1.36284978188531,1.3278054300054
0.913916921010908,0.825187972417326,0.746405898514425
1.42610421578585,1.0132183073433,1.03534495640737
1.53589821591604,0.998878404017809,1.08479415019892
0.801755607780459,0.823796747838749,0.805611677628445
1.41776088877953,1.36111329547085,1.36775317367924
1.40596542701638,1.34534906818183,1.39103436476897
1.41685063490086,1.37532273681906,1.39439489123488
0.760243700817449,0.919371965695065,0.775050136674254
0.863798805042444,1.01422242174679,0.874596415683164
0.773141579508599,0.925673873928463,0.781083717048864
0.796156586930691,0.913765271893703,0.77655805869829
0.872337913158912,1.00615415466014,0.861336792964608
1.01961431867972,1.13279441731812,0.920784957805458
1.21380052277894,1.17516760585502,0.991775737048983
1.68293394214004,1.44571426869492,1.18890819419445
1.40434671507486,1.28681067497544,1.112563944832
1.64177611268889,1.75468819512421,1.29787336700881
1.94254261121975,2.04778372099809,1.64338996651594
0.862007913250209,1.02630806102733,0.846360704789874
1.07511250443183,1.12917259018151,0.847132853518595
0.916078811674638,1.11361393217451,0.905376472160351
1.02481665986622,1.17242700490193,0.988423361318969
1.09550008296786,1.28380380021686,0.939892765954425
1.29686064940413,1.49585782644175,1.02525714778948
1.4428047790197,1.5450574454615,1.03243307232487
1.48722249611937,1.55110271527716,1.02188682544511
1.65785783088619,1.75430753996966,1.11935335215718
1.71565300971955,1.79183779058242,1.17945051128242
2.19281601881118,2.21116006404217,1.69624213848769
2.11708479221823,2.21786400801096,1.5804235555934
0.965820849449795,1.16324212382084,0.880294555142005
1.03499737617956,1.21314194568925,0.956953712838923
0.912470057283221,1.10287015617957,0.84196185993941
1.0143235215036,1.18495172466882,0.904766717815785
0.838839888316814,1.02550772780787,0.803950367011375
0.800341356181534,0.972583589802243,0.782715505228832
0.887904458481086,1.03981882650239,0.80621521878641
1.02483296254901,1.15617691980509,0.877516934853758
0.940941820811884,1.06700686789259,0.858158127907875
1.43840108729309,1.48107794733145,1.37105969178434
1.43697892387476,1.49579167356332,1.35626596008998
1.39869423528993,1.5344810066712,1.36589526666616
0.933503835439444,1.02297381435068,0.799145389850708
1.22435341657903,1.08704025608527,0.894134015712257
1.29648172274074,1.14098924623558,0.939279872577762
1.11716746647916,1.15683466716332,0.924390168742389
1.62276801810954,1.59949494171016,1.44873376245344
1.63569253687145,1.59179242785798,1.41975811296991
1.62334864741006,1.62319160635802,1.4418824660006
0.888261452485524,1.08182500867594,0.855701740239562
1.04776861411601,1.2291088205344,0.973543282321914
0.844537090641862,1.03560809468145,0.838738448366944
0.826184811723109,1.01387631658377,0.828126725533028
0.90639098617208,1.08006673114321,0.89662606806534
0.989882710341348,1.1726532334104,0.96786648517273
1.00940132276612,1.13039146774446,0.972434187258351
1.33490205884185,1.38933332554554,1.2464194803554
1.36510271379467,1.39949105210907,1.29602906482429
1.36031393898743,1.6237987216611,1.39216552725547
1.89760804734844,2.14462273091197,1.91023421111904
1.90828137289715,2.15643067862049,1.93103681573844
1.56619391282091,1.85421171570271,1.54215716431507
2.05051469350085,2.32909508401357,2.04663700730265
2.14206171099,2.35270919895243,2.02653293730612
0.860228296161557,1.04202468849322,0.860985761202775
0.845888732050422,1.00684623791901,0.841488484906054
0.930015723913111,1.11567071697376,0.922956283018842
1.06115255206996,1.2138631621706,1.02932572478957
0.898987394507483,1.12351318730161,0.905944320356854
0.885068484824042,1.08276207703897,0.87743597029035
0.985239172094302,1.28064044735115,1.02193036219131
1.59028036403545,1.71848331598009,1.62681428176871
1.66285234904689,1.72713237415445,1.54293927355347
2.18913730123734,2.23343292895892,2.06696419916568
2.20990883736837,2.19464646656793,2.04719122598124
2.23068869459646,2.20938644525125,2.08694348032824
1.59056647103912,1.8536251247885,1.44371630564794
2.12038473721488,2.33269005002464,1.98046515426468
2.15898690321981,2.34603674410848,1.98341151416565
2.15535837337009,2.34629370549919,1.96526633659607
0.91705016033035,1.13310718752468,0.905074465897648
1.01406304189469,1.23633443422206,0.993842135530122
0.913846338030953,1.1045370594052,0.871224536064038
0.916746474049501,1.07672337659512,0.862725157380525
0.967335462708071,1.16113762792222,0.89308342249716
0.997263058187712,1.22559987797339,0.941570573176828
1.03865269012303,1.14991624796509,0.884376495435887
1.18132560216012,1.20442319838611,0.900175440768087
1.33045999013354,1.35290303746992,1.01223762461733
1.77639525733495,1.75644642990116,1.47616343955543
1.72426626164739,1.75287365234947,1.49788783806631
1.79982449187798,1.77358217100177,1.47629036254815
0.967876217551872,1.11644686935892,0.891590624178614
1.22816610863534,1.37393907946974,1.20208043906053
1.25782881928308,1.37369195846044,1.20006927110662
1.02223980833641,1.21873910474921,0.959361684010091
1.49827095466664,1.67652175065853,1.48736054108132
1.54443009343761,1.68162737126233,1.50173117667582
1.52853643503389,1.69215388329853,1.49639666044624
1.04615799867043,1.275806258238,0.943176629910048
1.15436654137776,1.325009582629,0.96300328197201
1.12180101625043,1.43969811633767,1.05112393568922
1.16394136748985,1.50388529562178,1.11997228243243
1.26186014068496,1.63159347213094,1.13505467465545
1.31403910299605,1.68573309962812,1.12969793330366
1.43608856959963,1.87563113010028,1.3444660314738
1.85919059923715,2.10927080481849,1.54702296467116
1.65482929922101,2.19026483744009,1.55007017228334
1.98504636587352,2.41537611539664,1.85049131319309
1.84232760143876,2.14555442577421,1.53977701519494
2.29021119001681,2.50317268278668,1.95688887931575
2.24757970425073,2.46958857251541,1.91736395347344
2.30321865959801,2.51655601545293,1.92611180101834
1.34764541866298,1.68600199461992,1.18869077323869
1.5298288096627,1.89366322383798,1.2995481379395
1.36659263470635,1.62831231768433,1.28152451903245
1.38612475429982,1.60720603192623,1.35500252646852
1.50984963011139,1.74104849337668,1.45899330198531
1.65688760651542,1.89870474120384,1.6141657723144
1.62649270878664,1.84900230176878,1.69421950956519
1.73083371210501,1.95673802694997,1.9181699024493
1.77903646651641,2.10776606610054,1.94395788804254
2.2059787917964,2.31083560637988,2.46965231322928
2.8445073654702,2.89438390074861,3.2690108470641
2.62199499378764,2.72398801352221,2.86404928001948
2.744298580483,2.85606100931071,2.79617854943188
3.13254796042659,3.22703222671144,3.55306153563306
1.4715971149606,1.67220462263742,1.3743186425229
1.38356420953668,1.61347249934694,1.29491357151358
1.64470279242329,1.77548422264583,1.51982754709516
1.78787663402119,1.90319442464972,1.6657202387666
1.73312207589435,1.79476370724831,1.6042635300121
1.66539181893259,1.77251827191414,1.52340954426959
1.97781697720343,1.96773326897063,1.84687579534705
1.72812112517471,1.74699881634863,1.64566837951682
2.25880342307858,1.99797300584577,2.41371354282393
1.37820817060921,1.64632101239042,1.21043166254334
1.40232801559694,1.74813539545632,1.4019594110922
1.35419092142755,1.63002598491112,1.16953500869935
1.4130091862984,1.68923752560908,1.21168151999319
1.46790605455702,1.73038117277957,1.24936182495708
1.60682009999846,1.99233631668167,1.35406379478894
1.4569952329518,1.87583651125449,1.27902020533997
1.51944635720895,2.22455304906895,1.25305651257925
1.57263660380394,2.8113277965518,1.28300446979723
1.75984351004752,2.56659152182154,1.66284049295118
1.97228544791188,2.55340657671935,2.06300584385698
1.85470003526195,3.12050215663109,1.72313049486743
1.20857609980094,1.5286772602797,1.06722803986862
1.17679728133941,1.4757234293104,1.05175465148472
1.17476327652844,1.55190525317833,1.05033874252341
1.24214908076956,1.63002761067183,1.10727210895389
1.09754955798278,1.54106815490667,1.00087268416186
1.0636472537759,1.56675260796039,1.00622579517387
1.10518276914235,1.56657040839398,0.99838021164026
1.27972394190698,2.19091958952084,1.06076730851007
1.19609370040012,1.8103851876812,0.996069832683205
1.06393537294498,1.15808149422876,1.02253646692038
1.47746886806102,1.53732261598676,1.15981133550918
1.34487997825094,1.92792108875174,1.16288740253587
1.7903688841461,2.38610484060727,1.64338960373916
1.88126101228404,2.45456427197111,1.58402215547069
1.83293782052326,2.39251629662903,1.60361226052774
1.42336197676058,1.29042898448357,1.08788632508762
1.92663490272285,1.82280098272972,1.55709469751226
1.89470845677806,1.83979124957149,1.50346607032426
1.91063104510637,1.80633156978183,1.56505360957009
1.15275004460754,1.5678442302607,1.0183714425118
1.199643683586,1.65915772626841,1.08067589650304
1.23670062120198,1.55589781364213,1.03355188353737
1.29109494727269,1.55539321574743,1.06629457050972
1.32943875652061,1.61621509789875,1.06877225054687
1.36657472914524,1.73952302062059,1.08827412546317
1.52450808356951,1.75647161050744,1.16827507663084
1.58383227819337,1.73239515054665,1.21743209862614
1.66194891580357,1.87098517667749,1.24650580142651
1.66121074385997,1.94484169592749,1.24263393559955
2.06539773190811,2.27656974165136,1.65854857287429
2.06603640275175,2.33985379427235,1.74202668551587
1.30418376300771,1.52318033293703,1.08105082702801
1.42019398466961,1.57597718086153,1.20969471321665
1.25199903024346,1.48006709685667,1.05854757412257
1.28324340482727,1.53938326666831,1.10362062200592
1.24922066107342,1.43944005217358,1.08097973632881
1.28879228604127,1.48724285918201,1.13830149249511
1.31319479282574,1.55606807891607,1.16876169800092
1.5800731316119,1.70199230204223,1.36165861514109
1.45291837825288,1.69319799076173,1.43375259202798
1.76114491322903,1.85410151444297,1.45063928363385
2.19729113472896,2.48556861786479,2.05686245373134
2.40389872050377,2.13128317071271,1.92055747106812
1.21906490612673,1.32991710184499,1.05069168503148
1.25423247288974,1.35756745706768,1.08437758559718
1.23837533620554,1.33807313486881,1.1053455834239
1.31963004327457,1.45181196656976,1.21119300863895
1.22642495987176,1.31519606525767,1.12215278698286
1.24946599678259,1.34221118466651,1.14424123131751
1.34753744539856,1.49370675947754,1.31766495090712
1.43861987419354,1.9687241632159,1.46555502307727
1.55253154998521,1.83519591423836,1.50647574917346
1.92522480685934,2.28804007394505,1.90534469380533
1.95570316589337,2.27806085248437,1.85220111888848
1.96791391465114,2.24715918157038,1.94687199595195
1.65960429949195,1.94230311369078,1.57331735744026
2.07421546057533,2.39617643865498,1.97364686241971
2.03785075011836,2.42881113348194,1.97310716811649
2.07128845290351,2.36052285296723,1.96480937263282
1.17851545576459,1.27901062105903,1.0716936151026
1.25824461866182,1.37754780110568,1.17397757764694
1.13414874084123,1.2481426528241,1.0202680839302
1.14568410441333,1.2764808553978,1.05192038455545
1.20724069491822,1.33793258398072,1.13932182022093
1.22996794154134,1.37177843231197,1.12771114877378
1.14287273638181,1.26289412707572,1.02686191297621
1.20031245103865,1.32480256764592,1.07676215650994
1.15002273348565,1.31390917198003,1.056447320957
1.33508941099043,1.5033544230338,1.22751830604736
1.31758021318933,1.5265137271207,1.24684493747217
1.15932481090292,1.32225078318154,1.09029422649721
1.35618734928202,1.52765472736794,1.31833187340049
1.35905194026146,1.55352146671692,1.29814246808451
1.18779955079877,1.27094809324517,1.06086561123774
1.24789471956794,1.31268417061902,1.12565933650441
1.26174271684188,1.34645722873372,1.11442758694988
1.3171321754838,1.42075542840208,1.16437069884252
1.35913214278389,1.41564270076606,1.18043104736365
1.45265741758661,1.52378628659759,1.25709869487292
1.3518702631168,1.40055653420245,1.17402936324478
1.3316263123745,1.36529034909273,1.16944868402792
1.50637760119394,1.55254147221361,1.29669292176448
1.31764673464795,1.39620537827838,1.15360009134349
1.82377051279729,1.89782434811292,1.35720275514378
2.53266935473415,2.5327473634491,1.53055962879443
1.8991354394646,2.03004255830407,1.47009016471659
2.62710280275837,2.75485857613132,1.7250333782096
1.50130227863469,1.62171660224434,1.35672569666463
1.71382409652285,1.84905389340969,1.57374083984095
1.62954099301135,1.73074610432512,1.53143932313417
1.74030236454504,1.74962621576713,1.09211525824049
2.4286545825408,2.38688353303654,1.11531095317011
1.80715487597318,1.79568215133445,1.18069219598942
2.50714929643896,2.39863767868871,1.24193679875746
1.44818119578521,1.4859343465884,1.24505891955046
1.43143880122847,1.45559498419199,1.23373711542257
1.61038021846239,1.6528729663145,1.38874109688159
1.69291081440033,1.75408750414964,1.46695868235014
1.73132531012446,1.76189972389973,1.50507005771131
1.67567810074506,1.72032304902003,1.51299523379682
1.99374130759635,2.02823958791184,1.74613141911933
2.39831644028173,2.4364042858063,2.16301628956706
2.19988362631837,2.18033556208103,2.0739311739756
2.3693092504344,2.19082731594463,2.01838996159588
2.61494761123761,2.57051151057365,2.48091973584685
2.88229016202294,2.65404918863559,2.50079133038975
2.85582178024852,2.3873224256409,2.35789129585367
3.33667941351668,2.82314651415989,2.82700149141531
3.10506756222684,2.71974225822194,2.66397422385578
3.32385540292639,2.67860086721142,2.8078613817529
3.57851059148998,2.97496546202454,3.07883078044131
3.64398980851041,3.01041586089332,3.13632890411177
3.89526623064481,3.1965708427242,3.48203084185267
4.22837456672761,3.55765423190155,3.84786762938791
4.21196251649612,3.5237945340692,3.83418885173115
4.16225355150348,3.50139196963147,3.81279884854123
1.78611463240535,1.78540372931713,1.49459911225125
1.81375115716379,1.79991647639222,1.53231011128698
1.87212486461487,1.86149708872434,1.51653363772097
1.89908604113873,1.9034824820642,1.55637645466818
2.00400380841131,1.9647731462526,1.57075333549751
2.11015707754683,2.04942781219492,1.67807731346575
2.21389480706262,2.20274189773747,1.74562774565639
2.52356420898236,2.51344438625176,2.07831133803658
2.4952319531775,2.50706769125807,2.0993204618675
2.48466165669942,2.47612326952757,2.06338321707265
1.90463177621143,1.84887191630548,1.43668429037051
2.02926926272945,1.96097972511779,1.5110435809414
1.76708564920093,1.72743019813493,1.35048830056501
1.76363529640623,1.74919911161703,1.39211598847192
1.74230922424474,1.69375959209372,1.33879023753897
1.87222450812241,1.82423115035019,1.41770549245349
1.69134458910672,1.70477941835804,1.41034444277061
1.63033775547786,1.70693461231832,1.45636157031036
1.79461628596111,1.81212856882571,1.57556518999395
1.80442093124501,1.95143816342182,1.60694262906634
2.10064201853101,2.32526347336689,2.02454183088525
2.02015203935385,2.2999192959484,1.97693184682936
2.27245116187135,2.56690371425292,2.32062750711736
2.16036766151153,2.56427917048855,2.21744072848301
1.71550857966617,1.60727411995253,1.32250888804522
1.80280989094434,1.68752874128987,1.38174476977815
1.69584599198068,1.58483905847618,1.38261439986573
1.71419571123589,1.67083125429734,1.4444156384966
1.74104569513188,1.59017797931706,1.50413732214275
1.74062863286827,1.58371234552576,1.52506239102055
1.88801344023888,1.74345536624325,1.84370381220847
2.01225186149394,1.93500508040585,2.18823047297743
2.17269077321779,2.0518401864446,2.37937463173202
1.7970211751047,1.96611885753775,1.94027190990223
1.91232166867877,2.28002663129259,2.28794435253011
1.78049041159937,1.65278230853749,1.52534668076683
1.81800321768658,1.7231425470203,1.59393508533995
1.86673336573162,1.7368722689744,1.58817915216819
1.90926136502347,1.76346102832044,1.61417901583799
1.97931783028335,1.89558485615318,1.74459741549399
2.04096834158417,1.96612885884517,1.85377822204641
2.16330859816372,2.14486118091092,1.98558675910517
2.38579529489863,2.37510485674213,2.35105888513675
2.58051196750401,2.49872883979672,2.09839873670038
2.30623503594312,2.4822441730588,2.52648462822533
2.44821135154733,2.65084994697924,2.81094702437196
1.96444485701452,1.87538073493514,1.68438102775736
2.10112477331699,2.06277033541248,1.86998101510524
1.88886335418832,1.75510568775252,1.53100858835189
1.86358420938509,1.70163306369006,1.47242667466231
1.93971276577771,1.81922743057665,1.56136131327749
2.07988959076486,2.01656370595792,1.74814357533307
2.05760664841254,1.91900716314814,1.65368048956852
2.19598072363367,2.16218218280295,1.67364207134161
2.16900129608684,2.18202576142749,1.80803761713367
2.48996668214378,2.32075532576819,1.91670461388011
2.75336905425609,2.62433143073531,2.22584780403735
2.80548905710837,2.6674369930369,2.23497319253401
3.09131486975781,2.94061488145442,2.41310022794675
3.37634552011466,3.2258500689916,2.79266895049034
3.41315889861511,3.35510160005521,2.84090315314891
3.76176293450479,3.56051589277048,2.94201655937931
3.99360138455601,3.83263812119821,3.26910329887464
4.1465650755314,3.89705094008691,3.28508166603642
4.3710376482849,4.1667272338817,3.5336058056021
4.7195630560875,4.48367712361258,3.88860851598101
4.64424028987049,4.46543699851252,3.87069778501327
4.65705986617751,4.45018207162227,3.83273568003742
1.81891527686537,1.69047741107754,1.42322153419551
1.8932414393798,1.7775998163956,1.50999846241452
1.68733180534064,1.55311891427353,1.30313980969319
1.6917490825528,1.55442468855698,1.33016304168658
1.59464640335186,1.47471189964052,1.23229558340451
1.60447828949255,1.4718781296174,1.22547307256358
1.47332031222341,1.38358749629752,1.18142631584331
1.50887588167633,1.45120751997319,1.25223402138793
1.44489039793824,1.38516614873458,1.19735299524906
1.40638317335484,1.30069234331472,1.11778645738696
1.44206244612645,1.36004856244749,1.14872510933555
1.558221559274,1.51556173241051,1.29265965738987
1.40250246445139,1.32002706585491,1.12821292866363
1.48826937689035,1.43176044438622,1.25249984844416
1.33737939437703,1.2513513158053,1.10544296979876
1.35700510011246,1.29535703790529,1.16322952391995
1.48618124446528,1.56352904229075,1.66346231363214
1.37968085307723,1.28430650552601,1.18155399919812
1.44562204934749,1.37841659777349,1.32847078497042
1.35475865967205,1.28040154479673,1.18715470914598
1.41971207990071,1.39742184939163,1.35085306258817
1.65277177962039,1.54899610306704,1.30645444566382
1.7531058757196,1.66540239172914,1.42370286123423
1.63247758720632,1.52537146693984,1.303685193515
1.58950004242548,1.46304070839428,1.26507592783854
1.70133204947961,1.62234516193503,1.41636589514553
1.80845998339258,1.71320547371608,1.47750382057427
1.73733778905691,1.62772001915652,1.47522112316719
1.83742623424693,1.63902058474301,1.4638827372923
1.87062559603371,1.71658587518248,1.60527982690819
1.90533494999891,1.71648186199467,1.51062678407874
2.2037843810587,1.9515222900909,1.67966670263147
2.22251324075447,1.87381304563402,1.70275628958138
2.41275766996452,1.99336586124006,1.9056704736216
2.52360912257339,2.06489539106246,1.81684095427868
1.66326395409451,1.66610037251395,1.49294111529032
1.76166067744502,1.80043366157003,1.63221671742088
1.5577835108013,1.58781290792224,1.44817609410428
1.49948459222044,1.51146703535918,1.37158725131681
1.55117709296499,1.64063353147949,1.55264506470536
1.65476580159749,1.75144570578444,1.69153584726383
1.60517207358673,1.73145186647011,1.76399042740264
1.72958476688058,1.84585496780099,2.09793840599582
1.56153699814374,1.67383796676952,1.94653667385362
1.67280776093116,1.84608641344063,1.63380016373427
2.2135717829656,2.23656788078193,2.05272406936242
2.85402570544554,2.74334391000263,2.72660025028683
2.3625310136991,2.39749899160821,2.13501708892908
3.08711731758236,2.97744799945695,2.80054014324816
1.97567744390447,2.19280731980806,1.91631055949722
2.20384207293608,2.42107945410986,2.2538822319284
2.45610245033557,2.59218640661131,2.48775243820574
1.99874199658733,2.20455802924613,2.01080962000243
2.59163488032911,2.70774307310723,2.63337717964771
2.10176149440159,2.35154353863361,2.16763315095138
2.69883654504856,2.906053081146,2.87534742374961
1.43067985866791,1.5205596124358,1.37419724966734
1.35659409127205,1.4394314085424,1.28684780183808
1.46086581415976,1.55743950476707,1.40066114982855
1.63570788237189,1.72683203146943,1.62606782391016
1.75726853141599,1.87209910608907,1.75368789694933
1.72301008578074,1.77100658786736,1.73386226434065
1.36618750516466,1.46779436983007,1.28488865772981
1.29869180900801,1.36269035589352,1.20698740767078
1.50799452955455,1.60321677144982,1.47464973065821
1.67661383199915,1.79654580782914,1.68730767481559
1.63573639011347,1.71017492566399,1.59621625669836
1.69020648644595,1.79632335128295,1.71569969426014
1.94472470105201,2.06841758367814,2.02985959260236
1.92208747559994,2.03026300886528,1.97931503021992
1.33373125088497,1.48730402271217,1.23173941433842
1.52142526395132,1.72192378031536,1.4505864518611
1.21900175748507,1.34157001870719,1.09307688768503
1.20633006373685,1.27731189111657,1.09838680367283
1.22100195771247,1.37251613506254,1.09089866554406
1.32688592152522,1.49859395109813,1.19257452188072
1.27878635785817,1.40521127110686,1.15216861471198
1.38688126891813,1.48926702688215,1.24908168277333
1.26490297863876,1.34835024242919,1.1439561230043
1.3946255140507,1.52821469916961,1.28311372875574
1.71816762009834,1.81309326786538,1.7976452106277
1.80007481159701,1.90203124710655,1.68463095857722
1.11634250056802,1.2720873798781,1.00441958289431
1.06118571001169,1.13873747713119,1.04851836383181
1.18993908139263,1.41379944123448,0.996736687326788
1.35017684416294,1.62711711109089,1.10583590505866
1.12827696895545,1.33540018966779,0.93598439065667
1.08129217320942,1.26378691104104,0.909979265283517
1.21590201846703,1.42241395449812,1.02232983542298
1.49747041551391,1.57329455363817,1.21440412040895
1.63141310948872,2.03403027803096,1.26002090394058
2.11615366590118,2.4432856382331,1.73550448238775
2.1139144937836,2.5243184942008,1.7453514725
2.08163726002993,2.53952070603985,1.69624742833638
1.69321521790117,1.95597148892055,1.26724309232186
2.13319038492435,2.53766907353753,1.57784148363823
2.16591910753089,2.3955762947453,1.65909398456116
1.99399445095586,2.13994677714628,1.4335302913273
2.37839290231388,2.46482532907783,1.82593363914979
2.3324947610629,2.49769232533233,1.86166056229053
2.40556930885708,2.45697824693297,1.87265978689837
1.12974901949717,1.32956035153334,0.911248962345991
1.29792702595559,1.5297325721066,1.02525641358157
1.01995603281114,1.16691685253526,0.834931263288828
0.970600117116869,1.09725609427018,0.845118823250681
1.05475136604848,1.15977117491953,0.819342615807115
1.18772711660619,1.29335885289907,0.897753360254329
1.01839223578252,1.04241406700488,0.828226049805947
1.24102460945962,1.14200064749334,0.941800046416677
1.169083980352,1.02777086681147,0.876652137871174
1.03748563531556,1.09680385790708,0.871614142345942
1.56575648897471,1.51450631830328,1.26751176523096
1.44759352921911,1.45139192779188,1.24614694677673
1.07718969692831,1.10750968157367,0.947257953031192
1.550665755757,1.47757661522756,1.50855721002719
1.61997502989251,1.50993666046404,1.52494985657447
1.09610468865643,1.14434594769711,0.912383434808371
1.42650512186054,1.37328854507601,1.25093227470937
1.42639933049321,1.46314586718376,1.25782706261223
1.24168345612103,1.1355848371462,1.04653252450165
1.68468257526399,1.53573196450864,1.49122463919533
1.66727553866647,1.54599745715674,1.49589069675764
1.63101266058359,1.54621498872224,1.50308635061434
1.10263162228078,1.20546984776281,0.833859595562457
1.10691883528913,1.20786195288013,0.887957850503716
1.26872824139973,1.34678923576624,0.93559199924516
1.36791200020515,1.43155026354815,1.0177378316653
1.40362060505726,1.45960333018056,1.05691330808662
1.49680960177563,1.57717433396124,1.14542960412155
1.69920364562018,1.73899470041265,1.31133947202352
2.14463704407408,2.21120340787019,1.80886737575345
2.20026926299478,1.9854673634515,1.86935746384302
2.56913715442322,2.33627066095247,2.27894945683197
2.25451621354214,2.44235185978614,1.98753573182749
2.70796629713567,2.93157811412614,2.50713420685245
2.71790692397696,2.89240736538179,2.4960145458473
2.71770714706415,2.8953224021492,2.49874998386643
1.27005395758265,1.29763601343645,0.995758937116558
1.22090353522236,1.23641412583242,1.00293314412991
1.3277850984162,1.36473663384202,1.07910394345768
1.48406334335873,1.54262781491481,1.21087713528465
1.26373963422416,1.30647276509662,1.08894092174367
1.19582918360398,1.29622790683221,1.05024917692267
1.42553317100665,1.53395459934574,1.29330340079513
1.94272242913783,1.84909141444282,1.90584270597171
1.89249793642596,2.1087918857379,1.79390808865484
1.6658826551209,1.75337488544572,1.49601991730821
2.17020444841782,2.33399882471377,2.01702627897987
2.2004862426953,2.29069318290854,2.07793417025292
1.77197078987245,1.7916668427289,1.65346467001011
2.20676773942009,2.27563361645835,2.13742425668078
2.210813651823,1.98065062069234,2.0507005737224
2.01426187311431,2.11971646422983,1.96623249469396
2.49867407864422,2.41144147581741,2.40277816381514
2.48624638543739,2.47016194557758,2.43678206469113
2.18888214353898,2.47977368747244,2.25496433385704
2.47598595644119,2.80425248023309,2.58853713928094
2.48302456177319,2.77948451920663,2.52955389167711
2.45916584909229,2.80641754037831,2.55089882668261
1.25105366500423,1.20475835026385,1.10398923765485
1.39602490731788,1.30990556718289,1.24860357687557
1.17907321463116,1.13254174048612,1.06955699647335
1.1702693358507,1.18484907582109,1.07125492871342
1.22152226858642,1.11367931256747,1.13727961468471
1.35391721804541,1.19800735926414,1.25884594014485
1.21030344596678,1.17070643579624,1.14025027639902
1.49534545369874,1.64640805934619,1.44253588639841
1.38845469903699,1.22206593282302,1.32647134050453
1.84574837318714,1.73270426289708,1.77361966001421
2.49056652444267,2.34224899017333,2.44593275414899
2.43549137610859,2.36979714544876,2.37580214409443
1.25245752888328,1.10876270305945,1.19341503088993
1.23310025452445,1.14444984119528,1.18118418187738
1.43388174370453,1.20857244924132,1.3747612274924
1.56457427691307,1.30209100418069,1.49346485970352
1.55102193351161,1.31149509231335,1.49381902509402
1.62819195373666,1.38497984079624,1.60972272632083
1.92917874079784,1.59158606627543,1.87429077303197
2.29165572382531,2.00098842432757,2.22027730198559
2.45112655193813,1.87374429113153,2.32742039020031
2.17397243312405,2.11553213881533,2.31721272638496
2.42311740009779,2.37977385189283,2.59636764767977
1.38463668693793,1.23470667447285,1.28049574366805
1.91802300001261,1.35977292631719,1.355410524428
1.09009543208756,1.15084046517283,1.15468518906395
1.34674957028721,1.16195277718204,1.22693453284659
1.08767065177516,1.16907521146319,1.08767374270955
1.21526935222091,1.28790670569882,1.1856387357595
1.32395715172859,1.28652328434266,1.21910303252226
1.58751403071857,1.40652064951731,1.4839848813009
1.66932634732537,1.41779951026819,1.52270939574528
2.01568883125957,1.29132067060424,1.6758688048387
2.32966107422197,1.37229994636243,2.04708135067961
0.989520125885633,1.07741701346211,0.976779800623349
1.16160892233309,1.19023428552831,1.06105112374635
0.873877155446356,0.99188817086077,0.929274573269585
0.947544873253662,1.03706193266755,1.0349312084455
0.817609681008656,0.951740314246833,0.869168715293575
0.829815225158649,0.958770616473274,0.869330523870282
0.816010045320251,0.909135876639631,0.861605848332512
0.903430875309043,0.966398860561592,0.963620167407767
0.853982950875099,0.949167526686989,0.887478631580426
0.854653403525657,0.878665293466545,0.8687088053694
1.187895148537,1.01694237879178,1.16703094885876
1.26452850662866,1.00041583285949,1.24438466987874
1.73352684408912,1.47716394140989,1.73821436750991
1.78692968633198,1.50743346151431,1.73127006540417
1.77655675152581,1.48450542770158,1.75110694675854
0.998016432827627,0.94285816405656,0.998255288150293
1.52842934653279,1.46262180120614,1.54955920137688
1.5273191118323,1.42908334189541,1.52352786211654
1.53010223373868,1.42576449878949,1.49481229840315
0.856989234726002,1.02559428740985,0.914101213334772
1.00806838703653,1.17481145497183,1.06102807064189
0.858014637786093,1.02866402858178,0.911653643894632
0.887675573069779,1.03905540054576,0.943936522761258
0.933928725579896,1.109702464823,0.972996995540338
1.03794104168423,1.16956122876028,1.0571487985531
1.09857329242435,1.26020462701746,1.10971418634653
1.55911323262657,1.61876779032498,1.49989229882409
1.49620127886798,1.6215541770559,1.46730908303475
1.55325706730673,1.6388726739415,1.65876425695679
1.99946579464522,2.04114258372958,2.08665084402607
2.07520558766729,2.11751883713639,2.17129931394747
2.04221306910323,1.9904216335155,2.06585413874082
2.45989575581543,2.35956926556131,2.43294390406698
2.77123454497694,2.61118624145848,2.72427190582545
3.01380544792859,3.00406720429428,3.01620299604643
3.35647438718814,3.0889460739714,3.20053852581238
0.869760065656136,1.07351279842657,0.912658080733068
0.97980643036454,1.16642449886993,1.00877630674332
0.791028786399837,1.00775194715601,0.823410483797092
0.802461412758609,1.0019895952663,0.818563981920855
0.777080477415359,1.00963855971343,0.801476292991143
0.830215831211267,1.06435189726913,0.857458523112944
0.786776509160774,1.04055522143231,0.812052780791718
0.80399992828806,1.03385167021873,0.824903493789442
0.818062578099782,1.07281584316644,0.83785684478776
0.84714279103215,1.12589413960913,0.888663076584403
0.923596677726608,1.22039479917308,0.975780662201431
0.97169343540371,1.25471355324285,1.02188339356687
1.03375013980984,1.34466337122212,1.09758976677488
1.15560297137063,1.46210941444308,1.22400201550134
1.07506865848722,1.38204869976185,1.14351964194588
1.24455115256711,1.55469924617466,1.32636930248954
1.56815001473186,1.87536087120855,1.67073685828297
0.930199976642055,1.18995962658594,0.975354157335169
0.980860136306462,1.20195692237763,1.02169498489408
1.04301304225127,1.31409625251815,1.10297167293895
1.16644132368056,1.40697866851865,1.23189701983868
0.745024862741759,0.951023250430543,0.750525012281041
0.807824472327339,1.00131729900402,0.798827704376617
0.713383850819921,0.891321299316642,0.719507331251157
0.767757252941058,0.928222181969784,0.776323417036463
0.679139667108952,0.836671838736855,0.672054064801234
0.714233364130084,0.882355751865308,0.698594119490219
0.675311724301244,0.798689178765434,0.647423535905551
0.854925270130328,0.799438425148063,0.673998198108749
0.880241322386733,0.874065945371775,0.694709475974028
1.41698039251118,1.37692890323168,1.25404511708311
1.42854571683853,1.37850943626519,1.28416053905485
1.43735878585141,1.37174555794328,1.24326262056905
0.912041499933552,0.804323410414398,0.679455505084646
1.45437881107352,1.28969615701322,1.24048930462146
1.43539929132084,1.28951380315286,1.22297160171867
1.47681327422509,1.37587872723539,1.25742049150113
0.678367708022469,0.812803860204105,0.672561543548241
0.724655190585915,0.848793752896769,0.722247600821082
0.68165154899473,0.79430128338125,0.661111444637938
0.709176372501174,0.8269768312089,0.678141280065165
0.694930802197885,0.762703918159022,0.660596242895923
0.71304047796283,0.754761769532594,0.674597392090907
0.807681785703552,0.87355801247527,0.748791305370814
0.890891941612119,0.951900224740657,0.858909556047641
0.862727916050673,0.950691742805227,0.85360511720414
0.869862854956358,0.906934660063473,0.787354149966651
1.15000915065626,0.992439122979689,0.967304896402745
1.16792404768948,1.00815995183468,0.97168367064537
1.02020045932672,1.06671025836709,0.871621486177677
1.35691505874498,1.23980016144801,1.05703174460297
1.34876734197249,1.23150277345086,1.0547773144716
0.998592341544613,1.08503361178511,0.854855546683391
0.969338296398896,1.0400923757013,0.851403203742115
1.07755380745103,1.21709352884402,0.899091849091644
1.20636868120233,1.36261795353938,0.984969470931201
1.28633972637509,1.37749135117544,1.05333922594125
1.31482910771195,1.487500140788,1.0658175389494
1.1222368998777,1.28024393644585,0.955435750087375
1.09671184634855,1.2315562481122,0.95186584028366
1.23831834074922,1.42189160299255,1.04465253650757
0.653749534979033,0.703670766082216,0.625619866618321
0.711825904587125,0.772299851451027,0.687808868220805
0.634853160519293,0.654544489635657,0.608717949273652
0.69812511145711,0.706068445256336,0.659522205677142
0.596255344967414,0.601779017917219,0.571221174080584
0.633840965180846,0.656614224301515,0.619987580156183
0.614285279519044,0.606021867523327,0.578039415623862
0.667625980338426,0.662848520289854,0.651187602446179
0.689282936774036,0.707808771488249,0.654219826660651
0.629033387971423,0.603502227037927,0.596471414323609
0.726361984590978,0.697709832771362,0.680917643487188
0.592413723356704,0.58840466991017,0.559092329777547
0.674447867642839,0.653722913838478,0.632369227279417
0.592430839486314,0.614641407535314,0.569640280081346
0.612971964175394,0.643090799279091,0.60658208272617
0.662819061647135,0.714242704561318,0.639588910940122
0.756975240504813,0.809530312948175,0.74419650408056
0.787778383481905,0.870450047698272,0.775211819992119
0.626952486076968,0.667382238299374,0.600384351746614
0.642747369709308,0.648653557943581,0.613286442898688
0.683704990112272,0.802745928123784,0.703148880599436
0.781005223826454,0.989098678110814,0.85749508649653
0.690784500864551,0.792169720629123,0.70755188584663
0.718147108274753,0.818515430379126,0.765636592907849
0.705866910468414,0.786479313730264,0.713541037232334
0.747752596582944,0.821146165669183,0.75894190549692
0.759416060925669,0.825050342828358,0.791932082800714
0.706604912483269,0.794288792277043,0.688925363832461
0.748520561348145,0.857769768231476,0.723689653230062
0.803613638380241,0.910897572155444,0.783770792174593
0.80619483015977,0.91749113228742,0.787409092889448
0.903136709395402,1.01041546625497,0.887085661699535
0.828074360345031,0.922902282475207,0.815930481431223
0.955296950257332,1.04934262232145,0.95948665927794
1.24795315071047,1.21367473718651,1.29954907163248
0.758189723177613,0.816012934780549,0.745535053183354
0.823958776592304,0.841428786924483,0.821137071022431
0.815242532706319,0.881012324139644,0.80731625537128
0.920116336732121,0.95647170406435,0.921477181759099
0.729466709007196,0.840219283455103,0.723738903790177
0.777173103797686,0.918198483911864,0.765360673967072
0.757135731750616,0.842782378399485,0.743148827926292
0.759609026521879,0.816433412209449,0.756505061857761
0.83330770082075,0.915268100960638,0.780037896122026
0.887542653913973,0.977338016649183,0.820765341766133
0.949999332439718,1.04802682812782,0.861423319649036
1.2450388427383,1.33462074098332,1.04154606886729
1.1786225365129,1.33717219917783,1.0392615604621
1.68639898551292,1.8035688303528,1.53417090241915
1.65121342451699,1.81031520176968,1.53282733010087
1.67342269603532,1.80476653571911,1.54533687002303
1.35227937129915,1.390934121382,1.12017047435146
1.82653244393756,1.82790960241846,1.60827826703558
1.82452393913417,1.87483824596844,1.60678908480421
1.86041598877416,1.87477482475314,1.61437519050935
0.822598443474021,0.880269519496494,0.772471819942951
0.832669379546265,0.88680426696983,0.799241833076769
0.872706510027816,0.917193631307736,0.806696311135227
0.932333169560633,0.981780708074621,0.863943226024382
0.893723451610963,0.922197898584669,0.820841782727397
0.89553475436753,0.913093679913357,0.832878365536541
0.924073382003071,0.971164553963287,0.899797571580907
1.21169649263287,1.17889569255439,1.34060725718672
1.20941390556199,1.33680437539853,1.6296189358118
1.74941750131242,1.81320204647249,2.1210598231631
1.65992028644069,1.81573601274939,2.18374563839475
1.70713053834385,1.81826198454864,2.1246334874452
1.18778060634635,1.17929162222121,1.08942914007736
1.43470561583168,1.46523457304513,1.58265805222191
1.54338855515416,1.50009074498564,1.56455229776519
1.51712282731265,1.38856553669857,1.44486347838408
1.92613681208552,1.82417568239214,1.90025712092327
1.97530655769372,1.80370359464261,1.92895906650509
1.94968393014704,1.81693987776079,1.9018104126319
0.987186903920275,1.00378731469634,0.871776348930116
1.06040207719752,1.09308978559633,0.942052828269189
1.0487774289442,1.03177639133049,0.91264846726707
1.05952705022488,1.01964143458055,0.930536633942657
1.15994378964902,1.13980618282758,0.99890292736035
1.19727516437357,1.19734963191475,1.05037622260597
1.26311020153653,1.17596874879777,1.04342533519112
1.2860794400843,1.17595463358424,1.06566018764856
1.29868766286465,1.17593544740568,1.06731413673591
1.3802482937825,1.29003301100111,1.1393603581917
1.42627566445427,1.3878548739695,1.36722108147599
1.47477099708864,1.33279855344766,1.31945333505993
1.20171356763862,1.20935355866706,1.07380043508012
1.24143056589735,1.23859528013608,1.12117964388437
1.26602215409511,1.31260558650046,1.18805557422628
1.29244461659491,1.35126391069252,1.23500228682438
1.36960862270139,1.43231383549047,1.33070381817738
1.377639855235,1.42540723134841,1.37291538684091
1.42549802346995,1.51914015805375,1.4477653178433
1.49223633994911,1.53559187547414,1.3802718300188
1.63339441529055,1.66957113399129,1.53352189771679
1.50618225335605,1.53529630644323,1.33264603131304
1.46335399634856,1.4920856828929,1.28248176195949
1.64381456972967,1.6468426263575,1.41311237762782
1.71667937272343,1.69028816874397,1.48886943227896
1.72117212382797,1.74778989520997,1.50458104263466
1.78807630514488,1.89709629679965,1.60536515260234
1.83903235830559,1.96105280091051,1.73303099919346
1.84141517012358,2.18424700753953,1.94866380888929
2.07881081437418,2.61433403057832,2.38475209547312
2.11048748440258,2.66994376684359,2.38260739642726
2.10581796525345,2.44083112660594,2.22332807629257
2.55485466470197,2.87271909920015,2.66839880117438
2.57219155447984,2.86018649799303,2.66864691963162
1.69665247129374,1.66665149687256,1.42307067827317
2.09453235498795,2.14793200086127,1.83919817343979
1.49309197698724,1.4096816873417,1.34432749982743
1.50477607290198,1.47963771346056,1.55844195983735
1.5017128885108,1.37594163871909,1.35095806936124
1.49364192817825,1.37617016776924,1.37468197272638
1.48655372613484,1.35547548796785,1.39153800156451
1.47646303253835,1.37596335755244,1.44931897783319
1.58266524450198,1.4508545030642,1.61361403662658
2.18460278014409,1.36976032596008,1.63179900260429
1.48533780422985,1.34275770029144,1.41723119144629
2.02305902909279,1.38083638236988,1.60645928358616
2.61490047322365,1.60548182773216,1.99358663600424
1.47784140786562,1.49746227896804,1.68233121039347
1.57971499311893,1.69179401157891,1.97134150190126
1.53391476154835,1.66734609195267,1.88605054732685
2.15390653225952,2.17925329428489,2.61584748310916
1.63339742864754,1.47380462815422,1.6325336331189
1.78589426162326,1.67958734006355,2.01381724196956
1.72893969309824,1.49872835226649,1.7073667588148
1.78156401447476,1.52910018319116,1.67438180401158
1.90865372649407,1.63933504021942,2.08086623449562
1.99553424812887,1.72468857684374,2.2215828521564
2.07959833587929,1.89278985856396,2.60338884180922
2.16950151270518,2.05643382624876,2.88298216684092
2.20770976592813,2.10687824381516,3.01279243693388
2.35816448578469,2.24098386990682,2.86348152730136
2.55272134210664,2.49569476626917,3.04570055050124
2.00385727743985,1.63740557561771,2.06346557886048
1.96955145308465,1.60844171114509,2.47862127578239
2.24576888629893,1.79985553308269,2.10126748306606
2.3649879988504,1.91319727555747,2.39559693916776
2.44160744283586,1.92435851855469,2.22877974505123
2.69090684001438,2.14467559329728,2.53724908237368
2.55762823437404,2.03358143189681,2.39264613601588
2.28355687715035,1.77185465801037,1.97444929034776
2.20295886127138,1.73462314058785,1.91413415914497
2.31013765870808,1.77442871136065,1.95502765480399
2.44408723321318,1.88677818696611,2.09558215680663
2.20142835882492,1.69446359032505,1.86606610600545
2.15223903607801,1.6896557097951,1.8716939750175
2.46341553576103,1.90170679941535,2.13105789360416
2.61572436873731,2.0615676993676,2.21795778180661
2.62057954628022,2.19486629973489,2.36581761604771
3.09991112953447,2.47954424239228,2.67521138684897
3.35870919116472,2.73726241581843,2.88963394532038
1.99712892156609,1.53502403477932,1.69736313615201
1.92297295457,1.53304842955721,1.77472393613567
2.01571075262139,1.52292653940542,1.6736271271071
2.18404012428823,1.64623684217925,1.81394649589444
1.88944188728258,1.44407375120832,1.64963505329674
1.96868233980286,1.51906079760438,1.80401945091963
2.06395797931731,1.58605896397758,2.00401486381326
2.06463522786993,1.63576902030463,2.14201068249181
2.04794356086269,1.63746032008265,2.2558260169596
2.38749030565026,1.84385630002039,2.43460447230999
2.52543821337254,2.04296821137426,2.66468733913627
2.87056765350591,2.29941517376044,3.11507443705691
3.14495106093005,2.59274188022224,3.4254895484564
3.11556883060866,2.54280596649546,3.53201529183982
1.60146537389708,1.25619976997852,1.34449017298857
1.54229624491663,1.2286033093675,1.30659847394301
1.52255734653531,1.22963564880771,1.39807301089347
1.67960753824317,1.35851719356134,1.69866384949276
1.31034040140046,1.12529073847142,1.26976886077052
1.22446583647041,1.11514101270962,1.25330232376314
1.41898694676122,1.27318907112057,1.66947490529555
1.64938567762332,1.45882440025572,1.87103602432076
1.42730238103131,1.38564526610505,1.75169078457313
1.64106824013734,1.4936944903805,2.0486601039051
1.88884572548076,1.74082826721726,2.4810536250728
1.96123610746036,1.75781851621581,2.42475884536113
1.78180182110297,1.69385519325793,2.17113514258333
2.17144573640503,2.13187063681259,2.60718636034809
2.25491543163373,2.16166834991293,2.58812695521115
1.24195015273449,1.05582267015494,1.09626888049941
1.46684380938327,1.22294028551737,1.34746263794687
1.04538182075957,0.955943804286071,0.915505372514801
1.00596112742618,1.01132470272394,1.01030697052577
1.05612537663945,0.956523981690199,0.929651479304397
1.18608269865776,1.06617181198797,1.10299454458932
1.06813218060314,1.04524321387786,1.20270564605502
1.16879523095068,1.50428240607045,1.63102004186608
1.04613381435474,1.29490841114816,1.7363390715536
1.16638536590476,1.18956863642513,1.08667962015948
1.60169795149445,1.69337865539552,1.54221542417113
1.52467565623767,1.77813148503117,1.53206310549484
1.09823813629657,1.1060452102206,1.02648940956433
1.38207044486072,1.41329168288634,1.61609427090211
1.46431747076533,1.37704192999005,1.49652069203378
1.14711500972793,1.21376441491487,1.16632990562142
1.48705175162701,1.58819152770831,1.69948211737487
1.45481357083212,1.81040832580743,1.74464849369793
1.34388901319849,1.07635872558659,1.23492732505826
1.77105408201947,1.54648090533124,1.68932406667419
1.73109877128923,1.42057357915327,1.64969077585533
1.79630263048797,1.48815456243005,1.60874778870424
1.01248069931539,0.90678311406919,0.824829665333958
1.12279765260292,1.0112107331058,0.904595123445286
0.935965665861073,0.856105459438076,0.771155052516249
0.959050593397247,0.886209737266716,0.832673877075403
0.919400195561571,0.902085937593454,0.786622010646917
1.0760862282985,1.12459213679228,0.984648473296201
1.01720418138076,1.03838204899821,0.896532105031069
0.774273409766387,0.768287812022528,0.686753568677048
0.771964610294252,0.778402227709281,0.709942139201503
0.744962062255858,0.749310393314204,0.677393218132674
0.790817253607094,0.801034793353589,0.727240658860071
0.712424913508844,0.729773021733877,0.661166562451338
0.709322110907459,0.740067891848121,0.665211218144026
0.798030674823376,0.840522603835856,0.733650910670608
0.866825180451886,0.909277185154497,0.795304241429892
0.838069020688739,0.898825970753863,0.785444764974743
0.862508300493465,0.90596710638037,0.77814435988037
0.96813636470719,1.01653126733402,0.874382406633284
1.02576492453868,1.07535737261304,0.942082654375383
1.07641542087982,1.12045960599473,0.96288585597526
1.20260158888453,1.24795114868157,1.09019839864694
1.0907854041275,1.12711293306014,0.970051053900009
1.25772127547483,1.29137797949137,1.12607826749225
1.41920160090432,1.40768740396587,1.38149221289829
0.907259948274734,0.939641002848601,0.812527047994968
0.922477900433856,0.943862825639339,0.834419275628272
1.02084537118839,1.05277849845033,0.909876803540532
1.1118361968308,1.13573843183172,0.999913879725032
0.668540053753579,0.675760102722133,0.631264341702256
0.733803892852165,0.7517421215285,0.719618517719572
0.624748874215486,0.618236557976967,0.573601693394349
0.659432707933857,0.654173032152303,0.602380934938809
0.581322213749225,0.569188170920215,0.532115246132911
0.623406969301404,0.593336362400045,0.553640684705629
0.586820262650903,0.589817114213849,0.534694694342393
1.049694674535,1.06345096743766,0.759092895280944
1.10340132514288,0.966107762033553,0.722729667675657
1.69075807791815,1.57571776727676,1.31603891609107
1.67452940600238,1.5407222434876,1.33627922371457
1.67845477167652,1.54078645457514,1.33585480381564
1.14474100365305,1.04129583187449,0.799012855901031
1.70441493946783,1.63747036335395,1.39771464575327
1.72135658155164,1.57614202932036,1.36181347766971
1.71964363744195,1.63644587759526,1.39247045676949
0.572149829762626,0.585646135098942,0.537256567487265
0.622010074393952,0.652949950246451,0.587383361207331
0.573616722317823,0.593940730597768,0.543061708532874
0.59231195208273,0.604853321556352,0.564506275697151
0.601719866054279,0.638768743543371,0.56886723710404
0.619289771705833,0.679958861678323,0.594191557963413
0.701338953437676,0.743162013179598,0.666099846447429
0.772271544653884,0.836040213580411,0.738202086565259
0.768079376436905,0.804149142082386,0.738702778536856
0.747436289296884,0.781059860754679,0.697507512621404
0.814232387213477,0.862347694647545,0.772831916694296
0.8718001945215,0.92500215794516,0.84346324730503
0.921179323969211,0.996594856735903,0.889423010522716
1.03764739100125,1.14203512098835,1.02660505189135
0.978330264863429,1.04764483280919,0.948308251038593
1.15683740120971,1.2527405658493,1.14873566576062
1.27455924602352,1.44176900189106,1.5082357043659
0.855620341822497,0.891358950035514,0.807547454039669
0.931141163912609,0.970684169983774,0.895424396133408
0.967237841020709,1.01295714737917,0.930186191560574
1.1124476804722,1.15397411081944,1.0895407545959
0.578535617777442,0.615942198761531,0.537368351632363
0.578035212553779,0.595042451231079,0.540280445350736
0.616614423544477,0.683322388483723,0.565480458447422
0.668559270772596,0.759591637099958,0.623043482796616
0.6407474929225,0.707145477645759,0.565208911293558
0.675874900746524,0.713577589712186,0.597481981340488
0.689896534696191,0.800148011807939,0.571930208485127
0.849280424048222,0.995840482406888,0.638908978835841
0.815866538164198,1.00919116807369,0.633971398612058
0.652671729721019,0.667261955176312,0.548003736031954
0.68581289437769,0.707469153177429,0.574795677748528
0.758975323107338,0.835254278557486,0.647520130475674
0.787182426714515,0.748694361282614,0.60072782414508
0.91130515710793,0.897768755678078,0.694060131222196
0.848555394120256,0.751134495652424,0.59387819235348
1.02934248301512,0.916037087504815,0.667858381591136
1.11540267731327,1.00717165921438,0.673519019350107
0.76084903610987,0.708744000939064,0.588451913053149
0.865804711785328,0.831922228056128,0.669561185777904
0.849741845281056,0.74692132664762,0.606002092342732
1.01037311609991,0.892592529914795,0.701634821268873
0.676169392509285,0.734096914578046,0.599562451920833
0.71171880967467,0.774351868715527,0.636643395640129
0.7155470065504,0.760939914981567,0.636131366289668
0.726634353111264,0.777290343613763,0.657516862071462
0.780699533444655,0.817019728843145,0.689879081098509
0.843789987643308,0.886510803380083,0.71618499378242
0.937923862311209,0.902370271415174,0.817152629095813
1.54724360501737,1.4940579366644,1.20925971609047
1.41914596320862,1.34897262697909,1.10229021940584
1.11027367505352,1.42514315138712,0.943270179333744
1.58848709935959,1.99823905983252,1.22060137630334
1.71807314623528,2.1230208458757,1.34646822212034
1.12493480688223,1.36139275966164,1.03240123589473
1.53396920810241,1.54845053867765,1.49846132651734
1.37982587494904,1.53077736542302,1.35986600606573
1.19127117710075,1.4432903385432,1.11269690467934
1.59298814383648,1.79031843400737,1.42128176283
1.67784954477219,1.75441900759714,1.57393579093513
1.13290107617606,1.51795254937839,1.15346620793139
1.52440433092111,1.8390922935671,1.57614675663985
1.50487325392378,1.87197653692745,1.51972163616087
1.52598540022275,1.85735300709251,1.50286109737209
0.74486361730247,0.846547679980578,0.694972640993694
0.769699736809224,0.868420195493335,0.744229025654578
0.785642958572,0.947754101978053,0.73063697819689
0.868977051164226,1.03417469080678,0.807140060875042
0.797406833529929,1.02299815790208,0.747325288587288
0.857761319188251,1.08268430215047,0.787728172061948
0.869708823689812,1.11512611489954,0.787313177033911
0.800964739946305,1.03118468069986,0.791823473337353
0.920993984979873,1.07804535198547,0.899670650033361
0.799403515823986,1.09491755230817,0.806298219240021
0.841595860269396,1.15252945618399,0.830047964584741
0.833040342847622,1.13943693536361,0.856720989306576
0.870986232519405,1.19093700515902,0.909498686879619
0.936733456732349,1.22487992736621,0.979349083552205
1.22965619307202,1.45150298656861,1.39470720644983
1.24557816059238,1.45286049277393,1.4351467160393
1.31069088561351,1.47621223550925,1.33084682014526
1.89317326431857,1.94119393864146,1.96531770512494
1.71638323394426,1.89943483502924,1.62760383015605
1.90791542249118,2.17647015576095,1.66314400159603
2.15305445327278,2.24863157844052,2.14467161119835
0.810612173011404,1.10949496820774,0.816856109023318
0.827698940552249,1.10305514692471,0.827290687166082
0.844980748206993,1.14655819653679,0.844331989608534
0.908017215678334,1.21277316454102,0.910756718212561
0.860698872393878,1.15290720768169,0.854555475239175
0.915235385703379,1.19895827676558,0.921138987489824
0.941975062974364,1.23218602055232,0.944350181376864
1.38592415420962,1.6524902909318,1.34463845452614
1.38438544644817,1.53548437986679,1.23206286452777
1.48247316466874,1.84969315205831,1.53476224046979
1.90061555721241,2.28297086933527,2.00106066209412
0.814662623254518,1.10975896497853,0.800123280973296
0.839825087368778,1.12329785163119,0.813503003062536
0.807284910069813,1.10511704453494,0.794264195678632
0.87461030974543,1.17204506295078,0.880106039779148
0.979229654286684,1.27184629021966,0.987838250036335
0.948161893944716,1.22242246562096,0.955454841806876
0.79008030789424,1.08231078692627,0.764775635855324
0.777791301958803,1.07337230907618,0.760889145820311
0.856139737124713,1.14160261421243,0.831704292811722
0.997786167407623,1.25402064346611,0.95082734064015
0.941717506773192,1.26704377526025,0.947662652462256
0.911268584540514,1.20791492502166,0.92108275948131
1.09984956447111,1.40916614427077,1.12155287036029
1.03618893920553,1.3513004749669,1.07078335659083
0.803297157989834,1.07454460775375,0.753868814414372
0.866501165810133,1.13467988185777,0.807643112568861
0.78551785568247,1.04564761554243,0.730614421932732
0.787449162378791,1.03476876877722,0.737512632606361
0.796034844632962,1.0481551868816,0.725195546549893
0.823197624763056,1.08078619670198,0.759849906683909
0.818760971343085,1.06277181312785,0.755631897884793
1.38606331431258,1.42959045752765,1.31169413424338
1.28146987893039,1.5615068518632,1.27284547732751
1.30320554749741,1.46840573757553,1.28820979873169
0.819106917885506,1.0682209799439,0.729169286393892
0.904835717757942,1.14035701771819,0.797249290070335
0.852127581352202,1.07502472806183,0.730853874658832
0.93939947847199,1.10314000228277,0.768479008865955
0.877336165005791,1.11945901470146,0.756887217420905
0.916575738803293,1.15623173306009,0.793181227331748
0.992929673498188,1.2322499857801,0.819468085352986
1.21458199321216,1.30419549755091,0.93100026871937
1.25341278480095,1.51376435333873,0.952897894586131
1.3508871090389,1.85224072506787,0.868045096830111
1.74820731531575,2.38115685351902,1.36068105409125
1.8665928883602,2.25098709443901,1.3262841362461
1.75184289551307,2.18318815399515,1.40488204241618
2.2393392646677,2.66857741370918,1.98800170306998
2.19039104261659,2.5015448679721,1.99775755454339
1.98053540278725,2.42236436548909,1.620478545192
2.37942344655078,2.73880519387421,1.75989685348896
2.5033045454794,3.00905295179593,2.26115317847428
2.11414158071438,2.36962062542103,2.01638519547197
2.46397229043879,2.61101315123093,2.43101830477064
2.41242968464173,2.56344991039204,2.35751732492171
2.4417443225157,2.6087640218045,2.39191803329535
0.854953236219007,1.0850347059352,0.754387213985187
0.914480094697912,1.13204597411153,0.831400138422168
0.85492279882363,1.04298798716835,0.742739543802551
0.905947009742988,1.0611914477852,0.795264932861034
0.852997383208602,1.03024978953448,0.749912517510936
0.874257574807831,1.0378105265576,0.779167291381039
0.910896431846634,1.10486149211681,0.890029916121605
0.974072217263373,1.43728757552978,1.43382417116338
1.0014100691066,1.56236305918454,1.52778891297193
0.985987570186024,1.38122360900336,1.04247169442801
1.11150448109498,1.93547894841797,1.71550274479648
1.09539015956804,1.84076962208876,1.61213462163198
1.11571241290054,1.31962663131739,0.957806144555097
1.60799638554364,1.7227484244573,1.47680576516732
1.64263057941385,1.7318041000281,1.45210967557972
0.843605945378103,1.01901396341844,0.715510870611943
0.912215292679152,1.06389640285627,0.797930782295048
0.836062572037195,1.02790501472787,0.686105017253367
0.875631100382402,1.06987743667059,0.722007872562232
0.835979472922376,1.03442426742467,0.668358987831563
0.847369683248435,1.05322901554011,0.682592836490609
0.875383322185197,1.05980673330949,0.708923894656374
0.938268149988998,1.14536905622788,0.881292060276656
0.943722504778243,1.1545465505448,0.917977954061852
0.918063874894841,1.10398793448604,0.787208107148126
1.06250779157568,1.21774030673893,1.14928769683556
1.05860173373203,1.18940741728156,0.991094055595815
1.55237521387303,1.63747514413109,1.50746336000895
1.51968541397199,1.61289136291376,1.50115648859198
1.52008261937169,1.60998957187313,1.54145369413047
1.03321427355537,1.31204173811303,1.11539080327774
1.52192904678058,1.7272503285924,1.64847632000058
1.51159818815702,1.74581922577081,1.63595645274954
1.50087711692294,1.74889997453522,1.61373565304037
0.854019836993012,1.05016827125903,0.678147855154697
0.914121731501977,1.10173026362287,0.733508757275171
0.863577691371231,1.03589460874941,0.67210075286492
0.882105382090815,1.01848527596152,0.682977149056768
0.941296732706877,1.04405820536215,0.73269946876833
0.91790329528096,1.05482514576238,0.745693816102343
0.883771262555856,1.06752515331257,0.696495638724619
0.939648904675268,1.11036145212261,0.744053782182955
0.990527749468598,1.04904693353387,0.702779438551719
1.3287995939206,1.06910543058337,0.730839412388313
1.32693794168539,1.09230540383991,0.771899948210616
0.939834300378912,1.02185190692198,0.698868790142675
1.09817449354373,1.03760398330157,0.745520800001086
1.16755661963732,1.06825549091287,0.758339511261843
1.10204477995591,1.11625112291361,0.719576797073989
1.53354169592747,1.13803330080017,0.743185676658728
1.34789885441712,1.17499462105345,0.764815899752536
1.60249374474821,1.19980504811899,0.805796869957477
1.72777238437583,1.25295730229652,0.813799209774634
2.12789352562382,1.32888979026281,0.863139833954441
2.37033871760448,1.33999766646844,0.897565380228631
2.87433999190235,1.6719708996404,1.38853778114623
3.08067591674429,1.57524227485076,1.45357579564008
3.48818988192414,2.07810333676949,1.99001578522654
3.47004880665056,2.02200434380373,1.97796527910083
3.4916178381151,2.04898808196297,1.99100363982627
2.51335316516301,2.0955257317661,1.43512799272836
2.83873831695312,2.60140893750932,1.98502294118304
2.81899650321217,2.58217948323195,1.95422090997756
2.83179306450217,2.5327972946916,1.97741389007644
1.42338742103903,1.23073543159682,0.815736857261796
1.73507114609992,1.31973473733956,0.888434081258429
1.14893239517886,1.17641215108557,0.794475810497745
1.19349527632049,1.18557229980427,0.811096481364974
1.27950838575029,1.18443028236621,0.816631778699733
1.47469544346756,1.21187691225867,0.837189946998055
1.62637273225896,1.28757973530002,0.930187880971442
2.21392284356989,1.40720068962999,1.11555640022538
2.04168684528185,1.45601163768036,1.14313484311748
1.95681231273234,1.4324935143431,1.04055076938051
2.58319898279593,1.70650244656622,1.32271740280115
2.45646297959418,1.73265858170531,1.39571286224264
2.67562352196846,1.93889226313918,1.64098526411887
2.99850313566131,1.97561210491706,1.64696965170966
1.24925599621223,1.13374300068393,0.797131661876681
1.57961556783855,1.1851739166886,0.874906199637089
1.15007797506755,1.08905588536587,0.771971888320056
1.32773428967489,1.11747791100996,0.803821553292237
1.11060356590719,1.05742169501238,0.777203373496556
1.14157865270788,1.09881384940456,0.82391381298691
1.3056428505565,1.08588365339414,0.822662338431943
1.49767120581396,1.10164633433942,0.840693977972154
1.3363343075463,1.11569398848299,0.895653093631733
1.6547541434896,1.18314731789401,0.897914582423397
2.01864063277465,1.34883913512519,1.02420319869124
1.98496919996209,1.36244475930414,1.03126300825321
2.03429223165782,1.3376926658786,0.969828375785353
2.59699602790858,1.54777560598449,1.04101192241341
2.5416079097963,1.57702098286536,1.21879416361825
2.81670145603135,1.61572779545768,1.31071845921789
3.01359910043441,1.88009105651507,1.44600494993311
1.05012940928074,1.00765486367665,0.760043973446433
1.21339173259549,1.04043666388976,0.798484963922723
1.00299897001198,0.992871967526456,0.788076529715554
1.09324949420736,1.04775192439724,0.868338290880398
0.998385056875627,0.961385789925564,0.780142176936813
1.02487737952735,0.964497309519325,0.774399721499034
1.15364776608356,1.02898669101176,0.883511299395535
1.5233163048247,1.17113761338884,1.05599109239296
1.31995878056154,1.11606305204702,1.00089958348354
1.59817161562268,1.1135677507668,1.04534209791309
2.28128565872848,1.56486823246935,1.54958170608828
1.97105113017379,1.41634348978872,1.43191176600001
2.40123093879023,1.89104894358056,1.9136535474889
2.41963867199797,1.91437583027104,1.94539879969006
2.39194999589985,1.89673913155969,1.92455172876122
2.15042286781924,1.51563153783508,1.45522646913916
2.58950778739379,2.02124481180519,1.9456841191091
2.60282351162128,1.99646055983548,1.96717732691741
2.61362774458552,1.96141357058479,1.93263511975602
0.952728821768544,0.928373279506862,0.774006211424892
1.06412307338699,0.992519070009787,0.867335939243021
0.902962428621064,0.8866776665118,0.73301886288094
0.939815770871558,0.901764935405545,0.735765045863194
0.889136702515623,0.859442808217424,0.733732390106883
0.973784613875111,0.901619042929188,0.785349879424379
0.95830415960062,0.885575277465153,0.753192786937574
1.02397015831971,0.977812937470906,0.820402346214083
1.08218454061254,0.974692016913106,0.875283339211334
1.12352441250579,1.03121164344765,0.835611100503958
1.52869619535225,1.32584417886641,1.04771436793196
1.40627009294271,1.18210826515643,0.958808075813458
1.90677006289479,1.66345540153001,1.45942953062933
1.89340663803531,1.62487790008018,1.46381901191101
1.90272393262558,1.64963797203268,1.47040440331799
1.80521023003197,1.29314160246921,1.05427671045468
2.28483276249255,1.774403631565,1.54485550696306
2.31608648036518,1.74545030846137,1.55863478717228
2.29525055827582,1.73188946588244,1.54607248597748
0.834848312519425,0.81909256014656,0.714464843293055
0.890990619705913,0.877578764821671,0.768251533733299
0.83015033460655,0.803316428220222,0.741228699881572
0.923612645998652,0.870705553555689,0.836595883347837
0.792942533632007,0.77289667669525,0.73090379474032
0.805477559146946,0.784741147333566,0.739121760529738
0.888987257799255,0.851612100607029,0.825040493963577
1.28508959209556,1.10394027918905,1.08383124117643
1.3342803050707,1.29539714045788,1.25458922542371
1.65417488175855,1.54329907096758,1.52579618486845
1.40151415353317,1.3179368802692,1.27884727166173
1.90671494042494,1.83064409129436,1.83353507890697
1.94149679930102,1.809493634277,1.77507085345311
1.92462640881326,1.862710811758,1.77741009932256
0.735503227438822,0.732846476050901,0.705637924755064
0.791907002750254,0.79724862154538,0.8012849439024
0.700990656589534,0.70659772576834,0.667979854538534
0.740936987043375,0.753587654639498,0.704237650091427
0.674177365531862,0.686260586233519,0.651356352650139
0.697729792919602,0.711071643367352,0.674482067647239
0.680596277206961,0.69589833704644,0.643910337910211
0.735292271896515,0.747061099267217,0.697074777668054
0.732856440668483,0.743039622419874,0.700534823021065
0.665991859291783,0.704302207210635,0.608355654596915
0.722154911126223,0.76034724390904,0.645391631483351
0.794354040462389,0.821181456238561,0.728136226449605
0.759538045175334,0.819253466153237,0.649164007282053
0.867476889336123,0.927313730420215,0.733361408304017
0.729536044539719,0.809573336070447,0.619547563707156
0.819799248458983,0.915455137135707,0.681143503818337
0.786871191876286,0.914176353132233,0.674131563169062
0.675888256751031,0.734378613067643,0.614239254950155
0.724948499557814,0.779768053509979,0.67389930255958
0.702057439006926,0.776173217592179,0.61673027421951
0.763984820360543,0.843237953632187,0.676899507734099
0.673846520718388,0.684907427850377,0.665305550282571
0.774972939390656,0.788333711222464,0.754763030175225
0.672174855789263,0.681050881162005,0.676800047496278
0.736450987480599,0.743626576054888,0.737201220728427
0.67718024895861,0.687845689373609,0.692106658118771
0.742509185275238,0.748271553354311,0.737436924964162
0.801395930237154,0.811336845771854,0.828116009349923
1.46284271485646,1.47415752463937,1.38034591966191
1.5437957034643,1.50842471188333,1.54928834563492
2.0491253443434,2.01646672747401,1.97804596032961
1.54670181863134,1.49005194783745,1.65209967060934
2.12640636928622,2.10978965173883,2.24256727711315
2.14209723471785,2.04559025201721,2.21033651873932
2.12986716323749,2.06130469797964,2.22984027532786
0.62527104274906,0.643763123029656,0.644393013999461
0.660392884883937,0.686505092816648,0.67555405908673
0.642905634760685,0.661583349039373,0.65928670004282
0.701525324902918,0.719053622868727,0.706479464677993
0.702329036629341,0.731289033415779,0.708567266894454
0.866403442707113,0.876168911303295,0.871094222178333
0.880234101704136,0.922610963060727,0.844914920584255
0.608226010792521,0.645514228791183,0.620594675517424
0.70586451156032,0.760289371862437,0.706163140782977
0.666721156110599,0.711528665474165,0.628031650132017
0.858907974716538,0.933172981323753,0.754809087186511
0.630947411733814,0.665503705525733,0.602945979006288
0.690078704777552,0.711798607492085,0.640980739307269
0.77901592211947,0.798974520705268,0.74252307689832
1.3270989923104,1.0560438272589,1.26256715407573
1.14315880276242,1.07803182004296,1.16454190673168
1.28401807437663,1.11947425457298,1.23078940986372
1.82782059084362,1.41819436158248,1.77883391329109
0.560831213252711,0.573062756829943,0.547072397977919
0.633499823245689,0.644135645437786,0.61038827830631
0.533500600229961,0.533777992877778,0.533028016023965
0.599007640378996,0.605038985446632,0.607979225560705
0.499909048609347,0.49883304702707,0.491972129713697
0.52138903962322,0.519512791505385,0.517523387939669
0.527652340839775,0.519339800535319,0.503332669176161
0.562728389484352,0.584035345251891,0.543279963483159
0.592464462059532,0.580240738215959,0.564690321437227
0.554611932285648,0.542866075736831,0.538051439330521
0.620670202514122,0.617403658854373,0.61254546653415
0.690778419260669,0.698786207131799,0.704239706342942
0.677699808700294,0.694578479299359,0.691949912468221
0.77027873655116,0.805502210663954,0.794230522545415
0.667473132868378,0.682776796810075,0.708997919395976
0.607726378244344,0.617519562218244,0.640377306574729
0.702631847805072,0.747499508873835,0.805715657580308
0.744454608685004,0.814846408237292,0.849390893173134
0.822157354034824,0.887965516929238,1.00852454763537
0.953078957539301,1.05360211598526,1.20132528239009
0.776525557714687,0.810790198155451,0.886673042787971
0.866048781955864,0.9145910705856,0.98325037890615
0.84242664417364,0.899036202736978,1.0322274859543
0.968970808658351,1.04449973970357,1.22661696294155
0.485302790042659,0.497726753054133,0.484167275129745
0.566837258364715,0.573716548049017,0.577410497781357
0.462568580235474,0.491210540089871,0.457083411981058
0.500506009688635,0.52594705152813,0.497325669789689
0.460667146751831,0.49955772570772,0.449354819202284
0.495457947081891,0.53938374855721,0.486842034004573
0.502359348686042,0.528568950072188,0.480705463508907
0.553990666663719,0.570557675336268,0.523216752076682
0.560835477699338,0.579434131017731,0.537455801178903
0.544975071770812,0.562452669644338,0.519123783430055
0.601474090225208,0.617871804442187,0.604215910270029
0.677906275396089,0.676021705702849,0.612524862629218
0.456221999469956,0.501251752753756,0.439241296264525
0.502913730302418,0.543465992667717,0.470041241169775
0.477707732326966,0.511820763289076,0.456920208922009
0.536335006433268,0.547294557062101,0.50874412997643
0.480146975764818,0.517625117036159,0.457465643760925
0.509931309361733,0.538297547085556,0.480462064440942
0.525740909544213,0.582079625538694,0.516339998034721
0.588638834325149,0.647887358128287,0.573737542409346
0.604441129913664,0.64414978317638,0.596742727339086
0.59549630792598,0.66101709972801,0.583578073964097
0.74922451838634,0.800980635003351,0.701093893448986
0.852631970645491,0.887153124871932,0.80008677101568
0.925092613202596,0.966693694348893,0.86171462425017
1.12507217231098,1.14705743322664,1.04360599657608
0.973516096210628,1.01883509515092,0.926022818715035
1.16851389354774,1.20587339741497,1.09957034419518
0.730951143410851,0.784682091652188,0.747369373317417
0.824617294112103,0.860514518993183,0.864592963355225
0.913375835871939,0.962255080142749,0.909098066381502
1.11266898976065,1.14979332668485,1.12075019213248
0.480443337907734,0.511267789550831,0.459497892549286
0.517800053309951,0.546949364242882,0.501219944151991
0.494561307099793,0.526250200725414,0.468228402441998
0.52520353304128,0.562685156409118,0.497038399381886
0.504904197378389,0.538937784246014,0.47995826874717
0.548344753835293,0.569647696084664,0.502276411187499
0.540342702475366,0.565965410747374,0.523287451355511
0.591848558935676,0.599477733395569,0.563076899214602
0.62547527965669,0.640339250995314,0.589580573591265
0.716118784980321,0.721580825163427,0.657836725535024
0.606714661420067,0.640088052200964,0.60020566552669
1.23384504037922,1.25207629898241,1.19747885712579
1.22395044523894,1.2131428888777,1.24155768126716
1.20384733896922,1.24233854193735,1.20115350330473
0.521146320509331,0.575239027796643,0.497113175485432
0.565299960211706,0.615559620635678,0.543638971637151
0.587834340152113,0.646538381567069,0.560071172565524
0.686154783827143,0.71972888464041,0.645358951599423
0.606836770433752,0.696922084556072,0.587984662049318
0.641585281871398,0.73202508569291,0.627924197944196
0.698128230977135,0.792168602599378,0.670268532138441
0.96817131372212,1.01436613288236,0.868806002494217
0.948922259300752,1.08643355467489,0.910078823995368
0.940320747858846,1.00360984281789,0.844704381988435
1.30143735880131,1.3148356781172,1.10659562732217
0.636569250727279,0.736193837310887,0.60506074816693
0.715622911077742,0.776574575793402,0.659058807065358
0.663178894948057,0.793058884332599,0.636974038791679
0.700358086390781,0.82841250263112,0.680532087915304
0.701555693007489,0.851645935160142,0.671509102003376
0.730312046056587,0.856033485363087,0.689889239127483
0.739087826435232,0.916633679141712,0.722010049504532
0.810042384804709,0.996046541276022,0.783669468477418
0.754224920698208,0.919544136846193,0.740673519256111
0.774348634011903,0.961650823210961,0.762117584907839
0.80517546341958,0.991941606970173,0.788664402411394
0.901370632422862,1.05542979568178,0.873964469263031
0.977216450346602,1.09303031475902,0.923663120860417
0.987441694318781,1.13712266607237,0.955300236364898
0.7289493704856,0.889314440054264,0.688630465678672
0.767110730152535,0.919846359819968,0.716488438520657
0.767750800640351,0.938775224863636,0.725356934858581
0.805837600938226,0.974145212478852,0.775465465849669
0.80434511997304,0.991370120011412,0.745938301417327
0.823219617894743,1.00441109324448,0.756191215810649
0.846942220121364,1.00943595456061,0.782682997238624
1.39554448001777,1.46613897582639,1.29908163430401
1.32913193484277,1.46998456735235,1.30326994399053
1.32482565980748,1.42975630250242,1.33172750503045
0.851069296629584,1.0830943827528,0.805490283953304
0.929744465298891,1.15726840923498,0.902471540890785
0.905139786757929,1.15591999958219,0.859513097370423
0.978211897411636,1.19462765695286,0.906945273527212
0.962462874176434,1.25252071248119,0.963396839815428
0.975889586283957,1.26800182018445,0.994818932414542
1.00521058121352,1.31352056127789,1.07175097356178
1.00914935248404,1.29755336376076,1.09746637483211
1.04481578283416,1.35418189286141,1.10884103029495
1.09492104607228,1.42610256138868,1.22709980014337
1.19350039935641,1.48701643310718,1.30176942700491
1.18371311851362,1.51787982330538,1.38944419946676
1.2210194267077,1.52097168513046,1.41973637786582
1.28746141433249,1.62189626943078,1.53336594682499
1.03060664076945,1.33135534823322,1.02981874501044
1.07088879978426,1.38177250420198,1.04834245353067
1.09728418059775,1.38787934949772,1.12892153548359
1.12336270456926,1.39236867911756,1.17654893630746
1.19013406467356,1.48344887213668,1.23480269500549
1.19553943713988,1.51829801051829,1.27683559785756
1.27885220777486,1.49946728994927,1.28816158155785
1.4897555011745,1.63221471102298,1.58610156689972
1.37363094963816,1.63424847129115,1.48139056974515
1.34166929492198,1.4698333301517,1.44600932873027
1.59202210168444,1.58798856401075,2.02720421731362
1.69261899557833,1.65178423531495,2.04371607873069
2.11417923564737,2.02019231052181,2.49635416347096
2.10893168661812,1.99622349884243,2.48903666723423
2.08800624900043,2.0337459745768,2.54870335109086
1.44130487873859,1.55819025760539,1.73563803635079
1.87339723864248,1.91479135983239,2.17590750915213
1.826486399317,1.89018446465656,2.21306510765201
1.85009325175832,1.96837335098534,2.17419983070633
1.27543555414652,1.60994395399643,1.34713485023971
1.42197889199004,1.7325672990863,1.4917420502267
1.26296971731559,1.64157225379454,1.37660348376976
1.22235491127987,1.60495875683005,1.35399365707216
1.36952905868821,1.77423147606194,1.50331103015026
1.47712332596428,1.82094768569898,1.63909267944023
1.4151488315711,1.844678290472,1.64690485299083
1.49362068642741,1.78668615962302,1.66573875833085
1.62969925663727,2.07053328574865,2.05121859561908
1.99503749619357,2.46544109903647,2.16185131411493
2.46952345949558,2.96416197791757,2.63094137837842
2.40539328592729,2.83429059628002,2.54638667409228
2.37648808101516,2.67901087863335,2.46097645437182
2.93395558643245,3.42957112099682,3.11453831910207
1.3950645057293,1.8514890997006,1.44556234279944
1.37469937155642,1.82849763284517,1.41689316719438
1.52281388655491,2.00937751460752,1.53839159749384
1.60507754141387,2.08642437384786,1.63629139107677
1.61836272228801,2.12944898826286,1.60763670039859
1.62400174089339,2.08283576536045,1.58006407002947
1.82265573345599,2.37216087011508,1.87521523414948
1.94719577751804,2.50598365826618,2.04298319425484
2.07046159775248,2.61371270743139,2.07272919650246
2.0492174561206,2.61564016514633,2.10246542895917
2.36681167658058,2.89784963975728,2.33060789414121
2.4049070121696,2.96683512474688,2.49869387804359
2.58615418728484,3.09948610850674,2.700076871991
2.74258726114108,3.31776019910657,2.79520727293031
1.63291893319888,2.1816292067176,1.61351417142611
1.711413294177,2.24402160024721,1.66023893120443
1.63925117856937,2.21478186759893,1.66515707590774
1.65441372754439,2.20755315288613,1.71973034963686
1.71626344174058,2.33293073147129,1.76088923396903
1.81921481003152,2.50865257564743,1.90707725916365
1.93374633177036,2.60940161499584,2.02673313332529
1.94201049599019,2.55630970079245,2.06755021866237
2.10611546346481,2.78495627466261,2.18718631734268
2.23645869105734,3.13130769226455,2.43332798841215
2.49229337354067,3.52140287364371,2.6733808624985
2.37592803050366,3.30488637921061,2.65122166189162
2.62052590623723,3.50371729055479,2.89535850270304
3.06331688770256,3.89248333711614,3.36328701415918
3.04326137375454,3.87689083258226,3.3137203644678
1.58228196565548,2.08321183892873,1.57619069229521
1.62924319624187,2.086742248468,1.65220747171145
1.4871358258435,1.92183514967965,1.4208088036525
1.51267913615761,1.9746261170842,1.44290553643516
1.41666425866438,1.74170703201666,1.33561233707177
1.50947861357762,1.8179829312155,1.42978665168531
1.38672700543113,1.6565568465302,1.33213758935663
1.58552123643506,1.69055504710302,1.52348204689154
1.85259462072678,1.97353031919684,1.66598556077292
1.33835840913283,1.78774615379795,1.53918011009463
1.82311371700198,2.23498904429095,2.10609085741915
1.66761918364133,2.12935753348156,2.04693085945203
1.27385676516685,1.69409855839403,1.44233795205273
1.68058964604619,2.0428470137697,1.91396246659223
1.63443241272369,2.02613294833355,1.86048557960446
1.3766825208009,1.65389907705633,1.30506331539273
1.4452505923648,1.64889403056544,1.37238514708744
1.36524374189957,1.69113411195223,1.32588594719183
1.39320865278858,1.77306016239692,1.38072446465296
1.41459754078603,1.71644564390419,1.39052855093596
1.52956150214981,1.84242490323398,1.5092499420061
1.51864983993501,1.79169934446157,1.50615259829868
1.29056665567683,1.58657020825952,1.27345920602536
1.31719590852601,1.59923887255634,1.31881169241214
1.21028281127451,1.50566179294415,1.17934673588022
1.25310844337181,1.54246382352813,1.20398122065032
1.12945884246034,1.4021599780807,1.10822953308735
1.11829481332364,1.35457248280838,1.13025204898915
1.07053974653806,1.33943867980152,1.04467810123597
1.15001217256625,1.4226411497175,1.08072768622223
1.07737180107512,1.31604963951864,1.04486876266874
1.01654915695291,1.28950404117419,1.06214212042706
1.034045976183,1.2915689180743,1.14830283843036
1.12284964473892,1.39312431848281,1.168782504301
0.976324109609665,1.23418122126445,1.01376384695594
1.06924866605294,1.31188632660807,1.07181203494129
0.984858075861907,1.2309010726393,1.02482107350573
0.94600335793411,1.22180916315749,1.09389899632279
0.994821721122361,1.30927762528641,1.32592143511482
0.888014014201084,1.13208464610085,0.94610199373751
0.896152539031499,1.09925813448195,0.830479263248614
0.91581918448644,1.13176077094143,0.850799488864222
0.89437519984492,1.08035602004485,0.827797221039784
0.902645896903167,1.16478808196435,1.08481017955322
0.968443314674412,1.27092978559125,1.33552901077456
0.878957252922086,1.1100953252992,0.970421117272352
1.18933133002593,1.46501300767698,1.13315153866085
1.30167904294045,1.59948630815114,1.200747267355
1.1977149451197,1.43493476321969,1.13798039932129
1.1766199761834,1.36144895761193,1.16410920544936
1.18567139822983,1.35234669305902,1.18426004279559
1.25237642184688,1.42675112187578,1.27715663523269
1.3066420689185,1.54274219334445,1.1812073773756
1.38901179661382,1.66841306879635,1.27393599269568
1.45462861324762,1.57036321528353,1.26141018634171
1.74926495399973,1.71604925465763,1.43496231431912
1.77587906896478,1.75435547339255,1.4401611924617
1.27445685143635,1.42030535199195,1.21999324009859
1.37277657084823,1.51706515445439,1.38492563904682
1.44325565145555,1.49795662140403,1.35507952455501
1.4266997651225,1.56543812441606,1.13109368963478
1.54489469141104,1.56446136175281,1.1268516994407
1.59435378516749,1.6768981056483,1.20614289706628
1.65440162320724,1.74759955391505,1.32917872549399
1.89183788240792,1.77216976971534,1.21087890486234
1.87089212017054,1.77185511302148,1.20253384255378
2.2173619276026,1.9493450914323,1.35272423980765
2.33991198083774,2.01200607486566,1.42260053765916
2.5536269829005,2.04383647036422,1.40367740125753
2.20724923653601,2.01960612887095,1.45845438736648
2.12140040014191,2.01022129275551,1.47498542954386
2.57307829249164,2.24418851464244,1.72144916113422
2.81076982507135,2.38632956506631,1.87107510098966
2.72366618111195,2.3480926595126,1.86085161547049
2.16778502529405,1.79038439338921,1.19172595551272
2.73475389958718,1.86692983968521,1.20965019878044
1.94617798649136,1.79557134889294,1.24353658280402
1.74438576494609,1.81065066263306,1.31312353513474
2.2181063061672,1.86369232706886,1.29380168188596
2.59999922363949,1.85276167205037,1.2907167392322
2.48208584737227,2.11541295272363,1.45421094570343
2.49139217675061,2.18386391112038,1.81955493213696
2.94462618705051,2.32959506786911,1.68687006391824
2.85327029319511,2.94555092712962,1.54797419504419
3.65007717926273,3.72841768977321,2.13899761412208
4.01497549944726,3.84515720984355,2.65767708471778
4.36102511357535,4.77667099573947,2.63187907944971
5.16548031250406,5.51220589321565,3.3683653602225
4.33670252135565,5.16209199361393,2.62779633655389
5.24362636704292,6.36545643624639,3.33267208585786
5.49110274231457,6.62445192567261,3.61160060354453
3.07749333644755,3.57721190338094,2.07589845696966
3.13358108332166,3.56587240606154,2.59589133199448
3.79274390701645,4.67017529165101,2.53948757825164
4.23405864212642,5.35643530837881,3.22020564263754
2.08289436424235,1.77204825038576,1.31290216901122
1.99050738110556,1.77659046241166,1.45164496702392
2.48391361704369,1.76500529536565,1.27187846648715
2.89652381429383,1.81706671994095,1.25987022096573
2.60566616149834,1.78484962863456,1.34186104934527
2.79944764654565,1.90429095806001,1.45903053602185
3.68835613221043,1.66108705106493,1.30888392761652
4.06891779168751,1.93764357655519,1.40326013997573
3.95488756860166,1.72305651312536,1.40099061201401
4.53861972408526,1.85942562453343,1.37446689140047
4.41338686686082,2.42978519743775,1.53932289598596
5.60184928327486,2.17219970495527,1.53506917695507
5.99214251403231,2.58087914257256,1.8876002932504
5.9748841743839,2.58857547601476,1.90298233811242
5.98521755538069,2.53543132822498,1.97755071946425
5.07122239149743,2.32332852805071,1.60150614105485
5.35042221299134,2.76404893093799,1.99582609820441
5.37880372025823,2.71963222375043,1.97692315455497
5.36396968828,2.76507482966446,2.01048037777359
2.15679452058728,2.06965806204857,1.43846643182901
2.77359666201682,2.43293042036391,1.54410389453027
1.72046106791219,2.37191572285314,1.60165165792585
1.86258320116613,2.58291077733567,1.68187014824687
2.02864695522006,2.83227967496645,1.86921774665701
2.46450547106994,3.2836885539231,2.24600646099938
2.97293554568226,3.90598622054264,2.51210877315992
3.18980316747584,3.99172524459974,2.64356805558533
3.58733151181353,4.32004188721312,2.84659933556236
3.44295111550821,4.91783432718511,3.2030346947584
3.50063989460699,5.20127614303619,3.60068131129512
4.0112278627814,5.81492741624525,3.7759681493447
4.1636153056176,5.86055864341025,3.83470966265346
4.36670300961534,6.57046439249394,4.34327440253634
1.82649000675098,2.1795831123271,1.56271969429552
1.97412661430591,2.12780472342366,1.77577133724338
1.63155231655925,2.08769008746978,1.49432074193875
1.62164117883531,2.43602405483967,1.6602376498061
1.63283721290725,1.97443917222615,1.66840173288092
1.89375459691223,1.94054315980634,1.85117675946548
1.74349049409694,2.53277798268593,2.17240049342733
1.99328876903257,2.84405356168138,2.75302859648593
2.01470383161074,2.97631368286751,2.56993891874968
2.2503147149543,2.80526832480565,2.40914785908989
2.80397647246228,3.16807230165435,2.78788419135609
2.79725774196874,3.25925611208443,2.95288307190066
1.45166779189127,1.94305177990868,1.576609525539
1.6595120350876,2.00981220759745,1.77361063168254
1.24304194266036,2.07008612025821,1.42347548753948
1.28653143896437,2.2675486482161,1.42735009634208
1.19695692045984,2.13972470437327,1.42933027175605
1.35426074959758,2.22237140889734,1.56934846759301
1.3497218701037,2.54352569639284,1.5275587631318
1.37548232503063,2.57180117706712,1.46450701533433
1.51694205231475,2.6624310189505,1.61011348124829
1.55746750216151,2.89882823466349,1.75582814005414
2.00359860253304,3.38015312832403,2.23242522835927
1.98365927115117,3.10027255906524,2.075571894253
1.06275030969285,1.86171618702416,1.27007935850915
1.04265227074806,1.89737549816224,1.22931163498006
1.04735172894834,1.68665779686159,1.24887206922828
1.12789466000691,1.7990701038913,1.32641223809156
0.988602847709922,1.49504928229614,1.15984741147426
0.959196740436819,1.42402142269997,1.13159284780168
0.990909817787247,1.49804750580722,1.13462167479084
1.07664637712526,1.66146192278869,1.20448561611157
1.01536847737758,1.45524386003195,1.13412153705919
0.963145899389522,1.52041034268162,1.12198886151629
0.936862421767844,1.85204853646046,1.0776323734677
0.989557070359275,2.47711999130729,1.11531190511014
0.987828563578624,1.89746627878931,1.12341311423943
1.07426995161516,2.46618929623125,1.18648822936388
1.06195306809484,1.78636201712013,1.21709029852342
1.19519614658802,2.01023858233744,1.33087451495771
1.43146632603474,2.20192098520169,1.47187969349677
1.09820197615045,2.03245451342339,1.2767606486547
1.24203994327187,2.6501917949102,1.4341039639514
1.14415575714277,2.20115131985178,1.32566322154134
1.32094433400394,2.93556906068212,1.51734951911847
1.04206359998422,1.50441926576896,1.21046811776304
1.17044709106674,1.62997926841735,1.35810407736544
1.00475116945393,1.46953184746927,1.15629984315102
0.973943583210828,1.4407408382806,1.11733445032169
1.07015379080315,1.58799785795238,1.22413420141902
1.13718232524133,1.68002300572682,1.33348796188029
1.09132728174387,1.72414578880669,1.24675967163924
1.0793887500679,2.0760424315154,1.20037227608306
1.18233828105434,1.7830698464484,1.34080758650956
1.1078254242632,1.82977139491511,1.32488164003663
1.67779508660479,2.29989937968411,1.52465360508234
2.44392083071708,2.76076208366776,1.6439547758831
1.72225915243019,2.71137382084215,1.65520894962879
2.49771187492944,3.36040288391437,1.86865688728885
1.24799039051566,2.71573364878295,1.58092010505803
1.37658554423491,3.31452736184274,1.75591694108952
1.66422667020816,3.60724240120044,2.04499266568019
1.63045132351374,2.30451551480126,1.31343202777915
2.38557344129113,2.77921747330949,1.30612052036249
1.68393676598088,2.69682915420342,1.43267148455186
2.45489672310753,3.33290072558633,1.4949096327114
1.10170796594017,1.61327476204768,1.22751908021535
1.30515348655989,1.78519432672117,1.47520515456585
1.04988564439698,1.55502870168725,1.15188038844342
1.11869157361672,1.55333857899937,1.25349722144853
1.08777260848051,1.60412449295543,1.16282429990636
1.17729459211737,1.70297161684433,1.27645516360045
1.13404945415976,1.66242213403403,1.20787720551366
1.58080250100346,2.04038677640271,1.72531672709755
1.7964505687468,2.31777280416656,1.803584562221
2.12465387434315,2.68016293604217,2.23389216573647
1.70042178358676,1.92802075714403,1.52799432386305
2.2007031796884,2.37389797033547,2.00854539131832
2.24221661807947,2.32937500312367,2.02769677476475
2.23472354241686,2.44221701725405,2.06595294705247
1.1097750074283,1.58431864591398,1.13678515889862
1.21767292175578,1.54726517582262,1.21051723436751
1.1481596212129,1.70557981008228,1.15792665427995
1.22454099611526,1.84997080176559,1.23451349260981
1.20580097635549,1.70541781079356,1.17669021669505
1.23424915549422,1.72050880581626,1.21507569473172
1.37421801433745,1.8922195150479,1.34607225823566
1.7915868132262,2.12172089293292,1.64448031374278
1.68933336241596,1.99368024297168,1.53230047070117
1.71157849412305,2.2333720826604,1.6509720094025
2.05904301487054,2.56828244528914,2.1272173372711
2.27639234828694,2.69458352552127,2.1532853339077
2.17140160404228,2.53096264860274,2.01731302027157
2.57970710412192,2.79471198203734,2.40633099453897
2.50361416025737,2.84007404870583,2.41770867579858
2.73404519069136,3.02145976430848,2.53746609184278
3.00773115923265,3.32187449709552,2.92814014818253
3.18672277286578,3.47529786927181,2.92627025756575
3.27539589406241,3.33471336807275,3.02703383614872
3.57893531935265,3.59757830688711,3.37224437884893
3.60464106729073,3.60865911225315,3.37141277260446
3.63979271675234,3.62674004419642,3.34341429330738
1.18639056923418,1.61415071230938,1.10156381768396
1.22414690341281,1.62555937132414,1.12147814740946
1.21442618589522,1.58477569236402,1.09195914348293
1.28420145925413,1.64001562841331,1.14608003024449
1.23459935813802,1.53251428749859,1.06212016060737
1.29460998916202,1.56331496174045,1.10795219947673
1.36048624455817,1.61300459338083,1.11969541444657
1.3799701398788,1.65898405940662,1.1514987074889
1.45808265272126,1.6203914042754,1.13864360909411
1.46286566518106,1.74114006665763,1.23146901526481
1.87076578783569,2.17476947239402,1.80657508681805
2.49513755993754,2.7500411679403,2.51771477125749
2.00633151850677,2.33853991326988,1.93051217134416
2.6644797233487,2.99549550049132,2.66662386006204
1.80908541714943,2.10003902856976,1.58104348359455
1.98378733336925,2.27388544379739,1.75652568388686
2.01665393868146,2.18907065878549,1.74005388419505
2.68133845602568,2.78628518845535,2.42282302486542
2.15890439614667,2.33027986650178,1.88297348645282
2.87242519198384,2.96966262349782,2.61332934325009
1.149969279074,1.42791708198855,0.980832256240373
1.22826158207424,1.42944213755347,1.00282089204992
1.11281531179395,1.42253626439134,0.959395905595343
1.23576554042172,1.56301942729852,1.04985720783504
1.04601612387268,1.28965393103848,0.886038713650172
1.07188097155826,1.24488628690457,0.900642956374923
1.13874286322725,1.38458858882873,0.916186465120137
1.55241117991537,1.66488015500203,0.966976158195306
1.32508938972453,1.63617633305229,0.93387606174136
1.77976267250194,2.00968517824594,1.41014054633544
1.80807695323873,2.01996620160656,1.37490230780159
1.78032463395371,2.03090448282758,1.44334130634333
1.35877510520388,1.31304205059736,1.04540811122018
1.67566822592724,1.80058012707737,1.54317758210463
2.04496535386005,1.73269912698625,1.65015790580414
1.84517261056677,1.58463843382985,1.37783082863936
2.34595186420753,2.05609171084187,1.92916590832967
2.34202613663499,2.07920696604143,1.91252657016674
2.31708738994558,2.08013866955178,1.90539524273574
0.992999745128731,1.22114032353224,0.852903820472018
1.02114608577605,1.30130000571134,0.90423341314224
0.969367130123262,1.11719713443604,0.817352001683684
1.00422089054564,1.10248056727241,0.836185922992145
0.945012022647947,1.07298781418879,0.80076003358885
0.967773750705511,1.01986097858695,0.80126226767949
0.960317527585143,1.10239896606226,0.831967250543694
0.957195036337375,1.13391205911114,0.821261237882968
0.977688985262169,1.18212548936518,0.870690892238646
0.99700438341492,1.18136032756992,0.843388252245996
1.04259313710547,1.20172547452182,0.874775485907841
1.03497440468316,1.25323182822588,0.891430285109127
1.07611963779326,1.29665186942285,0.943428771296839
1.12934495920801,1.37193287644529,0.982473765872538
1.17198693232397,1.38019622150177,1.12426630938864
1.21294119004961,1.44559136152858,1.20573324574941
1.24688173064018,1.48009882673283,1.30696166236229
1.70773905444535,1.86837259992927,1.95776089735502
1.63995826023806,1.71830810246068,1.68332676059993
1.38270712392615,1.38119318097835,1.47782749387782
2.03738548627884,1.67023697260082,1.99612395742819
1.84547192492771,1.73311790177571,1.9752527470709
1.63908053895607,1.56284143033006,1.6890517107716
2.02709950026443,1.87152035882814,2.06894548814391
2.17275266189269,1.79883490079959,2.06564470602715
1.63356609145382,1.68379726551828,1.70121976712551
1.92747588272189,1.97108605190094,1.99644221835346
1.92328191801038,1.98736839019028,1.98238442457419
1.93479475521113,1.99866328299523,2.00761669676666
0.98987733280665,1.21774309482968,0.876863467396163
1.00413091166829,1.22975953227621,0.928046155812418
1.00923312923937,1.22778240527182,0.882211153180547
1.07758828680143,1.28176852854187,0.927941289612569
1.01224455242133,1.22364169466297,0.912026378792029
1.04226737238366,1.28094613293224,0.971924784407859
1.15378287524991,1.33806757936478,1.03171685567877
1.52018661614904,1.80536373931192,1.10535527612759
1.53826305101429,1.68055328209612,1.04747683252242
1.46057818175248,1.48823624626984,1.18301929024247
2.05632843952811,1.77619100997592,1.34157480205338
1.96798068743739,2.01759531528315,1.42402427812959
1.76033163393723,1.64817521296319,1.23124303702375
2.08937436811293,1.77969772536591,1.54841613852274
2.23840019170353,1.7831101332684,1.41886523975079
2.38495015782859,2.21233185785425,1.39462057469535
2.73981527543843,2.44260020505628,1.68869275483459
3.09860578821119,2.76348123065574,1.63612848780874
3.41019472474604,2.92549372583701,1.83652969934694
3.2688783267463,2.6497432136323,1.87015223262154
4.06691382851969,3.46819075323127,2.20783069687442
3.96859840346279,3.43315177406284,2.10697165024209
4.20691014701013,3.54801660861014,2.35049030137363
4.53380571328657,3.91822384866651,2.39201624707572
0.94783625601914,1.12115169622892,0.83934644399951
0.977375852944745,1.13591456339484,0.867183999600884
0.934120935928308,1.06541029249214,0.799516808659354
0.997088883249585,1.11592673998906,0.839183818569417
0.923328459618925,0.982087442259596,0.764039509725937
0.937200299320735,0.978986621076903,0.796334146929941
1.08198410973396,1.04366176560027,0.849040517069224
1.7766662131275,1.61777057132778,1.27256983140255
1.57943712609779,1.57268602998674,1.21606585279918
2.12156989329535,2.11258960864142,1.75724005299673
2.10583506327057,2.10247031240792,1.77078411773444
2.11512460074719,2.13167456457269,1.73083040698404
1.62609389854778,1.73575325672237,1.37302005823976
2.17715447168025,2.33234674904171,1.91003708237811
2.1291952942942,2.2068046391382,1.87695237804195
2.16653205586387,2.2791910015836,1.89611580718222
0.857117028983663,0.927448579880373,0.706593747896196
0.902803792110339,0.991326054410769,0.73713648846092
0.821666177360878,0.86030254846175,0.687236270325891
0.858341255679822,0.870983748002633,0.727506967105615
0.789609487051812,0.821147327011959,0.668023364736456
0.830304225024413,0.895134795592528,0.709320622972889
0.843766961399485,0.820253893359929,0.714055115635025
0.745181176195481,0.77814216783286,0.645076161240707
0.81885157400663,0.816944994779709,0.699997987218399
0.729486710235901,0.77869224326035,0.637957817397769
0.813406414041552,0.838175712597344,0.677612413820411
0.693717120897895,0.756802494306457,0.631474137762112
0.722697867910026,0.806373997614761,0.665167860729996
0.745453915805074,0.813697721197955,0.683597555155585
0.868972347406612,0.917735889533116,0.752962119511522
0.879074382513269,0.834035020469115,0.733139553076113
0.798349583719224,0.85893583645753,0.747370800835615
0.83169942714592,0.836667142932622,0.785603040857759
0.924309767301751,0.987117643832263,0.843124478577939
1.47160763554203,1.47631056299041,1.36026247738343
1.41466238602099,1.46444515178225,1.36579861210618
1.40969142590906,1.45611056165042,1.36387341477445
0.996642058871889,0.9681889764374,0.849930140969172
1.49421355951216,1.45932375268825,1.35781753551646
1.49877004554605,1.42383699000394,1.34280330757177
1.4630507601155,1.44938625151561,1.39542954542603
0.651425008681256,0.687954273285884,0.6034391317
0.695994031861459,0.696735186426997,0.642240947819304
0.646060762078196,0.692595349644926,0.613742131122093
0.723016102155404,0.776195670804925,0.696624650531969
0.617903141914509,0.643482859591179,0.586705131555646
0.633059366966881,0.634444873228016,0.581189004088055
0.693793444155956,0.691690187656642,0.675181446253737
1.42407674804897,1.36702567290331,1.29634487501197
1.39262439420576,1.42849794694425,1.33992679092442
1.98672493014479,2.00905704843249,1.93607229363817
1.98545091772962,2.02458947319702,1.89088413879284
1.97848976558167,2.00703049752995,1.90892609261882
1.35942405914127,1.3635550790577,1.2299748502306
1.9636253403539,1.9928334047724,1.81626252551172
1.95014647527482,1.91959973810259,1.82600835819718
1.93577461618798,1.93036253360801,1.79294164012196
0.596063490796583,0.701117955557582,0.609136978283413
0.649876336008073,0.812382678312602,0.694042933381329
0.57999821611218,0.698493088119367,0.60503473527975
0.601691228247466,0.68724940859975,0.600907985972881
0.592364329807235,0.754623657472012,0.668270803880025
0.639194208162421,0.839168236934052,0.749956619783676
0.608612490886323,0.712570226316453,0.660280201783279
0.681154760609535,0.794312317361845,0.769425060550475
0.685533741460841,0.781393983948773,0.745273635199954
0.612310394896407,0.666195870856521,0.621511021396793
0.61128855742692,0.659222579552988,0.606580315704023
0.634600677189866,0.839569158031011,0.766549003502939
0.747283189905553,1.04078356669644,0.928256155659032
0.658409115275875,0.814569477668156,0.786890130638199
0.708087581091169,0.829606361127716,0.801470782816123
0.746882449956327,0.915667868052466,0.924466540514026
0.817164687320105,1.00326480787911,1.01856711120237
0.817888292006275,0.956202771205399,0.986753520905108
0.764297905829439,0.953431882572271,0.952549368302277
0.882098036426585,1.0813857923198,1.10949357326904
0.712716132295553,0.912662510820947,0.861690987965038
0.695525227872469,0.877827421156454,0.809853951273334
0.748921812217568,0.98681401833226,0.903655332055353
0.823458738677067,1.03217908016069,0.98778081800332
0.762824756162499,0.982027531518755,0.9167079182972
0.761734542169744,0.999248828010132,0.931317996787846
0.836421007234143,1.06695238354337,0.968012975136443
0.859391428546271,0.980979289590662,1.02402718995485
0.964928903971867,1.03671838953312,1.12234128614491
0.96380818880085,1.05131819051464,1.1520158175459
0.776896628027229,1.12025586757586,0.937302715332968
0.893113795051962,1.24859286006704,1.04165514979293
0.757423994994966,1.17230508265321,0.95371076041953
0.772475303096885,1.13103828750642,0.978522198024459
0.808834748104529,1.37036125184391,1.03069010903352
0.852386612901596,1.47221668103543,1.0497235678173
0.861552727919578,1.46812483218013,1.12647313968188
1.38290110807716,1.80391403123022,1.52598994254016
1.37360366580771,1.81892492671321,1.59230740616338
1.34719295468634,1.849909726256,1.56034084043023
0.877066643227678,1.46839777670124,1.12479923942904
0.961844100180413,1.46827339389859,1.22746302289274
0.929941641090455,1.6448839139112,1.18428115354974
0.954029781705169,1.71530176221551,1.18760103217905
1.02052628216035,1.79567783358765,1.30780735215639
1.04455310562741,1.73281414520533,1.33112147278736
1.12279519491021,1.9693611319479,1.40338530416851
1.15926617287174,2.08967333339837,1.48148317706001
1.23841700911888,2.15100817534855,1.80630287219716
1.15791576169137,1.97283235266731,1.77822120131127
1.29630430220635,2.110485729233,2.28759290070919
1.25090492990137,2.08117381656627,2.08734685260769
1.27433197670588,2.13376956243383,1.88371627604006
1.54982961419437,2.46649212524481,2.0169446429474
1.6071851924185,2.44090777775817,2.16517701586829
1.44662102927609,2.3852428174941,2.2264558400005
1.75883528555617,2.64230193400166,2.62997679638341
1.73398412741563,2.7539049083179,2.54123258961486
1.56643806611546,2.65144472335228,2.27077573707053
1.90985486108035,2.96001595346582,2.50077738175826
1.8963913883879,2.89606670542955,2.52819051399267
1.87312462782419,2.88099909054447,2.48759819214785
1.04588159071707,1.95315667299256,1.38223366476543
1.05238736767146,2.02095141483134,1.37657327545972
1.14500833983011,2.08458121042798,1.52199374130692
1.27895839155058,2.09745995823186,1.65546294934966
1.3696813686858,2.14510844096041,1.73000382458262
1.28244189290019,2.00430160393067,1.6336224005618
1.20860556688604,2.32281860204984,1.67098238306911
1.21002250524542,2.36030874269732,1.70451183998402
1.39203497630146,2.4856748528655,1.92225327716074
1.5969676028494,2.67212900328187,2.22838088660044
1.58548940937788,2.70543162826388,2.16286401359259
1.50174460644877,2.36150778608461,1.91892548919387
1.77959701435696,2.61464366149324,2.26906310275999
1.78586716721538,2.44341201598283,2.12310846006912
1.26981020006101,2.46929874886631,1.69543767030015
1.38324079240928,2.69522682963748,2.28115979387168
1.34621227522198,2.62036654156067,1.61599757373471
1.37362726906677,2.78424569590219,1.92021650102857
1.51915756541981,2.82043863104948,1.71524286770312
1.6606349066392,2.88912054182214,1.79712546447993
1.80711877455216,3.24874897175145,2.02286181173631
2.19579088572293,3.52521266847921,2.35943474301029
2.14585256821663,3.50863224440582,2.34119081620306
2.13799950651801,3.53900523794488,2.3769994021798
1.43109192181504,2.68229892480608,1.61931774741464
1.5941031956798,2.86293291986582,1.72266003846856
1.31093168527538,2.45307535020193,1.537091473831
1.31796011454391,2.39247428983401,1.57062757582211
1.33484220459628,2.39327250979775,1.54119899033132
1.46450324509581,2.6060018585888,1.62628595095142
1.45651443514915,2.40354199693668,1.69700115155669
1.52623972542046,2.23459485773529,1.70702104827956
1.66456806155692,2.44815078472792,1.7643711013583
1.66496043965656,2.70862978350546,1.97026110844063
1.95203287593441,2.82042800364608,2.31133825320855
1.90510879936201,2.70807288041375,2.06002894722304
1.8372364005438,3.11913536208875,2.13586686290126
2.06591336337393,3.59514634320061,2.40474966173485
2.15177266586152,3.40574676950564,2.49320276242245
2.2836207572181,3.13274691263895,2.26490734815945
2.72890580153736,3.26722647528806,2.45716537354742
2.61414917701505,3.41155331616417,2.54517784850224
2.50138003281733,3.18935160493967,2.36339812985806
2.74722534949498,3.42851577541916,2.60800972634373
2.81727242677029,3.40425740358314,2.64499875073943
2.77955737730184,3.29674048535602,2.53808147605974
1.22099529972769,2.16650977368479,1.39694591538065
1.37117707670067,2.23888918138036,1.55172779024774
1.09248441181648,2.05551931688814,1.27310724548255
1.1547255969714,2.16641655129501,1.39015979935561
1.00443800589874,1.97330693289196,1.15234833283219
1.02864891620203,2.08444871753264,1.16662803173598
1.00722008216227,2.25813331428247,1.17870985298041
1.0704367691138,2.67503022946283,1.26292192528141
1.05583113946009,2.87096316504043,1.2189056116215
1.30691754606419,2.15207908042491,1.34728738063338
1.04478879233795,2.05429965144048,1.20123903600437
1.38734877037001,2.51254768334634,1.4464537161553
1.69158372415166,2.94769705419402,1.67745183593578
1.25659383607623,2.64723616527838,1.40453761288963
1.42664373877074,3.0832604799937,1.56225933796769
1.13669955961335,2.38720631499508,1.31329890546401
1.33656065826568,2.71849404673706,1.47934663385906
0.978420640020946,1.68452845684586,1.09375780163411
1.10479300062835,1.84395958587932,1.28805546115458
0.932115979837283,1.38426911448184,1.01236343470022
0.982552534946906,1.42399229025593,1.11912232255142
0.940585152345811,1.15624054731149,0.976748317976299
0.984697389610855,1.23103672714354,1.02289624942314
1.1238503068043,1.26265719903324,1.14168902540915
1.42746057053934,1.52526392662524,1.53775449546687
1.32400492342531,1.49026222511743,1.52911468267477
1.56316983545912,1.88162480393216,1.71807670248306
1.96785237727197,2.44909230317501,2.29314874852465
2.18310740986334,2.55668621018974,2.32262429921386
1.90143616066123,2.05563988978836,2.05972185862967
2.46171729080669,2.45990936392301,2.45999588021035
2.24003016079904,2.31536406225545,2.38283586623075
2.38323677908716,2.61786891882881,2.67783735827177
2.70113839382791,2.98299461843683,3.06816584288666
2.88711102472446,3.06990112541379,3.10532107228624
2.87550704326051,3.09569861723181,3.21015499942983
3.21366049043167,3.43585883807809,3.53743705429265
3.21255798089853,3.43310284259561,3.55929571693595
3.20642216447727,3.39767086677471,3.5239980008161
0.843919507682252,1.01937227425653,0.885634075270681
0.990082846722034,1.10878864851659,1.10046818581689
0.787293319807133,0.914045996978737,0.82428014749156
0.934024512202113,0.983063875369611,1.01710596613652
0.71494676459916,0.817762697381802,0.756862937685599
0.721805723003034,0.820638502507747,0.767757428436068
0.722346709643227,0.81750492420755,0.82809063689203
0.793222709852986,0.893353296277164,0.928684504957825
0.745404074698008,0.820826937117518,0.864370760004224
0.751389265953568,0.863825946658737,0.915250647494526
0.818109341483754,1.40028833662466,1.02216572188939
0.888073614493525,1.96207495149948,1.13643469683546
0.915230956469459,1.4775512251741,1.18400992017924
1.04816472492429,2.06362946176784,1.38513895444972
0.944256478727759,1.06863110288623,1.24671448437011
1.10680280481767,1.22739983961855,1.47449823993965
1.08101023820659,1.32301087385393,1.44547897997677
0.848288141068165,1.0949184314331,1.12592975932669
0.938316039079771,1.58892739305896,1.30061385164939
0.934727427059692,1.17234618083471,1.27246548367745
1.07517933142035,1.67174092489064,1.51474304357534
0.733286106297484,0.818549538694368,0.772046075749504
0.907703898704604,0.97860840099687,0.984414649141464
0.684792055925965,0.758389330113805,0.728490153172974
0.738657030256329,0.808572481877683,0.823719089155171
0.691948752412254,0.753007230122291,0.75202756855217
0.707552803228231,0.77778988707613,0.786004947793019
0.795310359288903,0.877750532607596,0.891753986537215
0.995293489254833,1.06845421004366,1.3799242993224
1.03039142850335,1.05761670308292,1.41151021829656
1.33564152550157,1.37302945938957,1.8945491451156
0.987981044317756,1.11555047947925,1.4159012310382
1.50344711923793,1.60675343891867,1.95622557419474
1.48594629405121,1.59104030615677,1.93913460963952
1.52479588786031,1.60427032793027,1.96793617272373
0.653489259189042,0.686669132842485,0.702327638079144
0.683633968824774,0.695313281689964,0.720528488933868
0.668131573920171,0.709771024878911,0.715620383776385
0.740319569343453,0.79657852197458,0.776484382430844
0.663372509202694,0.69994034174872,0.706855226886824
0.700360262278581,0.718139716388608,0.759618920808797
0.700614484233482,0.76806471745309,0.734317896526111
1.15593167625096,1.087849522434,1.00689434662277
1.17446771161713,1.0918093632505,0.948869209910563
1.31109467080937,1.2751503781577,0.862263013650928
1.88700049706181,1.60490064265827,1.26197973910478
0.683960850363544,0.741174496801904,0.704623805090975
0.762658114725398,0.85957587706027,0.79422262866151
0.700102893610147,0.734278324010893,0.707870540761336
0.741475870106101,0.747835687291045,0.759072801697401
0.753819971843755,0.787900035554346,0.736291865310359
0.804872916301809,0.867180312784082,0.773699495257108
0.9362480476986,0.972498939412967,0.887677571132331
1.57436285643966,1.6016699189531,1.47339767667689
1.51722161579664,1.53169594134251,1.36322692454195
1.41003069327764,1.4847930368424,1.53855447918777
2.02825593292306,2.04306216480337,2.18788632598563
2.06627952926243,2.16135444784045,2.16388004285305
1.98213680435016,2.06347588497514,2.05869858796274
2.69878038038687,2.77119294605283,2.71344540441553
2.56541388009031,2.63146526806662,2.6630763856342
2.71779695635786,2.77956282344712,2.85715407422108
3.23766870067591,3.29465233234974,3.29669599727778
0.732095628389927,0.735362338381498,0.702604153186943
0.792296994336438,0.787995489788572,0.758354272168232
0.729309781898436,0.730337138581768,0.694388360454129
0.767468581697391,0.772730339180826,0.730166220836137
0.728240437409473,0.734573501749159,0.688927369311722
0.749261064415803,0.756287488715186,0.710873179312678
0.756205694790737,0.766263617556938,0.704452626234836
0.837301098027892,0.840099274059962,0.76220026911395
0.900109692092487,0.90643883091056,0.779058476817479
0.831941818792255,0.804166092980848,0.679751720591803
1.43870876023195,1.39498061958103,1.16357543351638
2.23902888761623,2.12559261212851,1.93576995326624
1.53720635850072,1.54243278757123,1.16890764722754
2.25353651172215,2.28961083705549,1.91723554227431
1.37825075504817,1.24028782209037,0.786457240903139
1.65072790847505,1.4716357409486,0.889280642581652
1.58213801063341,1.4669606798483,1.42473381591846
2.30943105829642,2.20594638854157,2.20304095308118
1.85073128923245,1.62035207127135,1.47485868989342
2.71938864320555,2.39305447305267,2.27868082204956
0.753123343242819,0.761893079989544,0.703578132411708
0.833825335762989,0.856122856988807,0.806504886009457
0.765111534237956,0.764905094734323,0.689335612900985
0.799582796782239,0.802197352974605,0.729355475460329
0.793642251259398,0.788753253953255,0.698047623443437
0.807576472193307,0.808114556784176,0.719358968262645
0.895289620684636,0.892449940093676,0.795764260091608
1.11396791594948,1.21313543116021,1.15885150023842
1.21789138704821,1.16139618333089,1.12683301922479
1.30740052738784,1.23810992163181,1.2668671518155
1.72635272351637,1.59366275269607,1.70184541561969
1.66301121206564,1.63159347482167,1.73962667775684
1.39838976339428,1.33745147298239,1.34168058151926
1.80783648750543,1.77393263028052,1.78162820332967
1.85082158346075,1.79260990004986,1.77421268510074
0.788341354351717,0.786579933971292,0.671019393001677
0.837036159670417,0.844367826623707,0.722627298593598
0.789022181208694,0.788048875145989,0.657029827019534
0.82727760779637,0.813956203970239,0.699039272864511
0.78733933342895,0.80280683974735,0.63135740246004
0.799205511469106,0.820134742268775,0.643189383580676
0.774873123102654,0.821160459916306,0.642289941377558
0.813737204886596,0.863094947356954,0.693196380672162
0.836291590706942,0.900739759925028,0.69076906983985
1.36776812350966,1.42130939999692,1.25185967545262
1.36205009888033,1.39872677782492,1.26036492889694
1.32344154302574,1.3481238396138,1.26157914383052
0.775268434295382,0.831680428611051,0.683437463690265
1.32531933121415,1.33270400784188,1.24895439130262
1.32376913466202,1.35527436981499,1.24896581939122
1.26038042956637,1.33185239728414,1.26721926965325
0.857343093017053,0.847813969888163,0.652655364481311
0.896791975213712,0.889534842081514,0.704975448454215
0.930025502289797,0.896496541465902,0.669912654818464
0.953558423328138,0.918225596094068,0.699071756047585
1.03268596935345,0.954325162464977,0.697481506233488
1.11731409238037,0.961614198199829,0.719237508284797
1.09750468687142,1.02128946115975,0.777637532506856
1.1557826610692,1.04092642331754,0.837901963903387
1.08367088036414,1.06331503668804,0.816850009925619
1.24411032988185,1.11711485056152,0.846507011315147
1.60536054687785,1.52579036822889,1.4370507214932
1.73329924061919,1.59718266942234,1.34863072194433
1.056691293759,0.995537166208548,0.682141068969701
1.05479887649155,1.04894925690724,0.72701134602839
1.15740170027405,1.01532015519374,0.684036213030947
1.21879561604558,1.01759388382908,0.71625487950764
1.23218334832424,1.07184860185997,0.701637079016283
1.20476010958532,1.08054583235484,0.708766840699796
1.31055312243307,1.08070461566613,0.707777829809151
1.38115890421102,1.10481362643091,0.751570595518627
1.43200832361541,1.16491245579372,0.776751057720457
1.20897026766706,1.01785360125257,0.6666037533584
1.22980600843744,1.04673340970872,0.695851261538204
1.33823066790083,1.13307702606467,0.772988901886287
1.20300249840929,1.03243717195798,0.712938531922368
1.29479004316609,1.10775101067662,0.797689016061668
1.15703910755801,0.995333839575199,0.715954061758193
1.19920156841209,1.03646951396713,0.79046189183174
1.19609044094733,1.00007637085825,0.693912063792433
1.28399491482187,1.05275631593486,0.769914522662249
1.17036764067253,0.988373003373584,0.718698019409978
1.24317255076988,1.03689854937888,0.810966510583146
1.33065681313696,1.1625013012868,0.760670904240873
1.49166767407521,1.28645601225889,0.862448446278018
1.32566470873161,1.16974140211897,0.789056318084288
1.33289660223011,1.15774720362436,0.81901334582421
1.39668145595856,1.24629713715331,0.847436166289611
1.48931069909643,1.31267451620271,0.89789133435858
1.49045030476319,1.26321569800719,0.900608611862029
1.83408360509816,1.66123482330759,1.40217773197652
1.85958384729506,1.62859121016317,1.38393876476039
1.83304190202821,1.63613379971257,1.37753442277413
1.33194333704978,1.27283295241771,0.873597826421073
1.41475974649982,1.38487747291639,0.975718896993558
1.24307079751772,1.22401812418268,0.857342642043422
1.23485576069117,1.18872718804905,0.854711816706789
1.22033496221261,1.27336501381661,0.905732622622953
1.29782273181181,1.38029870769918,0.998491674122985
1.26937069838592,1.29864549227114,0.982790271702887
1.60366285201117,1.53897649252777,1.34057271330977
1.53844464570499,1.44398627375282,1.29120426526211
1.39108518472201,1.33615753923424,1.16102511084456
1.76388833835221,1.76134098123209,1.47413651159408
2.25207788910184,2.2327578433686,2.00306656878592
2.23353655098946,2.19940779671302,1.92113868155733
2.19846670831562,2.1751631777634,2.00058129203603
1.14713075334797,1.25162389398483,0.867529788997234
1.20708825279715,1.33907259311323,0.95444260485259
1.10154119121394,1.18915034413148,0.803038579703766
1.14277700421996,1.1790389973198,0.819753943656875
1.06642563342852,1.1852778823021,0.778473860698436
1.07914437699483,1.15824342305838,0.76346045855685
1.15769898526944,1.31708127551743,0.873885806631417
1.20849876819528,1.39923916960092,0.946855115688385
1.1636768601594,1.33030676082867,0.897857889037885
1.30488061276292,1.4392992251177,0.997502079813671
1.7492185914676,1.8125546035351,1.49248452659363
1.56640548450348,1.75226923881028,1.44989666850249
1.8515265622149,1.81075822838123,1.42881730146063
2.2538510643342,2.22153937599245,1.9184148767379
2.41588270843434,2.37404280649481,2.01144698392942
2.33271566828215,2.17008784034957,1.74361101059701
2.85177594417802,2.6587321532717,2.26965215117452
2.7651420873346,2.60131889290711,2.16275457351178
2.62612393545097,2.41873721257244,2.09810060662929
2.96189793473663,2.72013784500007,2.47835839817408
2.94972566280267,2.72425428662819,2.48649318336685
2.9126626930589,2.75593516348541,2.47520339550834
0.996288181529247,1.13360198757242,0.755272330332736
1.01456083361579,1.1828950974069,0.799636198941138
0.981561737022355,1.08198111311324,0.75810612137836
1.04293446068324,1.09373637291436,0.798960197081244
0.9515719908927,1.06051476300669,0.776709493784221
0.990579262341917,1.13698478066786,0.802558408083718
1.09035730665492,1.16438450279313,0.966815898376402
1.59632295095152,1.35490424447841,1.13588687838439
1.51896656380092,1.44149835111176,1.1505350361631
1.3854205351778,1.38429045841971,1.18443544674472
1.8568392263179,1.71834139797496,1.62300671738064
1.87658761800494,1.87749018216849,1.71805369304189
1.83285339723958,1.50143650762561,1.20812415000097
2.13259534446117,1.86908014579279,1.71037293180372
2.26753794611922,1.94191236394113,1.590924118066
2.58867424671853,2.08392599062336,1.92127837854174
3.00352717207465,2.57024193691377,2.47116557994441
2.78663087523426,2.45242488861632,2.47186498330497
3.43770164529396,2.43453107951954,2.13076890894235
3.81636552567151,2.72138510043365,2.43663947636428
3.82525824743215,2.75151002310939,2.43687991036509
3.81442627431757,2.72938734710822,2.44074536660551
0.896985073020698,0.969705090313715,0.730823378678701
0.964280142609485,1.0019738615618,0.811575999694628
0.846306480939625,0.957038987952085,0.732877926237991
0.864988931594996,1.0003778697011,0.766502424764652
0.826270589746803,0.958461422793595,0.794844803915913
0.888375854017492,1.01478651092835,0.921586755187013
0.88598740423794,1.06902065297413,0.882720699283596
1.24536847763796,1.46473988602872,1.32313591311215
1.30731223173214,1.65873998555839,1.39527569741844
1.01793136284939,1.1082853048527,1.04486327586203
1.55261767764777,1.87381793611321,1.78278345455402
1.40838658883186,1.64480932742062,1.64693063271328
1.29893986286294,1.44920233884408,1.35354328809762
1.50356037772947,1.83401429842983,1.35221858126506
2.02310941617987,2.31287538400314,1.85555559637643
2.05079658143099,2.31197617094818,1.86798896231992
2.02966181757026,2.32841602080641,1.86356021401963
0.803759999585612,0.922024865923517,0.769542094982574
0.847342245010449,0.971381669544792,0.807920725406918
0.801599367566685,0.895013861906992,0.759940378438484
0.833547491251959,0.915437551242598,0.789401411816739
0.809068875832533,0.88107114338054,0.751092913702139
0.829053515406401,0.916429255979605,0.756444183144668
0.918755495235058,0.98917391783865,0.88167900496822
1.08008147689797,1.31510578015821,1.33563270914994
1.10921224464888,1.47328190228123,1.58824195725343
1.36496243987995,1.86281110964998,2.08203451114377
1.11076688610193,1.35504087357226,1.29463295596542
1.57702553407399,1.85002381300382,1.85816205864441
1.58242742259646,1.85300715847819,1.84501138507655
1.60558441347563,1.87763633821299,1.85114093039494
0.777974158677696,0.816828336246597,0.72069842360408
0.846227661954177,0.905382801538612,0.827169064176817
0.785251851977491,0.796915613441402,0.71597997864367
0.851953232832898,0.877837916070554,0.790711766984706
0.801343936144723,0.798800939821495,0.749325230017662
0.917679181288519,0.927415872873474,0.863778005579282
0.884931379831655,0.888217043178898,0.853222280485175
0.739540448972662,0.739253191787689,0.696993884619017
0.791362987626269,0.816165322034511,0.743396968904903
0.734644993907099,0.727567931512822,0.719634592306507
0.78097216411696,0.761591428319333,0.765247190047673
0.758167601328237,0.769411377815259,0.767083245501172
0.815122022493919,0.828584847666972,0.821889664765436
0.897549744278722,0.947904273269061,0.913611998740902
1.44331589208348,1.49634500924352,1.39988682604869
1.33494084133279,1.45782734860293,1.28786448029703
1.29146352385458,1.24883189709168,1.27698813854952
1.74949195916282,1.73070737732402,1.68895685555973
1.91780679124484,1.890830081219,1.83617135693708
1.62708395296463,1.68850530894601,1.66550506383109
2.00692228485546,2.13616320750527,2.06242639340593
2.05770480175569,2.17806219997505,2.09100778028754
2.21564725197184,2.25733362587189,2.30143043146421
2.65103632262444,2.6567276602132,2.74357482305358
2.68969000931224,2.71864697560386,2.7667907327215
2.76331780084377,2.81870758089801,2.82743538294476
3.10946966724225,3.16433649767323,3.17490396617222
3.14991408605798,3.22099019425239,3.16854821603706
3.1225760111247,3.14449656083929,3.16948661157665
0.708283030258843,0.715789310019439,0.735565682867741
0.774349821887017,0.762073650989444,0.79141105196177
0.671570732083997,0.702580063199209,0.715343745364948
0.702918215843379,0.752858120225988,0.748968858726713
0.645635362888597,0.677652496573978,0.688955270764152
0.656582713556681,0.674154929087451,0.70310845771273
0.664834611361878,0.701385770509217,0.707121253014387
0.762277370876434,0.826907719172546,0.830859152928317
0.763335999684809,0.824856966976955,0.842119644696316
0.706418488132964,0.732075643391412,0.795139725321473
1.25512205938494,1.23617241397991,1.23694807084511
1.14680809085204,1.07039300672352,1.07150192577099
1.68742779024462,1.62803480887458,1.59690960983358
1.71910011138311,1.64682397726484,1.60772403960536
1.7143175821893,1.62804905160647,1.6071881424716
1.13654218260076,1.21469924365372,1.08896113402996
1.72619729575013,1.74012631300412,1.58783518715418
1.67638342535915,1.75777125359509,1.6532576760826
1.68633573812716,1.76981977824329,1.61063524813302
0.683157864481378,0.731886083238346,0.711277739739135
0.742248868700085,0.808823347711982,0.775286668179903
0.700639050438857,0.748534380543295,0.727916643208594
0.721564675995739,0.753525373353013,0.741730010161053
0.741407235955915,0.803229183641042,0.782703026612981
0.765825353590103,0.841533016365066,0.824003464460325
0.830827660304273,0.875962925691261,0.896235521069627
1.1579836636243,1.08781322346373,1.21785831442215
1.18207520254249,1.18976768189979,1.31419040332191
1.13099980326259,1.2059684250513,1.36149008522653
1.47761348741136,1.53071159819971,1.74917968297166
0.740829700415976,0.821183868204902,0.802349762038718
0.746456137879028,0.822349192755052,0.821991368519545
0.795708532953425,0.899037218326618,0.897196677428702
0.841298785950174,0.945192226029008,0.939044107172663
0.8469763693593,0.97343144296313,1.03305324133408
0.865295189881746,0.98931021887913,1.08073606521526
0.91659674324461,1.04632012785691,1.16207790501654
0.965603641703615,1.04869247986564,1.19325335289921
0.979493822603477,1.09783792912775,1.205013931027
1.02059245598333,1.18312414598193,1.37174675161561
1.50856007992595,1.5287522328887,1.59369561727747
1.44957498540205,1.6891313888236,1.80464537553902
0.931294152065911,1.06395914709737,1.1386673722798
0.99565036935358,1.12359125198222,1.15788119498389
1.00441725758882,1.14298392842175,1.29887149630629
1.00761177502298,1.14669456086633,1.34631222794499
1.1518576400805,1.2808573493171,1.49215051020814
1.22908335600336,1.34641016095188,1.63823263577499
1.29985786779118,1.44343097500097,1.71231301859768
1.30225864551328,1.46095211069869,1.65909680996545
1.46036950746252,1.56739887516996,1.88426065770665
1.37954504995342,1.54844945763898,1.931355050331
1.68838309291913,1.71467216320767,2.18222497343553
1.65890918376119,1.69495279206278,2.33564985145095
1.58981976342199,1.68001871381059,1.94665096182023
1.96085159870537,2.02541679682526,2.22332805915314
2.01152237232318,1.8731492903824,2.23679201061618
1.65328865126776,1.79367402042971,2.1201346351093
1.81362419206989,1.98688281544889,2.33872327342138
1.85421059491894,2.02645002918396,2.34813230407832
1.69272702423725,1.8619806264916,2.31732007704544
2.01263993050322,2.11162592934074,2.60495560088108
1.96011951714614,2.20030702912482,2.59745867516644
1.99198799057397,2.10552199531435,2.56665431715267
1.17950215151998,1.29360034407788,1.44374319561969
1.24427401699974,1.32968690091353,1.48564371471905
1.24500702725532,1.36966143876764,1.47200759125559
1.33197878182737,1.46568744793396,1.56293096717
1.3106119221453,1.42359828542368,1.49790781516096
1.35234537439663,1.45038487051774,1.56120507143239
1.55167811731564,1.6877892239949,1.77586253960289
1.66559104217681,1.82707159453796,1.88017697431435
1.70848343693378,1.87403595725913,1.87178314673655
1.81831222799657,2.09529538785729,2.11944397941742
2.03783396195641,2.43766054536924,2.34475302236925
2.01769333666175,2.32551413328424,2.33699792514556
2.14490830982003,2.50667566328812,2.5337817681289
2.59286675463587,2.93755301004373,2.98398096895193
2.57456077802012,2.98269882422414,2.98986988411398
1.21027913692619,1.31605362993063,1.31884818074013
1.34784387224099,1.44176867162357,1.46752432516581
1.08493717548877,1.19563380433515,1.15087731275635
1.09666492126915,1.21273743735467,1.18488990987103
1.05030374027675,1.15824489749032,1.09936718764621
1.11579541063374,1.23206251766398,1.18631815340833
1.15698361171648,1.29053280146473,1.25563902082406
1.46360176346236,1.68159196305895,1.62994974084136
1.52550575657799,1.55111744991873,1.71896258580423
1.52562389920625,1.93716325775746,1.54345636803733
2.03605787127769,2.5779613967459,2.0480948609305
1.98293013211766,2.3827695042098,1.9959216456696
2.09134667442021,2.38341970876427,2.06913782954711
2.51237567069986,2.58530789124669,2.4585247151054
2.46396119730266,2.84904780605323,2.4657459389214
2.6392433871062,3.05428819338772,2.65608540018491
3.08865826415209,3.45974083475368,3.10295240179076
2.83336087918443,3.38067969720876,2.84529180843028
3.2345492029131,3.66666528369979,3.35329081787526
3.59021382072492,3.99417772259717,3.72352451256441
3.57201417104026,3.98100235754947,3.72191203178226
3.57958538274584,4.01386318951623,3.6999327291013
0.929650779665119,1.02159485739778,0.973224634729117
0.89334643032136,0.990463860875373,0.946026732449595
0.935373949757754,1.01102364906661,0.970792718220362
1.03067061519483,1.10291968953877,1.06709448518326
0.876349991642936,0.938284830652762,0.904020614819938
0.865046546404819,0.916985791742114,0.880391712732025
0.948922431173421,1.01768496357515,1.01827720428671
1.11375451808328,1.19618711651621,1.25753948162511
1.18908195225904,1.24495349603706,1.26190560623966
1.5645298281031,1.65526092896618,1.63525796160168
1.08709271217027,1.12678874024553,1.11869351985142
1.58298085467376,1.53662316235725,1.56066450231975
1.55345637944239,1.58950162183816,1.58744798542449
1.5317892594738,1.63651729465118,1.57656955498862
0.842908108167167,0.919982417219695,0.895147140903257
0.929674794727382,1.02799770398875,1.05887071946872
0.776287721989926,0.847907282281195,0.818893528476221
0.773771114926209,0.833133534451406,0.801589982002041
0.767026079820148,0.845622378422342,0.870731350797595
0.818482301672748,0.919533874475048,0.988784228392044
0.759824068424549,0.827282286712571,0.970211552534339
0.764236330824185,0.799536268754059,1.55465314509413
0.805495562042955,0.883286978941977,1.62150662714971
1.30645526250717,1.38646411216443,2.12758475948146
1.30884118288734,1.39345420068737,2.17732042155937
1.35910294679821,1.35367231090894,2.11397697313961
0.827384938610574,0.901471434888125,1.15423011619999
1.16822952358538,1.01186085405273,1.27373824146586
1.10489821506515,1.02733043679358,1.76056798288303
1.07997708876893,1.06465690013213,1.86249540753759
1.59177508372757,1.52249449300335,2.36796973260795
1.62350681693787,1.55100431574531,2.37419163349059
1.61356089990638,1.54760076568627,2.34624315013806
0.755519051123965,0.828065181993907,0.807418980458862
0.831974138809116,0.912853191994383,0.838755526151917
0.719188796993674,0.785945534994869,0.798907288025643
0.73760312050436,0.811231110832205,0.865269005686525
0.719548828046454,0.782465014049772,0.755517881213237
0.763678198278016,0.8275627754627,0.784351271092247
0.701841129052962,0.768973652622866,0.740909037729223
0.776112354002337,0.826557538653411,0.815043830269587
0.779974864694988,0.832575218008922,0.792940208817665
0.692048183673042,0.778136953648681,0.717727071582899
0.775510227130569,0.866454523656498,0.760684312882733
0.871501853592847,0.969264104034485,0.840920895631674
0.895262262412104,0.981757201557025,0.822469805772262
1.06152640446728,1.14794086943582,0.938093295928462
0.935422474884424,1.01139739083366,0.844652231604985
1.15545325809561,1.21661401950282,0.987576872148467
1.21596275623274,1.28614016673141,1.01498170405537
0.794345599228496,0.875773419503323,0.786152514288905
0.906104012721663,0.98400210000101,0.8828817408662
0.913676292894653,0.985564515815582,0.846614074367061
1.08606375047963,1.1557112520263,0.979847674328642
0.732977693331911,0.780453291896525,0.75265356314972
0.773414397806481,0.806842077048328,0.805896969823444
0.763338556002186,0.813405423626148,0.751505687874491
0.819142948137928,0.880045209206619,0.793518573392017
0.766548238044401,0.819580077568365,0.75181291588111
0.767424061511043,0.8175660071867,0.767655507668537
0.846317949912615,0.923133331101331,0.873600022976203
1.24064848790212,1.36772078913166,1.42957180885666
1.30067956562594,1.3984172451392,1.42142834718233
1.64696040747855,1.76280910151068,1.84812936158077
1.42428287456793,1.5511000074032,1.58176256291969
1.91563127061916,2.07060243684095,2.17692386980363
1.95945503906381,2.06523487070458,2.1202609133578
2.00299218357681,2.10408865990914,2.11370817946602
0.762991097653309,0.803424530462824,0.702758511291414
0.821060666344982,0.856867712343515,0.760533788916767
0.760922511950868,0.795101472703895,0.676952142806949
0.788447520161788,0.82343171738632,0.720942263478282
0.758102664195096,0.783192203663722,0.644334963987803
0.777455219619175,0.810620312065271,0.674771610510058
0.807103991890235,0.800415833690493,0.681270534454009
1.26884050086382,1.43542462924979,1.39429656567778
1.59993228297374,1.45743473133578,1.52162514431847
2.14487647295653,2.00391811854767,2.13696917815391
2.09717105123852,2.00621547936003,2.09855056474726
2.13709602499853,2.04243715932894,2.0881108747297
1.07188787293277,1.3610804442326,1.37225530706416
1.66698443046923,1.99014724505974,1.94450936183066
1.65787257222145,1.9212252531579,1.97019762602809
1.63648895104253,1.87518415316088,1.98477530602613
0.77563549121898,0.830631731066137,0.66307062433906
0.831730725089905,0.874971748065511,0.718308898960695
0.788121508765629,0.879672730956436,0.683014876085923
0.814920466168098,0.903096990020912,0.708952390906688
0.817947121398528,0.939457267830499,0.716629070814099
0.838508348859952,0.950185611567838,0.737440804694256
0.932104784115213,1.08298771978287,0.848721631150204
1.0925606366874,1.37872380745514,1.30711292687525
1.1218123612799,1.5407987394102,1.28848256383985
1.22317817595721,1.30161338884908,1.29443966546265
1.73347504895306,1.89283614559995,2.04442253658618
1.71373522084638,1.81668391176242,1.7901994777281
2.09765521573676,2.15903544345423,2.03206043981342
2.02791941810561,2.23825566737601,2.33493581441443
0.78715534207334,0.933934988851766,0.686665124240744
0.839686203518225,0.980220653014077,0.745468962799565
0.76545589986159,0.930703004433701,0.663859641124727
0.795355194827943,0.953388918698364,0.699888761012121
0.742819803132669,0.92489333976181,0.639758712804148
0.771067668277524,0.948190058934978,0.663761598586033
0.714538411982771,0.904728307549733,0.65393403573584
1.26661985430136,1.36885314533587,1.24321617370647
1.24536566847063,1.38242284717688,1.215799183302
1.27236756289413,1.38988152826769,1.24339806480646
0.784655091435062,0.968103631655625,0.648270831882902
0.857864908393459,1.02632953792998,0.7232234255503
0.801522822960746,0.9860187385255,0.650920834286604
0.816977463155515,1.0004558166654,0.692809164076549
0.862748319725514,1.02996999918887,0.671552046675245
0.915372749798682,1.06159721182009,0.707676336030423
1.03858755991937,1.11752955693997,0.783743596327965
1.32504664734063,1.15108372163402,0.96146124560928
1.29083563465287,1.20476533480737,0.969030747576436
1.080031624262,1.21585178574121,0.941661289733576
1.63983883329313,1.69175533865679,1.54181653187947
1.59905678470679,1.68297270644158,1.52970811421787
0.818439525793681,1.01462074592438,0.645584000888398
0.842895172481845,1.03330522976391,0.692466599890249
0.836771823333818,1.04476234475353,0.666924472103085
0.905460576485738,1.09846725414724,0.735272924618888
0.817873618920538,1.04442390131807,0.657931585118748
0.804151197095525,1.01318964803852,0.654946144142122
0.836511678930429,1.06573410692998,0.688168744595639
0.888114448560747,1.12904113366166,0.752712495784805
0.885434717097967,1.11710350185049,0.758203528298395
1.38234019088201,1.53929204320387,1.31772892726662
1.36404391881426,1.53923681069825,1.28857818601819
1.39179655737763,1.54543809385614,1.29621800083979
0.875177520755125,1.06421427541996,0.727234854763773
0.949345256281016,1.3790894927867,0.844696656030853
0.991749786846732,1.23423798840435,0.889417230267275
0.952661152000523,1.25656633012773,0.850587790668594
1.45896460667437,1.73274262251587,1.39125710446349
1.42813186383032,1.71653543274921,1.37374036006522
1.432701823147,1.74165191043197,1.39345422185041
0.859294039782067,1.11146446053875,0.710637845226852
0.94268799081949,1.1993669724098,0.800008931777275
0.852601870505335,1.11939565590243,0.731135886278184
0.844410012607664,1.09801550601936,0.729493067120301
0.912695046381184,1.21023717102496,0.831649309647131
0.994526690533937,1.34040229280613,0.921201452041311
1.04555852489787,1.31585812618118,1.0228939897483
1.62324415079983,1.72551083386676,1.46298034699549
1.48802932152225,1.58049065905809,1.49041085648785
1.5845226177127,1.68297865990182,1.50706686789485
2.14195208096433,2.03140888868355,2.06779546311836
2.1814954200156,2.25010974077559,2.07486465756354
2.03963481562062,2.16172549653291,1.89596545436063
2.42071752873556,2.41597327481172,2.17794875089152
2.50366368862057,2.72809747238367,2.54095678623383
2.50870499280467,2.76112527585966,2.37013447724228
2.83372178612561,3.18711947057211,2.72411086092092
3.06064920977108,3.29036427761442,2.99245077759414
3.37479952096906,3.40400421099089,3.36557937803597
3.29389426944837,3.19775636467815,3.2669410082688
3.94831884005027,3.99388623601761,4.02481206162491
3.76050136110636,4.16755594229195,3.760752061202
4.00518027816178,4.50063485565209,3.99176049522396
4.23533988465749,4.63367142768459,4.31700462593468
0.87826297792424,1.14518750910762,0.785599346866369
0.87407049843638,1.09354672470133,0.824549281637981
0.94166033336535,1.22308034028593,0.827001086382326
1.03154664310299,1.32682146011425,0.933451362904374
0.952354030845177,1.22937010812927,0.825981563536914
1.05983335376126,1.35510326938427,0.938598471322447
0.972663859422568,1.22642408096756,0.86031069899448
0.88515845928326,1.15138533572334,0.740330255246409
0.932104440806908,1.18447444794479,0.781449942340215
0.841916367287473,1.10245205273973,0.703693311721037
0.886436429981531,1.14060339878569,0.755575533801828
0.792351395172916,1.04202549282226,0.659040883797288
0.815590822952023,1.06315862396292,0.67748798396375
0.814502848300141,1.07754113269578,0.717458880031816
0.834500635714615,1.07841665336513,0.798750899134788
0.878323424982579,1.16897515779773,0.829226539019778
0.825318826263866,1.0782664480371,0.731225216439367
0.880526369991155,1.08241241795878,0.771986156951296
0.863885384440621,1.16780670761562,0.844520229403638
0.899521408091228,1.22415627302452,0.889322247102855
0.91151016767492,1.19386638957602,0.939399618446344
0.747845291467797,0.967783111976942,0.624209138780966
0.754126602321227,0.947945118544921,0.646095093220341
0.754234402900369,0.969237339698307,0.6333964931983
0.808199524526728,1.03506073071757,0.684119259610702
0.72160253868263,0.917091256888591,0.610367159190004
0.718851197448375,0.892109339062483,0.6116249793462
0.750630046667859,0.95257008188209,0.668824128630255
0.796174883567318,1.02270886189934,0.721378929176372
0.779991070479839,0.925512260059069,0.684679321501609
0.797853836910169,1.00862377590593,0.741707779112072
0.875199314678771,1.0858672658422,0.823033755897945
0.8425683298938,1.05034587818644,0.808149637494192
0.866487534722647,0.993832343013418,0.743579786117718
0.922708554616256,1.00223877717315,0.769529124715392
0.973425027339486,1.08582125675912,0.844592721161002
0.909061699865577,0.957958883477636,0.709252885403754
0.934752497368826,0.978484442689358,0.711668335976424
1.07201333670736,0.98073334201754,0.749882038293848
1.21172285901217,1.0207879227224,0.83967761197756
1.1733873189979,1.02849295570653,0.89456034737708
1.37703937033773,1.05420003229428,0.914831847433468
1.21905264935918,1.03677523558069,0.794874870185752
1.22209499424498,1.08459337716915,0.813356731919562
1.45400887720001,1.17162791327135,0.902972213571203
0.723171001778348,0.909355295094964,0.595820534267867
0.80437678152924,0.981530622225073,0.670556818877126
0.701277494455584,0.886228582973163,0.586370911243827
0.709045137353633,0.90312107953191,0.61857515418964
0.712129096353968,0.88802316362047,0.591730631689838
0.763055350065659,0.962147525899347,0.64837948736064
0.729779649665683,0.866174996219685,0.609490079859646
0.769877990973043,0.903409096638851,0.66518747824084
0.796935072951572,0.935381478432723,0.688745348867563
0.712079570672552,0.813138364878127,0.593300378050987
0.754934098830232,0.834266487761354,0.640970307792745
0.823998712992344,0.907542783590324,0.712997639109872
0.817160642278684,0.879656973724224,0.713072084621115
0.932595699619149,0.991334391630015,0.831257801540291
0.832042234195002,0.89446462414808,0.740001839197783
0.935001243128554,0.98962855559288,0.852945164159461
0.766493694253072,0.866572148005362,0.664025068947214
0.848201918049592,0.963360542704521,0.752502162144776
0.815901148666586,0.89917572181761,0.729628430230321
0.91647916046139,1.01007836930149,0.855247905675018
0.700952034027639,0.87924505349492,0.589445566858344
0.718142635973072,0.900760664531481,0.641391724862706
0.733473764475452,0.911712529229992,0.614345496701315
0.779910777408401,0.966299208251141,0.673159246261131
0.750880459251179,0.926865957299582,0.638234810007007
0.761725647568981,0.919807912685445,0.668244001674196
0.873190338557722,1.03818801124898,0.763461315058703
1.39251169831821,1.23376600060825,1.27667631887539
1.28316506501792,1.79958676310701,1.46668995842132
1.72841132362357,2.10012844410335,1.97176356805128
1.44613342785387,1.73954208900185,1.40594745954055
1.95355044359989,2.24753499479059,2.0007234403473
2.04318443263088,2.23071795648132,1.95633936937925
1.94515535440545,2.317863983915,1.96082092747234
0.741611245738542,0.918909704200735,0.626605864406809
0.794351982535617,0.978433076214672,0.676025539614117
0.739470712579582,0.896199447369505,0.638357624270569
0.765129987955571,0.896490415406942,0.66374419091613
0.781342649149677,0.937034357397867,0.698033682601611
0.900886541353155,1.07056875876007,0.834099114518633
0.856348930864363,0.989746808743986,0.798474564049088
0.737881121439017,0.887622799606981,0.650015195605139
0.775992358930408,0.920094116479527,0.680127021370464
0.742603657337374,0.883501581436955,0.65811568448669
0.791672632158267,0.917495699886223,0.699373481824747
0.749865202125114,0.8885583822402,0.668216979387994
0.754055812096806,0.888225210534154,0.677104492158975
0.870905417807914,1.00631522251735,0.773051957430666
1.37401664734908,1.48363110028549,1.30492218104536
1.35589017598123,1.44176085408163,1.31902825986807
1.40730041915412,1.48840817261596,1.32559982569577
0.743362865702356,0.852268255776023,0.662977511005955
0.808260420704332,0.884541224335196,0.71897073716505
0.736665085904654,0.850538662089639,0.680978196819484
0.76409384383689,0.895463449946609,0.722188163936486
0.749661678008513,0.836562296983032,0.700027790938131
0.815328056544961,0.862232361942035,0.751121675667191
0.788194536528771,0.827251096849393,0.738445589914512
1.33464486921629,1.34173158974953,1.30708635402127
1.29972956141054,1.33662280040375,1.28784026244328
1.31455882670702,1.32517071318757,1.26717132564963
0.756763588796843,0.878440068708659,0.721468428507787
0.815745119172598,0.995677868275147,0.816983131835662
0.806553682133522,0.878936019778292,0.74702214144167
0.878070569036679,0.901016006624027,0.79338045541972
0.846962949176789,0.929600816871942,0.806798790674062
0.884397532053121,0.966505602783267,0.857865936597312
0.966964812530815,1.05244711757887,0.931579558579469
1.36325601321454,1.50540363139459,1.24373003239631
1.53227846206986,1.35047048028724,1.44515299295484
1.88927150330148,1.70005296473237,1.79275150616501
1.31506356130849,1.29272975680121,1.21213479403624
1.82294282546976,1.7529615011301,1.77135855396984
1.83482157928683,1.80162191888711,1.69280307562183
1.85256898184362,1.79386097998986,1.70915383443066
0.820211149218221,0.9050396763771,0.789257702394593
0.826875709418821,0.910481895757055,0.799062858081956
0.836180287865064,0.928451923049915,0.822934281818828
0.872421744305603,0.969789836446334,0.864196116911114
0.836873487401118,0.927314641929415,0.839402553370499
0.829440192825042,0.911632962947405,0.828378709145484
0.903139307068786,0.984676402842292,0.905030617268634
1.38435065513037,1.44743933967959,1.37664013578364
1.3834813214427,1.43726834770431,1.38982279645358
1.41131916279644,1.45729398412815,1.41890240390253
0.881447111335942,0.978090828492036,0.887497591809159
0.978560608281298,1.07778626340763,0.977488374170959
0.894735227903622,0.986720496316057,0.903174421300783
0.902265507085721,0.993365363461891,0.913376030831004
0.968251574202336,1.06173228389162,0.97193799342784
1.01408783429012,1.10545488880263,1.01033114470598
1.04329842108506,1.13694735684023,1.05621345003477
1.40507383214642,1.52006674397607,1.43133616397602
1.35246609989576,1.51446460232155,1.49277368492084
1.51599242288792,1.54604458156808,1.53960514344354
1.86417839237572,1.91708277265919,1.83188024661135
1.01316394519406,1.12416952299074,1.02808883244781
1.12590756922542,1.25180582502024,1.12703565851228
1.00123011305406,1.12016337099425,1.04454825264899
0.993924437506813,1.10754649193119,1.04730750135617
1.06863184380078,1.21029556321058,1.12488830558682
1.15927257983885,1.3208785965022,1.22519507477982
1.13140678447362,1.27778913726329,1.21810709757183
1.45026698742298,1.57458464337989,1.58778018771235
1.28125637542834,1.3749531068946,1.25871712439924
1.80640449983545,1.66718149792982,1.75432705431602
2.47946523024324,2.15677307258575,2.2546917881639
2.37783027906449,2.27297467297332,2.42838388250657
1.04401788461649,1.19583799952799,1.07473425032694
1.01571764747429,1.14655817266928,1.03740295057366
1.1334229149486,1.31290881200568,1.1517506901914
1.22449812959727,1.41205249213761,1.24225581781997
1.1731026385929,1.36806635441321,1.18516299541467
1.14481914450104,1.33353150923558,1.15885198220678
1.31835121904317,1.52183817265556,1.3154625679675
1.50803783346037,1.77765028368249,1.44642891703248
1.60778569342679,1.70380052258155,1.41028580316452
1.45277460334766,1.60289324402286,1.45053346929509
1.85665802033106,2.00448228904021,1.82984740591619
1.92205446882439,1.91912818873792,1.81840577862624
1.67015739033607,1.87037312258573,1.5199427886202
2.18800239382097,2.36191213583677,2.01424973948896
2.19118035046592,2.2566316812483,1.95659172751733
1.95968466574026,2.3305954455915,1.83585643270686
2.37723742993737,2.70360145943545,2.29657086999638
2.49333243483134,2.83061410843733,2.40535787608814
2.2458118842987,2.74882580618326,2.10186339774338
2.58767032281471,3.02632184820836,2.45348111240254
2.56493438132346,3.12580040501967,2.42885707375028
2.60824146440726,3.07623971826949,2.47604087087953
1.21327366370524,1.42846735478253,1.23192442140584
1.31446230900511,1.533912844901,1.34206437922819
1.21681314479726,1.43272675255425,1.23663247617104
1.23836812031228,1.42464709013555,1.24267229085162
1.2706198985765,1.51337632533329,1.30974833733729
1.3554071052862,1.61815522568371,1.40497142145453
1.3879866292477,1.65676296329794,1.41988437579316
1.64039965661101,1.84611061415261,1.59392439063591
1.70533185188063,1.8819106141143,1.77560629113601
1.92244464080136,2.03979817841093,1.927660748455
2.4728750454605,2.46774857092593,2.417925103895
2.42111631176081,2.48227122455573,2.39412474558344
2.45945328411266,2.61270680638774,2.40430597555092
3.03479383797618,2.94718159652608,2.97262081908449
1.19420645914572,1.41055561245425,1.2512944816591
1.18319725233325,1.35696155758529,1.2371499365654
1.22134436410051,1.45959569819682,1.30331782051878
1.32205895423558,1.58132271072806,1.40873356147665
1.18124562597837,1.4070142499286,1.29854717950676
1.16167568524229,1.36475249249169,1.28180545644979
1.29857044329146,1.53393685721023,1.45393479261346
1.75159530276515,1.73709694967186,1.77491401380812
1.68153642404999,1.96553887760773,1.69091899066002
1.66373699153125,2.06867221701821,1.66504244608113
2.30036976975378,2.63329873566349,2.15371258290069
2.19967609577939,2.69582527453584,2.14040714725821
1.7956029804742,2.18927846481593,1.79866624086844
2.39295944898831,2.73404364420835,2.31488739272591
2.35971376169546,2.74438548672174,2.37208659869781
1.68242956232577,2.04954479675846,1.863142880028
2.16040704526323,2.48955914540937,2.39901579964946
2.23951302097397,2.43330746747511,2.2981039770266
1.79015513186843,2.1961959261688,2.05465405907789
2.1422366331076,2.49188785300435,2.38953304860592
2.20093682676649,2.5237391009438,2.42120183956235
2.11740274355011,2.54553797920621,2.3735387539469
1.17049422665575,1.39248385757393,1.29259007310941
1.15416272193734,1.35797403381379,1.28376582815647
1.26137193895003,1.49060029171665,1.37549764929593
1.34480991568852,1.57129581074886,1.4506185873054
1.31674515981598,1.54712371240969,1.43871817790851
1.4418970164317,1.67192663134292,1.55146547408508
1.32809384823645,1.52766178674472,1.43390675730778
1.29699873824073,1.56111768997247,1.45222823440375
1.29261122553253,1.58234799690009,1.46615688867811
1.3448478241235,1.61234532775189,1.51620295352483
1.41578187100075,1.65472709214129,1.56855243069933
1.35153505950022,1.66628987434402,1.5701004279581
1.2997122182675,1.641844106039,1.51845363354873
1.50343788160648,1.84147489113618,1.79016332728289
1.75269637654129,2.1178320113438,2.12409551227568
1.8930992147115,2.09248033832909,2.11948345257028
1.82795412679032,2.33553677221481,2.14526767573109
2.2104645467499,2.77755790111708,2.59287265878149
2.2373912497214,2.73712375889271,2.50813333971071
2.33988524844783,2.68950152227951,2.54824770171883
2.66701693715673,2.83250603488535,2.79894114216313
2.76022198660548,3.01142646490346,2.94475171085958
2.97641230592121,3.3792236218276,3.13395901881308
3.43639215588107,3.80626537335883,3.50674417910815
3.29012928228301,3.70539546684688,3.45244837024057
3.5084601285324,3.8896988061281,3.71706717464688
3.81511239246984,4.15331924089085,4.03908626346067
3.80686183013308,4.16682713860349,4.03606009287427
3.84098162608964,4.21749564863367,4.0342998160604
1.37409732884308,1.66324651166426,1.57288311607722
1.44495709223566,1.6758302589579,1.62239811135742
1.37163903216401,1.69218060357879,1.57966121077205
1.3541616473683,1.71648385097824,1.58938992140176
1.43162900192686,1.72797072412868,1.61910772638693
1.45270569041279,1.786703080396,1.65393887113507
1.53261415831715,1.82073164991319,1.72036180723032
1.40942429705392,1.63989592063004,1.55372391241805
1.35669348036407,1.57385103866849,1.47256516965625
1.5105484403026,1.68401426191901,1.64065970690558
1.59302836870726,1.77551379915593,1.74742295537913
1.56676272856448,1.66684314050928,1.65597376641623
1.58534828912575,1.68723222499265,1.63950835412117
1.76036890189916,1.79806393686749,1.82602558770786
1.93135577982638,1.8473998625138,2.04178570736021
1.86032353383166,1.89694614686977,1.96722453684618
2.00805876142699,1.96967313980398,2.11152352571759
2.30610959102454,2.16473024513249,2.36623763416862
2.14618994205702,2.11683946963958,2.42629176149067
2.39869470573656,2.21455706693995,2.40783168343675
2.83545796040257,2.63074141482265,2.84992786235149
2.87567442792316,2.62460883374162,2.79051730739676
1.51357005355217,1.5867784327856,1.61387596864064
1.58974107161359,1.62908555978302,1.6672177221464
1.46558966366705,1.55065501259693,1.59010226154653
1.49918133666563,1.60647545686192,1.6393198700163
1.44813154306754,1.50447381016746,1.57407492278056
1.50697414754679,1.51772051494146,1.61470438203138
1.59093815596984,1.63334071975226,1.72395491329728
1.91350268969365,1.99990110485381,2.00219117425232
1.88323919519669,1.97487816550228,1.93571479497206
1.92257735057039,1.97760317910815,2.25456784553993
2.22808815048061,2.30099085956979,2.50312776014694
1.3065867294525,1.4021016599574,1.44499382351337
1.32151485947749,1.39901770071134,1.4577941577876
1.22213030349837,1.37640554086977,1.36954084954903
1.26782911877349,1.4343675622962,1.41156662801864
1.11691617409219,1.3122368051935,1.26855403014906
1.14169538855691,1.34224966384681,1.29884938201825
1.0975728265695,1.36053601835801,1.26840552745327
1.16946456452046,1.4647239511016,1.36839509580679
1.12262767801005,1.37091140702033,1.27469850720988
1.0292182934594,1.32120639779442,1.20077630704642
1.07936275455513,1.40146631421421,1.28058059867116
1.17653161634514,1.50411612296148,1.40269528147442
1.05948497465164,1.39686471821465,1.26933608125553
1.1439375790326,1.49642623859882,1.38430484901009
0.986360698610995,1.30143755896232,1.17569329026953
1.01233819839031,1.3235857773092,1.22021443489641
1.06099897483107,1.41285400744227,1.41031495501985
0.98072962036981,1.25006430186382,1.12623495122981
1.01545707600029,1.24759194496559,1.14077504421372
0.955732585749218,1.23557630394598,1.11335715651571
0.972659425248367,1.21627652166823,1.11736189363134
1.05768857031419,1.21430350485994,1.18565101000924
1.10902987218461,1.22358280821019,1.2273178353125
1.01307485397116,1.17452815132842,1.12914481329983
1.04792660664309,1.23047070305105,1.16528817013335
0.968562517561002,1.09382606378958,1.06059794398433
0.988641667638357,1.08793171002416,1.07381836991064
1.04116119451801,1.14887372685857,1.11103029464921
1.15099082684079,1.24195849072701,1.21951537930778
1.10173302304341,1.22264446826852,1.17456561141075
0.996308497092263,1.08798597593582,1.03452855360942
0.975652339226038,1.03995284649531,1.01690472969786
1.06840966070369,1.17094979368652,1.07601105054087
1.13988420908314,1.26965308757605,1.14844284106046
1.108301946516,1.2004851797912,1.09465920470456
0.899255045687926,1.03633992751195,0.984557810979002
0.94181733323732,1.09798295076305,1.02918287094579
0.845335160952602,0.969194649008801,0.927408937356807
0.877491642654534,0.98416474934468,0.957435158909388
0.803191157640941,0.922157186776305,0.882572551880089
0.832268138659471,0.976060724873262,0.920983805145656
0.814004284699138,0.904931930759118,0.893231109442475
0.863069882919559,0.932934411942673,0.956326147113018
0.84357715664999,0.917515970108928,0.936639510873031
0.835971676701235,0.954607706499127,0.912563670289108
0.871169997349134,1.00791336805854,0.952118929287793
0.905960756050709,1.03353684608587,0.994459592669952
0.961176560519643,1.12360615117308,1.05033845471819
1.0590139610672,1.22606155360573,1.15532864648575
1.01157553056562,1.19475839764471,1.10620413218375
1.12258778258087,1.33094524071598,1.23277471977142
0.91968810753938,1.05044903031104,1.00639832030411
0.992331526477279,1.10748004963088,1.0870181089807
0.998812329435058,1.16842834140312,1.0992305256162
1.10976512124945,1.30169203715159,1.23867868578195
0.780024015028431,0.880466020025487,0.848424342156264
0.834459187979694,0.921230476899147,0.906018545024229
0.777809725410202,0.87642766851436,0.83209172744071
0.836612793903775,0.932748579189788,0.886020672976886
0.754333191564471,0.843832322110272,0.804613759376018
0.75254290165931,0.840594034703913,0.805691287860536
0.763150771677701,0.82374967675268,0.801722988436017
0.825888761985003,0.88327144865415,0.870511530331295
0.792446782827218,0.834701235181731,0.830291573802522
0.748675497146258,0.813752029319062,0.781361069597363
0.759390972894396,0.806436321886577,0.776762204635169
0.85657884758691,0.886885531639542,0.860135002668443
0.803045886475514,0.854811926202746,0.816691118146814
0.909498788300279,0.952353858289721,0.922721662071813
0.859663095596815,0.93883194427244,0.873839167700996
0.95629693155498,1.0441609322452,0.96213808931873
0.882052703252306,0.967484976924073,0.911618384825373
1.03115174357683,1.12189453368691,1.06731177378852
0.945172653357789,1.03644148503672,0.958409743753267
1.14158788172303,1.24684942646826,1.14105865412497
0.799358741495232,0.912438913078546,0.855948105007595
0.911877762824723,1.00431828881283,1.02459570362999
0.817681148822701,0.971487405765744,0.840522723241088
0.874025245657811,1.02839813905794,0.901931525943798
0.87698258898272,1.04539080747268,0.893230542752663
0.91815332702964,1.08124458081398,0.942646635608532
0.992760038343955,1.16574177714102,1.01725061745796
1.15636419376453,1.38737134985064,1.19761328060336
1.08479485677659,1.33600451315821,1.18944446208172
1.09206619266379,1.26005083928797,1.14517885504325
1.32324359626411,1.50572260108758,1.43411283504564
0.873675275855152,1.04778312252671,0.872873285884062
1.03652098638612,1.20187096977778,1.02440636319473
0.819330867355166,0.994230371897298,0.843388385589527
0.871522889211045,1.03346828283275,0.91785788944617
0.831123071919837,1.00400640606739,0.857228684214538
0.926240760691716,1.0806421798218,0.957604587566742
0.901494131968839,1.05437612179549,1.0284345534243
1.3634385458434,1.47100214666998,1.47213903598837
1.37395621885432,1.47325415614333,1.50906331848184
1.43567341410761,1.54543943370047,1.53115736329084
0.77758249014005,0.956009993910072,0.770389652279806
0.790378422574538,0.939892305728577,0.820859728919252
0.825547599479663,1.00387751011417,0.833223724671042
0.939414854359332,1.1010801096765,0.998376176927897
0.800030297329141,0.980312114538724,0.820615424241241
0.79672619723209,0.964833944055955,0.832731401654249
0.912422288737688,1.06208330811245,0.994897045860409
0.977455011854027,1.11391042215114,1.07763329344901
0.962667716805834,1.09469023895586,1.06142429812928
1.00531602978604,1.12704831032645,1.13128448551324
1.43894674670975,1.5296701652752,1.40217596863934
1.5366485579081,1.65268029490188,1.71057442997628
0.748455627064893,0.940790356435103,0.749601683095867
0.77856859214121,0.955312950244872,0.77311052954834
0.724365580716865,0.925948044227425,0.723348841135028
0.760189804567828,0.952859689336387,0.776503761704772
0.702739927019079,0.898227578141259,0.679749896542046
0.735570449718461,0.924008950026013,0.707166345042509
0.690344108083959,0.841615517849146,0.655502912941832
0.73251194726494,0.850711688532495,0.693360775408907
0.732141384261133,0.868907862565236,0.695580797661478
0.708166528665696,0.846836585407469,0.65282200554564
0.719106584671045,0.852879460720839,0.667818969103187
0.731468472051388,0.946003177419554,0.693055877115356
0.786771193608355,0.976224720673402,0.73265668374928
0.771244988336258,1.00009837716889,0.720498134980183
0.827704719497843,1.03833951315082,0.770635627183038
0.822284803257133,1.06979773708397,0.751688069550539
0.86508807786039,1.10701175611968,0.768003843588225
0.95153003701077,1.19485155783015,0.842034832854138
1.08344462905761,1.26234710052919,0.904620025899124
1.08652263117445,1.2953428070733,0.934641920189469
1.20897161625699,1.28739349130106,0.952941008533428
1.38225227512733,1.38319275647143,1.09975597635707
1.52834661302275,1.44681624869395,1.09692968130954
1.46891188427947,1.37182330587051,1.08885387878938
1.8787662619351,1.58060058665359,1.49281520089517
1.79633922748644,1.53946718593993,1.22083158824766
1.9925290786123,1.68976252035741,1.41894939949881
2.11815102833725,1.69688827974448,1.40720145969619
0.801340358148036,1.03026544413195,0.732999712450145
0.904204962265343,1.12207804575122,0.818931873381726
0.763571697756126,0.948125188562323,0.685203936506347
0.790790960103516,0.947931210884643,0.699543740948889
0.810145887923401,0.92923569898697,0.689048561046822
0.936369714404733,1.00059280583324,0.755594806479811
0.98674133194442,0.981806031851104,0.760593882854977
1.54067653532578,1.54657191404008,1.12043430986155
1.0344488591105,1.14972198010063,1.04926417580351
1.59251856058593,1.51739519585357,1.20309700738036
2.09720723750599,1.75843030074746,1.50313490271258
0.706138634443119,0.874463825155312,0.634430022179893
0.763384785713376,1.03486275952682,0.735956082042269
0.695627490043675,0.793484799397349,0.608244271269725
0.815288548653087,0.875212982413091,0.704558156933399
0.625374835653882,0.737341858116857,0.560347642702169
0.600749970284458,0.72803105246761,0.559070905445635
0.652999471318069,0.734621992674693,0.603372101570908
0.68934917747861,0.762649955512158,0.680084085456317
0.74897745886906,0.815051615589259,0.689480821739185
0.676023691939385,0.754434627392079,0.624937314867369
0.860552460368116,1.169857521129,0.864078455864961
0.772320248969613,1.13803469807027,0.820518834209419
1.32472661891128,1.67090798476871,1.38707532570081
1.35351168348321,1.69310709348277,1.39446137816616
1.33171110766115,1.65198324292866,1.37725999599902
0.884245638945379,1.03710537091479,0.821970063093716
1.40889792792123,1.57544848366131,1.38951597590137
1.40608326944406,1.57514482850717,1.38354744631408
1.44710546543718,1.61104831264396,1.39734172077394
0.64275420437332,0.760561295317011,0.554425965990157
0.764799410997006,0.84014401874896,0.618942226836651
0.596062942942319,0.736140496118335,0.525302850658697
0.602908211901811,0.725317683574328,0.531532794925792
0.624040947806898,0.788363877673247,0.529700467269385
0.695529509470552,0.82785782891747,0.562654011885685
0.749743379805069,0.989671769749223,0.605962225408691
1.32944016123725,1.493560777538,0.651358659513531
1.33822814143334,1.13456694834338,0.681470625366389
1.4270968937823,1.22793116936918,0.657218993429179
1.92092947577848,1.52872907553453,0.810258804852783
1.85240110277344,1.5454710502936,0.711756458216298
2.07479529336789,1.62940833565904,0.62527887579274
2.54129883317925,2.00845131364414,0.758401444158729
2.74967863084649,1.95875375204371,0.851068044745082
0.613255832628856,0.733256678791399,0.501088583883164
0.740591259325727,0.739340132840713,0.532315112283452
0.629703144209729,0.789695641616107,0.534273341997601
0.725761626920678,0.887130116854836,0.631710950333739
0.634699162947197,0.777254455884033,0.524075156455038
0.698046081850838,0.832822630739357,0.593836998009375
0.694548003377773,0.789802884185553,0.549017829260112
0.612026123188251,0.787765131704637,0.520099915110882
0.66507057424626,0.848334128087856,0.571197227828841
0.611949381711381,0.790404703188161,0.533836031442684
0.634355300828002,0.787637925100269,0.569437433359217
0.646554189033396,0.854554130846674,0.570880323632193
0.733645385198417,0.943571630219746,0.647713369947853
0.738213041816742,0.95824656480154,0.681421926706165
0.612680352667258,0.812418020817127,0.527650298582752
0.62730366647211,0.795830929559634,0.557159178370364
0.642700563339889,0.863570709878369,0.554213686736679
0.698822726340838,0.930941956597806,0.608307393921154
0.646506325678265,0.871294061772537,0.567995904145936
0.641829226204851,0.843873872638445,0.564004489271596
0.704765107272273,0.93245989859739,0.623703593401011
0.763081339225361,1.01753680951926,0.706488079779034
0.764864598611274,0.988110326404917,0.705939436692726
0.709752451824316,0.895187991479854,0.586563538209375
0.719934769742428,0.884852819766554,0.6095900344841
0.756167112543005,0.932900647695858,0.681314128611556
0.784292898435062,0.908198738938246,0.65251171344901
0.857512669789511,0.977097483871533,0.755449537920763
0.845055384258767,0.953540996441207,0.685161275750659
0.951306428566635,1.03744795971366,0.791549005436352
0.796561017919194,0.962824746116892,0.649080962785833
0.880715308956407,1.06162922026198,0.752459613245168
0.864345338154546,0.991066116465791,0.696311802646213
0.987856099292693,1.11390624529551,0.829931972731221
0.658089099548123,0.907728643575376,0.609007645818659
0.714846141183911,0.971495841747747,0.669473989253618
0.653673509139167,0.905995383554407,0.630045443636114
0.665304193402563,0.899359228356149,0.644951688271747
0.682448533080039,0.946867390834348,0.669691024790068
0.722919659234976,0.989837013065921,0.704234052651056
0.695115966995166,0.941245420874147,0.689229853524283
0.706095597175094,0.92969918099134,0.709948466052101
0.774117212478285,1.01270032484876,0.765876166595296
0.684306472051324,0.922737693865,0.66479063254613
0.666785066407711,0.853260209137499,0.631532476741432
0.695165380226679,0.845225891018066,0.651149778620186
0.689324235663967,0.856529253373632,0.632356936479297
0.715530971554057,0.846429763732512,0.657735773289987
0.751888671866073,0.940421087850066,0.670092778473074
0.844005963515745,0.97692023494686,0.712657836114339
1.17690228433402,1.31757529049684,0.800550935796143
0.759482840661604,1.02383568447411,0.719595728109493
0.835127304588698,1.13237863753376,0.79688641157048
0.805104573690229,1.04051929646684,0.72529286937131
0.919958381514354,1.16029318956242,0.808487498560312
0.705895746303858,0.983351557609367,0.701656545063868
0.74595639546164,1.01216768631592,0.760436652807307
0.756263806369698,1.03860319427439,0.737716732680873
0.80638888800755,1.08551363236581,0.792772883764211
0.80379707987412,1.08743448406572,0.775399140310779
0.882682684805587,1.16225059648816,0.865692526983923
0.818186810389925,1.08655269783988,0.810825975989803
0.831233607244087,1.13958679198318,0.781649034533896
0.854927639850061,1.18569438333213,0.849541672506695
0.934677251238996,1.23432744948477,0.852669027296671
1.0569112484717,1.32459209635187,0.954180336137536
1.08823233040418,1.31875147832291,0.999188378509735
1.12852733387848,1.39367979379923,1.03452386170456
1.0263557873704,1.3532273281987,0.94902852128257
1.08965386791409,1.41835915966665,1.00819984600867
1.19940382704129,1.52250304568943,1.11921125672568
1.39015434491011,1.69302310099907,1.34062361241611
1.41111277438475,1.72408011363636,1.35601227188025
1.3044414956945,1.53652222523828,1.1772473819194
1.61214229959336,1.74578554357066,1.48605447575203
1.63384087689351,1.80404978062376,1.49797402779694
0.981714072089065,1.31267178282194,0.911857045670897
1.07951986923092,1.41223469610408,1.01198052201045
0.912795871200163,1.22961349657473,0.848450771240711
0.922970780134237,1.22440597346869,0.867509225388185
0.894162705427858,1.20031289255412,0.817022324955028
0.936397252884593,1.24342878901444,0.841431687554373
0.972442986047088,1.24465719952227,0.871084581601477
1.01422111100193,1.25589014683161,0.918677146311268
1.00177980238727,1.25087430885541,0.89505550818513
1.13379378890618,1.35320118966837,0.964615232404278
1.63725805847066,1.536385327847,1.15367255410699
1.54675848124614,1.52366589962512,1.14757686317053
1.22731737436444,1.37094160539252,1.00544832253671
1.63380517175864,1.58065624109689,1.23877726629423
1.78092783423755,1.64403608532533,1.29619370079367
1.41303409771175,1.49605474573601,1.19051983487154
1.82123176570235,1.79147656161585,1.51931337832699
1.7349068344282,1.7059560905776,1.45360837422882
1.54841914189542,1.63347920458455,1.35857734803921
1.90941156360673,1.99577109197933,1.7333827046129
1.91804259679596,1.93125534999502,1.71849779794171
1.91753762609416,1.95685788240689,1.76901574243088
0.822670337847959,1.11492084431724,0.754095827948577
0.840163372571886,1.11643939547361,0.777654293972713
0.793768958126351,1.07001064380011,0.723421516598609
0.839578301234299,1.11711819539687,0.774880352516344
0.751873590873437,0.995394012933911,0.674393138451951
0.771763662684499,1.00648969892127,0.698978055763923
0.776215015627829,1.02509276760252,0.699038678143811
1.30903567939098,1.46307443008954,1.24827819118624
1.31239734209547,1.46709394504301,1.2717368149845
1.29213084182265,1.47483651228524,1.260697498212
0.731107307091758,0.930810221334495,0.64774908966619
0.764432869128991,0.924595115306727,0.671599975093026
0.741069499952216,0.93909874349481,0.662614288945006
0.790441402629901,1.00581008596999,0.715828906261545
0.73676728517734,0.905038775471803,0.660649962003003
0.762949378986288,0.917104824799142,0.686221151519617
0.818322095923014,0.989066817289436,0.740597189663
0.994390994205985,1.07815316873375,0.943194608531439
0.991728923154513,1.07471983233052,0.949132823196294
1.08768834811537,1.12999971708576,1.09472909098782
1.34644477604858,1.26050723514472,1.41819825700144
1.34023623174899,1.25659223238887,1.40167966385815
1.20619236713224,1.25601012308422,1.19409957393498
1.70977177214173,1.72788391780788,1.67318824741122
1.67063237837886,1.72370008913069,1.6750484549864
0.697208679241079,0.838335471235116,0.625979265870417
0.752530394379408,0.84234006905846,0.676314263597053
0.67586360260273,0.838361333754408,0.614469269342574
0.734910994724887,0.916478016714549,0.676609093848918
0.644407649846505,0.798163059272922,0.601160920823429
0.650618227309424,0.797767497504141,0.613530274340104
0.695193329472421,0.877592430288248,0.672186955018629
0.771868694468308,1.12855900307293,0.728585324477257
0.768837438426639,1.07819731248337,0.776674600899031
0.756359605532559,0.979791077898289,0.733734475889904
0.903142042554434,1.32574564107282,0.914080488842181
0.96067795446847,1.30294206875648,0.869227653542317
0.813424611325285,0.995022770875393,0.821510971755354
1.37185479481837,1.47833135839592,1.4393672513799
1.46513931730172,1.58922393286158,1.38979743671435
0.626140715358706,0.763424368345578,0.56705571088986
0.678143381157835,0.835678787352572,0.615782798000006
0.598073865294457,0.709114706153661,0.544567964270634
0.619630329609895,0.713224095950673,0.582962421795367
0.579339185230126,0.698345278317045,0.51367320967514
0.621064571966614,0.765620317238251,0.561327830094651
0.628480588633786,0.72808503431738,0.560608135207734
0.725511879304824,0.835167845125759,0.663590047607354
0.749810794841328,0.856705131542894,0.700165453882721
0.682663495244481,0.753411850088489,0.637255521840424
0.976705995223969,1.0506743787842,1.06369855999517
0.983812635237278,1.05099454622753,1.06825525507637
1.06491041890447,1.07797171283507,1.14713764627937
1.15264464502842,1.13532691704525,1.02533193603098
1.72778577394319,1.72221294354179,1.63423663013504
1.73474926760573,1.70406045141973,1.62480439221016
1.72869583399158,1.69762857654934,1.62952700645145
0.542948706051,0.659969930922946,0.486939740543627
0.570433498332068,0.664862402108548,0.529582330490531
0.536672373898735,0.668879072871743,0.481250537170979
0.581515828734113,0.72219566987664,0.522532676500105
0.510017173204864,0.628930849969848,0.470882772929768
0.517908304256017,0.62308201279593,0.491894708055
0.566599512570094,0.674431561776888,0.552507130253848
1.14545747210841,1.27452875994185,1.15020473672616
1.18835505497438,1.20676304610298,1.20636947928146
1.25451197519645,1.23457127274942,1.18873240712698
0.513806367730855,0.628319403874389,0.455895327813441
0.599428953690963,0.709382443959648,0.531938796889684
0.498908474798743,0.601467603771374,0.447514390128771
0.529916883090502,0.611984677814011,0.485393854961538
0.514656645825773,0.614754909247104,0.450442708314868
0.578547531399806,0.680698392052922,0.514335796874587
0.566739894920266,0.676330302097521,0.497262604427903
0.485390359816607,0.55802546689074,0.421669542458403
0.507284160070412,0.561313485837486,0.450502466439525
0.500020463160139,0.572613443673195,0.434491312183982
0.55514171320355,0.63173932307904,0.488150563857241
0.489807707784557,0.557700842041716,0.424758665423278
0.497805389101311,0.56517123620322,0.44814593818882
0.549757505571619,0.63951092033914,0.484541922458093
0.597043715242995,0.677781296382652,0.512746607849351
0.613875477005377,0.767185981294412,0.581006980616153
0.74570713455092,0.712256884943693,0.615729771632492
1.19578373955587,1.12108230409748,1.10261838569522
1.37713664663693,1.06097318219318,1.10234748800588
0.931720662696756,0.841258554117867,0.742878880738512
1.63182692107878,1.29533387763009,1.25496309721768
1.42168169629346,1.28601945864365,1.27482933305449
1.02391035145316,1.07553116409651,0.740230324153781
1.42263050300272,1.64982623027497,1.00620563912762
1.67596789338222,1.7469656165234,1.07463940398876
0.916994343387924,1.10277269705298,0.700062952738922
1.38243543605317,1.60221141056173,1.18597470736455
1.43389567997225,1.56809016109268,1.22098712661441
1.38468385406908,1.49996436160798,1.26497374929537
0.501894257600953,0.579020516215387,0.466583760882884
0.556803061632334,0.650453159734212,0.55053730238752
0.501612409597138,0.573139354285542,0.493485609386154
0.515796871960285,0.573188986368081,0.505955270694692
0.525409591699358,0.619766789582247,0.631407302929253
0.569240792417647,0.68143080884999,0.791488246017997
0.567782541662088,0.644400060283128,0.983121366141459
0.645551469894866,0.732165316461769,1.35934046440962
0.617712617215995,0.679556938992406,1.60871315003032
0.593706922255664,0.643582308358443,0.817767374476459
0.701203725886809,0.76505656753945,0.80199873409647
0.811298491926974,0.900460733735955,1.27442802300989
0.816847026867857,0.860150363928927,1.10889055470662
0.978708950553445,1.02993469696935,1.41941812843618
0.848803232886723,0.866384709564264,1.67427064522158
0.996072054062175,1.01218493157464,2.12522107985501
0.707574602697367,0.723215153367069,1.63783969381844
0.816535715300841,0.822961312449521,2.15327218769724
0.83332012036449,0.838420585216827,2.05580882817522
1.01461919745063,1.01286070935044,2.81918842254242
0.531142432832581,0.628044317073944,0.53057911474701
0.561984270186416,0.624429476966432,0.55330382056928
0.586126592459823,0.709696249177043,0.566713931076727
0.665544986988335,0.791050738910583,0.66027900489668
0.601435403464697,0.747619897024368,0.56918530969594
0.592737721778207,0.745048861561314,0.577427444194156
0.690787884335957,0.858240275771128,0.665406161620763
0.751898613812562,1.3132042025642,1.03864418301446
0.837810052140597,1.0193117882314,0.99878674524101
1.38877621232354,1.62314870472724,1.58327008945784
1.34835194422515,1.60645191028477,1.55917142226681
1.3623816269773,1.60768138095667,1.57247512303108
0.769151282603229,1.76174960512143,1.25722365833996
1.31555946760078,2.23895894113778,1.79878597304712
1.28963758547717,2.30797737521976,1.82132191043355
1.31198735868267,2.30139134181756,1.76401877503269
0.62569947379182,0.772105463193094,0.596201539603041
0.695063509682115,0.834296735433041,0.655154090264757
0.627303543751144,0.776025668394192,0.617424430792333
0.636543138363577,0.768636041254064,0.627020197679037
0.670455129825817,0.825874737898712,0.669817197264709
0.695836146281928,0.845933868525503,0.690654133834674
0.731258852562571,0.871697623472023,0.748467559708368
1.28888249696483,1.36048645014572,1.28712947986246
1.30696808701625,1.38143798816654,1.29257273131802
1.26363355617261,1.36028003756852,1.32293617543957
0.721179323196294,0.890692175959588,0.72228320383204
0.761572413520579,0.927159150278139,0.760904757280282
0.76645659603244,0.945897705365601,0.769543292569866
0.783341600408979,0.953765495808264,0.779864559058273
0.842923003539574,1.02894082951482,0.839976961327966
0.873571237283278,1.04797145126379,0.857219696777882
0.930735529686912,1.10638407618608,0.901370967142256
1.4072483800235,1.13230256793035,0.945805612641459
1.37074097001707,1.24714361629037,0.998428782797614
1.38270492556473,1.20401337419095,0.875898225726891
2.10924275106217,1.33817576409239,0.857332619057884
1.63204720544789,1.30190728181955,0.96683983896814
1.57152184733967,1.33548149653203,1.05659773011783
2.22150446088519,1.45403149413228,1.00358723102918
0.877805823483868,1.06759897604532,0.890789666154187
0.96716656967375,1.14734049449167,0.984731397263182
0.861640580489752,1.05029827275251,0.876029289952947
0.851673377244047,1.03642555432509,0.858283662619757
0.907348307927805,1.08818833908658,0.928442828649601
0.980130550319257,1.15616883776706,1.0119891926662
0.950336540168207,1.1275949278916,0.981429366919144
1.01607489740038,1.18981428072613,1.05165840103271
1.02596383271169,1.19233738991937,1.06646034272643
0.894815664979215,1.07377067873468,0.927437376935879
0.841600864398733,1.00582010726997,0.853438081597112
0.977271388782475,1.15194892973661,1.03116516838952
0.865326162732852,1.04095980467008,0.874412108714284
0.931234903795299,1.09065982408683,0.924699042964233
0.80195104714375,0.97998641656677,0.818651692832474
0.808605562021531,0.992148736128746,0.839590513223639
0.775346490937641,0.941775864557199,0.788977045719955
0.764159989738245,0.930190672600225,0.775308782471376
0.856700289063726,1.01157887823536,0.886380443145164
0.931415032417985,1.06586715220521,0.964956564501903
0.876605876030768,1.01176120436391,0.892474227150401
0.986807347738821,1.15351012779472,1.03754687409589
1.51659492024507,1.63617160624577,1.61621974032264
1.52955184752872,1.62421211088372,1.60534259257612
1.56886353897525,1.54488027543135,1.48110138343134
2.11824709154532,1.94412244518456,2.00212988733553
2.16002900841942,2.05761783647321,2.08639639057375
2.09353838662516,2.00633627908831,1.94846087210112
2.52944955474528,2.41031119929838,2.41991488480304
2.61446219299287,2.45306749395011,2.46746614993738
2.52749779365339,2.51497963396649,2.33760632286629
2.85665531295023,2.85872051650047,2.67967119897872
2.8972577249537,2.9141857890515,2.70642194508685
2.88363024439767,2.88876703365955,2.70777553147216
0.740555216734635,0.897990721245882,0.745745849794136
0.775731494659058,0.911605317728908,0.768338004287911
0.725677740765046,0.888456319740615,0.735030188699774
0.763330361929226,0.921901858222018,0.773241124879481
0.711336260767894,0.869275512337865,0.721400486577374
0.754357889494723,0.911347529776104,0.770869967160724
0.772940456028306,0.921673127109474,0.794738827069347
0.816784264178655,0.957498626721243,0.843593191713975
0.84270738592823,0.994616951335381,0.87947010522519
0.791185988969703,0.919338863312595,0.805493107545832
0.808534103854637,0.94487195468262,0.819506094884129
0.66013952596319,0.803624131238989,0.65784953060464
0.719804212791941,0.837232035276922,0.703889803850744
0.627989018380284,0.769477768215328,0.637262438286525
0.692740698570226,0.836024224401573,0.714903957073731
0.593519638156104,0.707857222896222,0.602547321599159
0.635138425320561,0.714298583143335,0.654781189743431
0.667708114227336,0.79756154183423,0.700905709370025
0.944609548088181,1.03049967829843,1.00423179385467
0.947460294260286,1.10244949487146,1.0038998255031
0.72551652123819,0.77705437010494,0.74581629829077
1.1070604744567,1.12847754776831,1.22484017884738
0.984921128970224,0.964200544174514,1.06630290041216
1.54076588244528,1.49795853388846,1.6099432239004
1.52477948087165,1.50428964300118,1.6167259193889
1.52840200950083,1.51741918022879,1.63389650815729
1.12978080690896,1.16329900728767,1.18055866956492
1.65132573986808,1.67492979699602,1.72256124800123
1.65487683693693,1.7087277881205,1.70383642445749
1.65078435451542,1.64033265451864,1.69329629100471
0.555186974086089,0.665730555953074,0.552821602353196
0.607943455578178,0.739523456890286,0.604155478565931
0.537236553195021,0.609790002197538,0.525310528357741
0.572350385627615,0.623352057936975,0.558433751919337
0.518832565753321,0.584664553217843,0.50289295824393
0.534592168872022,0.633094318161706,0.523505228815689
0.601246344956906,0.619989763172502,0.565533736089163
0.710101030197533,0.714874694319268,0.656729633901459
0.676024673905399,0.658131525085428,0.628752374759744
0.610005402262827,0.640532132771046,0.57049266071991
0.735702720935707,0.786249223367844,0.674545255974996
0.865087087137377,0.913844096570367,0.777521706817024
0.835283761363405,0.890700087426678,0.75922826726074
1.01927823563399,1.08045345833712,0.915748291819403
0.810819213492415,0.857669711624459,0.733313203085148
0.945935692329848,0.994247143922037,0.853098653069779
0.67308976235713,0.684496138043897,0.606267008336409
0.769005764226346,0.756913604825815,0.67794103159417
0.759929290226105,0.781610249514846,0.673366871360215
0.88967651759579,0.896190426000235,0.770121748723525
0.488888878453682,0.543694314010112,0.467111426431133
0.553828326275023,0.584954327576866,0.552942633072694
0.485949520957201,0.540359665561182,0.434497804051334
0.545975132461991,0.596259887300234,0.488493222399981
0.473295340307534,0.519128054168536,0.435102583510938
0.526067378075739,0.566843505748163,0.484633862621102
0.546426813683774,0.616226891974287,0.558277444822114
1.20093935432412,1.23608503326139,1.19733039519792
1.18345877476528,1.22461924158004,1.19114566779643
1.18120720860987,1.22075761128934,1.21772244419063
0.456032764603076,0.490224144676197,0.409978047752504
0.533010053390569,0.565538380722386,0.490204171324417
0.448535375588229,0.470582872301876,0.395306314217123
0.487932422631334,0.512343032286923,0.449433479773394
0.454515881003131,0.469087984959169,0.394168550162163
0.490322124517736,0.504138673111668,0.430720639853769
0.530300380521912,0.552914950604677,0.45496430644616
0.900496616561699,1.06761106053777,0.65662631793433
0.831810966270538,1.16774450708546,0.725070507263514
1.39422434455322,1.71635422546389,1.31671076928147
1.42774449773932,1.72971444554396,1.33567605484917
1.42406155931532,1.74705514371857,1.34167934347874
0.734446292232727,0.93039236436503,0.615997144284339
1.37450439216155,1.49866009980884,1.25161002610875
1.34818376608642,1.56697159418717,1.27634152568065
1.3180833046106,1.55313844748001,1.23071642760966
0.451646031604895,0.469531244237892,0.394279166376121
0.520957483756918,0.522053747345628,0.470862711118806
0.457015262882009,0.493707172941602,0.403774743243145
0.493820917421769,0.542025897162842,0.451990583340701
0.468472829445227,0.49853075048318,0.420951408952449
0.502331685668046,0.523072236843099,0.469914128212768
0.529533212651103,0.542368876304527,0.503997081357834
0.581699504911226,0.614170094084437,0.763402699106236
0.607602037455926,0.610992089932549,0.67880463307309
0.618456715766729,0.587956740420893,0.528772366251591
0.795692676485883,1.23639191996536,0.851662718160613
1.02589266691066,1.92443477939314,1.05540506347669
0.929771908038973,1.35458803590698,1.13099834716203
1.17841913769585,2.09155795977884,1.45816665733101
0.983563445579128,0.880471216565447,1.15687161771183
1.16949497791396,1.04794436340495,1.46098889469448
0.897747212887111,1.16099922369233,0.712568978508086
1.13121458633732,1.86845740557351,0.873851041785682
1.07363297714868,1.21188511230476,1.00616756900803
1.40434848832036,1.89025705778092,1.27487410126866
0.465498620713604,0.519171483442581,0.434571382988204
0.51172978819933,0.593718300278933,0.505617176109588
0.485690802436722,0.528302788445565,0.460461940633749
0.538569075029478,0.56352954468524,0.507371909705887
0.500215526617284,0.570794553184811,0.498093564618909
0.526946377654447,0.603587817140803,0.531394018200422
0.604403748190278,0.695622520959794,0.613854080982278
1.18069044631648,0.892479157159723,0.952127090351286
1.19799365391187,0.944342100024389,0.868741016190017
1.05583187498891,0.793930136185974,0.723191554593411
1.00935832301498,0.809701427707521,0.747974410182715
0.526384731475379,0.580206466715853,0.516211867297143
0.602977693626006,0.673430449860062,0.592933160479738
0.545618366900051,0.597688536982741,0.520889775402759
0.575101764546254,0.642616175903244,0.546690446644836
0.572169073088508,0.616236144373464,0.542573402165926
0.604878058022702,0.652944895540371,0.582918322554275
0.609469657485842,0.642074583421559,0.57393532231343
1.21244943089621,1.22348755965939,1.18214516882057
1.21983423405504,1.23456572714072,1.19278071509479
1.21143641346504,1.23631345154585,1.21091057486578
0.605515560663983,0.660626138577632,0.5664553254555
0.648891559520926,0.733296112295535,0.602198356078264
0.647617236138589,0.684938147703346,0.607614666300684
0.683872292920299,0.699117115872243,0.646739732947631
0.684952608467022,0.744148927760805,0.65209355295929
0.734146226863004,0.816939811383957,0.709252616822929
0.794234966328869,0.888852161834276,0.765996114726541
1.27480972857904,1.13615290428125,1.14859163440809
1.2868336762766,1.11296596733752,1.19864177995647
1.37574104496407,1.1485058163644,1.14575403249207
1.77349912012878,1.50561238707174,1.57382390350179
2.10609353590864,1.74921743996761,1.75229416833701
1.99018494715443,1.3651125375941,1.39967463718353
2.4383422787906,1.88337662893286,1.77945145816635
2.15750307099683,1.67165762251933,1.54923779103286
2.8946800682769,1.60862957860415,1.90746961924115
3.1385528057363,1.83858884220671,2.11997134958524
3.28829103563667,1.98091020760822,2.27114688165935
3.73961104395788,2.13256848589045,2.49924376200721
4.09253634322805,2.54416447283784,2.88377901052998
4.10442622509012,2.52974675478402,2.87264562014111
4.13280693884598,2.50208173670727,2.85993413586702
0.671391506658975,0.707462390538982,0.664628253674007
0.699748233575233,0.712746444061354,0.707324297263478
0.708517066052496,0.744611469236055,0.71154359858111
0.761694596761037,0.812666412197004,0.750838998776589
0.755691806953104,0.762089570313732,0.818928281247686
0.799940264571746,0.859386844083156,0.996760757009833
0.914813280438222,0.902449984262245,0.995422509010662
1.2637818974326,1.21737216482796,1.43523675591672
1.35945961689761,1.29072605389409,1.51913785549705
1.37932101704916,1.47478931032647,1.24761411564367
0.914415168533712,1.06987079069129,0.848557614495155
1.55788177472935,1.70094957111217,1.45492256815105
2.09118512453895,2.16302090858672,1.96844484838552
1.81946405392414,2.0371855001557,1.58028254815166
2.44479094090576,2.6754770754453,2.09496084066687
1.72177703411823,1.895003800613,1.43622864663802
2.5523941211103,2.6788133642121,2.0944233994027
0.791114047179603,0.927340346368953,0.942487833386485
0.871278873113854,1.17254647776192,1.07442744974341
0.857079865249824,1.10018011799007,1.19599608017791
0.904478994773166,1.16582663594421,1.31387138496042
0.976969573531612,1.44104848138354,1.51410776745422
1.06414363710714,1.59180947273784,1.6209903470863
1.22357537588043,1.87950287742321,1.99141174537283
1.85026123716589,2.07099724032062,2.36001250897161
1.63882549774864,2.39929163182049,2.38999054347482
1.4406214065486,2.228011831968,2.39557241810219
2.0839073940757,2.83429976766643,2.91159300076455
2.03797077921792,2.60983956403595,2.88543141387015
2.51373994764121,2.8281149321356,3.06283356178074
2.48713466327817,3.0686409193424,3.39997480674557
1.10056370764775,1.45103357907508,1.51300262313037
1.7055358886621,2.0445305362517,1.96094489962857
1.48290469284157,1.54175848910315,1.38123768601841
2.05161174879498,1.99645188403949,1.49029506547515
1.71353548749943,1.70594589675104,1.54001248580621
2.00731661852927,1.98665704714881,1.90989084482824
1.99864242472417,1.89390658674356,1.61992526240539
1.50341492001421,1.56841746695677,1.45161302441617
1.42441197766864,1.55821955330065,1.50309609633673
1.69563928330386,1.74566038045525,1.61624988462724
1.92852439209717,1.95109235416372,1.78599795857682
1.80455687584208,1.86848580125533,1.78995314798474
2.01922556050372,2.05709761392905,1.93287512637597
2.40631349964766,2.53790811960307,2.40521358112569
2.87525155977352,3.06942293470667,2.82616069542628
2.62836138600719,2.88127759679534,2.67413476395625
3.06103483788739,2.99438650572887,3.02860530138549
3.35607378559968,3.23793977647209,3.35263449704054
1.63601610121149,1.69185575617681,1.74021809889181
1.86776943314848,1.91055380797077,1.97159448878997
1.6542818688776,1.75393182442112,1.80959622163909
1.85470074749252,1.97002741358335,1.95890873289378
1.78402315384505,1.93646565534916,2.00837824662297
2.20995014644959,2.34212229804128,2.3277801746487
2.21292757833314,2.53998261696698,2.70746026368918
2.20870541891173,2.84956966717331,3.11045943968673
2.5511403366257,2.84709050926696,2.89050159660104
2.74446107293547,3.09473667352868,3.32771174704184
2.90405140795632,3.38814263463264,3.65232332291744
3.4904829574431,3.80575622073331,4.07341807706043
3.81438297497868,4.02505744472888,4.27164106407149
3.9055521679024,4.34890868676639,4.66531451291074
1.50387659363432,1.59140517198352,1.56380221599499
1.71525592220068,1.79020690461343,1.7516567124911
1.26755592038024,1.35105769126136,1.22507339694976
1.36287041025334,1.48208050246483,1.39162775878057
1.18088340194692,1.25875591201244,0.991483836529604
1.23887232307007,1.36704679801586,1.13097030424711
1.3611123551487,1.42466998134489,1.11998513512508
1.77746235153139,2.123868999292,1.87757990225023
1.64813344218964,1.86684323202656,1.51637433340544
2.02559035193928,2.33495523416428,2.03606906431746
2.09635793401833,2.36028877499742,2.06090282197015
2.08385176478487,2.31083739999091,2.03009907540273
1.53848579582904,1.63955817677635,1.54257563011906
1.96915528742291,2.07753047859564,2.08212833631283
1.93881129875151,2.09995836476979,2.02712650067767
1.96130665991669,2.11043881630903,2.0238098346366
1.11825450599834,1.26842250965914,0.954180148565849
1.16797970442872,1.32197159316293,1.04475053069522
1.12233798171363,1.32204483100546,0.950984351964892
1.21123257416401,1.39289442377475,1.03739816741251
1.09998999236707,1.36437124148848,0.941951419591181
1.14220220656679,1.41661821718449,0.992094187142786
1.23683221230357,1.51445299667246,1.05964112146742
1.41811050569979,1.73547788840076,1.37257588334372
1.39559076219154,1.6098050811061,1.33458827003006
1.55968350680676,1.74965067402702,1.43273163207003
2.0692352862692,2.28243617877431,1.98986130167915
2.09260388437982,2.13386853809799,2.04325847743924
0.996527179863115,1.28235065822857,0.861064548823993
1.01799300543183,1.2918545990331,0.890026035633709
0.967604287977282,1.2605357931844,0.853119660701202
1.04813336388233,1.32781546106338,0.944315051304811
0.913414400340225,1.19993102919984,0.800622260686509
0.903899434094431,1.17055287868431,0.77415903206363
0.929193094400745,1.18892751988745,0.824998751258041
0.953305670823333,1.18746502901723,0.844229247249731
1.0248008697987,1.2753644962317,0.920051594571064
1.26426901111743,1.33042915981464,0.998573754055931
0.950883215486006,1.17937137023645,0.84015403378962
1.40889340057057,1.57931495822217,1.35011932653505
1.40777564898124,1.55424518929551,1.36083393953754
1.44478063418432,1.5955640422996,1.32723241271045
0.953245195054361,1.25028993199634,0.831703214840591
1.05252819746802,1.37052937996891,0.964277584971149
0.957980486488015,1.2090830259123,0.780651368104564
0.960319506593432,1.1721040569252,0.758460691189656
1.04113718280443,1.2531393407234,0.810480350968506
1.15162827827685,1.34298516346851,0.919035736714992
1.17991980953396,1.33718161873084,0.891326219029753
1.65855867882479,1.39164363334532,1.2939378940218
1.45731435218704,1.47962376528608,1.56806131283472
1.93057338115623,1.90715150445569,2.13414471729903
1.96677671142796,1.79927770671305,2.07290412829008
1.99435707340124,1.82334805626734,2.12113627568264
1.90244705986893,1.31517667969974,1.52403680800337
2.45550043263296,1.66531573539597,2.06831887792377
2.38071710181912,1.65623727810431,2.07316987710482
2.37187701458821,1.71935129276066,2.04933981976145
0.949572717762408,1.16317657043664,0.756042688597325
0.907506740160936,1.12726111675273,0.746320365592085
0.977548754061894,1.17269241769444,0.809264891613095
1.08428908372559,1.25003349540918,0.894559912297263
0.923621924469167,1.10816554785292,0.832140740340478
0.925880005278962,1.13289639159575,0.852748007244794
0.994393983666436,1.12157042963036,0.981350383942991
1.08383608881596,1.16526119345718,1.26222671651418
1.17592684122368,1.27752529756504,1.257972099299
1.08966601379327,1.17966491037656,1.29531508863755
1.46791303948177,1.45381394463949,1.68446826510042
1.54925299648632,1.54479002682418,1.81908338212955
1.10173920747342,1.242492957694,1.68369040754787
1.30141784599149,1.63894968387156,2.14700874482269
1.48013395330531,1.56097736516127,2.34856513448613
1.24164514953392,1.35298101959549,1.61245391597928
1.3573008231229,1.70608846838531,1.71047393749544
1.58915978028672,1.37002973581746,2.11026168960682
1.83029315605346,1.45994725779488,2.64846539093156
1.65089874473188,1.55781213328411,2.79080751141375
2.23750544088544,1.68945189171601,3.08936903945321
1.96728264067181,1.76054698070486,2.55294568290656
1.95967706801646,2.08919510456547,2.73987527530506
2.37231851328257,1.90551211004713,3.02732316762116
0.895648736475321,1.080660340351,0.796060386694438
0.951389050894851,1.10881182352715,0.833137154854976
0.896004017291403,1.09198233640879,0.801426192053705
0.952014565418581,1.13331756918815,0.849097051267842
0.905293376799104,1.10029389861369,0.808359265910868
0.934288765254342,1.11795283440644,0.836060099143621
1.00743406895384,1.15115899540031,0.845006946431548
1.05412933343737,1.1901030617383,0.909042886945769
1.38973018137343,1.22004876808507,0.932179173576468
1.85903392466736,1.63809535016723,1.42595746562722
1.83077143426234,1.63293025337349,1.43882758930212
1.83683896372532,1.59266335152763,1.38981416119763
1.26180665589845,1.18342172627739,0.85274057350678
1.46014849229345,1.23590940503582,0.917184910421584
1.53224415984764,1.25111919693877,0.918143701726572
1.420305613781,1.27483219895673,0.949154941119095
1.7997425420137,1.6986680074968,1.44722289099668
1.8221413254332,1.66273131623601,1.42605436282242
1.82985782505644,1.66883244345303,1.451025508057
0.872580746814419,1.0856086202064,0.809122815013951
0.947423381729416,1.11427979967585,0.849776710522233
0.886774567751165,1.0913425007658,0.815330036935333
0.973962801317458,1.12652845845687,0.847101416428358
0.89450056149713,1.09858404991484,0.837551313965777
0.899416615850013,1.09045513513605,0.857464446004122
0.965049742977543,1.2473066535539,0.980470385336079
1.14937501540589,1.87465327309677,1.57089715799569
0.938447933682349,1.96759742401956,1.63077680308972
1.44506003322379,2.46114416443151,2.13111507372467
1.40878516836622,2.49367391772237,2.114453629576
1.43593470058316,2.49015515327938,2.14962949540247
1.24797269270375,1.58620918025873,0.990319108759363
1.6812383483611,1.83529774197039,1.35810060786481
1.67866353578638,2.23426581350718,1.58601366345482
1.9031884156202,2.24866664637017,1.20516734422282
2.40494224376973,2.68791768789756,1.6779331741005
2.40050089441865,2.70273866851709,1.64698633570113
2.42205147422801,2.6948062617902,1.69065152803577
0.89766427325809,1.03876938346331,0.799540405850921
0.959993745893144,1.15183149545575,0.894150263057448
0.887908976017614,0.937626101724692,0.747240597160611
0.910436033385024,0.953227700452969,0.778706838205207
0.882626463346497,0.884684348851175,0.714690294936951
0.903571047787453,0.919580097515838,0.750550220823641
0.98590651539531,0.842573432955769,0.696957644746603
1.25718544824161,0.917816963543571,0.740329865823233
1.27629138105686,0.884288394705518,0.762026112864304
0.841343166857447,0.846062676014687,0.696960176242892
0.997524940577029,0.991804042912365,0.849676608549715
0.977502683269783,0.834479572356056,0.729229289518238
0.83694551424163,0.878303740039472,0.712776555277751
0.907592810007039,0.91354601124224,0.739858722310409
0.83720324892418,0.879448867597466,0.739170936768594
0.939907002229197,0.922228691952566,0.810826672174337
0.818226432677712,0.881321348657357,0.735889921074033
0.858109010661794,0.890211151316256,0.762421959409239
0.904240081615412,0.974385111211272,0.806030202567766
1.40179525872663,1.44905477069452,1.35603343845091
1.40588919591201,1.44719570731835,1.29679767899593
1.40111083187881,1.4451658081402,1.34681365050755
0.829197065732154,0.884651029673321,0.762252189355826
0.965824918948475,0.972672359146296,0.88518176176633
0.762660795469031,0.842129515018325,0.714304702245263
0.745560131394613,0.841367753661282,0.707721331553473
0.784099497058421,0.85720383098417,0.747111483300922
0.87718208581233,0.938728206930356,0.824415713867159
0.871054052054493,0.93689942860778,0.841125350666093
1.3566083029819,1.38065052141166,1.38433621017342
1.4546860987308,1.55411604244765,1.37335790424312
1.3959461769593,1.48491383319964,1.47075840026721
1.75593874593625,1.82180123516522,1.91493378852245
0.739800467076243,0.806758792099556,0.712415902038693
0.752476643837966,0.803092300269668,0.715899746332404
0.77161511006492,0.836643793136014,0.751803019178923
0.840277066328972,0.90366517928653,0.831142656126979
0.776985461001107,0.829537336465228,0.749572072508865
0.795217526923642,0.823897473388748,0.785989256389768
0.932724780473544,0.965284267345263,0.861348274760773
1.45996695702454,1.27841045307455,1.39975004282421
1.52796430067188,1.35093392758052,1.42100434632305
1.24595152513983,1.13181531936132,1.14426095945343
1.87333721281153,1.60780015457668,1.76286081595855
1.81143437528458,1.62606971640361,1.73995012562034
1.28957808929842,1.28390965506334,1.14649788077971
1.64884210360371,1.75585713856173,1.4559017984228
1.73059632245399,1.76388649215221,1.54340928125998
1.53060336594854,1.41023920175591,1.3910097328309
2.08313020395815,1.88016492741453,2.01223361356613
2.10194910593615,1.86088079709713,1.9401872665599
1.75440511407439,1.49688682164755,1.59312553370427
2.15014236524193,1.87914305078077,2.00874062794743
2.12647252690977,1.85521427070724,2.01834681334453
2.10464305449478,1.87093167538866,1.96284462083189
0.764225192240062,0.814810486593492,0.746010869229285
0.85705890808453,0.901223538208623,0.860552385061775
0.742817526878885,0.774307837352635,0.711038332454137
0.77014837999784,0.786307837411991,0.73040881527845
0.749747571245622,0.787453994684479,0.712983855990253
0.801243630222782,0.846067664519052,0.76858215144079
0.739386500201328,0.764968990740098,0.699027489811139
0.772314090008795,0.77387509657904,0.734596500612338
0.822750503518755,0.875411591085131,0.790720359282481
1.31386785024584,1.40607774598476,1.32314845379952
1.34879376986031,1.38783320893262,1.3316779814332
1.37188222573326,1.36641321904277,1.33097935056887
0.810117910656182,0.821853184071248,0.782095698849816
1.42064471407197,1.15152816145321,1.25350169097008
1.36489049230421,1.14670134946787,1.21682369743736
1.21374551751159,1.02535954221158,1.15333090475278
1.77904887045965,1.5581902554474,1.68668593507588
1.79793037808875,1.56413188108795,1.71661815824832
1.81975584921989,1.56717140485943,1.73119266078426
0.796429045417093,0.832727139601748,0.737443565638372
0.814217072786754,0.8341045260362,0.746203442280466
0.885606374106236,0.93516783484165,0.819809374740235
0.931700975875212,0.999491448938574,0.876714819012031
0.952074275816204,1.0068990983669,0.876675289179765
0.949296069427461,0.982011088132038,0.871971950496525
1.11855332367297,1.18395595776259,1.06037379892704
1.19046746520065,1.1508148754614,1.15140797974464
1.19411688956572,1.56309254224687,1.13934842381118
1.27140766237973,1.78371781671097,1.15946343132515
1.75528008322399,2.38963291292617,1.68907407528021
1.73993950934315,2.36444479996613,1.57975586557404
0.954311976501226,1.01979956061269,0.873169746601067
1.03606383555255,1.1332309441255,0.968707328096034
0.939701137428053,0.983900196194463,0.852383190874094
0.953965580981953,0.97942078901214,0.864594986855859
0.966634356288005,1.00844046261245,0.89145600698881
0.978856566575406,1.03791189406897,0.917710302299684
0.946652852659698,0.958992324675236,0.887962838733074
1.00428273812427,0.983706762614391,0.956815123313113
1.02171176991,1.03137512934303,0.992352018811364
0.867611395151335,0.893213295215707,0.865537502753004
0.874936846342278,0.952157047013931,1.01514561803786
0.933099598041782,0.926836150345749,0.95506403463718
1.40234798262168,1.41233724321536,1.44230096715505
1.43021232823013,1.40611832322585,1.45490024477463
1.42074826442254,1.4247323540027,1.46731380727473
0.903518954636168,0.972234026291341,1.02458891781643
1.3945893798905,1.46819200393546,1.52582090121077
1.38722398847368,1.44381752756039,1.50088491148157
1.40320895956321,1.45317736336199,1.52190029891299
1.07859343675098,1.11627622496565,1.00221944366299
1.18535779574048,1.24165418788198,1.12153212816706
1.14931994913215,1.16755331431041,1.05481150035833
1.15426684487638,1.18041815448581,1.04859321603258
1.28997430768373,1.30559464205609,1.19216079746309
1.36199855923601,1.37380705527554,1.28089883352691
1.43668471491154,1.44621307961617,1.38749095713497
1.68511359946827,1.71719920424485,1.76562622051633
1.76209327125778,1.80189535581065,1.58577760182976
1.73137062471086,1.91723990122357,1.57106257473089
2.01191331415146,1.91887992242199,1.99411548329294
2.48666535496902,2.3633775473986,2.43943329664456
2.47174720654913,2.37079465579904,2.49494466595125
2.4294145796663,2.34854514406511,2.43044270468665
1.31812619874747,1.33962040863246,1.1741574878418
1.51396830216093,1.50388859960929,1.31879244442277
1.24683306138616,1.28964373392326,1.1314635681404
1.24324417099546,1.29290122787703,1.16287222412862
1.32565030963328,1.35080975919842,1.20114029755982
1.43635910475603,1.43895092260313,1.2936145968874
1.56381222948681,1.50143502763202,1.47477204511094
1.79906172089381,1.797836175501,1.67316890534109
1.88952076036913,1.84246528038671,1.72669737365194
1.94426696718036,2.00630349380952,1.83948288123197
2.38505490217047,2.63277995456588,2.15316409657936
2.46313097006575,2.47343256662042,2.47190181431184
2.66682764022719,2.58214697278475,2.79099185330475
2.93377731072077,3.05597612469669,2.87081720065158
1.19678098069401,1.269104252233,1.08456418179155
1.31366508072558,1.37410274936799,1.2070409094817
1.05719749335565,1.1619447620937,0.969430110301819
1.08346790284569,1.16861849081117,1.0029028920857
1.00605111162778,1.13000148580234,0.939050664833148
0.966067382254463,1.07569749502381,0.897110543974873
1.03059297200551,1.17097941611646,0.970736986815654
1.1324666059884,1.28225879311353,1.07792451081108
1.08798263357775,1.22308374948906,1.05090252048795
0.980467121485287,1.10592976941718,0.903291973102282
0.975417211696947,1.06080192592327,0.898277669582704
1.03366880814501,1.10432583569377,0.973134750234146
1.02838812898978,1.07974509275554,0.953346432797969
1.12749704636485,1.1345799993264,1.06383749570951
1.08189501318296,1.14499845615479,1.02144841433441
1.1888440842818,1.2283668344472,1.14787610571614
1.06731520248859,1.20156771920553,1.01014534080331
1.1887524220525,1.33285811163896,1.15038954813102
1.1170040666245,1.22178197414881,1.06754101232662
1.26218816024598,1.36926052479674,1.23652895352317
1.06130322259673,1.20032477715825,1.03448645482575
1.19682314477606,1.41525085658713,1.22411874726674
1.0420744835463,1.17646925085945,1.01469306010305
1.05124776087806,1.22263853661274,1.01466498365609
1.11548356882325,1.25420361746028,1.12232984109503
1.20102258155764,1.34830764812075,1.2252406772814
1.36991874015989,1.4727421111838,1.39358101689778
1.78607753979998,1.81967859238175,1.91146814177416
1.6977462866609,1.69715131496709,1.5233243632561
1.93198060412247,1.78640650491465,2.04530169093334
2.36276898520719,2.12957804454584,2.44684092202531
0.979413604343217,1.10652988231499,0.989693263441315
0.963178757803625,1.09198339179909,0.969472267424843
0.993499846794807,1.0965466538619,1.02447990557522
1.13641825049773,1.22277025437535,1.17627334084925
0.92048482088754,1.00592959512802,0.963180910695824
0.919479202365991,0.969506168120215,0.961590271367249
0.997760697928248,1.03293313844507,1.12640899220095
1.30752752428296,1.39203486726049,1.59540164978502
1.33595891867495,1.42565616244982,1.61325064795378
1.79395513724448,1.89021412009508,2.10625281822002
1.82004638959844,1.91453171875717,2.11047114797614
1.85426679238829,1.93293142465909,2.12549762925021
1.34729699969607,1.3092135706014,1.62010493671685
1.72814062116573,1.66194212730125,2.01189558403157
1.79314919455164,1.79135355794192,2.18426968572738
1.62885867295113,1.57223789677218,2.03692856844814
2.03360929889422,1.98602121902028,2.46968440824102
2.05803575843289,1.98820611383346,2.44748323916854
2.05645972430093,1.99041697350748,2.42121919683082
0.941759749696923,1.05102068313247,0.975159624937572
1.06902650392612,1.17695057948137,1.13350784853111
0.917156131320838,1.0214456076284,0.948602707231659
0.898994404134093,0.987686039858285,0.91607882188944
1.02128217264902,1.10630028340819,1.09041696421174
1.1672911024893,1.19513624612051,1.28734275478523
1.18092823843112,1.25427225016201,1.2612210567304
1.46503495289952,1.54095871542205,1.42938736359423
1.32312211630955,1.70600245845148,1.33577491773541
1.51535949534943,1.60254889912268,1.607930800138
1.86846233991739,1.99130946229275,1.87328908275094
0.971114661275629,1.04835086361241,1.04207809298382
0.928411527058736,1.02347708435477,0.966568513250794
1.11567452259456,1.11767787748618,1.24995681518489
1.28941872521349,1.2420198088133,1.46458237110257
1.14033983251784,1.09422356787619,1.29414227570423
1.16666689296243,1.05841610089069,1.34911000181848
1.48537528194718,1.21602283176881,1.73039051697938
1.70994529491907,1.4438227804565,2.13399692205192
1.88380556690784,1.50353784331862,2.09546776555203
2.07210518965843,1.44047239126747,2.22809294609229
2.62767011381445,1.83098410428675,2.70991452295818
2.49182254714067,1.73888352933831,2.74890084387742
2.4737868588808,1.55499920783374,2.53063628904898
2.93892260229982,2.0124553527629,2.94898721218126
2.95475953032089,1.95634918925725,2.99175732011671
1.00695994291595,1.10720353321887,1.06995968508765
1.10083612231645,1.23203626063894,1.14386654432002
0.969477736643965,1.05808336396824,1.0341492735017
1.07038809383754,1.04813851156864,1.22607258222011
0.952167549930298,1.08416486383217,0.939973006351906
1.00269897902737,1.13752831022144,0.901385533129461
0.975887063990742,1.06276680327932,1.0446756465213
1.16076168960971,1.10096371332734,1.43121656908435
1.39903303824193,1.14753684287432,1.67250016196891
1.14328545190914,1.06760082893097,0.964181758207246
1.63195558488249,1.12996303094315,1.56327106935052
1.25835153389304,1.12834223523408,1.29054969804976
1.73993077074749,1.57767677652972,1.78808678111638
1.70934538302416,1.57413257094297,1.82406366012804
1.7321625578029,1.54364164016455,1.84537966759995
1.68939729064526,1.21363993103506,1.6617619293505
2.16657491113096,1.64194253037667,2.17437185716549
2.14472463340472,1.65430828389604,2.1891008257465
2.15305405492757,1.63340713803854,2.17660311535119
1.00686092546171,1.12754985453594,0.991588921060273
1.09986335644888,1.14923872682373,1.10507517187552
1.05121507753519,1.1975833144518,1.02060290512811
1.09071915112413,1.25608271749365,1.04066787505155
1.12941092735181,1.22367349825928,1.12069714987257
1.19957108594716,1.23113864922753,1.19248612082057
1.37988639451015,1.3456343480844,1.31925750655801
1.51596591688316,1.52329290815749,1.36649102110649
1.7202660710068,1.56843504474046,1.72829072162569
1.56175619668108,1.40765154462612,1.63095354801464
1.92088221329821,1.63029978096166,1.87445215837268
1.99297649109787,1.86020924854413,2.35138173070113
2.27620049907709,2.19764187055921,2.72879230250364
2.31981397660415,2.11370891316101,2.747045060454
1.01661565073089,1.18142484879247,1.03929635928764
1.07105799125903,1.25173013273666,1.1274963583831
0.962620433518885,1.11974756560187,0.948944360303175
1.01678653131719,1.12876367109141,1.00250410806615
0.920254162297846,1.09113777162062,0.861362504560322
0.95438689956582,1.14406065908887,0.90734549329244
0.918945176394942,1.07114768158326,0.829410074105842
0.945439151367198,1.14075608331563,0.897902859504495
0.960238251132428,1.05431810771624,0.866667636828769
0.965688355287202,1.09827086945984,0.814210217598256
1.01696793961284,1.13135036243156,0.844788748805124
1.39130237642035,1.35436213259867,1.05286895029292
1.72842940201508,1.55293167456779,1.22245560769374
1.52158326863321,1.46596405616632,1.15915075856373
0.905152651582962,1.08167508237321,0.822481080967609
0.927465375599375,1.12332558266115,0.850101689912427
0.921231743509124,1.07934379777281,0.812181490405884
0.968245370156157,1.09759922366165,0.846819843544515
0.92318741286168,1.09510694363306,0.804570208651295
0.919115940043519,1.10584838694143,0.815311858193987
0.944697957703881,1.11563819056516,0.83542772240988
1.00131005813418,1.16353614180643,0.893731473581902
0.971300403197928,1.15972970793016,0.866142462746829
0.937102837104956,1.1094673287782,0.835399688328546
0.938895289881481,1.18590681990438,0.846296109614797
1.00012704033831,1.32123033942741,0.908411364272027
0.968733854620644,1.23449603752864,0.887528226062776
1.03631130621019,1.38158715516641,0.971401084647865
1.02019479469666,1.23212964274499,0.928737688652716
1.09575271682652,1.32632863493094,1.01339853035587
1.03364474013767,1.19715827829042,0.918267431167934
1.14508250358772,1.32083499944277,1.01774330620129
1.08081972576828,1.26609515720182,0.970405154880153
1.23414237776311,1.44220362470527,1.10588107606372
0.952461375001797,1.13815208868769,0.813234443329018
1.02189484841818,1.2331223536957,0.865815430839526
0.972482053912724,1.14794047009617,0.822184651897565
1.00226154857319,1.15404325345609,0.848910785662363
1.02362224938348,1.21031722718383,0.856842941690009
1.05272544206571,1.25825830085201,0.911655954760675
1.11487870192542,1.31300311169382,0.947367822223181
1.0463069563063,1.18382499243932,0.839540780547638
1.25459005196859,1.35294227754172,0.944471800414342
1.02371731818653,1.12229305458954,0.831017714509257
1.11702642545271,1.18894750004903,0.898281039417041
1.05300539950885,1.11408294777326,0.833686748106975
1.08131407384968,1.13751296068408,0.854206138125311
1.1762314868292,1.21334659474787,0.938030277471917
1.3273013272181,1.45458301304914,1.11606662924353
1.33296417084877,1.28191212364737,1.02501559119366
1.32810572643813,1.36478370226667,1.02242678472188
1.83828081652943,1.81142177253414,1.47035523897448
1.80295481969515,1.83867921427608,1.58028256303704
1.00011820842891,1.05798631165482,0.794418935766214
1.0297571430371,1.08835798403245,0.835295734620547
0.984522432934904,1.04299713183295,0.780120380692196
1.02726775205767,1.08225149145977,0.805619276567905
0.961616347685602,1.02689285036432,0.781714028720149
0.976835459950207,1.07079987077824,0.846766835666477
0.998126465156948,1.05442260842382,0.841502733490888
1.44571858101367,1.47397761832707,1.38256988756811
1.48801260537242,1.56310997782402,1.31834341945736
1.44756042015541,1.44748582520505,1.34719390115789
1.04203035363676,1.04784093406853,0.824363051735115
1.09414418103917,1.09929032501056,0.909808067149877
1.12496038413684,1.08121745515585,0.861714534908337
1.14771208730047,1.10145447033601,0.867562943585062
1.24546428232859,1.17296029503031,0.965123994233941
1.35858257779927,1.24751399891508,1.04700177767127
1.34850507906466,1.29089828892475,1.0742457793798
1.59627357616209,1.669711733623,1.30110502870972
1.56157040024941,1.75127230745153,1.31677392819089
1.58876891674217,1.81809713282648,1.21659798360428
1.6652875228527,2.07280603043009,1.23906270013738
1.24444352612385,1.19443693084323,1.00677324748135
1.37492852035331,1.30478664701505,1.15382971327354
1.20816786161187,1.17804683144488,0.989879448781166
1.22213442330969,1.17006868963718,0.988520452869603
1.25349815461139,1.25261729860275,1.08090133123794
1.34103512279025,1.32532525933954,1.16865838513985
1.32931179093864,1.39289588600249,1.26077255892005
1.63987078620048,1.88099345252534,1.89554623871446
2.07919672494936,1.83676408447399,1.93155151325207
2.57080792747171,2.30763173441388,2.44733784747651
2.52458906724631,2.27553987235781,2.4347786882765
2.5953922823966,2.30785407942783,2.41771002945943
1.72702064518832,1.76573372791263,1.59098356980661
2.1612804981241,2.24514062507645,2.06895051689817
2.21061394330338,2.2096061779177,2.11632498664878
2.26089192040205,2.23669071905625,2.12094336279582
1.20214993918798,1.18378329196603,1.00657412768176
1.2145953850127,1.17702831853745,1.01605638548634
1.19727642157552,1.18707721721896,1.00142433949965
1.24513959221716,1.25307669811908,1.07643198352291
1.16443416273763,1.14757494397716,0.948118430585791
1.15774152649382,1.12940157482153,0.946651295401403
1.13319796750956,1.10712459294014,0.912061852840482
1.14955941704248,1.12827559411484,0.933434208144921
1.19802643380798,1.18998470420998,0.998113697222796
1.17960680304932,1.13109399877473,0.934382362892774
1.35872347254488,1.34718507508738,1.07862218573436
1.24414703623159,1.22200958576846,1.02362618660188
1.65396918960647,1.63397332727864,1.51464562490081
1.66824467761409,1.67377367458127,1.48240921891858
1.65650085308879,1.65174442229162,1.50061635956564
1.23822709628195,1.20600935600201,1.0166965533193
1.66757827634017,1.63314222469039,1.46590866622252
1.6180014540181,1.61600610250617,1.49471882385876
1.65508964682171,1.64936612212083,1.50469115164661
1.24684468069382,1.24169781917253,1.02424316728018
1.34715067604964,1.33690801772953,1.12119039949032
1.26185700907871,1.2753983054902,1.06638896127507
1.23921280076252,1.25527859116841,1.06792890434733
1.3777163433037,1.39311712254222,1.18623101170164
1.45410692228144,1.45186732046226,1.24163247763585
1.44785025252588,1.50287950967504,1.3547988203987
1.41085195172209,1.54431320107972,1.41793873209602
1.64603864698598,1.78061073602695,1.66308329212354
1.92059075326489,2.12071001616511,2.03664153029077
2.037242086692,2.11687452278478,2.1262203000531
2.03912956000485,2.16777150995023,2.02358138117509
1.52695794636031,1.50538817983851,1.67670934697
1.93128362187632,1.93415751692709,2.2398009277079
1.76943952356339,1.84064273599163,1.99473068251618
2.01425058262416,1.81878581068511,2.12566024402636
2.49132739510477,2.2807133977177,2.56771976184819
2.45469438434926,2.24435047962695,2.54644585145029
2.45304609255902,2.27458723440823,2.556557776067
1.41562784913398,1.41793293231244,1.19651093375731
1.42392848929577,1.43415219416348,1.25572690733162
1.5238983094202,1.49142610049677,1.2479888822624
1.58255036507918,1.53617223523898,1.29861288893645
1.63245337078341,1.56789149233291,1.32559702115678
1.62282195914224,1.59535622254113,1.38317954786587
1.69652349251643,1.58938985557791,1.35916600315157
1.8098574637363,1.71682779580294,1.58308970524201
1.91636811947122,1.89540533745108,1.67723534221169
2.29230554778173,2.29074398165635,2.12542718859421
2.19847213181038,2.23232099983251,2.08061040179477
2.24272660472253,2.26058326872447,2.09439735304108
1.64455652567964,1.59346540314763,1.6128877679303
1.87701076284909,1.67917365818715,1.73580017926371
1.84161664336321,1.99278578610856,2.07302126041345
2.24015899056106,2.2199506236066,2.38626568818945
2.67909657913527,2.69855652399952,2.85008688866205
2.68155398243296,2.6730725040541,2.86345655364584
2.69735057343564,2.650482474486,2.83406413580924
1.80703803598364,1.71232125865917,1.48609967929766
1.96193874784699,1.79320416079465,1.58615875908739
1.87627806319996,1.83858045804966,1.6420042279272
1.84393558889051,1.87258425517673,1.68628031246107
2.10495029595822,2.02021026830011,1.87631015426753
2.11983447178487,2.13667838822506,1.99804006566129
2.38633714992592,2.12216973414677,1.94956369726472
2.49659192052209,2.1230137590459,1.98660859989592
2.66077094851933,2.33827119573882,2.16950619719777
2.49277487856287,2.2635482538403,2.02922913359292
2.80019696599652,2.65797563272241,2.37668346391204
2.84416397964977,2.58034883946255,2.41252502561344
2.21238123969072,2.10974931767186,2.08075814852392
2.80742139190041,2.38784619569887,2.54869344619577
2.07566677008801,2.10922347525581,1.9482139097856
2.22934350764012,2.18844157439535,1.88065409907616
2.23648660241746,2.25133976473658,2.17296852741756
2.29460153009455,2.35563252974012,2.27829138602909
2.44799761032657,2.42119031743665,2.39498645664656
2.17591550512663,2.14651632182213,2.09781218783721
2.34518395961217,2.31517790696563,2.3379456037919
2.03557399921817,1.96173846061572,1.86283098228819
2.00235133763458,1.91208058752587,1.76589169275473
2.02621523522662,1.9142763599944,1.85063135300523
2.12307293723706,2.03888320160281,2.0228868052074
2.14011185846085,1.97570806901564,1.92673463495555
2.22575336746526,1.95304752891537,2.11031306726285
2.25804879301406,2.0306108978878,2.14289098795304
2.3813059829645,2.21522457402745,2.12682141065984
2.75351714687565,2.40946110033178,2.38709680920997
2.67295481697187,2.5832415318343,2.54205872356276
2.59758363639562,2.4457336800835,2.36916424303962
2.92684471162326,2.77272861973576,2.68775735718726
2.79966536682201,2.72147755167786,2.60596642915676
3.09652151474947,2.83996167674672,2.81936194914438
3.44287661443134,3.09420869991986,3.1610513099395
3.4519453690837,3.29409154115654,3.29999141255395
3.53562013885348,3.20822538434835,3.0913095394893
3.82501428582594,3.48479748060124,3.3694865688726
3.82024442792918,3.49193437606215,3.37268757450684
3.83929740938914,3.52470194984079,3.37349367729628
1.87970351489692,1.73486668363134,1.65577125595145
1.80663637332482,1.67115883219953,1.50080582345534
1.93927580741658,1.76500880065631,1.76232800466092
2.11112731972563,1.92905014225099,1.99161829972972
1.83725225343819,1.65033138461808,1.63239270641942
1.81476662436592,1.5873776028289,1.50148999788435
1.97134090716444,1.74598490037092,1.84309008627338
2.30173555836849,2.07935617025573,2.26583566730244
2.27623042224816,1.98010405917686,2.32881438138223
2.22367344556275,2.18564826912531,1.90700944528049
2.57583439684545,2.63926991475853,2.34114575812862
2.71197790357461,2.70242932292706,2.34102181676174
2.48522156717083,2.2757697770421,2.0703787866807
2.86844287601581,2.56050570800885,2.47109743376686
2.78905126605983,2.47326586430512,2.37862308074625
2.67455644822752,2.62318825124069,2.35390664429305
3.10620168716776,3.043977582273,2.84992009666409
3.13078517176703,3.01488541514231,2.81316435273474
2.56549739122812,2.77327657748519,2.41216949447677
2.75426398012242,3.03364301353613,2.67170430481387
2.83380710491626,2.99527862713726,2.68518987829404
2.78170599354327,3.03269240062162,2.68736739353716
1.74731726191663,1.62842233339436,1.61151161060856
1.90290848493999,1.77496388389811,1.84405222872454
1.56353028150613,1.51073743330968,1.4344754025572
1.49703215860282,1.45131416407092,1.31621194090788
1.51114713533348,1.5212179665251,1.50572159829301
1.62894370528708,1.6602103401552,1.74894985246522
1.55985329997979,1.54081262348103,1.51527084353786
2.14718410635492,2.03944759478014,1.79458990354487
1.83213141171128,1.86332552248372,2.14655028268461
2.28528391086541,2.36146067979581,2.58111958564908
2.30504292206951,2.28671752925149,2.56931213543462
2.29902740457086,2.27971707977166,2.61505769404541
2.10321916321362,1.97529708496069,1.58674446496624
2.41529021187328,2.18812173361979,1.8744207215865
2.66760194445148,2.54571720842214,2.06102915527695
2.77919486363411,2.7029802622311,1.99543332609172
3.19109691073402,3.14669378515371,2.43596865425571
3.20141466546097,3.13986921618811,2.4032175546723
3.19720602126072,3.13541409021991,2.40799359009134
1.3924626426018,1.45308764688033,1.42698591662836
1.37068283155407,1.36394786782919,1.32594815935015
1.40091369594511,1.56664163823968,1.55861246317351
1.49766754255818,1.71656898091882,1.71811373810254
1.37178046008451,1.557187034385,1.54646972725504
1.40411984622525,1.48948682763425,1.4599620548405
1.54247880139853,1.81922157059065,1.87474608071568
1.8620321134305,2.22021630519634,2.4479815981456
1.59655605477017,1.97783819558902,2.04107296356833
2.02495759458932,2.37728619030416,2.17818059382505
2.49827428681664,2.80810536474637,2.47041244033668
2.44104672863807,2.94522785658742,2.62856270313526
2.50172427368534,2.69407693203984,2.72553753344843
2.88424046525737,2.95688970241841,3.11581686523205
2.90698444507893,2.89242025464006,3.02996670821837
2.99559425835279,3.41317406179775,3.34342371159875
3.33293847582811,3.74964032204362,3.57702781718904
3.35886153876835,3.86978289368717,3.74998435410588
3.42353741571768,3.86642137804704,3.93276840991105
3.69784803427951,4.12120698443518,4.25640703473478
3.69761366662799,4.17881590715004,4.21674491121339
3.73136467691258,4.12727704894199,4.24309011502918
1.30278526115867,1.49131728913731,1.4696647801257
1.38972571473409,1.6463309211124,1.66330982295752
1.29689688833675,1.35857964099571,1.32592340109009
1.36463867853012,1.34378505610082,1.31335533579992
1.35730181762329,1.32277142999999,1.33663994244795
1.43190736931124,1.37821780572677,1.45006849434191
1.43978859330876,1.21490173036594,1.22706240865255
1.54633662500712,1.21085125132374,1.23278325354582
1.58883741173811,1.25502701398496,1.35762446108994
1.50866457732408,1.17803158858301,1.20787687091729
1.73341637058888,1.22023823041886,1.38436937770197
1.65939986624327,1.16773750971597,1.62218783623017
2.03538430579697,1.57418319710279,2.09204874573995
2.0149330218317,1.57080935336731,2.03161348025904
2.03120727801725,1.57462965055811,2.04073582640468
1.61301221477044,1.23919081138561,1.26021419036806
1.96590964820563,1.62398601584115,1.69194494552906
1.98702062526647,1.64604769978909,1.67733244114834
1.98531848664795,1.64219152119719,1.72218296737916
1.48273096521456,1.40630526861956,1.53747197892483
1.71689295645269,1.59420440324633,2.03810892608541
1.73363731642256,1.49647838221651,1.55985405372042
2.01724703074811,1.63810379005145,1.76498093070589
1.92134487182303,1.6043136783832,1.76816866801886
1.98961325230906,1.65074931035331,1.88494023066608
2.41801274716773,1.91751683313282,2.34472043302696
2.74922062211705,2.22364891900873,2.73540491267765
2.76325903244505,2.30240501136714,2.71967420363248
2.77808378983784,2.25961498733158,2.69680163701742
1.83551515216857,1.51372566959988,1.59754545111503
2.31823162029514,1.5924062639521,1.98116058957095
1.77679314780618,1.54782889636705,1.58911076086365
2.11923730040205,1.69370449108079,1.96208723003706
1.78595291392583,1.55595083684065,1.56349585425341
2.03687837222728,1.71047320093477,1.78937869330025
1.81168258679755,1.56116786578817,1.59234224468653
1.70702263945018,1.57742708230326,1.55231783284402
1.73055589364916,1.70485203399475,1.65778103433701
1.8656559008848,1.67273054587531,1.72652680132496
2.06524572523747,1.80297208716082,1.90710287614517
1.98138206651857,1.78456769780414,1.93579660136667
2.01851187728075,1.86762511182551,2.02397906455307
2.40074776032963,2.14505053770798,2.43187989777013
2.74548513169362,2.39170439239757,2.79281699912428
2.75637885787782,2.40193810789689,2.93134984010667
2.81189784647245,2.7491949194494,2.67088225591909
3.07460516260342,3.06958645541965,2.90721300718498
1.88417490291082,1.63935327243395,1.83164666384943
2.60759117530961,1.88295806885895,2.56965809530775
1.50251274431591,1.58746932793509,1.48159616683659
1.79701655069667,1.84706892392536,1.84590675606705
1.39614953346772,1.48502300046298,1.35751470548558
1.50700888886045,1.61525884808373,1.48392300953394
1.48050443286621,1.54804693512462,1.45889995705227
1.19153540875649,1.29940887628801,1.13293598774872
1.2051426526844,1.33373545735593,1.18186411934513
1.13077417919351,1.24522856560786,1.07624956238617
1.24665029669313,1.35605267345763,1.22753570906795
1.03002832540549,1.15083122146625,0.97139728083028
1.07818919738135,1.21857307119667,1.02296216208287
1.11292959887867,1.20907922984392,1.05760618355977
1.21815809156628,1.34059417288853,1.16790699295032
1.18634689374942,1.24836850749625,1.18193456987356
1.18304809406601,1.20694308369763,1.19649874288976
1.29860162766424,1.31939187539096,1.50061039360826
1.35074581321282,1.42128671966215,1.87683050368218
1.50572178152442,1.42090138569255,1.77558684226614
1.69250688637819,1.58912577763393,2.22908987125962
1.6021172160931,1.42655330434267,1.85673705116805
1.82525489516383,1.57700191296845,2.17804938612157
1.33200210171043,1.25043277079581,1.69019783564536
1.40745770237102,1.30027634223459,2.11091248323262
1.5354188708641,1.36181755995094,1.99266093396296
1.73351128790161,1.48633222979579,2.56461682195058
0.918408063332455,1.02991065537682,0.895929130184484
0.90783981028207,1.01622599698658,0.900990956577025
0.925445783326726,1.03086479683507,0.941793049305216
1.02818104746837,1.14630568623461,1.05746342216766
0.873743767654773,0.960141020566959,0.932482627232821
0.860076345727276,0.957776006670348,0.911834960272933
0.944378041773633,0.987033793936083,1.0380619228862
1.40906878408637,1.42113948271657,1.47916013392562
1.46788906429009,1.45117741520285,1.54499764902257
1.92509612714822,1.91508877035596,1.87743947265653
1.14510400165711,1.21586454605936,1.2350213282893
1.67464806854635,1.74612258688095,1.73673109597832
1.67624873653106,1.71228503592119,1.7703281324375
1.68625949753931,1.74241167765569,1.72952194858505
0.938978888078695,1.01313526363512,1.02506187712942
1.09963836936777,1.15136320100014,1.20136342259642
0.944207511267442,1.01102137503137,1.01875452449726
0.934511243751538,0.98996224870135,0.974417526816219
1.07213376989153,1.13164006328663,1.15619842337858
1.22643713719265,1.25955367066246,1.283278255646
1.27671336732411,1.30622188776186,1.3021386583006
1.63362482551778,1.50710851794415,1.39871952666499
1.66155956565918,1.54282262358658,1.47935627485946
1.50571128005806,1.46110716297825,1.55309496442547
2.07191312442595,1.92374961802669,1.85130885517028
1.86322696337174,1.62192679450234,1.76340483686987
2.04830334287934,1.79591201313402,1.79624964911587
2.32663970692782,1.89616195557415,2.07519400228711
0.98390351645119,1.05719882951938,1.10867037900562
0.970449548770226,1.03325220333873,1.03157720033725
1.06007147385827,1.1316219191553,1.28912358187038
1.21453471684902,1.26706964106214,1.5006518903308
1.03289554851114,1.11020727612213,1.26054029937259
1.02163680987515,1.07640408793036,1.24350073175649
1.13429689588991,1.20891893474394,1.33952600702887
1.65304497609171,1.59488454888676,1.66995892600604
1.54979873768136,1.55860564445095,1.68984240765945
1.70226225132076,1.92944284262179,1.77050066181581
2.26256109349553,2.51116142866207,2.26000004094249
2.29553679616782,2.48534831759687,2.18943991618428
1.92627532281945,2.23304463418308,2.0298645779288
2.38188971056418,2.6378028820549,2.4246837614176
2.18723714246533,2.4785203211793,2.35454602235653
2.43497046412926,2.80289636758415,2.49195508863326
2.81225675119863,3.14360328594102,2.86256316444594
2.89172357602107,3.25265402634925,2.92474406989311
2.92074971334091,3.26466929034305,2.92694009216309
3.22829307491034,3.55732033339217,3.24757935047695
3.24942794493202,3.56771386785705,3.20073645469979
3.24596582353637,3.55660378356426,3.23614418602029
1.05653199881991,1.15449308655342,1.28121659927491
1.19253363635354,1.27281778871432,1.46892745275707
1.01274177380647,1.13670445936721,1.17255676169355
0.993591331942179,1.11224891097168,1.1109537313109
1.07409116405497,1.21605601494479,1.20328286978471
1.13119034800438,1.26141246107074,1.23756183504284
1.17507349994812,1.30131356007822,1.32303688446273
1.62066433590668,1.33523033048263,1.70967821599109
1.41074435109283,1.40017488175253,1.41101679322912
1.66790355919409,1.55237722353118,2.06987928246001
1.5122498265414,1.38730083481396,1.91072342560241
2.39727612243686,1.70740976394502,2.93196549818208
2.76896593774725,1.93301740378011,3.3623417053089
2.90762180335671,1.67527358530633,3.46635770374648
3.64942374704548,1.84677023116529,4.26481230432055
2.33522596240777,1.49124659792757,2.83673098593697
2.69589501861414,1.55542711611897,3.22110020241288
1.08898057280271,1.25461312870534,1.19207869662596
1.07804898601767,1.24605844556114,1.1402728000167
1.19909064389069,1.38962693998465,1.33233695104393
1.30670762150557,1.50047776904269,1.46834849674689
1.23188606467216,1.44025778992327,1.3650253806584
1.19501983456355,1.41138048103264,1.38092370273451
1.32034788201455,1.52012851746336,1.43032701303697
1.88667963834743,1.96605375930703,1.81678345006126
1.90307685531242,2.03626072951853,2.06274639879207
2.40684319132816,2.42156887187851,2.52780272215993
1.59767459916627,1.93723230567964,1.82624150552813
2.06825091418283,2.41506932086268,2.28979911359713
2.09998016568387,2.39489977780487,2.30535670727024
2.13094475043315,2.40020922710262,2.3277450744981
1.34725548973703,1.54268287419027,1.42262863007552
1.50784733986089,1.70631691779579,1.55607665599584
1.35911411396684,1.50872268714978,1.3863217293119
1.32348453434843,1.44666651636785,1.34626616750414
1.5173273010435,1.60189384438504,1.45377052852683
1.5638135434856,1.69175530941942,1.51440631943898
1.74942946129708,1.68652802769551,1.56739156080328
1.79051645361726,1.74911416583324,1.62722000828728
1.82610255954351,1.72002961823404,1.62299944581391
2.10380310708897,2.03480370192459,1.98904160799681
2.14013876652185,2.07856383769426,1.96003902775082
2.16409658240698,2.02053995849162,1.91435865390809
2.0261156367482,1.93132130887031,1.72846828386407
2.35772775791163,2.23818389317752,2.01417998900336
2.12261347335702,2.17812910860612,1.96268287924223
2.50353579048772,2.25536148576902,2.05742584096137
2.86655088651097,2.6016642060752,2.42083727221232
2.86574739842267,2.62405213061052,2.46338567837581
2.91256178504564,2.63549409834624,2.47136945516083
1.51838838436878,1.58038055436493,1.43301218878208
1.51672018492548,1.53819719494662,1.41177262488717
1.61689758833869,1.6817762576953,1.52560631825801
1.69791635142191,1.79832900588173,1.6263357345321
1.70929496057224,1.70491432535073,1.56559706122254
1.66326658055462,1.63861645780247,1.52157569058363
1.78365907359565,1.83400141837375,1.68291462188744
2.05759382669843,2.11489874507361,1.85551809797396
1.95829122437174,2.1096662496271,1.96139082712456
2.1761014770883,2.12116724930733,2.14263084878432
2.51033616692923,2.44998972001446,2.5427079571647
2.57500794750671,2.45773499369237,2.47971216614789
2.33138007997893,2.32040038058035,2.35077725176886
2.63134642785345,2.6738523143845,2.69132759298335
2.69279277606763,2.66462928837853,2.70837000030185
1.92949145232628,1.80307917262097,1.66219936377857
2.07979840268287,1.94233075024735,1.77933937620421
2.02915346644667,1.79402170326612,1.68519522805396
1.96665473358635,1.72797847440498,1.63971546198109
2.28669971013024,1.94998391696554,1.84087504213876
2.39032529041768,2.06934661013443,1.95571496814399
2.35991083098958,1.97611099925885,1.85603142521141
2.36784568101046,1.937817592067,1.84437994203536
2.72720431650564,2.24625328078603,2.10127542135847
3.00603803995658,2.57732775043739,2.41836447289876
3.00741043761802,2.52359565148571,2.40285469736627
3.04169451763566,2.54479839486167,2.41848943906244
2.24444140001202,1.95568423237454,1.83736064691871
2.26534708725526,2.24442040644964,2.02432747040596
2.47096043033565,2.31493454595345,2.16254321605852
2.56911915840181,1.88066585779524,1.95794207299223
2.89174094448761,2.23132611776319,2.30410051422571
2.92290369560628,2.21855057935721,2.31538714506018
2.92643340054181,2.19875692046517,2.3315971121257
2.43851989483497,2.02010147855434,1.94202208500077
2.43452378297271,1.97536094328482,1.90527657366044
2.63302988466067,2.18983312967092,2.13420401772518
2.68213984731282,2.26731519187116,2.20923118272765
2.83973563782573,2.33093894764923,2.30526253518452
2.96718681884072,2.46445017230801,2.45010885211095
3.13766489932526,2.5274917766571,2.51386822372708
3.08326588433532,2.47893858619007,2.48546175107627
3.33903939577852,2.67688360403442,2.70810199833062
3.40225795045551,2.79273937205265,2.73700276100887
3.57369674765587,2.99757515128534,2.93893838380213
3.70487850889785,3.12403894528126,3.07541884965039
3.83223025309041,3.29868893640535,3.28551834168009
3.94235705436856,3.362326534133,3.30482409442955
2.72287156993729,2.24896904304018,2.22620986344366
2.90441029018706,2.36731326718959,2.35082096096106
2.50008316999387,2.13944546544227,2.10816243772915
2.42923691867364,2.12644996708909,2.09394299856585
2.46260830611058,2.14776873927905,2.11469822528543
2.40907626992532,2.20190730584722,2.15279884835845
2.66240037179157,2.29914955531382,2.27273320364538
2.33696356483379,2.006387886921,1.97747740977099
2.41883999759441,2.10355503328664,2.08371302769754
2.22287376008835,1.86448292586941,1.83272939389122
2.26274641226149,1.88960807479216,1.85021970500173
2.13037033613938,1.76936313297571,1.73475147009504
2.16722786335716,1.82267471463903,1.79192394689832
2.30084533080855,1.85835510077212,1.81879545555618
2.24373805884421,1.9732099713558,1.90877726798617
2.44871949666213,2.00423231038951,1.8359041908476
2.88351157259446,2.17694828411049,2.03350648989618
3.05691882883203,2.49417168290109,2.26213740341724
3.25206705135876,2.49899998070833,2.26717816612969
3.46218706855297,2.55741595338284,2.390381857104
3.58518030288825,2.8623440086149,2.66110202384057
3.65848465835738,2.81824069620349,2.74041738648207
4.27533172197957,3.10257099061672,2.83685015251746
4.60494580246802,3.39691597092638,3.16707445338424
4.63874081168187,3.49497566955449,3.15410171674589
4.80039645566082,3.58900948770283,3.36827338041847
5.04574103438558,3.90283721694463,3.70894299470733
5.09318753570742,3.89331891121291,3.69948170132984
5.07494664123857,3.89135314786512,3.68070171457613
1.89137684856558,1.63526407418598,1.58850302856277
1.89622139859077,1.66593246843311,1.608521486305
1.76169455463434,1.58117313821381,1.53552428319223
1.85963236280917,1.65869398003685,1.62140522321704
1.56538749777501,1.50344892456494,1.44292569229692
1.55758459713865,1.5337087777085,1.46397668778117
1.55455567151834,1.56950623192025,1.4966772051132
1.69228672641804,1.64452622945074,1.57719592080281
1.7719838002651,1.75833374806162,1.68666589500363
1.98873783346857,1.91263899437264,1.86153897666043
1.52415444746002,1.65921138984123,1.52829855464316
1.85726190584621,1.99516350652528,1.88057201127737
1.89993509081222,1.97264813711962,1.87528139379248
1.86914962046507,2.0397893697391,1.8841051411152
1.47074629763708,1.40299027888319,1.35190500535676
1.50965920272882,1.39479741188993,1.3578501516175
1.41535244017443,1.38725730150234,1.32631839838927
1.45705376557188,1.4526534206075,1.38412058685008
1.34943990716809,1.31952153897133,1.26642203417261
1.39157212404343,1.31376127428822,1.30410785784521
1.48501565508194,1.39768865006728,1.34210516704269
1.71222013592656,1.55295111270134,1.62148058489977
1.62167935020894,1.5498794491221,1.5574543615997
1.79068689663103,1.60319358660369,1.64780436813052
2.31134047318923,2.04729270982727,2.17760911364241
2.24989277060788,2.02476303484044,2.14395540170527
1.90981102686178,1.82274309920667,1.98112388044387
2.21839615535313,2.20947657343608,2.37159256051807
2.61442072318898,2.62666853849449,2.79781199275644
2.62923056291567,2.6230819837491,2.76710883115355
2.64356101899167,2.65547182934558,2.7819160317902
1.1992143185106,1.2576698848515,1.18106107348212
1.23947695769049,1.33569057420101,1.21937099181115
1.10202306634441,1.17224084575645,1.12894686813904
1.14372290632337,1.17355675051611,1.16184042971934
0.997860469685504,1.11546463163933,1.07291315602539
1.01895762960964,1.14857824983656,1.09298707695981
1.05274433380972,1.14894090489975,1.14126533690602
1.2431068967147,1.17824546216493,1.26181202080823
1.1289443331254,1.17017309399971,1.22022248328026
1.60641614728277,1.58648733543553,1.63696560536707
1.59430983759544,1.5917982378885,1.65966152490963
1.56433298162469,1.56516952686094,1.65561911691909
1.3271488169499,1.29541280137502,1.39524886654769
1.77462828370737,1.65736444128172,1.79535824729085
1.74203737403884,1.70324465031454,1.79204583308276
1.80459612444969,1.73816079823356,1.86783896318186
0.924996860569683,1.04728596397546,0.99494537265317
0.949374660495767,1.04771873198892,1.01390841544615
0.91472975596658,1.04703383670147,0.967059963194143
0.975327747940608,1.11032259933468,1.01531329807206
0.879613051471817,1.00331425033681,0.914205112490916
0.891099915057689,0.999716906631813,0.916155825760635
0.979249040554885,1.1002884498088,0.998547460463596
1.4094631872922,1.55272022356696,1.48097772144323
1.4686972245796,1.52455147547112,1.45787504581062
1.46976385249087,1.5234199221251,1.45802522890426
0.843549230129859,0.959722355324914,0.890133813044066
0.928051927520114,1.04723961500149,0.986781764341812
0.788708502133264,0.888511656105389,0.830180653578399
0.793997190332133,0.88574903862321,0.833249656342455
0.774411299968159,0.858684972252156,0.813898327499879
0.815755510304968,0.89612578680719,0.854009735199548
0.843942809985119,0.902097039213937,0.905865142150414
1.06625877422588,0.949595889082185,1.20357593920707
1.04200245510011,0.94478073563036,1.05853036747209
1.5650620035331,1.39222506410692,1.57383880980469
1.55780213262035,1.4344426611786,1.59967705869066
1.54787316230356,1.42571706744284,1.54572357663426
1.22086194669205,1.02545625904907,1.34789299717049
1.71955136506126,1.4752475916631,1.83354611427713
1.71589815616921,1.47597627388903,1.82621290202808
1.70711787088934,1.52769028425094,1.84874506463162
0.742536734129169,0.843369005528652,0.773423648168425
0.807518126642143,0.926979764781193,0.832636949669915
0.749613014135369,0.834760670793844,0.784943245129749
0.81974375378825,0.887816227253834,0.85504699659609
0.742831665578995,0.828084046556859,0.78516902648411
0.807064361463833,0.852471756896145,0.824799190072305
0.877854823161896,0.980346749994899,0.954273372326302
1.38481459153122,1.45805436245484,1.44888174980481
1.38929375677309,1.45584873269732,1.44871316537982
1.40148912412678,1.47510932072744,1.4525202019618
0.692906729221505,0.774653278409986,0.731661559420833
0.787607207364753,0.872668596847071,0.855694763860195
0.64727810136961,0.721811525524537,0.665712172249198
0.67049188277483,0.738079546186559,0.701693705412188
0.627119613042775,0.709424162544673,0.632003113145838
0.667760351520144,0.759406222933641,0.668228531765387
0.635976757953207,0.702968646703473,0.654187273473865
0.694629222609869,0.764129171283606,0.729709214299135
0.660169363092446,0.711767828407293,0.689128558885463
0.681905433528784,0.746057059724767,0.682016266765773
0.630313262813472,0.725489025375906,0.623427223740608
0.641747203828942,0.737839617380904,0.650327116174387
0.684321198866744,0.791700450268039,0.650108703474598
0.73078758770439,0.840781044724446,0.694025211573521
0.74596083903533,0.847361482761351,0.687918749720392
0.77837138946275,0.867909942511546,0.721786616253649
0.7648512549524,0.859797287194746,0.708001755289299
0.781376779148231,0.877490254376043,0.725689842449082
0.875360222893151,0.958374830687426,0.79718508519068
0.739767836528934,0.828748197968858,0.729483041100224
0.84150239334867,0.936951753092586,0.745088677910027
0.859040670486322,0.952772591510238,0.761414795487327
0.958280734008593,1.03974271400825,0.827450661922212
1.00458215557003,1.06759554158797,0.87349780934884
1.08436968485526,1.15681011430718,0.907383472184058
1.13416961003516,1.20892284657246,0.975576808748536
1.31521556799582,1.35266311568587,1.09180133847216
1.56745432583595,1.60587974891705,1.41926885532475
1.61698500093242,1.55253449945329,1.47459412083712
1.83537154448246,1.44703253657064,1.620119416171
2.10584552514913,1.76712696874137,1.96636548040486
1.05649446796275,1.13638697018189,0.84157445643423
1.13571647953297,1.22477330688497,0.912232321420103
1.02174949378619,1.09083280397273,0.782198431030704
1.03712346184528,1.09496729723504,0.816735039859081
1.0475018450794,1.11302910131991,0.76202329487225
1.1478197632836,1.20204053368742,0.820756071828253
1.17604358059539,1.20023171537468,0.826931533856169
1.35502763293198,1.42337969723692,0.915381787048291
1.35597678600751,1.41662892950132,0.927983968519528
1.16497978366426,1.36023257508938,0.840428495290806
1.17834793608157,1.56218995153087,0.890536021909232
1.41142930228058,1.69141801863826,0.983350733097805
1.52918792914444,1.74177404838807,1.04654369068105
1.58453684592978,2.04953507185532,1.10849711590809
0.948290748315174,1.04149080154121,0.707380696805721
1.0310842452877,1.14356712491835,0.781254131443322
0.867063238623693,0.953584380834546,0.673639060988662
0.922682575667936,0.986180041808457,0.745521797741421
0.799562638937452,0.90704525020438,0.646099204165775
0.82184081726426,0.915286772616559,0.66925515563454
0.746526828102406,0.864342514306755,0.622584039267432
0.794329785400113,0.911453105397117,0.686915964716023
0.759882806117988,0.882561477966149,0.675412567697613
0.752476648885583,0.853502147611881,0.609605362349469
0.850320025366823,1.04995338966899,0.698593803941195
0.761687083158147,0.938579821744805,0.63431398605908
1.31099675590279,1.45638181717424,1.22610598678654
1.29490555771909,1.43153861855714,1.21914552751275
1.29671594878183,1.45189161054075,1.24974395395412
0.841694842605093,0.991536077327206,0.694118275773117
1.34920704992561,1.50754873467889,1.28254330919919
1.37462631248755,1.45481387553619,1.28525214628095
1.37349199207242,1.51322250558965,1.26201124135697
0.828119957828,0.954530368762926,0.694918238499781
0.918182176588092,1.0663070071253,0.782717006935173
0.844613641725877,0.958328716575027,0.729155357754903
0.868523079122317,0.972424857798846,0.757546556679587
0.908898414579339,1.02274521542826,0.803755161587152
0.958696941739373,1.07233808909329,0.857450611986962
1.06021420075629,1.17401048195544,0.937740697265733
1.10530432072887,1.37656369530753,1.00274268979617
1.16856795285357,1.4182136672383,1.1020857658965
1.18558148008451,1.25852301319787,1.12223074537385
1.35590413077442,1.55016822666068,1.36353784155453
1.27589723109847,1.47150768716203,1.39267806144673
1.48948613880336,1.59661690334566,1.27137039805793
2.03271747479114,2.16856138777325,1.72045310163024
1.9784682559627,2.09719554537473,1.85463837789692
0.899994369541254,0.996505357453652,0.779808612066687
1.0297324570246,1.0832065641276,0.903168580567944
0.850259801112811,0.961236079415527,0.70479026582846
0.861912502789873,0.989065138300917,0.706490703346018
0.87086631446925,0.974410596657903,0.700828911185033
0.922410054154623,1.02075363183324,0.747382895778853
0.943502863522148,1.05458201181851,0.728305575674736
0.954579155495886,1.07406400549979,0.73217003604811
1.00071662556197,1.09134930072172,0.760100232916879
1.01644633593599,1.14994542445531,0.778754004355785
1.1182156884534,1.24372476305722,0.856990769441407
1.16903642217559,1.27079555753913,0.904765562152448
1.2274705507348,1.37857461254777,0.931323867731551
1.35841301562668,1.50269541624868,1.03127275535427
1.24219031108185,1.42111140105134,0.930183982989913
1.40232899937148,1.59931853521924,1.05138689623509
1.82993147900316,2.00242233879483,1.24854943515888
1.06849377034507,1.22679295833577,0.804835731427901
1.08708739580139,1.24589273522263,0.818637096223674
1.17809960245695,1.35743055463752,0.879264612995799
1.27054570097755,1.46666999411075,0.944988558170677
0.814881970622746,0.911591623022802,0.656778738132452
0.869682996443603,0.956823579989504,0.692758960701815
0.759875679427379,0.856636581368326,0.631143750275436
0.813079002757627,0.896879619183086,0.677414443075303
0.701292608539841,0.792668884311613,0.596168936318913
0.741662540562603,0.822992852984665,0.633787096518309
0.703285345638427,0.768709170721736,0.572168335916802
1.00756598075192,0.787804531942104,0.596748619435244
0.958839032982844,0.848225468765816,0.65017305666003
1.00200321367861,0.800241277973165,0.579201078751906
1.64864729217005,1.06215286948082,0.796257511459762
1.43021606110585,0.984663761089454,0.726244724568189
1.06007181712001,0.917557375670032,0.715384768655369
0.965044697196999,0.824762747981803,0.651469241942485
1.56122031120995,1.37551939975479,1.25926518815637
1.53707236886323,1.37372425098974,1.26089809602687
1.58242108675246,1.365346526633,1.25930856589851
0.668389908904481,0.766398640350834,0.590905678075754
0.714098207557276,0.818451172206099,0.632379534711684
0.644726007553196,0.729738425535349,0.590698339048409
0.675328625129081,0.749977702241789,0.613945321271062
0.621462909855624,0.695036560593006,0.589180261712966
0.621224590160388,0.692006974921699,0.587622360540352
0.698996303585081,0.761039817471957,0.666748891357723
1.15498913677743,0.83634577175102,0.729974897369514
1.0058017882484,0.803108792884763,0.708428729261889
0.902558832226756,0.835132368242721,0.721081952845643
1.64757935743594,0.972603769630598,0.76915279698923
1.37457754373203,0.965783088008721,0.805507031851221
1.30577970936133,0.880953992372433,0.757658270696174
1.8065192526084,1.00250252183079,0.849164634254906
2.01660574371884,0.981619855118528,0.77135600175145
1.22811908862512,1.0181663586576,0.899481639054722
1.37200728947634,1.60674299289935,1.41638998409658
1.70740732050539,1.36032186165984,1.42582048770987
1.29541448787596,1.36987178062448,1.07753645330965
1.68687264808981,1.85667269824386,1.56400211910709
1.70493681758299,1.82975110336545,1.59338428147049
1.69596582179548,1.84697262905228,1.61183474620361
0.594357184702894,0.664319556290012,0.576002079879114
0.656842293918152,0.72959308953486,0.644306940921412
0.56864055009117,0.628178372968512,0.558285935780004
0.595388441615923,0.65979384028739,0.598759074417498
0.545079778938567,0.595664127534336,0.541611531569293
0.585812450506947,0.637688742529204,0.584795804865241
0.532207562462813,0.572915995786412,0.532978546562971
0.580303462366013,0.611311097571561,0.584996064589534
0.60124048733018,0.6424782188855,0.599032580899084
0.50201116157336,0.53226547706712,0.492959785981878
0.562533057069815,0.564730471440351,0.546065657430167
0.665681086705697,0.649947076280921,0.655546687030615
0.606922023850532,0.609151314272701,0.574229206396191
0.738696167201791,0.726890154598076,0.706563216025217
0.596420543136316,0.60973677463248,0.551543346364352
0.695405731651534,0.712372670439779,0.642260144241102
0.56068212024172,0.595148982424904,0.540481848075115
0.672862648476012,0.715404991607561,0.660709653238073
0.601959279596058,0.619325133666615,0.558112331432634
0.731819383208831,0.744881918897701,0.680980812689653
0.552641129342855,0.607517209787337,0.551313674576474
0.623417881310852,0.692116211101285,0.635022490933152
0.569590621092295,0.61036133127424,0.555242183633853
0.603650950804605,0.631903093281001,0.582528463353792
0.637084290555873,0.684257713732669,0.629109632726454
0.735081166027916,0.790380284735771,0.760954979735088
0.781441611326278,0.863700306072761,0.776112288625459
0.59812339066625,0.61388603024749,0.58400220836038
0.645168072098099,0.652265947307175,0.634625622809099
0.660653341469093,0.695088180485333,0.667363487198974
0.771698814866674,0.854560235392942,0.81284385839002
0.690262555216282,0.705970597592088,0.689816545489286
0.741505830371433,0.769483001305334,0.764055230503593
0.80043045254121,0.790353002649393,0.812985997700365
1.34731403809749,1.31906516041465,1.43970051501814
1.37419194559879,1.39189662915473,1.43178805839343
1.44026816301467,1.33035073519742,1.4462773848286
2.12751955024237,2.0332350612854,2.1182142150099
2.11910029930383,2.00902842904333,2.14976751833492
1.55728170831189,1.42244898850355,1.56448688325967
1.89254877289431,1.78762666829975,1.888297820949
1.93545702785902,1.90730320550629,1.8460566986406
2.19767352390961,2.28863334158574,2.02116484861705
2.2388890897656,2.26020722725504,2.13046452159954
0.715222667848578,0.74427750000325,0.708832184588029
0.773560129389727,0.814709672913034,0.780661929277381
0.775087521844197,0.803034724186754,0.756583225361942
0.809593907920004,0.837584943386874,0.791581087799831
0.876672379948865,0.907485543465987,0.838627919311816
0.917792883183401,0.971667144014294,0.874167418882894
1.02143901143407,1.07977894874017,0.974218450968756
1.41454062339829,1.50354772528272,1.44010671161087
1.40835111238157,1.52452704260391,1.49145712674861
1.18668518892338,1.20811146943098,1.17936692951354
1.51925259688985,1.59392443477981,1.67832877421201
1.57183292287942,1.65565570775745,1.61372239592298
2.06721503987996,2.11671196715337,2.08900502634855
2.02600415300885,2.09324366584715,2.09821326879701
1.99702871528704,2.16397982396506,2.08981354630522
1.54082349584772,1.59982640436406,1.65902927088197
1.96762966604438,2.02648223090881,2.11559409765028
1.9640353628602,2.06479185311052,2.11256193024586
1.97574844541527,2.03404820668251,2.13232715644052
0.941447598755774,0.922908512498789,0.914015342597208
1.00278771061736,0.944982596704166,0.961805343661039
0.99447885838012,0.977135306607684,0.99191808826738
0.997820150631748,1.01596979732444,1.01888083570029
1.08884461341335,1.03084928758991,1.0856342155578
1.13751664543587,1.06676008681009,1.11853100684103
1.11366318706855,1.03537846279055,1.13316776111284
1.22999837997983,1.11501833532114,1.24093971635328
1.09661441459159,1.02264214346577,1.10955106708205
1.1011709113076,1.03755306749679,1.1572139358836
1.21455398439059,1.14148043080341,1.31252482512125
1.34383656429428,1.24520799436554,1.44956727640124
1.20111336505067,1.15637197256695,1.33902235482929
1.30044650934193,1.27277110643744,1.48179738246707
1.09417508313642,1.06929948567054,1.22468462616004
1.04221942589712,1.0063065057764,1.12562467208172
1.0440600923507,1.02010704271501,1.13904182153258
1.08513388888694,1.063779347939,1.15912951246671
1.09468299947524,1.0784178470639,1.24958495524288
1.18988247619439,1.172653554502,1.37545694914216
1.11880173870116,1.11285320291784,1.28563852744693
1.2055736394694,1.21142443624462,1.40323492091141
1.11261247101487,1.10861655978176,1.29171343743847
1.20052830879349,1.2014152287848,1.41417648553597
1.17408311982154,1.10508981303301,1.1553160517258
1.19105337888442,1.15869500434812,1.19402589206234
1.28529533174421,1.16719233702091,1.22344079071128
1.32519647147572,1.18208896017453,1.24540246313549
1.39072501094275,1.25957866774979,1.31437422221789
1.37231450928517,1.26639033463535,1.29216269451736
1.57233816075925,1.42264596725474,1.45814588372681
1.79839443956842,1.79139420156303,1.88564446473552
1.9579340695396,1.82845765288759,1.82282068408777
1.86008595086767,1.73966591684268,1.8370342939877
2.31100936418519,2.21291239444003,2.30138521832632
2.20866848240282,2.16930844609689,2.32635627161995
2.04623099231651,1.90196614419418,2.10655352340391
2.3921438087179,2.25233978351556,2.50445879058685
2.46438111794942,2.35430664466309,2.59489301205354
2.81130042536477,2.66537012921545,2.95192323606451
2.72757174572761,2.81720458693111,2.92524099166663
1.45565335861298,1.30394578699429,1.40233234622962
1.51970550268341,1.34672185451944,1.49127944337932
1.50624714169594,1.37290745399469,1.4500280394477
1.50751137148559,1.39070558070103,1.44073925449012
1.63297262252648,1.4994725882125,1.60891085300046
1.7113133670311,1.6226863435898,1.68190839576911
1.81779736648549,1.61451608166551,1.85314034749059
2.32192257161301,2.07951832843544,2.35131701110349
2.29516840656068,2.01086694214088,2.19288538616827
1.77559905188915,1.65505038735398,1.88276431866182
2.12353647020635,2.01002863353707,2.23342237086904
2.09964281876724,2.05651091088763,2.13729560257225
1.97223855199951,1.78452817199602,1.9952010955451
2.35521147642035,2.143320922952,2.25237621036705
2.3445827458573,2.15141477497906,2.43303090627695
2.53170478903989,2.38181632339447,2.72834511147855
2.72800380970199,2.48473240535874,2.73139735346452
1.94887769504184,1.80686182778548,1.88364568336684
2.28998183364526,2.09061808625305,2.22595837166455
2.15390840876558,2.02821546323594,2.03179789882983
2.1630129349495,2.02966121175412,1.99657448415363
2.64443182197265,2.49329711777134,2.51624185704704
2.9287927576818,2.69165692448297,2.78989669754147
3.1139705001275,2.9387876263519,2.9040028697858
3.42675377763636,3.25148994844847,3.20790335732858
3.3944344672353,3.20560903637903,3.18459918757852
3.47144515016166,3.29671825889437,3.25531261175734
2.70146159830411,2.60426739324311,2.68188599526855
2.91056160370128,2.75155283364925,3.12203740214018
2.90165873684135,2.90914357474742,2.77873948224237
3.15642225424345,3.19417890528695,2.96416368742344
3.0845565071752,3.1435561067357,3.04851834707045
3.04536435853361,3.11509249930244,3.04352520875311
3.43477997301494,3.61618225574121,3.43106614364436
3.64853811125993,3.9062397879842,3.62212806141501
3.68933381112081,3.84293066686328,3.74826892834098
3.54263509409664,3.88314252807411,3.65076507927573
3.62004134718591,3.96565249967859,3.80186317823706
3.56936616663359,4.0038861353834,3.70798201606361
4.02841383987859,4.44491665469086,4.14440448530368
4.41422341675479,4.82920313191178,4.52013769220192
4.42282427494677,4.85948530919934,4.51981359320422
3.28160123199475,3.28389745237691,3.22617615744081
3.45937906701045,3.48281725251203,3.36312027371633
3.38791682688929,3.35743150077284,3.37187434468406
3.58941960283355,3.55404944412975,3.57411143881801
3.35937953833384,3.34319642991552,3.39475842662239
3.31089689808554,3.37770508217627,3.39160696952876
3.58791424988975,3.55242899525671,3.66825210243347
3.25492063677755,3.23259021862152,3.2411791897441
3.62115686987437,3.61712290309639,3.4888904225183
3.11133185667987,3.10243555868458,3.26117339007394
3.30198583431206,3.27353467631804,3.58790395675077
3.04642321028522,3.12831146888947,3.20077532920808
3.24150570012236,3.40160924568589,3.3978628826785
3.15349125299298,3.36410748366513,3.32973432887607
2.73474206085396,2.74021813148908,2.86029936337797
2.61506435133776,2.6708649520115,2.71933526778253
2.71356801532449,2.62804543340839,2.84330249064761
2.92390623695881,2.83949606690518,3.06563765807906
2.49167638138418,2.3640440305326,2.61275384067936
2.52264512113504,2.40362805575423,2.61252206198721
2.64722411935453,2.53943670955098,2.91227873313487
2.71369905334852,2.8088325866688,3.07116690350437
2.81116612850558,2.75852195816523,3.12828501826758
3.2391743237718,2.95201337404982,3.43106737679736
3.51615549271017,3.22959071737814,3.72593736304137
3.57670836277823,3.30235660251691,3.7397603627289
3.84345511256264,3.50519662917911,3.9735902863207
4.02235649707537,3.71728133239786,4.10133424274501
4.12688783495249,3.82182621208871,4.23676994787849
4.56135500781155,4.2024994714855,4.71331981832601
4.7230439785118,4.47234405992591,4.96644864579046
4.85878685028669,4.48928105152402,4.97280976950878
5.31496143039724,4.89112990922279,5.41018657388885
5.62833628302237,5.19665919485561,5.69978146235094
5.63670040928602,5.21701497477529,5.71724591650015
5.6289052146872,5.20098760421613,5.71774689847566
2.20728370152063,2.08344028631138,2.27543892794997
2.26784671870632,2.15406400091267,2.39813259185301
1.99541361331075,1.88423143100977,2.00048433790719
2.07115424767334,2.00308375719445,2.07478919916241
2.20971635111834,2.12937785895113,2.29013401166875
2.20965843337625,2.18597830053459,2.20328163536212
1.77667145586919,1.6617737584503,1.78357467626174
1.81057901698999,1.71390571707315,1.8339371215852
1.73031293544428,1.67666819326655,1.70571042474799
1.84087112551246,1.77727172595401,1.83037925895967
1.77255952924041,1.77276668016618,1.79139347067061
1.96301608396717,1.93422369032347,1.97889045073248
2.19299928639565,2.18678997994308,2.29106319721094
2.13907132537308,2.16540661209776,2.19848711729366
1.7389423755368,1.56963933409381,1.86694694337177
1.86087641126672,1.70800293905207,2.07716663028631
1.66445107075894,1.46442250222981,1.89085558655124
1.63882392168911,1.4532243448217,1.89845285276991
1.70430057886536,1.48367821550978,2.08615454406613
1.78082365751109,1.60019776373122,2.19262273236199
1.92083475163971,1.64163029004507,2.56585378341785
2.09720436780812,1.885525082292,2.74970330018052
2.10762907250454,1.96219554206919,2.87589925569486
2.20578645518494,1.93262042497641,3.01664258031613
2.47173528772943,2.34016226997093,3.27747073555814
2.61428436365666,2.29477620087701,3.28523509495461
2.42932077067806,2.24976740573079,3.49447513060729
2.87771843685666,2.7115427752081,3.90235594023803
2.80265984169361,2.70321869374774,3.92344102295742
1.53139351537137,1.34086152431411,1.85525163229686
1.43990038880714,1.25703181492596,1.73536175558087
1.54993259999239,1.39896956241296,1.94326311917666
1.68467484071741,1.54381833611173,2.18914993349426
1.46269240574599,1.35342796116472,1.85039310760827
1.54949503417715,1.46631126138236,2.00758621296515
1.58456411676481,1.49117813786859,2.14388896261098
1.61673811346202,1.60968445885308,2.14651806709438
1.64755059149041,1.5921176428753,2.2430350460284
1.88688640497245,1.7798732954873,2.63921388305379
2.30481620280094,2.16317278118961,3.00848680089319
2.31098233688118,2.20235091967084,3.14495002254055
2.66226185802218,2.47622752898403,3.55917306454125
2.57167361282261,2.52398334166549,3.39919759747547
1.26502182979777,1.17828662799117,1.44366620608492
1.25871365987792,1.20110929190964,1.43259533667194
1.20529922242479,1.11095050382881,1.28496017958039
1.33013265166033,1.21907772838976,1.4919772445604
1.06597934934307,0.990698223642965,1.03721679060198
1.05128798952922,0.978206028425396,0.996761988437636
1.16824981439792,1.09675964171022,1.23408042232481
1.47960825292688,1.43545395825961,1.4984199609426
1.31015996962442,1.47843943897284,1.42725629572788
1.4116442971792,1.29493935917611,1.40683906610845
2.00268468207183,1.89181288238155,1.81670527174621
1.92508785251479,1.92509951071456,1.98917553633927
2.3758073727168,2.40773817350176,2.51189074342988
2.25185466310687,2.30847196089628,2.21978967112935
0.955466192846791,0.919286661936087,0.934811978677007
0.998727993317261,0.953613538600808,1.0402596227016
0.879935615864779,0.883271998966048,0.842473341505436
0.921102357320762,0.928523100967248,0.905056189748996
0.807618540081763,0.845425316746213,0.771812567081322
0.801376183076595,0.8699555859457,0.781348677828497
0.901517423777036,0.969694965872591,0.858312243906078
1.44619540237355,1.56925457442757,1.47194810862287
1.33666399745115,1.44401914959624,1.36864815873219
1.48051739834313,1.3420101177513,1.47760418598276
1.85842579266353,1.68161720940849,1.97932801916732
0.741005143644751,0.764738622679617,0.706754280692643
0.828299703470515,0.868814947748948,0.831041233024922
0.691248327262075,0.688667151136287,0.637028114456731
0.759221399426972,0.747001798716914,0.704688006333025
0.62897654986386,0.634051858953839,0.58363254226486
0.644841659537125,0.635859334978205,0.594238472650682
0.610245640245196,0.646964386426783,0.582480096348922
0.68735081541422,0.826327265817279,0.687571331334152
0.657873567881967,0.758125427974675,0.640634623139061
0.650558414526861,0.677654768112117,0.62672264610862
0.744382285101873,0.773489227711374,0.726876100612631
0.733149018343779,0.857449130021704,0.745532490479029
1.28711266699781,1.37591336668527,1.29671503145546
1.30079704938991,1.39003780300216,1.31997969525086
1.29960644499819,1.41088050151707,1.30180104059634
0.770112005065034,0.809185666427653,0.76035682214129
1.32445610135679,1.35795469737304,1.32525946340788
1.34144014020261,1.36310140598217,1.33354498168632
1.31720302300664,1.36342049116338,1.31914463219575
0.665968236210353,0.680935123146875,0.624122381395018
0.862537029665011,0.884316125828509,0.826534843918073
0.632039084047074,0.643750227858402,0.590384997149588
0.682533212549781,0.687526290207541,0.64501645096971
0.653703539511691,0.677332568563068,0.610218968807839
0.699611767899754,0.728884614646136,0.656061263206428
0.750008841367637,0.784155877590588,0.686067620951092
0.826606865425109,0.867437912303111,0.769388703532521
0.851938412040895,0.87482803394006,0.763072848455005
0.747786734028405,0.794063592181316,0.708258644334519
0.79465292577831,0.906941606938848,0.805926773723482
0.853404983540034,0.998168158564512,0.889802800696603
0.88260917428085,1.02762695026509,0.917661922532443
1.00332109784088,1.21163486820295,1.06799546628291
0.925445712078265,1.01033562216032,0.936692371067418
1.05183320984248,1.14609000669419,1.08229722445323
0.835813239188036,0.853443778991904,0.789505296958129
0.925174023146569,0.944292334758594,0.869638222083179
0.916603351502752,0.939419893083407,0.895195438562519
1.0458607133142,1.05213891170386,1.03077037615089
0.596986473004521,0.62148181481009,0.567755610287583
0.599973395169474,0.608656925076726,0.568899298320497
0.602632241597326,0.645711879267361,0.590567935718493
0.655514627467402,0.704032148860549,0.646817564953254
0.591031085739427,0.62321048127976,0.586964454654998
0.628554435927447,0.640112422795104,0.606902535107114
0.636788606731455,0.665131462068443,0.649807202942264
0.733606535019607,0.733199812355314,0.711357543960309
0.75776955705442,0.77679656560503,0.73377085101608
0.772592062923208,0.755281911147687,0.752688838428291
1.57387377683031,1.23475519255386,1.31240174578442
1.28111198105846,0.991836987532138,1.03666500365057
1.85049327371469,1.54626763581857,1.56744663547849
1.84103755518113,1.54532881134438,1.6073802771392
1.89013298188721,1.53221802080651,1.60767500021278
1.40766150429395,1.07223817155739,1.10281609414543
1.97712816075859,1.61418392165888,1.6419810950341
1.98360656295313,1.59495269896981,1.65295235303458
1.98351818058922,1.62792279013063,1.66107038038761
0.635744001075867,0.68840056928648,0.617797654410582
0.718387886308779,0.784223701556634,0.700455963385278
0.652285535845516,0.706186332034285,0.621226796428086
0.659112333565539,0.70282348159666,0.628296433897047
0.713950905803224,0.797815564797745,0.670978643134421
0.747678540507329,0.831662228855436,0.732061927115394
0.809609941313662,0.961699076153147,0.803662594308528
1.14076404696265,1.297379582203,1.34770675519288
1.02456335049937,1.33548012348215,1.22440355521784
0.940023985022764,0.974830868602838,0.989162538943943
1.17225470071663,1.284801433643,1.40294611876922
1.27591393916991,1.26504622858356,1.51857532999243
0.976973534009543,1.00016473776806,0.961796196294396
1.06318613774769,1.07767555238133,1.04959595083023
1.0528020230526,1.10524911927221,1.00525067510117
1.10787459076393,1.18839027120928,1.09634398006532
1.12414510149388,1.19143816891285,1.03894344655298
0.728144442192868,0.779694433169341,0.622252787090978
0.746626124009893,0.789709284562343,0.638689522306653
0.79332717087847,0.819167882842669,0.649173322859289
0.841508409998408,0.878582656515387,0.715295478495027
0.856604735846722,0.85209385631882,0.654589516584434
1.01297030926466,0.965213624609683,0.717343379873358
0.876091512963225,0.826336740116299,0.685781349105162
0.842553394259937,0.908654886327787,0.684846390686214
0.916592561782361,0.995230270176304,0.784568733924924
0.866240006039303,0.96084670575251,0.685702452150284
0.918033239219072,1.00390442017845,0.705140146246436
0.915679556982347,1.03492033575001,0.717562791787059
0.960853500641562,1.07214651583081,0.74623837634205
1.1191365631853,1.22618008851901,0.768290127837957
1.81885680304762,1.97099648172023,0.802307660744622
1.15902219225935,1.30291627365281,0.856791728162764
1.79778260752067,1.73771282654813,0.813003131391158
2.12900967345979,2.00698815813094,0.924230313626012
2.48355158254649,2.4607767654243,0.877633413982793
2.06482524247382,1.97209279624688,0.860379760650329
2.17695765798487,2.50932669900655,1.06949179982824
2.6771874542024,2.17009335604016,1.27884920759068
0.847640186499909,0.979800954487465,0.702575459922453
0.864001490788109,0.984248241232773,0.719122461198341
0.836721773724857,0.966226110523817,0.718150911281481
0.880879644795498,1.01275062698823,0.767537027213439
0.806071472196973,0.922583895477842,0.710666677184876
0.764490287051278,0.874661050807672,0.693659197757946
0.858981437084868,0.931092562632346,0.746649915003242
0.963755673173194,1.01728172591452,0.819045555328885
0.904060573137273,0.942747547908912,0.785153361700185
0.871227180870676,0.909299115477543,0.765151026682418
1.24219183903663,1.1341627644313,1.18556696273685
1.23143264484865,1.1423644763776,1.11544655259256
1.01244807830592,0.97480413648489,0.934188488818233
1.45583873951885,1.26392257718641,1.36396450598723
1.43057258275037,1.25087750620441,1.40391600190587
0.905163855447093,0.879385868722718,0.794734860653168
0.869898102023968,0.874027785104251,0.804366948118707
0.982380292907898,0.85053988586357,0.760953995363788
1.12774192638135,0.903126129956932,0.825162462905176
1.1892202335188,0.939240682908893,0.862921636439718
1.26788633336196,0.952031601403884,0.888213972452837
1.04968847720918,0.86712889170062,0.790795420353644
1.01938187686048,0.890540269055447,0.820326688754041
1.19057062086801,0.957230493338033,0.903147373894662
0.861662675895018,0.975017581017869,0.750623992634851
0.969755269536653,1.07405244889505,0.8304002792265
0.831395233614359,0.944552633013958,0.736852808771006
0.801672553503658,0.906489046038173,0.725517521235834
0.877792139134212,0.990135302480586,0.76957993807764
0.943483441066159,1.05048815406589,0.806766001032736
0.854012966575891,0.957156722031593,0.763767882443337
0.845949123924877,0.946448495461281,0.782194123998778
0.830884620379323,0.935310850270052,0.744167526349793
0.889493468675846,0.995540817964468,0.7666953069529
0.946822298827514,1.03736660055315,0.829327194104979
1.4079655630968,1.46126585142516,1.33685187363743
1.39660023337123,1.51338091524878,1.33406989137755
1.46641914240686,1.48069151575366,1.35587009741886
0.9155808518444,1.03261639004507,0.809355403667698
0.918836114360263,1.03898801253165,0.829863947118189
1.01015387632309,1.11381163667751,0.88199230894297
1.07662625018135,1.16838369594499,0.941280615322403
1.07452077748344,1.17406288912673,0.945233558268824
1.10017833955426,1.20227723076071,0.96520892288518
1.22893953341344,1.31290757380487,1.06821882626706
1.66598509050362,1.69333358597059,1.49860300455044
1.66710903661165,1.70568386994873,1.52742577280395
1.59654578352659,1.72556159278738,1.52841476569741
1.05443331971905,1.14193601149042,0.955079288220025
1.04860304544299,1.12688950547061,0.963720170105188
1.10666709407181,1.19126576256064,1.02157714378143
1.17484739357251,1.25910511250879,1.07666548734684
1.13651059764789,1.21411281992443,1.09810744873951
1.11422103984336,1.19036396998142,1.08790792232935
1.26607196831993,1.332385779799,1.23447194714639
1.6834757091545,1.62965880160163,1.59680584261235
1.63590536667163,1.76579075839366,1.66210236152476
1.95149941216153,2.00962523386112,1.97315241113828
1.7035117438438,1.72329615863294,1.70564868451642
2.19812206527457,2.18123090624622,2.19971129567854
2.175590655131,2.14930042677116,2.16838771782142
2.16248728824651,2.20832329712587,2.18602052262546
1.18627098788608,1.24948329300933,1.1685415374434
1.23264995469042,1.2797187690881,1.23397634684497
1.25163139212479,1.32065494025719,1.23196211768705
1.28276817002603,1.36910489580341,1.24134051552849
1.35867247856019,1.41862034071628,1.36040161124245
1.40973035513651,1.47354493369437,1.44580348072042
1.56684418434403,1.63555697385705,1.60244022330047
1.99269917893254,2.03069026147395,1.99846844736994
1.95234170038848,1.99110712531682,2.14318016188968
1.91168815241835,2.11568403762981,1.79957038956746
2.53498980108027,2.71812116647645,2.35172636650793
2.44278047215893,2.70766040687318,2.379704873982
1.32384303465887,1.36592919925503,1.27915796202755
1.44205611416671,1.46343219928537,1.3921560425935
1.24096986028605,1.2910576696368,1.1696298821598
1.22289283911929,1.28137866240278,1.15119544386065
1.25619377600229,1.30606709711688,1.15727133914085
1.35424397955102,1.402202343257,1.26165176096535
1.31090674329472,1.38363157422297,1.2131879326889
1.25173726981546,1.3983543037748,1.25431520472806
1.39578731509723,1.54645283570025,1.35596505366873
1.4764149472916,1.59552829589025,1.40145377102372
1.65235187094001,1.88622158182151,1.66988711427848
1.61668257235899,1.82996164878542,1.55365287809644
1.78788234679702,1.95109200142352,1.86546473254771
2.01636855253772,2.23260046453713,2.1716486822511
2.11859087921131,2.32580812316817,2.31226638532512
2.15375068195004,2.42969821523216,2.1930943734974
2.36670951225306,2.7371433647672,2.33579119758282
2.60127906336506,2.88813208049539,2.64345655888717
2.57527971079239,2.91655372154526,2.74462763712552
2.94704191386662,3.26278935245345,3.0981854353851
2.89603553301077,3.26767575872393,3.10048880445649
2.92770552510809,3.26896641421872,3.12449924993792
1.1678851049333,1.22098130028471,1.06037395504458
1.22202384731007,1.29321337969799,1.10150457793056
1.10684947497441,1.15264901053972,1.02112552420242
1.15525286992904,1.19778873755639,1.08762553944886
1.05752803535636,1.10800877818756,0.977062698509304
1.05739825000318,1.12744551343728,0.977184582818168
1.08402679993841,1.13643138019085,1.01748284607912
1.24307664085229,1.34424074317771,1.13314642915344
1.17160225057604,1.28976904575913,1.05452907437266
1.08399679042843,1.13022385693475,1.02783373629605
1.35445666736784,1.51217315552295,1.27417886827262
1.37552860211171,1.44554741477592,1.2848381665229
1.10924879233576,1.16218103573819,1.07285610993281
1.15665832811205,1.15789194476195,1.09271267746786
1.61806140338767,1.64074553147555,1.56158698893811
1.64063672615534,1.62933870060214,1.57652671732815
1.6387395643794,1.60209649367825,1.56450686574385
1.08485178368699,1.12269398246597,0.990969744438018
1.19025846111981,1.20722006459768,1.08867978998655
1.06760182776072,1.11551156087188,0.967629703237491
1.0567808508533,1.12711834422687,0.986234947848515
1.07337429683643,1.1339105942631,1.02953401021142
1.13862132319789,1.2252696600069,1.07599371134978
1.1366002426659,1.15942491515505,1.02037830479236
1.23236094494312,1.25136472969713,1.10572074237747
1.14775702049223,1.18591192972145,1.04160551112076
1.20808664298315,1.21160981836568,1.10347872713037
1.29651045246156,1.32301378464868,1.18361763179329
1.12632599944497,1.19479532529895,1.05342866400036
1.21581102280885,1.28084513436631,1.16984988541124
1.28840563278412,1.35111453869545,1.20038023079936
1.21508038404941,1.18555022270818,1.08023659679682
1.23203294012935,1.17933846347807,1.10851580345034
1.37445204379297,1.31649997253914,1.20892576899321
1.44882196247847,1.40335446682049,1.27443782554413
1.54458844786406,1.4357045955515,1.3558995796789
1.60898828794155,1.49009594475535,1.42973317497786
1.76905151522329,1.6253292207844,1.55428777924176
1.92099860305923,1.83299603026248,1.72027458327989
1.96718971769159,1.78461875446951,1.76444902678478
1.93001332680293,1.78908929429202,1.74674515809228
2.24620180947931,2.0715209527613,2.03283748396601
2.25912482764508,2.16984986648578,2.10750445364118
2.32284352554411,2.23295843578679,2.17438158254189
2.69723245550302,2.60218258739517,2.50867147406197
2.72136831659202,2.60747167829545,2.54890798686438
2.76919270963887,2.73641769319191,2.70275744775115
3.16109972095063,3.13243995057159,3.10463419945133
3.06437407046351,3.06732751745275,3.04930126257888
3.28604518670285,3.24477631378226,3.21671277691395
3.59294921738676,3.5482147590408,3.56108696853284
3.61610211340524,3.59395023097433,3.53934971334721
3.63716088521195,3.58475566882229,3.55303175103585
1.59922518670974,1.4942578399687,1.4055679768329
2.31174480538323,2.22014132291437,2.13573922502939
1.3458814668144,1.24686274048976,1.19520762942972
1.63829769005702,1.56351442588178,1.57918474694095
1.35301765029826,1.2610929440989,1.19279266865451
1.42107054871961,1.32702054798385,1.27259978240658
1.44255201046773,1.34515576947965,1.28750883838123
1.29162932187806,1.23604709294469,1.12584142905076
1.2827383960487,1.25633715989459,1.12893103767268
1.33870802995409,1.29068964117136,1.16847053803241
1.43957643034324,1.37934851252499,1.25993522752606
1.32555807350766,1.31485872262849,1.15934888419904
1.44567997906918,1.450684042648,1.29762019476905
1.3776920985821,1.37890528462285,1.22319639378733
1.194006110736,1.18740667192377,1.0103518982832
1.18929569988577,1.15921599126177,1.01495332977839
1.17216254757175,1.19699003889019,0.979213756892886
1.26464801303039,1.30874781138382,1.08165669432014
1.10011281923146,1.13829217577644,0.906131144474938
1.0997303563918,1.11535230352276,0.911462499719156
1.20760811555293,1.26227453836374,1.04675915815263
1.69415066400079,1.71075568385137,1.66651430138393
1.69782799737369,1.74977822659655,1.52902938647061
1.5930611768754,1.62970182197077,1.48520366709777
2.35349556598239,2.36005678798135,2.22856948979712
2.1011037373406,2.15293404897434,2.09774094994104
2.31882613814036,2.37658890113273,2.32446422373737
2.71622469818676,2.76589044207838,2.74850193301095
1.05670520546866,1.1088064419452,0.856202800802437
1.14858088553953,1.21397208126454,0.956415367321933
0.985727781059221,1.02829546658592,0.79651262212763
0.981016435535915,1.00674335605498,0.807654161484807
0.970490700254869,1.0343321936003,0.784152079300217
1.03305906363188,1.11996083865233,0.842122719487588
1.00462793320942,1.04814069917205,0.832817898210347
1.01657065527883,1.02975639570648,0.86640965738741
1.05513704207701,1.12103243229792,0.903983690462995
1.07209519586994,1.11680303867408,0.898959669438428
1.44943420277006,1.6300588779011,1.33867628726164
1.91443941197099,2.3770159672173,2.01637151346703
1.55019226389362,1.68293053312968,1.42181151678961
2.05674821549973,2.40712983097057,2.09763510881991
1.31554617397147,1.35904249440343,1.17732775808715
1.49735962429044,1.53658082026007,1.3732255654063
1.73809861192663,1.85400364745898,1.71754750063191
1.35847564175446,1.71494789670986,1.54811528203266
1.79680268497996,2.44265155297549,2.25214109642256
1.45840618601502,1.83193481066704,1.65593367867703
1.92547037730707,2.62344955839328,2.39724616026071
0.91676332691999,0.985635936223377,0.73593311090739
0.940212474680943,0.97889697360714,0.782101665176242
0.914562096754831,1.02420661175373,0.732647932316208
0.989208594035827,1.122702255257,0.815257463907995
0.866345532772444,0.974706723457572,0.688307016648676
0.8618123939732,0.942930696943587,0.69735067821649
0.962553662642345,1.0884428498375,0.807290651656468
1.46375469592256,1.16130118671468,1.2241243698826
1.27844714879856,1.16367454594614,1.30789506475815
1.48260242646655,1.103489933812,1.37094735171419
2.05731158451552,1.21971276320298,1.9353946134721
2.05869157298389,1.19492155936925,1.96056266407645
1.59373950330256,1.10163358887479,1.48568380759249
1.95418915971955,1.38119466898104,1.84957052899751
1.87661769609955,1.37697751847299,1.8101775048981
1.88142273544649,1.37772009464828,1.87464741458707
2.19045722098639,1.80171376570603,2.30351326542801
2.26891643152843,1.76600762332024,2.33847821209695
2.02941787387837,1.28931945130116,2.00203997420102
2.29485782333397,1.54324139540527,2.32356192102545
2.29998573183426,1.59278379655459,2.22042061613744
2.3369422611139,1.60475412412009,2.30701332560603
0.79885800974094,0.908070010865649,0.614351274441615
0.845265656232626,0.953247346067057,0.666829701177641
0.742024316095954,0.842675690324408,0.566255449111349
0.761505174512358,0.848857272145894,0.602532243296137
0.702170487475129,0.805257033399447,0.533590332097024
0.734719441274456,0.859183285474552,0.560188563346468
0.681109140813515,0.757775761729171,0.546759542361504
0.715481227533483,0.778382413990609,0.616942615943242
0.715325654126315,0.792603638770035,0.606510541318873
0.681374588047328,0.755366302576951,0.538227995804036
0.737793882511073,0.79846054111921,0.595188522856367
0.798481693690163,0.856809883043729,0.669041335139294
0.770445662018465,0.818382447678173,0.62513911774206
0.856300581639684,0.892224596523366,0.716568528439937
0.740932321820518,0.798766632495269,0.607589167506904
0.819000497451547,0.864143312534776,0.695194115308742
0.800528030091543,0.865115804490577,0.69061268138279
0.677039681054074,0.753326940718564,0.553181570865618
0.707479327437972,0.783872675843493,0.600847263705087
0.704713522727849,0.775279847787001,0.586734914395459
0.75269696497443,0.825128734210684,0.661269862162654
0.696246598206769,0.80200272449311,0.535850852088818
0.757138722747297,0.831391699465868,0.610542096645156
0.688230152784625,0.822456162384536,0.533093869247928
0.717523632683037,0.859015979848479,0.575634693621942
0.688749387964473,0.828764489807739,0.548873674974317
0.690207733790566,0.825156753418099,0.561205910347237
0.826460606525715,0.939200809434459,0.674864982822012
1.02418752038511,1.06647422680142,0.801468240151616
0.961756740005747,1.06899697418786,0.860133430815704
1.49908465370918,1.5217799359174,1.36326340838605
1.50639640043865,1.53408393082912,1.41102110535417
1.432503770019,1.55392113658405,1.42554551207857
1.22433735357232,1.10601062607276,0.903390515363392
1.88960063136488,1.6505006619162,1.38627732555966
1.67452535285708,1.46373068283481,1.37493761409017
1.44977203423817,1.28333455561422,1.13063136230258
1.91749972416506,1.7900434439589,1.6364329794922
1.94578086985659,1.78423613201252,1.66716314066283
1.91824023599376,1.76735897663542,1.67708572686639
0.63730377503206,0.792879490096199,0.535073223449066
0.678473346389934,0.827490136162864,0.61761285717705
0.61367149384557,0.762772446459365,0.520053451155732
0.654698056440512,0.78832929874171,0.554454391385927
0.62367492360457,0.767548066420923,0.563532684131484
0.743287961554757,0.884256136660045,0.703378567569367
0.749694582911882,0.828320404568442,0.672774110162497
0.544059196950826,0.705255686986677,0.509977758608374
0.589379069092671,0.7699445814863,0.570558998943426
0.532706881846239,0.658579645272783,0.523692819944048
0.601730183264705,0.704272114416292,0.625611406119784
0.50922166380635,0.625621203493496,0.509465033159664
0.541282179899603,0.663765590363165,0.536675665227319
0.564862966585606,0.678469205037528,0.566087703313547
0.643299973288164,0.768767981354256,0.626438589126744
0.58980303287149,0.694131381377508,0.607387123440085
0.636688982314972,0.741399642675425,0.647388674513078
0.628660704692695,0.707571353631964,0.625878900382498
1.22051667449278,1.2652635982298,1.23998390709213
1.22029150857717,1.27113377122012,1.22205785111853
1.21251165109252,1.26532408681661,1.20016761210428
0.475847992793353,0.566014206695748,0.480744196373937
0.502359003110516,0.575799451368809,0.497911208685719
0.483540945911179,0.560155520838047,0.491395986710576
0.540365816878998,0.616179378762559,0.54882059209929
0.462744755636972,0.521950877298434,0.465634585528943
0.479605257564183,0.523330935517953,0.475804604569263
0.486938857829916,0.54356944678805,0.478571179611538
0.530950707639591,0.564810090056031,0.515241081315057
0.528022520818618,0.579967895289666,0.519700980016457
0.531211051057502,0.604024904277865,0.520125091984885
0.62504171041959,0.697139373518425,0.604880136132706
0.734878511682882,0.777681375777016,0.694421850684233
0.679190264001906,0.754216110046978,0.655930223294122
0.763177184409353,0.834254502814043,0.735459843640052
0.659244454353182,0.727025821965456,0.63574929578841
0.596332496753714,0.647930698010126,0.573890905924072
0.709703560055414,0.703568615987396,0.66480831782901
0.754962617138266,0.716012690461892,0.701114557177752
0.84413614728974,0.818967280716168,0.782691530519628
0.98282981004299,0.916354274881187,0.90829928099308
0.777792235909935,0.827073571605296,0.738707510043012
0.862944204331449,0.921286214441323,0.820562497236789
0.862279410477305,0.86559178811582,0.802063444250769
0.989218775564279,0.985603319800989,0.924419613810663
0.474916273520628,0.526651169936602,0.482099766539052
0.553802567470411,0.594817814755915,0.572872250396787
0.486322957084799,0.514109610709561,0.472054892240315
0.528885880966897,0.540371345956098,0.494858662920117
0.529032875854192,0.527615445492113,0.504960179558978
0.584713310306035,0.569070320571855,0.544385525907712
0.626145919330086,0.580168743603826,0.586485376397934
1.02085959179044,0.800582050639172,0.874828578480647
0.906374494973027,0.786439416744051,0.883059391789588
0.815999282932556,0.667320285003608,0.6951167291241
1.42748595581162,1.2806712459276,1.41223245613803
1.5220233374001,1.30303632799537,1.35282074578402
0.534017499730003,0.544932798665763,0.520453347986443
0.576191140457199,0.579015422804383,0.56262678354926
0.570764380077472,0.593848372870124,0.556141255548253
0.617975849442443,0.641836409547488,0.61146567297494
0.598879744106747,0.628857717623428,0.570987066778696
0.612003873881201,0.631145750570305,0.578488490948782
0.663793575369155,0.698976340771807,0.628719855854327
1.27862222619793,1.29370066215532,1.2119364529474
1.25190554620294,1.24887413272903,1.23874191743404
1.21541854946311,1.25337861295775,1.23020033091645
0.645564913499813,0.692633798580578,0.613109760301374
0.714430435907576,0.754742809509307,0.692035706184327
0.678750233197129,0.733497013463783,0.628587228951471
0.691795051053047,0.745704374603717,0.64643435582377
0.752636909410753,0.802051617386946,0.684064293766829
0.80361803494789,0.837280126314694,0.740498332568378
0.841019673523911,0.852971872684398,0.773475152604716
1.05949579664638,0.943219067261121,0.964685159291661
1.12696837278695,0.975034386998349,0.968318207519093
1.27679391613206,1.07218270842405,1.10444010801035
1.85552170033427,1.42033305982163,1.63072347121498
1.79557078007008,1.44023007207847,1.68984231912235
1.33558716715893,1.1979133914598,1.20486327013845
1.71931188300036,1.69957919650806,1.70590469645616
1.7524577410282,1.69896581872476,1.53572818273369
2.08275641119566,2.17359328491779,1.72601142845805
2.05004891935701,1.9689910672492,1.94671182865252
0.776062179970274,0.862931449592848,0.70366328125359
0.793859376871564,0.888034608582249,0.728275271662319
0.835172955313252,0.940607064238822,0.759203466817854
0.877861622630672,0.970794230898025,0.801736544294593
0.88161935529693,1.02193562006945,0.804632287188512
0.878404592264033,1.02088621190835,0.805515058404847
0.936104518100593,1.06955987344593,0.860014580831003
0.981676610371359,1.10867409647007,0.897941439660086
1.04316573785891,1.19617618512883,0.971114940633324
1.4939189102979,1.56590116791407,1.47358107085413
1.46804224455204,1.59490490764313,1.4332508551372
1.53610460262148,1.68227553360405,1.43979888326787
0.946730266272316,1.04459566974214,0.889905277101909
1.4016495252809,1.47966776389003,1.38968887550111
1.42225086772183,1.5134891931488,1.36438464901355
1.43003191800243,1.44083663115859,1.39126535027541
0.947884917035768,1.11060031201257,0.860856180936617
1.0063118927468,1.16520252525946,0.923000403557719
0.994064782674584,1.17151778250532,0.89975137472354
1.007118539044,1.17807532252148,0.922265750371034
1.0604255808549,1.24744512945359,0.95528630143994
1.08785656315605,1.2634976446741,0.994036554097153
1.12242069243765,1.2834635842975,0.995217782859542
1.2297851135835,1.52338067109866,1.03216296867774
1.23192975718844,1.51202315852334,1.06815389513905
1.33353380582718,1.57382532698838,1.12726531690698
1.42928759365186,1.54307148295506,1.25693051590547
1.13755052633537,1.35161325240204,1.02681630120578
1.18397605992563,1.39915627738022,1.08262496088465
1.22351863654743,1.43974994030973,1.10393518163673
1.25136026324315,1.4563406264997,1.12981420585611
1.34831913952349,1.57275745112827,1.21357080006821
1.39783569213555,1.5954668220135,1.24878305986796
1.44267613960531,1.64320770274251,1.32120920690704
1.45651109093005,1.59814418897233,1.36906361080722
1.46421967549788,1.6827081089653,1.3876902512508
1.63915563420131,1.84383330349512,1.48762946966208
1.94468563537618,2.19384163567645,1.81021158126045
2.09086088289588,2.23483596365142,1.91722269129838
2.05920927358805,2.10952035467718,1.9263447827906
2.59639206119005,2.51514159131948,2.44674265217885
2.46061757302259,2.49780402605317,2.37628823821626
2.26896291379363,2.49827483130939,2.0925147387875
2.58255455874714,2.83648133567261,2.27188821109015
2.67792578962302,2.97388156622627,2.58997568199096
2.35636585179143,2.63465829343654,2.26452372114945
2.63953119210645,2.9207657015105,2.55452667886773
2.64891874927411,2.86183824978672,2.58873258006123
2.63417070723236,2.91291966290867,2.5962400542791
1.44008042322369,1.69064648634113,1.30840569694061
1.57982151320118,1.79803199001318,1.43323682807532
1.49523132746117,1.76296897091585,1.37964587417004
1.54875016523246,1.79540627409764,1.43072892691375
1.60770059943058,1.88304612238911,1.51128958261833
1.66712652203733,1.96081092499072,1.58854562609597
1.81574706926946,2.08361517975499,1.7438519015117
1.90782449114803,2.09930500362524,1.89860476985248
1.98964273042519,2.17896337679106,1.93245627581894
2.13890854767139,2.29433175753392,2.00410258976883
2.55705018537124,2.74135521137508,2.51548256240499
2.47355406647011,2.48589969398669,2.2611431201552
2.39082527187037,2.52995412688705,2.39660127295705
2.88254914842846,3.06185649766747,2.93104772527136
2.79478827587273,2.88937562949117,2.90512521952172
1.5624771668348,1.79936566671489,1.44990295629177
1.73995341350751,1.95412060325179,1.66874958784027
1.46530465060285,1.6611539774361,1.32532415253583
1.51680116482581,1.68752081564881,1.3940383844381
1.43717625088974,1.59234466307842,1.29950026341618
1.49711037490644,1.66505040877581,1.3627386943512
1.60791350404679,1.69734228863417,1.49031772162765
1.89331939001702,2.05796363992768,1.92793060182878
1.81738465688211,2.05274423384562,1.76582898696502
2.03420066812757,2.08346184527109,1.93917485715946
2.61805835289602,2.71751056650201,2.68805661229477
2.51515355739478,2.5511223173864,2.34303388701282
2.83178472792432,2.70211687250645,2.49708370243885
2.99160016119986,3.13767135131511,2.925174362006
1.30135498977865,1.44388339928337,1.15768707933382
1.30066090657966,1.43110300310227,1.1358781162356
1.27085328178046,1.40363621667052,1.16735606424994
1.36941161355199,1.48820628569844,1.29633077292886
1.18333438991113,1.29152145241618,1.07933336786225
1.15320908352077,1.27683283016437,1.05648348007782
1.26514294477507,1.30669749048154,1.12881899163121
1.46540125130357,1.42176137662022,1.27786811310867
1.39737635931073,1.3265748256239,1.21682367745872
1.38719439034682,1.42515516615885,1.2598385169501
1.66972561809032,1.63754813164361,1.53422215554045
1.71841977104916,1.66534200739532,1.59265733508151
1.9633627085784,1.85435011929749,1.86474182505713
1.96848010152479,1.84116704331979,1.80589673370748
1.14894581565764,1.25387395186607,1.07365889820044
1.30412170552592,1.38142755070546,1.23250281786362
1.03573761511801,1.1652625534173,0.985862363946057
1.02415218810253,1.16990431146599,0.978790570246807
1.00644880844697,1.12572035991304,0.969014823129846
1.06275801559244,1.16979077049271,1.02323005969187
1.03726114388134,1.20009851399654,1.0296180963361
1.13280654112982,1.3225513090146,1.13835678799105
1.04291537062086,1.20453991182375,1.02769021607638
1.04963487737166,1.20506372412471,1.05593226941778
1.18932281646778,1.35914357403687,1.2321555988601
1.31195053920227,1.48749335542587,1.37364104210453
1.23240258954014,1.38607929195291,1.27563543897121
1.37823360506261,1.5220720181493,1.43775321547567
1.12029911412961,1.24559712493567,1.11765335451137
1.01174870840006,1.12999469874663,0.987160604675892
1.00106261311482,1.05701079906363,0.923695926524445
1.02855932320307,1.05893568087483,0.940769634891854
1.07412350180046,1.08148602249847,0.957282182839934
1.15904823151175,1.10530149644235,1.0120951125491
1.17883791934904,1.27222960662092,1.14682305131091
1.3196466560085,1.42135402042375,1.30608191675272
1.14030521214913,1.17805516879955,1.0462178280147
1.24605542599685,1.25311162397083,1.12727866007024
0.928622519804422,1.01341849639043,0.881347646818835
0.909927176919304,0.985151102005344,0.854710162723938
0.942414704820665,1.00544587166883,0.899052875275106
1.03138339895936,1.09680643837649,1.00013625164583
0.892905830929989,0.933882932848076,0.839042478981165
0.866846630597611,0.907920208466916,0.818122358418031
0.999533886863076,0.988335307743821,0.92211460013591
1.49966407160604,1.46099028940141,1.2702925443052
1.52947735567957,1.59462635841962,1.33284511176047
2.05846028820806,2.08955133809014,1.84163438626692
2.0551037863444,2.1526067723401,1.85486917467755
2.03880571793647,2.12146536142373,1.83198018513556
1.480441764487,1.52859865946263,1.35976981984212
2.00713156867136,2.06478657316504,1.88423166690288
1.99896773199473,2.06027776622733,1.88456944137972
1.9980838946756,2.06340569750813,1.83817539121028
0.869506463204568,0.929780896895081,0.823015950787119
0.990959307074735,1.07936323847313,0.936020307019244
0.795073453454972,0.847481890306716,0.760075579709404
0.798754531182724,0.840771017395111,0.770120654861337
0.767515225641517,0.827821135122942,0.736102956010365
0.834989548093772,0.900640718017916,0.790466773630597
0.819559197858437,0.865396134403681,0.761692638991561
1.33508294606616,1.36362988197083,1.31106017381416
1.3587965013311,1.33109716711925,1.2894143108755
1.3290493742757,1.39850399407015,1.29900042702489
0.790602623753301,0.750970546146601,0.684346575566526
1.14580648843925,0.739733736902579,0.689885221916849
0.766179185434574,0.765766326003967,0.695844288578982
1.01052299789887,0.844180838348363,0.758268923704685
0.750507469717791,0.736353192191253,0.678207736865059
0.822681966532554,0.718759483728857,0.654725496348694
0.91172540946884,0.854845873425229,0.802149368036716
1.15751653862022,0.998722976504052,0.886922609191568
1.24060873998233,0.946249451227861,0.853639903034302
1.45514103632435,1.01144217462791,0.87994153742278
1.04657301629841,0.953647294024614,0.949435411198903
1.5009187800741,1.41850292543025,1.43074057064913
1.57818156952672,1.46449513007993,1.44768299374435
1.54057404362394,1.44409518350643,1.44209894318833
0.685653150826149,0.725621967821785,0.662060446145035
0.76446703617291,0.818079287672462,0.736170055947092
0.665792149676902,0.692909581288015,0.645834430319185
0.746566895378187,0.712795602032358,0.701230968234534
0.66303690580911,0.718030314746671,0.649849970431178
0.703157172035503,0.741228643632968,0.63787831763119
0.74849261011661,0.771170331670868,0.736325601264534
1.29884234855558,1.30800551066504,1.29556740293996
1.30683280374899,1.31493980729023,1.27391677279585
1.28999902844267,1.30597803282135,1.30327157875666
0.677695874818609,0.779317966136535,0.701287562352135
0.752728277049009,0.860432061955069,0.809424917896721
0.697649461081363,0.811894969761102,0.688663283920841
0.721814680212713,0.809362563778118,0.680599355750849
0.755818038997527,0.894035479906449,0.743641308516374
0.805242960004855,0.919645389647888,0.795168037077766
0.808219262075005,0.960502478073881,0.800610910071868
0.882582601886767,1.0655033510419,0.951627592331834
0.895851184711098,1.10451960637468,0.929810067229683
0.923111280615706,1.03851070339197,0.913613003996497
1.2082630168672,1.68004033903675,1.45821079645176
1.32960411940198,1.4175611290262,1.26082043273075
0.826653917057694,0.985713339138167,0.77093743723345
0.912548089779916,1.01751546706137,0.804422980521454
0.903465606668072,1.10871822599476,0.87222684390763
0.964893451027908,1.17254685673346,0.970358620855639
1.00926387254148,1.2227108578147,0.92445582907733
1.05344866160088,1.28930459817516,0.962380346307767
1.14697989692974,1.30830737853523,1.02556533174252
1.43636861714097,1.66113119022403,1.50021217377191
1.39499735300948,1.531598601199,1.31272672852784
1.25221459085729,1.85259923692208,1.44696099199477
1.75870403206894,2.48625474743566,2.02576012908966
1.81783618569974,2.43100290798244,2.1273354456825
1.04041629711637,1.27490420182534,0.947744442975579
1.15366480580574,1.4055129878055,1.02765119044561
1.02515316557763,1.2410573993959,0.95933227194139
1.0247940792693,1.21520672689498,0.991890046887274
1.08269956213708,1.29875017786703,0.995104269263943
1.16910021825005,1.38659740835363,1.05504163497588
1.12276898251121,1.3101294761965,1.05430204064207
1.18832308698748,1.35947923198888,1.12555655293132
1.08604942234285,1.26682409909522,1.04176056632656
1.23732357537849,1.43505119389727,1.13922482396069
1.72845248634965,1.90536074832005,1.61746092405717
1.6688188632909,1.8157977453879,1.624535985825
1.05867701335924,1.29786724228538,0.95584284059728
1.00718177561089,1.24224807760135,0.944555767194213
1.16537843271926,1.40819255209286,0.995872571437887
1.26579079317177,1.51747061706297,1.07351238505135
1.19733238853112,1.42453503212236,0.996605149474161
1.15688187049272,1.37137979564022,0.972745718674348
1.29582466610959,1.53855971656313,1.05305041245558
1.38558526954598,1.66074217475606,1.14126421295654
1.35422347873953,1.60535434932067,1.1163242723753
1.32564003649659,1.56220977211907,1.06262653884031
1.83523095636412,1.82714329926064,1.42040421760725
1.76784994688915,1.79639116040884,1.55702400234495
1.44019524332911,1.67182589656037,1.33983726822333
1.91965342002094,1.93319371763616,1.91597138383559
1.94081666963862,1.96207113300301,1.79392753633183
1.4228156616571,1.69491037118866,1.27461451631942
1.51851009676272,1.81941504691692,1.30836538237007
1.91515293556551,1.97541445609373,1.71822021535224
2.82788913808505,2.62044675495728,2.60988350470695
3.03785526233107,2.81342406688582,2.87836933444538
3.40126805458478,3.04545144271103,3.0858323123171
1.88350746002656,1.96554746526924,1.57988120821543
1.68701889216214,1.88071839140599,1.3404278833072
2.39458825526334,2.28282924292881,2.01229155121951
1.26352039974911,1.50159498274638,1.0512100819325
1.32576602062971,1.55399829744755,1.11171260347735
1.3185956060443,1.59665689533341,1.10958230218208
1.33346253799912,1.62783420895767,1.1375860377229
1.41637331094859,1.73998598042566,1.19076075403657
1.49270463979342,1.87449221866004,1.25639789870485
1.58978038960159,1.92855563135671,1.3472872124347
1.86638374157928,2.50438978324948,1.4693548459076
1.84050561716323,1.95540589894819,1.65797007355578
2.24022474904101,2.37089674909792,1.73010408246095
2.67912189578155,2.80150402354736,2.14447413783018
2.86551668732936,2.95207665391008,2.08789676770241
2.59096101358609,2.62748164184828,2.20516380238976
2.94506337524079,2.90233272794301,2.52138924478626
2.73129480754285,2.92123993848616,2.59849127144352
3.31253353289549,3.1942342473081,2.80455466442236
3.62032074465855,3.44314141250927,3.13889567820961
3.7208416247348,3.46868357768662,3.13288564601163
3.93729763397998,3.97439464561789,3.47193902633619
4.24968657368734,4.32364989124656,3.82633851636126
4.2792117286107,4.31193800156108,3.82915585228953
4.2548473687826,4.34364107827993,3.7910324149505
1.3387370117832,1.66706511966575,1.13963545337703
1.42175023885788,1.81574273876675,1.22833187770565
1.26509217361786,1.52335936630314,1.09052775859696
1.29239872157537,1.49772913984948,1.11715211329692
1.23474031644003,1.49151629064378,1.08609639496353
1.2617150056679,1.58585053455768,1.11790989777676
1.38633724661119,1.57921276023314,1.21890120732391
1.75601672897516,1.89566635200707,1.61397512852285
1.73351032508004,1.88845832471415,1.63009802430188
1.81526891941272,1.95606340906536,1.65757920218231
1.11974456752042,1.33263271330697,1.01779366670993
1.14525640931884,1.34662597144321,1.09030609733698
1.06128575852653,1.25417260942226,0.957103206019285
1.14587599462334,1.33407452819627,1.01329419319609
0.965229605033079,1.14017456895965,0.896208892522705
1.02395440078559,1.19519223413605,0.966202779447141
0.977739537150722,1.15688326400065,0.913137931004377
0.85622665328944,1.02063232558376,0.798754524625403
0.876823149003743,1.03660055156281,0.811992389535769
0.783260763241268,0.952924079899717,0.747901203757376
0.81615924530137,1.00086382821146,0.785616891755416
0.711932552197664,0.854152020703295,0.687881987069923
0.743059239510249,0.873956578221783,0.707632142244001
0.680411632550061,0.827712540516514,0.68221273142349
0.699921991368135,0.858934748922369,0.715293522334064
0.686553576669168,0.803801744573713,0.689610368692861
0.73056700732733,0.893010924093071,0.727284073197184
0.776056320454904,0.932992677666047,0.766214154327135
0.803363151281284,0.939929943904077,0.80520392703504
0.866704516939388,1.04279381773712,0.842287964619038
0.945373729358886,1.12575763171017,0.924008643590077
0.918521276729096,1.11289447533943,0.894015980266406
1.07097803363406,1.28741294558301,1.03927979486813
1.23155821131986,1.43917559557114,1.3300426197473
0.804540240958321,0.984009446543937,0.8055762371985
0.848626758988594,1.02349075855483,0.86030056525866
0.896763761942456,1.08877323782976,0.890362969969836
1.00497579667495,1.20227425187683,1.01142193927558
0.694194271200073,0.811083083317673,0.666347087210984
0.828527109231462,0.942153379631924,0.812477308585781
0.732712064713896,0.890861731496972,0.686869608391465
0.90181566831577,1.1221812646592,0.861571621831234
0.731356694240458,0.852193732123655,0.668514693690112
0.749958417313507,0.932566191156193,0.685028984207536
0.841060416153612,0.92782653824876,0.742206210373989
0.882819461241593,1.23350001949112,0.789345854318069
0.902666894415597,1.47733740098001,0.793582898344143
0.924470612600853,1.40744536929232,0.815771392307747
0.992925324574535,2.13260721570185,0.883293617012119
0.908810776280185,1.98347210299246,0.821674329476128
1.03006895349188,1.22617389436325,0.89954270698322
1.09747960153082,1.21527780127077,0.96199903574497
1.13513219674601,1.40830634315194,1.00174149505637
0.997136896431542,1.36501778014668,0.872866917642438
0.962482869400321,1.56122637425167,0.851652872334584
1.05670271815016,1.61777669539896,0.922706288793142
1.18222366142309,1.81431819714984,1.04623046174199
1.26646556129726,1.80336636887495,1.13255673511705
1.29676980944079,2.20277276788348,1.16583344948335
1.06913998665646,1.9845422472045,0.93685986699501
1.04505415205836,2.07826547590602,0.911699420435118
1.15165024700167,2.25822234988976,1.01615817339193
0.680858354521039,0.784040664801129,0.633386223960056
0.714358669956966,0.810005375109581,0.66971777772937
0.698700674696765,0.776433398486427,0.665646734611567
0.761807321976892,0.818117163193097,0.734867374975016
0.726033928162979,0.779568120550952,0.698963555097113
0.802951496877712,0.805345827000506,0.777705572848217
0.812602293616386,0.903836237041489,0.844294562893574
1.47505871612372,1.56354135158421,1.6342639986073
1.49536740793804,1.84289464074691,1.66809970784343
2.01992248692453,2.33421252644485,2.17683133976911
1.23080253263208,1.02700523810137,1.13821827012812
1.7171996018073,1.63503358560399,1.71490068679269
1.85116344488634,1.67475851404058,1.68458782694059
1.84442860176916,1.62201249670795,1.83232207743746
0.744910737621104,0.775717252754324,0.687273063586027
0.856122578812879,0.872085478087427,0.816589464960932
0.711300249269384,0.751635712974137,0.636236209950142
0.71506993858089,0.781463613043912,0.659108577441026
0.717782786877951,0.759423347469771,0.631177085792814
0.731661931893146,0.791379088707746,0.646077662651487
0.821832840116108,0.872361980120801,0.76299565378807
1.12248516595872,1.3975487103986,1.35245277172899
1.19700573277547,1.20995767854044,1.25634273856748
1.24299532179526,1.36322547054057,1.37588809405013
1.7127744958811,1.84145545373668,1.97862743919802
1.64435733609222,1.96987567951255,2.02732286001287
1.32796634650966,1.37434080988777,1.38995417233928
1.69846807111978,1.68435252678923,1.7931670364638
1.83485448598321,1.88635160142043,1.80249943916619
0.691682312206273,0.721372485784823,0.594209671783937
0.748223949418344,0.764300757077631,0.688388465258214
0.690205379239595,0.711964609481404,0.563954982479965
0.731547373201631,0.751961642951764,0.593936749457366
0.678117514076884,0.709238201607808,0.57457903300575
0.686984206720048,0.719348093291674,0.60430728956061
0.690046086235878,0.720519187573398,0.621809917284228
0.77797578856277,0.824647478340747,0.899138424769196
0.807062129689698,0.82202590984672,0.996500636644296
0.716775111318501,0.771897822078752,0.967154054712087
0.851168845038654,0.953205947753722,1.42108813306876
0.985264977003051,1.1003419799873,1.5938134003507
1.04353868866692,1.15512906748798,2.03179776604052
1.27210716292565,1.39679246417717,2.48926578918903
1.11414373188279,1.2188234397965,2.30119817349447
1.33808560450466,1.45303354094819,2.85341646436899
0.921149569412087,0.954718781734174,1.51538735196568
1.09896278150442,1.09822392471225,1.7259340789858
1.09942474098329,1.17452095069075,2.12830022688048
1.35630848269271,1.43851158945387,2.64931709704216
0.71746868850116,0.771159915533764,0.615383667288652
0.782333159913271,0.846668346354903,0.685481444346852
0.752055330082047,0.806517433099252,0.660355195741317
0.794264454735018,0.831508577917855,0.730464696574642
0.799248472385786,0.850072248886907,0.691978850676103
0.841645841517031,0.888932017041679,0.706549852406678
0.90834226397942,0.938369731946906,0.805052377115018
1.09841440141399,0.963501997973373,1.11071264223965
1.10209089707148,1.01513096306024,1.16772955753773
1.15976237670617,1.05142241890749,1.24528196642026
1.72742586503295,1.57911210982062,1.88444367055249
1.73904362850236,1.55786243812057,1.89724286243181
0.782457191460647,0.82212882694839,0.693578497711213
0.833781159610902,0.858190372741253,0.782874770022729
0.793653968104657,0.829633679527518,0.684038691675086
0.84373676496863,0.880421384209935,0.716530331741296
0.794238507604308,0.813700529969146,0.712039130498867
0.798728573417719,0.799678194884222,0.760629612767606
0.804098901201954,0.850115195135897,0.760707683727413
0.876643883632758,0.929441486241742,0.930637886541439
0.886061083391508,0.936128772015931,0.969071745084638
1.37937476000587,1.43032298893923,1.50097294733165
1.40377904465651,1.40560776927789,1.47315244019477
1.37344731790564,1.42577872206463,1.48395174871945
0.790457685692572,0.857548894118494,0.945215927354034
1.28982015510653,1.36147634071629,1.48099302451377
1.30089267537429,1.39072827193922,1.46837746539813
1.33558333534422,1.30407136375678,1.4549200279478
0.870439210301223,0.874022513123729,0.750445762805102
0.965505785592864,0.993073406156845,0.819160760923158
0.904888990577958,0.879827919217303,0.807879414691536
0.916873202703524,0.880096982803906,0.855917132745205
0.999094172278067,0.967978117058543,0.880504979419011
1.04343069920888,1.02891600578492,0.895612507579528
1.10964219285547,1.10714997849373,1.00398979554146
1.22438916439753,1.19307936024925,1.05126419343155
1.19485021547816,1.13459396957377,1.06309461242826
1.24862442398514,1.24637573752511,1.1353727576014
1.53923470011776,1.684855690113,1.6990276876173
1.7622708660909,1.58690670400067,1.55803357087218
1.00247171913953,0.943960592883315,0.907540874490725
1.02852893341911,0.962227072249936,0.974759987866695
1.04153628098019,0.974792388344056,0.929859238452427
1.08535986565758,1.02819219932666,0.947524356862335
1.08102584085973,1.00171684777531,0.998356237952398
1.07480228311672,1.00312195471321,1.03235193293565
1.07646062921984,1.02304110243395,0.991800410592854
1.13810811937741,1.09589567875098,1.02486333465473
1.15973380234979,1.1082457777027,1.09511928118492
0.990033564088094,0.979914633369699,0.947662567294046
1.32124553483334,1.03726432772077,1.55339102826789
1.86873697767173,1.15352098337617,2.33063619714736
1.32144421993037,1.09989065918769,1.63586825003106
1.87086714014782,1.2493916115917,2.45709397733562
1.00110228709609,1.11396935881459,1.08566067930711
1.07639838270837,1.23205209850743,1.20970350853166
1.31148945383401,1.06145096376652,1.50113099722524
1.85591488351833,1.19343704416522,2.30221349296387
1.32012910894978,1.12893887707982,1.51143179275053
1.86618854972057,1.29473756902261,2.279533661182
1.22540786077534,1.12271880216864,1.12652596970875
1.37634663726296,1.2580318818098,1.27374718344316
1.27341122590847,1.17430140358274,1.16479118113333
1.261544675895,1.17349938991418,1.14202713179533
1.42075208674646,1.31480773862275,1.31988268070839
1.50790873674999,1.36544326348126,1.40245739084618
1.51226859399967,1.41165602075042,1.3854971571985
1.41916435425709,1.35840650571919,1.38288560861553
1.53319832888771,1.46797655368376,1.53365263074518
1.34839444165457,1.34207231689632,1.35486033063358
1.31298199831917,1.30893058097505,1.30569437601346
1.38517940475555,1.45060481198027,1.47735369359604
1.47118980432043,1.5475514383761,1.57690876991076
1.46753117333438,1.59255849936859,1.61412913902944
1.43907897705694,1.54561867928276,1.61589626721048
1.56626500515351,1.75555207157442,1.84847217205812
1.6080030532152,1.79109333811056,2.08114452893453
1.8082037961958,1.98764705228758,2.43786041268778
1.79628841112283,2.00738648623323,2.57345441458742
1.9226147345706,2.06610372589686,2.66556923471041
1.948413087926,2.23689367988757,3.06115515229514
1.32487033738123,1.40064165204033,1.45016625436134
1.41642071018857,1.55333909533872,1.60083896873761
1.24069458613713,1.26614675438846,1.34429461677345
1.25341497343407,1.22692696022116,1.30588587936711
1.21315244137513,1.26504696304908,1.37593836723456
1.18321750833659,1.19080180958156,1.32471579104428
1.3334957106583,1.40128606298686,1.51125790613842
1.43239012306018,1.53513254995269,1.6022996707271
1.35773009500934,1.46321507329538,1.60532062519036
1.44824713432988,1.45305479245603,1.58436145152413
1.8018163339367,1.87064503856338,1.98643033215588
1.8836932848874,1.83693221705688,2.00667673649193
1.81139465001895,1.82969167592141,1.91591520766472
2.29500499955025,2.27179529810326,2.35643971876953
2.33353542754639,2.3579768356909,2.41074378815492
2.16945005756399,2.20194907711965,2.32148326036
2.6861041875867,2.73450315999009,2.84200599393357
2.52196359758373,2.55159517870912,2.70774409760822
2.55809650632406,2.56802830865785,2.64633144203232
2.90428191703917,2.92357161502546,2.96747535941648
2.90833065587924,2.89744056304912,2.9643155973009
2.88837440574973,2.90491040318219,2.97561592278957
1.19421797798189,1.32199767533682,1.44936420292549
1.29478707115698,1.46573352390822,1.63304967472123
1.15819195608823,1.30099296946849,1.41459116931365
1.18397463638342,1.28754756619979,1.40923861945434
1.17083405840888,1.38526591801461,1.48971355679253
1.27625596486081,1.56986377523075,1.67197997180246
1.37459754000471,1.69387697678692,1.74108360399661
1.67844346783607,2.07974812422713,2.1346254892226
1.74178192502145,2.11456378691467,2.09688664986213
1.56159541689311,1.82134503389148,2.00067548071193
2.06022220274012,2.40516928767279,2.50414254299315
1.93305350921525,2.10362904062849,2.4817534601551
2.2048982474233,2.40022256147126,2.74178454742963
2.28744978092629,2.43592125100638,2.94028371763387
0.995426136471335,1.10437689507569,1.22827700852193
1.01658841725515,1.07083952905214,1.19475169168851
0.924874903704214,1.01678341550704,1.13974879875163
1.02310465586577,1.17270457469364,1.27582691282674
0.832128276305061,0.823676316059558,0.953361969959422
0.901203012181292,0.820464849220343,0.900045171278831
1.0105223580131,1.06703428848059,1.2151194483344
1.66196208232214,1.6726421577255,1.78396830341204
1.53860005663272,1.39578629682989,1.46443677896182
1.16609925532424,1.29898538592437,1.37249363999423
1.83647681231208,1.91458166809173,1.97581152421562
1.81677675889568,1.80771125888718,1.75528657295396
2.3272492544679,2.26584460178467,2.18188740476566
2.32584803599239,2.30155998024225,2.21149749316279
2.32918712229391,2.2759348601718,2.20786107957141
1.70446834461898,1.7757407713907,1.81878288074012
2.20761901432007,2.23857492193461,2.28422840133414
2.20496809610702,2.25683029572213,2.28584345999933
2.21072977591091,2.26398144621882,2.3127815291615
0.785828661695068,0.761154743541503,0.860682031186242
0.858621412839686,0.852670810428993,0.979310241392394
0.773448732700192,0.737266228377938,0.763560634801381
0.804175915861343,0.7779908486006,0.784750802828635
0.804586015969247,0.773081798527523,0.759091071141609
0.835962094463345,0.790491442562135,0.819730351837779
0.954277083386915,0.926826453194389,0.888687754479774
1.32821191416318,1.33861005012131,1.10329368153042
1.20243038103136,1.22156278365264,1.05600581564069
1.39127174283775,1.2658861502209,1.12305928727321
1.38661535287191,1.47707672737277,1.4178551798773
0.768068051916434,0.78444743483473,0.718420443115037
0.846263370295964,0.9470331924682,0.842853704845388
0.759283426108025,0.776397098795809,0.714239047289521
0.80271099875766,0.84166195863211,0.810247164182936
0.784968457279925,0.841832780249451,0.733235748165773
0.915151382603153,1.0087586071088,0.864949454071751
0.879898350429243,0.955765354341731,0.856443890711965
0.73915204763224,0.783354071757388,0.669062441451017
0.817534195870827,0.849215233357379,0.73848173610798
0.724583074884688,0.774671421710313,0.652040941797803
0.763909776455254,0.79974409476322,0.673602225022043
0.743126867652869,0.819473601118654,0.707562672556164
0.789779657138701,0.871600436500807,0.792850765805481
0.869400430195181,0.98719924662237,0.908179347483732
1.15249889535915,1.4509571902066,1.46001981033037
1.09610366251941,1.38610465685172,1.31931407121118
1.12255516623008,1.20699672051805,1.14048517856708
1.66845467337913,1.76875807667494,1.76963205297552
1.69291483923005,1.76628311197093,1.69873994873162
1.49083977081781,1.57446635063761,1.44130047397171
2.04438765076646,2.01923415017457,1.84874974694331
1.98107190119829,2.0982466524944,1.96635474272661
1.83314940350812,1.94383971716058,1.94805269915934
2.25015307925248,2.42548104504894,2.51796628066717
2.20354637112541,2.33916719815535,2.42477528209435
2.24609611157031,2.2968689368884,2.26403551790529
2.62010185123128,2.63651021325351,2.60742873034071
2.59859927248516,2.62273965847994,2.6286191444245
2.60893429726172,2.6647914822168,2.59657722504836
0.684991307964967,0.786658774413999,0.646801402989631
0.721090607863023,0.812664603511657,0.680303363010411
0.674565220993109,0.793873699890573,0.633761278794321
0.72796923976846,0.841689475877776,0.678296190671401
0.646977343930402,0.787758727504493,0.607919849601634
0.643973455900742,0.791275459548863,0.611104292382067
0.649272628985644,0.772482481972449,0.617690455685342
0.730615964779719,0.844828931586885,0.71670507329009
0.720800989617045,0.853866336525843,0.689401423127681
0.65099464109643,0.719805389180226,0.626865310072094
0.967611316495856,0.905218533767872,1.04362101002935
1.03285327354095,0.947715980859777,1.11185390246044
1.57558047368276,1.47823983595129,1.70185811635527
1.5862229304205,1.4599607880787,1.65415226035462
1.58163967487146,1.50078276503056,1.64261573062304
0.905155832299129,0.864257352187029,0.938531465238253
1.44121053585616,1.43574771002276,1.51808904971139
1.49734464072662,1.3870827774838,1.5289590351262
1.48656038162432,1.41422353910555,1.51883012842639
0.711788453329305,0.858519078201173,0.653062791972858
0.788897237271189,0.937471801329596,0.730509473102729
0.745734091171821,0.877976958970009,0.672072422030515
0.753236904519721,0.872196807344615,0.688954450990367
0.810130786668499,0.955459865768696,0.720281558470995
0.841049522161519,1.00154198462567,0.752917340133942
0.879314646939322,1.02071787891156,0.77792818472668
0.899105048904909,1.01643609742065,0.813337840507759
0.969109024899263,1.11694193023582,0.86081463367672
0.905109364846039,1.05379524175075,0.806642751943939
1.04068550705222,1.18643085818686,0.921865940156676
1.13309249737654,1.27642030469433,1.0201428786799
1.12539428036991,1.26616243840802,1.02762954693504
1.27469848315027,1.41560281214125,1.18858908196442
1.08820975304034,1.21285001556377,1.01914908386985
1.20152292220115,1.31886749370772,1.15234560029654
0.893016869618044,1.0282747257387,0.856180288785445
0.892135588769692,1.01746145615826,0.914411082471839
0.97933749871043,1.10230502673719,0.95132998369245
1.03071678286271,1.13934240488908,1.06421116894898
0.83057694223667,0.962577690144279,0.748456699336184
0.848325129918804,0.941792105274751,0.786510984617758
0.889605663593711,1.05871334808547,0.814561071268999
0.946912671016597,1.1386489805137,0.881778882178489
0.919748106694597,1.09589661076701,0.869080641371002
0.961044590673792,1.04260028263181,0.919563566621126
1.00305494595638,1.21802729153416,1.02798396326326
1.38922401890115,1.24277372984994,1.56718888446353
1.41712904385484,1.35251284931678,1.5875342363333
1.36039286122805,1.30840430692866,1.08067826770662
2.17708424421493,1.66844587713656,1.90134053033157
1.70687715949395,1.51556508151327,1.48207732129961
0.934050134230405,1.16109155207327,0.868383088258606
0.976952158217551,1.22982285879621,0.910239968479932
0.967982675767954,1.18722982316988,0.910662393986952
1.00863056325001,1.19603732638652,0.970248932477924
1.03254598614839,1.25750154192958,0.96607418942371
1.02380255006834,1.2461911352155,0.983092431988505
1.12894536563275,1.3331682098863,1.12669858054649
1.35807243896168,1.49752647311539,1.74190569174819
1.4096493676013,1.37574435577019,1.5916118560619
1.314108455144,1.72812719549486,1.37067531913198
1.719191405278,1.95934138957234,1.94171179826492
1.85430035359363,2.21759501126646,2.06303492534495
1.51885956232848,2.07203720841619,1.5937387735203
2.12088705100222,2.51480462612626,2.0207195464321
1.93077751642557,2.38041064882406,1.99810350458681
1.89108688794595,2.58319248425053,2.21289603813168
2.33967067570631,2.98827598242332,2.66021367271674
2.21394341846513,2.79114424162481,2.47065214377362
2.28723511124424,3.15916767929291,2.81986917265783
2.64121938432805,3.50170613629448,3.156400063211
2.63874733318679,3.50611398368393,3.19110848664232
2.60061180617096,3.44502262730938,3.1753277298573
1.1497867842366,1.34840142774677,1.01398458371923
1.26529233789732,1.46415811083525,1.12729036223653
1.18966352686863,1.35569298610823,1.03626494915876
1.16510896839069,1.33530625299833,1.04341936022515
1.33506697019122,1.44615015461222,1.13973720712929
1.37285024272216,1.46740020022033,1.17868873944483
1.481035028511,1.60120069272963,1.26844859110299
1.54577501302046,1.68523995867498,1.40525249400134
1.6314398835467,1.71053396826716,1.41577137966004
1.58472504944023,1.70427145371805,1.39155415207643
1.91224396162089,1.96994764787288,1.7268140331372
1.90641786041748,2.13955056075829,1.84265481333935
2.26767018570971,2.57063314778824,2.24308626286945
2.0754135589478,2.29256400060858,2.06739840242833
1.38731924166653,1.45376676368875,1.19768143037222
1.61671384723952,1.67293626086718,1.56303676524756
1.28061547335463,1.34809989284167,1.45046623190172
1.23825144107796,1.3456934654636,1.87533545953811
1.3342110509486,1.38503921008961,1.57781306945042
1.47070529853146,1.54150321550513,1.94147257912706
1.31353805231956,1.38955784420615,1.7355712746861
1.35520903662878,1.36918560606056,1.31224607535503
1.40597643368788,1.43350797694701,1.28344102248002
1.44794189878555,1.45253601400746,1.35903638667926
1.53107071750405,1.55303220778608,1.52797357452441
1.55152589037676,1.54891325673821,1.40939343307651
1.61292227294261,1.61588087103484,1.46120763589572
1.8280633511043,1.77977063742262,1.87087489555927
2.39420683441032,2.17434656584759,2.39288840926112
2.36363079292221,2.2309647407222,2.3690102358491
2.80609285344612,2.63070380971893,2.76737438957659
2.77517827535764,2.67915152967158,2.80643064884033
2.82545346832147,2.67305095173858,2.77067968972712
2.11794331626394,2.27926177657247,2.18640939641738
2.54804871695447,2.714965189047,2.54857601207003
2.53089346543022,2.72727410324657,2.6045841361139
2.53299727270674,2.68280555032123,2.59155412746634
1.45852508380088,1.49772848537922,1.26691306413819
1.56529006845508,1.63108181971839,1.37819413161686
1.38050809253502,1.42525373767432,1.22898448259278
1.43672097014559,1.46617554346765,1.34891611873291
1.33109221637924,1.40797285253358,1.22055091569161
1.38697321449329,1.46207706277682,1.26466989531867
1.48358738451858,1.5379942343434,1.49927920791827
1.56929603305555,1.69262559903419,1.68425274304177
1.61427902821658,1.75469474294856,1.72837154689894
1.81191207024104,1.86046991861658,1.88847476779461
2.23374952712667,2.36590532407298,2.34210312808901
2.33407724961862,2.33325431833738,2.4330568981347
2.72536773713896,2.6606945594393,2.75884822599098
2.63964405005972,2.71463504752415,2.8230297446318
1.17089274260457,1.29430920798495,1.07138263519642
1.16697476432246,1.31390944564164,1.10202439453088
1.11353117995233,1.23850684201826,1.00213780029089
1.20256367305965,1.31570712541974,1.08792469892258
1.32320872612788,1.42128220483565,1.22717753517046
1.31182449062768,1.41664291532985,1.16767169330541
1.01486394652128,1.13600517360268,0.915140807332945
0.998448834841969,1.13286992999232,0.912292667388099
1.0790560926015,1.16179831648898,0.986018425352887
1.28788168128472,1.37200126216486,1.23079566144315
1.24697216505574,1.30519470032656,1.20033050039664
1.20121189513331,1.32290309507449,1.12662187315715
1.45965762366915,1.6215413220581,1.46766884857006
1.46480487919154,1.57905228121303,1.41798544960867
1.00806222084553,1.1334054655808,0.901433934906026
1.14963983439889,1.24859161160255,1.03201758009447
0.93588458608934,1.08533206784439,0.839534118350762
0.92722230827022,1.08100145089615,0.859126725045782
0.972325173104761,1.11337644862251,0.858477188706179
1.0883882538795,1.23780344882905,0.964088816027059
1.0309472820706,1.21771347155852,0.945738942684392
1.39398965525656,1.92749649679583,1.67384049211032
1.79249556844813,1.55558517255453,1.62440843719976
2.26923566705801,2.09616369815877,2.20366664555608
2.30554190926554,2.06155593456695,2.1391665866608
2.30794237514849,2.02837071845059,2.18918276804834
1.28206684802177,1.64013128597293,1.46949690632996
1.83307419724247,2.12608072150187,2.0386071632571
1.78532078278863,2.16723163108455,2.04072685286643
1.78400086997259,2.13751108132529,2.02858223771099
0.918271210835366,1.03781906440045,0.80383951140948
0.980221583901111,1.11300166818989,0.870982223270806
0.858794931889632,0.962914422190142,0.750470505127035
0.874267988861236,0.971128625808264,0.767573195372191
0.839170394140102,0.927861148734631,0.733886900874758
0.883705980990159,0.979311873613046,0.776905672597527
0.850854181986159,0.922419690989664,0.742654757236999
0.903821768614903,0.960154286976497,0.802606315077377
0.917339964992127,0.981355362909713,0.815672445081372
0.876845843715223,0.949811785937079,0.7628064976977
0.992097831916275,1.05669986180034,0.864993960317709
1.09164152034124,1.15275703615456,0.97366220877827
1.11677571026651,1.15989071125189,0.971456966833317
1.29525947964844,1.31907705820996,1.14495519811424
1.12766256386936,1.15393100084797,0.979951509115618
1.28017966462332,1.28197617560864,1.11603133417947
0.956183267677731,1.00735039668909,0.859638661395154
1.03712892423666,1.07644550107056,0.973939480340917
1.07710099860436,1.10070450259527,0.960486577536151
1.2263016829373,1.22118403172971,1.12572549182483
0.810803677180014,0.894495538880921,0.712248284379182
0.814752249253986,0.895796523204992,0.726211915681801
0.84484577963788,0.921388479746249,0.743662625063981
0.902622521161797,0.99229848295599,0.800284825267861
0.859697781315114,0.894430492721323,0.749642679308916
0.835774371466177,0.914368960107402,0.755692061812468
1.03896900966642,0.973885434315772,0.862350394316994
1.68944948088763,1.54175992191229,1.48642266696317
1.55958268001046,1.52795599279947,1.39826608381924
2.03847750144375,1.99036753137688,1.79535322873179
1.54389878995985,1.75123230628431,1.63319571207163
2.0696423596614,2.32332365384092,2.2257963118793
2.07391520030215,2.24904242394084,2.18364219029714
2.10282341055716,2.32810640766993,2.17107677696776
0.876696675667416,0.865315334501248,0.740644291525575
0.95942163554867,0.930420370164549,0.815928747990063
0.885162072131644,0.836819376854189,0.716319931946701
0.877178214157345,0.851702658627029,0.734470560499167
0.974247053132888,0.850565303594217,0.717449147852779
1.22976094083205,1.02399841600509,0.742772388888617
1.05485783763681,1.00397696359021,0.744026370094989
1.51735695620714,1.59500673793613,0.813788825474366
1.06319895863266,0.97150811178332,0.824015430014484
1.57684659714306,1.50859828611312,1.36795755594838
1.58041296900268,1.50525347939447,1.34751852165283
1.57071139236043,1.56056257433707,1.33944885991901
1.73335304533348,1.70101360887229,0.817383063596839
2.19464152299189,2.18893844693438,1.33040466578821
2.23418798225461,2.21226495098992,1.35085704247096
2.24289181560505,2.21371638859407,1.35681488552018
0.906922700758724,0.756377584341742,0.749264019589757
0.859540175620491,0.797185615794057,0.802874956702363
1.06312951825529,0.860787508048977,0.782002745190988
1.23340763407654,1.00589683564116,0.811393488236973
1.12898009341878,0.962888576148566,0.845312013429633
1.08854141967831,0.987464691895444,0.912352880593665
1.46861380616632,1.30683422423766,1.03016080884064
1.38613384409194,1.26876408600592,1.38492089578864
2.12830303245777,1.9671283787484,1.36863100986657
1.71132808631302,1.56315334591408,1.46899601582801
2.26017736365469,2.18172548820869,2.09638514783274
2.17513280684141,2.0161893801232,2.07430488205629
1.08913585943375,0.923287495065563,0.783762579977804
1.44234119298531,1.27050194518632,0.845152148123636
0.869524778760502,0.796887390570702,0.796518109293188
0.867615801309813,0.901914624278699,0.933181097960603
1.03072418061683,1.11139240276912,1.05952641918778
0.901443623209994,0.97972703821074,1.08031159030524
0.867382964719756,0.771950797584361,0.772880141026723
0.935757623231493,0.821020544305279,0.848240798297656
0.901080467550416,0.831578690532085,0.892666218900375
1.23003559096395,1.10626628976472,1.04267611281795
1.1118569112563,1.10642729782695,0.99000612345777
0.880958211904696,0.955444375439132,0.999482532357562
1.22500065626736,1.36453387882068,1.19864769259165
1.05972945635112,1.21301312919003,1.18941274074415
0.878906735301973,0.782517503184027,0.789149131397317
1.00451072696317,0.931168685839412,0.933957832993207
0.894565002833684,0.78112321400929,0.795985373340277
0.958338683751727,0.832592590346665,0.85229349305645
0.946084000136284,0.819797276896037,0.858459770593856
1.00128272412605,0.866361549049979,0.91953560329621
1.13942436295685,0.96028076617226,1.03719584168715
1.39692115181538,1.32038764389923,1.55777765883613
1.40097133783056,1.47397662678846,1.43445167660053
1.54762408002454,1.69857096090057,1.56233238042349
1.96672937954347,2.19780928973768,2.00224749069594
2.0187606326692,2.28342905243108,2.14278663611448
2.00249510357745,2.34173248268977,2.0906704255559
2.37611477184904,2.70830887294043,2.39573371571156
2.37223817440587,2.68724651458054,2.54358128978124
2.74603663149429,3.15516636770013,2.81422029760486
3.08575980471297,3.40998069520375,3.17597487635811
3.17770430447347,3.57256121849102,3.25462540523721
3.38127995048131,3.89458534804983,3.41384406834514
3.71879551219572,4.25551223138698,3.73849797486914
3.70923971978751,4.22726480342418,3.76395729762372
3.72954197190263,4.22331925950742,3.72891389931453
0.866987730728226,0.778286678766223,0.811462318374907
0.865104328931144,0.793730535196802,0.817395410520537
0.895128451471468,0.819733802770313,0.845876198596834
0.980436356322683,0.896780574337557,0.916597333984151
0.875245478375116,0.818397117762917,0.845906075856545
0.812051196988425,0.777772578297722,0.799941732946356
1.00205428291623,0.932486967756814,0.983085214900962
1.18807793066752,1.10629652774623,1.30080957779503
1.59042426193882,1.5534009329133,1.63448907211239
2.06382540487908,2.03399469614136,2.11570837412802
2.09032156795001,2.03071442377124,2.16095934348667
2.06837309429194,2.08330758298741,2.15146358685408
1.3240426088002,1.30681541979022,1.44251076622389
1.72216381989211,1.74428529521005,1.94900286156863
1.74522650743552,1.76555287267776,2.00421522142116
1.45705521742962,1.44618568958927,1.68555254818135
1.83562951095663,1.83259282999324,2.03769253551586
1.86048587450933,1.84967498741786,2.09793603176772
1.85227468518026,1.85599258910397,2.12873640029912
0.979711987565007,0.908514596455964,0.910454767302075
1.21822497609628,1.11109495824135,1.1114260722592
0.935182976175556,0.890890137389298,0.88016283019049
0.860793857291278,0.846822201993182,0.850700758528143
1.13466398384649,1.07627793107043,1.02829497184033
1.30623222548629,1.22630929617205,1.16127852536967
1.38570327088472,1.32567734302012,1.23715967138461
1.5338241345021,1.42566452522402,1.33475730100732
1.47942711598298,1.37447206596457,1.28557887103638
1.75758230521018,1.65338590740022,1.5114000316145
2.27090081688976,2.16010608785991,1.97689744763787
2.20297082903683,2.07655939507992,1.98782902462534
1.05647494453045,1.01486643810585,0.975172072166421
1.08866993527904,1.05065516848733,0.975599830925349
1.12273349101655,1.07130129612483,1.06499838388553
1.26497947134333,1.20933359228574,1.19819202818241
1.12541713225915,1.0768535572668,1.08642551674034
1.29375766215644,1.22102425133704,1.24734938018141
1.15936525345092,1.11820712993985,1.13837812432948
0.996963640844316,0.970691558405407,0.955699858429858
1.07089896934122,1.04418803888435,1.03857424427932
0.907245392843144,0.900303182522012,0.856311479262733
0.968217085570434,0.964082541890889,0.92355629188322
0.823339549426235,0.852961119797766,0.77588151930806
0.863383506454541,0.891664787889171,0.828468096057289
0.851251554434656,0.924193828769061,0.800116681285955
0.863385194424746,0.956318200801377,0.819995014460964
0.950015931856809,1.02532286782986,0.89412611827398
0.859520243458123,0.933432281628131,0.802378953690804
0.963496610965176,0.96985171451016,0.857723939155404
0.910263694250176,1.05870536916663,0.900181180746031
0.973155402081744,1.18016215506739,1.00689032034444
0.959812550868793,1.1305743825474,0.96473949049054
0.751213989028468,0.776505272393648,0.703266771188588
0.751877667507743,0.811544995776764,0.724111677219843
0.79610447849842,0.790567584571198,0.731461503347221
0.891616437380014,0.869973034947898,0.81813500022862
0.814419205215676,0.809056882385422,0.747444998814454
0.928210377877999,0.931666027527465,0.852227791251185
0.946703966954562,0.938443339579524,0.850283246497548
0.709547507223781,0.715022478681132,0.68871418328586
0.752534625167013,0.775143400003991,0.731605337446765
0.667744028987152,0.656615556321538,0.670104610996959
0.697232608116963,0.679019341618721,0.68621752626126
0.656425698771893,0.644341319992986,0.680907504013822
0.716463977636691,0.700326837741451,0.73513636820906
0.64552930243313,0.637333168775901,0.677559318673188
0.689043436608097,0.675332415660739,0.742632616075383
0.724388983279919,0.728445385936162,0.773896781010989
0.624980247809516,0.61567289517253,0.629503675022564
0.678715078504382,0.656790042297662,0.703301588531596
0.751586617891253,0.733912989984465,0.820623235054208
0.75928233003171,0.739349509051415,0.786847931513678
0.888718474037437,0.867827330709338,0.94996899322539
0.789930518149419,0.787868318415867,0.809714342387162
0.913560272208817,0.913472356720803,0.957900812769212
0.697763844168084,0.71568612486466,0.715558476469759
0.792561618778722,0.828209989553325,0.837184508641582
0.776655984031031,0.794187290503252,0.801627008969001
0.910986319896199,0.952802882182991,0.975561837078077
0.684179376574803,0.657657308712979,0.703216324359444
0.725233097128032,0.703633548874369,0.748176922524723
0.750455337564133,0.696731687866786,0.746734477664076
0.800326778390673,0.743792516269185,0.789045389802912
0.835448578395685,0.752635598070231,0.786357647466342
0.849492447719469,0.781287659152058,0.810775582632541
1.04400340635181,0.941091386658455,0.93570896003038
1.31507666758812,1.22104849244028,1.13712027783194
1.51311309039995,1.30763018794675,1.17694919804647
1.91478372592783,1.69130478268221,1.48424133922123
1.47679746619828,1.3650730684915,1.21001974009421
1.96602535575988,1.88539299451445,1.71297687005862
1.97198354186926,1.84023810008511,1.66122658508593
1.96271581870463,1.85197899289787,1.69079862901715
0.853476685393504,0.75168122199676,0.792333780361932
0.920032039025802,0.811359003659415,0.894545330619069
0.892501425098707,0.787783452826972,0.804474117125484
0.934397164440858,0.843227861057144,0.847376003418826
0.952506672982856,0.84341321204133,0.878393938364108
1.08728023226752,0.968154436407364,1.02557662604969
1.02541854536794,0.92627540036865,1.00226219677421
0.896743345647627,0.80524863788481,0.795283342724075
0.998811682905332,0.881035799036111,0.826817279853039
0.904670424258965,0.893701397945879,0.791971141652227
1.01803685512528,1.033348886698,0.834604273995295
0.907637930094125,0.950827878897025,0.818882573620364
0.905649017249912,0.945628452491603,0.863602016762475
1.01115787758497,1.12481490340097,0.989988083430374
1.22350582191539,1.45357368031688,1.50619037265015
1.15239944427194,1.31156568286386,1.44428313386086
1.17509614298607,1.48361605366172,1.23735341151262
1.65628482751244,1.82897768446598,1.73528106518188
1.63158294130215,1.98444318171187,1.82939272424076
1.52736636310717,1.85625397367632,1.703019987824
1.96991116849897,2.12377209918259,2.05316133730814
2.03285048584662,2.16496188987323,2.16092957553594
1.95628368135166,2.40677783317156,2.35196281976326
2.40648020295251,2.68854996039766,2.67215232911115
2.43690761336623,2.84519592674428,2.87397657243065
2.39404719378507,2.98898839494286,2.91991457384519
2.75939556742055,3.3428548041554,3.28631213354278
2.78621297200782,3.34846656865052,3.2909567592997
2.73999819407934,3.35813333886004,3.25619695909209
0.977040945550767,0.992139706004287,0.781101570843171
1.19302510237342,1.17506440588654,0.837704355594547
0.91435559515738,0.934253941182562,0.806525759556027
0.906196678304903,0.930057544636786,0.875775778187905
0.954245558900157,0.970727440502009,0.810973626689201
0.966479739983363,0.987216660962718,0.858037224231063
1.01678227988905,1.01142584110078,0.857842033406865
1.48988879065223,1.47091095116641,1.38245556901217
1.46371875875259,1.48003326669489,1.36570464026001
1.47547966350211,1.43203166159615,1.34617246090173
1.0562526968526,1.05231057354532,0.827127385749712
1.19372177224692,1.18738463865526,0.889799191178169
1.07993004926263,1.04750533008857,0.833833544851729
1.05778647184512,1.02444434548994,0.844778515169396
1.20901401725012,1.1407858336758,0.893127396944747
1.3679079818117,1.24403910607556,0.931239697233202
1.4060084550589,1.23378114493595,1.01366980856246
1.8434060746686,1.40888220730658,1.13795401001394
1.6367460195666,1.44123252430279,1.08619624951022
1.60819104821877,1.34519506386046,1.10850997180197
1.9049320151032,1.57961911479043,1.3722386417884
2.19856494925931,1.71444024308581,1.50584861273463
1.78613096787627,1.59330642923397,1.47703182902087
2.12444087177078,1.91696286764149,1.927373113653
2.14414068923756,2.04056985740489,1.87430559364624
2.40652339221553,2.03043354084574,2.25490573093577
2.85014778653452,2.40865868649651,2.80527506210371
2.80036667652849,2.38599519416947,2.72973747141278
2.87340386696053,2.31715607764076,2.79122780530944
3.17495343021705,2.63491306449589,3.09935998095419
3.20852924866721,2.58477865220301,3.21286941205683
3.19671877084793,2.61471332774351,3.12067364849468
1.08648969035543,1.12435028630484,0.875926865328713
1.00899775395629,1.10554342091003,0.855197877500285
1.17031164368855,1.22475038697808,0.949756873538596
1.31424346258059,1.32426404162647,1.01933751100919
1.14027926726591,1.26945567552312,0.969845689602268
1.15400687990394,1.32316703050513,1.00691658738773
1.16463385472903,1.33969337284359,0.97012450387483
1.20883009542604,1.57703544029903,0.990761654758477
1.22775946842098,1.68293188872877,1.02162936323487
1.1855961789881,1.85957531569469,0.954295904842912
1.36980888751264,1.44603087469331,1.01640422168035
1.80991109578968,1.85266141544841,1.50900422849214
1.75500392628343,1.88657526839355,1.41531592441893
1.75974313400795,1.83594370377092,1.48341968229044
1.2943415923066,1.39295044572283,1.04636162744051
1.46080749293478,1.51663956911067,1.14332593987153
1.38042962156815,1.50704437122503,1.11303307372685
1.35899028955383,1.52920146505035,1.15005129907196
1.61616632321974,1.72295142088538,1.22984938873953
1.76754833468999,1.83328923240549,1.32327153481224
1.77228365551864,1.90352638446625,1.39328927590181
1.97561680182208,2.21000800017472,1.72427954780648
2.08368059499713,1.96872759509876,1.76051846876604
2.21788453495015,2.25108912325061,1.84308499549314
2.47082938520836,2.51803941398067,2.16711012047554
1.71382099657051,1.80859815128732,1.24564192639663
1.65738066307093,1.78483356140388,1.23537869867146
1.9754158187196,2.03157734750017,1.35937087256474
2.10135226128437,2.1327897515446,1.43922725296924
2.1743226865286,2.2390527067712,1.46839230665377
2.23764642130038,2.2272201493571,1.50363980187102
2.56351510214905,2.51327491377089,1.66660664426438
2.7670429661573,2.67875907127984,1.77759657588696
2.79702081603769,2.78580752955562,1.829804408344
2.7859677518122,2.73857687906565,1.89358685499704
3.14683596331216,3.10148701814913,2.3433283901675
3.14054259683751,3.1305957820754,2.30105672549583
2.07729784113148,2.35527504820708,1.498226201646
2.22336326019033,2.53181830723071,1.64202646988433
1.94003086359704,2.34944629980752,1.47135024397519
1.94636299489748,2.30186185695494,1.4625086059132
1.91367814708347,2.50529455693647,1.56787307925636
2.07439857179945,2.70566876301193,1.70756205903796
2.02904566955987,2.7187497318225,1.7202425120724
2.35729393297333,2.97044948533128,2.08846836446422
2.30572697561389,2.9411405479721,2.00042919889276
2.30397549102142,3.01433953826346,2.07182915892635
1.72709010280298,2.30924170239035,1.48251342873593
1.80890821957665,2.39975164955145,1.59552966374963
1.58258804849994,2.09811418108409,1.36128541559756
1.62374879542947,2.0876696109528,1.35586473466128
1.47733026274159,1.93870728558403,1.32623699754464
1.51756922611324,1.87774998660771,1.35556654697228
1.54696125258124,2.02647814383867,1.37375337987288
1.39601584014409,1.86780240057232,1.31034161710254
1.4703376955322,2.00165352027161,1.42193158168667
1.42053464097367,1.77514670952817,1.29067349611972
1.4842330777543,1.76948052975447,1.3127017615688
1.52392089123204,1.81646543014263,1.35663135213384
1.78916134589869,2.03245886009557,1.48708774976536
1.7760721200659,1.96525005670466,1.50221926435792
2.42644581822667,2.48947515048326,2.10081994028121
2.21028310292739,2.46948566345187,1.92621636287648
1.31546524290175,1.69323430995527,1.1432331395285
1.63531850967572,1.95883919392697,1.7242489206488
2.3252956574667,2.34664032120317,2.43034025589638
1.84768501383925,2.38710382647669,2.10140399634118
2.69007478452054,2.97614534939173,2.88756921537989
1.55371282411542,2.53809566449986,2.07989367779459
1.954699958216,3.10508383495419,2.66673396508058
1.78278356467196,2.0986210083063,1.66901386465756
2.61486934858219,2.56847858398594,2.34017478146263
1.76221906578557,2.4694815988075,2.08990615404237
2.47625801659591,3.07603407474621,2.88813961472298
1.41233475646727,1.70947956649335,1.29314896477163
1.34001835248249,1.66449218991217,1.24183319555181
1.56920465177483,1.78951502704364,1.41150671935417
1.76064709912172,1.91806877546761,1.54086917351053
1.60161445590528,1.78774049205067,1.4519969817619
1.59432342876961,1.77047872461947,1.42866889429148
1.97368589907373,1.9795412197216,1.69685643229443
2.33475880692771,2.34921998283948,2.07377390308701
2.30949089941396,2.27616640059279,2.05982960672648
2.32776154586718,2.24248540509506,2.01269861687075
1.45592499250993,1.74451958707324,1.40610075383923
1.50192054743385,1.85044978937188,1.44008707661095
1.40776587663598,1.67697091437728,1.40905909614527
1.51444744583747,1.68857048509564,1.46396217821244
1.34174766862715,1.66960419326012,1.40039885946616
1.29413075986002,1.69940851247469,1.36703235188775
1.3886647279898,1.59012847819319,1.3675099746617
1.64542836933151,1.68351945384708,1.50325810327061
1.58478080170828,1.63030952699479,1.41152834342274
1.33304076490027,1.50971428875318,1.27497086710423
1.8121794718479,1.62020736207396,1.37120168117999
1.7668504465244,1.66741680399855,1.42267864270464
2.22765959905079,2.03931159269895,1.82753002516195
2.25557433420461,2.02038686216961,1.79662552536484
2.22439372896911,2.06388460757708,1.83960827711211
1.78820577889225,1.69555137921326,1.34584973911151
2.2819876879007,2.0941424411013,1.73825578893954
2.28267991699246,2.07705256961638,1.7733446563774
2.25747146452203,2.05502322209571,1.73300839295725
1.48738780719036,1.85486890035075,1.59314323374396
1.53988748156314,1.99855602047552,2.00359184775402
1.69896429695102,1.99019241233807,1.72836643396889
1.79616213014505,2.01805039918797,1.96661679492117
1.91519153534957,2.23761292785154,1.9457111329287
1.89602646449365,2.52720705341974,2.30755729278454
2.7059787398302,2.29688315207718,2.42094265903858
3.35905455867926,2.43387613579963,2.82399743188678
2.92386987298246,2.22226899396571,2.57927641488274
3.07932817997396,2.6835740869736,2.97411576970959
3.10794081589706,3.13430074457758,3.49141020251625
3.85941375888652,3.00101032307256,3.42878540463976
2.13520352855944,2.34555141338935,1.98561798606708
2.62228307724222,2.28760165797869,2.1158214504435
2.25569824816942,2.7275958451996,2.34604194840629
2.18194530507984,2.91299983577415,2.49086735009172
2.86967020157135,3.02776351366016,2.84899956992887
3.12157643365468,3.06025082369287,3.02292150850065
3.32284827666998,3.56283936150802,3.3976194823731
3.62543144787233,3.78764871732416,3.57598675083141
3.66122196480663,3.70947149315391,3.62891897594445
3.69566639037974,4.18524603769277,3.9832352477013
3.80892778673368,4.43385737451998,4.23146171803226
3.14213732972559,3.02145656142875,3.10022531231684
3.28887304338519,3.08360745711364,3.28745135727433
3.61689049438621,3.2903344982337,3.48495744413256
3.89320085121814,3.62851637541496,3.62299544202732
4.02634560647729,3.38981533072083,4.00105294123823
4.39005133327781,3.68860811373953,4.41300333462536
4.15061715919158,3.60496206206423,4.22592760813452
3.98551477705608,3.07635061392372,3.97840334652538
4.21242526443387,3.04521406042539,4.25353238932958
4.06479306311554,3.20547814112285,4.05590447912688
4.29832281438226,3.54357140157563,4.20193509736843
4.12219017221643,3.20284749811806,4.32533813868407
4.38167142166534,3.22779753833614,4.63103739702081
4.73184685204001,3.81285310673378,5.12901184954486
4.86778628301198,4.21412249049532,5.67099051801518
4.98158188375608,4.12342599446168,5.47533721229632
5.3444814964199,4.15221869339459,5.35265969962739
5.61928496927316,4.37090240647921,5.40690992285959
3.58996299376565,3.10536226282377,3.99244711559824
3.41839117970562,3.46727244259235,4.46987585430241
3.61547473954645,3.01003566730155,3.6013097846053
4.00485752841411,3.11182883643807,3.64178080358686
3.36262901409178,3.20101097772856,3.64629837448655
3.26746646537214,3.44340706870024,4.09578290920421
3.62390849315336,4.01380963300614,3.763810456795
3.97089291200809,4.27073405046337,3.96124466824449
3.76583550958485,4.41419622172382,3.8104970381306
4.00485081569341,4.60251351955752,4.32191634590966
4.2034119159387,4.82300237097685,4.63640036460154
3.40143717082188,2.89681881599004,3.77074232679654
3.80645639035406,3.22665346506841,4.00816035629673
3.23261503899378,2.71344233245201,3.93038187308086
3.22369383484944,2.8023970469189,4.01552691804514
3.33704778114588,2.89783464111088,4.28372260179422
3.48938011088918,3.14523446097159,4.46479712022507
3.70427145658656,3.38595290444007,5.0725201564636
3.56049704278717,3.64771662909885,5.23507478923428
4.19760888645195,3.78171420086373,5.27807024453695
4.16690088183021,3.5805776676611,5.80092308484201
4.256002128337,3.71182411343339,5.70502994277298
4.35974419991101,3.8848054534555,6.17151848130361
4.94213702944757,3.86185586150681,6.61274543119795
5.24501103065343,4.17403647458239,6.89602960362792
5.18840696679263,3.99378513200252,6.72084134326883
5.55350469016793,4.13176359540593,7.33679212074525
5.58366056129952,4.20816790474187,7.39271351626103
6.3955710683193,4.62547648450466,8.16378354731597
6.85158961166962,4.92527961574806,8.49325244222811
6.60134604787967,4.81006235666521,8.15340117845088
7.59978049098466,5.43794957194783,9.22424150683385
7.07829485566924,5.12951894635701,8.91446032970149
7.00509983509537,5.16102334420237,9.44420940905339
7.77872767175848,5.61789260673218,9.05244091445721
3.03768118635566,2.78950372340006,3.9354406355352
3.17615402496877,3.15099151378337,4.20718605929994
2.72801462689137,2.4988183180696,3.45836266792815
2.73952940428435,2.4773583422982,3.34843728680954
2.51225912975069,2.46177975366981,3.29475165543949
2.65594207396823,2.64188281456431,3.59443786262579
2.47821911295612,2.49545472941155,3.66576052696618
2.45584032807917,2.44287608646352,3.50670913549373
2.41287282763586,2.5778137407343,3.7659208349647
2.75572957860001,2.71418653761504,4.45078615994947
3.15521327381083,3.15106923004716,5.00648790679271
3.41300382756063,3.46235145290518,4.95158489333394
3.46183014929729,3.43136736405279,5.83258949068666
3.90566206463718,3.92767564002225,6.34196017415423
3.39349309074754,3.2785567656333,6.15620483763193
3.76181947912711,3.61643384898855,7.06857993908241
3.93392720279924,3.84278865358231,7.29641513778617
2.93315537648628,2.8312467336315,4.90414626745887
3.05013527115236,2.96420484524699,4.75971366366209
3.23858648803675,3.09106528897688,5.75251973853824
3.54185043655585,3.36144406813352,6.21735124567688
2.28772407248114,2.33142322480248,2.71485643761159
2.23725364929009,2.28720311573824,3.22300274877416
2.27321816651167,2.37904798630983,2.09293280285617
2.43277031098866,2.52179028040042,2.25738887877971
2.15331875082419,2.31685656841238,1.84424676851173
2.21171842543749,2.370474764707,1.98286211590743
2.3998833861047,2.54609518496102,2.34552981776873
2.67715532913403,2.63281553826774,2.75205918152971
2.49565588507403,2.74392844670472,2.69128307143602
2.95958575473023,2.9146770545313,2.7292098434724
3.23921603335588,3.22989413972555,2.92187750254341
3.36644037813301,3.13509359331392,3.01083549516795
3.33927721629916,3.24876432371297,3.21263648303587
3.6852860438935,3.63205898020765,3.63931831981538
3.71965038828906,3.61268627612513,3.63671100582846
1.87449909608089,2.08251038284118,1.66768041970829
1.85612629309643,2.04833299196746,1.7320532805605
1.78214976125194,2.01217599505047,1.54351150545196
1.93355172663741,2.13698739245789,1.62253584794769
1.59699876936269,1.86259132764818,1.40567348019222
1.53952637022359,1.82448688220817,1.40130202928196
1.67174678875372,1.92025899797326,1.41624379083626
1.82022786847368,2.03229067182236,1.51245782353673
1.62184750559038,1.87988208016162,1.44206611359851
1.79661031484468,2.01617424088885,1.57078362900982
2.03479042715451,2.08042041545257,1.84893415078668
2.07392793080317,2.19265892181584,1.9029995048242
2.35462617167841,2.30205587570205,2.18197192205238
2.22229513421928,2.30316576374247,2.11170111362386
1.54924869785573,1.80247888975048,1.35464951023336
1.74043775269455,1.92182868330329,1.46409506106019
1.40787392665437,1.6838174703061,1.25584250283036
1.37723332125449,1.66612455332553,1.25047646704539
1.39055073557785,1.64201878874745,1.21892469596187
1.52933995304898,1.72459212403774,1.28919166928905
1.3724707263812,1.60381605943058,1.20028758054913
1.7455569670563,1.76250074426178,1.24340116337092
1.8945588956337,1.84607720260352,1.33159606838504
2.33924719317068,2.2531304318193,1.68369173048464
2.38895284988336,2.22420332846122,1.75926662449747
2.37329814837422,2.30039433009767,1.74834278986238
1.85702004943069,2.21162814332885,1.22195137838218
2.34624851427518,2.65416929283513,1.63845725128868
2.33123224390423,2.6422035423547,1.61777892719865
2.34709405876363,2.65560167064336,1.62240039573976
1.36741094962598,1.6421018151139,1.19022254232041
1.35404720675366,1.69432090625503,1.21261386288797
1.51951383974853,1.70027223801189,1.21178325669598
1.70599101978456,1.77932893464697,1.27029041844553
1.52985380938738,1.76702911635431,1.22043648898873
1.51551918160866,1.76615303395403,1.22473626937795
1.7340088441244,2.09191064651107,1.38306677290736
1.99204402318361,2.4482544296018,1.55876269818016
1.93097306857431,2.33801867953392,1.50699205332285
2.00623409224645,2.12474632182107,1.66279341707939
2.43650531441213,2.41870438270892,2.16917721662878
2.46945072315543,2.49989986819873,2.09971325932667
2.25228874094099,2.2784720096612,1.84815740502197
2.61722775489698,2.60810748447174,2.1740809330531
2.59949164060795,2.61470430813274,2.32925607338484
2.77416876407015,2.75750368655986,2.33878830784931
3.17498523168201,3.18988590524071,2.82380764956501
3.16166590932492,3.18008926584137,2.81168937351056
3.21439143763092,2.98826746813296,2.53254167150502
3.52406698112498,3.22707444140058,2.82122064338141
3.52135501085232,3.25251297133075,2.81410124537696
3.51290710682982,3.24804061901737,2.79937236126828
1.51014081096636,1.67912145310776,1.18478236979493
1.76092315375769,2.01718894797768,1.47381333866616
1.41015350874422,1.50246439770821,1.05553550738932
1.46247009268799,1.61855199261696,1.1850334426163
1.45554451924806,1.48063412306987,1.02010728062542
1.49883339410207,1.60479468908999,1.06030666829007
1.47948274160765,1.56248140093298,0.993287900705848
1.65329626893171,1.80068694584723,1.02136676735547
1.70072240325021,1.95190190461605,1.03919600755871
1.26529107020656,1.33250600452223,0.989262555265586
1.84345051143569,1.45098885270646,1.6003423446089
2.60990020864015,1.90869874358289,2.34801269169537
1.85453947931114,1.41912612288469,1.63336537567844
2.61834795543197,1.74781909792438,2.38410657407807
1.30589953729496,1.48927796978921,1.09818943772388
1.47002787628218,1.72783028141422,1.19025430264775
1.49768218124889,1.607868987013,1.41616937940317
2.17961653164259,2.01263394878391,2.12528024130466
1.52208854930084,1.76561697024077,1.46188329199897
2.21458368838288,2.32875995017665,2.18567827760062
1.58004829550326,1.47196166279617,1.0421255289607
1.77808165964978,1.57023033507587,1.08946745329037
1.60143224655247,1.49175943133788,1.0876381203472
1.60979507846682,1.5721608144152,1.14092206138562
1.74138533867873,1.51785592245677,1.14398350805565
1.93773256108566,1.60658298363067,1.17869223973825
2.18828304104717,1.74408394722529,1.35614537374503
2.59980282243801,2.03857486242697,1.79201962607723
2.53164203491493,1.97151556248911,1.59469640464924
2.61079348459863,2.22369909211015,1.85925048071178
3.17898781169308,2.84691396295608,2.60473294628592
3.07752545981511,2.70616709913103,2.31746864964136
3.2244565600915,2.90310489578042,2.49697239397469
3.62652279546418,3.24300791833648,2.89929543653269
1.45571681062748,1.42404218733033,1.09757925555999
2.03155630877901,1.61329694964002,1.16135325366172
1.2985355695449,1.34314802202187,1.08917456788203
1.73554704117658,1.43720716512525,1.15105288444853
1.43973095773416,1.36461266000219,1.11364642807597
1.690406543399,1.50206181118822,1.17030599449964
2.03617383832564,1.57360250250459,1.29936349845099
2.07043779089058,1.59753077560717,1.37868563031917
2.53055420585356,1.78530939661906,1.48368172247043
2.49519415812501,1.73128574254397,1.48503950491502
2.89221508742151,2.0281092194883,1.88138237013583
2.94667948610343,2.213926458202,1.99121169112818
1.23835778648416,1.25076666683207,1.04344346632356
1.38200194169487,1.3873990473264,1.15451475178033
1.06213424223873,1.11073204416704,0.944837760503878
1.11828973118868,1.15674198896383,0.959211633847166
0.982454703362248,1.03069857873848,0.901409854454076
1.10315886889861,1.11475625406133,0.969894771802786
0.990190410584613,1.02631869031432,0.901393274477268
1.01868719645157,1.33956311405167,0.923710173438003
1.12337317580438,1.40281408903978,0.939581566895638
1.62665078176532,1.92205225364243,1.44486025236028
1.51727637316646,1.88854788629559,1.41733618601675
1.57225079099455,1.88108216703425,1.38966553416016
1.17429932813649,1.46890156162737,1.01254346801041
1.63777486763487,1.98042808076198,1.49151941778792
1.59417057905194,1.94473077216566,1.46059861240489
1.62209180251562,1.95846518825171,1.47659190075037
0.935614447641613,0.946010760120275,0.854584475717249
0.954105623424731,0.926564681593973,0.864654203814628
0.989240595485507,0.976344468832469,0.878559465390769
1.09713507547302,1.08053303968735,0.966311178797571
0.972655553557077,0.933333686238124,0.856603781702273
1.00850316731975,0.948425376418087,0.882580126477625
1.14989424241481,1.06814437424878,0.983730939100392
1.58158775539138,1.51844573345717,1.50072930504308
1.60161619869552,1.50182954964371,1.45801641127141
1.58838501991248,1.53857266869268,1.42071473589644
0.854644803489462,0.833367612384448,0.77937555100644
0.873183716437674,0.894718477800159,0.837002809863743
0.837077693814878,0.773380778768936,0.736236577915154
0.940228553643207,0.826492429319299,0.791770199802861
0.749838293465363,0.709285820395707,0.682396657873032
0.80133988964315,0.715731943343629,0.70566431800678
0.772981071461122,0.72798159825055,0.720909577873736
1.24287728243262,1.02502819121721,1.19581460147751
1.15000737723525,0.977074943709957,1.15406951287955
1.69074536395925,1.53237242491145,1.70725412449681
1.68123236952354,1.50859048240268,1.70336000100164
1.7461345959716,1.51453895602842,1.71057518250996
1.29057530986559,1.02762740560745,1.10457406241224
1.80907799722512,1.57754322922761,1.68301512741613
1.85623591084707,1.56045661136745,1.65557448141474
1.80881638653035,1.55084583778522,1.64773447083618
0.722438218607776,0.724997646538891,0.693543536652691
0.830477890981413,0.842575795504447,0.789196848780207
0.684364790594596,0.696853992045071,0.697335551532013
0.715928771776972,0.716353877294711,0.728945342497061
0.698118380372715,0.730570075779794,0.74397586697925
0.75437160379563,0.807299237905321,0.834224086850084
0.891365898700528,0.917223368427282,0.943789056998354
1.28639468389382,1.31305081857091,1.4223383943998
1.26761211791747,1.36940990289919,1.47291233238413
1.33472050256972,1.48886378885015,1.52463139403355
1.77712708379471,1.96525933943462,2.03825015355849
0.609735748726105,0.631619944344337,0.634801999600204
0.659869481439878,0.675713343274882,0.657190000824343
0.630114761743937,0.636578431094701,0.65041602505045
0.74786737035826,0.743530695841248,0.76304857177984
0.592880174111633,0.613745477127274,0.619128391440486
0.665527804541298,0.700057159604118,0.710556285502948
0.642191499079334,0.666778775922885,0.704965256161794
0.559755387054523,0.593772197384812,0.573001258269976
0.623385777984156,0.664402866320972,0.64655365552915
0.58719155208914,0.625885533802716,0.578601791155384
0.629578365779051,0.66908217185435,0.634044501959918
0.695849382894459,0.734303986041796,0.648139194649954
0.910910908941799,0.927072947487198,0.835023876679108
0.898593049187457,0.919287867394414,0.814686397551766
0.560100691914113,0.639367023587877,0.552131292824844
0.558107443351933,0.633651925143784,0.56722763224769
0.580167074287248,0.684503236326853,0.578962174609999
0.65004229118321,0.755807743828089,0.648132231358351
0.590057658537757,0.703163722719926,0.57688751170393
0.580574721591572,0.693646486727505,0.576918107172828
0.661066738520755,0.75875422924129,0.629332567828478
0.730580472896118,0.824162072879387,0.701346249690655
0.743680138685924,0.836048105459288,0.697887426423043
0.664007798570481,0.729404064149005,0.622844182322469
0.736717938538689,0.772152402570531,1.39535659765064
0.819328686116812,0.852827476190062,2.23530066812472
0.817799527463024,0.815483563299392,1.41194465674728
0.943239940604974,0.923879320515567,2.23272708092678
0.834181836321982,0.819060114209525,0.788531794466161
0.953216022032623,0.912779970462601,0.912678683085451
0.725582500071753,0.770245313575584,1.24583548155817
0.806087135522638,0.858837092817527,2.04908603489901
0.805249898292832,0.81371525780865,1.32045419181083
0.926911225810199,0.927826711024236,2.15196156147142
0.639549556057833,0.755074985279083,0.593866923441541
0.706028114116419,0.805799484094724,0.64503169007478
0.658597197317054,0.784664780482261,0.59346278116036
0.659222461634991,0.785633932735745,0.601344838950325
0.710413611956081,0.840935625039694,0.616160032534606
0.749433612055996,0.87422341067744,0.644967495005383
0.693858795708104,0.831546011334757,0.61820354703337
0.716860017228732,0.849164746554399,0.656838329768497
0.75315455499713,0.90033930337024,0.682251375245182
0.651329490753863,0.772891888720763,0.579328877118755
0.733757380540114,0.815378482089703,0.614180711502288
0.897462910366148,0.922720600095146,0.700113678728001
0.733456278373046,0.79037318209429,0.60520793424006
0.903747564193332,0.878682470581763,0.68142700819664
0.640463994678696,0.730405599726948,0.570702854664484
0.688070088654463,0.759569892744705,0.617407141740051
0.742990495249539,0.772421331901794,0.644612367207042
0.683683079361905,0.751643137587802,0.573084642486035
0.822377020943791,0.814125505729827,0.627447812727034
0.676924633590158,0.737129045293949,0.569993018135869
0.817725018990779,0.803931483492286,0.630595254651818
0.783021009695294,0.910856560623944,0.651645760783138
0.821431534155001,0.942285036926944,0.675299987067623
0.861626123641327,0.982559510050534,0.709645166478467
0.887939292417912,1.00457512953511,0.744602649538647
0.956419253948104,1.06962137850998,0.771199319902155
1.0446581006683,1.14641083438802,0.834282009744452
0.979904626047691,1.09615027431701,0.79576573284454
0.983650273512637,1.09669722584137,0.798613956256918
0.991262456572386,1.11282003883822,0.814718955940496
1.07982474670947,1.17248737233762,0.878717891277455
1.19651349488608,1.2534622540631,0.978667026370599
1.22277565280855,1.27356558997862,1.03104188734111
1.27284072711806,1.31199477878922,1.04185415042301
1.14283808684707,1.24951741540372,0.937160764673018
1.18679952818678,1.30705661521991,0.980813927432416
1.30232611669544,1.39398250707554,1.07934486997644
1.48094104545197,1.5892385923166,1.32244152746379
1.47946143136508,1.57938919051271,1.29470057608573
1.36496597337462,1.43873191119287,1.16227974356763
1.57714712286788,1.6758355057738,1.48459802945419
1.60878882145818,1.69153036206357,1.45543674620798
1.12234730963049,1.24396313973914,0.925233745622732
1.21511177899938,1.34321358785887,1.00117414559734
1.10577749665011,1.24563124521809,0.919955184879656
1.12620674273546,1.2708969525784,0.943813689822985
1.15613776911274,1.32052974249744,0.963963131694667
1.25346399127372,1.45142671942315,1.04411079054162
1.31215074955511,1.51457195352126,1.06922246949088
1.49822246648459,1.89384720482308,1.16203304200134
1.53528693200239,2.15013514740995,1.16881494445279
1.85635112155678,2.49862479666562,1.39504581901628
1.58452624583109,1.78207015746365,1.23417576504082
2.01435142890089,2.20657960959702,1.60426965632039
1.9508956502995,2.22784412842605,1.68211014993455
2.01185092357666,2.22825513882395,1.69530214198176
1.04344524631709,1.1776441903788,0.893196014873583
1.10730438726911,1.2134999329429,0.960719033505136
0.934018423931049,1.06970597499515,0.813480180807776
0.965212984815938,1.10955204435156,0.835719504039065
0.841910838841855,0.967098564808854,0.750067853572721
0.83107577859077,0.957218235399615,0.751709534631329
0.87276783075473,0.979057402856816,0.795787212345385
1.36392318682419,1.43434075783433,1.32056307553533
1.36390222783068,1.45098947289634,1.33097608719443
1.37679824663829,1.41995733317194,1.31232631348785
0.816539448900472,0.934588580559856,0.709453553037905
0.824443720746995,0.927558812534155,0.740465421500421
0.850601660549901,0.97726676709358,0.70975728719137
0.909743496425054,1.04298712089575,0.770113081216907
0.865369363257497,0.989078508249085,0.697948071331806
0.905412163378539,1.01902120845681,0.727722555773281
1.01885049440634,1.14934499930353,0.799675773132671
1.48554244884679,1.6302385122645,1.32852323036695
1.47985444425537,1.54436178011396,1.34258270019942
1.50018170063481,1.57733746048789,1.33115514324348
0.768940833658107,0.897209051740379,0.635298041404913
0.793653420399776,0.923371451821276,0.68886696518334
0.737202199226229,0.856066191792646,0.593498003154493
0.810584996617702,0.918998034758831,0.64844214748162
0.681317706447487,0.783795274134048,0.546281200922885
0.715935338640343,0.79568766293315,0.551798438529126
0.77524123500322,0.853884135171496,0.622801926663576
1.06663878836297,1.06152783063455,1.04560855391298
1.04166552725292,1.01713678934309,0.982228281969602
0.88503037421046,0.970278582330769,0.788594753472393
1.38958874173238,1.36182909941738,1.27729365474072
1.29980427265972,1.32654938758389,1.30769190599251
0.815738390237714,0.967363651945437,0.684427881391034
1.37084134938442,1.40847236072525,0.886053197876695
1.44283007721228,1.59775262846107,0.956511665815806
0.596369977239805,0.706402328622856,0.525417759351121
0.646620142708457,0.749660063664215,0.586876330556644
0.555450086315607,0.650124057767775,0.508366329712575
0.608964772804952,0.690372600381446,0.539168449061696
0.538340074477923,0.587318412493635,0.499777388038224
0.608737537070008,0.639853707133058,0.550243445756938
0.745435736844483,0.633392388256226,0.552642897784375
1.29214387942548,0.909469544411713,0.754938068058846
1.41229683474684,0.995561092327205,0.779037119494169
0.711620929309166,0.694712975575221,0.587040348140064
1.55886702492368,1.19410884371915,0.864016422492024
1.31077871794043,1.01211373661137,0.917667512562793
1.88673473081484,1.58193035643448,1.47403253319651
1.89602098843385,1.55261139694214,1.48608701137389
1.91281184262944,1.57001875314904,1.46757868535898
1.48100813968788,1.05682647170227,0.71745353938116
2.09320761420842,1.59570832464514,1.28393925050519
2.07313139029965,1.59498138918639,1.32335814157247
1.97011472831022,1.61212064424063,1.30968339417305
0.487106994864097,0.549263553590623,0.470654000266997
0.563098763562493,0.601733430503746,0.515657974525318
0.464196901189986,0.529801422700306,0.471291282983621
0.510435233591372,0.575985577606784,0.519969382072088
0.478031743160608,0.515918703623926,0.472157216933085
0.585385680993285,0.567735199028937,0.539463029633583
0.594685979346124,0.59752455146443,0.553459999629755
0.444530629414839,0.491637301951085,0.462057106263272
0.558687812839248,0.60438477106042,0.584052746218416
0.481086328307635,0.496848479678205,0.482713254770577
0.55634327574731,0.556270148784954,0.542952448724705
0.535473134653468,0.535546599168783,0.545913815122989
0.627101904397568,0.645045113097146,0.641861201629806
0.626308275299068,0.614015044653851,0.631886749489778
0.506013778094641,0.487405403447037,0.503024872900467
0.523918959717766,0.495126700889054,0.504822575736237
0.538881611715752,0.531045531828672,0.544719500660717
0.591111477828921,0.604523524804787,0.615714936427009
0.555620974751223,0.545267583520626,0.546100342516099
0.560298258449306,0.538537497280299,0.542950636704364
0.630421842447581,0.643436503530368,0.628746642673687
0.751507876226022,0.872276541627914,0.731331209442519
0.712372862046048,0.781751503673986,0.686969460704738
0.805102672388933,0.912066285071974,0.806626930748108
1.43190327275631,1.58593358193398,1.3691858644286
1.54517272706171,1.46860156955166,1.4929293374621
1.14750701328131,1.27573676806413,1.0994254719501
1.92708809147186,1.91139512935137,1.64302045206007
1.8584989118874,2.06665400083369,1.92647664065699
2.19592692704095,2.43396535039789,2.24094212327434
2.46456839972423,2.65627383057451,2.53185392986302
0.622401670586767,0.601110308053641,0.595526838168735
0.708711486536897,0.690655687713536,0.67138495598115
0.643923965008493,0.609941285241672,0.610543527243202
0.634569265338737,0.608767568901975,0.611897957527576
0.718060679089988,0.678140586650324,0.675189330595243
0.780310580807899,0.738404629324214,0.734811891036415
0.776600441294787,0.711616417624233,0.738835074723396
0.878300811460463,0.812416614534028,0.878127824924021
0.812285038134358,0.740874505310472,0.819356694730527
0.756856665740365,0.688482895473777,0.705477925566454
0.776202633360539,0.688683262277118,0.759608663751678
0.84148819409589,0.740481177414699,0.864900320103374
0.836179239334146,0.751452829808818,0.855859928754727
0.937559439125754,0.8497979075978,1.00799314990785
0.873465285332715,0.808500637821143,0.902292266929311
0.97169628668236,0.907881410778005,1.04616740589424
0.843892365471975,0.796224210641909,0.820301156634286
0.947458190679511,0.914662397541057,0.954610130193447
0.8949206460947,0.846607953520688,0.912759328300739
1.02772590453011,0.988671435723404,1.09069114075065
0.726915111687651,0.710069560453946,0.683304215653011
0.730061700800183,0.719889665919399,0.688097716534315
0.778867923451112,0.789940955971514,0.747132845754896
0.846252550989851,0.845245935497253,0.804633048791549
0.790561855748399,0.863855815160734,0.782583169126921
0.80848423646695,0.883439958162469,0.796271018879186
0.859098314145785,0.974643962140978,0.869111779640177
1.04015755921222,1.24470277260107,1.06165568590854
1.02904727027784,1.15812333090464,0.995829193048111
1.23556389211311,1.32687295729227,1.27442860477947
0.981478995379273,1.14479656035099,0.997866585255718
1.32396958238898,1.5646263937229,1.36668981674901
1.64365986955407,1.87761146887862,1.73542750100913
1.83365065404513,2.13738673951658,1.7510541582011
2.46249464464815,2.82048838981091,2.30822710274442
1.83419546015784,2.04931694335816,1.77606727046189
2.66097864631347,2.84904914667594,2.57899794234303
0.815625602283049,0.923702662020105,0.823081933911876
0.879396402826037,0.973647519830695,0.900585262407401
0.843015691963543,0.982158908750234,0.838857500636785
0.864081423271008,0.999452395410951,0.844563848474027
0.906347919338292,1.07709953252184,0.893554692884553
0.953177660454585,1.12328297904841,0.94716113536952
0.975722725554602,1.13181699374879,0.972890476259369
1.04430081662517,1.14550109535123,1.04780054142201
1.01691811784148,1.17110708905822,1.02003619656568
1.42261225851459,1.43742557931096,1.24150998011405
1.10731578843087,1.27668769692446,1.0677431138053
1.54977394051769,1.61713828166286,1.38312841713194
1.88956724555528,1.84387149386143,1.62044210473521
1.45644891542585,1.61179039047486,1.33393153316095
1.67265079549562,1.79195398936558,1.49200324455875
1.29753913002387,1.44103045455865,1.18893948497735
1.55790076935545,1.55651879460671,1.30231776904832
0.931735758859529,1.15472388312593,0.905356450051503
0.950005760282101,1.14820823605806,0.898482425886935
1.02779014884046,1.29723197557193,1.01223503785468
1.12205008411997,1.37015386642317,1.11344640532052
1.0936851625516,1.41476451071204,1.07787266249745
1.11791658799856,1.4365285219698,1.08609397623519
1.17153122629231,1.53495356399391,1.20860489296196
1.5509028181709,1.96021777188698,1.72564426821974
1.54710210344533,1.89909246907003,1.64357747195408
1.58725232436731,1.85804152534852,1.59487258735646
2.11395051771797,2.34703720859801,2.10063010025384
2.06626540672096,2.3827549294681,2.23427449295815
1.8588540632119,2.10509741313894,1.94068553338712
2.27833921237018,2.41033750468672,2.39224258653354
2.25962012718844,2.43666227914218,2.36139942661778
2.28444991078995,2.63509947331165,2.37854827233292
2.72801199063772,3.03167460114169,2.83539968237378
2.73585997582719,2.94635800983492,2.70015321167291
2.71856979754457,3.26381804255965,2.92236149890016
3.08168642842184,3.62634386187645,3.28292829433222
3.05262147050813,3.61205237056861,3.26234064004855
3.03910257772079,3.61603511088936,3.2827477632619
1.16278717486071,1.50168934519331,1.14554583617134
1.23027556069353,1.55621637718935,1.22946995781126
1.208981709447,1.56782113489413,1.17434255113443
1.21683748030655,1.57036196541917,1.17389339234689
1.31723408252661,1.68708083461012,1.26887728567825
1.38739780508337,1.75877027553486,1.36099042450402
1.37469134228735,1.69145481661604,1.27238372495501
1.63434002266451,1.92400711680767,1.63686638288091
1.67827128906832,1.83069561235059,1.47765790543443
1.66776270315664,2.01491776292169,1.58999518404694
2.15909970723555,2.42586419581002,2.15157292899605
1.38450971278198,1.79319818400972,1.33796597848696
1.36884148355678,1.77028186054722,1.33057283813887
1.52883280209426,1.95948672595979,1.47115228418199
1.60912466618639,2.03042238250293,1.54619810882377
1.63685033756286,2.09200884636752,1.58066193303172
1.67260418938519,2.10781548993236,1.63271975021767
1.87226227968509,2.33953719646929,1.79262144063668
2.06342210516925,2.42837107781707,1.90060484101165
2.10027451765535,2.49660562774676,2.02858774412112
2.39952028648698,2.93822364949485,2.07080648559974
2.79932587544949,3.36985431681061,2.38855440344651
2.78938185137273,3.28608172178296,2.35814561970429
2.77731197355906,3.28481104704962,2.5530466618349
3.20501569703131,3.6642902468226,3.05870646943898
3.19436465981818,3.67835372339644,3.0618799520287
1.59525138980062,2.06176565484457,1.53912537375834
1.71026674365755,2.16792803604589,1.66531600342655
1.54511630787323,1.98926332871014,1.45726674940301
1.56117264527732,1.97124620951117,1.44865310109012
1.58800874976742,2.01382339016334,1.47910975696816
1.7102745702765,2.13660211874453,1.58975856716718
1.79116882485624,2.13427182287602,1.58655588620651
1.90083337408988,2.13492698944257,1.63485406772892
1.93860188035692,2.1895415651629,1.72898930437359
2.23011203813908,2.48152202955215,1.87870154846937
2.72815658321058,2.89949885211646,2.30167713081747
2.7187385986143,2.86635650769041,2.36824552388149
2.98450990387835,3.14154233347989,2.75419359531384
3.13643150236667,3.15518614790836,2.66848024032308
1.44065401579167,1.85530007845042,1.37974001867719
1.59541961327466,1.94338725017542,1.51935937256589
1.3153571291801,1.717077634797,1.26313259221859
1.41003135177119,1.76784200330592,1.3189908967692
1.23157139922623,1.59219144419642,1.18977614312931
1.28289825206336,1.64470731020239,1.27017797235591
1.33549690273138,1.64661179294087,1.25705166468254
1.1234933349118,1.42497043792096,1.05845683045633
1.2002597843078,1.44877197585903,1.10639910159441
1.03768300898578,1.31862983904038,0.976991280322471
1.06925631204969,1.3564770489971,1.01988151598448
0.976243728253274,1.21498912245671,0.908106821313017
0.995978894438691,1.22485393809783,0.921541129396254
1.01259979218193,1.26472512344255,0.97052674405331
1.05425925794014,1.30028709444878,1.01821520973948
1.02396525520366,1.24219153668001,0.976942556669881
1.09851175230529,1.39621058073956,1.07443492040881
1.2270941414164,1.50807814420058,1.20287293662182
0.911558832299832,1.10954563669078,0.837441809060974
0.948284344402805,1.13761339231654,0.877462084155182
0.858212917725262,1.03196326239215,0.790788589888514
0.886787071144039,1.06558556013268,0.825100051857312
0.807242422024559,0.946364101284601,0.736698851263075
0.82658580600919,0.952011906820983,0.761796034275631
0.853317836685515,0.964820651204741,0.771025102223051
1.10978195987834,1.08810767843452,0.967701249056677
1.02469074024828,1.06533025030643,0.949304425226994
1.54973162705304,1.49760167429151,1.49858211678031
1.47927735600406,1.5583093690971,1.44245007654555
1.57126786607524,1.51666842639839,1.47765008334677
1.09847132294407,0.995779951634649,0.99364120420947
1.5915670383015,1.49060079187477,1.44319549628572
1.58971549505791,1.42815911300157,1.45937374177721
1.61049321546302,1.44332914161131,1.56342270616467
0.764212103460185,0.881025146847115,0.692001040844057
0.801732636457966,0.918738748165974,0.73249161819926
0.728862588469637,0.823394531934685,0.662837095851522
0.760133677757543,0.840377034879662,0.691838841832507
0.688750254051918,0.769263982096638,0.634666631488933
0.721146887479506,0.809731791790861,0.677948303731732
0.751994818747596,0.818867195650144,0.690516322853376
0.624513471594425,0.674194326781953,0.576228477596616
0.667995121171288,0.71211410331799,0.614892643116714
0.587194794026753,0.617231272591499,0.551895245553787
0.636471201093077,0.653459004363869,0.601657190712312
0.540975305959768,0.551130312128772,0.512376947933995
0.559706604264141,0.567961545043809,0.525501536311034
0.612246423948812,0.623157833592649,0.581989070233465
1.18859043491171,1.21559180243257,1.15609262390626
1.21255360116799,1.23368318541882,1.22444658531525
1.21021653896816,1.21800611808457,1.22422558843177
0.502234280066379,0.500102347174202,0.483582212958366
0.563353880278623,0.564844727552654,0.550237800822457
0.469234574549953,0.4614323213577,0.454038230818587
0.50528472395592,0.497179044016577,0.482749805197005
0.448650624302828,0.441387923635169,0.440558226400711
0.470920685106785,0.468170424460509,0.473873205517788
0.489361105129892,0.486295629877759,0.480442508692594
0.54966973381501,0.817564429389933,0.54379018996839
0.563512760683094,0.994761860140385,0.566513639444235
1.17936256980709,1.56762049513936,1.19197607299531
1.19996337286831,1.61917066047373,1.20091816364172
1.21045024667251,1.53864858770202,1.21325610643374
0.541942995302958,0.978984352966268,0.524685041709831
1.16614349953935,1.56068341421034,1.15253777443602
1.20762914071101,1.61128144784424,1.17582960582944
1.16249884778882,1.50033525716055,1.18773517997931
0.428933848226894,0.428818214625885,0.417434260070257
0.491356114708031,0.490157650042679,0.468988384934286
0.417907696340232,0.434017498135398,0.416387441231599
0.459297648548994,0.473097899985492,0.465597314993175
0.422135087720524,0.452310021049396,0.415582357575204
0.462313003764935,0.505521254387376,0.451390673593039
0.472854982096216,0.48767671880251,0.467331966097763
0.536066422588606,0.56380864059855,0.52777027564892
0.539951994168234,0.549049618678702,0.541888194662387
0.490517701794179,0.485077300855533,0.508144902160028
0.540976253205037,0.554179332939573,0.583050181209706
0.612138822622231,0.64616276973202,0.642465313686735
0.620121269809921,0.620580878648407,0.693187495850086
0.723889384549788,0.731934609908304,0.812286731749032
0.671962425763492,0.649178621768633,0.748645345358853
0.793136077658573,0.765973052125456,0.88705580879636
0.576323374862613,0.552430298218451,0.617210378179858
0.657018298143389,0.630978812448167,0.699871078542395
0.667797955024418,0.635951255183051,0.731599044330537
0.805141213822494,0.771048912951288,0.879558963967287
0.419678713507068,0.467867389747564,0.412532026681153
0.468795679360322,0.505720208551268,0.463470961765053
0.455508850412483,0.53400126523077,0.44617366160223
0.526002131640878,0.607553257162192,0.514054989051709
0.487799232082799,0.591544280257463,0.478107251158696
0.551048207184199,0.627031232103808,0.545285279377982
0.574937098332577,0.684754122673245,0.55994744909352
0.501414910877965,0.631874806073852,0.504754089037079
0.607306791108306,0.731258873220838,0.649222648491845
0.517002786352736,0.640136724709438,0.483648955960015
0.562066850595724,0.654513496122684,0.506172071419329
0.543878473655318,0.685568457837825,0.514020133920073
0.577000260644329,0.723124277434284,0.554479631580714
0.584350294293539,0.696826868609741,0.569642481868735
1.15862468174282,1.25183987746733,1.14725321172533
1.21239899413209,1.28426106691058,1.23124172382862
1.21861540252742,1.23597764481838,1.20874603985172
0.588604114363046,0.737393412377866,0.527833392677752
0.660684538478345,0.781403375018786,0.57922423384042
0.633047613080297,0.801743928942174,0.581294684814818
0.685399456791111,0.836820427733103,0.659826187800691
0.691151332511022,0.862454187914837,0.596004315152696
0.731627919516898,0.895176370643201,0.643773004068833
0.820580951708097,0.987471363720383,0.66401871571932
0.907552513506583,1.07792119965513,0.76348136066208
0.902432787296435,1.06599810391289,0.712284180777306
0.943925127895252,1.13127366221361,0.714337838895483
1.29147988705155,1.58457669942397,0.963174237987219
1.37772692381417,1.61231255341388,0.909502332543584
0.916398843762131,1.15055433193275,0.682383855930798
1.35842388559573,1.63203840468886,0.885272341040421
1.26265376479007,1.61783667262284,0.918804876023109
0.948284602179542,1.17042830154943,0.718582563406932
1.15610893555933,1.40747243299282,0.880738736124112
1.20039759759086,1.39843497980487,0.833461412449923
0.999197429495369,1.20240712916281,0.770003538868853
1.45479151509792,1.5938363465665,1.17857777019932
1.4354798869444,1.59124414927686,1.27308478849024
1.40706277374948,1.59119375275922,1.1972680689078
0.693965629099296,0.85824892176106,0.571095528929241
0.722894961532006,0.884463694398038,0.579506670518578
0.733466254214006,0.877985907825216,0.60360123960714
0.766324259332606,0.903109641490002,0.64337509775832
0.783289058191445,0.906855586275663,0.618194521756177
0.780828092878711,0.893617603715463,0.626979449472966
0.849389764060347,0.940330573293207,0.670416366509594
0.963421935181007,0.99685262321646,0.752877297975198
0.972822678406551,1.07386982201885,0.788581221312078
0.981161884606843,1.04506607869219,0.782404877541892
1.16167378786196,1.2383588271575,0.955785964002398
1.15258181218777,1.17215393534145,0.93775328560833
1.0271785071686,1.06250745913833,0.838336626911249
1.20472137556491,1.23300586243154,1.09350404156669
1.18002936632633,1.11841460007983,1.038695954982
1.36663629759325,1.23653140618454,1.29013545054295
1.26074601973392,1.19099171465724,1.13928215524006
0.841303234325214,0.980924112597969,0.646007771218765
0.887186309452191,1.07777877009095,0.694464858298336
0.887178435665002,0.992027372154718,0.672221539214905
0.900891117943965,0.98230507120662,0.694047442210441
0.961839356729702,1.06646320652458,0.725791710686956
0.978015250393466,1.08847467819689,0.74196933408246
1.01721554423041,1.09442077686045,0.763756944438689
1.0702054153631,1.12984712834353,0.810156635804676
1.10499123941636,1.17467520370338,0.853086230738098
1.00704306115637,1.06259945820571,0.751263260552871
0.99098974813234,1.0459949861355,0.738725143882946
1.10412337623837,1.13286255930903,0.849982871495962
1.01529208999725,1.07478030881174,0.758878618318512
1.14855525584876,1.71538896969692,0.885102981368519
1.10351191402727,1.33858361955127,0.769636232770124
1.26138914621634,1.96640427945553,0.828528199244801
1.15091718219194,1.34818358581152,0.818459666087687
1.06600041067115,1.15161800547741,0.827261928964459
1.19343616705122,1.24793278635707,0.917112073951079
1.12468563969321,1.19137084962667,0.910007595694104
1.13989580934908,1.19864186358184,0.920401991322427
1.26306767374226,1.27784830301891,1.0748977217253
1.31033565724275,1.1976207502551,1.39059254760095
1.38481247353579,1.65826194554622,1.18444486127765
1.83890602016821,2.23826270966849,1.78200134101045
1.82687018200101,2.48392168658032,1.51288459098652
2.320878251177,2.97500277164442,2.04505530670321
2.31358905014776,2.98247191919437,1.98055015095168
2.33409996676483,2.93434291468654,2.02103399645167
2.07591970287407,1.85246953689157,1.86893998149225
2.59094161204263,2.30045222913474,2.34619930523692
2.53588409875953,2.27558574121817,2.41065490704872
2.56831055669516,2.29883847482026,2.35183346343389
1.36723405638243,1.46472862732057,1.32724303455549
1.4123112289747,1.71316818185085,1.47108843580286
1.51449267138415,1.60178462113835,1.73562767263239
1.57811732001338,1.55943461868033,1.83727826047615
1.69111311321315,2.03362770695775,2.24637550205798
1.65412917665555,2.15229683143124,2.41354548305528
1.97040605042338,2.3157495054329,2.76904262719329
2.39519100225812,2.60024199770742,3.03540654384063
2.26904995959733,2.55676594098417,3.05315439156968
2.08239096880117,2.63413057816927,3.41111589631182
2.39111286860741,2.9228214611382,3.63075788488684
2.43563274459079,2.96540101097554,3.84310366932605
2.41194713095792,3.02905430475468,3.97628599677846
2.77055454295974,3.27678132062494,4.13620303387607
2.79433828041354,3.42224002956377,4.2234997320883
2.91719156635253,3.48153709931324,4.62257546394275
3.33247835244352,3.84549842058187,5.04440057622102
3.32433103449193,3.69577567410563,4.67369780452076
3.20593130869532,3.95649461409196,5.19326924726104
3.49192111822187,4.24105949535384,5.48658679848415
3.45921341031763,4.21829113223099,5.45515297510823
3.44153352069005,4.2413373494055,5.44816415502657
1.98845033303302,2.36085548140502,2.43248782175942
2.22704580273143,2.44653436547777,2.37923964532546
2.19893176714148,2.73728961151681,2.90736170613041
2.1563600574897,2.80007048817434,3.0886988996989
2.67481447234333,3.20505370279455,3.36458568608895
2.85720283552331,3.29899367295177,3.34662805384672
3.09767684863614,3.41397027752207,3.74575781878622
3.15078078176074,3.24690279908655,3.59552078766109
3.134752397078,3.45562262003106,3.90699217935432
3.72200232080938,3.97933414096992,4.35032355677286
3.89881715434641,4.20499724255064,4.67800554551902
3.92704522939335,4.25979144208955,4.60082728023311
4.38867986045553,4.31950048666272,4.70559831447174
4.60001495505188,4.66104371763969,4.8255949558795
4.53941590113773,4.43960884393423,4.84955824055034
5.19484753428322,4.67718659378112,5.27069140226991
5.48389512791898,5.02635963884688,5.55940677231911
5.4615578869791,4.81577227481351,5.5568715856791
5.83153231174528,5.02939295051414,5.58585786563176
6.09885266370251,5.24441540784603,5.7705346966726
6.09049191682419,5.24064150177148,5.80276329498452
6.13784860575175,5.26871646089369,5.79583397039664
2.93948942874078,3.63408877804268,3.81412735636192
3.25965084998654,3.94529358321621,4.0795991308137
3.30434233879824,3.98725189153337,4.22857601425995
