R1,R2,R3
8.3840360239711,15.2893042069387,14.5984614273461
8.61009583456909,15.5318577474035,14.7724883366488
8.56397607078288,15.5413524618287,14.7918110472718
8.57399254381657,15.4988659332376,14.8304363495813
7.84947064189157,14.5359130519467,13.9944850447942
7.86193610971455,14.8687620219707,14.3795031515061
7.92178144663229,14.4797795189232,13.9518043269965
7.36143018973719,13.6024366382961,13.1344468037013
7.47246221780639,13.5884054441695,13.0323283401457
6.8739368587771,12.9401611956212,12.6528506363207
6.86314088566311,13.1085140977827,12.8932257826315
6.4110596783389,12.1139852685494,11.9348170274628
6.46223999104371,12.3027510785394,12.1669176910912
6.02564929645973,11.8958459365282,11.9731516954359
6.07231499240919,11.9689305227915,12.0671784467002
5.76555079645697,11.4590128642317,11.6350779021649
6.10419617875321,12.457746179969,12.6433438402387
6.14291622289191,12.5334080723896,12.8172080001121
6.40005198897498,12.8558572180041,12.9755656694362
5.94401531281904,12.6824631291934,12.9374691075624
6.02976610500689,12.92853541,13.1176065342286
6.00326073128748,12.8113332020771,13.1842936311937
6.37633753615595,11.4820524556667,11.101724485598
6.61836159172582,11.4921257315361,10.9463456916576
6.19424801523325,11.1253628171784,10.7372578631615
6.06320927817537,11.2844398939552,11.0362388225079
6.269666991369,10.7287395998777,10.1145274013543
6.63892187983989,11.0025897397004,10.2423664078356
6.3826576246741,11.2453836762833,10.4001301648073
6.57049109630764,11.4199856389953,10.4760769067152
6.46064784741981,11.6478862174351,10.6574448768575
6.55365483110399,11.3612970248397,10.6287389788929
6.69602128485675,11.552377427883,10.8203256754374
5.96199874621879,9.73496671251056,9.31617393785146
5.71269569782775,9.78670835881159,9.4049899696137
6.13502683842719,9.0054850642548,8.73629200222811
6.44072578874288,9.17258037861779,8.8829027555645
6.03758263180308,8.17037507136946,8.1352114167025
6.16324774742458,8.38268333304501,8.44010891410004
6.55244283058045,8.08438788477936,8.07091119225223
6.91743374823753,8.61368444889001,8.27502486770504
6.58499937968576,7.92431242218741,8.14091060732566
6.93210573850638,7.98879750019501,8.11982018628067
7.13775337936655,8.20683138113472,8.33155374525565
5.53227215211794,7.44402760071929,7.52697713940489
5.45079451391295,7.50090096330252,7.46077959925576
5.40100949718194,7.01805860129447,7.32921340051008
5.6503313072011,7.24214663560035,7.62296703881815
5.15468692456817,6.52709785782588,6.96375396385766
5.26452363979437,6.70902613036701,7.08438673842041
5.58928641281249,7.1236599932817,7.57320609390866
5.69971303137816,7.28285847605593,7.77753956006134
5.57676759511579,7.26829143022036,7.64168926402604
6.21192273680229,7.81283716379339,8.26717985855399
6.4426200941411,7.98088633217489,8.41304133843503
6.518072136903,8.07887742237354,8.53711210872795
6.56040153263793,8.37475077945195,8.83269227864946
6.60244619380999,8.47095698714939,8.9181887074608
6.64133095390371,8.38846297385625,8.90749840525532
7.2113232185411,9.1972991561578,9.56226944270917
7.45721518882892,9.48279125499266,9.78745042009735
7.40983823911038,9.53623926821396,9.67992413580559
7.70392981320622,9.56190793990551,10.1865239431659
7.92832925041819,9.71192842841828,10.4097340006878
7.89834294995113,9.74583563887192,10.4323491470474
7.93144750958827,9.74391299551293,10.4001179727014
4.68720559181985,5.61055966208971,6.19133204017921
4.7733118792303,5.76505465640444,6.07966075846717
4.42249414759234,4.96501040881257,5.86452193361435
4.56244127206671,5.17165047416779,6.1638846511709
4.21322597149223,4.35700795098704,5.32245200603516
4.56463403099857,4.68154464879944,5.32461633543288
4.33948365457434,4.78134856032025,5.71169818708611
4.50836960115719,5.17415017582442,6.01031625973469
4.63560921674369,4.86264479592974,6.02793518324672
4.60541236049431,5.29901080989459,5.85446686527597
4.77796238301438,5.56081107890661,6.01350272352728
3.97902881260657,3.55178965669792,4.74861558347482
4.11913894529455,3.56851597009767,4.88087366190695
3.883507558456,3.42528885985456,4.38672768454031
4.00231043239838,3.86708997158889,4.48891761094446
3.8841787818257,3.31043889628351,4.20119677018348
4.00545693530727,3.63106177789824,4.36794873709609
4.02586901602165,3.5704094010846,4.41693069430737
3.82483578769114,3.11370386496868,3.93464826787781
3.98202170167199,3.21134620754276,4.00871802189929
3.72411405344938,3.10790097852422,3.8149982040665
3.70412366083571,3.33254662569793,3.96960695460741
3.7580102096758,3.03975381376048,3.65340879713029
3.93730427973041,3.16571386672768,3.63739386883994
3.86839523570821,3.1530667596957,3.85311942090559
3.72989789469957,3.51289047015839,3.56441761951409
4.28775370608278,3.39578362481859,4.30629612709487
3.89199135156954,2.99480184599465,4.18499947258907
4.39455254053552,2.92857541374641,4.69797895208066
4.7494742881739,3.1307630884263,4.82865493408764
4.67604065431691,3.15886447004861,5.29227189052809
5.20275429276942,3.41801340544775,5.89855863829128
4.50548631013273,3.55586698519904,5.27842347726454
5.02581545064537,4.1491117581243,5.97424954745324
5.15407609773065,4.66839450573151,6.22935423836979
3.75793154237,3.50245764869881,4.32165209276711
3.65147569920488,3.97086264976535,4.276378318177
4.08359253758524,3.8140234028049,4.80098231410105
4.22773665986662,4.50947763293313,4.99664412349284
3.60871742436028,2.95330880693718,3.47329925155872
3.49320729513229,2.99117126541006,3.62391029410806
3.74060778610705,2.98214950507892,3.27563488615129
3.93226086507,3.05679588169236,3.24358712019574
3.73221285355621,3.0309717679363,3.24577118502346
3.61376983873087,3.05555573757197,3.390990183507
4.08278699165551,3.27074740922154,3.21017946327836
4.26284518679987,3.5071937919876,3.28503726172106
4.13118457718374,3.5898774137296,3.41047915694199
4.41330264811282,3.33329371491389,3.36846650154686
4.64218686818692,3.43520489856729,3.57520118865808
4.7036161541787,3.66406690111777,3.56587780770216
4.538154094433,3.48972610735848,3.72673883583219
4.70896129783443,3.78351465626433,4.11936210625326
4.90612642208454,3.79972720777555,4.09069234626332
5.13561106870133,3.9849621154739,4.18473263596498
5.17576090653699,4.10591218287054,4.52688604671976
3.6478702343653,2.96360826734658,3.24887236470774
3.82362146401278,2.96842803535514,3.2656707740018
3.47232800976266,3.00176652804508,3.35989432500712
3.44952979865237,3.12356422794938,3.46801381574642
3.42354295035485,2.97375710059002,3.43107079004085
3.42329873722125,2.9691667936358,3.5226585797144
3.28484533216905,2.93078268176081,3.45635346569482
3.35394755028771,2.88362900072638,3.28104820968653
3.37612245083889,3.14455822221765,3.84927634467515
3.58184010143523,3.35257742869227,3.92639173999865
3.29083718675561,3.44048603797943,3.84797926345867
3.44795855135138,3.8116550435911,4.12627851666206
3.60031589762922,3.74901103822961,4.1271842068847
3.41716254833868,3.76964601863938,4.14155010287656
3.60075492554695,3.07405116696541,3.51437638461644
3.73720677131226,3.16517247750933,3.5320043930131
3.66283862519543,3.11734626336984,3.6836855372126
3.59452763495259,3.08686557059217,3.7426738253777
3.88779256632489,3.25849992556625,3.89341147318768
4.16552186223894,3.32767109595248,4.07746232986503
4.0139124389176,3.3634747148782,4.02697865752741
4.03031556384727,3.52257222322591,3.70813808695987
4.5873026509994,3.26447515018881,4.66997143316118
4.79065160731664,3.3214254334245,4.73027568485317
4.06055034721403,3.44625548681682,4.27382078146054
4.22670513842517,3.60319506954627,4.4149959412177
4.24165783889551,3.67528684942454,4.44416231950636
4.27490460009269,3.61462300683618,4.58428037030432
3.86545841423568,3.29527091228642,3.98306838283598
3.70571612054917,3.56877120445078,3.92074262137896
4.20265714309927,3.32755942533389,4.29879024519358
4.4189623211142,3.48678477026904,4.47968410759666
4.41363642879325,3.45496997497988,4.51432612028088
4.80187560210674,3.75805494900181,5.01349981771433
4.36488356454752,3.62761010678017,4.49729047247855
4.37691448070046,3.38404821882537,4.31138140072615
4.73209035056446,3.83352855568837,4.16969009914616
4.13180024838597,3.08838295020645,4.43375331682515
4.08430827106749,2.95115447186927,4.65851842851857
4.11498863903842,3.287879388632,4.37244831351563
4.32599655706094,3.62940845216193,4.43662272516081
4.25826095485662,3.49653280582252,4.73588357269213
4.38531434808312,3.31877204749768,4.96764347099633
4.39048633313212,3.87827446366516,4.70181712040455
4.59605610491007,4.13673329146909,5.21313018465718
4.87708887759815,4.53874112282693,5.26330522625397
4.81427293879236,4.45668512260082,5.44538418399646
4.86851222663237,4.45810701809494,5.76022941276911
5.18548624394532,4.7901412453822,6.16744000151827
5.15169352454088,4.8024223780861,6.08659972994922
3.99682313653163,3.34039565955279,4.1401300033441
4.1470368358212,3.61373299633401,4.30122033583895
4.07401408333787,3.52583706229907,4.04670626745726
4.28026591088681,3.77425081407401,4.23801269695635
4.18852500516623,3.76434976747057,3.91564632333789
4.42148608990818,3.88804321667797,3.93667985914252
4.62616640554247,4.44483379526947,4.10910935583367
4.86421987324165,4.87570729107883,4.38787833360081
5.00226961020152,4.55734547998103,4.37514688379963
4.74821662524224,4.96016939744271,4.09604631517814
4.84159366086144,5.18625761768569,4.31806348148855
5.16816858041749,5.6069120177677,4.31987934908117
5.26440078557227,5.75012676761037,4.52408672789655
5.61956484211599,6.15155463273697,4.54755161307491
3.94028372110756,3.50645116688037,3.80846132302138
4.19632887466146,3.6936271062183,3.9415406718324
3.59492609142454,3.25488563049355,3.70030877203899
3.54548978109863,3.34104326568033,3.75681769120188
3.45202972688878,3.04180178453745,3.61259129683678
3.63032618660653,3.3473288443814,3.78142940970285
3.36029369349054,3.0122094861691,3.6825710713128
3.36353142025903,3.05769855942236,3.91580487994081
3.59952907738526,3.06654283256466,3.93355653728042
3.51188474848615,3.38343308095036,3.70248229047025
3.70978179074542,3.61832966503764,3.84871703048547
3.81282771164316,3.74508379153149,3.97518330142832
3.91870446218927,3.78703932794745,4.10462923934969
4.12233232191524,4.116654410078,4.25788934408846
3.3604733878875,2.6672782928,3.36363832950749
3.33667143108724,2.52345053981524,3.23662538683748
3.41349366523708,2.67132655847847,3.36896257614344
3.5229999445391,2.90610385097205,3.53248965613051
3.43076810045637,2.52357816729759,3.22783355385109
3.46548659771318,2.48981220760158,3.20678535016425
3.69582955287483,2.84425559728374,3.58444030901891
3.87315300132758,3.17782363773992,3.72020462101059
3.79299974267063,3.17368916214811,3.98359041733937
4.10485104595727,3.05703561940747,3.87927310132615
4.31232558066695,3.26086208139372,4.10244132230184
3.28881903449351,2.36165216021008,2.92720818438529
3.34984170339943,2.32135311503103,2.72919376594495
3.20853889560862,2.42242256798662,3.00730935982855
3.25554262402135,2.59696295544341,3.2377936671022
3.18914673005606,2.406976716379,2.91692137714817
3.24067245505031,2.42151159811159,2.83239624810325
3.4413250522249,2.80245804981442,3.35948381450644
3.87048100034011,3.01905528035825,3.57368334812572
3.52852027290767,3.19287900839388,3.53166764163696
3.70013033291198,3.20863160674716,3.91876886891657
3.94821940513658,3.47277194957241,4.13269962901146
3.00085887633298,2.18461663430023,2.68707173659054
2.96802348907551,2.14677798184675,2.70674336647625
2.93473619366518,2.15228111484916,2.58883986421528
3.01738390045105,2.28201953839772,2.67509476223343
2.80688046860673,2.0510796667769,2.4847362473829
2.70428958226321,1.96213147036866,2.44000876877885
2.94862681275484,2.27234986183222,2.70466027370331
3.31097033417875,2.67600724734534,3.03015956142893
3.08951463020161,2.49225600479392,2.93916632337682
2.88179422168923,2.31235933035139,2.64860095345042
3.07602533705675,2.66636060323276,2.75470280374359
3.2107173354701,2.56612676513605,3.0810404354226
2.73944216549669,1.98898728906151,2.39376279976398
2.85294104926547,2.10098125430242,2.47889597889637
2.59390401666941,1.87319400855404,2.30558279587273
2.5489226385604,1.85382346300827,2.33586911618684
2.55509300664818,1.85219995707392,2.26897488436392
2.58645127018013,1.87183156403881,2.2325483360356
2.40642764995223,1.73246284805675,2.19585709802401
2.44429143799246,1.77951546802659,2.2797371735208
2.41290237061178,1.74322252291789,2.22603752831926
2.25385858233076,1.60000884169856,2.03378345660554
2.18276469491211,1.53618816001493,1.962490982546
2.2422626483887,1.60099076494041,2.04387074078961
2.07094779871223,1.44474680012586,1.82248404761416
2.0409470828491,1.44414527076646,1.79916793745098
2.03424701932531,1.41312539482142,1.76283128073676
1.95790556583235,1.37099430681692,1.66497782441125
1.95844324975844,1.36031728615517,1.63940337776665
2.21947417213036,1.58455252787526,1.98441839724671
2.30371729297704,1.68449468773744,2.07846150038384
2.10977347757526,1.49156428634522,1.85109289386695
2.11451182976213,1.52251915539996,1.85257239975138
2.66825257967318,1.9994825689353,2.42224602192894
2.78365413306646,2.11065144652462,2.56520985939139
2.67864142766398,2.06210358528075,2.44756293616449
2.616487762252,2.02430725484571,2.39315591554696
2.81898804384524,2.22881662010712,2.60937473978422
3.00874027699329,2.444162843042,2.75489800286527
2.84181350709111,2.30231891029586,2.59656259808112
2.79706929191382,2.18266940889029,2.54492119226551
3.02738216630661,2.44319938345862,2.71744587960959
2.96533260923231,2.51597206799798,2.60232477895216
3.26686771048019,2.86092403323193,2.71462764708779
2.88532301396285,2.5221199907687,2.66746535104923
3.4977157220894,2.92383804966133,2.89893620352901
3.65781100550274,3.08396141394193,3.38690941874011
4.23594057098762,3.60773082541711,3.07452129170917
4.42406968709439,3.84601017228961,3.07035538832661
4.7883949287212,4.08401130818213,3.46206656041074
2.88692934029971,2.20128810909519,2.71449031186032
2.87876971929812,2.05439575343076,2.6292793395245
3.12997505606305,2.46413973799399,2.98279584848074
3.28594533876771,2.64674228690665,3.10321914771965
3.3064815661662,2.59089420168067,3.18217467647812
3.21890704097042,2.51448668716643,3.23596075578811
3.54118338335814,2.82053584074815,3.39405521002951
3.40880335798647,2.64114196305181,3.14278026853847
3.40883331336731,2.61418591615145,3.01925988021198
3.62331468245269,2.7834968927085,3.34567750567712
3.7645496936469,2.87157179416781,3.51842428160455
3.75903585455357,2.87080103036435,3.38398615774814
3.72174019525951,2.8499525437991,3.23104254825619
3.7424425693335,2.83443810797728,3.55977115872454
3.88503947094637,3.01501816276756,3.77707553286082
4.01815007748316,3.14498324541007,3.71240594205951
4.32331852492534,3.45307004624439,3.89496996442046
4.2484632447037,3.44458326912003,3.96599459211047
4.19022056798473,3.40084594056371,3.85596278602367
3.68046357572661,2.78590099455813,3.52410566426099
4.03419240761591,3.0233612036061,3.39889110582905
3.73561159730096,2.96646252738188,4.03970912322566
3.80638288484668,3.0138232325949,3.62037907041472
4.00979398458658,3.28348307202756,3.84984318704994
4.05028724004016,3.30088633339041,3.88204175978344
4.03403659676573,3.30692042542572,3.86464304514684
4.05352163192643,3.11051039018613,3.59096095794994
4.19897756979223,3.25141432833109,3.83377823872979
4.18036980949726,3.20238219026635,3.56180499483409
4.086858762841,3.10824227403856,3.43459105363062
4.46444613360546,3.45565601415165,3.77576430061676
4.53135711055966,3.56896826679794,3.9095687777831
4.61578948508409,3.59050573132162,3.81920004538829
4.78468056977026,3.52225463351082,3.72095098872333
5.17090802180018,3.87167672160535,4.12051429158547
5.46215541981132,4.03435034016139,4.31402465970395
5.4481027823524,4.08394160503874,4.39707752632803
5.43172074880183,4.13387718739746,4.30916842943729
4.403790857849,3.6158180493168,3.88129502363563
4.49484353759144,3.82781140564679,4.10512086370602
4.35327353386295,3.69528248869182,4.0121858972333
4.63516400059926,3.7183720594568,4.08434689578593
4.81676649056,3.89876112223141,4.32626670470622
4.83520217248917,3.94959547750916,4.32578499974236
4.85083363851777,3.94477917647256,4.31765068669951
4.58257677067199,3.4878379563781,3.86511076351052
4.54682019717376,3.38127589758004,3.78693926547535
4.76832432691359,3.67727847358314,4.09648805955462
4.81775411777315,3.79022846231281,4.20805810595132
4.95140821653005,3.77964179306545,4.27030033688214
4.89765710638904,3.69223958737881,4.28195583669868
4.95634574552538,3.770235891702,4.31253363547626
5.05446982423277,3.97192193558571,4.37277096197447
5.1198670819566,3.97657225384637,4.63294702643258
4.92676068127816,3.71212287873963,4.28889763882747
5.0545029033696,3.87558301873918,4.55648426838169
5.00396042780807,3.86941433842924,4.31869576529247
4.95705714642281,3.75884294259522,4.36786206482936
5.08634248366084,3.96307146868238,4.54500922901341
5.12249883518246,3.95553744544628,4.57072085866304
5.28231156854982,4.11215165077437,4.50218810336974
5.38459037247568,4.26433662910842,4.59957436132656
5.48611891083208,4.27003551940233,4.65243415332825
5.42335396081341,4.17397632758922,4.62368437333461
5.83701014267698,4.63222597315732,4.92902552068778
5.94616543734097,4.73293848950518,5.01602334947136
6.08309040219762,4.86289385065567,5.18177530380592
6.02368176039739,4.80456808836735,5.24984945421899
6.35593112142478,5.13244718723909,5.38648353049582
6.13635155721244,4.93105225302874,5.24677334094663
6.28782233645801,4.95913499173726,5.34453225751245
6.26905461381136,5.25085177695327,5.50239176692709
5.90482222631803,4.7340778745248,4.97036861075344
6.1635157976765,5.00108047537899,5.19524351746572
5.71227467312889,4.61811348175958,4.85693176723698
5.53876638793649,4.52602852268605,4.77510938642875
5.79772480489603,4.7344188461275,4.95947866072401
5.71676929445169,4.66506514601739,4.86491922846266
6.06741617758548,4.97543917847241,5.22261896696424
5.68675900906977,4.68521252417345,4.92775292184047
5.82030182093149,4.85984651108202,5.10277816108619
5.48951594195808,4.50100328351639,4.78130859274162
5.43757542003588,4.41251987165564,4.71261833864804
5.41406443159775,4.4838197827113,4.80695905397204
5.49764993804202,4.60968443230325,4.95008924293421
5.56487277914468,4.64379657694345,5.00794813062889
5.70234598416157,4.784740481461,5.35124302771363
5.54653367590309,4.73376399254748,4.88746634896689
5.88923484025751,4.92865462094364,5.34829847908191
6.01928825626489,5.09254336343311,5.37765090291288
6.16436767298998,5.15046717425501,5.76579073925819
6.04512855404077,5.18343802581393,5.54919764300141
6.23194935250377,5.40269677913026,5.7977188519352
6.23879725396584,5.4662900524333,5.73851192214742
5.13183250677596,4.19814710321755,4.55255881661749
4.98232401739708,4.02012381852254,4.3900048877011
5.09450167810986,4.18374405312075,4.58508259699848
5.24902893944543,4.35844526400677,4.77504909672951
4.89065018435539,3.96013569581463,4.4252213019232
4.82008579764451,3.79833893832668,4.25899562786247
4.87130360949441,4.04426503298455,4.52283503503697
4.92889146083686,4.09490384392974,4.67271160296809
4.98726275357998,4.24775263322328,4.65066396950568
4.70336361902196,3.88198029040828,4.49210591821908
4.77585893668041,4.06634006555237,4.75576440398015
4.9570075495276,4.49564532456172,5.01828408030358
4.6818746265759,3.99837832181172,4.93282502328832
4.78144784282455,4.38858042428781,5.31079815773457
4.51519861834078,3.72949842166299,4.86857889246873
4.46853742479712,3.72680753738566,5.24051884040591
4.53263843362958,3.89377966554434,5.39422815716621
4.55097446217374,3.94238662313402,4.52013497196941
4.55580529158403,4.2986828625241,4.6166646981922
4.46451420887218,3.86575210552409,4.71626635923691
4.4098434188222,4.16469449452596,4.95731398461381
4.85498838203344,3.91589194702577,4.46568963195901
4.98092747119614,4.12879217304743,4.69685372287195
4.74519122823863,3.6792410027328,4.2992658342974
4.69389931672589,3.53896495932681,4.17189290005944
4.7421753077401,3.64600426117962,4.3447308343869
4.82608444779261,3.84681557286508,4.52178336976849
4.8023158942828,3.46970450379178,4.29945031117307
4.9517195514389,3.35165779796269,4.2546556191086
4.72014432929043,3.46957072696325,4.30697101412391
5.00092406289792,3.60725100669821,4.51801867765252
5.39861038825362,3.76629400022997,4.82932938417185
4.84593770502801,3.56018185543135,4.40351894333772
5.29783954066753,4.02275952509037,4.78615136642355
5.68563381412712,4.38372271603839,4.90281158403848
5.42667361052085,4.24999078685632,5.00308306479244
5.43230869819171,4.29424475892341,5.13036992365865
5.70653085251979,4.52864859672595,5.44812741676418
5.57023157346391,4.55858959762624,5.17636430408168
5.55520636465638,4.54796767091053,5.57157686075413
5.66522820374022,4.83099879573749,5.80367783841705
5.74233512502284,4.71031683937998,5.74878069295121
5.70920194178871,4.72180119325422,5.8546941823198
4.66722504832736,3.59402648113126,4.3220658941547
4.65222461510924,3.4953618507091,4.24722013848757
4.6962242739761,3.73860649948959,4.50275765996443
4.78904351858782,3.90044061031375,4.66916953403949
4.67511824373538,3.73626374980072,4.57034941204091
4.48362710173965,3.391266373599,4.40191228324386
5.06802253889026,4.10683724641156,5.00510218707312
5.25034548712232,4.16296976276458,5.23900497352893
5.50153589723253,4.25871546977949,5.3737952764738
5.65532880299406,4.17052999889493,5.48413240937153
5.20165542075511,4.50464071561307,5.16366682419416
5.28399353554283,4.74598662440399,5.3426068586755
5.40890130627395,4.73973369571106,5.34845964563058
5.43787669650879,4.73914637190241,5.33344678015808
4.63449489752483,3.91671760734614,4.55051429263748
4.81814344169186,4.28873840491568,4.67174549601936
4.4755243206872,3.721132107242,4.4668754912976
4.41934219284657,3.48546925068495,4.45597091564803
4.46950348914811,3.90795884583325,4.46538611603768
4.55261969991596,4.02778032529275,4.4689458736812
4.29803321252817,3.5276897019383,4.50731824407474
4.43019385710326,3.66006556391904,5.01024959753963
4.28789588529015,3.29491434486476,4.25002020019761
4.26681460388569,3.83376221308759,4.6203862375314
4.29568466297779,3.91132115562218,4.84621138577621
4.71459105606404,4.50587005319448,4.50218777423302
4.86244215848982,4.73539000829742,4.58768587533957
4.89351950779348,4.91348886183861,4.51347724416543
4.89193757988682,4.87212053078132,4.50281254295439
5.20294712637059,5.53176117650573,4.60997698647782
5.34114556990827,5.70685911617869,4.8338899483773
5.82260045449541,6.10671432860356,5.01725734233747
5.810159105935,6.08873797798754,5.16152304575574
6.09330492463292,6.59979236141303,5.16098932014894
6.26976490631236,6.20830460219152,5.41489679599428
6.19640314074235,6.06160334292396,5.68420309921396
6.61131791576893,6.4519721081,5.62485648298146
6.65833455332496,6.51988828285005,5.64157886390227
6.86351557179869,6.81148090006603,5.60649693881431
6.62327431988837,6.55400426414241,5.74941453314583
7.18848813613239,6.8115452172462,6.23417015013522
7.34175454620048,7.12657144334368,6.45236461770441
7.41435548995081,6.88158631868655,6.51559838477997
7.6100592090627,7.00861356357495,6.6371362877797
7.78993065621403,7.1512244757784,6.83990417945481
7.84743183990119,7.14590195875333,6.85238211626121
7.79057789787015,7.18190177429948,6.8537682962536
4.86982117877717,5.52342922605818,4.168370497598
5.00299873043776,6.08740456048906,4.28990811785396
4.48297747762574,4.94230256534521,3.96018194332793
4.45187110019789,4.57803357182651,4.29765607452172
4.18609770738687,4.9346953221104,3.5527134173525
4.45485747371668,5.54648245646595,3.74313767271167
4.19591259187794,5.25989813891123,3.52206086872626
4.17203035599755,5.66095928658586,3.85651389863171
4.46878159755261,5.48876909029336,3.50398038801112
4.468712032341,5.32423801894705,3.76824399727192
4.72411962426014,5.63892475706775,4.05709730571964
3.67526117360229,4.12206495409786,3.16102758274893
3.38291982915867,4.10763492900953,2.99137252037791
3.7155138465739,3.76851670479881,3.33626240976556
4.08599152073643,4.08433826794624,3.75207181198745
3.41119652640878,3.3418046098951,3.21850227599935
3.119838611026,3.02906290774166,3.02256281416835
3.78493690466264,3.79243195721475,3.81689979469575
3.8866630225309,4.04890896277811,3.89869525134722
4.19669371063591,4.00071220701071,4.22577408007093
4.00627242775978,4.35451904799556,4.16093087611546
4.1640236092233,4.65119115754023,4.15347251748497
4.49398603438453,4.65662138171396,4.69932552549811
3.98916519524066,4.75661923782594,4.298151622524
4.01095581947673,4.73841552585152,4.12312321646919
4.22875554318892,4.98452967032539,4.53708265016641
4.38678396111341,5.32753955639944,4.90660575399878
4.66560658018055,5.53902571956792,5.13692401807315
4.7923385718139,5.82382191942108,5.46571204837909
4.90119908242301,5.87083540836534,5.59327424206375
4.68145002643777,5.56259049894738,5.24675643757235
5.44195508551989,6.38023115347397,6.20377142962832
5.48025834455497,6.53249948435946,6.17231672083531
5.68226634677945,6.6920987648843,6.27455857768907
5.93232554453078,7.01741495725662,6.70057988995252
3.27258248218014,3.37674870050583,3.04743975516301
3.66073901398707,3.91430165333119,3.35314533697499
2.87523302477777,3.05915978275639,2.78615193259395
2.78444474427988,2.90113254371695,2.84159939826619
2.78391526011706,3.26782411919204,2.70965314474652
2.90124203080439,3.55976705695571,2.8622347241974
2.89872108474914,3.839641449461,2.823517050369
2.47521894711705,2.80791973291712,2.46020353692505
2.51578375965182,2.76890295488874,2.47942496632939
2.26989134636445,2.76594887357093,2.35096408510297
2.36581154698317,3.04710054611154,2.45692111564695
2.03615892256694,2.63904840390312,2.23438285962646
2.05369197201236,2.70716958842179,2.3178110801421
2.13578394025932,2.9196407903139,2.30001990712009
2.43949215857843,3.28718730961645,2.34138620359749
2.41924886117117,2.8828736640616,2.55816977407579
2.77613625887647,3.13018240758086,2.86482595169256
2.76755837108238,3.13800580101404,2.91451557186376
2.75322909249941,3.13513983248921,2.89350798891093
2.42498767204041,3.56961638130539,2.81298038527183
2.75834338662535,3.91304459831257,3.17118781263117
2.77846049891233,3.98429389110129,3.17236767881278
2.80002755049627,3.91032687431078,3.17572749173015
1.85842893704087,2.4748897476592,2.12005244995442
1.80605727667447,2.4891100275578,2.13785396824186
1.91577103189677,2.45005263299283,2.10156030818924
2.06940805723973,2.57008650452964,2.18167066076288
1.89953557878696,2.37666646008855,2.06415275663867
1.81686721402036,2.36302197487249,2.01493494775193
2.03757136761047,2.47591259017193,2.12572736972495
1.94654127352925,2.3779013871003,2.1223653880033
1.89584425237978,2.35868797512853,2.10150848164848
2.10219744792122,2.54140641939386,2.24431015172904
2.18604348549261,2.64617847176759,2.29553665630694
2.19393984384126,2.70557386658874,2.36020379032398
2.22916011455514,2.67666290805073,2.38198666088405
2.42315021285337,3.03962549274558,2.54652411455825
2.51624440803981,3.18679114958038,2.83145303271168
2.77119591240632,3.40873976216723,2.92598034824942
3.1174345443419,3.72738685603404,3.2794055265666
3.07092010207571,3.71749939731793,3.22662659164688
3.09966615342474,3.71608919896134,3.27642081352672
2.79761317617772,3.5143545380949,2.74491003635765
3.13141536958143,3.8824014932372,3.00840169343505
3.16518522185389,3.86092891753332,3.11988349232538
3.14892813203302,3.86167018963415,3.14952554845267
3.48163984925721,4.16365895383069,3.48766535884877
3.45181805319942,4.12972090217752,3.46872368280017
3.47787836110997,4.13332140625124,3.48570630638507
2.07652663232996,2.76188748196411,2.33232978956394
2.1100630414336,2.90334987326878,2.39209793896289
1.99563722905636,2.76466732677518,2.28582655535869
2.04023249909898,2.72725747736153,2.28842249581049
1.90695624770901,2.92698926372009,2.27957669674518
1.98478050967741,3.15931883315272,2.40356683781558
1.94428497185093,3.07119585688871,2.31076532128805
2.37372564548846,3.39636157036114,2.56814299537483
2.05465244463635,3.24471907956583,2.59556333168841
2.35491492874741,3.29498025998278,2.58333744930105
2.74724263216257,3.54274058500819,2.94504172725887
1.7636121023257,2.83547016916774,2.15879911174632
1.80489246653913,3.05856449873359,2.2199751267074
1.66118447826477,2.63419855231633,2.04540124973853
1.70879086328364,2.55235497168229,2.05421073607997
1.54784383755292,2.68766418598948,1.95089280039591
1.52721287140555,2.91882049735316,1.97175828959213
1.4850385904604,2.59281285897095,1.83955558479635
1.57364570441064,2.47013084284222,1.89458396065263
1.44502796988036,2.74303741253009,1.80311500689072
1.45227011524676,2.67753819589472,1.78758393497044
1.57968011837611,2.69423503198247,1.81215420673854
1.43869966438033,2.77890026289315,1.84679473757445
1.44072463893386,2.92543576699802,2.15665851058996
1.60125313621561,3.08543522885428,2.43724691462671
1.42441926533668,3.30349039009577,2.5615243494462
1.43142228128965,3.45401292591617,2.6377927918654
1.52787097021124,3.59476818036198,2.96185441748062
1.57873448343879,2.72681434043379,1.98345719125176
1.57712372054791,3.00878124756328,1.9982385480851
1.71192112111949,2.58514053259093,2.07104151159374
1.82028695736823,2.52842197099923,2.14116510019033
1.78941191320343,2.66592584521892,2.12423092362549
1.76250137792026,2.96241269199641,2.12979123197877
1.8504435629614,2.74399648707515,2.12933777161758
1.94299070674404,3.09955196934686,2.19377864362118
1.94789863675951,2.60098528126927,2.23173095421865
1.73277004431188,3.28863946295538,1.99849600575563
1.73305361055514,3.64079923036335,1.99241624322197
1.70829935009888,3.84808442922651,1.95307651822669
1.77620576560377,3.91198468740058,2.00792624030939
1.65021212599161,4.41980721229124,1.88447794804843
1.9442326626864,2.70167090671418,2.24482860608357
2.263502595522,2.67464765795663,2.30113406756917
1.92401810645816,3.13734333572793,2.44003920035167
1.96630574444052,3.43949480148976,2.58006421910713
2.07357620899936,3.46278127594724,2.61161417914296
2.25645210155165,3.44622810346466,2.75937379373974
2.24257577106961,4.06877986019802,2.74167947440061
2.50374169149133,4.32658957186304,2.84284213351807
2.54253145762228,4.38665537572556,3.20087368376614
2.50619689958402,4.39931690634058,2.93180154528954
2.72847232487873,4.48576325148233,3.204022566357
2.08218734559995,3.51525962918902,2.70244189688132
2.27270272062172,3.68022347882132,2.93240718091798
2.02518481223342,3.48834731919418,2.64797643087956
1.99443369179231,3.4663785950916,2.56673507912345
2.16752421814467,3.6223982879463,2.83220538127843
2.28766570096843,3.84135670768093,2.98639945124102
2.24335334549797,3.88775830904929,2.93654449067082
2.2164205770498,4.10173300950185,2.8455151121152
2.43251577746497,4.03796115011635,3.14919091210347
2.33958281340219,3.99141965711062,3.10083161224004
2.63041970013674,4.26424127873672,3.33397970796809
2.67561459649504,4.18606609333389,3.44011723062725
2.26578874551888,3.34158428790383,2.87099317154228
2.66724030473229,3.53359544738902,3.27560514417725
2.17286226676406,2.97854164603066,2.72515887054097
2.2638046189929,2.95462064942595,2.83778815210951
2.22632437360226,2.72836506236152,2.69067924369028
2.36196932293537,2.85240566316252,2.80689581496034
2.19599193106245,2.69694887018796,2.64372521474777
2.25187622883542,2.86409024322511,2.73600101547196
2.09395521808399,2.76930886099421,2.57274025071668
2.30540707018161,2.67375759705594,2.66174746077353
2.44808137553265,2.75276368144848,2.73263566631208
2.32785197581296,2.84111964949767,2.69643154440459
2.2983296149857,2.94656604290995,2.73790839612533
2.44345337509384,2.9956048225876,2.75399028790702
2.20388036115105,2.45930579768983,2.61197083450355
2.13044834837386,2.27560712370753,2.54656284093376
2.32384303957316,2.56999628452809,2.66726401345973
2.42951301057952,2.83168341135065,2.76888006299539
2.3512136411257,2.46619712395844,2.64001825577696
2.2781378806443,2.41741310400693,2.59082458099705
2.53741418219765,2.68996269940256,2.83001329188595
2.72582992504816,3.21095049629709,2.95610166698354
2.79764929338211,2.77021684612835,3.24167481271831
2.77509608254949,2.75354943269161,2.88944413604144
3.23011550770942,3.05651172806423,3.15637494357325
2.9974550831758,3.26394519187892,3.11989123785792
3.27045782794081,3.59443867999546,3.36533542083883
3.32273336198123,3.56171735229836,3.41504746061023
3.29139856820083,3.66034264926134,3.44391973231294
3.1929263804106,2.90424255037577,3.33262207163594
3.52452686678693,3.2048453266239,3.6736057483903
3.53662523437373,3.22820625347382,3.65632154063376
3.53733391299501,3.17083292576037,3.67637251818981
2.37391140579153,2.35595499199231,2.57202846108448
2.37863291045668,2.3505889456428,2.54591933481126
2.41265503366259,2.32815565734503,2.58126469024385
2.44251046009287,2.37652750559231,2.6401904098534
2.4475117132544,2.2935114042039,2.53999270785661
2.5431026824865,2.39416781367577,2.59326066333937
2.55209965361198,2.39362153673428,2.64398148313514
2.49740834470058,2.61755282179026,2.7446115483856
2.61184975950853,2.62190364211002,2.60759384477849
2.74117176590111,2.40274143355344,2.82864293783536
2.79774076758174,2.51407351758295,2.94581752099007
2.89634433204407,2.89681930405824,3.13987808918906
3.17088742670068,3.24623903707535,3.4082270290697
3.10845995086799,3.23612851120464,3.3959709247517
3.13620036529106,3.23552285515089,3.42145727073281
2.97751969674184,2.59103045372793,2.90725665599447
3.23086558967145,2.91023034983917,3.11964466208135
3.20794053164687,2.88338055626193,3.14659717877457
3.26549026952011,2.92198322384305,3.15132978073489
2.29413532303486,2.12595113578654,2.35957125446167
2.31984325645548,2.09910268516624,2.30489483014956
2.14268915735008,2.03111755148661,2.28142873761718
2.14599739261524,2.08689390120427,2.353728086009
1.9806352650773,1.87859299978496,2.10938000382545
1.98682995919107,1.84859078305204,2.08384747771579
1.84530016495767,1.84839078423264,2.05403767054838
1.86972534816902,1.98638937286073,2.11626713836385
1.74350585323448,1.94063815805013,1.96071398329528
1.86188542493411,1.84519384216789,2.09927799064246
1.93934213127374,1.83469374472332,2.1271088136941
1.84410868322213,2.05984230892978,2.16033587408509
1.83423611319829,2.13441867040649,2.17934129341031
1.87723946505155,2.25251877513856,2.21743126543401
1.95300768224228,1.82137856192827,2.04021912250411
1.91719715772931,1.74808758678104,1.95434890793184
2.00576991566625,1.89321123592391,2.11160035119938
2.06054156358095,1.97521868939469,2.20592038653601
2.0186749132727,1.86786063605446,2.08738018769823
1.91242877653088,1.76244359091219,1.97641782741326
2.08990025452098,2.00069480731415,2.19761733607183
2.02580599910992,2.03974766873536,2.19842237472266
2.22521862523193,2.21433171444402,2.32527960354056
2.15974659352838,2.05444589346071,2.21265224408086
2.30366988365715,2.21365884426668,2.27549072831973
2.08776306942614,2.07918475485039,2.13079414214435
2.3095911201009,2.33319566652071,2.3783967394573
2.3258522174458,2.3890529692049,2.36261202899949
2.35370871404944,2.37659996740011,2.35254614380615
2.28101250412338,2.31174903722108,2.36446846268715
2.53604870342346,2.6270563119471,2.6384010937
2.56092606514861,2.63089873508174,2.62931806680535
2.54881580507538,2.6113379124713,2.61671578126015
2.13378631679004,1.8815811535367,2.12817737630775
2.10965021249269,1.81127859407664,2.05889870266563
2.28012556743996,2.0014916486626,2.25883495485454
2.31445924766184,2.08061701034111,2.32907050146331
2.41820871516076,2.0455727908946,2.31250150109424
2.45992017161383,2.06840077507679,2.33935718585209
2.62601271780813,2.20931846695644,2.48814867039745
2.62539306827281,2.21623261530148,2.74667469738277
2.75083660205618,2.27238864688464,2.40766991345932
2.74884784664887,2.36610045171875,2.69847207916258
2.7085001520937,2.39293829555843,2.87214880890708
2.9946702173816,2.6405690667645,3.0355827209646
3.25110168948481,2.55687572581385,2.9662448198837
3.72134158803455,2.74495415394543,3.30464170206375
3.52628441612882,2.71372520662788,3.17882635156468
3.5242750631771,3.2025983290182,3.42321886030854
3.66030205170583,3.57555788553946,3.68390219854204
3.84450005528145,3.6392912902857,3.7933105316986
3.92377827623504,3.45573848662551,3.81597584306004
4.18643636568192,3.63915878242009,4.10373975391294
4.16713755108852,3.71559710158754,4.07428170459876
4.19890301922602,3.68845322674735,4.0551631124465
2.34314516685106,1.94361778243877,2.20110308247342
2.37523736395759,1.93663164048473,2.19239803725227
2.2618293407099,1.88835530819817,2.13721859749938
2.26548472741227,1.92538703191418,2.1801420116739
2.18389905312064,1.79458386535104,2.02852626363434
2.31235728147567,1.86920513696101,2.08925764883067
2.18376478666864,1.81324144654436,2.04846273478763
2.24174649560762,1.92108613681455,2.29318983250888
2.50865806246725,2.1600051885858,2.12332537938314
2.41887356095919,2.15829310258615,2.44648971542995
2.6294004378622,2.74086079636223,2.86663673097515
1.98714190961538,1.6224358816936,1.84999978938627
1.95828377014529,1.56663523408723,1.7726680759632
1.87691853644583,1.56089389145279,1.79904302850565
1.90986599987645,1.62624321759379,1.87576160724034
1.73458183277951,1.42544526388255,1.64840921593482
1.66958592525481,1.3522492694633,1.57220540015498
1.66139270829796,1.42239247803564,1.63259785749308
1.64668885184002,1.4435359872849,1.6511139606314
1.75454647585071,1.54661956849742,1.7503544040996
1.53649199765243,1.29100231961436,1.4954770982665
1.58944952956752,1.36423076938935,1.57211790491373
1.73420552192725,1.51826001618794,1.74150829033062
1.52669058713779,1.30767502589793,1.50576836158544
1.64877259628347,1.43691634471772,1.6455852218867
1.38359636860623,1.15902272768407,1.33402882898188
1.37842400313205,1.17129718002522,1.3231025972385
1.43237856367939,1.17420622390726,1.36214133642605
1.47704952260471,1.20992898049041,1.39849904287143
1.34336407295892,1.09822949520233,1.26887799765755
1.31536745495437,1.06888208608162,1.22643838523828
1.77945610178566,1.42103800407795,1.64904480056591
1.72659544686442,1.35127011234809,1.56473214076188
1.90544260817289,1.53514376780743,1.78230194544397
1.96416534194447,1.62070301735836,1.87594737893877
1.97764114277398,1.57952113143119,1.82987779494273
1.92377102261424,1.53244834889241,1.75019513766407
2.12781033589023,1.73749675580927,2.02420419517687
2.37490501742665,2.13579849615309,2.16813281058546
2.13313750131901,2.04332283451208,2.18821606505926
2.49931229108709,1.88825299361408,2.37331142422106
2.72326706015421,2.231023339668,2.63356181524989
2.88266846411321,2.27373936147022,2.64322454324355
2.58105652398346,2.0150007887992,2.55081521402986
2.84037166638772,2.33633524589149,2.86390919418707
2.86885990122202,2.39189641494732,2.85876920213007
2.01928421674406,1.58715347626824,1.83738800779044
1.99778298265792,1.55483921502129,1.79304494985616
2.10168352772819,1.65481504778949,1.91882304847816
2.14009277851765,1.70554674838418,1.9857385861532
2.16364008215894,1.68926225563516,1.95287985031921
2.23866784363324,1.74353619661281,2.01495438444296
2.29899187787207,1.81517165127923,2.09512895605657
2.60541979757104,2.11667075117497,2.36132406252385
2.57981966519577,2.09497077379824,2.38153607677213
2.48519267013625,2.15512357101124,2.37230291788259
2.04096611324449,1.57602505690157,1.8115962640833
2.06387041256668,1.57503375631102,1.81794363268273
1.92708273606686,1.49685805459963,1.70920553532958
1.94112408558868,1.52842488557471,1.74272179057982
1.8241332811362,1.39439011426037,1.58095644462181
1.89349272975042,1.45214585499714,1.63501107047724
1.79179305477952,1.38814890448307,1.56375590579776
1.70884648831559,1.27388724727051,1.44380735929409
1.68892687373343,1.23851028865253,1.39448779982997
1.65481800374327,1.2422281399935,1.41110594389538
1.69125028656498,1.30137934395501,1.47285222446801
1.56757001314943,1.16128356097995,1.30725954122324
1.48337949808883,1.09673120690474,1.21529184073125
1.55888032732351,1.17966029318877,1.3214975441288
1.54890104539975,1.28163720358807,1.31899349706103
1.6751131264688,1.36852395671502,1.47770102807819
1.53823229730525,1.14857904042789,1.2478641070868
1.6641918792516,1.42092340800401,1.34754182752474
1.517403944505,1.31231893658198,1.15635926307898
1.84845834831441,1.75633400422527,1.60032261212161
1.9037027219017,1.74507766060476,1.54777523722925
1.8174894592552,1.76089633631782,1.53110574787691
1.61404459671018,1.28921628409237,1.36058259415484
1.99068833504478,1.77926448830399,1.74962000090992
1.92748585298247,1.66382837826083,1.71533413124932
1.93150783234426,1.68967892344701,1.77397552050201
1.63699565371944,1.19931523130237,1.35773601984586
1.58318792174159,1.15703348577942,1.29464221989496
1.78374250653931,1.31126528469865,1.50228924597814
1.84566321212488,1.37761304704472,1.5746620840462
1.88216246274994,1.36578080874859,1.58603212528008
1.85289249942765,1.33694311244347,1.56849612405652
2.06228405844523,1.51398762927171,1.76727326364732
2.36244917548803,1.84023733111554,1.97156548353409
2.54819915573456,1.83208108343039,2.25840440513725
2.71618435851191,2.09958590201901,2.37492228494101
2.22546521647217,1.87523035357592,2.12179424920813
2.53177450631042,2.31176607214783,2.4709008254239
2.68427473218932,2.28533268195285,2.54786526002577
2.54446803805833,2.30522978711148,2.55375071796979
1.88409003864675,1.35917790993159,1.55563941751051
1.88674226758459,1.35066283098315,1.54961330343107
1.9029528459232,1.39227256012297,1.56530103168033
1.92450273817751,1.43026153005361,1.60767899511353
1.92697915011476,1.4265677149834,1.5591456975373
2.03006614260098,1.51348360021129,1.64029982833337
2.01409518359312,1.5328134525803,1.65520809959512
1.96102078806495,1.61654004565641,1.68078299252378
2.20555046430841,1.72985785288324,1.86368523722446
2.32467336963345,2.00134351220115,1.91401142000407
2.10864430715628,1.66283168003621,1.7128208187839
2.34446156560242,2.08056971326898,2.0836078356931
2.39462472351106,2.00507345641925,2.06934545620655
2.40730928973774,1.95768843669969,1.93650573680439
1.77720437416147,1.30872865171354,1.40768981644221
1.79940637390417,1.34538971713408,1.40527517432433
1.63991902802828,1.19202589118844,1.30322342721641
1.64443204367351,1.19414584900631,1.33193797069593
1.49894792274941,1.09266004347811,1.18853189325853
1.5325054353536,1.1678457247985,1.20395617905151
1.39375826440383,1.01646945285451,1.14756807044216
1.48337467372021,1.25668292343736,1.49397391801248
1.32964526620006,1.39367162391783,1.19073285477152
1.67072033266873,1.85840426745452,1.65223361461803
1.72039432288799,1.86539334997505,1.66956306309693
1.70185686447348,1.84837389268341,1.63230407017856
1.52041563411077,1.12182576147349,1.38240440503586
1.83028654559064,1.55450686808167,1.54332677324291
1.97771668715019,1.7435736124648,1.87491711097755
1.70010763254797,1.43050952313904,1.64100292371789
2.11142221534868,1.93099008614583,2.04076081349591
2.12196090113003,1.93465633087566,2.03667232520561
2.13022437912976,1.93365922343904,2.06674470729735
1.46872262529736,1.04809911546526,1.15809446377336
1.45274804689916,1.06431230908307,1.13861762656159
1.5127322595316,1.05016254067503,1.21029449877326
1.56071578623368,1.08824329581915,1.26199238335035
1.53276805286955,1.05221875493634,1.24392302529007
1.44130449303622,1.00041614733424,1.18499139020593
1.62772144414721,1.10280264637714,1.35095294956988
1.77071115493868,1.20589607746259,1.46495573768488
1.70061016271995,1.15614982401274,1.41142304143593
1.56562690034646,1.06492127113314,1.3206861843217
1.66517002582776,1.16627614210151,1.39710505090671
1.62596907549007,1.13232286290162,1.30996154471693
1.60542371699812,1.13458254767502,1.30475997811226
1.75718957540882,1.23377081201243,1.40477272987984
1.80415252026176,1.2782742400937,1.45503899071767
1.86608828472634,1.32062690939503,1.49015218125112
1.89464282899509,1.33506525937535,1.53987357236188
2.0422383850985,1.46442301337089,1.64493672420228
2.07179042619056,1.51563147324752,1.96817621037874
2.14060913371565,1.56287817128793,1.91552274347757
2.13237830809177,1.5437022926913,1.79555384790461
2.21608788674121,1.60135641848577,2.08380195052416
2.18802738153279,1.550219717267,2.14423036813472
2.36047303655209,1.72008756640725,1.91515598300567
2.62936429262644,1.9982734639279,2.17778894886635
2.64141696823958,2.02381937158903,2.11710442383079
2.67207415981049,2.14326622337013,2.42526469947281
2.966784133782,2.57560089579269,2.75701902990612
3.02013881223936,2.55833835124431,2.81331541610366
2.80628787863949,2.26564215717278,2.72174351563231
3.00348233134101,2.51501475662472,2.99234904626171
3.03043386963866,2.50831095253268,3.02469191056092
3.01943638551449,2.50573806733049,2.95596114571991
1.83031521771859,1.31670374513714,1.44163150733823
1.92633953546874,1.39442576254519,1.51362113039126
1.73433078366589,1.27711074446301,1.36452728401085
1.71454891794225,1.27327218977677,1.35455706919631
1.69823643995833,1.29152797469852,1.33109146508486
1.79653353562045,1.38693891227697,1.41483508573829
1.70190522155835,1.33125054807307,1.32309070707219
1.74973322992619,1.35315287833117,1.40442859892866
1.81468696233775,1.43696088539723,1.39640284933659
1.8717521829712,1.53326044328894,1.46703671154734
2.202679451578,2.01077458632352,1.80197034128306
2.33890702174545,1.93762629034183,1.8143700780475
1.59934830845021,1.22833012854016,1.27645638119005
1.70311926928106,1.35834490235943,1.38327980137831
1.48489090675521,1.13062604481472,1.21454216109365
1.49968579328269,1.15136377410369,1.26113099993339
1.4179681679177,1.10367117472677,1.18817100293817
1.42909464479183,1.16918539607072,1.20274081196746
1.33890084237552,1.05683340809615,1.16001355534398
1.51436394074886,1.09486219634074,1.20363833089468
1.43755770146434,1.1351307384131,1.215972973944
1.35694307181499,1.22666318784376,1.24412638838735
1.28386744185744,1.11232426544806,1.13514081097617
1.58284419854558,1.38873118509286,1.31374786447674
1.79827065810029,1.58830870828493,1.50754009515365
1.78362861537117,1.4568595088879,1.26969017785776
2.19008741468031,1.71258133166395,1.40738242741749
1.55985187717128,1.2866416735135,1.19277791480225
1.78738401508974,1.42702384892329,1.30983579888576
1.49332993708774,1.12940584442303,1.24753466922791
1.55794635530713,1.22233730850231,1.31401186067976
1.56455194004799,1.12999010186448,1.3007624139112
1.58399902637736,1.1436945621355,1.3193420323014
1.67636594884853,1.18007022979048,1.39173661754296
1.67755752061384,1.2126273291513,1.40552313060222
1.70569258501235,1.1642538562368,1.441632627057
1.75370022040269,1.19157588842425,1.49037772748483
1.8182683013966,1.24838704189392,1.55821223290882
1.58003279157473,1.08083983201586,1.34714086163877
1.57626493642867,1.11900427209477,1.35381687439255
1.67745838922693,1.22026331973414,1.43631282977177
1.51083987544995,1.10006427485554,1.33831570018809
1.584838153442,1.19620755456735,1.42305683530486
1.42462010006986,1.03087388550005,1.28879583089555
1.41670181963124,1.06701175600082,1.31919303060154
1.5228345727019,1.04487403907819,1.33620782517137
1.59716225365858,1.11133730140324,1.42282291119713
1.43425857585933,1.01226821297956,1.29270429354398
1.43653695014707,1.04017704568664,1.33620374270221
1.82172328153577,1.27815943658117,1.48805629522976
1.93796402860136,1.35526490275376,1.59131813445965
1.87199101570704,1.35940381233609,1.55895820684212
1.83273349552293,1.38572797257894,1.5974765416475
2.03076947188262,1.49636756922289,1.69497030176719
2.05167799067,1.56430321740516,1.74406665144675
2.11356342981524,1.65529764879014,1.84023951434777
2.07330005381612,1.74742866607063,1.90615586404364
2.2044503957199,1.91804515998801,2.04055879317629
2.36725033929589,2.02613590078183,2.12557318933205
2.47613648567404,2.28624148571059,2.30803394333651
2.16728050354562,1.53450127926098,1.78577391142358
2.21821778314095,1.54010256226861,1.83027710049875
2.27828152464657,1.62950214880173,1.8963611494596
2.2833639334091,1.68002490617866,1.92432163689679
2.43294325178741,1.72069164552319,2.03714906062419
2.42271877313749,1.70542257637163,2.01532334230546
2.54615661904486,1.84242384384579,2.18607200828592
2.68561776050459,1.95349468867818,2.32826337667655
2.58204296139307,1.92133223501443,2.27164415304221
2.73747812594419,2.09072644846525,2.43934098256124
2.50091453285599,1.83621358199948,2.15792470155197
2.69746148352493,2.12681226791214,2.37473392166848
2.73320825201347,2.06767812137279,2.31561673143995
2.68324501877082,2.14330314716384,2.48971944048861
2.5550037533186,1.79328440033655,2.14366296387314
2.68426896300175,1.87194704458182,2.26739445298199
2.5672248695195,1.82134365731559,2.15097321918963
2.5056838789861,1.81811603734422,2.10461969340495
2.71937930393499,1.92918029400281,2.28359682432638
2.92902672789944,2.0528337946797,2.40553738596505
2.72992096063246,2.03055650703466,2.38370429896805
2.72565230118897,2.131286556747,2.42813578891777
2.96358087218846,2.28698279215376,2.58989330732012
2.90971335885785,2.37855620054754,2.56076060793009
3.24090962575365,2.72718737084681,2.84603487910982
3.13459449101462,2.70019818211488,2.76268989283629
3.19718275000758,2.79637062738314,2.95806449005602
3.47606053466124,3.17278997117717,3.30886098612444
3.40791972507736,3.08614343469456,3.31766217533783
3.75865833245018,3.32543291883149,3.39120065344328
3.97780349790718,3.67963328211625,3.70241918856533
4.13431907896384,3.68238272100389,3.78864055908027
4.33414434777795,3.78960359387894,3.75450392688448
4.63214507199186,4.0797206742241,4.02997620286029
4.63451775515782,4.07501511547703,4.02142653141161
4.6215833625406,4.0605478921526,4.00492122043159
2.7187110997034,1.91026911315989,2.28670719821706
2.95308547093378,2.12594539391116,2.43642217123055
2.54476610294588,1.76633998085215,2.40046600943177
2.43375493791245,1.72149200506434,2.59019246309822
2.60520606149812,1.8002945078162,2.53182398449887
2.84025625857848,1.96164657193302,2.77887695096341
2.54181387178678,1.86122180108652,2.70832389992187
2.64438551147272,2.1446478816633,2.96291352659658
2.81623296108524,2.18148431149082,3.01275659823991
2.82172936397165,2.20354003310058,3.03514923171865
3.02717852872625,2.47068706787777,3.26413379491131
2.5651011330824,1.73349470939544,2.39902755991685
2.72781622681277,1.86651691766891,2.55669457378455
2.43304913736098,1.64853372132672,2.2129271510852
2.39283258835013,1.6795868550822,2.20346428197754
2.41126492199112,1.61746777506595,2.12851083122982
2.4461805946088,1.65306042037748,2.16149992835754
2.25945833531465,1.53048325370502,1.9703892756966
2.23425775398309,1.51882652053959,1.95226973403832
2.3120602676948,1.58712899957759,1.97515820749744
2.13895429748444,1.4802358418493,1.92120412496173
2.52531855360705,1.94710763166956,2.33841449941159
3.14604526571552,2.65609090710152,2.99646451910174
2.48437786682248,1.94685074766968,2.3166566214179
3.09379848114372,2.6324854629778,2.94695892195221
2.02008935773291,1.5472931145388,1.91747794657397
2.02338659595553,1.66538851439385,1.98366661475982
2.23172874491439,1.93614712527087,2.19366188632192
2.24439816389082,1.84319065399609,2.16226314054174
2.74694568280423,2.49688847161525,2.7318039549641
2.1860968719492,1.89936649942987,2.18345664243895
2.65215808431592,2.59163368822995,2.78450622395762
2.50839785450476,1.66771334830081,2.21401678587936
2.59632280665993,1.728249643368,2.29231515624649
2.52769549344451,1.68869524561516,2.24245216848035
2.50101137542428,1.68804845558451,2.21758550027992
2.60816143615489,1.74347860819035,2.34347358290889
2.64197847619993,1.79221547134009,2.40879122209325
2.68325723487257,1.81161270691803,2.48162957304203
2.7082289414386,1.78430586088053,2.43787739953729
3.06310822311889,1.88085110667997,2.65791306031417
3.4303962691437,2.15394428957245,2.93759516737811
3.36424013885915,2.20519703387784,2.94397165184448
3.28487860004888,2.16875800519385,2.83816748385818
2.77907747051926,1.97522033027875,2.61629235714039
3.17319923965792,2.43465679786523,2.88978338637785
3.03369978326328,2.41002864186176,3.0432376273265
2.75637347632253,2.08289811398549,2.70822251934062
2.98989614545425,2.47054183198148,3.03974554193505
3.02345349712257,2.46845895891816,2.99182889401231
2.98090029015709,2.46543202419467,3.01890495393392
2.5986091105976,1.7204197445524,2.26106929503573
2.51067366956988,1.68866771178535,2.18347640525484
2.72662998075214,1.78257044238887,2.3300552672907
2.8386216069044,1.85325825135457,2.45359043606627
2.72551817157191,1.78099360185853,2.28128126971244
2.62112793101226,1.69113340556064,2.19233197210203
2.71361025626532,1.70857559128391,2.22624760437742
2.66484262218055,1.58901283062244,2.12250990991713
2.98700396684442,1.88632915416089,2.38836796024118
2.63995956871445,1.6772001184452,2.21150875813308
2.95488428799011,1.57813257741974,2.42476984351599
3.24641325725697,1.55861018378654,2.59859325561378
3.04343788051774,1.61273175054006,2.46707846715838
3.38353658155352,1.62044930334388,2.67564365356143
2.84677527997648,1.74464795979804,2.28348024489594
3.04128572192011,1.81675408457486,2.34779124649146
2.44865630978482,1.84102266194683,2.04448735077836
2.37251418336156,2.00354164267852,1.94781254251534
2.5695651439659,1.87421074393628,2.07747420350886
2.60838129477994,2.055401688261,1.99706623398366
2.94837462710402,2.10200680848272,2.50500858401744
3.21602088724947,2.3504282132644,2.70769984682298
2.87938006753172,2.19044120451872,2.53506481814306
2.71267243770875,2.08558639328555,2.43103168088459
3.05667206394513,2.51264331883542,2.77708146586041
3.18585487886398,2.63737613531281,2.89354686307797
3.19032874414784,2.88831612009648,2.9847659522475
3.1814137044631,3.1382278007822,3.33844679743697
3.53062169132712,3.46971061409522,3.36505115398227
3.49241953421733,2.84715638033595,2.96100080394599
3.76041794606773,3.30960491802482,3.18640889769581
3.31983300691671,2.77768019105609,3.35597074855641
4.35046830774877,3.20123603556532,3.04475310536388
4.49223246592875,3.40814125675782,3.29168384415048
5.23356347074732,3.63914821488343,3.34819071208966
5.33485567299153,3.66707858019929,3.4788735085108
5.90746354962007,4.09805549043143,3.69593154319513
3.00845413230232,2.47532856069213,2.78582807606893
2.86202830634587,2.43824937867238,2.69929325674165
3.18809581668474,2.58883427664355,2.97407151566217
3.3643565175162,2.68569834975699,3.1098074349254
3.21055523463503,2.66769643288686,3.06124862715014
3.0388361724749,2.55581748636952,2.89242952704139
3.39135779568029,2.65791169833589,3.30675091191979
3.62836317684057,2.92562085274692,3.43103731495787
3.45892369087181,2.79571924111392,3.46370751947195
3.34377435254297,2.44506581308791,3.43528437300599
3.2463438156182,2.38138511410515,3.45934056514444
3.38396261074812,2.46204890742491,3.48569001095309
3.6086684884276,2.65550061459931,3.74228080524492
3.93873402806353,3.04403124609396,4.05657896571587
3.84193412718242,2.90568005219724,4.01780454362896
3.40422525186,3.16114421902748,3.23765212685647
3.67937575780991,3.52393304423429,3.46145613749517
3.38311752104189,3.31574067557416,3.20361525379391
3.2475449149855,3.13607036886432,3.07665084084818
3.68704202330083,3.8920944991171,3.40800700492288
3.83543718690291,4.31208006957853,3.47914600478519
3.66565826045754,3.92971616520504,3.39160695794133
4.01513515793197,4.09371949736485,3.67345912062185
4.09316276750715,3.98266022746338,3.75495874818202
4.36120404095251,4.6246762757703,3.92737861995728
4.41339364813654,4.84807043760033,3.96121583573612
4.76589784605217,5.05129840712949,4.25841768728738
4.76977346159566,5.00522104653381,4.28436165210298
4.95140600177647,5.43864599809176,4.49102655467364
5.04772988662124,5.67622898755635,4.50078294633316
5.24769542851055,5.81814343498222,4.64311134532732
4.8061453080146,5.25516548059429,4.74547822515836
4.70395566109902,5.30526288130199,4.59704127831743
5.05587464933015,5.50173588824636,5.03981920716659
4.74376697556722,5.0882693387729,5.092077810427
4.9877125232332,5.26194077977067,5.44201382489989
4.70733105782548,5.15822077411912,5.19993689399366
4.78576699488093,5.34773678065769,5.04716992249578
4.79058675432693,5.27308339582098,5.55478019446422
5.15979084736319,5.44233968397691,4.43254168162785
5.57761022901054,5.83122546570542,4.74232911114735
5.13133726252048,5.50005394163104,4.33758708095682
4.88483966648483,5.3753037390508,4.20787350168776
5.57959014556641,5.92561369103173,4.55746336580209
6.00989828644573,6.22542479162411,4.9625620127656
6.03092380100079,6.73376835898826,5.05708021094457
6.01750826328147,6.6626149043602,5.39158539055626
6.34471648175988,7.09533571076842,4.99225107808193
6.44140909553475,7.4514736769525,5.66651019022931
6.84272945862638,7.86675152164738,5.86115303276602
6.88221751773516,7.74992593351762,5.61683018591921
7.43568908030872,8.6426214425209,6.69840092493097
7.88058434357653,9.0680364391413,7.0552081918042
7.66214258692922,9.04916208683776,7.32829328887845
8.41817916233857,9.92322081998185,8.30520992011014
8.62075071655877,10.1823973933301,8.5749384167413
6.75486722681778,7.98647011126348,6.43799343757581
6.72052833336366,7.93474369701772,6.61785851999895
7.36801650752413,8.78584033916582,7.23916254434106
7.77391478349654,9.32975412918611,7.95926720151993
5.23136673125037,5.39529712831096,3.96027214745489
5.2634943675083,5.42409149590542,3.93334863892921
5.07724686049943,5.02895657272212,3.73485758843045
5.30862237995464,5.17089489798621,4.10279671000681
4.75485264002678,4.56359499915962,3.2138814044358
5.06563033844526,4.75730235371946,3.21732126198367
5.22461395023964,4.51616743381898,3.29413607451244
5.54985426084756,4.97977078854959,3.31216564044952
5.20193815581337,4.05506823393467,3.47812485437134
5.79371155706856,4.94972442913234,3.6351680427477
5.80117722790463,5.13933539508975,4.1045561272861
6.25016027337697,5.64004201727499,3.71119222537475
6.47610874173318,5.92563736969446,3.89197160920234
6.51096730970032,5.92889356319173,3.95150563647257
6.49514180237087,5.96345238611874,3.98989048004055
6.45428057502451,5.05602252562158,4.05869873599278
6.73383810107919,5.2654400169725,4.34029348767902
6.77445438581995,5.25769009528732,4.3603464120085
6.72056324267952,5.22830225820216,4.33883871032491
3.80941788221755,4.06214542249093,2.84386008065494
3.63053541717674,4.04536106734626,3.0500937649044
3.47016883499863,3.80434543558306,2.52207545966525
3.90174828423563,4.01011395575865,2.63222653983166
2.79967162007927,3.38937092000064,2.2758337252895
2.58903894754938,3.33660168243162,2.39324280949036
3.24309747133633,3.43738139401466,2.36082760988398
3.69389271285046,3.65687272648115,2.57791715509112
3.44122610808249,3.58915487922442,2.56199713209148
3.61083690991427,3.53076790858056,2.83492710489564
3.79899247262443,3.78001445859138,3.38976178268564
4.284444022255,3.75765211489647,3.13314225785293
4.5238768601171,3.89990735026325,3.14341077205457
4.76713062921154,4.00796871330356,3.62487206162666
2.4687736647357,3.16187145383284,2.10252278680456
2.57570573665098,3.2767875776778,2.1368701569449
2.29377703195715,2.94399489123398,2.09667605693951
2.44531354815827,2.98337144830316,2.24108869407762
2.1578210966899,2.78041735378656,2.07632347003885
2.14646789344923,2.63357005413651,2.0151279282683
2.39234153243194,3.00887082581116,2.35543044865851
2.9431423757272,3.19103372695241,2.57067253380332
2.57264274628411,3.33058697722997,2.64248108256188
2.57665879621554,3.25093601653771,2.70529653760059
2.76590781173517,3.63646526499103,3.03737003305224
3.09149524121558,3.49316830752353,3.02239823992288
2.82440298146493,3.4620401825824,2.96932922628098
3.07913670453919,3.59641715026699,3.18159529847619
3.07248849643216,3.73424431966969,3.28432800011764
3.32268364080255,3.89306362908726,3.39136549841134
3.66850282897566,4.18754557376495,3.78269011164661
3.66463296955406,4.1841330828195,3.71740901686753
3.72872147518918,4.27085938089154,3.66630674692325
4.00623400671396,4.48734197500304,3.90012064896258
3.9881624129468,4.52778004089865,3.89913560237674
3.98259860323265,4.53234121208724,3.89313958326435
2.00216674940322,2.69110638514878,2.01792291121623
1.85274083770038,2.55508806978281,2.08642612026773
2.12452921488936,2.81236978345773,2.08166068706487
2.29474090399915,2.93955577599475,2.24399662402317
2.10514836646881,2.82263598552804,2.11758485668576
2.04808106233227,2.82806115962213,2.20941965637637
2.40228349709606,3.06734230242367,2.38930480570777
2.71368048444289,3.27846912504456,2.66805232357624
2.5857153587838,3.29555031490472,2.65841249727675
2.7761581601343,3.3286067323877,2.71441335726263
1.98440775576206,2.65057384495544,1.90295462709167
1.90371072110863,2.58297500162917,1.89012890491458
2.04434598224914,2.60429647013527,1.8361215276515
2.18602237295417,2.6867291147735,1.93030701049472
1.99050310327979,2.47562682828457,1.75711805694101
2.04574845292481,2.52913386839166,1.83259696033838
2.20764083978506,2.53096895516113,1.96231964441979
2.3473120239422,2.28879101787204,2.30434297459313
2.52553193245304,3.19468970751319,2.33513883910017
2.73557112608405,3.35435409745358,2.58658086686771
2.63113204420229,2.86547121714651,2.48078441742261
2.99582757448074,3.20176619173631,2.85188959115212
2.99624767203938,3.20509895861696,2.90886222067527
2.97176433748393,3.17709160015343,2.92760473325196
1.7417636908016,2.27264262929996,1.5687325368431
1.66346086193832,2.1850111154002,1.50423561558003
1.67530759318038,2.23316513458173,1.59006164465453
1.78577590268247,2.32809074704154,1.70298876060334
1.52576364351451,2.09533717932109,1.58118920623233
1.52943494796168,2.01059388152363,1.55299177574897
1.62401153041377,2.13729117386271,1.84033813959289
1.69173836219649,2.33087057227993,1.97957981834112
1.71003054048941,2.14790457852317,2.02741467742221
2.07417960019045,2.42918329352295,2.36521917086251
2.02970548766289,2.41474036896233,2.29895567557583
2.03492184140464,2.41053976507525,2.36781518674911
1.85340150313151,2.21074692598113,2.03064104403198
2.18719356807705,2.44312895599652,2.24780688591356
2.17654133065751,2.7443013205102,2.33089949645762
2.16625873368027,2.22999015510071,2.32837564126219
2.53219627864088,2.55666975714531,2.70934682475592
2.54697490042813,2.53957648816092,2.68317290818775
2.57986590680519,2.58057259583522,2.67347058971128
1.38906944048739,2.07154644194969,1.53965656456482
1.27756502880594,1.96728712252408,1.47830013127622
1.47315828092324,2.20275903462935,1.6874287693754
1.60758360688888,2.30621448735413,1.78086551468004
1.46845842110993,2.23226871462143,1.82551285942209
1.42731142277652,2.18128349794472,1.90607921619596
1.70827682823627,2.42894808406882,2.18295200388843
1.86082132432958,2.77308618508025,2.18124203210449
1.83087409995293,2.57132509116062,2.35860644109759
1.90501142375237,2.43942150680741,2.55293524614292
2.12627197207348,2.66228519773556,2.78580720397453
2.30097833006596,2.77919909927844,2.90552578286817
2.35004224554622,2.73246520873092,2.82317435758009
2.98089511078226,3.23744393103429,3.37048226742246
2.83216062990927,3.1218209552794,3.07649975059041
2.98116279472577,3.28985360036081,3.20865398845549
3.41169276535184,3.58600439597761,3.48001555503983
1.41638207219611,2.18191767437638,1.70551050022454
1.3658902973962,2.12929990474704,1.76239664171809
1.52887660354783,2.23278426104375,1.64995518028991
1.63722823214146,2.30983110302725,1.67791697967671
1.59115156819715,2.2140950496176,1.68511582420732
1.65063211962834,2.26459392325664,1.84560862633823
1.88230729558438,2.37227718351473,1.85427592605516
2.09590683393021,2.37622773426032,1.9523640619903
2.02241103216747,2.37647111565534,2.06595027971758
1.99080964055718,2.58912872652259,2.01509650303234
1.94626461234698,2.6054988451263,2.38061793461691
2.40980777771567,3.15778634309567,2.25453677482224
1.42187556300615,2.02609128327539,1.5124800079855
1.41598315282099,1.97672879713847,1.57734446945323
1.35813139427808,1.94545315549591,1.39868895677458
1.42608168057784,2.0112274319845,1.42734470327834
1.29318535015232,1.7917440333154,1.37108227755486
1.41531552708855,1.81106315490978,1.47559543658807
1.42690932174662,1.78289484745424,1.52726609114286
1.70184525224991,1.82304553744242,1.74054167666729
1.67682828529879,1.66781727070649,1.72025046578792
1.3324579991597,1.94244968062284,1.5128021308648
1.48675509863069,2.01366201796216,1.71674588362988
1.6314373904769,2.01860216307589,1.90134093158054
1.69516605824865,2.18216289883302,1.82239624926989
1.96207706402398,2.27157305805121,2.04721870073777
1.67536608141175,2.27385940735238,1.6815191912966
1.45082435156293,2.13960539533748,1.5172840747577
1.63971945290113,2.30126869839773,1.6130740760534
1.70700944871269,2.24766001499441,1.69956358444759
1.9584980186712,2.62039486652439,1.80017506566088
2.20651639964392,2.81848851669698,2.0121544129598
2.0160368300078,2.53838195968333,1.8406431184587
2.30201004133396,2.66183869796995,2.06479751696683
2.12304793684529,2.72725826256368,1.8736390522254
2.46416769328896,3.00182363150842,2.08734354814343
1.08317294339188,1.65795515921634,1.25905842581386
1.0951660214947,1.57735029368399,1.28719670228101
0.991064596047639,1.67186169782513,1.25764246705421
1.06109590422057,1.77160701357814,1.32350629774024
0.919483483787367,1.58702340844249,1.29521085336455
0.948570980614416,1.50235983166642,1.32301936738341
1.01673432460035,1.64929453084731,1.45456012781321
1.24218346762501,1.77749628825881,1.89245211476713
1.28679805968356,1.63813778397203,1.96673373680252
1.06081763949509,1.65004167140754,1.22688369234127
1.40137546146083,1.70912783106242,1.68399961186831
1.39700497775955,1.78281536136722,1.62862263212464
1.84181176958204,2.09189193089473,2.14367291130449
1.86405891346741,2.12645659283902,2.13707411872555
1.89253528342084,2.07583287630664,2.09794215522219
1.37747944592585,1.57188066125078,1.88610194286733
1.8486522823923,1.90848814523121,2.40168882029437
1.84273191075894,1.89540079801976,2.3639107475215
1.83912290860851,1.84005643891079,2.37571731163969
0.909913340521574,1.61197080826236,1.28441877824163
0.991388743936324,1.57070835200862,1.38101997927291
0.987526152643392,1.72658159445351,1.32183834241201
1.10280198046096,1.81442411702382,1.39487116424861
1.06851585305237,1.76761247204521,1.39277834296181
1.12928963573396,1.78845645330856,1.49665797898993
1.24609725711008,1.89264716133061,1.56566087476181
1.01486294170225,1.67825064156165,1.2791336376176
1.01676852840764,1.62569144781191,1.23428354487007
1.08784222093385,1.71637121227895,1.3389837677347
1.18530294456958,1.80914410749728,1.45899668172741
1.12886985246065,1.68283748855331,1.33676335361309
1.08530196113499,1.59375016148613,1.27604559854592
1.20412265774687,1.70054378152554,1.47387620729285
1.2807723371841,1.81010829011953,1.58571297921252
1.29365078083986,1.72292442895781,1.54369028178888
1.14638755954507,1.61441758239868,1.5018590017339
1.11945209358031,1.53802466878669,1.74639448529072
1.14474243782897,1.65350770076458,1.77540811241095
1.24192157190543,1.65574154975377,1.52347860706199
1.3218227728493,1.76961787352522,1.80727370157307
1.31418083003601,1.67104403429158,1.79345347610884
1.23757186287569,1.599278357396,1.5152578310065
1.28249427762828,1.67082749747114,1.60354856247811
1.25057302599499,1.51823450356626,1.50074941681553
1.28422754786368,1.49383028474405,1.49524101871342
1.27347159706969,1.50793196211957,1.46673360979839
1.35259518849965,1.48601645117833,1.5614147074708
1.31372874361266,1.53049943236899,1.59115717832156
1.38044684897878,1.615262090975,1.67450252129998
1.35782720765642,1.51595847726828,1.63813414325088
1.23550226064893,1.79334617554505,1.38989223526165
1.33178109714834,1.93417943315877,1.51902040470865
1.29024394929952,1.77897000536,1.38919003768433
1.26584712348331,1.70304281574676,1.35655014985439
1.44963522473253,1.92219867999609,1.53845638317814
1.45908793343302,1.99406379626012,1.54123712483309
1.58005165394596,1.95199992681909,1.64267692748171
2.09981289879643,2.29074485319468,2.09889113658629
2.00038519799467,2.32904382583847,2.09797624586599
1.71023992860429,2.11868707428459,1.80268132499097
2.14062054280337,2.50535900091218,2.31956709630832
2.23344349739636,2.5805744116546,2.34008340822181
1.91695750634092,2.39528844781611,1.98277556304686
2.33943057550682,2.84162134115027,2.4624091970284
2.20852772954359,2.64524930460221,2.26372392910492
2.4234561246263,2.87278099958623,2.48765562102575
2.80940928551374,3.25228006936785,2.92613578913253
2.90323241691985,3.30956647371725,2.94291510072543
2.79249258266685,3.15995213363692,2.84822699302742
3.08232423701753,3.41768497932394,3.15638231639888
3.08797194415737,3.38946136128206,3.15443086961426
3.10654667742823,3.44809369822982,3.15580276128911
1.59113564245556,2.04082490884757,1.72930016834625
1.6546439464726,2.03428615051055,1.8988512977953
1.71789607986649,2.19819602334742,1.78225773350175
1.7317373177205,2.2446989437627,1.72782880058434
1.9130393100353,2.35123132752605,1.99266406486313
2.04338220687742,2.36173639711339,2.14654594970951
2.06266772313266,2.41319520710241,2.14392730876172
2.37841394686996,2.66352277221775,2.4458076738418
2.32699598948748,2.5046855348554,2.26891344038467
2.25945343177268,2.61100749913057,2.39182909982924
2.48995526726926,2.75043145180695,2.66338586306561
2.06582837034342,2.52508532795207,2.03586806731575
2.09033180717845,2.54486228675102,1.95468566204011
2.291657545756,2.6953756194597,2.26694063180677
2.33389562088508,2.71596178734723,2.40316822045056
2.59190265550446,2.88684905949631,2.40512238918445
2.70423251649799,2.91368118715765,2.44714171973963
2.86103269228139,3.09618961657967,2.68181089965991
3.05250759933561,3.26685834703948,2.98102269674032
3.08445296699511,3.37372557607191,2.84837141816842
3.32739422520609,3.41407920993355,3.14158844354957
3.59378970647561,3.63464025462583,3.40783656048234
2.70046129739123,2.93360534746052,2.385154326736
2.99542908999753,3.06165747233941,2.51748777650069
2.63488108057162,2.88565639720865,2.36589765078977
2.52797646016006,2.84688333253468,2.38128142181348
2.90910489453842,2.96036350873029,2.48351063184661
3.18222805121113,3.11682919115989,2.65240341222543
3.13934939916265,3.05679592218051,2.7490380194279
3.39292149237269,3.28967025841947,2.83540159043239
3.50597025932813,3.2742808451853,3.10197684555603
3.2834435588695,3.31278975903626,3.22928796009342
3.45060690214594,3.55141571271459,3.48412103017904
2.8235814644762,2.83713274683376,2.32341874210563
3.18857112199547,2.97502572088674,2.53839537962536
2.44214616253925,2.63803734591318,2.05471624145662
2.29094544191587,2.60915050643063,2.04146317868854
2.365677421467,2.51937724146747,1.91871759809445
2.64307921333353,2.63414726266302,2.07221827534028
2.51591876394921,2.39595698540514,1.98093322247015
2.78271109616654,2.52808588693073,2.2501017197335
2.47738821476682,2.31836841836553,1.95757499039512
2.78453887982931,2.28930697312973,1.94018090800155
2.89548703934738,2.35572086393136,1.94430282296146
3.16390250949195,2.19205453820047,2.09760017610732
3.26600801834839,2.22814870898005,2.29067959229221
3.47327695146158,2.14433648358322,2.13989153669178
2.00197650488394,2.42021470125072,1.71857360396328
1.81640838806464,2.28563673316491,1.63588760620014
2.0984689019438,2.52613451364339,1.82035747538967
2.55115425606588,2.77237873283291,2.11325785208075
2.72999822030233,2.81986833195921,2.20398557885326
2.72178290119443,2.89216862473811,2.24308142938713
1.99445902388772,2.47803356882767,1.86129199158188
1.9489019359053,2.43476485618987,1.87262121598524
2.46949096231722,2.7410675454023,2.23547824707653
2.64240629938269,2.82530104275572,2.47460867851758
2.65411943622493,2.85189109785693,2.39202189432059
2.74569442308655,2.89021781636874,2.34227007763209
2.87330119024408,2.96684952256516,2.51110053281067
3.13146927881139,3.12286036618954,2.63575047013147
1.77157752232379,2.3056524927402,1.74922350153524
1.82365510863124,2.27467314778265,1.87128553301131
1.65439090029339,2.24626304434798,1.68044792798112
1.7422410722111,2.33258647307172,1.74352137798776
1.56704405175134,2.1217280387673,1.71022548186067
1.67216375316484,2.129718246546,1.90044369031424
1.77930550245583,2.2289700257242,2.06039794284084
1.86963848059048,2.28478875328777,2.09155021346282
1.92471839991189,2.18417830651723,2.18725079357568
2.06389278034573,2.47900045827766,2.48469617000114
2.35225791661477,2.59352201862923,2.72066050616271
2.20037018817294,2.65070318816161,2.55899887526165
2.37626452796651,2.65822166989921,2.95686166659989
2.76896881670516,2.97998931532817,3.42347289443459
2.82306014747659,2.98454916807434,3.35258125363237
1.32045227017932,1.93337823688276,1.39907945652234
1.30414868065327,1.83755605102101,1.42020261677652
1.21025437936087,1.9194198371917,1.2652119148586
1.3039483732182,2.0398124336771,1.40666757246663
1.06845332351898,1.77479419576629,1.11934604687769
1.0866595812505,1.75685973709535,1.20066038366803
1.10024052648283,1.8269086704125,1.16887268524013
1.01069140438185,1.63548190277129,1.02771823735709
1.11809649999973,1.69887389056906,1.13110176703784
0.938119464414445,1.48751957321051,0.977216353287892
0.947763333040052,1.496552466309,1.01770559980506
0.94722234515095,1.36060289371899,0.997988780607173
1.02337137801656,1.41998436616327,1.06292380639084
0.966954702126181,1.27117616137223,1.0440302184203
1.01081482271206,1.2824187161837,1.11203277751303
1.11161080120563,1.20977051750236,1.14588509227407
1.00433112499295,1.34627266328534,1.06124207878883
1.11059807488899,1.47836501371627,1.11521673756013
1.10681327782045,1.36542833301599,1.16889474568851
1.55623030094929,1.75393655313226,1.58324106668516
1.56339567328673,1.74248746526762,1.60478268298632
1.56690144153056,1.70923850311509,1.60881597889101
1.21645030107131,1.41712400056388,1.16935541457671
1.65534091308455,1.79589060680795,1.59239550883751
1.68733554451493,1.77489820539518,1.59057565623138
1.64969819297236,1.791406118449,1.63239814150164
0.957986254420976,1.29716605683556,1.04211787960588
1.08919316386908,1.28940112692422,1.21332587475905
0.935190816691205,1.34412443982486,1.02234135517893
0.979908198447389,1.46835538490061,1.05796689071392
0.958495788116497,1.293687219324,1.07659163005222
0.972318489672377,1.23655199334185,1.10209324002743
0.926960830913448,1.28984853072593,1.09111864074932
0.970783283449225,1.40173383041117,1.12942914904119
1.0126639307596,1.30805562493972,1.19058366670682
0.85695665007798,1.20386164974661,1.04647085298245
0.895817474671482,1.14745957059864,1.09592724023619
0.872302952960299,1.28097333866769,1.05986988551583
0.928002700725609,1.38567269424149,1.10130843442794
0.899892187697434,1.27470881953954,1.08977747488989
1.07348058207207,1.38134561060971,1.18151874176472
1.13103426222551,1.48732744804946,1.23788599641206
1.17332814326747,1.38596434553661,1.2751037737038
1.20869373908254,1.32953662268148,1.34763780118181
1.21236067344169,1.32562891404381,1.35673780269582
1.25027346091364,1.36028520312144,1.39767098422709
1.30999147222253,1.49762547825389,1.41056062960688
1.37660426101203,1.57876037027696,1.45489982944667
1.43097331716142,1.52124435627718,1.55456637160428
1.6311953150839,1.71185927447004,1.7745477014171
1.63131515259577,1.65910931807842,1.72225802892803
1.40353675988117,1.42977838674838,1.55378374362885
1.62071294276214,1.60405911012245,1.78956811343543
1.65323062251631,1.57316966940771,1.78807218603908
1.32228546861678,1.55358758010968,1.43869811032991
1.26728501660613,1.52706306110921,1.42323741148927
1.44838780969921,1.68376213164175,1.5470684690705
1.53383891067444,1.75333904554025,1.61634292971278
1.51257167264142,1.77586000748406,1.62938824704851
1.47029314695044,1.78772422063981,1.59857579290186
1.68633273609175,1.933958872863,1.81135864721417
2.03803305870599,2.08625123259356,2.17419198704106
2.03613297255392,2.22199835720949,2.12120152817447
2.14151587355084,2.46836067728577,2.19265783641011
2.42484360686688,2.88774074227082,2.4897708958788
1.54214994247759,1.75717700254558,1.67780949667146
1.60241439469186,1.73922943564626,1.75055933442584
1.56248766097256,1.82081441135964,1.71776629467465
1.573347542012,1.8931062956302,1.73626437807134
1.63060642540129,1.84262581419269,1.81125115149046
1.60290712915986,1.76976591468091,1.79149885175371
1.65541962991518,1.91309027058355,1.89056967268667
1.61803152316654,1.89708583497539,1.86657842228727
1.73829050999637,2.02574512504984,1.97024999069723
1.73447157213078,1.95171678714576,2.01245019747055
2.04961002451557,2.28206317690137,2.31450782736166
2.03825262848112,2.24813322529991,2.31527475580774
1.79224968463239,1.94830078409985,1.94461912662151
1.90201010558044,2.07367210421045,2.04463165338965
1.87584123843479,1.96689354813455,2.025867306317
1.8651911632565,1.94067352845339,2.02551899445671
2.05401698424589,2.08863388991206,2.18291458434609
2.11656038089601,2.17528829667201,2.2239715309608
2.1383345433907,2.09034284248501,2.25079906561184
2.29112337017896,2.22234412084234,2.39361085511412
2.12582839236869,2.08576666823654,2.22110846855441
2.10099464620071,2.00858428145212,2.23998584174102
2.02796210965754,1.9621900979188,2.20046234879225
2.21520989614155,2.06506847153403,2.35023952825459
2.32637005975006,2.16320233268377,2.44282434923139
2.22407402979448,2.05163855423518,2.37879004578196
2.12592045125203,2.16437162968008,2.29566859902589
2.2939044479421,2.29640465124728,2.45521011542087
2.0405754122085,2.12658698157337,2.26510387066424
1.94029587983748,2.05337003865787,2.17567235627491
2.13350702751421,2.23088939924609,2.4089714730956
2.09576064486358,2.25070272014383,2.40838008333428
2.25555867991842,2.35146410482016,2.51609824527561
2.18164724913675,2.2222972127749,2.47718545620335
2.32265434540723,2.36543050252355,2.64500428547614
2.14337602737118,2.11834266674448,2.42107600886315
2.11108194478197,2.07658403455368,2.35547602995849
2.2117872610787,2.1254240050604,2.51242760273007
2.3163846777018,2.22877081279724,2.64691818446245
2.30645632382938,2.1337222661102,2.54643311255301
2.23681023554931,2.08391770153307,2.43582158269642
2.39463892120275,2.18952577945228,2.6464879076842
2.47884989551151,2.26323479235884,2.67500595570725
2.57652609931871,2.38937370868081,2.75769520498384
2.69409379560147,2.37793200587189,2.80564700600235
2.70324799030343,2.54015823999237,2.98668781337934
2.93749328682468,2.76445857834945,3.24706135828762
2.86591598354356,2.77595127625249,3.21659187039388
2.97443770358602,2.77018251569276,3.19133270073607
3.23111228440813,3.00830989961073,3.35603917118828
3.31723515430698,3.10678877737387,3.46759571505507
3.24147755934125,3.10667913042766,3.54269440567156
3.50732177389805,3.41503114351456,3.82594947919763
3.53974480406239,3.38589105816434,3.80946933261264
3.49307057065505,3.4056989294464,3.82420524470884
2.1217361292981,2.0608161718,2.46997336708308
2.0424864044083,1.99750904404202,2.36593460400398
2.19334946976108,2.13897320328111,2.60709183653767
2.30747664909215,2.24014566887105,2.73742596128934
2.16683545465968,2.14866242330077,2.6338198642389
2.08476328731952,2.09392350312069,2.54260646815875
2.28581201013159,2.3208536342785,2.83293732879429
2.45413761836682,2.44109401202841,3.06299106791973
2.37789292249861,2.40646768057469,2.96207074486136
2.40173635925115,2.40029106898939,2.91005249665199
2.63196748938069,2.50673839046774,3.08823300850461
2.6821589706997,2.65601339710273,3.12040364574368
2.55661305528097,2.55724396176305,3.14024322364275
2.7505530729069,2.8021619701553,3.32673137433103
2.77662242425162,2.70199676056246,3.35759823265221
2.85483577105773,2.76746323052274,3.4730125141453
3.1326589345062,2.97517781445648,3.75027436936868
3.11911635704514,3.11250216940305,3.69195594447061
3.2449577066953,3.04537373890283,3.89142572088873
3.52884073785262,3.32162158676293,4.14565765291048
3.54290157891736,3.3144763471408,4.17911032714417
3.5604471627754,3.35082101428647,4.19126884310596
2.22358336370291,2.16170577489294,2.67985047688533
2.2274532231342,2.1917101751344,2.7110203919476
2.33100778798789,2.20942690594243,2.74959812790549
2.39231336657701,2.25344691289025,2.78915389205188
2.42959248305615,2.27182420565176,2.83937035616087
2.4823983498294,2.3600695294964,2.94004851492819
2.62612770987648,2.4361834331416,3.03077705635658
2.63425167039818,2.445167727427,3.06650878435823
2.71345800306994,2.54432051445957,3.12153523601043
2.80633963323525,2.60676334171655,3.24487426656957
3.01474685934839,2.78486411811533,3.37032799971834
2.96929075375735,2.73359920999619,3.34272734587672
3.21237668382709,3.138169797495,3.78551125372484
3.69477065778683,3.63003949005446,4.23950270004393
3.63520375261976,3.64093609141627,4.23634195559768
2.34067741485668,2.14920073622039,2.6919562130827
2.2522851821777,2.06131614531689,2.55542250560864
2.40930362712349,2.18935455143881,2.74984513866131
2.52823411200277,2.29727482306845,2.88893125083932
2.35233711068058,2.12448718087604,2.6511959191136
2.23622923885219,2.08385759163534,2.56345993589572
2.52741435428441,2.23819357348292,2.79946854910596
2.81094030450596,2.52587456544739,3.00105986118423
2.70792669283009,2.49054442766952,3.07411628472466
2.812154982839,2.48982636729569,3.00383876567062
2.35531200103071,2.09002003112269,2.5929998914777
2.26536326310207,2.03168068449421,2.47684551056541
2.50395960518317,2.18477575935611,2.72639150731621
2.61041181822397,2.27014316170163,2.85083676262469
2.56223624288543,2.22753431837637,2.75104892798046
2.51811316585975,2.19449225737475,2.68375754964298
2.81769258689941,2.45202172682925,3.01813852643606
3.01350568982584,2.58424099097561,3.15175943135267
3.16173181550746,2.60414225399897,3.24510674080599
2.92773830647702,2.62376218715787,3.21976006398724
3.21282199698362,2.87719637044519,3.51980962166778
3.32211340302003,3.05091464592851,3.56833985012926
3.58615210981997,3.39029923226929,3.78993383878392
3.64651999774168,3.29333411488145,3.86851348402538
2.52075231472419,2.19355117328027,2.69376101683834
2.62078755505565,2.28183426054073,2.75262999120106
2.43986315596349,2.15051131605055,2.64662552347866
2.42909096485358,2.15667922948249,2.6721154871886
2.43818078208518,2.17566380190343,2.63472130260949
2.53839360187469,2.25378675249788,2.70458520008321
2.55426154005409,2.31859561532485,2.78558217876624
2.50270025508491,2.32362189532224,2.75624088883599
2.5892273321619,2.35971894446135,2.8067079487643
2.79949524511069,2.5356358292386,3.02498175766683
2.91203383590026,2.85959763273351,3.30688428305142
3.16510002438876,2.81229295525372,3.18281475025251
3.03603312821144,2.66822787011614,3.26415739880742
3.36974709589852,2.90671351121074,3.45215551249328
3.18689363758344,2.96447733689277,3.55786003190697
3.37663328913577,2.93945792072627,3.51675169258099
3.55926915041986,3.21493963082439,3.86651941010079
3.70362557575589,3.25179263058034,3.68676743972646
3.80225986148501,3.29999065985934,3.7699914795465
4.08479509498004,3.60505048365326,4.02069058154373
4.1079411354139,3.58035894853439,4.00163573198488
4.06590604115352,3.59180754814766,4.01795601100539
2.24494994906466,2.03562559452131,2.43709147781042
2.253252261181,2.06409991222423,2.42496940084084
2.11709621650235,1.93872580024266,2.32871162047143
2.17773956713845,1.98982431138689,2.4082316758066
1.93415576992831,1.82607875760036,2.16323974997788
1.94841283095409,1.8766777006015,2.1713280471039
1.86160570345741,1.80603757110062,2.14573204816737
1.76044385789375,1.77216628676237,2.05947520626947
1.96178201571266,1.90670753665006,2.26378955575912
1.86773438048537,1.78130047733096,2.16077952882865
2.01284981775317,1.88093719376515,2.29601373919743
1.80891616427184,1.70495858332731,2.05964469367322
1.85137372318184,1.82116581159657,2.20327754012667
1.94931682340077,1.93962039852469,2.34068893463237
1.91460904857074,1.85960274838775,2.25521281360367
1.69508816420044,1.74236905818268,2.06444665903047
1.68800051639314,1.79526210351351,2.10503496233362
1.60616201702941,1.63771929163087,1.94088002732241
1.6889848386756,1.62033407367314,1.91643484234863
1.85478157836001,1.71135565758835,1.98616404084567
1.63152870613074,1.57486604154722,1.84299628855991
1.5000349631049,1.62508733253178,1.89611412119216
1.50653566433887,1.71180591194315,1.97441787046776
1.48668784650901,1.60593073447516,1.84909842831123
1.83638348372652,1.72333596775783,2.04383858960901
1.91522499576051,1.77272504127681,2.11311986368019
1.7019877260117,1.62733426964356,1.90493892867022
1.68947809190259,1.6546158744058,1.90288254799437
1.61295074464154,1.53479359571888,1.79696134714728
1.69379740467147,1.56375709472229,1.86185635920342
1.60118323723898,1.58033641228528,1.75568284466949
1.57701907883212,1.61906337096988,1.77025405527237
1.57279560070768,1.56936948772607,1.70708844999966
1.76871026107454,1.71360140506679,1.89831799023104
1.95431639986845,1.83833574700355,2.06437837406442
1.89265440442383,1.87301757795654,2.01642655377132
1.94866107135046,1.96036799043248,2.05727945120833
2.03488573942484,2.00209250865232,2.15919374237694
1.4765875241429,1.43450322454942,1.68923074298452
1.41082546730197,1.45862946529316,1.65644621073203
1.48063564278216,1.38016152692554,1.67837823439832
1.65222386276877,1.46631551175584,1.82214607522487
1.70192733186353,1.5213387824386,1.84766917822529
1.79464689627274,1.585693707663,1.97591583803962
1.39042875754163,1.31943336629001,1.59613126212856
1.41075953702598,1.40271336549987,1.66205790098887
1.5090974857494,1.36021756743195,1.66898114486319
1.62278722902073,1.509096514742,1.70903995154749
1.60544649606586,1.51715472772407,1.8599955196805
1.69813052297032,1.48403368748253,1.86281986741503
1.90456845244369,1.71581598627479,2.05622626623495
1.88483833995764,1.66809133294366,2.10273228527933
1.24849993776516,1.24188671955034,1.45780246164018
1.26301692472617,1.27880370915133,1.4477701823902
1.18795225055982,1.23153794504031,1.42126590082329
1.2659221218102,1.30134860493585,1.50161514893401
1.07759314503072,1.17614753886966,1.31076754726422
1.03216906316056,1.17784643834291,1.25114676101069
1.09764104784291,1.27890658370801,1.34779791836343
1.19546588659798,1.33081615698049,1.45139155289987
1.04623096950866,1.28091907800762,1.28671133006123
1.49010206432075,1.65996646797171,1.6362749102239
1.44915103924818,1.63083271838982,1.65448294202993
1.47730288835793,1.67831648575908,1.64991588121321
1.1501719793999,1.4188300476392,1.42042751466475
1.32260408792394,1.54521714215804,1.59785366614761
1.31768063230626,1.6245658375536,1.60401134032041
1.20870827342136,1.53133559210752,1.475921536795
1.65840325654003,1.87443345256814,1.86816787077016
1.63512636533575,1.92871102427342,1.8699122986509
1.63879817123153,1.92070043292403,1.83929831148979
1.07107157451303,1.08415322481927,1.29440033017899
1.18256455452698,1.1225943398294,1.39927576775082
0.997287337275665,1.01958425633611,1.21009536655647
0.983480008378471,1.07169074524473,1.19768997407563
0.999057687757349,0.940433294962327,1.18908975041489
1.09337624093599,0.962362268115999,1.29656537300643
1.02239867243832,0.941482529919223,1.18825250489146
0.99091083924453,0.981718559580389,1.13936614032741
1.06679478369895,0.954978705657437,1.2170241656416
1.14797458261093,1.0142538259746,1.32640630393605
2.02199374164176,1.12398995084473,1.51663328383037
2.79816693977393,1.22860814541362,1.6175019989355
2.17329651553251,1.25211670043328,1.68480173275336
3.03186214892438,1.44473195208928,1.89707216998975
1.47263122368046,1.25342136345681,1.66268682167396
1.67292628368101,1.42037561539482,1.86110224525761
1.90504145200818,1.69845208665141,2.16226539102913
1.34050022702699,1.15092029852977,1.3931115210168
2.00996894553288,1.29138816082394,1.42349095835399
1.42039778071118,1.24717506336136,1.55185736644403
2.03746166196929,1.4199829265111,1.67426543644284
0.915563603699771,0.903685473136928,1.08911448507587
1.00182366342432,0.91900649144486,1.14861531046987
0.83467527662467,0.949096559748311,1.00641601001858
0.866898819026996,1.04287903543742,1.04363533363383
0.781792681977064,0.942895881067043,0.925371197217717
0.812970309745067,0.895778530737202,0.943343581798309
0.739033551418748,0.977220867862695,0.848249286002486
0.785248497666715,1.08151435371389,0.904261537526223
0.806427384141306,1.03861424629227,0.854035345220597
1.34672461197146,1.48904015057766,1.34593977315456
1.34510160212866,1.47175987063041,1.3734380832386
1.32046810395319,1.50919111402318,1.35940435943413
0.806560282271735,0.979434561723474,0.895851177477038
1.32778513542076,1.44321254173682,1.37554759655304
1.34717561643728,1.44783377285253,1.40721954784942
1.34491251870462,1.43931243220002,1.39734111340464
0.828422360255601,1.05420475310044,0.994867524699989
0.870444951300951,1.17470608492192,1.04943479598013
0.90134530940167,1.07720128546748,1.06086032349827
0.935553968515851,1.03699182599685,1.06502663051681
0.987437542888783,1.21499200602857,1.18151718313488
0.997808560491486,1.28465079279299,1.24428504902687
1.13434350510015,1.2776332401935,1.31661990005175
1.17645126576516,1.29309093554181,1.36660845459442
1.20269897130322,1.41033650690799,1.3108698460757
1.25183762762439,1.49221021237619,1.484760429263
1.39214015710509,1.68476145178591,1.60793673389063
1.30307757496483,1.76783565446664,1.51008439485088
1.2300029569243,1.50904569318082,1.56707526770448
1.53711217588524,1.86787276265119,1.78322992466059
1.67229254757379,1.92127692479984,2.07701226903825
2.20132710472253,2.42033843787882,2.58648823168029
1.76933267605007,2.07281590015632,2.20314281379728
1.02055244081959,1.34462663198905,1.17611897160098
1.11805147471112,1.57005213027517,1.29661081401943
1.00688029458281,1.26257623444473,1.09958860792699
0.988514586234569,1.14483298194077,1.06197981494947
1.08139359769279,1.38952996692437,1.14142392135822
1.10932637713767,1.56973208295938,1.18850351694596
1.28841335316836,1.59299356047572,1.29669317730682
1.71792693226511,2.15004682464587,1.41382577199131
1.60230198093887,1.95967289509293,1.63443089424208
1.3207256930254,1.53054162505826,1.43778463235756
1.55835919649237,1.72443190690016,1.76661493428314
1.66500283389802,2.01353278792469,1.54681594908652
1.4219334373196,1.61441060648424,1.54558536686888
1.52759195922851,1.81132461059929,1.65286247221635
1.48385489910623,1.68268794290373,1.59550915100379
1.44949554501901,1.65101524230121,1.55484367117466
1.62388957399543,1.89020962970189,1.7282638891405
1.01417856062078,1.20099769863208,1.05136257241283
0.974119379953215,1.0372935970184,0.989855122123391
1.05816308328258,1.28672121245459,1.10837948663668
1.13998948371515,1.46276473841452,1.21086631651945
1.04201841338437,1.19760488830612,1.07151067219374
1.01919640772199,1.08636880326367,1.03838396160612
1.0350555153887,1.24543530318456,1.07488486506045
1.49423305281406,1.42714492171376,1.3702543172186
1.59600991820272,1.71967929156767,1.82331998140356
2.1470638636848,2.17680074909406,2.3224838955165
2.09539410293499,2.18189554203325,2.34089731203273
2.11696809615716,2.14206791328328,2.34964013563637
1.55570073159977,1.49287437893648,1.509070030827
2.13149759149723,1.94953169357689,2.12219563483792
2.17049221682623,1.96905713747862,2.22019412549248
1.80975039800949,1.6255425536995,1.70506793614181
2.2150708795709,2.04057410676711,2.11716059887016
2.19936819441439,2.01113468239497,2.13516266964002
2.22680637344474,2.01881383345542,2.16967061888946
1.17639344241769,1.30807283397664,1.18766332524616
1.31035901222167,1.51488959884458,1.32666803215149
1.20838261265859,1.21843124817532,1.19081279168375
1.16614005278602,1.10208752676734,1.13680821609268
1.35559105550786,1.32458057626046,1.32405291536674
1.43688520695152,1.43150509697159,1.40894885490229
1.49815201169694,1.42299518035239,1.43893685697131
1.63585095619707,1.52730592113255,1.49772361160087
1.64659684358865,1.41481118973271,1.40017201309276
1.7802076725318,1.60999926728251,1.6157020309763
2.19477765095793,1.84916703811299,1.81371536753284
2.06681038653185,1.7277454692565,1.73677011631988
1.72424677524714,1.64013049693963,1.63822139584208
2.05129357612617,1.96568125200003,1.88892859927676
2.09378052982087,2.05224069878507,2.14408616796586
1.34108327501856,1.26369605642258,1.30752298766782
1.27898955655863,1.1421372538699,1.22203521749782
1.469948106065,1.41930869448454,1.45464852984158
1.6050698509712,1.60683954220269,1.60160044426249
1.49252136149401,1.3927439203596,1.45975719491211
1.39865363897239,1.2852927849602,1.35095885350538
1.59680796142758,1.51806838803809,1.55458655609676
2.10434713529951,1.74734341975582,1.8917425825344
1.90209150102811,1.97262575651627,1.66413370780682
1.82732840174611,1.90672043049171,1.64418990027254
2.18686043703153,2.43280530223713,1.76064403842482
2.36310950655199,2.22188414995119,1.97445790188358
1.90249913251024,2.0638307573792,1.73951372793787
2.28829752450604,2.3808186266391,2.05615485907103
2.20248390659638,2.44703005781818,2.15000003788013
1.62695129983381,1.47065760880944,1.58616289615764
1.75498506547123,1.64155602739221,1.73669988538053
1.63914027346223,1.40196185445916,1.57120096340975
1.58231373450206,1.32576976904254,1.49842756499065
1.76790228044643,1.45016285919542,1.67535441095197
1.90073682427488,1.57265063551443,1.80577781776504
1.76841261040627,1.44551346381922,1.66880478374776
1.70560190309462,1.42367368741672,1.62318485707652
1.89801524041923,1.54368413590499,1.76084809654763
1.82669868777029,1.54915362276426,1.74853961017555
2.045375271262,1.8986335637789,2.10175587345415
2.01667452693249,1.82717046224685,2.04434955624692
2.18407826432629,1.8263757046707,1.84303032342027
2.64535470775502,2.30042459839694,2.32395382416453
2.65057966323609,2.26677418061693,2.215025227474
2.85550773885923,2.4474647002735,2.51488173242535
3.10359936245973,2.73171121219267,2.56706796169399
1.78296335171379,1.3909162147503,1.670348893883
1.70266372108913,1.34172141414343,1.59693480448468
1.9397453640466,1.45086000737548,1.8084400441238
2.05571807310573,1.54913696497762,1.92487628295379
1.99357142003756,1.42717929122235,1.84298691043744
1.93541753466578,1.44133289622097,1.81616793894321
2.20442358198279,1.50559627727176,2.03298678506853
2.47573715507629,1.393607122876,2.21846421275236
2.45954731477574,1.88175451684761,2.44229508330017
2.30334406730867,1.96220437787833,2.22587249329187
2.67465152606044,2.48059534512981,2.64765339713612
2.63660407540377,2.44820196388087,2.6301333858536
2.02989224460652,1.40573054757593,1.84123149382787
2.14369931819436,1.50021340048464,1.9533392141539
1.98189057261299,1.35705192279808,1.76982397389922
1.92275784093203,1.33647624428297,1.7211885666428
2.04921136193423,1.40250199896202,1.80614570553298
2.15935959027545,1.47034381530531,1.89832896037933
1.9382776953654,1.35284904808546,1.70058101876807
1.85646950064378,1.31919329443394,1.63796857322557
2.01099450227031,1.44065906738214,1.76272735713956
1.89480997706753,1.30333040656335,1.65875125635948
2.02579644259752,1.40362522770766,1.78373132589255
2.16626119275226,1.52611784378861,1.92567188031096
2.0253609738494,1.39959426901227,1.78662251010307
2.16597082485225,1.5210827633774,1.93541109727
1.8879128750649,1.30372147378289,1.65137429121535
1.92477043824829,1.36656179956482,1.69237168159149
2.08277659981223,1.50324861516641,1.83678797687146
1.77168791615322,1.22155842158545,1.55632521365983
1.72565300519878,1.22409683642419,1.54374148578678
1.76274615867,1.22354704064793,1.54842165179936
1.70729036046847,1.22871128166539,1.52062628849503
2.12360608638281,1.45581945116234,1.88182940450442
2.08308751228691,1.45909565795071,1.85589078502491
2.27397097983567,1.54385775540305,2.02505426275647
2.34433647208297,1.59212976436644,2.08736674043251
2.37545109097561,1.60588028987745,2.12642752721968
2.33709582555611,1.60844871645637,2.09910016974208
2.49857990204929,1.71745976587602,2.29550550893554
2.58587961902809,1.8479739558138,2.35099867042093
2.62296433677044,1.87402012523963,2.40720442930802
2.48054567706499,1.774061142262,2.39352985033758
2.59041382390696,1.90390029972035,2.64671392805859
2.74218550509662,2.06702365498313,2.63489800183137
2.8895112650352,2.37191143910008,2.5057703973578
3.21842521334963,2.64436049918981,2.81944327377863
3.53814309770383,3.00850455347311,3.13615410927577
3.56758178466794,2.99157190768903,3.14438207233203
3.53201634049775,3.02427039738583,3.18141941196216
2.4544755909231,1.62535203669887,2.15629690704003
2.47968461959525,1.64884159192243,2.17801096997394
2.53478414010436,1.67915470515749,2.20817881544141
2.54699547283452,1.71287532047554,2.22905849591926
2.66177724519864,1.74525686033718,2.27604898193617
2.72291489300069,1.77154395823853,2.33553686906742
2.64451656087102,1.78709091735978,2.25347294745302
2.93957321435328,2.18499639122788,2.648148993016
2.84799963759541,2.03013682844515,2.53486050922361
2.84237204968095,2.22620564639375,2.32494216201238
3.17591790241845,2.66977622871879,2.6101845505347
3.29475895224166,2.75538177448375,2.72839016749561
2.90146630553232,2.49125664382136,2.58935163755179
3.07398085645181,2.8252033379138,2.90283253914609
3.04036414675846,2.63636811074527,2.80471207646444
3.36064468866677,3.05182297500582,3.09515305325721
3.76343596459737,3.52015041091658,3.54615129191027
3.72697855820437,3.44569707577275,3.46413502429623
3.57160191789191,3.32094675477066,3.39131010550141
3.79159301626464,3.58906305946496,3.65153056842225
3.80725330814034,3.54931377912324,3.63861571941924
3.79336972529721,3.58515258229064,3.65199488582512
2.81200746786064,1.85890016694488,2.38728600737972
2.85118315815657,1.93069095719336,2.42727768474418
2.94888821165572,1.95337833654457,2.50171618669729
2.96259032335331,1.96185875011609,2.52407980689075
3.11814712035878,2.10455366749038,2.65495161863076
3.04459931904525,2.13234904257283,2.682991433033
3.32897397949212,2.28213355888237,2.86545312711152
3.68200358641853,2.55718746555203,3.11474393167022
3.5173913105957,2.52249876528062,3.11735057307717
3.48110067307802,2.59060664432404,3.1351597538267
3.7080694420041,2.99055577524663,3.40651844372265
3.74878293176372,2.92891875765998,3.52407456144143
3.80346291453008,2.90389445287319,3.39744841400512
4.22144470541045,3.32345269757905,3.73720199569436
3.9987334093307,3.29496782126228,3.77929260284478
3.96724749644528,3.34296681005309,3.84146857796505
4.38458937759248,3.8122475803654,4.2677039717134
3.31292834035161,2.18356087046719,2.70783656785845
3.50911628790328,2.28797350595585,2.78096121118577
3.36194447154985,2.24826800633658,2.79138148238582
3.28079570641765,2.26388854866938,2.82920560266609
3.62024877763345,2.39207206062851,2.9367435970741
3.78057050212596,2.46783465793084,3.00741850224832
3.66002760959895,2.43647012528075,2.9711350360212
3.61361392785995,2.46195975272342,2.96301651038421
3.84928938860644,2.52327181406722,3.18534061732052
4.03695939545489,2.78240302854612,3.3197304068807
4.2826599542975,3.04873402694903,3.65551348122991
4.5153938556108,3.0944428730964,3.71128457177104
4.63580735193686,3.11588245802925,3.80788044407497
4.95165361485182,3.45534031978307,4.13093649966365
3.76661448582694,2.53304982103855,3.12325891830935
3.75007069193224,2.58788485460888,3.23635731766412
3.9845738352287,2.71313142708179,3.28378299664236
4.04956551829272,2.80285424228465,3.31542767726874
4.20234214719223,2.89874885671846,3.53379072638144
4.36193904003642,3.07093531516057,3.66567367131671
4.34665448700255,3.08594447822597,3.76498520470854
4.29908141824625,3.0990060040016,3.78784254189445
4.56483974881511,3.29433134678244,4.0269758485585
4.51781992271308,3.35530645403254,3.98721956802775
4.71930619337684,3.65428510840695,4.19442978566633
4.77436475229612,3.66669164276118,4.34877544203428
4.93492155630231,3.80777810487922,4.64721343461685
4.99540739012108,3.97566355822959,4.53050514403288
4.20707980709357,2.88450776222646,3.60682773117927
4.36752071271988,3.01615294447098,3.85892695094436
4.09806330920773,2.83350218417183,3.52024286243743
4.02988670999064,2.80793871969837,3.41419391881213
4.15094412799663,2.93571295411304,3.71548204929142
4.18775202788922,3.03504727911317,3.79415213206472
4.39044617144127,3.08342081381798,3.95293513091162
3.916076210919,2.81772667420242,3.62249422715839
4.04744666176739,2.99515869062611,3.91550509769896
3.64632802078799,2.60499988764265,3.31706906348766
3.63370561814447,2.55230162756702,3.19511041626624
3.45082546290498,2.53292536612541,3.25559187959581
3.46632779428581,2.64220979305647,3.4116326966217
3.52449576021861,2.61667556295546,3.38199951464566
3.60365595132177,2.76529713482041,3.45256227409258
3.53730705874387,2.88418785764052,3.63512429029133
3.86471669155012,2.71764114336939,3.72957966830203
4.07897783089541,3.03476841528372,3.99244773463365
3.94751617316502,2.87012037387749,3.9875515683724
4.33295513999906,3.07072326573987,4.13958147621535
4.49094169493118,3.29507632457944,4.27386116292813
4.62935111922344,3.41801935452558,4.38662766463258
4.80818689477492,3.50096794152663,4.75763556059048
5.02548853006579,3.80063889204249,5.02563181526898
5.0226760161596,3.79439843769383,5.04272118780655
5.32615851079439,3.92676761671773,5.29175265038142
5.58726865036172,4.21639274361627,5.55793878803896
5.56498702055814,4.21142153424052,5.56066108209891
5.60457073058791,4.2016402295593,5.55863500810944
3.23388547902715,2.35008113467653,2.99150588097224
3.17703396209788,2.28955943733487,2.87004233810966
3.17314555185268,2.33339265941026,2.98031215247189
3.27207110469834,2.46267131179747,3.15624464327379
3.03705336216953,2.19955253382423,2.78852641100994
3.02562450976885,2.1113816716289,2.71997332416775
3.06737943272862,2.3198073750476,2.8506954257337
3.46963188042427,2.73151959921828,3.08386347581048
3.16776170702413,2.5756907377802,2.92700823962361
3.03505460221315,2.3018180960435,2.89904450550148
3.31241956657629,2.69545861257329,3.17833883095336
3.20718675170611,2.64204682555696,3.07976277378778
3.49191165101399,2.97791976805794,3.39152219333473
3.48052911413811,3.02742865012731,3.32190856294859
3.46236350991095,2.97991674571879,3.30977639178975
3.40358835546158,2.58398712224372,3.04922900172201
3.74337223225855,2.94763380445192,3.34475564591115
3.72370070900177,2.95091822007444,3.24806033540293
3.69207590933592,2.91892384900371,3.35446540269552
2.95788301824478,2.15473446575191,2.70177778385421
3.04352968708463,2.32383461388456,2.83862326628178
2.83746668247049,2.00165730548431,2.53734708485241
2.82424019776662,1.93332870996005,2.48941756450403
2.76770430850496,1.99757786126091,2.48550980119647
2.83253445844647,2.13877901144257,2.58654223043879
2.84587292652499,2.06824335265947,2.54400106874
2.9568324197814,2.12741237702521,2.7091815522714
2.96792220700319,2.26303729044684,2.636284803621
3.24113416979448,2.44368972339446,2.97535815107358
3.54528117617691,2.82628158587192,3.37594947268736
3.59208562220745,2.67744244870098,3.33354970972223
3.37375433756775,2.59504161462913,3.12097176616141
3.65446279407439,2.94494764952624,3.40234557282423
3.62573678198577,2.87769678713473,3.43608665278145
2.58647306035725,1.84096862103634,2.31142511368899
2.53873845129577,1.75347890406405,2.25556791756252
2.51819984707186,1.85871768700578,2.25833659953493
2.60449032364706,1.99757239077678,2.34628703787551
2.34501874759626,1.72941856963208,2.11079610326363
2.3235920883028,1.68228731720489,2.07968415646852
2.33720561182213,1.81033715592037,2.12150933612052
2.51735077267754,1.94970148260906,2.20930997253376
2.4335731286684,1.99010949216056,2.21051852325711
2.19865700993316,1.73306239987289,2.01022756932064
2.2992561449139,1.85998914075085,2.08890435296447
2.31417229336617,1.7344971529049,1.98946139760643
2.65364589061965,2.05023289683883,2.26648459726924
2.56586016855448,2.06081945541233,2.23305557810842
2.57616810676159,2.08538069056037,2.29396271180267
2.2520456981627,1.98175927959595,2.08365892169258
2.54490801719551,2.32399171066054,2.39537594635098
2.47431396385207,2.28038219995017,2.36056581817938
2.56158829162822,2.35875996783792,2.33617145602009
2.24965636816383,1.6468945226183,2.0390040424604
2.32375975644388,1.75170746648496,2.11374557659158
2.1361099106374,1.52653081609948,1.94733641408494
2.13475104276051,1.50891341306155,1.94083296271697
2.07027316247383,1.49350270691967,1.90916367861063
2.15032275186153,1.61222734135634,2.0194111852802
2.22101975704059,1.5944843147046,2.09438504412843
2.52167021501078,1.96927536653795,2.39779027082096
2.50029532607414,1.9057644153401,2.41796999999433
2.47770177296492,1.95445544103393,2.35572328570565
1.87338628388548,1.37034396702199,1.67220935391472
1.84243846485215,1.39576511905422,1.65408052016513
1.81863647959867,1.33970926674274,1.5775894691643
1.91974880559159,1.41471807678212,1.67511197759551
1.69179475963491,1.28861803938761,1.42103474223155
1.71334609705664,1.35950409904682,1.46774965411248
1.77763406209373,1.39300478970547,1.42500889895982
1.61571602278805,1.19434131247424,1.41305263658746
1.74182690153651,1.27729229898928,1.57447567750294
1.47456867355176,1.09894872238279,1.29094452355408
1.43146143870368,1.09917730503004,1.23177246771576
1.45230037234656,1.07009795491577,1.31946143715888
1.57895993650491,1.16610389445916,1.43054247441444
1.53867190493497,1.2040781791135,1.47209232217313
1.88352086529458,1.66247132244095,1.77249723070131
2.02155794095434,1.70406581332997,1.99454935565753
1.8116672113451,1.46130892375684,1.82072181806543
2.31976401318424,1.98031673060898,2.40219413667559
2.2383069064228,1.87149438537356,2.25287231835521
2.0635576119526,1.80561280771745,1.98013826463394
2.095477858037,1.82686954168623,2.18117030761257
2.45082779715316,2.25117344328453,2.52771077478096
2.44464488304776,2.21920799654731,2.52711758195376
2.46888447121368,2.23792561000586,2.55548136023744
1.30906176622829,0.944458413249786,1.16288095456936
1.23246475748877,0.92315840960672,1.06771765015875
1.32568352434007,0.941327374296879,1.1990662596668
1.44195135756979,1.05030875371517,1.34143103702922
1.2178871946971,0.855414698732706,1.09046434567406
1.12756307792617,0.788073083869412,1.00054796648373
1.29477806807458,0.906544419649935,1.15160546912679
1.41691752779215,1.03290864874859,1.30379158487672
1.36867872331281,0.959015572758875,1.19125167874199
1.54423332627998,1.07009532354682,1.27640620179912
1.26856498046988,0.907898614151633,1.11490241178809
1.64860282120079,1.40114277439622,1.52805904477296
1.65522072620568,1.38848272435449,1.49364120400813
1.63592688750303,1.39071957261466,1.57402294836467
1.19773030168993,0.884534168512425,1.09470509885669
1.33123464236849,1.03709452149109,1.25139445274224
1.0640913278089,0.789949739263781,0.962082006046689
1.00892279724056,0.745600136661898,0.901473214247904
1.03384992008015,0.801413636443873,0.924470323384638
1.13196958689247,0.923886791370827,1.02682612523442
1.01262843817949,0.859832109838232,0.917517766421982
1.03667385911994,0.905536489265967,0.921377752903506
1.13307822345658,0.998284169763852,1.02877592590512
1.60721335762956,1.49630686466994,1.49422417014423
1.55306416783716,1.50102715138418,1.47822966007759
1.57857222252787,1.46035839332811,1.51585958735934
1.14510630491108,1.10371767288026,1.0690616057354
1.58597451342088,1.56674188870146,1.52058874126267
1.59210430790435,1.58518939080341,1.34585398999488
1.41980533329377,1.4111432639149,1.69846638279411
1.93470097736094,1.89940671557523,2.21255363180146
1.90516692029065,1.9515912805192,2.19627660563536
1.90832480356461,1.88083347506339,2.2136920236449
0.978549932622239,0.711232302507729,0.84515789056388
0.95680998000098,0.685499010402637,0.811536993594472
1.03562531022544,0.783493519373342,0.909129672209398
1.12753591846171,0.909765662677563,1.01976830977405
1.01961625199803,0.762513949639789,0.894120973798076
1.00196447112115,0.723393275900017,0.86670703338671
1.13610957890208,0.901017175495465,1.02800754319821
0.949297994750185,0.731504131920531,0.832041863077259
1.00452036310106,0.831436688454746,0.903925757443217
0.87602905170163,0.662215430730965,0.768694932658674
0.891056068403474,0.648822139790087,0.779611849654383
0.819367807389675,0.670845473201928,0.746992747967749
0.85537056163222,0.77255230426312,0.798618317142384
0.743355822128132,0.633575686611287,0.680106406256758
0.780209410647012,0.630529979600319,0.716763583621248
0.776513320683772,0.757384839776182,0.768348766721274
1.29830620729496,1.33676117586999,1.32307101520291
1.31055345198233,1.28871135161103,1.29387740139414
1.3189940472765,1.29308170743379,1.32527379510831
0.78189099478438,0.718721968428852,0.70270388699025
1.01455832664572,1.05748559821039,0.987672534686858
1.01980226219964,0.95602396537324,0.9563100422614
0.881615994168326,0.883161415568368,0.794024382638754
1.39913914266032,1.44896196174733,1.3718683557863
1.45378334573935,1.45106650319485,1.37333173015416
1.41486844660636,1.43523898244551,1.3636113108369
0.884018530194477,0.7037509863232,0.839887593012669
0.941084448544558,0.706530016934317,0.900144752007695
0.94084925707616,0.819367140662321,0.924850887165418
0.953300252849752,0.89645984498843,0.936134587615523
1.02895047987701,0.894801199567676,1.04533103754636
1.10079855680807,0.914894822041902,1.09436778059928
1.11921729642399,1.03673513757968,1.15519058599076
0.9768895970488,0.853794978092288,1.03863003601977
0.958336307602873,0.923554365239823,1.03970637715095
1.03429683188292,0.828353880037967,1.10899630907041
1.1109573180974,0.865845423358807,1.16435286790653
1.03563074358282,0.805833711095211,1.14665019116218
0.979879585818388,0.802853083948667,1.10662711343079
1.05290166835255,0.762876765884719,1.15789287601816
1.15056567102804,0.836859329151664,1.23493583155871
1.10760062916655,0.808918586538008,1.24157061352206
0.960168385220648,0.696434086251904,1.0506196820471
0.988143841742516,0.749525494941597,1.13929702040351
1.02085764351131,0.746870505733535,1.15592754540778
0.876893569841214,0.706806729109277,1.03614984922006
0.973306771482736,0.781950605628366,1.12534139679872
1.45620569913549,1.31417211093692,1.54821467067963
1.44894359342728,1.33643989120578,1.58104551256602
1.44629178828235,1.32261776344453,1.57771499967629
1.15988637272507,0.916925260770812,1.30374625204643
1.27103340161003,1.00227844984521,1.42303211701383
1.17268505138397,0.96123346642378,1.33608951190681
1.11895577472359,0.945194448817456,1.26488492387631
1.29388514823549,1.06933846261241,1.49521437923674
1.35557082235789,1.15706405572342,1.56293581397121
1.28597905353685,1.10712978287893,1.50567799986825
1.2500695329682,1.06363515951865,1.45797986965294
1.41280510115225,1.20736699781236,1.64327295697288
1.24994586269244,1.19185976670456,1.4837247806698
1.31383940437607,1.27582034573147,1.53435988456505
1.26719536395526,1.28908060749301,1.5083512925827
1.29027695968983,1.28853851197826,1.51838032883623
1.33676873557493,1.43115694000041,1.57570632006262
1.40935217009268,1.10836329709849,1.62305535528405
1.4162013541746,1.08394686068664,1.62238828110283
1.55415912325951,1.24599082730853,1.78824851945239
1.59560031601269,1.33176959694438,1.83498229219199
1.6892330401837,1.33447187363133,1.94208077645412
1.67446766907368,1.29951234966008,1.92400890847207
1.81581026859701,1.45507561328453,2.0621179693317
1.89548291450281,1.58655981206705,2.13042979985004
1.96624367744517,1.57068637041373,2.20295337165061
1.7980298873854,1.40448987402679,1.98505140928796
1.82510048847521,1.402682263215,1.96057867451492
1.81050771611512,1.42140442849753,1.93879642154077
1.94731948424801,1.53821715651604,2.17898807636384
2.06806046756195,1.66194255029822,2.31448783501227
2.1056153904095,1.65518864594229,2.36741033362354
2.14986381272077,1.68504107317802,2.40426146395267
2.2603338273039,1.78351389495065,2.55628738544258
1.77662617990513,1.42208496037248,2.04503048679916
1.87745391889788,1.49485052507736,2.15893593660061
1.76877868682818,1.46236979331973,2.03714495170898
1.74229712586283,1.47199998510116,2.00077526010352
1.82666142306044,1.54358959491835,2.10932763983537
1.87608673150752,1.54523656863198,2.14570521189818
2.02759771958378,1.71846929924061,2.30985037642873
2.42184632040357,1.83486790707659,2.47064031556789
2.21755571023351,1.92719460406627,2.49892185107101
2.05408934055553,1.85780679794925,2.55093735838082
2.20433620437072,2.13991070120687,2.83876855109163
2.40733565579346,2.04864850048603,2.8192669953261
2.18696284961502,2.00625378378336,2.65470428055988
2.58986917728427,2.37353365461952,2.84447377630685
2.37013561691737,2.37369455921154,2.92034487403757
2.53696052490056,2.27833205384365,2.96211668334057
2.90728683776464,2.75262981027677,3.34229039694986
3.00702308235155,2.67084446107825,3.24651901664567
2.6855883226077,2.42707803834488,3.20780780131583
2.96076484709738,2.71341286037427,3.44172207787462
2.89701023041849,2.66123694929551,3.45495389650554
2.93130349034173,2.68721882388802,3.44156835710732
1.67752077351486,1.50577769857882,1.98198063004364
1.631665521937,1.52894674634226,1.9194111289727
1.66433777609581,1.50258492234207,1.98822023335787
1.76853447369741,1.53360210062087,2.0914726745083
1.56680268721451,1.50774709210623,1.89749992701606
1.51967750695729,1.51403667891419,1.83879673428614
1.536673678023,1.4500533432884,1.81287720123946
1.72669533356607,1.44656781031258,1.76927187518039
1.78196404764185,1.48760905664175,1.93270674240941
1.49470353936622,1.45663590595031,1.7088702607407
1.75546173793245,1.52119955947347,1.70113936876166
1.56767127065446,1.46365165516172,1.68824585730723
1.65264941769654,1.62102011367354,2.03415006941609
1.76686325524372,1.69553413891791,2.19196010538375
1.64592159254071,1.68983214493527,2.03267924777547
1.62236924435755,1.6938668798598,1.96378976041846
1.71729832169927,1.79875776564226,2.17231012646523
1.77529951419811,1.82018591663709,2.27550388797533
1.77735388878591,1.89414530469346,2.2731151770705
1.76463802533729,1.90291067601021,2.21765770409176
1.85222812853916,2.00152229628798,2.39214114346157
1.81766203025749,1.88484437272039,2.34507993896163
1.91387918329992,1.96254822262443,2.52659498897271
1.97146388411424,2.03272945799075,2.62394756006461
1.98267199820863,1.98575284647894,2.61356685824547
2.08632169520059,2.07031426323774,2.77987985474096
1.95986422706031,1.9405406643355,2.52301781084767
2.06457296911384,2.00900422002287,2.63566429334188
2.15455994289729,2.0856159833747,2.75471161808329
1.80449831202817,1.8500349541581,2.26368366398757
1.78453563245263,1.83420415496623,2.15917168393262
1.87864323813727,1.87593739346279,2.35425265382383
1.9070098654429,1.88382450935635,2.32249296171746
1.69564157384091,1.82715098694183,2.1331037693961
1.64457811447695,1.8124767882012,2.05156276253202
1.77394444660042,1.90009207080575,2.22176199823233
1.85778455498199,1.9537021222945,2.32288613775745
1.77943709796185,1.92500401786713,2.19860617525577
1.75996222894742,1.93767165975052,2.15971219192928
1.7443304017333,1.84610669733835,2.12071536025901
1.79204283316025,1.90905614740891,2.12168371269922
1.67979844472551,1.75731868857303,2.03955731782714
1.82212389275469,1.89201224030086,2.23019753116527
1.85544752289122,1.86482931590801,2.27273070597474
1.83412990313858,1.8133806320393,2.24231929012081
1.99282225182065,2.00082314379977,2.43841702566108
2.07851179805716,2.06236836259721,2.5347762332716
2.09219396996609,2.13597085191933,2.55639269354302
2.28188666503457,2.33692538999574,2.78164953272421
2.51341377361441,2.64303423796623,3.07386088348024
1.95412068306877,2.04829512904081,2.36823006210937
2.01373912993737,2.13721189751762,2.40893544096994
2.08333469051077,2.16040396854236,2.52466792127266
2.23008225040739,2.31768301709085,2.67292354498592
1.89650091899704,2.05956802571588,2.35892210159866
1.98523172116732,2.14329882359521,2.48785047891972
1.94358511481593,2.13108318044397,2.3990290566704
1.93249103890447,2.13023481260375,2.34224175348637
2.06383225161093,2.25863671671282,2.55771932293502
2.15764291073611,2.24783576971701,2.65009639755705
2.1409813829471,2.44093002361541,2.69706950722459
2.32383848686091,2.56783759215809,2.82423699110486
2.28802480315715,2.60593130794047,2.92156990930956
2.33687229169238,2.80040992409368,2.83977955930952
2.76369260811511,3.23905277642063,3.14420802035106
2.68160287413765,3.09708762648003,3.12819768722794
2.58842614039283,3.15952807315238,3.10624468239433
2.99140564171608,3.48900565005367,3.41185615622648
3.04717878015117,3.73787428662965,3.58894424509492
3.18023503880507,3.87275468869844,3.73685513171002
3.55422504428218,4.29159391965594,4.06869430636285
2.08762731826555,2.30337666001888,2.55681116146677
2.05309531745939,2.30638024462917,2.48636027560331
2.21966372496672,2.41124916129737,2.70328180269733
2.3009485493231,2.4712087267109,2.8061185463549
2.31350514907311,2.51058829827512,2.77511617098044
2.27385565429722,2.49702931513406,2.69086859528833
2.44391670588085,2.5359602309611,2.92591256700409
2.59114517723829,2.6999760519503,3.24190372666792
2.5486180688993,2.64530092700757,3.06785204125477
2.43597391304424,2.48329715064842,2.82339327110539
2.48085034792237,2.56927729731698,2.89335292457039
2.51143925465513,2.65893880662741,2.90092950604768
2.58630434046295,2.50682193176193,2.93513519423163
2.8606676170847,2.87168129575659,3.19991720986266
2.90371300942451,2.74376251892647,3.16255256436608
2.83451693119751,2.66130815977077,3.18284367467828
3.16545524297211,2.96310758677694,3.50125609244613
3.14123726045739,3.09059594647818,3.4886249552722
3.03351558122163,2.69389091830471,3.34551395838057
3.26927093054656,2.90687843405476,3.5375310062982
3.25057685324,2.8702548471256,3.56262182760669
3.23292777191971,2.91365460015932,3.54744267449014
2.4208185197915,2.71757247826714,2.91332838942428
2.52633731831237,2.85523229203096,3.0042533503579
2.45898039238824,2.8086030792948,3.00200884040822
2.4372708543435,2.76670208487646,2.99215387491896
2.59947463796147,3.03980195940057,3.17814368637689
2.66025601244543,3.14272859689189,3.21022671235319
2.78920544861124,3.18135757522246,3.40536831308129
3.12318840190074,3.19829137891004,3.59169304689267
3.08200550474669,3.39459602236683,3.68090259011508
2.87969506401235,3.63107337124243,3.63501773326403
3.09084334758191,3.9695443077453,3.90161456195376
3.15740214154047,3.9593412757535,3.84816355857178
3.11722617387408,3.8198082506803,3.86005421843458
3.43165725853872,4.08998314342275,4.11531788819796
3.43710650543304,4.12040711688286,4.14912743566797
2.56717752476993,3.10521219128953,3.19575618528189
2.51502711788726,3.02105447377202,3.13805024803176
2.67650582208209,3.32409716885275,3.35054717032514
2.77371691657443,3.44186026058314,3.44800814266112
2.73246896892696,3.46409117059916,3.46718073159587
2.68296080741853,3.3903775374327,3.3711493672053
2.9151153619423,3.74449934182639,3.69289422641721
3.06318546829902,3.88308604788868,3.83161854190706
3.09278182030458,3.91488049434399,3.91179318169458
3.13870107971309,3.88586764844729,3.78492200242555
3.37146062463698,3.99950701184465,3.87307759293137
3.44676831354013,4.12584143540503,4.09652627119449
3.28015596861843,3.95505849393616,3.84538844872918
3.54311229576833,4.10530076899938,4.00400195771284
3.62631140482872,4.25661057252424,4.17733828200744
3.84387898779891,4.4990435233817,4.41260869851874
3.92579304543357,4.44408612817118,4.41689578187375
2.79032182181039,3.52328129324747,3.5992521605277
2.90816673872538,3.66034168265565,3.75873277732813
2.7759530992199,3.48127455279356,3.58555537372018
2.74741011469933,3.4360790591601,3.50882315756299
2.87667482487596,3.56842141713043,3.73590048575271
2.8876285382875,3.56157942168841,3.72428303731341
3.10138625338893,3.87534592329669,4.04000116362705
3.15430530132032,3.96893450257408,4.11708410276973
3.21849905476021,4.0005536514719,4.18175859467217
3.2147683247093,4.08781010417756,4.15604576141948
3.40235565281252,4.56847531186754,4.30647492511966
3.69864434929708,4.91763484405598,4.52508131876244
3.58707079547738,4.90194330335466,4.50166004675309
3.99602401640923,5.45652836913835,4.85208072634332
3.59144454549724,4.79293706291321,4.55061916106837
3.84688676349987,5.25451723752699,4.81413014558888
4.02523171808476,5.45146486601348,4.99355900101653
3.59018717940812,4.23539085838593,4.50868988262472
4.00366529854427,4.3650304010131,4.86315084170821
3.7620220795567,4.58433410044199,4.68924879927598
4.26611863850551,4.9395793985772,5.15016751641254
2.84448961404988,3.43879345433888,3.69424310837174
2.98601909918474,3.5548966539541,3.88155204241216
2.72456735233865,3.24823400288466,3.5054845136551
2.67203633847449,3.21410242090719,3.40640245615843
2.73648487236198,3.15196789985302,3.5048860131069
2.90043228180779,3.29797272471798,3.70008502778266
2.71246340036533,3.10744108320661,3.43016491421453
2.64523383228735,2.992317326628,3.4165892943756
2.62214519853728,2.99848546950012,3.39718733893603
2.64813643396633,2.91066936308537,3.42199753245726
2.7260329208333,2.97077908705438,3.49862167440107
2.60063392516889,2.78954540492914,3.3664708314249
2.65157360909449,2.87965799834947,3.44288597490993
2.73256642434463,2.83394731376633,3.4981789342096
2.9231204720509,3.07657379193074,3.73918783521582
2.96925619086817,3.0091622278386,3.68295388789089
2.99805510598511,3.03927655134056,3.6458498913535
2.43464440567898,2.59923706280009,3.16144923021459
2.38428636976933,2.55840696806931,3.05955359865927
2.39598514547089,2.5393690907031,3.13248528231441
2.48853879427796,2.64191296986256,3.25790214543018
2.26129985963124,2.39338215917508,2.95639506661831
2.19068210689353,2.3489779676154,2.83786403830743
2.27589791402926,2.43350676008101,2.98143501770254
2.43010224871921,2.57739945585499,3.13955822927217
2.3780283433695,2.64599972733024,3.08225002491073
2.54132612620253,2.89138052352026,3.26299452770138
2.27037117090139,2.44099418854328,2.91306189031357
2.59348586786281,2.69575193916173,3.13826320641862
2.50540617766772,2.67373414946235,3.00356061102946
2.47780550236507,2.71652358622713,3.15428358927572
2.25974262671911,2.31193618563385,2.95370789866115
2.39863221727449,2.43399697392898,3.13719489828448
2.15351792445522,2.17028889543663,2.79948827911366
2.09817724839331,2.14726271193068,2.69889534418981
2.15688117899873,2.10499268656296,2.80748504340997
2.24888500472434,2.16511454316776,2.95279473335428
2.18515756196252,2.10396760204557,2.80039176311234
2.13263813452899,2.11263256955861,2.68397476420363
2.21162469723294,2.08608635919688,2.84323786942341
2.32099599469968,2.53842410887828,2.96638461191264
2.74991989749908,2.8518781253111,3.43134106282252
3.26900114130404,2.93831642659313,3.90310432887165
2.8996509516965,3.44850689373264,3.61609678482995
3.48393818686791,3.89660533599767,4.19529201887937
2.66890992059336,3.75055091981922,3.35210166275672
2.87432934657891,4.44940941097124,3.57149896372851
3.02090022869818,4.59937485367541,3.73090786686807
2.6234746974053,3.11890623083623,3.13339657156841
3.07539687677764,3.37518900305682,3.43847415273195
2.78499262408955,3.6827770432263,3.30856665823706
3.32191832782784,4.26895430092857,3.70748530659906
2.05430943168731,1.9988710148015,2.66914892444876
2.00926757089893,2.02557090929827,2.54119583521789
2.05928540445518,1.92353215999239,2.73867585818206
2.14103356884947,1.96068365225846,2.89560745403364
2.00283243100443,1.8469858676142,2.63805786014826
2.02449861877347,1.83205073880612,2.50068147147557
2.05512587570853,1.91187636495826,2.76091158262041
2.29370295487882,1.99275649302684,2.85185975221978
2.29892113971085,2.24574647413041,3.01254555588168
2.30826432257481,1.88277374924985,2.99771694452127
2.72945530163667,2.07958678036187,3.26735472556812
1.95448602739869,1.80607648371743,2.66374149921539
2.00155503829811,1.87864292932447,2.84739708902814
1.92520258992463,1.74044061285123,2.52889583727049
1.95182396903402,1.73548178549165,2.41397378888462
1.93463861245759,1.73059948691856,2.582815281682
1.93309108906807,1.80533590867559,2.81173757194711
2.1090136918581,1.83831054182059,2.58742065196224
2.56297166930124,2.26961779319285,2.86781235776763
2.47724959070905,2.36272861062186,2.79137813136486
2.56214869585386,2.43836326649375,2.9706652862513
2.19416005955661,1.80324716364936,2.7938955771524
2.51043240496899,2.22326193806158,3.09844791510218
2.61385698339637,2.12595586488521,3.11160287372183
2.48159204054371,2.19333169002632,3.06949453296675
1.91476519981687,1.63565124886114,2.45111486966932
1.91822606313184,1.59328523502924,2.34088746443244
1.964228585093,1.67898509950535,2.51873572176351
2.03266721233565,1.7811584944653,2.65581910881866
1.9938806606323,1.64613067576046,2.45970233513005
1.96663886265788,1.63594341141839,2.39416695637648
2.16035010470376,1.81698974262926,2.62886537976591
2.35910872571764,1.96004367885321,2.79591053218362
2.57421551050937,2.28028984865061,2.82055864446819
2.80521602492787,2.51733823557638,2.9936416788122
2.41049254402631,2.13585139149736,2.89592100557722
2.80002911899022,2.50679726527948,3.14983458283064
2.70669750090795,2.52696550550661,3.21167282503901
2.76248939571125,2.52447936607935,3.20995725453568
1.96306250196685,1.5428427304577,2.37405666512567
2.03981333623354,1.59599605235543,2.47380425281567
1.91202629820595,1.47690639119379,2.24607489894219
1.91384321473338,1.51998474789818,2.23236594542994
1.8964511226014,1.4240577887443,2.17221676400737
1.91677671293094,1.42748287130744,2.2208218301369
1.76766459933431,1.35727336386648,2.01009948678522
1.79535656859474,1.55398415072767,2.01647382645377
1.79684031907042,1.43722330066781,1.99516264204243
2.09120012884386,1.85184442396664,2.27980737273635
2.11085317025451,1.85636467100358,2.26641095483294
2.06783463067254,1.75313217904981,2.22990010863021
1.67903420947464,1.32838281767671,1.98070165165544
2.19609775532254,1.83806566776596,2.42909162385237
1.88459160212844,1.68371914334727,2.22323891951192
1.74973475668524,1.6126198654879,1.93615141808522
2.15698627741611,2.12264403391734,2.30512241997004
2.16984271432949,2.06403655667503,2.27974137356284
2.17375551092766,2.09196800902368,2.2646639814488
2.03697138146566,1.53347044674443,2.24728498701186
2.10274371225472,1.6340953751881,2.27550129450702
2.13681757342421,1.59834684620072,2.33493343445814
2.14162187678596,1.59032310309044,2.35781516513575
2.27892022649313,1.75461531314819,2.44378718004258
2.41018869348598,1.90317190767246,2.56286463909577
2.46242480921434,1.93706529849452,2.62391634122058
2.77295498514042,2.20637732648381,2.91400450415249
2.81163370883542,2.23188769891444,2.96529892322485
2.60304753610276,2.11542734178786,2.76322279147175
2.87822809930067,2.3866203645641,3.03563469390573
2.16545070313654,1.65719584519141,2.31120936871841
2.04916432527399,1.56050719330592,2.18000603266729
2.22513716902269,1.7233009233356,2.37214515053409
2.35974109191803,1.848761459181,2.50884939478976
2.11345829557917,1.63702710866732,2.26135510866627
2.0315854682487,1.55304860070761,2.17292200499467
2.27123323991885,1.80412030761216,2.41041489937521
2.40515995392354,2.22375010738267,2.75803066457291
2.59782219729703,2.1884771212048,2.63241487076897
2.23579913381396,1.98056824402428,2.35411220558394
2.46315283781431,2.36015733092524,2.46595181472485
2.36218764131679,2.43907981852533,2.64637095251536
2.35183552544788,2.19364077206618,2.59065204136842
2.6400891437682,2.51898889558437,2.97476589122876
2.64230137137554,2.47005391266547,2.83552196124435
2.65937682034095,2.69937594443286,2.93121380938956
3.00837129005549,3.09414196939606,3.21999757780585
3.10269982102346,3.1666476198434,3.32819855341178
2.9156575198928,3.01545846879515,3.2692099644043
3.20809109224886,3.30788123456931,3.54453803477388
3.18070238562321,3.28245382405213,3.5141354493378
3.18411072520673,3.28727215371782,3.5436649005058
1.98286396728989,1.54854439453015,2.15515927248534
1.83120955329971,1.42395062732572,2.00656802544317
2.07599200329162,1.66795760395855,2.26304478131199
2.2277933378173,1.80653802521154,2.40790373278293
2.01237329918046,1.67136753284406,2.22444470254108
1.94695564068226,1.63834390872816,2.16946291602639
2.22568783560169,1.91892759071348,2.44123140776963
2.38281611713372,2.0731326650145,2.57162758457742
2.28254681324596,2.14251321051549,2.48859306904407
2.52492720599038,2.22476029382531,2.60638473521054
2.81969981767846,2.55094024528664,2.77087627463251
2.80358249500381,2.47176948764578,2.83144127618892
2.9024352632952,2.6939902842582,2.91080130451886
3.33852446340681,3.14128781444776,3.3430239613946
3.35609194140826,3.19628928385257,3.29080963556349
1.88469205056339,1.56652226648535,2.10199540576094
1.77564305988192,1.51219526790682,2.01214010895914
1.92681062582212,1.57557313460918,2.12652563162251
2.04033245505585,1.6620740117905,2.23181949876399
1.84676359156707,1.50714766353005,2.02643015436742
1.86026837863163,1.57037281343281,2.04231718937398
1.96848508378436,1.61233039122619,2.13335424962348
2.10851459532488,1.8431315316325,2.31057209875813
2.01101427571916,1.96875733027206,2.24775143310186
1.91413805729731,1.69982596437393,2.08528804208199
2.03401894153197,1.96601913799034,2.24247230830919
1.81450908722382,2.04955806573058,2.10526155561531
1.92321344148785,1.73146830735051,2.10358445133495
2.01066575687507,1.88544744421257,2.16573092937465
2.1299954730302,1.9752789624315,2.30145579678626
2.0556812528438,1.87537417715543,2.26896355148059
2.32498364642768,2.14069413194518,2.51548391302289
2.2267339197874,2.07162208664958,2.42672444870163
2.098561988858,2.01711736740386,2.39226581835765
2.33697622573028,2.27114881519802,2.64539173276703
2.33344134229847,2.30260186224954,2.62842038992114
2.34493914926254,2.26816043991999,2.62181879668585
1.68402249925499,1.33977253182445,1.84064378613748
1.60345704110717,1.30488792122599,1.73922353293732
1.66244358370485,1.27551498719509,1.82068096695472
1.7481157249159,1.34082529466469,1.92170168487559
1.56316739899166,1.16950723653001,1.69447842034951
1.58291832969779,1.1995590612996,1.65696847548982
1.66167524568892,1.20724561078047,1.79260442360408
1.52946224229664,1.2365609601225,1.86060162325644
2.15722068095112,1.6390602007371,2.33403336896349
1.9801454219452,1.52441448827243,1.95343722123788
2.54564686864302,2.06049611552446,2.54616814303623
2.16200471822299,1.76398524605762,2.10934289339117
2.0574899601061,1.60182755793426,2.20027532233177
1.98679086857393,1.64388095699533,2.31026788374033
2.44624148368224,1.84864868123525,2.69322021498962
2.01029370855175,1.5433161689739,2.14908453786579
2.05542134522197,1.61482429473537,2.22092997607852
1.92719726176695,1.43296838683141,2.10247410196235
1.88094046354603,1.37013275533781,2.08851519391536
1.89466055753852,1.38148542285047,2.09653296435388
1.85437982650011,1.35379938623837,2.1134844553151
1.96792636599192,1.49255147241804,2.17694068225936
2.0689141807742,1.61112917926676,2.26015817705011
1.98215293171323,1.51352102672309,2.22761742928885
1.3985673212103,1.04640578087918,1.56839053552382
1.24964760100816,0.952127071222228,1.43153791481323
1.45624597441014,1.09865143220532,1.64500082779765
1.59769942394357,1.22028529919915,1.78538870800361
1.36647305610808,1.05358691658678,1.57284824705713
1.30214094987411,0.979461870457524,1.4883227012261
1.46262527476467,1.1534290620751,1.70546619754041
1.57541099725949,1.28321689743137,1.83845673111742
1.43128314242231,1.21274746290104,1.68381410039469
1.7400339394844,1.58305787719781,2.00527303809993
1.75667679631103,1.63241022803581,1.9698425278563
1.80683526871122,1.64119021616448,1.96913096099012
1.56108666566487,1.21094273539184,1.77692318173192
1.76710598947978,1.47520789837487,1.9198260662853
1.81513024679639,1.53507900430829,1.982092688362
1.69655757571891,1.4488635753521,1.95072222621517
2.06542742502582,1.89787540183005,2.31890697314272
2.10582875475899,1.90662155317463,2.27469448637077
2.05016353572474,1.89642207209764,2.29953732199498
1.30956567173393,1.07488003763326,1.52131893049602
1.20719026997641,1.02513596253606,1.41382691128338
1.42320675195125,1.19772950299175,1.6296460160793
1.53060630844853,1.27381527170788,1.73505984938679
1.44461464550816,1.27634765789212,1.63918598774905
1.43702943146793,1.31407270458754,1.6438307211194
1.65883294211335,1.47029744401689,1.83857745180344
1.80653366390872,1.70593775428961,2.0395926721158
1.8948430469187,1.74334248496563,2.01727236191437
2.31171298586471,1.98767522555608,2.48741137701845
2.91534333734254,2.5455508485368,3.11996311250631
2.51156256690208,2.2274038554055,2.73376860403438
2.76991546936178,2.42906678958441,2.91484640926534
3.20448502376812,2.86304489285663,3.30513374964442
3.2890497242074,2.9910325720968,3.45863914731937
1.33884424666391,1.19817404809118,1.5059317997716
1.29825893777533,1.22382469598819,1.46096536350195
1.32827531681164,1.14295036433924,1.46953836986808
1.40639374381029,1.17524077204356,1.54837269418114
1.24608856238247,1.08922836576622,1.3583728076031
1.29267623318151,1.17782935987931,1.39612576169195
1.30699863769226,1.10898998551648,1.40065429898181
1.33111318929543,1.09997382116585,1.44024845813553
1.26778439777925,1.09419119975375,1.3389645547225
1.47764558865002,1.25357023251714,1.56034633399469
1.59443822539064,1.3363283022386,1.68523143599593
1.53575788492957,1.30544309754618,1.61648284263319
1.55727701241882,1.35996145440834,1.61380826457071
1.98390389450219,1.77627352787171,1.86052917914753
1.91939448803843,1.82466421802138,2.06179147790143
1.08947116789031,0.970155593145676,1.19587074638023
1.05531260394613,0.996836783882808,1.14252261784387
1.04554488825352,0.889017696547682,1.16758579152816
1.13550747851029,0.932911540547861,1.27332397289737
0.931683978841087,0.794649256631667,1.04376927411009
0.905686616143673,0.783943112464294,0.990527031348985
0.981003332019349,0.799048780974163,1.10156009191696
0.880149068907811,0.821401172622245,0.99942076669128
0.819341287801674,0.807909910968489,0.909742643091131
0.967599400797288,0.925263692179685,1.1146826175181
1.06267519762806,0.981198196368961,1.22542099018126
0.984241571047745,1.01752090782547,1.14016574930645
0.939607351546304,0.974909741566971,1.07803853413584
1.13126433227183,1.17078698124004,1.33022845650052
1.26281458392776,1.33541702204553,1.44223570026145
1.20350481502181,1.41820230499249,1.3946209090075
1.16305470615263,1.16889848289051,1.38350186045868
1.15912350116136,1.33763667733421,1.35171653291214
1.22063892668998,1.24574790426478,1.40532140183471
1.34544176791306,1.33554728572924,1.60429006502337
1.69227887941202,1.63284222065668,1.88440430013329
1.68215076202735,1.72609945190858,1.94486952418237
1.59416334551985,1.5887548120205,1.74565311361941
1.95818637200278,2.00532112758171,2.03485662934789
1.94978560266811,1.90480071063726,1.96911169822496
1.72127105735579,1.72020771357193,1.93381744062196
1.98394899190274,2.00778135524274,2.23812284929025
2.0459537756513,2.00974640888422,2.22857699513095
2.01615532374122,2.03342207498466,2.18630459858095
1.00303656199176,1.09142087487208,1.12945887165745
1.00790512372601,1.13737165339132,1.10642835341928
1.07243181477699,1.14228615383129,1.19045569872548
1.12623197803889,1.14817083592398,1.25058243585427
1.12685517894454,1.23527136815321,1.21404967693523
1.20306796961121,1.33885895885639,1.29992720139311
1.27520426838564,1.35088808476329,1.34658758637466
1.57169006921234,1.42470480884168,1.52692024282507
1.68631146106974,1.54545513196874,1.55994702752299
2.12851095162098,1.93789407990989,1.9557421588454
2.15381553612438,1.93676184908126,1.98646070826033
2.14849119747623,1.89083114121094,2.00984270161336
1.71920756643293,1.45672848229677,1.83965230494327
2.0420740310198,1.72591197810837,2.17621888793836
2.28708658905907,1.81656472223023,2.35629182287621
2.37686641411038,2.1009577963311,2.44750094515634
2.82188006541172,2.56539739342164,2.86170917601216
2.84287416197615,2.60096275447827,2.88934143913354
2.81414202814739,2.55599850466422,2.88542860633229
1.02182924607883,1.15631070531868,1.07322222915542
1.07384658023705,1.23723102058985,1.10813654091362
0.926192247872029,1.03422767655867,0.967110003149892
0.946816612884982,1.00516278830944,1.00219921432157
0.86049303911498,0.991575438182657,0.868361071010407
0.934920815734419,1.09008965209092,0.92771356421594
0.851676130639141,0.928177624808381,0.864889113067271
1.30155538174143,1.32999397772682,1.39091460711427
1.40000627438707,1.40747937664207,1.32637660112575
1.33182612717228,1.42875379374268,1.34918828640542
0.808877952916819,0.959069962548838,0.803358398642884
0.860058769339363,1.03238659161958,0.834697214532245
0.767136099751512,0.89421502067528,0.788636361999902
0.785720846359408,0.883981231915087,0.841576889844779
0.765451496181513,0.88247440662217,0.759679899565977
0.77955402551303,0.858988119256567,0.731399928763194
0.770965388014754,0.852598495019439,0.806357437449755
1.29949374225026,1.38938420048824,1.31437717940347
1.29751622062483,1.29197829427304,1.31879916660712
1.26939382859639,1.35294527288073,1.35119922178892
0.865115228071705,1.01649251586346,0.861415973377344
0.932986755379484,1.05708051284008,0.894725066766411
0.957234092779685,1.12988034550775,1.00048084360864
0.967103205394536,1.13825166636891,1.03970470916897
1.11360720346668,1.28703657656529,1.16528816700687
1.16069862933677,1.31378231584891,1.19772453917312
1.25203839268268,1.41538835846706,1.3519572761487
1.48628492364785,1.50653642515171,1.42821251005162
1.60631148074016,1.53552591636105,1.62059646263793
1.40590232279819,1.96802735386972,1.68425056548836
1.88474316120771,2.16589200166222,1.95546698681826
1.82730347430039,2.4544799889572,2.15246962691455
1.82058156422207,2.45352928594047,2.14628138445811
2.38564723428745,2.78907851148237,2.68848057744894
2.24339455408676,2.53293718466037,2.4486734446883
2.35158519516707,3.06340558908287,2.70234676833254
2.82819900959619,3.26155374261089,3.21304581085427
2.91868922196707,3.49260165463706,3.12653792784487
2.53285338361907,3.51368330984453,2.93125283240397
2.8327003339918,3.77316240795804,3.16660682506128
2.78097157388687,3.78496347571635,3.17931372704586
2.7992579942601,3.83708275659203,3.2094537052198
1.17599854252572,1.34995509694338,1.2038237348362
1.29253528551502,1.45290552039305,1.32123888140228
1.13780972684883,1.32745074050105,1.15538041560206
1.08693321349853,1.27510053973915,1.10556015011551
1.20795815239631,1.40448175426093,1.22089451249062
1.34160490419728,1.53196973983505,1.37757971415156
1.19216742537487,1.42196655762996,1.2014180935526
1.16873936173212,1.37556350708,1.12990782958972
1.33810236230744,1.53417994286994,1.2810743248932
1.61558512825112,1.56595883542983,1.32725947165982
2.10135870175433,1.84718071812165,1.77692118837093
2.00271332360441,1.92441550806815,1.65607402659544
2.09178288191441,1.96769696042975,1.71481516266958
2.47190346706697,2.47268895358,2.17555928132297
2.57138662135824,2.38458077265189,2.27350696936526
2.55896811726189,2.21668783233766,2.0929380694139
2.94134177911884,2.36151000337608,2.49668727774288
2.80810381727983,2.56736696481912,2.36001667449472
3.13478152956001,2.79035632251912,2.72286156331328
3.48992573972097,3.12318381185777,3.07908666406939
3.42320008089546,3.1683471298216,3.08647085641623
3.48764783745501,3.12960100390274,3.10221150536584
1.19722242700492,1.35996237560258,1.1949394584962
1.34239356987548,1.48022392204189,1.36274300071404
1.07303380272416,1.21429448012019,1.04047381116542
0.990075835483359,1.14588942150478,0.95459331659423
1.10423293148813,1.18259674044366,1.05219813270069
1.18485201915467,1.27344063353711,1.1774070452884
1.01883252061761,1.05702538628969,0.930178431548515
1.04381122007764,1.01497315376172,0.882238471611522
1.16248654001041,1.09938483148684,1.05622226612171
1.58624696391075,1.53374297021112,1.4616363046078
1.64084123038967,1.50356609728108,1.53565035887292
1.58829114272175,1.54902963632443,1.52560217332111
1.0627813770604,1.08993861443792,0.970408357078632
1.54191732189317,1.51610846571106,1.44116499820569
1.49764543396486,1.53762689665828,1.43650527420522
1.50738739269561,1.50829232033868,1.44471176882549
1.1955081889133,1.22393628217069,1.13107434955654
1.32939884495358,1.31730132662841,1.2914151542564
1.16370561063109,1.19506689842851,1.08134831904249
1.09331185006699,1.15401300376809,1.01218806486106
1.24633171021708,1.2494507113814,1.17477903791785
1.26498800758416,1.2160607211921,1.17089940113278
1.19581331597678,1.23148845517508,1.15352824466312
1.11548884592919,1.14292500725244,1.06664082109574
1.22969972681098,1.30581439679727,1.28314871728771
1.2843105435374,1.30889432629284,1.27091775039844
1.42242685871355,1.44342059106413,1.47792796509237
1.31769974013018,1.27741138047377,1.25494991403363
1.71619542741951,1.65155588585588,1.6858513626962
1.68327527182363,1.63779284330969,1.62929334079743
1.68456015383317,1.65723017908576,1.62897447485974
1.26865641073076,1.34520939684134,1.39336380957101
1.67393838153273,1.72881539997841,1.75280047764708
1.64160149939522,1.70705883572546,1.74580236992724
1.61956617352124,1.70507683686737,1.77968353905966
1.40737922901965,1.41695359116243,1.37487826995526
1.52142551565364,1.48977987237337,1.47781092801562
1.4545357387541,1.50147216696248,1.46604411685227
1.38968240586053,1.46382016046505,1.40409365810914
1.62429089228229,1.66537877324932,1.68565665809854
1.70104255976131,1.73041255321245,1.76971694427076
1.68165124777972,1.75121707025101,1.78239919259786
2.04535262135897,2.05294378782766,2.11670015680137
1.94887913440855,2.05185651555408,2.06015989139957
1.98226593546868,2.06972020966916,2.08399246988613
1.70137192513389,1.70936614253365,1.78162571509752
1.85003815312729,1.82436950064328,1.94492871199005
1.62770364837281,1.64294108570923,1.7196526764452
1.53018340948711,1.57105637488273,1.61535831992659
1.70747712158053,1.6988115802919,1.85230942736557
1.83561908404446,1.82319528975924,2.02428553873688
1.6587312623508,1.66508172300851,1.84823533500355
1.57871975765261,1.55483378872819,1.78460399577532
1.74109352212753,1.74131100300596,2.05163091731954
1.70429978686503,1.74191672146944,2.43685947956835
1.77527617293118,1.91393667677722,2.86801630129317
2.17527125155743,1.76169845302008,3.06488391909189
1.80038319117433,1.71022953972349,2.57509406144429
2.1490606609002,1.63714197409893,2.82395480235401
1.81004596720061,1.80770715891527,2.63437094996192
2.3298373693091,1.82353597690016,3.30355965692002
2.5883634868513,2.0056340940787,3.74801706719368
2.87632858021522,1.8259228278794,3.73733409202337
3.19498439623518,1.86567503195533,3.74460305119445
2.99580339069102,1.87659357036559,3.42750364973393
3.7513718407955,2.03778115213523,4.23189794641248
3.46972403719303,1.96617971473688,4.52236430551313
3.57756137132063,2.09626481275938,4.86522616115501
3.95240246934258,2.01038286302662,4.88217816054461
1.73815457511307,1.67811226730355,1.84446610501483
1.88751041850553,1.79707134200594,2.03576314485349
1.62227702866699,1.55141596971507,1.65523486316419
1.52029914260945,1.47475657235136,1.525199553531
1.66629880046514,1.53792263983595,1.6556826850002
1.75938119257203,1.60006154700482,1.7969628471796
1.54853907490263,1.41967605850224,1.4561713046962
1.49554688798008,1.41842372242042,1.36454456415491
1.68025818104574,1.4897758514649,1.56837243433002
2.00552742369859,1.81078153553581,1.85677680464148
2.09209499414591,1.84456577088282,1.95365269369881
1.96453266482847,1.8795762269684,1.94887823325954
1.61505659354542,1.42256284933238,1.53856463591473
1.97674980887776,1.77739874677852,1.92781044444014
1.92567590612093,1.79336272243405,1.87314588624743
1.96516522989006,1.76195293171606,1.87956304396086
1.76992439132112,1.61401704787407,1.74779369710506
1.90349457613014,1.69135261810877,1.88738007023528
1.74941025224507,1.63294847209411,1.72998701411154
1.66946998984804,1.59731003767772,1.64787742150782
1.86331528924108,1.73087732031864,1.87438264371653
1.87476743639048,1.71132111680935,1.88176563432078
1.8301428732131,1.75116008405841,1.86523348413959
1.81104684938869,1.76992895078236,1.85479535885437
1.95446290743392,1.86961636493911,2.02113333732717
1.70679263217807,1.64818411406364,1.7318560542391
1.6081958303221,1.59768149890832,1.61459580731133
1.71938168566513,1.71772764557966,1.78763433340383
1.79921221493803,1.67005876124921,1.77161999381635
1.9896105952411,1.8220454148026,1.94337525858212
1.87243087951765,1.71688059491326,1.78251693167787
1.6484556928479,1.58699073583734,1.65280079578092
1.61082458287838,1.59576135221176,1.64997161784845
1.58787766227063,1.53095776861564,1.592482914946
1.67720173388416,1.56631459565064,1.66712909266787
1.80342459165221,1.63649973385385,1.74100630377783
1.6525818298916,1.54700337333344,1.61944449162905
1.47160899019801,1.47889054511989,1.50479374506648
1.42456572008357,1.46049429356694,1.47559498819435
1.46259068690643,1.46661146303931,1.50177811012269
2.0448865651295,1.88979825855723,2.07793547200202
2.17407548715863,1.99032622754291,2.13646739320232
2.08082357533948,1.94599703337157,2.23711507361023
1.99974019846697,1.90178278705956,2.23382010689719
2.25523119980292,2.10312649559547,2.46104153965364
2.34799203874094,2.19570173744811,2.57800198862398
2.29303222759096,2.18026935461803,2.53467574463186
2.25591356855279,2.17630246404518,2.49452919035069
2.47670505975388,2.35883132897411,2.76000470794151
2.37999426015765,2.35000472247997,2.60475433416791
2.42761948908202,2.50625985982829,2.65649145163628
2.57979946282242,2.61705519458169,2.80357625086646
2.67092400254703,2.69563858738978,2.93764502572837
2.99407291027122,3.09249921312482,3.32370474958506
3.15540946020626,3.20979155079609,3.36443951716335
3.42745021592701,3.44008366484271,3.54272629870723
3.52556752018729,3.67173944776459,3.78584597602736
2.33676955113241,2.12962571095896,2.54517203157379
2.52195842038024,2.30067950364289,2.80937182891682
2.24656759184688,2.0187986238302,2.38342433372525
2.14561493152,1.94868970201867,2.24014977714833
2.34076663423049,2.06215149467555,2.4762512361569
2.49637724804944,2.18439774845155,2.6606422174596
2.30352921611753,2.03551929166955,2.4522083623588
2.56999897744796,2.34400136860093,2.75936384434666
2.58753883074661,2.20119187192053,2.61982895411696
2.52931624125227,2.33084065547269,2.61016132229225
2.87636441953243,2.6962696407028,2.88210501338181
2.93327617924304,2.84663221023505,2.87539069047381
2.82496894880864,2.51809192854802,2.94109061940892
3.10661831538987,2.7424662293462,3.2122191505488
2.97481062498995,2.70256736453981,3.18793863452141
3.32528642798512,3.11261480915649,3.3114827638554
3.47977088527931,3.44073334203396,3.39067280597187
3.73309466237787,3.52190185153399,3.64169634038097
3.74806531280197,3.4792437820146,3.77704139461224
3.99164353816619,3.71971396842839,4.04011954218503
3.99220902491108,3.78535159005889,4.01087367393682
4.02994981469609,3.71085122997294,4.06013550683376
2.35291238114342,2.05422207865589,2.43872188891904
2.52877377992378,2.19865687372905,2.68699636903911
2.20888902648329,1.93080167452208,2.18776627470262
2.11245582690609,1.86696975143314,2.06421693927171
2.22816164836787,1.91716688925895,2.08419468245753
2.3533183392643,2.02246526409035,2.15022287989675
2.12432095712886,1.79035094111171,1.98812564739569
2.17525517198998,1.82594663704611,1.94712207177467
2.17849636273706,1.83167389587256,2.12328800419767
2.39100024158793,2.12996926078816,2.40040917937458
2.50193161693139,2.13079825156942,2.41034701375402
2.39855090311077,2.1119410779484,2.4023996031232
1.98190622409678,1.67889707561457,1.93129550476853
2.20991755055745,1.95776394312964,2.20571135627419
2.20276250099959,1.96292322351466,2.19883795885246
2.22977505897258,1.96280037142103,2.1720596553238
2.245156777114,1.94882119623248,2.03036620583564
2.29187697007046,1.98253000230177,2.06765275923594
2.25369322509715,1.99298075396113,2.53869225090352
2.2571898109685,2.01550634993365,3.1604987628925
2.2953400214178,2.06073735698872,2.57075326116944
2.36101908844039,2.14761912860804,2.82888788746365
2.40626306018771,2.1561997167497,2.69607502952293
2.16603938487711,1.96127536452218,2.23082212543264
2.04433630024122,1.83353330335261,2.01880747714635
2.22811441587094,2.06874777458566,2.25562565315776
2.34958143695513,2.19572548205065,2.43519457953298
2.17066065713672,2.0628237590119,2.14219603981981
2.15226316433701,2.0234331073191,2.12091539469559
2.2899375746751,2.23017519503952,2.45673644965109
2.45484099350026,2.47068649045756,2.62753140569125
2.30736719463146,2.32844078549328,2.96557493213487
2.5375865947014,2.43546597438499,2.4127160001589
2.72121321557319,2.70156971710009,2.65810669825708
2.86211536344226,2.7789768289975,2.72233831977814
2.92069077198505,2.91398442986852,2.98675302432376
3.19523769951313,3.11003940171175,2.98262218680797
2.11491874961586,2.06127638276413,1.92237920541962
2.09650448902698,2.13121377042284,1.96890008442309
2.18143159108415,2.07962508184579,1.82410312048733
2.28653367579338,2.11377981418095,1.90603483324654
2.2042068818822,2.15901830270466,1.74221180802297
2.21451624683567,2.2418698151106,1.82252022113281
2.55015620044027,2.40508196458896,1.82897932133415
2.84450764646845,2.52348693050778,1.9383670282524
2.63127303164197,2.62630660645818,1.94014450420884
2.82271773075685,2.79489814719269,2.13703807951059
3.1456519680806,3.15919370081221,2.63745267978937
3.24429755901867,3.29289845581884,2.48271484730572
3.29135261450408,3.51891981764044,2.75068150644747
3.8277011660623,3.76890473750553,2.81179094712551
2.01400916908014,1.99461219088123,1.67198829514885
2.05852883341651,2.14930594318963,1.74251374950453
1.99116916222968,1.77581177092421,1.62266886238109
2.202673368409,1.78757147795829,1.67864190372735
1.86478760859657,1.62897474791029,1.56807442894344
1.91941216142647,1.68016552432146,1.63556894683037
2.0437778784782,1.63626716160528,1.59958158110242
2.6732589343061,1.7397396805627,1.79194780844561
2.3264313831038,1.71282580561625,1.98334679586554
2.75594558791267,2.08156356450129,2.32424163485954
2.6783803279618,2.06859507344124,2.36150490757318
2.7027878250671,2.03414549474952,2.44926722898069
2.1901767048555,1.91175259487257,1.78836302362374
2.55696205399382,2.24154117700671,2.16771069468962
2.58147123527928,2.28742338410691,2.15837342239465
2.55007174818494,2.28730315357957,2.20114323629177
1.61225693463898,1.46401808741201,1.45604705805492
1.54800509965651,1.4858145390812,1.42867795628601
1.51841911804061,1.34768368416195,1.43073228074886
1.66135459422351,1.3942857801806,1.54020453676187
1.76898810382866,1.44826951250823,1.61217705359178
1.78733454835404,1.52288853706468,1.66423070389236
1.3351907260141,1.22564694883673,1.31785134150009
1.30227312791553,1.27655016388662,1.32321382252521
1.3663110406249,1.2331451315774,1.37744366694472
1.54139316196739,1.37540053628826,1.53435260252177
1.45148804878068,1.40946444097153,1.53861765990189
1.6429966726562,1.37818634519987,1.54588249002245
1.94492848701143,1.61398261163648,1.80051809217988
1.91476723107425,1.63679525868045,1.82365356454146
1.27925770626769,1.12688764485877,1.2203268851334
1.36298608057258,1.1517045313969,1.27149327258587
1.18565448125918,1.07553586599367,1.13482970893179
1.17152683580659,1.12828962546232,1.1636182094854
1.13789608495023,0.993765255813713,1.05124687856631
1.20638408124717,0.997696391300287,1.08147953990332
1.17469144243471,1.06027211859815,1.09438645843645
1.1599531386677,1.10594304761931,1.12442141407375
1.15638860296564,1.01938838825446,1.05403211186018
1.53201041439925,1.46535305792475,1.47218519949906
1.55364356018927,1.44698522106047,1.4391522853092
1.57951488578595,1.45011021664217,1.51801634326075
1.36356557568542,1.2144785997461,1.24172608561579
1.58768550300586,1.28406794811689,1.44149309415254
1.52551294777907,1.2997558195517,1.62392580864511
1.59952985269307,1.34760998879806,1.87066840956624
2.00624047953791,1.73882773691046,2.35739003568432
2.01128055454561,1.75506181412623,2.35813034772266
1.98669543271951,1.72871076288405,2.34178906047461
1.0172337569385,0.887704605915181,0.923449998228056
0.987481438663684,0.950474047324316,0.944823544363222
1.01063329830438,0.805006409486874,0.861764758265494
1.10373640441598,0.84887136151858,0.931370327486335
0.933003107277842,0.721179140135996,0.766551214654373
0.898866545925375,0.76329017607889,0.768544490652154
1.02900643367447,0.756161032050547,0.824037298021082
1.10830850652895,0.792208649546127,0.901895007273241
1.03524793556652,0.789843884244002,0.842473843274185
1.4869684872909,1.29600338608213,1.35858977436007
1.44008912108234,1.31340819960653,1.32441450910182
1.49956497157849,1.3546918472476,1.37173472089134
1.12997049607048,0.884411831311744,0.936148163515184
1.5526034182775,1.3958473404861,1.42102894474607
1.58251462808452,1.39450956538058,1.42673415683366
1.54692754747302,1.38389933526575,1.43136774797706
0.874848660828995,0.655075621849232,0.716604252623449
0.942558771704107,0.722181248968939,0.819746534496801
0.804408881892461,0.631629892964195,0.662083026394679
0.83441110020293,0.707154127251919,0.713707353693093
0.753208222813101,0.58035673769453,0.622017565568175
0.797737296628154,0.596375542233999,0.653532324601462
0.742865358621149,0.685434216774163,0.680107007739618
0.794303803327271,0.766787770959681,0.755327030321967
0.801320511239777,0.736955805535539,0.739833165512724
1.3167905320251,1.28317836316675,1.31119283610755
1.34154168552196,1.3024237783256,1.27082517702777
1.33934585391674,1.29148579653488,1.30001548410776
0.84489256328158,0.862189430325265,0.814219220419596
1.25670185870124,1.27864342754702,1.22741307073067
1.28819662755898,1.21331080935394,1.26802372795583
1.35879689717449,1.39215254145131,1.32134263501868
1.90063495464399,1.89655428794697,1.85205613165392
1.88403446604464,1.92753663703709,1.8796318805513
1.91380470529881,1.92594768360395,1.86248157083449
0.765462955234382,0.546831979673441,0.616509703585938
0.813270729949043,0.643483884169198,0.694114335126701
0.8069815345601,0.533720820328596,0.639447902291554
0.845256123702197,0.580015163421068,0.683619864464544
0.881858362129867,0.568648849967119,0.71178906452661
0.899553734527627,0.624007625767657,0.74795166819102
1.05060807775456,0.708333237490785,0.850536994792293
1.45085984642823,1.24888237079633,1.37113696961423
1.40297473129983,1.25474756794708,1.29978079981242
1.54970143108059,1.33760168465416,1.44530828626412
0.867433861633654,0.54788783707083,0.731710322379063
0.892639821433549,0.591579833603318,0.762630768002232
0.894162372139365,0.582956875532839,0.807276454050673
0.939889548724944,0.656076097041846,0.878533306036391
0.902817635213438,0.590180214765829,0.85142110965032
0.861858381877247,0.5647358270862,0.809061883326325
0.906981776925188,0.63933774729809,0.902867120380923
1.00510111724161,0.756618633867669,1.01301929783023
0.954254423972675,0.685819756615628,0.968958656618686
0.836973768564508,0.643028618099497,0.843842913074646
0.874174560045625,0.704680705595267,0.862130603675758
0.915448496095222,0.752164841926608,0.950025577407144
0.779992054934225,0.62804044091682,0.770701257772075
0.872195468299181,0.71285480111413,0.893147348553542
1.40768127444442,1.28062839779111,1.40052869847359
1.36057732860963,1.28461465615026,1.40233125516033
1.3854804064945,1.29869176106819,1.42558884649865
1.04412428271832,0.706669488095027,0.989065633067565
1.14403177993386,0.811747800956112,1.08569831073876
1.08741875166674,0.755574339778443,1.03680985293893
1.03962354162359,0.737193921346798,0.9968070409984
1.22405403694076,0.882786964587435,1.17920738566174
1.31501653218965,0.953026653049292,1.25251473100073
1.26625519289893,0.960915242274504,1.20800257154464
1.29947032549692,0.988795226873482,1.19763270349396
1.21109447012912,0.941286810898266,1.16117069583001
1.401659274555,1.10920568506522,1.36637409079237
1.44565207119836,1.19797006999073,1.46571158898354
1.40099398982738,1.17871394597373,1.450964966548
1.58640972709903,1.36410392046777,1.62922093507684
1.64472623798654,1.46791094587728,1.72818761371198
1.69173609998789,1.44665175673807,1.69125609788863
1.82700195830103,1.59835783689594,1.83803319060678
1.51728921671053,1.21445162257542,1.44516680076247
1.5212986484647,1.20473439152821,1.41336076614158
1.66104866728609,1.37755560849795,1.6079310867573
1.77592505450159,1.48385290337827,1.69047423061606
1.24417827838506,0.91290516006114,1.25740389078505
1.17140807689654,0.883767250777214,1.20906973773792
1.38527045933654,1.03174677421156,1.42192566676491
1.47972071444116,1.10979903193048,1.49753356398472
1.44228297049324,1.09417889690632,1.52578894731932
1.36922877164649,1.02712097377636,1.47678682148612
1.57556501724546,1.19876663489908,1.65904090718524
1.86983905921108,1.62755724449648,2.01868161953535
1.91908927284918,1.6231652125257,1.94961651878875
1.96925495418281,1.5885071504213,2.01276425542166
1.5337912213424,1.22271527639132,1.6370733450378
1.66772437897688,1.34890582577086,1.75857668541274
1.49265832268994,1.23362267810856,1.63433492959673
1.42132808549844,1.16862030056186,1.56468654888032
1.57808587465665,1.37322516706921,1.74749752595771
1.61804232799649,1.42611812446582,1.76522700611136
1.50631515941255,1.36339950152429,1.71038187631436
1.50625676364705,1.33836229631783,1.72698482372075
1.59781477903842,1.50060852194797,1.8284705273911
1.36946214633388,1.27649864239408,1.55521214437095
1.3353019501015,1.24134982363429,1.47276060431452
1.34912623032592,1.30367833821848,1.57835710524894
1.39714855766375,1.34188461389815,1.56528646159775
1.38230356138136,1.3452641037176,1.49944452838635
1.50684132174039,1.50850829732898,1.72898296157476
1.55616529860572,1.57933578955138,1.8248326544795
1.56455187453044,1.60393108529286,1.78414849794747
1.72112070024017,1.50443271842441,1.91708877382458
1.75289916356936,1.51353845313729,1.96223731205522
1.84934703614903,1.64898134736805,2.04726531940298
1.86983448826934,1.69023855614156,2.05425383415045
1.99066057434121,1.78147914254906,2.21919906508204
2.02557416258082,1.78747886393217,2.23930188557293
2.15130388421467,1.96256177375668,2.35443542720821
2.46949355680101,2.25500676147325,2.67568833047784
2.38057830136746,2.26170973200309,2.66514047401126
2.41097516180118,2.2782300488979,2.47402594593844
1.97226836552973,1.79326283133748,2.27128974747046
1.91001723596634,1.78753339403418,2.22781785210324
2.04920965185051,1.84596399281957,2.3847047934629
2.14390571137399,1.8866169212991,2.46447909142876
2.26455482540605,1.9854571133929,2.56179454174772
2.10211151977652,1.83652007365778,2.39080452892039
2.08008402806559,1.90566205887351,2.47772983341407
1.99274865495223,1.85411621145533,2.40372431054364
2.21945410458071,1.99354502572861,2.63498714567576
2.34317596014764,2.10433066220719,2.76028638282658
2.24033497358481,2.02850889587422,2.69268507823334
2.21628574797066,1.95420179559449,2.58943349004201
2.35966013354265,2.06559141995663,2.73588696933529
2.16614899707673,1.91958551320795,2.54496430658592
2.12835313089219,1.99362336187095,2.55375284510969
2.22581657920302,2.05339163157839,2.60762352189913
2.09492148649527,2.03211185010085,2.58673874934577
2.04905809567098,2.0025347035311,2.56836690199165
2.14836561227053,2.14216761987372,2.67333270889155
2.12669669379381,2.14018796418838,2.62451299470178
2.1109862480477,2.17702118546366,2.69392997014719
2.16109418952732,2.20036513805636,2.76345480971026
2.18356724452608,2.31639912911379,2.80084427650911
1.99362576438729,2.09908754831673,2.53354855830646
1.99860947253486,2.06914578374191,2.45494994139845
1.99619003992976,2.16925582781248,2.55988889786381
2.10578230537745,2.2786511392763,2.694835160757
1.97426623570506,2.18057966354123,2.50637316823683
2.32912274222708,2.29725631708105,2.86774054240015
2.41837947023767,2.41920461715434,2.96307528598402
2.42983191815905,2.33295481223045,2.96296708835137
2.39954525569506,2.28158522630582,2.92832219937522
2.6217493218507,2.49021489165269,3.15731526461318
2.67306559762894,2.58552271128684,3.23758391362111
2.71671008389084,2.58550834795861,3.30838310116551
2.92056351037813,2.7248317335132,3.53426259486377
2.70197679187279,2.61744839796048,3.41476026987639
2.73022506965115,2.53246249358333,3.32479527616545
2.93224487774366,2.78392867421027,3.5762399305017
3.00459950568161,2.72060903984097,3.55580644300781
2.71154611566531,2.49301573578571,3.16224457158351
2.89204774357695,2.64052611026962,3.33004510527698
2.62226542123699,2.36360660332859,3.00357128416096
2.50333216279385,2.28862011774662,2.89582533644509
2.71508447962385,2.35058629357764,3.00007196263514
2.81950476725595,2.43892885908687,3.10708803139485
2.64939918460653,2.21082661556475,2.86383444444702
2.6183820216725,2.24942764817931,2.92548100598001
2.73686191561961,2.12241944200214,2.83336475944475
2.7882048254233,2.48197054548521,2.90246247690953
3.17082567529437,2.84566011526623,3.15149618404958
2.79230074917886,2.40367189196236,3.03632688909807
2.77017086714828,2.41479368578813,3.02274151843329
2.92484604587325,2.4823994017251,3.12079920171813
2.97731675005763,2.52028042657383,3.16831419452657
3.03244303426774,2.56332856407313,3.18496712010685
3.02990332587297,2.60773430908416,3.21335515471129
3.24397182273947,2.77509764274646,3.38818740676277
3.29735323551764,2.83446537153797,3.42954378017257
3.49165632963905,2.93537013529774,3.44843120613752
3.34960677311592,3.08343091497725,3.66221042138595
3.42122062356202,3.30372560116801,3.79227266186414
3.56005681075781,3.44520132259972,3.92838896613806
3.73661389704101,3.73028870083658,4.11620183349393
3.80614677975672,3.70040613193235,4.1324783183961
3.85818678012204,3.75806611421848,4.21219962803863
3.69328935432762,3.3908525156791,3.87338323367616
3.97750817528364,3.66063372746251,4.11982128153289
3.97031722879428,3.71717701193605,4.08357535618173
3.94519102636289,3.64503051950563,4.08860280913683
3.02019694112288,2.45280402213431,3.06564774437914
3.11836347886748,2.56152069412404,3.13708892592702
2.93681657109655,2.28481112829168,2.91339226909079
2.90095915070314,2.25832930618582,2.89995109899804
2.92351199345343,2.19797747460355,2.79597317582625
2.99079284880495,2.23261606353155,2.83606161018762
3.08917886999274,2.24315993654504,2.85100272976218
3.53770912120918,2.59228270979213,3.14925603740158
3.38819279149514,2.58996866034659,3.04387560466687
3.68027854701721,2.95777608351754,3.30069806157515
3.70421970675633,2.9478713910511,3.39417055933657
3.70499300572384,2.95457759089912,3.33509477071191
3.20722156352935,2.44976021297345,3.17332264778235
3.50621857304798,2.81840425861144,3.50837518516689
3.46605065100182,2.84768941407239,3.4810971576824
3.48447441701316,2.72904520430127,3.49167592790714
2.70185110871212,2.08416196429511,2.61643838413668
2.65442911334872,2.09568484003676,2.59633826250718
2.60209103577341,2.00848231385991,2.52224408829808
2.69176912394187,2.03639725637238,2.58185370218133
2.40284432543119,1.92047244073143,2.36355619368319
2.3716867435863,1.97179268579427,2.3879861749447
2.41090429153536,1.92849181767134,2.35286143135542
2.26582673581702,1.81029892535117,2.23389572833382
2.3267493602762,1.82101002391153,2.26377794049807
2.11309293017754,1.75509346321605,2.11671545737181
2.14006998078594,1.83957866517823,2.14405037537517
1.96877068183515,1.64743551255199,1.9876735762888
2.02393495983339,1.68758659003349,2.05363930862961
1.86794949114444,1.61943509294004,1.92834110972318
1.93236483850826,1.58474501676228,1.89361013889214
2.02568645047591,1.69676610992225,1.93384927108921
1.82328053349152,1.44955181435357,1.79171017959979
1.7758530059527,1.40486905563159,1.78799933887949
1.80325207900875,1.41740524042952,1.72038004963667
1.85457053657048,1.48388530068625,1.73586597614944
1.91020084676155,1.51348172617824,1.83022194772166
1.89910259802188,1.52956769036488,1.86368190681998
2.05377361485302,1.65899235993191,1.9664559548835
1.92107363075316,1.50059579386951,1.92046358700446
2.07047524830985,1.63392743347634,2.4468720488833
2.17249171972807,1.75867581029182,3.01348378600269
2.15178038410378,1.69340891861631,2.63102635876604
2.31738171431758,1.85085456187254,3.26408013425336
2.07939767963236,1.64458502848358,2.38428963316147
2.22851052243266,1.79419467279896,2.7234439802179
2.4320635181838,2.09809171831252,2.96886832817661
1.86009876718405,1.47210694117699,2.16264280297944
1.81451763802272,1.47701417571783,2.58737467841576
1.9333774254874,1.55110825071882,2.39265186822838
1.93558591664349,1.62475746366983,2.93391065048372
1.65262073575625,1.25531133467691,1.57065527871253
1.59773205389676,1.17954683489696,1.54906128550503
1.60889641500732,1.23932493322135,1.495329674176
1.67619873274234,1.36606460504096,1.5495176907773
1.48206510024346,1.10394786176572,1.36713915908033
1.39842237536902,1.02483912915418,1.30609553104354
1.47403467822061,1.09860838066698,1.31588976115608
1.60396920024482,1.21853549407829,1.42602815857818
1.41909667388831,1.06593942935052,1.26901388560341
1.42579364818123,1.0564153673934,1.25372168433138
1.30103909424821,0.948444970654189,1.13143019581771
1.25112065261305,0.911738389084961,1.09022076033269
1.29616368816645,0.95768994826728,1.12422173336857
1.23867295277665,0.930758880332292,1.0817118483073
1.41271657377092,1.0822221002422,1.23990774422544
1.44323122920344,1.13959304615313,1.2861466019728
1.53841792409494,1.18127847993499,1.36479818526833
1.65996268246368,1.3078644329907,1.49140626967051
1.52993000413467,1.19452483756262,1.35876894383366
1.64306323619715,1.32862696789856,1.47854353838438
1.49834178621057,1.13437879921687,1.41467061345737
1.63585887142487,1.2934073405143,1.59185912704548
1.39928755722811,1.05137017635866,1.32396890769149
1.335213479369,0.989817668964407,1.25475780208798
1.4355024548735,1.1201691211814,1.39981180481069
1.54388472419166,1.24000598139115,1.49323459125365
1.48336502842658,1.16043164710835,1.49945086666602
1.5577008145887,1.24734608743296,1.60391258810629
1.5885463208719,1.24551027276488,1.59393722019486
1.35478090977848,1.03717387676668,1.40251519283845
1.32802742032051,1.00786949785667,1.36889771379087
1.4182515404829,1.091914921362,1.43370540717063
1.21578187950096,0.925611668081216,1.29583331982814
1.21718081749821,0.951499211688056,1.30248466713967
1.1496976031721,0.884201680645189,1.26487895686807
1.08232320113015,0.864020925134112,1.22696762152344
1.06863510309647,0.866490595809128,1.20718220476596
1.2991033727068,1.01605802970496,1.39003700440856
1.36241697802526,1.10332016894708,1.4699644320546
1.20401465740251,0.944230454216756,1.32404185857959
1.20952312070664,0.986885947898173,1.35530276438197
1.34251423569516,1.07141983896687,1.32686559406473
1.41117632456528,1.18689200614507,1.43646751970584
1.22861269797348,0.953869699473227,1.19622565820657
1.22420067684288,0.917458549522086,1.17436922283095
1.15633154982565,0.950598267189973,1.15384625457298
1.23815005766335,1.07532649253949,1.21973365224089
1.17103537126657,0.986664700777513,1.24444409833428
1.32900179513152,1.08280535793939,1.44374344604475
1.18103673564309,1.37836672278519,1.30218277130808
1.21298250286922,1.44695443024643,1.28832735897653
1.4199179930789,1.8178101771029,1.46929852742374
1.03897604141265,0.840036690583287,1.01037664602223
1.03030215266783,0.799675308408481,0.980835543698702
1.00108821002037,0.850922765077306,0.980964037141722
1.06403858089466,0.96163425988914,1.0760646505291
0.919619063641627,0.762687368656561,0.863141913773141
0.872728996707619,0.70927928005225,0.804925000945095
1.01404019219406,0.788042741513652,0.890077541804441
1.01767841007647,0.772638866813843,0.875597384292538
1.11226465773291,0.848423482001419,0.987658142002827
1.10782881443292,0.889299882777268,0.947101183638889
1.50229438970144,1.53362057805476,1.51718635494707
1.88143299935963,2.21952608646928,2.19534885573742
1.64208982560414,1.64823575297061,1.60664405665154
2.08632575630974,2.37512307025815,2.29858716160231
1.42915455579851,1.18941794877457,1.22545129279525
1.64818532059188,1.38913698559611,1.43557417099666
1.82051683113821,1.67791288632847,1.64623433842146
1.24652987221636,1.32588120643623,1.40364772736946
1.53212841758968,1.9862832301952,2.04915990724018
1.39003647930037,1.41982296342019,1.51506510136786
1.71953086047789,2.0773259691271,2.1923909105058
0.887184298465261,0.820237198095466,0.891923970283389
0.964341311079511,0.947342276678647,1.02710100055579
0.833899008342042,0.801714249220089,0.82895925966722
0.834588106152639,0.764703488955191,0.780943760957606
0.831282934287355,0.907689217538431,0.900412969414665
0.894193304731779,1.00906428365022,0.988892758213462
0.847901366246609,0.995055494937381,1.00080711186627
0.902690788731831,1.04865439212133,1.07318856175654
0.934386007241288,1.1509772089299,1.16251009214284
1.14862871468839,1.26162677754813,1.3424454872912
0.850097489328241,0.959698632511935,0.958940278763058
1.38469608969504,1.38263235024591,1.39881799803457
1.32184093938596,1.43556122479418,1.37179745291084
1.34239310443371,1.43105664400032,1.40687134838706
0.830814452380208,0.871672837938921,0.848662391190201
0.876129418106534,0.82132807932899,0.803793077374449
0.878706898407183,0.969994725819723,0.941336075452595
0.951283515348219,1.08849620161273,1.06225355364153
0.914928786633042,0.977814338663926,0.953744821813115
0.911842869421626,0.917877818192898,0.90707298362694
1.03984496517167,1.06136105320381,1.03912939490459
1.63589412034328,1.20384626175279,1.1552649428022
1.32399707132632,1.1397956176699,1.14050084518841
1.87804321946392,1.56995741455135,1.55572181194956
1.83012716101734,1.60539205606608,1.60107175903462
1.87016188127248,1.54167673825893,1.55057182471674
1.60480839478699,1.10081253577348,1.01575525582143
2.14216630692032,1.56086194425942,1.44395565670824
2.12014443330967,1.51925929771657,1.4609910643065
2.08484621157896,1.5338502058534,1.47495022136745
0.949947333772081,1.07807710244063,1.04723225384657
1.03034661500899,1.22115690811697,1.18428029482396
0.972680965133389,1.07855102610229,1.050470955861
0.982866912074397,1.03284766002818,1.00745800630143
1.06144212423782,1.20255091996508,1.17696354727658
1.10579610824249,1.29338044095721,1.25933615526676
1.12586007285887,1.22815366499849,1.18851731606139
1.13393966402273,1.23543941433479,1.17251151227413
1.13341734760784,1.19603649993307,1.17001076023905
1.27502442129516,1.37105469932336,1.33727339173626
1.32032881051899,1.43992553647091,1.39598032159284
1.13527926988465,1.26460229261723,1.27542840123597
1.19115666322572,1.24852431408766,1.30193268900111
1.22333447368237,1.40072933458467,1.41837925775447
1.2676027118911,1.47984084511016,1.48629140183986
1.33359361259709,1.49607541007604,1.55139196654333
1.37821328929371,1.46487531284873,1.57616593741475
1.36859327942679,1.60868317301416,1.70044644599363
1.5682745357198,1.80378543465688,1.88944538793839
1.58335532858865,1.78715626214109,1.88654522640959
1.65007342263175,1.73188554826342,1.83952385563575
2.06378978639171,2.0540578933733,2.1482462742888
2.11735335226023,2.1319453284342,2.17903724745608
2.0340483156617,2.07852246625559,2.15147802319086
2.4734271548296,2.48174075821015,2.5617713529392
2.3884104637072,2.49121129249833,2.52192386299465
2.61586820080798,2.56858641908013,2.63428208712575
3.09387260467786,3.02517550279911,3.07150886831104
2.99735787500345,2.97607158371079,3.02893195575781
3.06200672014303,2.89015445162404,3.02715969452267
3.41037165295272,3.17052992170661,3.28529992278284
3.36586062066117,3.19386268316276,3.36012566648007
3.34982354299295,3.17895905089091,3.34351580888143
1.51518957663196,1.67326041786958,1.65217547982709
1.72993397749452,1.84245373337315,1.80963505535565
1.54813745288541,1.73885282170536,1.67288249438507
1.49914800377277,1.71398178853229,1.6653577139666
1.75956313080087,1.94537597746148,1.81685115549968
1.85070360623146,1.96570117996537,1.86847546740173
1.99762383160865,2.21826760597966,2.04740833233944
2.23414112720104,2.52425738758887,2.1556896621521
2.08940372331558,2.74389157507525,2.49773077500505
2.45748253375557,2.22282506507929,2.2510948328031
2.81695122127485,2.47644942446202,2.5017977189432
1.75304338471846,1.99518819067408,1.81540651123752
1.69306572773277,2.64862984139475,1.7944842411713
1.90017580177867,1.86418692944189,1.9146564262051
2.01603477680819,2.19573552364316,2.00479110596344
1.98036047716562,1.88328506771355,1.98072692848277
2.16856939436816,1.99135389293469,2.0923287928154
2.08830893050376,2.03261487688714,2.1051352421149
1.77742417201632,1.76465753805575,1.81877608406928
1.66790743605547,1.69233512179019,1.70904105583098
1.77286258916152,1.84874459627817,1.84996321473402
1.90771515259483,1.95028901000078,1.97785002249851
1.63752550118195,1.87388478009793,1.75057023185128
1.56968412592858,1.81938783866359,1.65363316495368
1.70780348939834,2.07871613986915,1.87243604246464
1.71939924364274,2.4513623505995,1.90633832867924
1.95239228082087,2.50323380018246,2.1002078611684
2.13199509966897,2.77975302010436,2.26425070958863
1.85939842499375,2.17483781370367,1.9602539828297
2.23117646893539,2.52467372680949,2.25383153808406
2.16246912780055,2.51020900829464,2.26473320692045
2.1923192276819,2.52532461363354,2.26733309376628
1.5972157360895,1.8946022988053,1.73195844561474
1.56317722810536,1.98333399319786,1.7227850740713
1.70691889760659,1.90372626160559,1.80070174758088
1.82447769680616,1.92813897963668,1.87701717423886
1.75982117537201,1.97182943404586,1.84177684762972
1.75823663401436,2.07519840009951,1.90694687910223
2.06335903234993,2.21010845928108,2.05406404629216
2.26974745960524,2.43312239818701,2.08367254645643
2.10285223479391,2.3345073019187,2.14333367613711
2.37677012462432,2.52062341631286,2.31092448874702
2.76910997919332,2.91819800360086,2.63403558096037
2.78436507257124,2.95066456730357,2.71106466679388
1.62817475645528,1.79192202692959,1.68219867744502
1.66508224978503,1.77210258311558,1.63731550033108
1.58083577329567,1.7295157905101,1.68648355840884
1.69869989201563,1.81731059769972,1.82111680917591
1.46527590256858,1.60060500491224,1.57997484914811
1.46398907957799,1.60166281706055,1.56507968245586
1.43318265217817,1.5012831704728,1.52224196184871
1.8345086056416,1.67633270156201,1.82526610353252
1.86076723821547,1.70696693756128,1.71523956836179
2.33444788185513,2.07042982776914,2.12134529191262
2.27374784067338,2.10262839687103,2.13240002326397
2.28209350929219,2.06800812467103,2.10165040815547
1.4583727883111,1.5259328549648,1.67905959893715
1.68899993605819,2.0405076235193,1.82241490885592
1.93643376222445,1.88657006593385,2.11615933153272
1.56455327525992,1.53069609458899,1.79045816004971
1.96055144182034,1.9186394034794,2.1571083882407
1.94611401956879,1.93229378392085,2.14572945113951
1.95714272780667,1.95801379258974,2.12553824836648
1.46793273060691,1.73037993490213,1.65249321717889
1.64389855055989,1.90819083258245,1.83329558812761
1.36328380388501,1.78127795571225,1.58348563286332
1.34334987362231,1.7579229828113,1.51314710962867
1.37566431847513,1.99182883834059,1.66744830866405
1.57431432328823,2.2057740173633,1.83448419684744
1.43524661118234,2.18628580450017,1.68580676786632
1.23611220009347,1.84331777068503,1.61869473467974
1.48673769179977,2.03649667248433,1.76022254205327
1.16755546401632,1.7454568902935,1.64205331797146
1.34964748271567,1.89728007792105,1.80256958227328
1.19157512961031,1.6767534828057,1.6424319645591
1.3139565145485,1.7517091529682,1.69095281757454
1.41181767638062,1.89002576130145,1.85348942437065
1.81283820065831,2.32953860695756,2.06286291985858
1.66405651307886,2.32469131722536,2.18991091216663
2.00253331037843,2.05350259024586,2.43836210303613
2.35624094900743,2.31650885795556,2.74476657547398
1.08481913230876,1.46184360117169,1.49009247990556
1.10432596751666,1.43945600354406,1.47864737998364
1.16079442553584,1.42342248590881,1.46740896573754
1.34127536039462,1.57197585748792,1.58129253453298
1.14227144081937,1.28288770750497,1.37217381236455
1.07434044214162,1.17948940018396,1.26041985946038
1.22456774266707,1.28402925837318,1.41079002454196
1.35766086523796,1.42843556132586,1.56851309283798
1.28490701165795,1.25919110973883,1.4078598037397
1.15459575468369,1.22086367004192,1.3356384971682
1.23509814711347,1.3293988900173,1.43686359096727
1.36120040480618,1.48016937632755,1.59909862276857
1.18596790747467,1.25859535365831,1.35258909015661
1.26127643418187,1.33424351722362,1.421987015515
1.0601739244652,1.09967177106316,1.18741005658467
1.04024098753215,1.07026729910695,1.16945462154994
0.989935841748245,0.965265624848367,1.05935782242391
1.04435509531205,0.997032397903053,1.09257508779128
0.950277273799271,0.890320247022646,0.97980962290176
0.980491067765948,0.8795787859637,0.968885394632076
1.02261567111007,1.02692614547999,1.09809801040645
1.09955658503189,1.10483682278478,1.15651298941466
0.960586594923196,0.92204071615152,0.996829428937153
0.993784139337247,0.930370661967481,0.99799459943698
1.22958374123401,1.34336617741861,1.44156734410606
1.40429909971381,1.55123104278498,1.63892391089727
1.18825643477507,1.23074139740359,1.3464886438214
1.15447528135928,1.13586879534233,1.26255963003955
1.26919113932283,1.31503880292314,1.42575307061855
1.37638240008237,1.44784992097885,1.61608931732507
1.34324286770075,1.40084760422474,1.49556493882872
1.50017996238983,1.56030567558033,1.90365772244604
1.63329056052509,1.63051876535745,2.03273294636258
1.93165963596862,1.8955798148843,2.44125726603936
1.6358725231524,1.77997152358966,1.6700160950385
2.05096044476937,2.14497987746713,2.11463394131294
2.04229200626891,2.21842220540195,2.09310595784428
2.06719243933455,2.21433990637734,2.11040460764032
1.22814742743546,1.23012351029836,1.3356461055066
1.19046086480799,1.14246843225055,1.24246231017857
1.31048919876401,1.32460166777592,1.45170086046867
1.41223562567464,1.45460687442255,1.58088819303958
1.32205299510957,1.32356833142781,1.47422450479671
1.31729740707005,1.26592520593147,1.46395264763388
1.44231863973983,1.50813497093017,1.73119113164
1.77037949772622,1.77832422134537,1.96595962102864
1.76950400256098,1.9273374224312,1.94299597597469
1.82710621788608,1.90840212278677,2.08824121402211
2.31742571013131,2.42856208108025,2.42370471816871
2.27262815080332,2.27213355800809,2.44461616103499
1.98646650234738,2.15137773315072,2.35911626849447
2.40654794661395,2.57616299720945,2.76458336385392
2.34471212446093,2.52305441782348,2.7628641231032
1.33656847957619,1.34263932113033,1.38767442469251
1.40495372690075,1.48918096924946,1.40837087848084
1.35350180787321,1.29477009956331,1.38915015264903
1.37546209229599,1.29316023858121,1.45647091879484
1.39748992232864,1.33699532768103,1.40693868417387
1.47520785175893,1.50130053197157,1.52899397542016
1.39640442451842,1.28159958741464,1.51306600701937
1.52606805014993,1.37390107722009,1.92592283225574
1.4919338315837,1.41731692430726,1.98743846271078
1.5485281351719,1.59703260680602,2.34140398930465
1.51316277361375,1.29987712514334,1.43067718050031
1.8936420395884,1.72620919114218,1.7978873720075
1.89937376144035,1.64000507074923,1.84316047118205
1.87698146079543,1.71565142499362,1.80645840861159
1.41830116274695,1.40980586673338,1.5379348046977
1.5017674471681,1.45671651814994,1.74830230985201
1.40642903565014,1.57684738256371,1.70500122725798
1.42150904890681,1.64980369898129,1.74181500376224
1.40308519959099,1.80940896990294,2.05087036249091
1.41456178202056,1.88144374832156,2.20981785055569
1.54140702098734,2.21073953693486,2.57152320542944
1.85926826692762,2.51279641696622,3.22684173024347
1.96544353403458,2.23750557503437,2.89318321453252
1.68098516544252,2.91534555643177,2.43999488580454
2.05090723568391,3.4778127952798,2.64534283476634
2.14984556061954,3.4335336142406,2.76706767850232
2.33804128833951,3.85838937310063,3.09341185888247
2.59392919404149,3.69678307541747,3.0000788272581
1.36345546404327,1.74407418461803,1.92248879460478
1.4001905427203,1.83535695773813,2.0845842605641
1.36268054865859,1.7563558247803,1.72089770600113
1.40965309062141,1.89274955171012,1.72612982070268
1.36988731141783,1.7270254108892,1.61858704480874
1.376172303736,1.76302813048527,1.67725067822935
1.48100754291668,1.66597190974289,1.62230176689735
1.36633146634748,1.80308078913031,2.00396135422984
1.90161681804658,1.90938537846222,2.46274678959938
2.29749024042873,2.24537747893116,2.9364276092001
2.33429097335448,2.27210691763766,2.95711840869442
2.33675213496387,2.25518790568584,2.92059885543921
2.12406174372982,1.57912570984575,1.76608456868103
2.50429819621118,1.90251767854132,2.16890648488893
2.46563395087155,1.819788367316,2.18860570112672
2.48814665426414,1.72034335905779,2.32303618385201
2.82069309574101,2.1195737524373,2.73010898941338
2.83196503634139,2.10164262469354,2.7884133977752
2.8406783102217,2.11653938471535,2.75649899908356
1.33277813127319,1.81458830898849,1.60522620949826
1.43851498161568,1.90883329462693,1.68013533325989
1.26161563427039,1.83234049160787,1.62584517059074
1.27235005685567,1.80903924473696,1.6463397459615
1.24584445844308,1.91503998438566,1.71193486425922
1.32095423409479,2.03974238813424,1.82071374307408
1.34953252224031,2.02309517589232,1.9140351232988
1.6974879736701,2.43913097706681,1.96122180121573
1.51965476195715,2.22681791841495,2.23331763763305
1.49731160399376,2.39646363122889,2.30507667959461
1.81823759163661,2.82346005337466,2.50322112205502
2.08403428219742,2.99407696121325,2.69533556011826
1.58767354416166,2.43069321834223,2.7596278611954
2.08706102057611,2.66845975175794,3.17714702077634
1.92580105201797,2.62490642353343,2.98323322670282
2.02326095777061,2.97540843820367,3.15485159709106
2.39914763390259,3.34823808820771,3.38492955506298
2.49259099290284,3.4756956171317,3.78050624593918
2.53545322888056,3.21467968575641,3.16427395979029
2.93945581200118,3.47032515856838,3.35238287818383
2.88042276492759,3.47698493951533,3.40119237058341
2.90100942458294,3.45819405917755,3.37525194790539
1.22117635140597,1.815627267129,1.62199418841128
1.30174722761405,1.73136446655007,1.57073086965216
1.22767788268699,1.89783633383963,1.72036647349132
1.26481786291889,2.03934593247655,1.85841278074956
1.2772750128603,1.84108391510235,1.71830466348672
1.36090750329532,1.71483934335001,1.56377605548835
1.41903811982841,2.00940687855225,1.9045884831549
1.68065664424722,2.37976563764145,2.21376324701937
1.71526497413325,2.27819194134896,2.15481293096479
1.98874540924363,2.10619312740311,2.24404703647391
2.1736120002588,2.37984660907557,2.38299860857824
1.23543748783612,1.89497462309352,1.9220125063607
1.2677633277186,2.08878818136248,2.23466276913726
1.25846658342566,1.7850416584663,1.83950346347553
1.30265970287787,1.69674797931286,1.65496977476129
1.29481146567818,1.86097407219397,2.10041358097877
1.3108896330896,1.99133151015909,2.32709363949225
1.38180733678594,1.85137715036625,2.18943353005809
1.4072774896049,1.7694148845347,2.07236981814713
1.49651825717747,1.94591524301605,2.50083114822263
1.40141285266493,1.92863735244155,2.30489235634108
1.81723143599941,2.16321420613181,2.75758695380283
2.48156386514189,2.65527971405538,3.24973614906766
1.87995258814223,2.24194116731119,3.01405397504867
2.55814748356957,2.7363965930717,3.6435236107852
1.57307992154597,2.15967583357916,2.85061618608524
1.71863749224811,2.32008166169156,3.23196216721068
1.97444423614253,2.52355636588555,3.3333565433681
1.89435491786104,2.40690517131995,2.62891267224288
2.58145522455362,2.97591051564386,3.07679555949393
1.96517833255149,2.52612724095144,2.86835053481424
2.67241136301414,3.17305524138273,3.41469624974313
1.32354960901465,1.85257224865291,2.12204085861932
1.38109840345172,1.75272272621388,1.92621523314465
1.37169877393804,2.01998061658151,2.44100070718467
1.43029281777183,2.17187116653939,2.65116016100212
1.43590445957594,2.02726549562106,2.56106932692023
1.4350228408845,1.96539779827109,2.4239416449259
1.58953690784536,2.32636274603051,2.97921846168616
1.94810405837374,2.64285940575908,3.30879556486901
2.49299554916556,2.8964395891413,3.44314696014669
2.95968750678533,3.29911620982996,3.73896372525059
2.95245156525383,3.28153809173613,3.78696991009581
3.00206241021738,3.27479598379576,3.77040036449658
1.65420936409321,2.60239447647458,3.16930554616495
2.10077193369164,2.93051223045615,3.43732453073288
2.11878363911395,2.97145162600803,3.47427369522748
2.08454012315877,2.97190318217834,3.44429613066409
1.48928791872579,1.89707997558153,2.54781885654337
1.53622237712856,1.9971012870619,2.71370494775299
1.57647187637098,1.75885881664359,2.4262622479777
1.60383451235254,1.77500535796191,2.38403959867802
1.71975685759046,1.65657306855948,2.41855284786147
1.76273523162137,1.72251295871414,2.52321799229807
1.78434790669424,1.49512934013247,2.13103276089737
1.87944411900636,1.56174206901271,2.10236255142805
2.0608260685019,1.47963067294713,2.18040938209189
1.75662470906623,1.50922788618047,1.97821504061836
1.84515550420482,1.83593248206833,2.1059151774604
1.91316532001883,1.51130289391444,1.81905610524153
2.25593557780466,1.89131754071713,2.12811135414494
2.23689949116074,1.8834536205319,2.10298638835297
2.24192555444264,1.90262449105795,2.05248649077991
2.0408168808632,1.74300658638716,2.16951847993287
2.39902068332423,2.14141066112991,2.48248986416444
2.41423264617143,2.11407425667883,2.48277511473907
2.37758369775111,2.13605272511534,2.47155541978645
1.92414666699908,1.74060783748948,2.65137929930191
1.99659804164053,1.83265362120512,2.72913136349123
2.12227574799029,1.80936626482979,2.83967699904293
2.3977057338763,1.92094586610201,3.04988847279595
2.4318358396306,2.08073077703218,3.22844466086818
2.54752010710215,1.89786245405128,2.95624872127664
2.21372891024627,1.91551972786066,2.97575007813239
2.26298020002882,1.83633193831098,2.81235947353273
2.53932634228841,2.10322139764996,3.26068182908597
2.65815114583098,2.44193096637028,3.56357495300354
2.83600734713827,2.20753820545689,3.29725988159884
2.65567005702634,2.0620535769054,3.31278047610515
2.86068239785483,2.38204392310363,3.64733593810848
3.01069378103417,2.15551025175503,3.41433632330972
2.13605032798258,2.08992246698516,3.1466712572694
2.12396875029215,2.22014330846305,3.30191807413978
2.26662223116212,2.19454622619784,3.19057677881493
2.38947397003853,2.17617891624209,3.13446496950309
2.42581136373975,2.44100423405067,3.40204346719673
2.43455400728738,2.57399005446961,3.36270416250514
2.6817131293955,2.65236902285167,3.40520742161396
3.02140337526013,2.90766997178429,3.56991652229492
2.93053790902424,2.91801566051285,3.53407658889924
2.92667962760896,2.92018807563988,3.61353255167551
2.66207880325132,2.51662300887726,3.81594861006584
2.85978657085734,2.50975326438822,4.00436925014559
2.83235231997467,2.75353237872083,4.06866515217252
2.80981564783996,2.91973394838218,4.0028371178782
3.22706502188653,2.90631464248816,4.53404164279935
3.35892862971369,3.01999525196959,4.64424006415775
3.62899953522215,3.22262844812816,4.80839143076659
4.16482907235602,3.51022421380062,5.11177409903576
3.91756513525951,3.59102893475273,5.02348526945388
4.29762839276218,3.87577833129098,5.27614463110777
3.50593472136255,3.55381965557543,4.8611277757772
3.70806677562857,3.88662963262116,5.03901131078017
3.65337455817254,3.82565729772285,5.0679378241204
3.68871008403103,3.84776830113604,4.98152728015416
3.31217577511578,2.86416042692934,4.77694277459153
3.1691547999133,2.84974533472687,4.64352241086621
3.70830500633235,3.01155602038883,5.2260224492328
3.91516289354029,3.15520101917332,5.35930192760497
3.97334333184104,3.11747411793822,5.60357918699164
3.81320814619215,3.24112846071217,5.47747588644433
4.51340227863288,3.41950285515722,6.11409136557037
4.7194531146748,3.46663865700684,6.26201255235958
4.72984967501428,3.64417082980915,6.49401464421762
4.88827052253652,3.82799029039453,6.13032125605078
4.98354085867503,4.09093498281198,6.08287615901211
5.11449530061694,3.95834143761625,6.1292378282724
5.41030940097404,4.34904824060111,6.64676455741869
5.81985031176544,4.75785150706581,6.976771040924
5.7611746710733,4.7641879133418,7.02608043884312
4.20226247063146,3.07566092474924,5.79451621381373
4.37056182785921,3.24927990254981,5.97996695342565
4.4069537816458,3.07281315122449,5.83720270253178
4.41463398574903,3.11108615873066,5.76610267168266
4.8187536945211,3.25183698662044,6.08129603143815
5.13362635405573,3.45690162653351,6.38681391364107
5.35908165424768,3.53891928851641,6.36700347764363
5.48565981681509,3.56640013789949,6.50338827991577
5.81954909076899,3.79883588717001,6.68099426892422
5.57632385591462,3.8811118900599,6.41953252776913
5.86958264318595,4.20889988860341,6.65074961758853
5.84207874698693,4.24072199824,6.53358650176647
4.52640636624312,3.2011704469321,5.78688333951464
4.94069280782671,3.49638811918339,6.0707131840785
3.92732798726486,3.0193687952837,5.27589687863355
3.70333659849552,2.9659613094054,5.11019190220165
3.72147168278613,3.11969910724411,5.00556298529171
4.07287036369699,3.35473956932788,5.20160085427442
3.66530091228314,3.34400810689366,4.88661194806016
3.75685547740323,3.52722268836273,5.08767463198177
3.73108564009059,3.45427801870067,4.92904066935565
3.92855831953626,3.74616452050803,4.91366925559488
4.34827747067996,4.06990388582674,5.06909664004228
4.15975173315127,4.24804165157785,5.19725997257433
4.21987704017712,4.42481196230595,5.40914936835242
4.54444867552437,4.68762555189975,5.45195636070588
3.31130891432244,2.90266516349011,4.68718531675872
3.24858664219215,2.90623859575974,4.9677280209986
3.31999457956123,2.90577783332801,4.36619281745909
3.63694148979224,3.13697926010897,4.49287899480086
3.16723604757673,2.76174888444332,4.10910076030941
2.99928510987915,2.81184561572275,3.99264781987757
3.60612518839604,3.08222103637861,4.55971176113336
4.05039854241332,3.25472618358962,4.80053521528157
3.8641384400929,3.43679536669813,4.63250729614264
3.76497514162855,3.43038339017688,4.87232711090325
3.92481206831162,3.84542630771653,4.86158561955345
4.14974442567653,3.79244861368387,5.3369177653289
3.94538832442667,3.55740109446378,5.02031222206233
4.13307030680788,3.67012236775218,5.14100070018182
4.1237229605447,3.75372940738812,5.09866778246808
4.40343213878424,4.10611221016618,5.50443777791136
4.81029304837781,4.40078091896909,5.76210274804182
4.62108587823885,4.41192892405237,5.77678196865748
4.69990637570992,4.59742123887875,5.81821639802277
4.9043026875008,4.87314223648448,6.03646324409917
4.92091111761675,4.84740412499195,5.94760394590468
4.92384264176555,4.89300283686992,6.05185153174457
3.08973771697443,2.39634040499076,3.66073453858139
3.3521912164681,2.39156855552639,3.52190182359635
2.86143387876561,2.1687951441989,3.51812164832469
2.79353384126849,2.25981344030776,3.74688491070023
2.85784829334692,1.89220389887129,3.13671706295189
2.96086171638415,1.85743891211968,2.98451675416078
2.7478931458242,1.72468503027192,3.02757667017912
2.81495924771576,1.87791413697929,3.24754547883432
2.92010148064469,2.02500749521463,3.04078522970127
2.82129481506945,1.75882512886844,2.98891728692336
3.13178090680295,2.45913781582937,3.4099314835192
3.02475048855811,1.86457409423423,2.96975467090093
3.30786502021701,2.23364972718903,3.22863012764896
3.32318550338469,2.29269558313419,3.12790107765129
3.27621562554012,2.29843662715496,3.22459554815343
3.10663388267983,2.17970102734655,3.07753669561164
3.4325527072197,2.62690136761391,3.31218795056434
3.42567587193518,2.53117826968962,3.33832159234981
3.39925954828651,2.66462849433239,3.35146408421288
3.01109173876583,1.98161439848096,3.18938072706804
3.09605868232118,2.19064627172987,3.49501371643659
3.16253253424238,1.93585379581839,2.97919157384131
3.25916724740754,1.8261117137527,2.71137612076488
3.13415817387745,1.72027451827179,2.56589270939027
3.34187685041621,1.91720908558179,2.80708319125213
3.41943173880073,2.15409952844765,3.09951158966708
3.56647494822899,2.3608017990615,3.29508260713431
3.64956711155629,2.1730458413555,2.86318925334174
3.76404199864764,2.3409607541687,2.91850618249735
3.91401060138878,2.50137958663099,2.98691161210013
3.61231681261381,1.96153309106774,2.68595481109239
3.80070172942539,2.09771275977766,2.62009673128821
3.85681629201076,2.18553455643585,2.8979138825201
3.39749875716959,2.19069831676835,3.28843795536419
3.76892499192548,2.48657518325103,3.64062460294385
3.26318305218245,1.98619981612288,3.37632237024992
3.37164899368425,1.85226120331161,3.51073922682574
3.25598806981926,2.0572098290368,3.58767812440883
3.43440497643195,2.26174914603417,3.85098827463976
3.35783154290698,1.99319105591991,3.47266475618087
3.60755771796537,2.20729126224588,3.55448170598314
3.30279042902966,2.00964436248815,3.60199967853821
3.71048295373849,2.26880073044722,3.69699864086528
4.04392220063592,2.62290896762648,4.13553792180162
4.02438006700577,2.48907202562064,3.8224756480733
3.98476656548008,2.43948735163691,3.72753308754839
4.47297869260205,2.88276799601915,4.25288419775436
3.02714445791598,2.01776400757004,3.68698436663694
2.80733299642685,1.86120982388007,3.45907157267741
3.12884438744438,2.2210761870762,4.08039503388861
3.33330175571393,2.39404805280681,4.28550667495754
3.00658958201426,2.26897281339374,4.25624668661422
2.8577526521614,2.22907613063778,4.15672543717168
3.27070541779993,2.57301913785436,4.77615491155713
3.51864722207541,2.68366329327068,4.96349984602862
3.26280622714623,2.66181400628348,4.90776454158814
3.44721927827855,2.78670396534625,5.07425728741029
3.71961214636119,3.19449511682063,5.36864846637152
3.72476561350118,3.00948498811635,5.33664181247486
2.90698125866659,2.15390443804059,4.12836032829958
2.72795763011159,2.11382586292077,4.03805967140729
3.07835917955,2.15485547449208,4.15868855302773
3.26586227754179,2.2371585425625,4.27311346250005
3.06269980862007,2.10524731406318,4.0851075815811
3.09406841595788,2.21154340511127,4.25988602242875
3.37744409851102,2.23722102791636,4.31334978113857
3.61342247887569,2.37724726559558,4.52202036540123
3.27361123170656,2.32062446102755,4.32371706184224
3.89285269591374,2.57522921756682,4.6748518790043
4.25170659378076,3.02587015926849,5.01129558614739
4.31041227429043,2.89594492844948,5.0050071020669
4.35167786801098,3.04700863151259,5.06594151538077
4.76356731917341,3.26621629328876,5.39024976294763
2.76451889112829,1.86192570693619,3.62748110726226
2.66028916307813,1.8436526118995,3.5268506892369
2.68258306077151,1.71340833220251,3.36017671587672
2.83781142005256,1.781196653846,3.46327016186807
2.440225805305,1.50788655947154,2.9427555017495
2.44611111194562,1.50710918877919,2.90286067161758
2.55592758428776,1.45354275167948,2.77201815068624
2.63933219895569,1.51983611149074,2.84578052628141
2.41802507557348,1.37603622943646,2.51760334563519
2.87286861902452,1.55652666740253,2.9403434622211
2.68333942460814,1.735653743395,3.15546064619927
3.63754470871435,1.59935965420688,3.27808351573169
2.17552881500237,1.44155984338858,2.80660827072507
2.00676006881085,1.36824324257033,2.58866838018419
2.21334882869379,1.54537953441167,3.0159320828441
2.38334178896388,1.65536181590934,3.19520515267682
2.09293599609289,1.57646051025657,3.05872160835852
2.00264141430389,1.46827814721459,2.81415570095529
2.24370026210529,1.76455401228977,3.38507366661717
2.33901178165278,1.89959878953288,3.40836203655969
2.70362038952943,1.97251971752833,3.84558054080009
2.34160547447172,1.98396929882795,3.40123448758005
2.65168521745024,2.20107545129118,3.65944588179602
2.08937640838797,1.66287139199516,3.19523384246616
2.02807846913748,1.62526064864577,3.09191725397542
2.26844828409657,1.82908967181544,3.46799303812822
2.38873996011171,1.9009906693193,3.60266838991164
2.40931060351988,1.96725652873317,3.61830939894839
2.42808786507246,2.02445120933565,3.70170734491388
2.70247178635394,2.21863151821341,3.98888016191083
2.98488324230534,2.46103362716105,4.02398285883295
3.14772311429052,2.48930322542767,4.58058157239299
3.34962575730106,2.72150609683523,4.6572094249878
2.91930306416222,2.66294559727433,4.17260127826254
3.22476801841183,3.02348907604744,4.37945746567501
3.2145900181144,3.04614620322737,4.39871263677442
3.24117826725255,3.01581395881939,4.40443293510453
2.37821477284425,1.86370405068079,3.34143792126206
2.44520056461829,1.90750318186907,3.32135944972949
2.32961890779323,1.76174395630166,3.14560774650273
2.35412977966609,1.76861746515897,3.20735042379098
2.31071271237406,1.70464865191759,2.89331716511019
2.49692079625147,1.84663357016324,3.03377074566973
2.37716858128753,1.68154942562114,2.84129949404007
2.39663844867424,1.81212733794383,2.95977820230815
2.45302053406416,1.75598445654004,2.75901855889213
2.70767799849453,1.94248641189904,3.19948060648381
2.83588426340175,2.17311535450284,3.41146115495158
2.11150041584086,1.56159487137774,2.57561963008096
2.16411195620235,1.6149254562377,2.47147815829885
1.95426516779705,1.43177440913571,2.4647546080463
1.96637171366371,1.43896669437515,2.5609985564677
1.83476217705448,1.35029221005006,2.26531012016635
1.8122201573958,1.34898716923521,2.0707510533321
1.70107354640109,1.26322968848438,2.20476695700525
1.82058403425055,1.2642588571459,2.12810916787812
1.97570679015067,1.33837265569136,2.43754866115382
1.93440715805361,1.23747981400677,2.07812490939953
2.49319858906537,1.30467172496958,2.32293769350998
2.80808580788281,1.43236996851653,2.60642084975661
3.21107364510337,1.38570764376929,2.36285212394625
3.92446572481158,1.53522057685348,2.6653691693729
3.39420432469873,1.45375098349946,2.16575047086591
4.07983309254115,1.61536432224499,2.31152320597418
2.49330777179767,1.35549356926126,1.91901576309887
2.86195047735053,1.48530815737725,1.9321352810351
3.14322642768887,1.48599132895669,1.96674918640446
3.78379464364924,1.72470338403164,2.02008254336461
1.9836552249601,1.45044319876828,2.46519145429426
2.03986825990591,1.47137504040326,2.38407567461969
2.12412518101819,1.5736203286317,2.79604996144798
2.13288706835207,1.60362562152556,2.90056627789542
2.3314984384742,1.72273392703145,3.0570129367585
2.30728107901935,1.70115796597536,3.03891245074685
2.48359615789915,1.89939238639179,3.43754563313012
2.66046697286254,1.97958991274715,3.60285265845017
2.81285398166945,2.2314374565605,3.59273625158189
2.58639073325153,2.15375393169717,3.65953699062437
3.048309359612,2.70054058468542,4.06908456761615
2.79541492179917,2.48876384258907,3.81837970300457
2.50789121861661,1.81338007919005,3.04526118610887
2.63712233688917,1.87801423771128,3.0871568015655
2.55308123911936,1.86167492777915,3.02631385837388
2.49697937003981,1.84554202723532,3.06505436345465
2.72067290072181,1.98381413406952,3.02072174231587
2.91078421298556,2.11021757508731,3.22319234406047
2.79638886382184,2.08226335843959,3.13353569705905
2.71102143315624,2.00512604901264,3.02870734008025
2.89646503103254,2.20580945060548,3.16614291279181
3.15663109123887,2.28258690743139,3.593876180102
3.42290491637937,2.4586968767423,3.88670815087246
3.4885493758306,2.45299420925375,3.85732517253725
3.56453750461093,2.49799450709892,3.79100318449229
3.8269809353856,2.64741953844574,4.22698119106187
2.640772134385,1.92065986774992,2.71238716283446
2.82052297793306,2.04872129864821,2.75662348455655
2.40500225266551,1.75935015659371,2.43595016707556
2.29034431622813,1.68349082552937,2.42861675536417
2.3457809884182,1.73378445196373,2.18248286064622
2.45778148876774,1.86541990432555,2.19343947865191
2.1010015053735,1.59998323179809,1.95507571093747
2.10048873735385,1.65199668858054,1.989425535195
2.0186031980292,1.52206802819812,1.9894496785737
2.05196116364041,1.62520761429906,1.77399045589555
2.01139619979773,1.92414500346062,1.74545281403955
2.01094092163824,2.50663640515658,1.84881569693596
2.05915054215342,2.00888951847403,1.73340632870724
2.09646485332982,2.5956314606041,1.83319085789069
2.13890269620884,1.864735186916,1.74903222104915
2.23574035589315,2.01566267899312,1.86469423944132
2.1224086686273,2.13551802950462,1.77879657410163
2.20746564784122,2.77066632945882,1.90419461102041
2.16311302706794,2.25224516454117,1.76817392419157
2.26995202942989,2.95097563442456,1.88895859618906
2.44103853778143,1.76117876449553,2.24381854156393
2.60162564737291,1.90025747157719,2.25631048211482
2.38663634731904,1.68761621963974,2.37972757393378
2.28753040030748,1.61815539810699,2.40444992418656
2.49693621132154,1.76012273083571,2.56638199324466
2.4911105922668,1.79161030139823,2.46298091296371
2.39735044441661,1.74010273112283,2.76430969251114
2.28426029956583,2.19349131856819,2.99568349767163
2.79865265381208,1.90223348253643,2.96596772649422
2.58280493715203,1.85304013444164,2.80401063172671
3.13380873972576,2.12381553201924,3.03246646172764
2.73244091225108,2.37188409593532,2.90790244106772
2.4879957184182,1.94959834847797,3.01952992189082
2.66724929831426,2.24585409060569,3.28241041491828
2.50232329571102,2.17573699163852,3.24367141301756
2.67802390032062,2.39114479518731,3.30095106667369
2.53784595069366,2.39453249959351,3.54911118670664
2.76607150544516,1.91832762172372,2.80280889777471
2.91371064316942,2.02727602641178,2.88038290305417
2.87761030866479,1.97961854201576,2.97525995339219
2.79311920797052,1.93106771324928,2.97267660397412
3.16466102488827,2.16244152039957,3.22251394543306
3.26525803884533,2.20684906566637,3.39898008404324
3.28896807114962,2.26200189756012,3.48572793551471
3.48789695421322,2.58087119572927,3.82450432789573
3.49619146013182,2.47987262728404,3.67553659145437
3.47049886948833,2.51625459451428,3.66972661980767
3.71040477686321,2.89004190874154,3.83611904218428
3.83765467380205,2.8363955853959,3.8771015547603
3.62633160400858,2.82269508087329,4.14788832380417
3.87554242604827,3.20975549946128,4.4283994870061
3.807038554137,3.02770602032225,4.44373261871252
4.03385694221442,3.27728095496406,4.57995493015757
4.25282096467013,3.48577014727838,4.78337580122518
4.30755083446231,3.62059738375449,4.77620248223634
4.55581064968978,3.88115057128028,5.145247959557
4.83106501752627,4.22769560023185,5.42234535139726
4.87615108508126,4.19638854863476,5.39337603844263
4.80164489743703,4.17528671917471,5.4298144551562
3.27212163133836,2.27914748096392,3.09169796163294
3.48120873744739,2.40369834319175,3.23493466237586
3.1483580577028,2.27473112505567,2.85751979797599
2.99938543589458,2.19273220491066,2.78758473610279
3.23847356355045,2.4318821010461,2.75871097055364
3.44221576962874,2.57979952763966,2.9398303516096
3.11168100931107,2.48252209369687,2.63782818823106
2.97421423043052,2.07686862759579,2.64856394855924
3.20729502048547,2.74831357455136,2.64495757147164
3.17861230310755,3.29067721766541,2.82435369220207
3.26540680821132,3.8713605885388,3.04128316037162
3.13276948108722,3.63802781724713,2.98747720643707
3.47255100401601,3.37789392686671,2.99515543757425
3.73681595071492,3.57155717251049,3.35368827574333
3.82222618715474,3.66012652040958,3.22907510259414
3.25783375834331,2.45027146370027,2.66903009121708
3.46528005432091,2.62132013304523,2.78037237982034
3.07861266641334,2.31566023713664,2.5398561231624
2.92503244221795,2.19531649692422,2.46833901556789
3.13250810649457,2.38374901161975,2.57127533087374
3.21605711508415,2.53270336644202,2.55836297566451
2.93093310589732,2.26917443471458,2.46390702875676
2.83698440971963,2.14552820332646,2.47864098005248
3.04730090749458,2.41193493485305,2.6658973255745
3.28315703671894,2.62968901609201,2.86857143719468
3.25387336970372,2.69475640992827,2.94371235062576
3.21803905739251,2.68570993412795,2.95983227448044
2.81355522602565,2.3227880830523,2.28717514480329
2.96173113579684,2.59058570516225,2.44413262582293
2.97320048652816,2.57187817693549,2.53559048136426
2.99221467075258,2.5375880538473,2.48817819323235
3.34106841121542,2.45067641759402,2.84472533627714
3.52343277463183,2.62052894639949,2.9757807618507
3.35583652536516,2.36241744096354,3.00748037528015
3.23270402891957,2.25613742166686,2.95192881995277
3.57445251591118,2.47430598891689,3.31870515672577
3.62859416744069,2.5486100190437,3.39544446370826
3.51291646771126,2.38387613328961,3.49928488296491
3.51822983329921,2.38322975254175,3.36837092470409
3.71268714370713,2.53503858745584,3.85274439918732
3.33686936342105,2.34540730003667,3.60223760533914
3.42927939079566,2.54989046377795,3.91802733715507
3.35478963656327,2.44723126183712,3.41224417381938
3.31256364522136,2.45685496469913,3.801978557999
3.47737738446842,2.76649120367471,3.9215072247247
3.56026691586132,2.80371085035674,4.09206822758209
3.50921215029802,2.72848265977076,4.1072990527985
3.78481418925608,3.06302661623495,4.42305722183534
3.97105987879899,3.08714117598838,4.39766378784522
3.5208904576143,3.10976197753622,4.30504171034348
3.7064130224332,3.38481849429131,4.45868922828475
3.70917571442449,3.40148731938602,4.53406975395732
3.71512308317608,3.42820787464242,4.50613152668245
3.85555365675185,2.66316210114928,3.48545074864612
4.11036804990144,2.82187550333837,3.77376442762814
3.85574149612526,2.70677890197605,3.36824392149205
3.6876426374389,2.62232142608793,3.21171974743016
4.12768360163457,2.92326670567034,3.53771088793081
4.31538557726634,3.00191711314529,3.7968110535297
4.15676012586969,2.98698122057299,3.58879512425083
3.97375007278611,2.90780948322405,3.44972766369894
4.3827996485359,3.21892563655933,3.70888771667787
4.27773886919068,3.03561662728169,3.88579746355615
4.41795054133122,3.10793992393655,4.18588197523958
4.40019184839985,3.21386048037573,4.06586324153135
4.42763052441829,3.31898477485071,4.07424121632922
4.56339170942377,3.35284130400432,4.3431713870573
4.21823502402545,3.06651414069438,3.43128148666685
4.48159015248425,3.21930379863537,3.57602913219876
4.06564755771782,3.07800201849102,3.27050443283054
3.9121433282763,3.01120479257489,3.23858386285399
4.17441481916589,3.24541796929688,3.22354307059607
4.25746988765664,3.37599789136775,3.22503081417354
3.97412412907168,3.29442417280885,3.05546837461799
3.82464709441188,3.33958427791367,2.96619643291918
3.9188808658254,3.24941005433928,3.11792383254045
4.10057967474178,3.42510379309104,3.03195938903143
4.237291333896,3.46529662517176,3.16478569841922
4.27165429712913,3.42673188435516,3.29937537490897
4.37969368356315,3.63457054127161,3.2199716393463
4.5288353478153,3.72200872370479,3.39603817762748
4.37179952552304,3.76881992756081,3.14524413197605
4.5004038090888,3.93389782710359,3.25232583819626
4.12804072476481,3.59111378617665,2.98243787443258
4.08951481620705,3.64417325614626,2.99047198126045
4.25527397917427,3.76380935786375,3.04049317024396
4.30905446487492,3.94368480383103,3.08570066047082
4.43130558889709,3.28396315836317,3.42754537005812
4.68160226232668,3.45370931461538,3.54526984034711
4.419915946388,3.17160039841653,3.54143331431337
4.255852029722,3.07739505450454,3.50035427697708
4.67685135645034,3.22945854976079,3.7831317533286
4.82894051795444,3.4340477879377,3.81715827969183
4.67635786067491,3.26701771011404,3.90748718445426
4.5905079493691,3.43558399460574,3.95802198766285
4.86729627210838,3.47589157007595,4.27200249855259
4.65353969323688,3.22668410753525,3.73518588756404
4.81953225542781,3.59235915409491,3.79727509039554
5.11671143266071,4.02318936491694,3.94452857488962
4.86223666746498,3.81639495782408,3.82254317557748
5.16654661235625,4.36289045591041,3.93629813970833
4.77033100520868,3.7187039531537,3.85785317321015
4.86373358928499,4.05309342979371,4.03782449194751
4.79384121408586,3.41475504774721,3.70206929691762
5.05978497775588,3.73684846895764,3.72524592822394
4.86658728945887,3.65748583889054,3.8016223250732
5.19394715375654,4.1227217207242,3.94245449083496
4.79593865036317,3.09996955886309,3.97015388671702
4.67482150304555,2.87729158457667,3.95092298150513
5.05668141207882,3.29805945760741,4.20810709508824
5.2968992336622,3.58790780584286,4.29614894427879
5.30560084599368,3.66522619005125,4.31601027590882
5.32353895216113,3.66262985408134,4.1994746916794
5.16546303270256,3.333999931464,4.45483880650871
5.1120563393834,3.26350331008638,4.43702819318354
5.50832024200512,3.64340542855175,4.69680319246232
5.68124340599919,3.77993838592877,4.94567131785396
5.6269335479115,3.75930326547599,4.78327131755573
5.57609905393207,3.78920590421446,4.61699219854149
5.7235429970247,3.94863874767556,4.83345899316115
5.77797930320894,4.0201409439846,4.72170372111868
5.06465960665789,3.26258828016039,4.55930842749961
5.0977167321257,3.29684063426159,4.74008036600521
5.0180671479598,3.26624275301987,4.53690357767524
5.09151485402992,3.34728731454807,4.49294941062564
4.92684932093663,3.2420309414853,4.6438265594967
5.01992264667587,3.33711760433686,4.84320917670431
5.09926609574207,3.4060414588027,4.78530020254025
5.27207346670532,3.605459244454,4.74486206094103
5.27196281571424,3.39463571772933,4.88644767764115
5.26032491320422,3.80691853607179,5.11720809125286
5.51900013899527,4.13666114458742,5.37924439043145
5.49557737950383,4.16454857198319,5.44233539621018
5.61274527862946,4.13516585431811,5.55420042763551
5.7743588723017,4.64562930881442,5.75202433201027
4.60413675710207,3.02091962758681,4.42918674008225
4.51566066221956,2.86522651028411,4.23912368460203
4.48346662280164,3.12893455068427,4.53441090415392
4.62553299813742,3.36745195562497,4.76145279251614
4.21982515016392,3.05003875181945,4.3995308572695
4.24938418866691,2.99554517809208,4.34957421842731
4.22110420799161,3.33005707057865,4.66397905568423
4.32592552076267,3.41176435265928,4.92066170864276
4.46830827318825,3.70773813529792,4.89978624437916
4.69457518030847,3.95719514324667,5.12396835185304
4.67925558057093,4.0646599356748,5.11638865201465
4.73648421428401,3.96956955139502,5.11802290502191
4.3944215992204,3.73742494716227,4.88884011949727
4.63009560931035,3.92066677962679,5.11235053103782
4.57706000056052,4.10599138437489,5.09080331793051
4.67394043670572,4.16452499706337,5.20896021896249
4.90032617238363,4.47018883171159,5.44161002637742
4.9048675643221,4.44404751847827,5.4447299414294
4.90266015082938,4.44879421051641,5.44398733691577
4.01748580439552,2.89942447787974,4.17670490546214
4.07946101012082,3.02447420166871,4.26130697056712
3.86205477293133,2.74564094132493,3.98031526733678
3.94179385290941,2.80603504106243,4.03261362436319
3.67164754680709,2.62326430190153,3.7799092294304
3.71411694008725,2.71345864113963,3.87147884802801
3.68163284162758,2.61284494544128,3.5897917024919
3.71126220078299,2.96251336762722,3.65228209334365
3.79557449124128,2.5592804886493,3.53465106221879
3.88659579513982,2.94164254477167,3.64842855696034
4.01315714954109,3.43314505028344,3.7184588047214
3.47063890129426,2.46356587862975,3.71075715366362
3.50311542129834,2.46350778518464,3.74688513208192
3.33340655924917,2.43177760101278,3.68379956489342
3.40078442152113,2.54394797484672,3.7403725442927
3.16048171967395,2.32563995278568,3.64187983877923
3.16645199271395,2.28227569268198,3.66193232569182
3.30131556592699,2.50359874872144,3.94727781062867
3.29622004331244,2.88673222197293,4.22329590212854
3.38650853021529,2.59230481567641,3.95290764997859
3.71157261047409,2.76918789912787,4.31728548489799
4.26982005463974,3.2761639465475,4.77020532873587
3.87331636774017,3.13601129849454,4.57759324389711
3.88803788445202,3.31974262073741,4.60695973629587
4.24455286000783,3.57781943180421,4.98818851877716
2.89576277700495,2.19264215094412,3.32239353693965
2.9442137058646,2.27378865124885,3.26861478717344
2.66703582931229,2.04548182060763,3.1561179538628
2.70348098401569,2.06180188297684,3.27366700051441
2.42664096193702,1.91525497189911,2.85361687236987
2.45884593384963,1.98036431420542,2.80169889340553
2.37770360315509,1.80581886997678,2.6322355404578
2.3918901211865,1.80267351606732,2.76651666891793
2.19271027587147,1.7437826008533,2.41722926122474
2.40391177019657,2.05329164178207,2.64680051210183
2.37143393343389,2.00963154345259,2.60487225669174
2.40832942661376,2.0089094942105,2.58406097511554
2.62170011089493,1.90500389806449,2.77913780660763
2.90243977895645,2.19500188746827,2.97098319645826
2.8738096663218,2.17677253545152,3.06588734969342
2.87225889236119,2.23179144395064,3.04594982152673
2.26970356848179,1.89047844009912,2.90508524023728
2.30594649642297,1.92824606849259,3.08044447913678
2.16790959416901,1.91019192428282,2.81010322245107
2.21714078112007,1.95497825932573,2.74568779182029
2.04928492016391,1.92913573676669,2.83295658473269
1.98987950622881,1.88039161398163,2.83294373479286
2.22150925004888,2.20295223215028,3.1541203661793
2.30150784876943,2.5882898517317,3.34000185390657
2.48999863455223,2.5982069147205,3.40428989216553
2.68089343367827,2.90126454142849,3.54962467331074
2.80040962350353,2.51857091240807,3.52291224176855
3.17776628685934,2.90298434716746,3.79840844676288
3.18801618139365,2.866054969224,3.82955731410575
3.16775037528143,2.89329589854817,3.81400933438603
1.93567201088313,1.83098901250358,2.57818253712251
2.00405494614609,1.87356651605672,2.46975905923854
1.88533235609442,1.78604923182793,2.52748514020756
1.93779268567059,1.84209042482233,2.68008550848711
1.89502951005261,1.75438442179475,2.31450726547537
2.06983993545996,1.96490271790517,2.47467499499449
1.96064287739251,1.66114228622391,2.17264393920487
1.72219040957105,1.71953031081937,2.19123870372967
1.68600560445422,1.80108741924796,2.35107096044495
1.68251252343908,1.68200508491623,1.96525405989808
1.75565057613264,1.68967261670068,1.91465444101259
1.57625047974398,1.700985234861,1.84584721274418
1.53555353243826,1.67922545155917,1.91659829072818
1.6539698175158,1.99176126562822,2.07678870050992
2.02407159257556,2.55006139679012,2.43487882856501
2.13900781750669,2.08920362169109,2.35358725866675
1.83085502991168,2.24113541218343,2.48369023874935
2.35431168572276,2.31712008998927,2.9139885112773
2.25510558312956,2.73640783247342,2.81803625833337
1.94704087030889,2.57221109156858,2.78105557581794
2.30192705269573,2.90125393948405,3.09281545604605
2.09687793580526,2.91822794149405,3.16532097794211
2.2649753155771,3.12472732989936,3.26771129809445
2.30364357314814,3.20672525037005,3.57768321743927
1.53541951317395,1.5526426645441,1.55218077540353
1.64709574244753,1.5652286832881,1.5329415743949
1.45185601433685,1.50140923484225,1.45948293328296
1.43235843925521,1.58252120379048,1.59481425717351
1.47846227087215,1.43165026112645,1.3135044486167
1.54205368318622,1.45254088417762,1.34513162604829
1.54691506469973,1.42632328691436,1.37017881743977
1.40675268746631,1.48570565041039,1.28786997058991
1.39775798877317,1.57543405327097,1.39404638817467
1.41157690545914,1.50748700673994,1.27629651377372
1.48131533569487,1.50292971138175,1.30892662723904
1.36904145115034,1.60545819490716,1.34205548693375
1.32302629588241,1.68223692605739,1.37106897820727
1.43195062555655,1.74005304334091,1.54838084178787
1.55540528952439,1.89509460485195,1.61323097099496
1.49857620676166,2.04557546103013,1.64021691940181
1.4854457747658,1.78841905426832,1.78335356192846
1.74936215061216,2.14181983080836,2.16224395854977
1.8370932670882,2.12935048825525,2.25398875458004
1.58630746254739,2.03858160396707,1.75714178361663
1.94979750432064,2.41914848480003,1.82332000230762
2.10771405901257,2.65277061593343,2.44440981973756
2.42927657962774,2.93104046025651,2.74815047672448
2.50799187633148,3.16673361295049,2.90871520310955
1.39055984624405,1.57073598515048,1.36819427678675
1.4729320183353,1.51890591859871,1.44083597467076
1.36363104813576,1.67149428290948,1.44022399110337
1.34132858733815,1.77303245859538,1.46847307297442
1.40681714446524,1.69335035172383,1.59009119727712
1.46565115977261,1.63209491800799,1.64105588944187
1.45095697238841,1.72098503162778,1.70839589843258
1.46417019593516,1.81119693892776,1.7268621989655
1.51497849805877,1.83226339068202,1.87687070330114
1.49808035874703,1.56673701470954,1.73699821235102
1.58828756363225,1.58656637896243,1.93349681070561
1.63268939161689,1.72077763757293,2.06009836678637
1.70015225277404,1.50576983730426,2.05546512201347
1.83217576471719,1.59861966234464,2.27060454970308
1.71621508354962,1.38152198556231,1.97497215181048
1.88803727581926,1.36221944258929,2.15937024216485
2.07208923538145,1.40469897794095,2.30415266061563
1.54268310853881,1.4769867909384,1.69572351516652
1.55735109332973,1.54621685204737,1.66581946171421
1.64532552279555,1.37421225673772,1.81201068219877
1.7308237402798,1.35690200656403,1.85783454370414
1.40896389645892,1.86502374902171,1.73493544260359
1.38221845263677,2.02740593483685,1.79902890435846
1.51496140956503,1.88307001242842,1.8817771928695
1.59564113966692,1.82331486622679,1.92264253492545
1.58275326947446,2.05133291828557,2.07106410640635
1.57250195603783,2.17333918349712,2.01915216994227
1.71219154856135,2.10691140471407,2.2421434635982
2.04035791942092,2.29105420306979,2.51098296818387
2.17899863545068,2.2228048966611,2.74834451520099
1.74949463668111,2.257438483492,2.12847366304046
2.13568889708638,2.63608670405607,2.5217775077125
2.07551533114166,2.59449998928729,2.31170866650485
1.86926872259167,2.37382545107786,2.22007101752977
2.16184152797243,2.74141112351695,2.58895356180115
2.14193259738337,2.78910929087349,2.5682836488042
2.45528381465708,2.54077607287325,2.4375198285253
2.80441043578134,2.88755075183079,2.82061596788425
3.0257029447142,2.90701105741934,2.9089867677428
2.84627880000053,2.76358124535218,2.47397698868116
3.117738866203,3.0448560777077,2.71619221770398
3.17767535556506,3.01064930871854,2.7306816235865
3.17348679372178,3.04564085179843,2.66934723419363
1.67629746234576,2.09817813315183,2.31964859954307
1.78898674927657,2.03393436832238,2.47301672432059
1.71982816201161,2.29270340060365,2.45457318885984
1.69371832695608,2.40496646950173,2.40467011738549
1.8812732962763,2.41997980050306,2.75224103945535
1.94689914678255,2.59006769888412,2.83348941957523
2.11419158648404,2.57750597137044,3.11667501696704
2.39248342357911,2.8157498873772,3.36538452561037
2.36588719869636,2.63417435123208,3.13222130503625
2.35149831849106,2.92029706653313,3.64353064808086
2.77280286898569,3.16791281474163,3.78856850718688
2.70183072016083,3.49401648035646,4.22186138256395
1.86812334260707,2.2912040841574,2.7048068870369
1.83322375540539,2.25213190238241,2.5906542094039
1.97847827943977,2.28636499317632,2.85863098472415
2.08979904924701,2.38837151888927,3.01626679025878
2.01525092374217,2.20443027368212,2.87523806270057
1.96618140862802,2.17701469818501,2.79487939860346
2.28349373917829,2.45296622263891,3.27808601342861
2.53926249735866,2.62789878471775,3.50520332583265
2.54289417904277,2.57523984069927,3.41252367858373
2.40377388196741,2.66001837239743,3.56413614522127
2.74147220763424,2.96814761573556,3.75726700370443
2.68887462957977,2.92260309263988,3.84925701054718
2.73482032087393,2.94758678429995,3.91523014555253
2.99553584696511,3.16583569479153,4.16121059037978
3.10209341890449,3.3233424701995,4.11518422931528
3.19708433985145,3.33465592741623,4.34739859911499
3.51775436016075,3.5458690135112,4.57202505821412
3.44753028673639,3.68423097047633,4.61540078540021
3.78619851748412,3.84049760454489,4.78574593580319
4.12858901404826,4.1377668015436,5.03587660958657
4.08201500860677,4.1363785477667,5.0364866552579
4.12211164833089,4.15567432070041,5.05176553738586
1.96766576100372,2.01056795123046,2.70773003470719
2.05639456692176,1.98394169305321,2.76159374403331
1.90331546106659,1.94471430205719,2.57868367562533
1.88223296393129,2.02057869359419,2.57764784168942
1.93483615783658,1.84344030867738,2.53555310578269
2.03474346207468,1.86934803714487,2.64961047680693
2.06621234861026,1.97405139448986,2.7595020953043
2.24469292522528,2.19036986157184,2.87610469564713
2.43660005254299,2.31048339485352,3.15835233647066
2.68057678841727,2.54973477685299,3.31755922221443
2.31396184864034,2.3457652662215,2.85825884293965
2.64986553066524,2.69801344272718,3.03317451314013
2.65961729728422,2.72180220256714,3.23929888437949
2.67216498481668,2.75426784130043,3.05508798137046
1.78764272138897,1.66960537153633,2.21781585310457
1.70908698071434,1.68764253035219,2.06194174809406
1.79888475630238,1.56655276779615,2.16058858676453
1.89860371742725,1.61944230219148,2.33211794259564
1.71551166012458,1.44450813895371,1.91645154242641
1.62753112594734,1.42915147081307,1.75452628666981
1.7725510821758,1.38719374553409,1.92974210497314
1.78960199052929,1.40730262029318,1.97234784034915
1.89617508365209,1.47801086535485,2.14465985146578
1.74245871868451,1.31583794031597,1.73829544435228
1.80055547842988,1.40821380875745,1.81347448852581
1.67417379026061,1.28948208668186,1.53847939188079
1.95308510002266,1.663451470967,1.82775030534162
1.97820517659945,1.66239988758009,1.81667953537536
1.97849602422994,1.67070004142203,1.85499113587913
1.84671903840014,1.35295327889813,1.82857893630059
2.11201383286322,1.71195019545734,2.16220585663753
2.18606253377283,1.75306714271267,2.15110456300402
2.15921133658706,1.71076433200987,2.07682769476505
1.74563167382364,1.49488161713902,1.96179730352998
1.8833763913668,1.60510572368454,2.22559897980318
1.66902688469392,1.50025266103484,1.79346217882638
1.59775688802509,1.486357525282,1.63661553340613
1.7345610719782,1.61677870592383,1.9331198987456
1.83011932256137,1.67875890073626,2.15554495125649
1.74463051499307,1.74065955132404,1.9211475280234
1.74005171130283,1.74840099554313,1.77693018911966
1.8361049626442,1.87176543666793,2.09159741566157
1.79662729345659,1.82299371813345,2.01931588571472
1.8100192215833,1.79295532707084,1.98384449571936
1.85943909686295,1.96364407655721,2.05709959412292
1.94626274519022,1.91812306365311,2.31209606800517
2.2787557245243,2.11144150586628,2.61062907846072
2.28109014278115,2.23263822233759,2.66978709964604
2.65525596870144,2.55399868848856,2.90975228542755
2.44797174479969,2.3671216375346,2.92332723801018
1.75599736283079,1.650459116391,1.91678574048298
1.89236467280741,1.84446237633493,2.16636126842076
1.69918788407656,1.54808773892685,1.72330970843666
1.67635881206364,1.48977087794899,1.62535621731257
1.74802833293767,1.62136516333504,1.75796842038398
1.84336778638864,1.68128177480339,1.90498789502401
1.84122570986891,1.77442076789775,1.91588957632949
1.64121693597513,1.51252517039378,1.52066177954312
1.59891862324179,1.46484569480069,1.3913708856858
1.65540649285625,1.5465841176266,1.56023863143675
1.73948946406105,1.65841306036809,1.74151794403568
1.60012674418383,1.47610672889191,1.43336921606397
1.59897370958083,1.43628434513586,1.38216425597613
1.5658154693945,1.40506591889937,1.43424638573563
2.03027299846628,1.78648898715122,1.73090676876152
1.87624852157819,1.77997148144087,1.68713854254507
1.52837342297043,1.35503277440403,1.37503049875631
2.02434981291253,1.96407091977259,1.73766521416607
1.95385195560926,1.8403138131263,1.60660541845025
2.38785814729238,2.30502072087748,2.00168298762711
2.39487429626171,2.33507746156489,2.02578135374019
2.39620523222716,2.30584140540941,2.01185165878128
1.85277221691255,1.58604557489661,1.59955058131374
2.25513123969117,2.05419103779575,2.03376826970603
2.27805415967755,2.0216187164971,2.05335188645107
2.31231393495508,2.04260914300491,1.99773467970563
1.70844055880732,1.66172422067835,1.59041945781277
1.81643010036329,1.83346890662971,1.79834400162071
1.7398968473057,1.70403349464348,1.6233717375632
1.69416114756695,1.6324058113639,1.55404309787845
1.89585453636492,1.9081466849968,1.87794106754898
1.97532900890083,2.0166232307618,1.99329450501094
2.0716697809725,2.1216457861244,2.11440477316493
2.37056451554399,2.35859577392715,2.22126335771088
2.29909989763699,2.23527455240521,2.34904266038235
2.57558436060261,3.16222863623661,2.74397842719173
2.21590078568699,2.44994536411787,2.24495200618765
3.01561459550878,3.56401139136738,2.91175511468934
3.61228635985072,4.2800808597843,3.45463510609229
3.05159918485385,3.25876909625993,2.7432603818147
3.54437296249996,3.64685967576821,3.06995147646924
2.70050740566393,2.64633131036364,2.51124871306972
3.15473840224758,2.75072492199811,2.93852217194042
1.85038628465923,1.83879304892853,1.8738939668482
1.82717454616964,1.7825290239875,1.88862792635538
1.90164045541139,1.89423619125223,1.95028967560715
1.97772630928253,2.00350007870024,2.0310168921137
1.8998397411537,1.82805526594012,1.97752974068957
1.85011685553798,1.75806005747531,1.98880311826983
1.82073245265874,1.70688443509306,1.79552729526546
1.91917370851339,1.84203616865207,1.86719789544066
1.93767093392455,1.71025032423816,1.91726568943909
2.2083675184931,2.01981940477528,2.21757971720753
2.25238882064512,1.97647966375208,2.22055558072339
2.24918620279753,2.03240904448608,2.2203331998346
1.66163272967464,1.54698661328207,1.57824386339421
2.00029019184618,1.67774941776235,1.85083247177965
1.77852348689351,1.92890180600439,1.67056679877656
1.93149963285476,1.71099446602941,1.70206663261121
2.32424831732481,2.13220082448519,2.09979598623596
2.36282916698487,2.12924521033943,2.08780939673547
2.32699845397384,2.12509594623172,2.09762982274372
2.14638667110877,2.06219403170176,2.2899174667185
2.31298969508756,2.24073259708691,2.43117695548145
2.22200700285293,2.10911247223306,2.47145893526224
2.12415943837765,2.01303974910467,2.43881690486343
2.48363604203444,2.33239072452014,2.77188267578058
2.60450736650675,2.46146338247814,2.82469905605017
2.63144466530461,2.54211203885268,3.07774806383356
2.55232385584107,2.60940045687017,3.10455460487693
2.70096287968107,2.71875650740718,3.13300893622498
2.63016980296141,2.80417369350445,3.13380441634876
2.98512088299064,2.73613856026712,3.41240451129437
3.26747188683152,2.93459777958972,3.65890915229836
3.31261454595206,2.97022140057414,3.72238478279953
3.18727238828073,3.07694464044663,3.58058820442402
2.52481782579379,2.25899645577739,2.78914741753607
2.44085660934083,2.14458736188777,2.79312953774153
2.71152407008492,2.37767870403512,2.86237482972056
2.80510933110826,2.5073913608578,2.91476039476781
2.82770998800539,2.37136418419174,2.92791352632552
2.74178370724096,2.24948098692365,2.90653531840598
2.85755565292098,2.36532063183178,2.76727658086685
2.96604571726168,2.53799502132737,2.84705753357189
3.03909452900504,2.42351748960181,2.87852832141333
3.26461256814383,2.61449174137475,3.13908086613384
3.24283200749902,2.64209631693836,3.08180220984313
3.27841238131499,2.71079059839526,3.05923869133915
2.63441068858236,2.1695019430792,2.47939301959861
2.60754132241177,2.12722163209565,2.5929613599389
2.58136159325326,2.21820155813496,2.49559471360807
2.64732998529025,2.24221003369209,2.36778919349919
2.83094882000718,2.50058059749292,2.58402604774963
2.88880983772134,2.51175314014572,2.58110041430422
2.85062830325046,2.51598000107785,2.61855965202387
3.0982074474163,2.61349517102756,3.27091978600027
3.25597010260973,2.80967735354367,3.41866982915192
3.19560089740126,2.63983724832089,3.45959803443685
3.10243887801463,2.51896702053787,3.40119746528849
3.48543085947371,2.87118865149557,3.79675681741427
3.58448577529137,3.02865739050308,3.87788997778313
3.55954018255941,2.97879604234676,4.03956971019812
3.60136351729823,3.16099312808789,4.21582676841485
3.77795129311019,3.16519338530337,3.95702228632455
3.80008402042016,3.3144471569037,3.9352027913135
3.80398196563542,3.08672411080279,4.48022491475254
4.10119229272233,3.37224149766982,4.71292811114713
4.04759499680044,3.28817530574001,4.76476710583467
3.99251923418619,3.31283560173359,4.73991504350448
3.64032987591946,2.87966373039955,3.86905815634354
3.60074580689292,2.75560413136622,3.81549016187509
3.86086787561474,3.07021658046709,4.03491674772528
3.93196060757149,3.2096143617219,4.12896310385735
4.04310467326484,3.1249074471345,4.12404374375828
4.09464132017059,3.06392302353205,4.17301986714803
3.95012500046154,3.12071941150178,3.92359920739716
3.79657179990474,3.13274583550898,3.69597842555678
4.12682235712408,3.39610770148693,4.06349279536242
4.07143269915974,3.60639197104523,3.96100365678687
3.94975510553314,3.20197140531722,3.96389551267909
4.10472696761899,3.3805397019205,4.10498184362731
4.12855400951616,3.43830521068134,4.14874190838099
4.04295623458513,3.44295396793865,4.10730871848348
4.32979475817836,3.37873896603994,4.43767663226218
4.39477206869714,3.5238870254119,4.58663723741959
4.55850891911903,3.50684317957267,4.59186268663323
4.55446413145632,3.46097730521064,4.49970025809366
4.83319185253931,3.7740505080647,4.93820192500945
4.86056081987844,3.90213565744663,5.10827149134352
5.03325710403018,3.9015780604558,5.16038546606028
5.25382385476832,3.9437603866388,5.06554061397686
5.19932292142243,4.07309553425717,5.4680287059284
4.90205777074201,4.22493307834346,5.28395121125046
4.90307950987569,4.43452899829902,5.33238097010718
5.13088026500909,4.48448108376759,5.48177607247225
4.74813594606876,4.55541994217723,5.41008027959095
4.8161897383363,4.81465788370885,5.6078932439827
4.92536221666536,4.99201892793775,5.63802646041485
5.21398586805043,5.1539313254606,5.78884417785717
4.9903975730872,5.38050523865798,5.85197518147116
4.96701919318662,3.8339419735025,4.94193245833907
5.1003606827524,3.77437327312596,5.26295456602413
5.03657750274672,4.02141021416027,4.69667609859653
5.04846021828989,4.1241079294353,4.57039491233757
5.18578625049167,4.14253793047416,4.71136688343166
5.27116418047305,4.04426460117117,4.70394924581551
5.17858764111704,4.19102318584846,4.40550853418532
5.51136252931478,4.31671927260283,4.49300891485457
5.26905967400377,4.32642190557853,4.25165256663989
4.77157225359469,3.93925018900703,4.33044903555013
4.57595073174845,3.81562815277465,4.15715304533328
4.70849746356578,3.90171422368569,4.08675425986945
4.28263626365251,3.62803952693968,4.1525092437587
4.19312148147761,3.57740062492805,4.08618141558241
4.18946316343461,3.55127399271626,4.30440432905052
4.0409200062803,3.43616275910161,4.35093293828545
4.65959391593616,3.87226007980544,4.48991746295974
4.84495306435811,4.00529317953325,4.67597459342133
4.37549333694937,3.67648970330364,4.47084379197365
4.35969161807115,3.657789484467,4.63455361853443
5.35565559631709,4.40724208246051,5.10888417697511
5.35434257721902,4.56256588241785,5.33029593572845
5.55329330262976,4.49503410591245,5.25569930107928
5.58073250758578,4.40205096432881,5.11871483761684
5.77038978915497,4.74770314514578,5.68573551044424
5.7781642165919,4.86277659416692,5.8888942173245
5.97149778129776,4.73793421146654,6.03306044435842
6.08473234554203,4.66219437883515,6.21527352076824
6.23429619001675,4.94637257169725,5.91876967579615
6.05544648818783,4.61940209526738,6.6230600636131
5.99287411725747,4.67376051331158,6.98162090488463
5.90019977423012,4.96878560515091,6.88479078361962
6.41252714534426,4.6454232355038,7.73920493440786
6.63800065561581,4.9311824193621,8.16982233370981
6.84648910244787,4.53479441362104,8.16449459207946
7.48058764034453,4.56019299139647,9.06827416598805
7.68034415241762,4.67808828229169,9.27256112667306
6.59021466605468,4.79803781176286,7.16277980622451
6.94663083740614,5.18559860001019,7.18726385129545
6.96020634081338,4.74591794810674,7.92891654476937
7.54324284242375,5.08099570761359,8.50134135821866
5.88484075068281,4.92844233163416,5.62774128571391
5.99175108900723,5.17280641805994,5.71558677305224
5.9399469237071,4.84308388671667,5.67574331434162
5.93421899967171,4.67027940443354,5.84697648349259
6.08982086415777,5.02345855903035,5.68155237511355
6.27085655460758,5.20965116758583,5.97171711413707
6.24139004883384,5.06847909434168,5.64752841601409
6.49283339339989,5.29702813141671,5.70287063686447
6.30098320967586,5.02622124486585,5.70065044616967
6.30747931634889,5.22460606171525,5.83792892595254
6.46237229934262,5.31418823790675,6.11437746751248
5.90774159224115,4.97287103414945,5.43859723666596
5.66481806554652,4.75805479882481,5.1286474460281
6.04399340815546,5.20400555827331,5.61794275194215
6.25168719061678,5.38766846722432,5.8767894371784
5.90748970535996,5.23806891290577,5.5043091515992
5.75268348451281,5.09624982811467,5.46618396503457
6.1590965828829,5.63460281933272,5.85254191424721
6.56744744441476,5.82723825269204,6.04219802755865
6.0768994429858,5.74779827191967,5.89545514247275
6.28233112451493,5.86704178468511,6.26290019048367
6.12445953188211,5.92226210494766,6.34976339846197
6.54570987614212,5.89036207478592,6.44517987843896
6.61554562381926,6.30741837508801,6.6946471648615
6.86737124433003,6.61076500720674,6.98453359655178
6.84426192046766,6.59187674872634,6.96505548067736
5.74158128474564,5.13845266037569,5.15851953121533
5.5006641974443,5.06072983445353,4.93524634352256
5.88267253748462,5.17862179160307,5.1185960468674
6.08612516893081,5.26789883909604,5.31582196456436
5.77256512969267,5.14818064759129,4.83144936780159
5.71773319698244,5.29449936259083,4.83063373639943
6.02473787716148,5.33358903130847,4.88446152807156
6.154021775999,5.41467621852068,4.85131907612238
6.36859593402275,5.4758170619234,5.18996493820716
6.56347690474066,5.51555472238335,5.31057426806831
6.16961109332683,5.76503305036386,5.18452796435821
6.35403078827747,6.01520342603246,5.42711460249987
6.32288237435698,5.92583398163592,5.41438455746302
6.3419298194977,6.09963303020396,5.39948829758743
5.50131783339557,4.81227034556576,4.5106336401767
5.30609819075017,4.77234416220864,4.28261521368765
5.49316176247831,4.61287889887715,4.52178230154581
5.66182746068848,4.70206149538804,4.74201039311958
5.24861746968162,4.31824852138602,4.27179825317669
5.20955317062893,4.3468783562628,4.10709653066347
5.3479401443444,4.22005387929248,4.4113178949397
5.4620099516919,4.27869100703706,4.60123492130494
5.25535855929768,4.05701132498083,4.3536959868447
5.59265456614751,4.38324634369529,4.53249584983602
5.63407258951498,4.52266011865245,4.57874822493363
5.80672229125314,4.60117433182058,4.63513422777557
5.72836774276981,4.42353296536896,4.74351187584393
5.8464583747088,4.61299145298163,5.05309401221675
5.96870107176469,4.65669934334304,4.9313056904231
4.96881853128822,4.1556547599665,4.13562416031302
4.73316952598942,3.97137695793767,3.86621711044713
5.01099825608609,4.24847874135354,4.34399818018357
5.21681624085879,4.41972151859917,4.58187010010629
4.79409502107582,4.14231478367102,4.263220116039
4.62774435788344,3.95301514170209,4.0992537217478
4.94412135345985,4.31374183387306,4.5653998816959
5.1535247776872,4.53090019296265,4.7623734082836
4.75875921800242,4.23952768025663,4.52100316655925
4.81738331718853,4.32408148714186,4.60986537432636
4.81561969587194,4.38304127613794,4.62708258936016
4.85945395405635,4.34931788924343,4.66252271590246
5.05712109376113,4.33735443823282,4.71708733119288
4.88128827288109,4.20075230886074,4.62266895586897
5.16790449755182,4.46153420941872,4.79035862244608
5.31483401639915,4.55746893276139,5.00240054193897
5.49595217570979,4.75084738665283,5.18944299167315
5.45492777260777,4.76405424114669,5.22427985132644
5.50707681164695,4.72781798051128,5.15525300428003
4.64520411209544,4.13391776559388,4.11769919693224
4.38944971084701,3.94767117604967,3.88036863755838
4.81934666950063,4.35809376021082,4.28636559602867
5.03032077312609,4.5090306763984,4.48015862540904
4.73479396310452,4.41438835204865,4.22823011290364
4.61164683015534,4.36786847393747,4.20680832044168
4.9680598320656,4.71415933995354,4.54776859510839
5.06295872819111,4.83132987641059,4.84357991364659
5.4135840446356,5.03648190119034,4.5632171421854
5.47765377398293,5.20405484296951,4.64461159950383
5.02780675085116,4.95189032161836,4.85763028753008
5.20253594831302,5.16870577060833,5.09533424842705
5.19530284871015,5.14826763312898,5.08631987934439
5.19526537983483,5.17885565371095,5.07777695344382
4.58095006987343,4.26022795526748,3.93063837591576
4.37431512508385,4.16680081344519,3.78605550608951
4.69503874886861,4.24531687284196,3.86291955343286
4.87654871093751,4.34280992450809,4.01517526771533
4.60027734061074,4.12645966217566,3.6175206162526
4.58102651130587,4.22521925995159,3.63321923831488
4.83793914308516,4.20075852254425,3.65566364825192
5.09184217390064,4.29726781000271,3.95543938144994
5.01561775175589,4.42576389084193,3.65598731028289
4.84063485278893,4.34540238889316,3.8117774317082
4.95883791099046,4.58301121284319,4.10767594768643
4.33163436392625,3.83788378031718,3.35098573546567
4.1709143971222,3.74732195758176,3.1895571313536
4.29228692026736,3.70645914876033,3.34248128051699
4.44416582549245,3.80104050035364,3.51520343596457
4.05029017384202,3.4448770454149,3.12769737798602
4.01106505287254,3.35895431182795,2.9885808037375
4.11231790750218,3.38714361802637,3.231798671184
4.2989436563755,3.44760916375329,3.33368705444497
4.17401112675361,3.49636272904621,3.4103638737543
3.89844834888002,3.15527518753712,3.05641608492748
3.81735600890618,3.06968424732415,2.78429254317996
3.98409146553797,3.42436590456258,3.03290306982942
3.67018836723607,2.87657437796821,2.66244513186383
3.74471933482374,3.09602419469353,2.79701018619428
3.58291093006528,2.79370868220631,2.87402198508417
3.49594692915754,2.6908519533038,2.85789238489171
3.94704591855438,3.4197500489988,3.60706238527377
4.21652463750137,3.9507366614403,4.2800154119799
3.78529945966755,3.26837884086589,3.55315894070279
3.92871247391648,3.73293572538218,4.21310270476723
3.82170342696609,3.37142679517142,3.04298262359536
3.60258950135569,3.19157785432933,2.8279917339387
3.89455521563815,3.538770510182,3.25903432398175
4.08664087590819,3.69585149800328,3.45252105092987
3.73051657198569,3.52666446295418,3.2652304588258
3.58075639045113,3.35910211925509,3.12606085300926
3.90376236306393,3.77369163905157,3.59579337563956
4.07467558166319,3.96513557605366,3.74184116324034
4.00867686125654,3.78830849375137,3.75465062586284
4.12645529599236,3.82844796382809,3.80712275431511
3.79039152828205,3.80229457511203,3.67076546128513
3.90606107672344,3.9005987709045,3.82771224960009
3.90467235804539,4.04072266876973,3.81551229586152
3.91277100154164,3.91526420261012,3.8904094237737
3.61478529165159,3.52004030561242,3.18052902271241
3.39164598493315,3.37332458447045,3.03633488258418
3.77858932169206,3.69513427281916,3.30446030655788
3.97155684984372,3.82378088037577,3.44525467651349
3.70865501503262,3.72042979672315,3.29037615034099
3.60432781503208,3.7304778073036,3.36718082378709
3.96905355000994,3.99418479188838,3.53458639490007
4.052240296257,4.00855501453113,3.56691806181805
3.96312367769522,4.06373569605465,3.58421731961666
4.24526365442604,4.30127370455283,3.88852558743224
4.4244071491576,4.41380362905017,4.0474887511202
4.45690871875462,4.52026705624901,4.10548167183853
4.19542175174123,4.4184075522311,4.09639654036893
4.35562193077375,4.66311437960849,4.43175298290527
4.32823441502446,4.60913048051914,4.29251228106465
4.59917452144142,4.80335414756134,4.41531912387762
4.37069262272149,4.77388809614045,4.54395588323199
3.55111588852522,3.50227807844448,3.01670425120772
3.3850384613443,3.43214659038285,2.98264470430246
3.62654753055167,3.40797220457788,2.87517291284406
3.78314241694751,3.48986962379701,2.9565744266898
3.52545314873,3.21030042312241,2.67657672768234
3.5423215155675,3.28955261270935,2.73296964383925
3.70718340466675,3.22791864643112,2.67014208511681
3.89536526908845,3.46547200011264,2.81697876130729
3.7329136188803,3.16946002790624,2.69075682553483
3.66469574323075,3.10683493783849,2.58595786019624
3.68205194541373,3.21219456895726,2.51872081990544
3.90323213102183,3.59975654785109,2.51445254655385
3.73278354473602,3.23733628000052,2.59934901996217
4.02143756979555,3.67094283653644,2.65715441979806
3.71739197282461,3.1132483557291,2.74388817765503
3.81048980937515,3.24760321692412,2.97062802785652
3.83624439608691,3.29758738991451,3.0443277474072
3.96860378316969,3.38820151875671,2.72134069409824
4.40149079996904,3.89862409345802,2.86318754994851
3.96867397414781,3.37128038321922,2.79891018007579
4.37613334443139,3.84905094263428,2.99313001140928
3.25497080544725,2.94036711817067,2.50008163130087
3.12719187094527,2.8238078517638,2.43809473493648
3.18621299763793,2.86874819102778,2.47386108123821
3.32197807831515,2.99240388106719,2.58933600092961
2.93786468368273,2.64802862820927,2.32748735022231
2.87060104773118,2.5024392919658,2.20958167630041
2.96123437561731,2.65494571337775,2.38826657005026
3.1312908754973,2.85000217572309,2.6171023363301
2.76910581830754,2.55568289455699,2.29345861167733
2.85966419430695,2.74328694842202,2.55682462055351
2.98119502949844,2.72260398997476,2.52848108750358
2.9326949031757,2.76702030664681,2.42564685625602
3.08362950771683,2.65636631111194,2.40235747685963
3.29347667936285,2.86141714345948,2.63520810518375
3.27617994752443,2.87665434206975,2.64492259829163
3.31163062669292,2.85863543177537,2.63463570314825
2.76838928273916,2.6425616933889,2.35656941501746
2.5741291295313,2.46316041012109,2.23471726131469
2.86778060052597,2.86525702829975,2.59086324550215
3.04516030573716,3.01703594316479,2.7191670958734
2.74952249268522,2.91992386986555,2.73031012358361
2.61158316606544,2.80290816590567,2.66573705323765
2.93763004374423,3.21454592010938,3.05341748394297
3.2216599487384,3.48299972671416,3.35669394545067
3.11694844929595,3.4164653085124,3.25934112530933
3.15459477413144,3.45562971365608,3.30903039057126
2.68125993295329,2.88930024858657,2.73984219111217
2.51087608485849,2.80426244909227,2.76618862719334
2.85232502709713,2.98792764560401,2.77184796878972
3.01017165255284,3.08110174217413,2.78882523501806
2.85585127135362,2.99701248349008,2.83073054691409
2.79987006438932,3.0695220062584,3.00680856789064
3.12894383673817,3.20748479513022,2.94944989453863
3.22715137741085,3.27594182385301,2.9159602695213
3.36671561780106,3.26721103031131,3.0733649030588
3.51123230022169,3.64418453466744,3.38447161168317
3.83244946219271,3.86804394237536,3.61746217626065
3.81829085238565,3.90954816408041,3.64654679416305
3.71176091863569,3.94844413515318,3.78387487266182
3.84784521085097,4.17087805689389,4.09241647274981
4.21529865617949,4.40036823925509,4.26971244059596
4.48237267908079,4.58435706127515,4.41134971315207
4.54893245007794,4.76915914442642,4.72159190226895
2.71737716386186,2.76125539916692,2.64542743687523
2.63721797194818,2.73060711103645,2.75126022094775
2.71841839079178,2.61634581193744,2.42696898018924
2.82415842698527,2.67312408295333,2.40192540850063
2.61098570723978,2.40609945674467,2.29959725521869
2.69147479682047,2.46949427052679,2.43747608882845
2.70463726719089,2.34850821410219,2.17491714900111
3.00953613813217,2.65243825704805,2.45491515755074
2.81355766799301,2.4395080829607,2.41926856180868
2.95057544413473,2.59445038565838,2.30399322799068
2.35040650240057,2.22097557963767,2.21519706961233
2.27934333474612,2.13696963317655,2.27789773282601
2.25132902066643,2.20241002706141,2.14262562505802
2.35914100146369,2.31195115520109,2.16461660963049
2.045879585034,2.07419407837276,2.10124632091513
1.96228217949641,1.91386385930672,1.98141531819407
2.05669334607199,2.14804825430823,2.0990312864366
2.31021787868226,2.48148843941033,2.31609006802887
2.29793836479053,2.31532265929578,2.37554588005522
2.32229986570449,2.30132481526308,2.37356688525166
2.00536177049381,2.14762850484285,2.33010266409319
1.9013638352494,2.03844635944375,2.34916291669468
2.13990051750854,2.37343187921755,2.57127429685612
2.26068746541009,2.48910063378407,2.58497486768826
2.15988619372523,2.4994541989492,2.87436245815747
2.0615078530185,2.45246355550197,2.90642631232386
2.34081156417963,2.78268596310725,3.14481398772911
2.68472167745412,2.85303349397028,3.16194280098171
2.55242622519158,2.88813816802052,3.12151745993449
2.34809935808633,3.07352431641034,3.53379407632308
2.61333759445827,3.37762931999396,3.74553479596085
2.5655937761511,3.24988583552447,3.61803303569913
2.73431378881327,3.1993785707346,3.87490999634516
3.07099695714608,3.31158575329215,4.01207414068039
3.04791431094454,3.42507491301933,3.98246461844789
3.17892152271423,3.49663901820304,4.35832866451072
3.41820513108906,3.76799460851968,4.55574906084571
3.47994142900359,3.72921873143253,4.48051551303386
3.77128648547132,3.79312918521322,4.91773351247308
4.09074422714962,4.03074659417048,5.19779717594509
4.09225991590511,4.05266269575489,5.19251608310153
4.08539449708573,4.01959820492427,5.150659563402
2.21015486978013,2.48882966029024,2.96635129873268
2.1918672480062,2.50860502237789,3.15575935075767
2.33861825259326,2.50250852100262,2.89547848724375
2.40073524884882,2.52954474093277,2.77904709735473
2.4552831964541,2.54244775135369,3.05171094927668
2.52152866773057,2.69897692681204,3.31517396334042
2.67767273402528,2.6464477457211,3.07862140935853
2.76749694777304,2.73468592093647,3.04775135934944
2.83997492459305,2.83620091294267,3.42280599060391
2.92526047944371,2.92126185617365,3.23399057276168
3.12041723454091,3.13038175206882,3.35748604058936
2.37070821830699,2.36518608490707,2.96010178282375
2.46570269860582,2.47261150901524,3.19985866949629
2.2493534739168,2.14536263054567,2.67608394010481
2.230850903841,2.11833178387906,2.53072087879758
2.2357609677369,2.02111124699349,2.65388708563601
2.33481064408804,2.12337215184116,2.87865236204217
2.34960034882435,1.9880642440313,2.5577851757561
2.30871916487592,1.95286849428516,2.37647901236806
2.38182220741379,1.94597717892103,2.62045412186056
2.58509352887263,2.1800728091436,2.74520409717993
3.30641848620904,2.35738336759138,3.14178386550741
3.78880378679994,2.37862769358873,3.51941028661678
3.57268112517253,2.58456237487376,3.36395782452805
4.23403981715104,2.77767422397541,3.89400438969895
3.13022773678978,2.63753925879802,3.18509125438708
3.43905106814333,2.90630873287366,3.44563390780451
3.56905182189382,3.07233872156017,3.47278719085312
2.39082589716552,2.27840513945921,2.96653277584863
2.33620132752324,2.25062021631775,3.27215421952921
2.6484357066319,2.50319558053847,3.15064920003365
2.72079737157646,2.62614291121078,3.53624599008067
2.07807258885287,1.87439685882264,2.53252378103132
2.23299868426822,1.93759548596287,2.72824582673926
1.89434091669663,1.79459584524253,2.32358857967677
1.93354994843304,1.89933210298511,2.32621392732886
1.76226762207642,1.65699136645567,2.18972546381444
1.79065105382804,1.5859543689666,2.16834398727713
1.67493718688788,1.59205863974,1.95501469035931
1.73445732820566,1.74674350863725,2.06803881506974
1.60472181313894,1.5216613722196,1.89182876355529
1.71208553836183,1.5297947287075,1.78177517050568
1.86248941949112,1.66260360338757,1.88505701466941
1.72029117640876,1.59455530164731,1.69377584446023
2.04932347710966,1.90076366718652,2.04231838904932
2.03220143172447,1.94095010560261,1.97423641850466
2.00081208010326,1.94842820652795,1.94964728372007
1.71075913795413,1.41225033224484,1.76099452170306
2.04748202761201,1.71752025967338,2.03040743762597
2.00206336175766,1.76119071068935,2.10964962151202
1.9974244530456,1.75278776337457,2.04122459379138
1.7492447145294,1.76077327512766,2.40307475522858
1.82357629053287,1.95866565026222,2.63014390670886
1.72288406149693,1.70643444336611,2.40438293479542
1.74380727063436,1.59577205416178,2.26716343916915
1.73252689916175,1.54252791791095,2.0880714981549
1.85405821462427,1.66608552696117,2.35761263841465
1.75703992971226,1.84612419443207,2.62938521119796
1.86138752068007,2.01321208810854,2.85878922915431
1.7972645438813,1.78353962847162,2.54973657638692
1.83299602065726,1.83362710063149,2.44654788968864
1.94532848091773,1.96636451246273,2.77976755720356
1.80926309005526,1.69848875818766,2.42965880270242
1.89316342443501,1.7838845499226,2.3800908054166
1.95795313614922,1.88575288300955,2.65490609110938
1.7368780245061,1.9610400476022,2.74137457460805
1.71736605269917,1.93012572770753,2.61182456642092
1.84649160893425,2.19876012513258,3.07171672088519
1.9608855170446,2.30843729116097,3.23117353514227
1.89239862304472,2.39004239707411,3.28591008434858
1.86121243813974,2.38606511253368,3.18105812595721
2.09673905908006,2.73255887781408,3.67145051509612
2.18922338774111,2.89757367758949,3.79507212938118
2.60054434810691,3.05706116789713,4.11243287886707
2.47036431736501,3.16698899746987,3.8481161538598
2.79650895252735,3.38490634209255,3.93035514766721
1.92336463321673,2.38834680115118,3.37440560593065
2.27608140687974,2.5662678773133,3.46636599991486
2.16969802277648,2.40987052930041,3.43520388636287
2.59787939229964,2.55138414568157,3.44717334873039
2.35986732422381,2.45728683682999,3.59710508439977
2.55717155703419,2.63278306495137,3.81313424607918
2.49762721742434,2.50752663705939,3.73570091630429
2.25154049570749,2.30270420176775,3.35569508680543
2.34747366901925,2.42339769597527,3.52578567082208
2.16468762621617,2.13174468320769,3.01640370443547
2.21067794741375,2.14127549034405,2.96352700575857
2.11518675714515,2.03754358652737,2.78392475138395
2.27970062175123,2.14990818072196,2.92799232488489
2.02300353119193,1.9060444275729,2.50469589214443
2.01464778944745,2.35411206870507,2.34832428027823
2.23826801116532,1.99261029797413,2.67837404572148
2.51816443879105,2.3819610320698,2.88393902349379
2.52265076328626,2.37594506750234,2.90815288077708
2.54082102143762,2.38385527772068,2.96796676368423
1.9002376539038,2.21775756252843,2.40051575409517
2.1734127955364,2.42820251729945,2.62415971213849
2.06931500071515,2.67878575553023,2.71748435329569
1.96059453225531,2.72585949835869,2.13004294738191
2.29554444030147,3.10685640893159,2.34888481309399
2.28522247693243,3.1151821846561,2.34712243849789
2.30172170690181,3.13243015241702,2.38882165066179
2.05466576011982,2.07692206851314,2.72821387061452
1.99461342667181,2.1149408426911,2.74338908855118
2.13088547833209,2.15149591641507,2.72645575269344
2.29516422723505,2.23292148546389,2.82721131666678
2.26714805261038,2.12602405927124,2.67407536134546
2.44319975532024,2.3845449584396,3.07628502499954
2.12760283356678,2.23669235393719,2.70337606584863
2.19625360004007,2.38345735061901,2.90918021258431
2.30797388324299,2.39410364922916,2.8233027703454
2.40473949226704,2.47502111433971,2.76250390246552
2.4357051100075,2.61047482659387,3.10643346805024
2.43366707014015,2.41835772015513,2.92713315996958
2.63340833518638,2.55582084428929,2.99158526953689
2.6371112858433,2.66372528988861,3.23608085761832
1.9397901731812,2.05324989448448,2.38315057792921
1.8689208089253,1.88665181722651,2.1473348992263
1.91815822655669,2.132340301328,2.41672094943496
2.02547349345181,2.31281877563376,2.64378538366231
1.81380192384698,2.0169072914403,2.17582154258936
1.7659665919561,1.89877263879142,1.99922537274818
1.69072983005362,1.92259281927378,2.07261924425155
1.78813264556308,2.10085019153962,2.28342346774854
1.67720895574104,1.84509077838965,1.87482709419179
1.95834207448732,2.04593604483075,2.12631542946097
1.98736625969128,2.12805866206009,2.12103687173895
2.0002996838065,2.14481878932496,2.08513638897774
1.59367463626595,1.77760705337967,2.01475762078578
1.90336501727022,2.01751603444663,2.30287339245299
1.83207112521849,2.05565850511188,2.27568059542554
1.94588272279453,2.04199258081763,2.22350159593798
1.98903554766471,2.2291106765952,2.3622547949758
2.12408175620816,2.43870253542566,2.61907682103576
2.03700393823125,2.21828590009544,2.29782373225302
1.96024073667553,2.09037221137267,2.1300008475399
2.25163132777296,2.43488057101525,2.52481043694644
2.3560198784688,2.59017878020722,2.71034084001396
2.44821168305461,2.58696444910664,2.73175062033224
2.34783961817669,2.46867121431545,2.58011848422826
2.62347847744953,2.77056221336534,2.90510216364016
2.6382306942673,2.78657020341912,3.00158139494254
2.82576440131767,2.85240412732036,3.06380059353734
3.06721059560072,3.24961552902391,3.43246969652246
2.20333993289925,2.33553311990855,2.37371481608199
2.1062740768279,2.19277962712498,2.2129509677119
2.32694687042208,2.44477971794736,2.48384753445711
2.42732820082063,2.58195694684239,2.64335765027969
2.36684988054895,2.39204278229648,2.41807968423781
2.28888650812993,2.26439255764483,2.30542777514992
2.298754503562,2.31521810160115,2.26499845279815
2.4189438701804,2.49340346967529,2.43060563944658
2.41472126264278,2.29652034005301,2.26496068990023
2.67634007650999,2.53855298811522,2.49431276565749
2.68003585648999,2.51239061106506,2.52330586682418
2.64113271922525,2.51609619699009,2.49844400179845
2.05731042625065,2.1218172546742,2.02604885933731
2.04100497028204,2.08611530208835,1.97979002565557
2.10539418421471,2.24603672258411,2.16682690750929
2.12888013770724,2.16245847660275,2.02288904449415
2.44693522574572,2.41046473938797,2.30728930522707
2.40055679982896,2.46072261439971,2.30827937303791
2.3972191951151,2.444792604838,2.29547020929586
2.65565127991237,2.64553665825293,2.74267124863997
2.81486597418639,2.86119968907618,2.94998063064002
2.76172769598293,2.65991796909829,2.84811973011026
2.65433851209204,2.52496275403416,2.73280973838787
3.04515522430631,2.89383078820836,3.17199121516086
3.19760612710809,3.03489321187915,3.3186084437102
3.1588812268742,3.01520267402592,3.37608742442527
3.36874539429192,3.10988385530338,3.4150741753741
3.33450893957009,3.36331403604384,3.65780454438679
3.3742897096859,3.27130741050707,3.66305363086264
3.626200768067,3.66742371071457,3.96436648614362
3.72554767439733,3.4708063853085,3.82709277148083
3.47585267248259,3.4960873929948,3.97681459496965
3.68173454507949,3.77022142049241,4.15315940376386
3.60920137459364,3.76929469808738,4.221005099888
3.9136492918049,3.7452039754081,4.41063324177417
4.27221057396087,3.97210764065523,4.77082052772324
4.28372955008887,4.12688467558061,4.66036101390008
4.05249842112625,3.93915735584789,4.66029437051531
4.25982219832457,4.13034080967414,4.86704744615794
4.21171536286465,4.17082359338522,4.84602446512984
4.21904508146498,4.1226668661732,4.83369426912745
3.09575064166907,2.88696413727181,3.17961875222854
2.9606838436721,2.73886158055062,3.04287331502478
3.33428959276851,3.07921209740894,3.38193527049227
3.4615905877809,3.22531177427467,3.52854743281853
3.43870361600982,3.10337461284558,3.432756021456
3.29403241546586,2.9403758991778,3.29821757893097
3.53680075793756,3.16513932037257,3.36582433463866
3.72825470822485,3.36255884044292,3.56441854050957
3.66551803159304,3.23181098700825,3.41393337887934
3.79435499941808,3.39234156480587,3.59566924876459
3.88368109149469,3.39898046540817,3.57163851889993
3.8677800264369,3.46251277000895,3.60078414279144
3.32134384267276,2.97208688010274,3.07560565781152
3.28880966765176,3.06290446758091,2.98231427723483
3.3138001527521,2.97720158877869,3.17462362078435
3.48805866070973,3.17201353297621,3.10526163038508
3.69533248862076,3.41394628104168,3.31839801807476
3.71674596781191,3.4509753198382,3.30299099978308
3.71899791716611,3.43601853876561,3.31734977417109
3.68798493119889,3.33439045314128,3.79333847252914
3.91095310362628,3.56341265472172,4.02963110826998
3.66437955316345,3.30431899370954,3.87364824903361
3.50277462969833,3.13505192672868,3.71330322976011
3.87622081597709,3.50593978887864,4.22146475166643
4.01600416060799,3.69893033013418,4.39164085086017
3.7866653624364,3.46270223728342,4.28241359518922
3.65150030605582,3.28480397934277,4.12761430171103
3.96650038776951,3.63929517443732,4.57036710445292
3.69334218008445,3.48267510286404,4.22276344993268
3.73380756186469,3.56050810320562,4.18159075207744
3.63171959828485,3.48152517584622,4.28859553050597
3.66002257251702,3.48539107392606,4.38869164592904
3.6191424311293,3.52918697336897,4.28554380317026
4.05277394001921,3.54790841098476,4.36633296993081
3.98125030906249,3.40274483022321,4.21190326049406
4.32443200210034,3.78214105667163,4.70351500635714
4.39768510667708,3.91085602765913,4.84337657494682
4.55704441440682,3.87876941413716,4.91845471340969
4.52277526298083,3.79683380708411,4.75819413956178
4.77154125043832,4.08181051627608,5.14370031514797
4.60279443170946,3.88464388123827,5.12404240329346
4.47712711001713,3.79748738290049,5.06352537680355
4.82757657261267,4.0482401330451,5.43228955951488
4.94596854218577,4.15997538278348,5.50084529628061
4.92823432895033,4.12714084900302,5.70437884825057
4.77359526957016,3.9788438383705,5.54461673205896
5.2599929040827,4.37524547112514,6.03307323570801
5.43359346681225,4.68601836045182,6.38933231469862
5.61548770424761,4.5991911061185,6.11627880226745
5.2968679949028,4.44674598592962,6.13771838207286
5.43288107263523,4.66717049849139,6.25541346466211
4.97764607294624,4.25573343931504,5.9478648923794
4.96706504632967,4.27105466785303,6.05821167664235
5.06768356403804,4.4048759882216,6.07666911478398
5.11472194476653,4.44553752821459,6.04469265705678
5.14323268328873,4.56314300839424,6.32187636397651
5.20046460201558,4.61692601181652,6.50041728651174
5.43258296330188,4.85776216410766,6.66030320937333
5.39257749953157,4.82619159331423,6.55709108012952
5.81269017352519,5.08849598985334,6.86550622386482
5.51483442149606,5.13544277897205,6.99071008565374
5.69263898822988,5.46734109413218,7.22580819256041
5.73207620144856,5.34859261691229,7.2444233001747
4.92787978764286,4.43632661602051,6.05477875227706
5.00565890846508,4.54910129234265,6.21802058199692
4.68564879940646,4.2359333003634,5.66418643716386
4.66018000401017,4.18745929821046,5.56909807838632
4.4857955890166,4.10958856803847,5.39783118731986
4.33440940651278,3.93085254205578,5.15051345545405
4.52918997014476,4.19140454133809,5.52559930637074
4.46875901057186,4.16640074325388,5.33566414044823
4.38870722374206,4.13660351979705,5.20073616891176
4.58859737609671,4.3022640731485,5.48248210381364
4.69447476301944,4.37576832354927,5.61867918234946
4.62308283249828,4.41144176075529,5.50607214282909
4.60748340922999,4.45219267599033,5.50474778143429
4.84669717696989,4.71311940094586,5.91681366889205
4.98577176936675,4.72349572427188,6.00067642830989
4.84887630624567,4.91293402273053,5.88436250686665
5.1045774455563,4.9796579763963,6.40347038232158
5.30537499935778,5.13884989493027,6.46246604643802
5.30982323692631,5.06892234118857,6.63076423994747
5.18549189455914,5.32666267700465,6.81754169849679
5.34343838891835,5.61467336079207,7.1040044876431
5.40840828607569,5.62439389034389,7.11646794274185
4.48851647019597,4.23774605119245,5.17902435052071
4.46612760714378,4.13410317591437,5.03561639685053
4.40949952740522,4.22454403853259,5.07209606347833
4.46226123196952,4.33159694687638,5.19932913622214
4.26711788475517,4.08129608325,4.79344590216351
4.12152858057933,3.89630200302216,4.56472945616661
4.15376084878961,4.05561765398103,4.68689583907435
4.315871415727,4.23780565181533,4.93619691840046
4.03186418619737,4.01209423275657,4.56942281717059
3.97920064019593,4.02699536449234,4.45492137919328
3.9982440180562,3.90964719329458,4.4016077902085
4.14812996005994,4.15365490137198,4.4097332599441
4.11885903668476,3.92772299023446,4.45361402120545
4.01117318504076,3.96301228399142,4.50112099760116
4.42695515944747,4.22461948865647,4.93313727008917
4.61481766633697,4.47834914673435,5.23189276307846
4.38028835805606,4.09676026943191,4.74606001648392
4.251247528685,3.9152949649328,4.5300902789772
4.54266679849085,4.23608719056886,4.86980597436542
4.7225521461507,4.45576486249693,5.17031262759471
4.59515645806523,4.15921024655375,4.86058873189115
4.42413935644426,3.98154077004505,4.60406349312613
4.77870087145462,4.27939420045668,4.9428223599337
4.80278562714462,4.28986049152816,5.15655817879437
4.86617093684553,4.21795326954503,5.34166480490537
4.83133955294414,4.35171065833389,5.24605450311058
5.0616350851778,4.57361871225171,5.26090648610319
5.22096136561139,4.76426168209181,5.21537575547783
5.33571395693882,4.83746153980098,5.68412245274796
5.47860953765467,4.94546978667798,5.99178796771008
5.53091939007013,5.05332210816616,5.8264985404678
4.44959371574102,4.20203735726871,4.66022021627852
4.62231914463423,4.41322214635163,4.80980710877516
4.18332176599824,3.96134536452956,4.34966218572455
4.05561442814206,3.80545056435321,4.24501802173398
4.0571376000117,3.924435053187,4.19174818598182
4.2010605848112,4.13481450503779,4.4114666334258
4.03508151763897,3.87930529347532,4.00467517875183
4.19027555321266,4.08457299458192,4.13608695540036
4.25738302721599,4.04067951754871,4.08185763315627
4.00486890404661,3.84145022077164,4.03315370068044
3.95977072777897,3.79888240103755,3.94524585447979
3.79037172376183,3.69135796187429,3.96014417719485
3.69546708033879,3.53595685838812,3.82512649332004
3.69451690239356,3.697070664424,3.95459133784033
3.79182392968762,3.84876928984765,4.10403639505419
3.48494494704665,3.52486262139209,3.77951802145495
3.37998190281602,3.35506843638392,3.57783913995202
3.63503816854809,3.68756976348894,4.04636715320844
3.76712542434882,3.79199345576248,4.15545203490162
3.81927847514905,3.92095081236053,4.27619795743589
3.50047465049114,3.5907925508235,3.94264314764848
3.8655936264483,3.62635972668857,4.18433903921602
4.40090563480777,3.85676738312197,4.63521286486257
3.85118580782977,3.69655549632399,4.12719841476196
4.36180715568176,3.98910804165941,4.52953212227893
3.50395369700687,3.71534430968219,3.83794735099994
3.58545749601805,3.85992835821375,3.82866655174743
3.47042441683383,3.85238092097536,3.97830867014959
3.75739005487473,4.23960833121791,4.28765470984891
3.48945905128459,3.90177925907199,3.93849649379879
3.80196603156673,4.30924112164593,4.23366701598377
3.30907940677469,3.44492818045192,3.64382351256833
3.42110887340196,3.61956377224936,3.85403519708885
3.04971531297227,3.19705935990222,3.31631175655458
2.98734101465486,3.07660548355051,3.17423502089584
2.8613539485606,3.11224913480682,3.19313572640335
2.9676323641256,3.28879979592348,3.40971294957007
2.75312674924348,2.96503075342912,2.9400899883363
2.69448887157303,2.81955922959542,2.75471555754287
2.62623016117986,2.91314610328968,2.86626260582369
2.80477005651238,3.10947402538977,3.06128789609224
2.79896428499159,3.06852074708323,3.03964073824979
2.82020442793149,3.08254235225793,3.034354184577
2.9958312416917,3.14818179846326,3.09897981909821
3.23732580185794,3.37683425905566,3.2988741235798
3.21348774914979,3.39268128757779,3.33827176780152
3.26727707866445,3.31857807117889,3.3011550557876
2.67014066788851,2.96871567010923,3.08152492896605
2.57276446292085,2.80921111533352,2.89151987642075
2.64885794975828,3.05463790175268,3.24877575521157
2.74364257709206,3.20513487781656,3.43543721020029
2.54152277061213,2.96791930897494,3.22966335233207
2.38107542401949,2.76356736746298,2.97849574920152
2.77136439187773,3.16155550115282,3.50150653725843
2.84537432222689,3.17224544511973,3.47115399542329
2.94468295248551,3.39488426724915,3.78356015030894
2.75675785997206,3.11109410592652,3.51798154945334
2.69152905595028,2.99988056058477,3.35117700709951
2.47263691934188,2.99740277948282,3.34007634431097
2.58739024209065,3.17268479755154,3.54562788307152
2.32382001831576,2.85296926143541,3.24602563417993
2.26866608061703,2.72363152175848,3.08168849082939
2.30175006295658,2.9210830908757,3.43673957014472
2.4821501368515,3.15548589130643,3.71980610216833
2.10210271027134,2.80935426688801,3.33497339148935
2.14675256413062,2.87601339276537,3.33419620992964
2.15518612304384,2.95147482060829,3.61867371506314
2.26920194574966,3.09409634214914,3.78981413567738
1.89342845452242,2.5184053199423,2.99929194500007
2.10970054779798,2.62985458330301,3.12504992247438
2.10315855946768,2.69961984343322,3.06099362392046
2.13378303030503,2.64755308676028,3.09590005355084
2.32747901113315,2.85765729028043,3.43316625285219
2.28103691238387,2.69052676101271,3.19483499568791
2.46385470572175,3.02494110305897,3.72309051754631
2.53524286867014,3.19372932441778,3.94323216429506
2.58124370377854,3.00830168522709,3.75468472841107
2.59256573124493,2.90926061976204,3.56315045314341
2.93388120200405,3.3392200495062,4.17113603178078
3.05108105709871,3.3202145174613,4.29273244718173
3.25943960663442,3.54794621159099,4.48259595656708
3.49916938904921,3.79306740036456,4.82963317245581
3.46534016320645,3.85208203730812,4.32318470911389
3.76855378106866,4.1077555462689,4.51473190090853
3.85307892932205,4.16736650317694,4.50927921534576
3.79219111186812,4.16795364467817,4.5012920683539
2.43955576293669,2.85856628231603,3.6968426337836
2.59971632066087,2.87173531155392,3.75184257126097
2.2275315260687,2.77599954669934,3.63699254660614
2.17787538944366,2.80744240971525,3.61126598502786
2.17281850505998,2.70896209315775,3.65505647352304
2.02229120911812,2.62625061585171,3.50134188338503
2.27777054041482,2.69256962534116,3.67312588929248
2.35779974506677,2.90873747293507,3.97690454556656
2.40997160910391,3.02804990672644,4.14848239074634
2.9016288082411,3.12417974042582,4.18546615024728
3.30374457532915,3.20330762377737,4.15966466588416
3.21938149209519,3.40631319423794,4.55191503172633
3.46866543705706,3.49967179565421,4.84842220167298
3.60558267772327,3.58079781710318,4.69510212955146
2.94682040314625,3.46484097881888,4.49101873005694
2.8895765761109,3.35522616709923,4.24694580575033
3.02573539536582,3.73098741494431,4.82045410907206
3.2768024553452,3.87120491251524,5.08639998540999
2.99467786070575,3.90062422904464,4.89619720803678
2.88248511290148,3.80135800019731,4.79655397504956
3.36553305949103,4.25747822153008,5.38167544518397
3.49875309021043,4.45179075126389,5.53732803874037
3.59783897640714,4.36201237372767,5.62669616825448
3.65944348802253,4.51716086643571,5.62684187644894
3.92890837973808,4.68802772853605,5.73850491625132
4.08040557753772,4.91041526901552,6.03828814136531
4.30096577211532,5.08889076598786,6.22439803728187
4.41284164783641,5.20248272664146,6.32506450236439
3.0470670462492,3.95750378799909,4.77432240025488
3.41788619214233,4.40014703735805,4.65903957835333
3.17126972530392,3.80232891649814,4.98636297255498
3.38748145691727,3.85849417457827,5.29424896430464
3.47288107377549,3.8678729246923,4.94964324060569
3.83684199822509,3.99344169954311,5.07044731239819
3.85986120435404,4.04571480466355,5.17904846454653
3.10793744586689,3.63749547265278,4.5278521840955
3.17549908415321,3.48890309694061,4.2864704048641
3.15409828965834,3.69672706947028,4.48817948133925
3.57148840307179,3.91288879257127,4.73651464273626
2.97317592990383,3.55874230625754,4.16331939323536
2.86171915351658,3.4877827096112,3.99990268449867
3.26691399673292,3.70190410155393,4.26121481640652
2.78297116175008,3.43127992854923,4.00727030701599
2.86019132170074,3.51743639971662,4.19978376750798
2.73382260554425,3.30081552606935,3.71053671986086
2.88081092349972,3.28936697956226,3.60763233722187
2.67153470841243,3.25481861032519,3.59365826188341
2.54876086453401,3.18892769335578,3.59806147633402
2.62945399005142,3.1147594297342,3.26821867564191
2.79973903437683,3.19017600124689,3.26871958825611
2.74321812625355,3.200025785216,3.28913334712703
2.37594533467674,2.83863554251282,2.99666831333415
2.52972292200134,2.93547059160947,2.99786156876395
3.07627621409313,3.48213084132317,3.20862770936675
2.42465729347031,2.7217520751628,2.79296305436924
2.94462434166336,3.15626045499623,2.87569732561473
2.08407281360806,2.36385647153157,2.54508620852683
2.0456097688479,2.16427726009541,2.3722308169012
1.89691411642577,2.15747267995952,2.46852009048926
2.5881608303257,2.98888087243828,2.7907119151022
3.18938123309903,3.5632109382662,2.86873845445109
2.43842666594296,2.77497541044944,2.5469793419962
2.93777453463924,3.23458497951392,2.42574009578159
2.97482507524037,3.50271539425438,3.86072452610676
3.2190300955245,3.68959837909194,4.02665331449742
3.04296353682564,3.54731378980056,3.94798991108343
2.91319483382327,3.42835521559646,3.84446358367675
3.34934347344454,3.78274273880507,4.21093385954694
3.61684526092286,3.96798865906718,4.41105975486359
3.5037368259793,3.86463329944775,4.41744838624365
3.74414918102778,3.71999287158773,4.31289558801459
3.58602706382375,3.78477028205503,4.67532098385616
3.64742238647266,4.52995416639038,4.64758320737928
3.9201268506118,5.2533299108075,4.89340323439082
4.06972240243503,5.45267895429701,5.02507658935276
4.29412561585744,5.98070861467529,5.29868334406251
4.66028302506905,6.66249596928973,5.7158962176067
4.44942389221265,6.05228378448309,5.45169274376881
5.02159787728897,6.88913979137298,5.98807946602711
5.23559427430164,7.10199755817047,6.1708885520259
3.89378591073282,4.80816598022217,5.02037533806317
3.99525694741535,4.69805660355319,5.25507749176103
4.31074546890959,5.5647653105664,5.40040289865917
4.71612271470626,5.97265921381051,5.86715498675906
3.25607210303197,3.73495096146639,4.05964579301075
3.02756723863544,3.53838584757963,3.80845281192962
3.47111666382815,3.94057542499493,4.24525977951247
3.67989468681357,4.12213457409423,4.4766314794947
3.45764288872942,3.94374672549403,4.16103353976914
3.34291215021627,3.79032684011214,3.95928433966158
3.49228347941901,3.96932101002224,4.08281814763079
3.58717413458147,4.03796911241438,4.08040771087504
3.73851724143052,4.23805826394363,4.36043725672866
3.95689475476487,4.40638322401048,4.49077606886184
3.41426786677373,3.79584537289164,3.82759674601079
3.59089635716711,3.90926913234883,3.91933887941796
3.49777151968957,3.93682007323631,3.9535303283085
3.65449060866382,3.89683151026097,3.88202109082638
3.62871330922458,4.17592953769616,4.47613554990421
3.77428818310131,4.40597007843108,4.78053427517668
3.64919318056383,4.14772343641654,4.44636076191174
3.56361237460865,3.97943776215909,4.2330291710186
3.84336789399951,4.37339306836373,4.76214350430386
3.90205493431568,4.55095188717688,4.99162156182301
3.97519239884718,4.42083653118899,4.87323815222076
3.96869651443235,4.22953244894554,4.74020598050372
3.97714876105209,4.37191611589934,5.09890033176675
4.30729615483002,5.36967998353051,5.56729288312144
4.21898232322435,5.04036288683274,5.16515021947361
4.5474259099658,5.9957543881596,5.943638573046
4.7290352738949,6.45235458155269,6.37423797482639
4.63895451529014,6.1200222116235,5.88207149461395
4.85602394019696,6.62937949390881,6.266930001213
4.4601978285131,5.50905599167908,5.33661401825067
4.58545035566725,5.53241853973333,5.2343747402537
3.92232949580747,4.36172649199397,4.71810102340925
3.8855378937818,4.14901458743187,4.51801125544524
4.10348505932113,4.62327881480483,4.94880358971535
4.2034000545656,4.82205607158367,5.1341733583607
4.23154854174765,4.66114694080102,4.97133574728156
4.15743995009265,4.47795625859658,4.77300631082872
4.32821277767801,4.75874999477646,4.97274273156764
4.4539994110882,4.9628680607611,5.12250371162858
4.59297105022463,4.8590976067903,5.15447005902982
4.80454844691383,4.98503322117207,5.36411087460477
4.85640254144914,5.0427617498652,5.32153174834322
4.72988622418193,4.97183222335825,5.26517907060053
4.2354811457771,4.53762607351013,4.72367979537609
4.37311292881472,4.61339147843695,4.831699229589
4.38956660248413,4.58638986561451,4.7208079169554
4.33025483111587,4.62239022334237,4.82039070996557
4.45084313169995,4.89286318487775,5.31385373599085
4.57476928128352,5.13043055339121,5.60755817190822
4.54168859502213,4.86027636093882,5.32041194382847
4.49420385647885,4.69731101609179,5.11567399945076
4.77533533945555,5.0902559908972,5.64764554769853
4.76929739969165,5.2196199663622,5.84419166579103
4.90475119019501,5.04729763885155,5.58831110127633
5.02952045676768,4.9180602582751,5.4877987189803
5.16593276809287,5.28339261032702,5.82293233069206
4.6852138709731,4.95479710486899,5.44530638985294
4.86535237237783,5.15532752417379,5.56426988256561
5.28783907350764,5.52175007383422,5.89630654648107
4.8005152765817,5.15470038223879,5.50141344475167
5.17407382407395,5.51309500456849,5.79725519805845
4.54329160495327,4.95388947274079,5.29814825423499
4.57504755136142,5.01177216080325,5.2877317521628
4.67704865430802,5.00521345406496,5.48085405010536
4.97248939233088,5.26303826457673,5.76503391056384
4.60495357992929,5.00813609832998,5.40177925321526
4.85330359468116,5.27272954148558,5.61716189052459
5.00034118566569,5.26405844414773,5.85595058552872
5.47268041804037,5.37268190551763,5.83265956242129
4.9192151294059,5.473609585115,6.21206754904501
4.84773295931501,5.58568701371474,6.36080108707709
5.18345578895662,5.72456610726526,6.53039577957814
5.80041754978088,5.9608614680534,6.94829535275451
5.05356477486895,5.83308992715584,6.38509507405119
5.17965175623829,5.93998449950958,6.85840158982278
5.16907942449359,6.19987931623933,7.0688803809076
5.5446434079119,6.21228944165946,7.17024639599493
5.81479234480774,6.26158431077444,7.19189100018772
5.85663655160995,6.76405181275231,7.69072516196151
5.80218981988574,6.94995482380897,7.83442204469781
6.69439123138237,7.10188146117981,8.42485030829464
7.03977234150689,7.06356264451521,8.65098317093385
7.06895289302321,7.37806076615061,8.57030684047864
6.97225423829569,7.51726753169732,9.00012333964639
6.91669356483403,7.57644131402934,9.07771445794593
5.90581804474975,7.23408801541226,7.69963561940307
6.17966090749929,7.42598253942468,7.73442577737838
5.96918973956517,7.70140981647721,7.93752729329425
5.97447743951757,7.76353783857232,8.1095112573407
6.3581937892168,8.38131831333648,8.21989951803891
6.46088098513299,8.4022614814087,8.15739003253678
6.6045989257733,8.78949016245757,8.50038538708276
6.71061059456716,8.98769774884397,8.74571021462286
7.09729321454845,9.4003303988608,8.89898058778901
6.48208057211629,8.45503955990209,8.23779211966436
6.60612277891162,8.53426504451818,8.54098731157889
6.78587065919186,8.82502005587942,8.97762452293761
6.82987033700457,8.50730636789187,8.49999140265351
7.17833950928844,8.77878550722231,8.88996168055889
6.91112157228644,8.391070601877,8.17947849399297
7.4045011544692,8.6255301977215,8.3482540651825
7.60165350597364,8.74791698213816,8.60492961400649
6.64294746765923,8.39211978194807,7.97867336912559
6.86716924725412,8.58674607408333,7.99415983710411
6.84544425425461,8.35094404538718,7.95867540038626
7.19327127832236,8.50975354487835,7.97040540878469
6.87138789219523,9.04829824602361,8.70895562405028
7.21940804829059,9.42364684342517,9.02583100013779
7.21398009490391,9.41227645779216,8.98285579955775
