R1,R2,R3
6.16830657125563,5.22593218962714,5.5629753338764
6.43008590051824,5.45149051288386,5.8093992894569
6.36486819918723,5.4886412750165,5.79847209025554
6.44263887062294,5.48564655359164,5.76969722883408
5.62753151734931,4.72867650684072,5.13552109835499
6.05951127367553,5.13564762546871,5.58378615369438
6.18278986455037,5.25319124379279,5.66612154418701
6.42650230644058,5.49862417092551,5.90035969080188
6.46236000655499,5.53405798587146,5.96319343904257
6.4674652119861,5.59139087450727,5.99909224327485
4.3804688664353,3.7047515404463,4.13052044405733
3.94877382920428,3.46662513516204,3.84876253489367
4.10180901754336,3.46898860829612,3.96994724241195
4.78027929094532,4.04371310887894,4.61509802751162
3.18586877438794,2.81889421891984,3.27132827556515
2.97958289777848,2.91281119707359,3.16032865851354
3.9444342134634,3.55931954282092,4.18792268870271
4.44503476555151,3.88931468857734,4.70457970934816
3.7345292820363,3.55110381963012,4.08258405769202
4.86858454332366,4.53704072993791,5.13943103747911
5.09599507608759,4.806262407436,5.44504102305975
5.41543398786435,4.87902390894484,5.49312459675928
5.30631274688127,5.32732681839607,5.83812629419891
5.63986243726543,5.82773765375471,6.34262744651798
5.72289539698022,5.82560198851127,6.25711373587618
2.34423380231018,2.02491878695912,2.32543065473567
2.81342857005898,2.37962077780209,2.7536983982223
1.59224562369171,1.62308540430034,1.66262715328435
1.83585395422459,2.04594062769672,2.09778855734067
1.44407038559666,1.57605295595519,1.41555029639847
1.79708703194164,1.92619391423481,1.84982013668239
1.93067655229494,2.0863456729762,1.92251969825899
1.28672704148769,1.38133047930564,1.25456173296712
1.384739380334,1.336248439906,1.35087219265964
1.22616644915678,1.40536256548143,1.26145785830448
1.38289380524525,1.59635671616922,1.49442002693596
1.11706748578982,1.26861919624637,1.14657901546824
1.06905280711042,1.21042138356474,1.12045264022661
1.18873800554382,1.31672239197978,1.22265270761666
1.29580228691578,1.42897818517767,1.42855635890558
1.16903386828642,1.28059097898658,1.39422790063994
1.23624675063472,1.35488458287293,1.61448955111802
1.32918307587306,1.46876765464694,2.00023758091014
1.35014570633743,1.45340821011031,1.82965065887926
1.14930134260519,1.24607733526385,2.01119482852181
1.53324138228852,1.64536400473706,2.49253164472966
1.58515722885568,1.58504879361259,2.52643746077421
1.07662944701115,1.23465286212562,1.10348016977364
1.16774337031137,1.34110111525774,1.1892063370729
0.983329352538063,1.12491038008746,1.01715005308623
0.964730003905161,1.08795640155161,1.00112108388045
0.947417599258363,1.09307892376281,0.985661523798382
0.959902272848033,1.10614962353765,1.00195536546964
0.874572020456435,1.00150977113911,0.902851059339127
0.894610606794421,1.01104142517752,0.924266788898884
0.918326662387071,1.04671720152568,0.944830991371614
1.41662360736468,1.49724569903661,1.43010713753472
1.37999563204727,1.47325377692158,1.4138845840313
1.40856005089968,1.49133006526674,1.40513855498374
0.853293829307768,0.959537995755121,0.87808882982014
0.941872265843594,1.04680644743103,0.996834104184791
0.973629713170957,1.0552306375238,0.996608261732728
0.834140603622114,0.906141714543228,0.821166871961526
1.36077564342198,1.38675611916433,1.32410599001937
1.31771850480171,1.38129970593156,1.33396396019819
1.35917571175546,1.38145674446013,1.33836633764141
1.02228183359475,1.19178456283856,1.06816821697892
1.09756240626397,1.26453788513171,1.13952552911795
1.06452881860857,1.24367553040715,1.11391855123716
1.06606615044845,1.23364906068285,1.1087820227646
1.15488442456546,1.36623027353267,1.22031779566393
1.21589626064498,1.42875212305819,1.28618104900057
1.28355473460188,1.53499574899858,1.35512662674797
1.47388275666143,1.55977092480524,1.37592135639988
1.55070104949293,1.84575951441941,1.51647051357553
1.64134318972315,1.98338239927387,1.52545417691342
1.81911089074672,2.37003461509842,1.69999885928875
1.95488973172214,2.41482718484983,1.76126769636747
2.29784839939846,2.43759204927631,1.86419199981497
2.6580829833193,2.7773555108186,2.29206518376196
2.58200015771481,2.74317371807581,2.238653918374
3.0766996052867,3.05830086776242,2.28811839156727
3.52898242667638,3.33916706672647,2.71296036839769
3.49517094664578,3.50980588108912,2.71859958122998
3.61832740674087,3.66862355225035,2.75151143326537
3.97667308544409,4.02002663026443,3.10263124383121
3.88789750416169,3.97148583791477,3.09123123819623
3.95679736392841,4.02248159910602,3.08051996049317
1.13958489843816,1.34251523740597,1.20715167421277
1.26066741666065,1.46979820051633,1.32446099434873
1.08394614232373,1.28034837179787,1.15485039985862
1.11278839998772,1.30893554780116,1.18107576264491
1.08447608305944,1.27792668680186,1.15957777270223
1.14980781997102,1.36513635900651,1.23275882305798
1.12544756273423,1.29866648510373,1.20705456551684
1.22581553926812,1.50376030513325,1.57923044302324
1.23833231118931,1.47028450183404,1.70590932295383
1.69126333073926,1.88382654721812,2.18486041092843
1.6306998844121,1.90792837904949,2.18651845494064
1.66211166649669,1.87712198662351,2.13941262430477
1.29754470756738,1.59738112480737,1.44103551588643
1.73509072121485,1.99647153252876,1.92601702199255
1.69280254823539,2.02609381210196,1.91999010392067
1.73995924723709,2.03447611312995,1.90257908906055
1.09861655568618,1.26104338357239,1.17086597949462
1.1600677414242,1.27123771129206,1.24681283126471
1.16100027662344,1.33174507336524,1.22926324179089
1.23559532108226,1.42078196013228,1.29684019114471
1.22335469148798,1.36410759545063,1.30303943293763
1.23730947817344,1.34569309865503,1.31794026696746
1.41348003545177,1.52555907311043,1.50506007619008
1.73436203707932,1.81741680541718,1.7917068564591
1.82664254950497,1.86039277458358,1.8474470741954
1.82420854240621,1.8921789528799,1.91802560634714
2.35727655286417,2.3527279536858,2.39764421379926
2.2638272428708,2.31019215361767,2.33976555902654
2.01626052970936,2.0830373753041,2.15637131399065
2.43954374774664,2.50546058292573,2.55747020625641
2.39796255633243,2.4510484334761,2.58293129855407
1.2125314290496,1.35795342011381,1.29181808718352
1.32297664780754,1.47661515144135,1.40456435033372
1.17576283747798,1.30105341786982,1.24918342489715
1.20420564683171,1.30317574798843,1.26783368881288
1.17861906205309,1.30797449256985,1.2566880877443
1.20367622981617,1.34149497839293,1.28704683326223
1.16866715865282,1.27203318402931,1.23002464440429
1.21614171606071,1.30809055593099,1.26913405321294
1.23546773373529,1.33122619002952,1.30298362842697
1.13339032637288,1.22961211986797,1.18724879785891
1.12460994412281,1.24442289504006,1.17964348106541
1.24506898430666,1.31392092357789,1.2912165838829
1.64488047659149,1.68603994990866,1.68539968072493
1.68168088658895,1.74065375828063,1.69081978771837
1.65132693560315,1.70487869332109,1.70848928502165
1.23247121443337,1.33273208638571,1.30613518288246
1.65382171490996,1.73250310947012,1.71632608651741
1.65373624164663,1.7292399605952,1.70971079612587
1.64334243014854,1.73423361518722,1.71147261191746
1.24774784931121,1.39047265541592,1.33469435638573
1.34154655526074,1.4603451615241,1.4282577618785
1.27288013637493,1.4486458519007,1.36597172795263
1.26961920161625,1.46196719597391,1.36848881036077
1.36993470660867,1.55876900304513,1.47135062414608
1.42752156923534,1.61146836066189,1.52106382951416
1.51138489665537,1.7078745765376,1.62037290647948
1.61599506967066,1.75705223529261,1.70690060044387
1.66819079056028,1.83606790324557,1.7790776267165
1.73980005819462,1.87892328243872,1.79691859579223
1.94302474522826,2.01047693816094,1.96547044052025
1.88181873901356,1.94117341691012,1.88689682412422
1.99768453544341,2.10359848550956,2.03132237097676
2.38480805428217,2.50740122705825,2.43304233147095
2.42086025745065,2.44755767707069,2.40686972509453
1.35011574309128,1.54650147576565,1.45768632002182
1.48045273627092,1.68928339292577,1.58724853953602
1.27610703563398,1.45744423673111,1.38537836432477
1.28833274592926,1.44722563602147,1.39078712668483
1.28546647936153,1.46909842920576,1.39044737268495
1.36963281488247,1.55343060175101,1.47607237808631
1.31862855945966,1.5097015385712,1.42105666912785
1.57387991282495,1.69755836153791,1.60285624460482
1.49989636456367,1.58300275955088,1.50532543281355
1.64734068350977,1.78125888388769,1.70755900538896
2.17966634447877,2.26404107980851,2.19002404764433
2.18464818365067,2.23625812867375,2.19852201841409
1.22494522751097,1.38759824429211,1.31583926080524
1.16639814997173,1.30642512254815,1.24267576218002
1.28463044827711,1.43973451559519,1.36584386454268
1.37656695468905,1.52744015549608,1.45134032584154
1.26898247952363,1.40318785024661,1.33649074653048
1.26614398521327,1.37419364316108,1.32800297651503
1.4040609434395,1.52656386965101,1.459755165927
1.80323793331159,1.82341222108479,1.61519760316476
1.85845297153206,1.92462718803403,1.8268049705656
1.83118830587393,1.99158822769757,1.74682184477137
2.17844054254942,2.3065139477145,2.05998787517177
1.19779984742066,1.33947358185065,1.25984661759554
1.16150087254335,1.28997568783713,1.21491954672867
1.21721277442573,1.37681609109709,1.27889015838691
1.28538211811111,1.45198189002888,1.34755969265453
1.18911132170871,1.34656822203728,1.23864100830919
1.21533119236088,1.36399314497098,1.25887071725776
1.3029730200435,1.46418775812236,1.34244653196192
1.36887366627879,1.51673304173595,1.38922539527217
1.38844450755029,1.51631698178832,1.37421790103001
1.53788683041549,1.61891152575951,1.49861674460293
2.03026476563871,2.01831939873019,1.90796533691645
1.97687295726704,2.03675363647763,1.92295282056008
1.07665920434908,1.23601790374896,1.1288249983198
1.04818313683828,1.19378769437008,1.09163925543722
1.04758997900477,1.21792065828616,1.1133513652973
1.11888899227707,1.29553440806641,1.19086225295462
0.969769597045146,1.13464837447346,1.02903070541542
0.96792917570498,1.13175433413171,1.01900691017545
1.01094914959399,1.182993618706,1.07422880603621
1.06895481257734,1.23350523593352,1.13996203931499
1.00066126462864,1.15861965553018,1.04388021143963
1.10322481650864,1.28049529337284,1.16342209860946
1.58883475990779,1.58161746976729,1.53226569589452
1.48663035742473,1.82442438440898,1.60941831800679
0.905129614253945,1.04786543215462,0.959277434456574
0.849062179137795,0.989144008581732,0.895798791233686
0.946599290337439,1.06802316986572,0.999265472446758
1.02084456752764,1.14079695952821,1.08763693091193
0.928193349716793,1.02475487303799,0.966011404499048
0.90152505903485,0.988999513151542,0.932022149641161
1.02538519050808,1.10598493919103,1.05952444416354
1.11701110828657,1.19094261503171,1.13777781945499
1.07837423630396,1.17410855239676,1.08315685656473
1.50485672366562,1.59962033291164,1.49691266716338
1.53153366172821,1.58818777435783,1.5322079778474
1.51591521802648,1.57478604184086,1.4906687206442
1.12164001929539,1.18899148881381,1.14405061266088
1.5636723743646,1.61531125563552,1.57616451709562
1.52705032988494,1.60669386291496,1.56319456845521
1.58348074989164,1.60014787493099,1.57386875454705
0.906779415270337,0.997688990154541,0.938055289339567
0.871334400160551,0.94492918451036,0.894037062485574
0.957552925406712,1.06975135226149,0.996958883081956
1.01595765988813,1.14151426122269,1.0641875396771
0.975705348455032,1.08413784720718,1.00433343125916
1.00484860499373,1.09485870793701,1.02241361251532
1.09975496449828,1.22054236170708,1.12329639764145
1.56397958639284,1.61546048427257,1.55687548373665
1.52929939098205,1.63129025133922,1.55619586619449
1.52573096326024,1.64999629293326,1.55322137360287
0.899241417463709,1.01638721047996,0.930323808707578
0.892117054350423,1.00199390124713,0.912127989871945
0.878364352555429,1.00880322058142,0.920324710896066
0.921196100906271,1.061045739348,0.979863838929554
0.828871716071003,0.9705677418962,0.867966844045286
0.871702444347401,1.01452213089223,0.903031483803267
0.881764131319536,1.04029980950132,0.926218807175651
1.37523765272467,1.48205520837262,1.44156169280238
1.37902273880423,1.48175059544053,1.396636010347
1.37254466300951,1.50170399233287,1.36488544330722
0.73705293464153,0.867215713137737,0.776323380622502
0.72348626107362,0.847045040543527,0.755950688402399
0.716865191678023,0.837417141178475,0.764307749391416
0.77681156681959,0.893517235265898,0.826281691387166
0.664763197519217,0.76771429968829,0.710701068360028
0.652434662709978,0.757958636353692,0.701371286128917
0.722928894847034,0.817363046465796,0.769211421451152
1.27129471289688,1.35649168585125,1.29513590833648
1.2907486098699,1.32954828931254,1.29576601391894
1.26983657136242,1.31778534738946,1.31442222654432
0.654999916118012,0.742946367639208,0.690525493923577
0.631650245991306,0.716997536619035,0.659104093706638
0.721095676930159,0.798019855225468,0.750855609402067
0.780285689763262,0.855834871590622,0.81127985722986
0.75537892399851,0.824086251463476,0.767127065880797
0.761863058273669,0.816343921431827,0.767707374497278
0.87042625919822,0.93277496872702,0.86884756948433
0.920219143771471,0.972099960736256,0.918444461902355
0.932633715874388,1.0015204402692,0.928986148852254
0.947179588919139,1.01230736816393,0.946944788526251
0.741067173633789,0.818692462907383,0.747782067147012
0.75707856277857,0.823146039318769,0.754208171892502
0.757358750775608,0.851628105316463,0.765609716031686
0.794690845146919,0.897027051551714,0.81054887461972
0.777888387523688,0.876804289787636,0.771729433337647
0.837109135572652,0.925171567512244,0.821334720536247
0.883983480535042,0.989969595415038,0.87594706862151
1.33231162088173,1.24484919671705,1.26720259105168
1.34133309905631,1.3318750000341,1.26543751328234
1.41283779220152,1.48442826733627,1.37665791070401
2.06137204224636,2.02174438641423,1.93862012196745
1.95106756595337,1.8646932590509,1.87181147696903
1.55286246151341,1.64515884367836,1.47676227290644
2.02090888212501,2.04776047786969,1.92907265044979
2.01505749874219,2.12207103917294,1.91368771172425
0.703178329119473,0.808472946020967,0.69822052549307
0.737532513236315,0.830952963474388,0.717092278241197
0.645016997083535,0.762698376605973,0.656487218201128
0.666283787915588,0.791830053058454,0.693719054177844
0.597820440160149,0.712760149776796,0.602552143596659
0.650074771519047,0.761451088321777,0.639206133881635
0.597700385599652,0.715187049046821,0.618719388354016
0.683952911377938,0.794280593108475,0.700535730668583
0.635515311420719,0.743683478405327,0.663666410211022
0.588364829167297,0.709213095287795,0.602231919357868
0.613732366364049,0.732362278995185,0.618429133510087
0.680553576023568,0.79749462210801,0.673889212999426
1.28825011555391,1.29822665092052,1.25561257182646
1.25152500707908,1.34091231517732,1.2745979528489
1.25259448377622,1.35934376174932,1.23767377588348
0.677798266436094,0.779203834024612,0.69624344638789
1.28062486642068,1.32795422296827,1.29147161659375
1.27710293420571,1.33453433897235,1.27759707206197
1.22461758203206,1.29401212847562,1.247801166467
0.560481413578259,0.664558936688384,0.551959530593144
0.576761847212892,0.67937590708738,0.55258983127074
0.562543707768957,0.65800078379398,0.562944415899281
0.600108644587735,0.693423631114477,0.612372841616069
0.564090850319072,0.651712280975811,0.56224957481998
0.571960176228328,0.656810930880898,0.572197444744291
0.629318611426424,0.696485507408262,0.645929985853934
0.696731174853032,0.735795310963786,0.729156770368504
0.687952428109114,0.768210722030849,0.73563585597219
0.714371977033449,0.750941130020449,0.757865635617689
0.851948414173434,0.834522689240895,1.18140104922516
0.878000689341818,0.851196174537855,1.15303727692602
0.824676566127633,0.862072309019736,0.976109873012616
1.02393339813104,1.02018402468167,1.47588798618745
1.0310186955771,0.936041527030646,1.5003290568237
0.87968406389214,1.00922545918264,1.34641391868701
1.04987971312887,1.05943743954298,1.78590685162512
0.969564326621784,1.5652280767717,1.90335975059991
1.10178736045315,2.10175535875164,2.40982022841205
1.22361016355638,1.95670007314189,2.3589651464334
1.25506353724446,2.6777838208341,3.06267585111405
1.19775977388257,1.85050398139195,2.55030519350142
1.3826241039869,1.60815795044346,2.71611698397328
1.2991921854036,2.4167174169424,3.08136490413206
0.588862124577148,0.675771443600226,0.564950817945548
0.614711105814631,0.692200675635314,0.591011917482652
0.63984708509689,0.728711221863268,0.602922234839755
0.676049760617142,0.762704867583875,0.641260262666166
0.695784663528654,0.793774495080519,0.645733519967261
0.733269461819144,0.836465629393567,0.690615072200812
0.798367789193903,0.898056344047684,0.751743100128314
1.31643307261283,1.37109394393021,1.29321495692477
1.352546693985,1.40857371150924,1.31936456608051
1.31600491060756,1.40045070921524,1.28779252565467
0.678744512208322,0.784222465891344,0.61847573123067
0.739045796301362,0.858221458773586,0.671986458552833
0.651220533041866,0.746436673263314,0.591645731093935
0.66366204927824,0.750649684521361,0.618495926788571
0.665751534056854,0.761844746734927,0.601651739402311
0.743462373880518,0.836288681176007,0.671145259270241
0.701544079577385,0.7955653169466,0.650708714526731
0.706264456698978,0.800434955367937,0.673298760345932
0.793446460557917,0.851753783564993,0.735119529165355
0.808633210051637,0.910575166920657,0.763383525501909
0.983540032381577,1.18931625978439,0.962133261858612
1.00091355903712,1.21033831795082,0.947221658491578
1.02963924427157,1.0388441989227,1.04355204061507
1.26813460972574,1.28229070693338,1.34882207171741
1.43807270882814,1.417391172345,1.65667087924207
1.6065384644344,1.53720986025304,1.99614320464052
1.74822543149748,1.76657680230356,1.98500494780932
0.627151067251705,0.720037935567935,0.568007219889506
0.700602223535195,0.779739401948821,0.636709365318915
0.564769026669262,0.667109153484117,0.519968199413832
0.566400822369132,0.667565425996783,0.527469966857281
0.557684845027582,0.655798586127534,0.52288978878515
0.596579338664798,0.687439110748092,0.564922768144476
0.534789962943577,0.62752972433001,0.506728469559583
0.57132159944299,0.659311540674426,0.537697828989178
0.589471820649373,0.674480506699642,0.566956342895864
0.534956859624939,0.618467008769558,0.508790020257601
0.5810533007799,0.661635192495053,0.549959819701939
0.568426706297856,0.64392629505928,0.548562642344954
1.22071793456631,1.20697812787549,1.17455880179345
1.1561598614635,1.25228667696508,1.15835990274575
1.19571016523646,1.24742422911007,1.2152334461002
0.61737686392971,0.692633761683533,0.596913595999947
1.21791389263615,1.29644077320689,1.22925593198895
1.23941317699828,1.25249011820466,1.21058535602019
1.22906228992654,1.25383599423135,1.21035207280217
0.611606400595026,0.712602287679808,0.574369272542273
0.679128524380821,0.799771800917531,0.646017260370855
0.64916814328557,0.723340685559972,0.6036175847073
0.655031988359739,0.716106941468094,0.619539803452239
0.745016627548083,0.81232836702913,0.698750391539512
0.796150904471433,0.857528821069339,0.758490958171082
0.871129060664838,0.936625525758561,0.79840935448731
1.34481429565036,1.39748209131677,1.32454703052289
1.38741314700683,1.44094337194054,1.30593544971965
1.41274627261214,1.41094282695988,1.33486777479284
0.763598589432997,0.8365141309661,0.728686827629191
0.878734423141936,0.974970514525695,0.852759433144088
0.74110250930289,0.835099697229143,0.698540634146801
0.750001535774725,0.874052805452158,0.7014299604259
0.812168313509902,0.902389305361558,0.768119667864987
0.902251214863038,1.02644568762901,0.864466890613825
0.851351155844205,0.977114486629231,0.796772377456501
0.82423849101396,0.860521899039457,0.786231784938752
0.963018107552946,0.94600411882336,0.914479996889299
0.751429083619482,0.848016129261446,0.719848037847082
0.727933966868843,0.906984826383818,0.695343874143424
0.771673883273788,0.855196913916801,0.740167252516827
0.83525441132997,0.90475621520165,0.794856851564216
0.739339287997776,0.914553197640852,0.699513642606421
0.788663403011945,1.32437535356944,0.731778682736096
0.835960279236466,1.34922550499598,0.799915886786183
1.36341620339061,1.88427544361255,1.33910129533804
1.39543079338571,1.83048189410562,1.31934062026984
1.31235819761474,1.83840821401197,1.3471625470345
0.785845257378178,1.15494993101798,0.73120943098036
1.33380171440186,1.67098924918838,1.27629986520949
1.3014608265926,1.69668782752024,1.30429307311843
1.32656994680016,1.66767862636703,1.27780195775605
0.836369388172895,0.907189300098966,0.806830875455272
0.917871586111084,0.977016535486585,0.881650119514798
0.859379685444036,0.985129118273015,0.830956110315664
0.842887937431632,1.00394860254956,0.815510377158374
0.975986254112642,1.15286539882717,0.93844809382455
1.02089345523436,1.23431300221127,0.972933604647843
1.04869410432965,1.33955103876073,1.01553094645638
1.04778129717233,1.53730435500482,1.01600797785758
1.07062673366947,1.75606037258615,1.05225793722744
1.19893123693129,1.8550332884833,1.14295980403622
1.49218722987411,2.35508714663662,1.42864107471753
1.05552160870406,1.20085732095069,1.0196027562506
1.15708169621478,1.35313817637449,1.11022491597328
1.06792477127585,1.15808684175594,1.04320942734328
1.05259436439099,1.10146540889224,1.02680846835809
1.18508772681165,1.30359653247883,1.15432707383328
1.26590627105099,1.45384204399613,1.23629532703691
1.33325544219847,1.4102915555163,1.27564462427049
1.81347695942535,1.75760376309857,1.48244425252189
1.73445126501846,1.74847454936582,1.4854434142907
2.22954078071827,2.1542586131062,1.90602695839127
2.13306507578463,2.19909447812715,1.90126535714597
2.23977441847676,2.19442426735616,1.88025852641999
1.75328837468542,1.76070170347864,1.47987177441718
2.1287041496477,2.13083288583037,1.89814932645876
2.34701645928315,2.25888758167014,2.05774566727982
2.3501180697367,2.40534550225954,1.81310501618869
2.82342027601766,2.85870174600456,2.28045852958929
2.78959234437577,2.83326558978438,2.2592906479254
2.77925730994173,2.88927502747059,2.28428565157198
1.15570512259196,1.28338348272329,1.1406923983374
1.22539483931522,1.42994945606818,1.21872777091682
1.09597727935418,1.16649539623752,1.07861454622196
1.06737724819603,1.09473270054295,1.04572202201866
1.12624171250711,1.21503382861427,1.11588781886711
1.25220839816146,1.37602938333793,1.23021445608711
1.14577870745418,1.19440710334841,1.1303195766564
1.5607072841183,1.61381342892448,1.57995660137046
1.55645341923022,1.58875064637126,1.51178183465912
1.55800504884091,1.56794766050386,1.5382304567189
1.07251993586167,1.18538278373911,1.0805244729707
1.14729163488539,1.29544620651922,1.16417848681327
0.984473413157844,1.08137845284515,1.00220042932754
0.962161270136343,1.03660074883231,0.96902871843253
0.962307205347303,1.08405903797081,1.01288976050765
1.02078739403659,1.1099766254185,1.07687788002207
0.954297612167464,1.06674487343821,1.0094023545287
1.37531015391377,1.4759779079903,1.42572940669145
1.43214042129231,1.39366686794791,1.50165498371481
1.28395259074057,1.30808510864106,1.274125430684
1.24779304338566,1.24051166803573,1.22560380231066
0.988955997414775,1.17183795578257,1.0537566313351
1.034673932137,1.22712511121243,1.1168823454946
1.01796899164771,1.23204939208738,1.07444780776633
1.0371871660555,1.21880453253092,1.06869980663393
1.08557306035586,1.34453049840405,1.15452329795503
1.09504253467098,1.35544031566006,1.17965948272538
1.15701610476197,1.42811431330128,1.21717286369351
1.12886521393865,1.40485256013435,1.20635685955969
1.17509807179717,1.4636167096319,1.27583374151462
1.16210167270243,1.43112271559389,1.2246216450802
1.16118451536777,1.41579517954058,1.20771855105276
1.24139117323479,1.5283197248447,1.30180962983618
1.30224304259047,1.62102101097245,1.37531017824279
1.326547244558,1.63290491319595,1.39919669464301
1.34943485772456,1.74082144499786,1.63653902390072
1.49079241400565,1.91041352316149,1.77262132458989
1.87805887108979,2.29724323442591,2.21558342020857
1.85705593814829,2.27504927481011,2.15466417532958
1.87999860828635,2.27611170802518,2.21882970519129
1.51444051596953,1.91429280473673,1.70177370168342
1.76876541134873,2.25420702396366,2.08928181017791
1.81663069678964,2.31035729821071,2.20122431511094
1.86762095785059,2.31450855431072,2.180961886995
2.25005707393668,2.68837394794839,2.62537903366183
2.29318354810954,2.70149050052428,2.59330356395609
2.30011051220566,2.74308917438867,2.61480083932163
1.22124587798526,1.47435793938524,1.27637719252055
1.28524091520798,1.55729138948349,1.34274245881913
1.16394400514479,1.36528540464583,1.21693272554563
1.14537555747669,1.32341212001541,1.19073497564645
1.17620328436256,1.34518358025514,1.22627023774096
1.2648536394653,1.43524478335559,1.31192454047886
1.17416927940173,1.30660237824802,1.22702849022469
1.49935212433473,1.52177985720066,1.50667548134027
1.46448491224493,1.651442648198,1.50510420159229
1.46905351493255,1.54021969866742,1.40369506879527
2.17467116252119,2.21046284323679,1.9866548049812
2.0773097635619,2.04446185595495,1.94580592241503
2.5616585537442,2.51647800692484,2.38989710645101
2.55165893527547,2.5248359551104,2.39084141278511
2.53857924896353,2.46949403315182,2.4517053290624
1.79912292304594,1.89712008975742,1.71154232154501
2.23980743684669,2.32270558317246,2.16758977012185
2.24245624245393,2.35752619669459,2.15099046356517
2.2663079211817,2.32402694544644,2.15256734187444
1.14620535915784,1.32000145312677,1.20991907288496
1.21058899193515,1.3826468210305,1.28662082225972
1.0923461829506,1.27615949410594,1.16512893011576
1.08305480912752,1.26534195216345,1.14398248988946
1.07904723639117,1.28137531318967,1.18114197016176
1.08797923588068,1.27779404242959,1.20234317015427
1.04151711898847,1.26438190339714,1.16335778598253
1.02977467408509,1.26562371721547,1.15236592164915
1.08105788465322,1.32433743376634,1.19730039694769
1.06162085570266,1.30438697888539,1.20687549265415
1.1408834611859,1.42934871827729,1.28580068038771
1.09923066363881,1.35947675649048,1.24739911088445
1.52908247796596,1.71844027940106,1.64009084539469
1.51481556318909,1.72997555536713,1.64884153692573
1.5433560989704,1.77577634121565,1.6369802771346
1.07964230087229,1.36253563134444,1.22890269604308
1.51343236982593,1.74737261473108,1.60062653668907
1.51296131709066,1.74833853832123,1.63873254650188
1.50597542680868,1.73464248421514,1.62744192733403
1.13099900542884,1.36681026059955,1.24246591482935
1.16477495004556,1.39677894772713,1.29262243239332
1.17931966789091,1.4493806617888,1.27915889347653
1.20394398924246,1.46098166788401,1.28615091107958
1.23402618469999,1.5643852675211,1.34897302564074
1.23032998944297,1.58182788327675,1.36286610441912
1.33542094546158,1.69201248125483,1.45041969685906
1.46169056634916,1.70470907467358,1.61741742488573
1.47394808185605,1.70921385409089,1.79236489251574
1.47848566256689,1.8619235172297,1.76868672641074
1.7838315854497,2.1663312845696,2.18805573079693
1.73308626169357,1.95961900110589,2.10107177556948
1.82432191958691,2.18221287436642,1.83125002341182
2.27310330990749,2.41051095420386,1.90139132622157
2.06214689670618,2.32902001218417,1.87300441716216
2.17206839498666,2.63484720567151,1.95139273877103
2.31943562281493,2.71944074220583,1.99900701496242
2.78232125105438,3.2260342371388,2.12634707882261
3.23827069643097,3.55903015239266,2.22649846517718
3.17119019384563,3.33844229086929,2.152552882326
3.82515525162996,4.14286160805758,2.44375017574979
3.32042066977076,3.74180443120943,2.33425868392399
3.38549022847832,3.70720067177683,2.35602053076836
3.84302963153365,4.26880444147876,2.53459723521886
1.25265113451482,1.591502337943,1.36525616612295
1.26629859340621,1.64250083507432,1.39210855588866
1.28314265765243,1.59553225355794,1.38143336640179
1.34800943873355,1.62412951178983,1.41319540080436
1.37964517808246,1.60647776443692,1.45258182724031
1.4359848479694,1.72043365335521,1.49782955993416
1.32053592524769,1.64077071036612,1.42375661786331
1.37848086823892,1.73409136409686,1.48145984188524
1.41117579528209,1.70111873774068,1.50063270095878
1.52095923440208,1.74289445521762,1.61441436396886
1.5678473911569,1.86154995012362,1.69259875858111
1.45320628649745,1.71797373764521,1.48017630057325
1.65775870510955,1.85334249031071,1.6557875470002
1.63100154387553,1.8715148517007,1.65011973877944
1.26016662572505,1.56721681587313,1.37626273682879
1.29650374213922,1.63759458133242,1.41685194099082
1.20053833430238,1.45712429913262,1.32154288251732
1.2035364465783,1.42974354804885,1.32002985926848
1.16240433360762,1.4065457023399,1.29236728775985
1.199084508142,1.43698307151878,1.33675368570819
1.14891247706591,1.3432251569745,1.27471519307645
1.55745780773938,1.67808787275029,1.64794906134012
1.5671148642645,1.66765287980805,1.64826877386885
1.5304934214814,1.73544749501624,1.64384291356089
1.14686856492056,1.44768096064191,1.2822955919508
1.15676106026536,1.46841197879437,1.29817117217791
1.15406161393187,1.5025201640201,1.29296315821815
1.17565306775453,1.51300567591632,1.31459204623816
1.17321200516279,1.59644824033638,1.32212186589017
1.1703619456961,1.59728553235353,1.330081431017
1.22370698403325,1.67036355118199,1.38160361912148
1.34873834724017,1.71598873908268,1.62974340816171
1.36554387395887,1.82114227709686,1.68479409448325
1.77520766234218,2.10482428584023,2.08069797408807
1.7414092081543,2.14723293779117,2.13791304583015
1.78490199765335,2.16369647196316,2.08249768001136
1.28517971497946,1.69310117077903,1.55869623023042
1.7081469521461,1.99852600869344,1.99512893928981
1.69349744327285,2.03153654995328,1.96118825897433
1.6612291818947,1.9899531810645,1.94210994938827
1.20836835435353,1.68566185588238,1.35810324323686
1.23168938585658,1.75139169305539,1.38629064296344
1.24428386579383,1.72846905525796,1.38925743269272
1.25445788532446,1.71099219219286,1.39630580313723
1.30035019122293,1.84621944374937,1.4450813390884
1.33873673875232,1.94867422297247,1.48545487924529
1.38982988644486,1.95905423507956,1.52201632587825
1.50496795420471,1.94350350479403,1.56102414368116
1.57894235874181,2.14286570905038,1.67023777949362
1.97231715319361,2.40424177816816,2.03146095504692
1.98516753530099,2.47303848141515,1.99523009286309
1.91898548153851,2.43454756313254,2.02684485922327
1.52259794837485,2.08803217522677,1.66330579551077
1.83974913057772,2.32698183892819,1.94703505468875
1.87262555391394,2.3186744432554,2.03201036005878
2.10345280384442,2.58201298795019,2.17764570503989
2.57723189713458,2.99716210839697,2.61909320333642
2.55527355374691,2.95225221982512,2.62332435582549
2.56104078857062,2.98070080034325,2.62197097216081
1.28102542630066,1.80050641400421,1.43232429184256
1.309281434094,1.90644175389011,1.47181271957077
1.25513329225746,1.6734381523936,1.39790384287542
1.26146349560328,1.62599502683966,1.3934001421055
1.2494444036203,1.66178797828431,1.39928103016791
1.29880918238389,1.76109319275285,1.45713057127416
1.26217465322238,1.61631790515409,1.40594922220307
1.32676434788282,1.88321813355658,1.71218443502221
1.26812162451993,1.9010586536308,1.58280245388062
1.2764500040798,1.83254926854217,1.30833756111032
1.31769209209493,2.10209205501256,1.48411255803226
1.27329872819561,2.14010390102913,1.42694169694574
1.33767291414859,2.06217336831068,1.39009907834597
1.38726819042564,2.08446490788813,1.4551157300199
1.36738656223944,2.30432203310867,1.47770147801363
1.41685229124751,2.14543363072699,1.44346648149418
1.43937866492601,2.1382526483212,1.4625332141674
1.54022649799426,2.37574872417979,1.56783463561055
1.60457497869717,2.54890763029659,1.63929267207189
1.54843742347551,2.48441078688687,1.57759505966265
1.76567600514324,2.79858845361343,1.79817940037842
1.69467273812699,2.56758983117446,1.72391717473762
1.72044539248048,2.51517887261654,1.71500506538327
1.85974515762519,2.82544491014108,1.89893809930136
1.21872640196219,1.64150558952345,1.37461960049641
1.25427425028302,1.72344379235718,1.41426466614473
1.18294116745581,1.60817698467756,1.34080427002765
1.18029619629065,1.60800370257602,1.33807781327884
1.18155996322469,1.66091563860034,1.34092670811496
1.19477221256603,1.64199308512447,1.35970969934595
1.17456390899942,1.68878681305895,1.34249331678884
1.20029262085741,1.91438659419197,1.3762290846645
1.20353841867347,1.78589712138655,1.38497121042408
1.23343571031308,1.87317479643836,1.41448246147551
1.47998825257235,2.19934421644946,1.73361694272336
1.3953175309741,2.33695848459575,1.62428047433969
1.64590057995567,2.66728512722424,1.95367637551752
1.48120825839199,2.64037087925457,1.71842001200788
1.22685108491866,1.82745318680269,1.38940674849786
1.26225199973884,1.93578270792788,1.45686233326029
1.26337230659242,1.94847737432576,1.41130407391995
1.26978573548183,1.9561576522516,1.41241048063343
1.32559674881939,2.1886149700793,1.49282674206455
1.35095772835783,2.26406189696097,1.52798543304881
1.38366014176841,2.45330184847698,1.56409324231673
1.72111497154629,2.73717780155388,1.89556254253463
1.74552533092917,2.75888987217978,1.91724972825087
1.76825925909059,2.706559742916,1.884833687119
1.35891720596153,2.20597781441087,1.53635977265168
1.42756956582972,2.35303228862496,1.63480333861819
1.34578491288644,2.18615469736409,1.52394599325024
1.32972033858503,2.17427238996877,1.50938631298605
1.40189938793141,2.32766527338037,1.61893056893977
1.48228690187498,2.54220112407668,1.72578449322695
1.46697186282465,2.48790421063352,1.7224996399513
1.75133629959815,2.72589492127248,2.11112876336695
1.68660342625177,2.64220282760432,1.92731053908928
1.94063512035926,2.93952851044476,2.18314965542182
1.81924518398749,3.00142016247888,2.20838550376347
2.27852991812839,3.36607967811884,2.60976235237889
2.24378384581753,3.34411921050521,2.60824563799599
2.19582972551952,3.3782819021803,2.68617508463278
1.37028305019793,2.19350309024611,1.57488767365685
1.43172930094039,2.16596992934406,1.62251169960192
1.31704659447081,2.19490876146806,1.54856485772812
1.31857159235145,2.29956404768703,1.58825336509738
1.30296281035358,2.13549707236132,1.53739892130434
1.33242459060633,2.16035404486647,1.55837335021509
1.30500230003829,2.31350048484153,1.62491104013737
1.37581092739475,2.46752602083443,1.8821948873659
1.52247389085189,2.89843903131106,2.23162762636453
1.55158353554663,2.99638585551664,2.25608329506626
1.35674929739406,2.44419023424572,1.65563780439705
1.7292005099963,2.834695754467,2.05274066551539
1.71425451612816,2.65386809869939,2.02397296377441
1.79964570168264,2.79189005068261,2.08310634553254
1.3188528170629,2.01449656272774,1.52327119393831
1.3168929702712,1.92262079406195,1.48226433445934
1.3688846886448,2.08210682801035,1.61072200488455
1.40162876914028,2.18568384169338,1.69080983293299
1.41500913704371,2.07365321649524,1.65268357092816
1.42744643079992,2.08420542210348,1.66559713355935
1.52249180040844,2.29278253998295,1.83863713991585
1.75086599081279,2.54854474876926,2.22830876154892
1.67618163091818,2.43884481518511,1.94267767898463
1.64837406260934,2.62155956851734,2.11042321308665
1.85948567196286,2.9912054819988,2.35175930212915
1.97076652168534,2.97160393147846,2.54672699677735
1.80463807107305,2.84409604384128,2.41853288440767
2.25376680701158,3.19836189941153,2.8361936664468
2.19450457489559,3.22458632858853,2.84999921116048
1.39847473534846,1.94403340162777,1.58833488781552
1.42052263519644,1.89563919380672,1.5859375787871
1.39791689143359,1.94456344353714,1.587910172607
1.41343693072147,2.03861572457175,1.63238440590815
1.41581453613868,1.88058878302522,1.59067034019868
1.48358210324406,1.91039199557961,1.6693472813758
1.50124493363245,2.02861311544493,1.7031974969991
1.5728026983131,2.17244144193178,1.88683871825532
1.67146497612539,2.07307412314385,1.9718918044605
1.73556424258549,2.10057477079684,2.24072172903581
2.40003029226694,2.38966222298443,2.8180332446347
2.9307531432387,2.89932161579619,2.99081049350455
2.84262515268968,2.52129588784871,3.73560589658688
3.58033338750303,3.03928981492338,4.42124039893834
2.72172363420243,2.48635743152291,4.12815337485102
3.18929913489479,2.70033581066349,4.94199151408062
2.1359797899905,2.57368089173305,3.00090759037702
2.57565719972057,3.11546089571448,3.29173602237002
2.57550296520108,2.78290703826036,3.87107559196343
3.17963465720763,3.46032834276542,4.62004714486573
1.32772673998704,1.74044774847638,1.46895635673414
1.34478269456587,1.6794106584853,1.47017113808584
1.27054056296797,1.74531844412213,1.40657769378517
1.29416579304453,1.83328315992258,1.44330895945669
1.21126813435474,1.68975493683756,1.35099881448092
1.23768391900807,1.68127294850923,1.38347693610547
1.22506174070883,1.82915400174064,1.39071060297488
1.25085752550296,1.93480925349109,1.47052720138667
1.22907935874305,1.84318602207106,1.41980717184227
1.33963930371711,2.1134595090815,1.5953834032981
1.41542678195032,2.22534099036677,1.73399343060274
1.1744548345417,1.61129780600859,1.30281231156088
1.1528185773416,1.5560482823635,1.27920557310046
1.21265807513812,1.67241148061774,1.35527763726974
1.26376744035788,1.75208991725171,1.41922940344712
1.23237938223623,1.70216141901607,1.40401916507326
1.21189718382002,1.71916441605202,1.40417644983563
1.34349753555242,1.87921361081465,1.57406979608365
1.90556269524015,2.3214389779287,2.05481897285066
1.57528434303275,2.21356691595719,1.76119851422464
1.60730262281997,1.76821107327227,1.59731666345572
1.92349745503975,1.99535114323552,2.07538924059703
2.26936986766468,2.16512066325701,2.11795528244495
1.97999906122994,2.22042896253808,1.85872285852302
2.52636970927678,2.84452607954807,2.35134557753564
2.40311728109367,2.57818304284968,2.25585728842724
2.11519952623444,2.46411975692045,2.2151598693128
2.21549526400039,2.60807058564209,2.3757490190914
2.7371517836264,3.08422707427939,3.01580109143624
3.21242867018547,3.62489746488419,3.6008248679396
3.21850762466072,3.68736967794336,3.49323639778302
3.7773473374178,4.21520595121634,4.34768082896998
3.3198598414362,3.63127062463392,3.69500731341998
3.38557271731632,3.73565644075545,3.68427489057409
3.88304988386864,4.17055969904256,4.40057632887829
1.24345463423626,1.65057987810118,1.40788608535944
1.24688746099223,1.63646055743858,1.40727571975014
1.28936644682191,1.67888322187323,1.46429738321214
1.31949078844456,1.72942387466298,1.50483685940717
1.33803275153431,1.70320421027194,1.53373148263913
1.38406663341185,1.77519428722361,1.59795622275373
1.46883192342845,1.85225192911626,1.69330946851291
1.78352621338181,2.1722916948883,1.77231658574378
1.71886104195154,2.08533006574402,2.04134795985496
1.74540353108622,2.18065348506909,2.21025686837522
2.10913493552749,2.53281363020979,2.56938955963517
2.18639285365934,2.58402572883442,2.66047448117895
2.2389421133456,2.7055525205065,2.53465302816561
2.72227998921235,3.15457002658112,2.80775899713684
2.61162932652229,3.02290063853288,2.61168783223819
2.73635110851715,3.22887704441533,3.09184476802196
2.99664575638806,3.47247734579456,3.32329702197656
3.03134668606703,3.52013369696628,3.21346078892855
3.4501829151981,3.93748166650805,3.91473760185839
3.79463093176589,4.28595594769472,4.28493282107848
3.8157027811588,4.29971317790822,4.27924629364881
3.79165590706824,4.25339629810189,4.26722355567573
1.27134719448508,1.58306061174855,1.44216678717702
1.29842349399798,1.58047138699022,1.46820477632871
1.22150819131265,1.52723028621384,1.3735358242079
1.24261850392199,1.57009989584724,1.39019862243362
1.17343045207427,1.4556972883832,1.32417559175942
1.2284312564951,1.49532596839847,1.40631150680074
1.20009527627207,1.52223152331705,1.37140948565519
1.44605142223237,1.80699789864208,1.65636325011621
1.31381789295352,1.86344703041087,1.63443539993912
1.41544734862869,1.78618393470268,1.66593717510102
1.7267198668126,2.14939956786279,2.1416340798623
1.81401465070498,2.41960202941037,2.26205179063521
1.74914668978329,2.03944558354006,1.91730270768993
2.14785862848849,2.44481959771376,2.34549659963697
2.0579715489981,2.43849748861106,2.29675068425537
2.07434968609493,2.39260509160154,2.33781033673737
2.4219154817304,2.73893979798293,2.75756261660548
2.47101971495246,2.71098864341053,2.76730470736454
2.31313435441429,2.81839982671341,2.59595709226318
2.64532380082285,3.16898833017794,2.92145252924821
2.59639898749849,3.10311754945244,2.90533821822517
2.62743250219558,3.09797356459366,2.85505258781012
1.08856484224864,1.35916334054214,1.2130857007266
1.07735074293514,1.33158148510642,1.20556813709825
1.06519023074004,1.36536888645142,1.17597435920531
1.10915323435498,1.43186955460531,1.22325629135877
1.02648624042902,1.34927512160055,1.12943001402829
1.01390416658107,1.32935623953201,1.1111238568426
1.09711546653715,1.4724210396745,1.22638506610771
1.60599469669942,2.10193097267795,1.84178394724623
1.53602092424726,1.79893883422638,1.61856541906982
1.46491441883843,1.51041929932678,1.46673945767377
1.84155484405883,1.80501009221829,1.78995295928117
1.03549333835262,1.34910119161302,1.14398511814654
1.01778776224539,1.31888401402265,1.11375670299182
1.11311646794478,1.43377737041124,1.24723048256262
1.15942431444429,1.48998369447402,1.30710540189782
1.16640874893857,1.49851318112489,1.3271317070483
1.17218563051815,1.5310195409086,1.33987871824092
1.31902574024108,1.68484798365204,1.53262259639818
1.43791556995615,1.80225823450662,1.65090716539794
1.53447476275873,1.90667112725313,1.76007900848519
1.62883342812764,2.06120680093517,1.80067709294945
1.98772124858476,2.40757976859715,2.12684879434218
1.89394646680729,2.33472982375514,2.02513213191964
1.85078861996938,2.29105646246479,2.03539994062347
2.32082046244103,2.68779877171374,2.46140775105658
2.25274847754205,2.65051177577308,2.44258841746134
1.1332920501576,1.43291042961025,1.28554428125139
1.14024453744275,1.43867594892374,1.28768921118241
1.14108083056514,1.41500068590651,1.29337583654547
1.17660383620756,1.44941796172739,1.32718209876632
1.14590577156391,1.3993513621729,1.30859031753083
1.20898720292286,1.48104787040041,1.39794454677119
1.23143868396497,1.4919602931331,1.4289570536378
1.41137670235115,1.6626305498524,1.5816849301592
1.48858166695362,1.77435718279487,1.66008873777028
1.73054778562722,1.88703940379509,1.78369899530662
2.23783003784604,2.38848983992219,2.14685203074552
2.31518534148961,2.43776492226336,2.17358622278842
1.042496621725,1.27074579041434,1.17421138383748
1.05341479854309,1.26962206534511,1.18944235413361
0.973084203635359,1.20130173006202,1.07688203408018
0.996772307443059,1.23397431250887,1.10476169165258
0.905747766094443,1.12200276522616,0.984038077619647
0.934130702779171,1.13437608015495,1.02230432557471
0.900169209135013,1.1454851820481,0.981176061649447
0.931235833430909,1.19565937506407,1.01268422859027
0.920001235407522,1.15834901737494,0.971222424258683
1.3990216983727,1.55297874139325,1.42200256726778
1.40290402947825,1.57553766194763,1.45359889276986
1.39998131038996,1.57820047770517,1.4231495167418
0.986664241883487,1.23504795765089,1.11075502883941
1.10119025079709,1.31696858406685,1.32124088671482
1.1185839765294,1.34238144550194,1.2634707438606
1.11558063406041,1.36148909836315,1.32756743830559
1.57219731688123,1.71966745573545,1.80277905578384
1.58752929440527,1.78176831289181,1.75754616074451
1.55367734111442,1.76888892139062,1.75573395736859
0.866783933666765,1.08607331389295,0.928689860733564
0.852251600771516,1.05439046830039,0.902822640618564
0.898789320495468,1.14212503762763,0.967785090226276
0.94340561506525,1.19864681834423,1.01742425896205
0.927850192155249,1.1744838899799,1.00233338797139
0.910146600554269,1.14901736835285,0.9773953264985
1.04360344619976,1.30722477827198,1.12525301746095
1.5336657162707,1.85199713906277,1.63757927260362
1.39404901868037,1.61271494859756,1.41244825778416
1.28313895382681,1.2885250185656,1.30868839396247
2.03341636035321,1.88050102658243,2.0143068608261
1.88567894098276,2.0072385166641,1.93082881337381
2.38951126794495,2.49507222470312,2.43642067973988
2.35905867423927,2.49909929815086,2.40857503489823
2.39598343432419,2.50791950974174,2.42077082603433
1.67768235397418,1.57273389380811,1.65304269763226
2.15183124933291,2.02549222513107,2.10483429546942
2.18131920193772,2.06991868924577,2.13111506774708
2.15722245512193,2.07334239035345,2.14969954386575
0.961061369484754,1.19936789823109,1.04868884153468
0.967845349599126,1.20323064293505,1.05280330562001
1.02604693868771,1.26607664244739,1.13609471312526
1.06122154635049,1.29341712281784,1.16861985645113
1.09293296211617,1.33423572855084,1.22614285685568
1.14821770486206,1.40128778621191,1.29300254583626
1.22471444596338,1.47101608671306,1.3937931331614
1.6154023368068,1.87133999766459,1.78974281471917
1.61058396223236,1.80527851111336,1.79258989931799
1.65877573127398,1.82479510476766,1.74836059872161
1.03410458045092,1.25531478119967,1.14895035983049
1.05933543999005,1.27687377361418,1.17753350043043
0.989571645379698,1.19772199248305,1.08910572368982
1.01120285696566,1.21967617285855,1.10811999106457
0.956534885946427,1.15427781689688,1.04450672585549
1.03284359861013,1.23851493181934,1.13803826522621
1.00038059067603,1.19827209440707,1.09956559368533
1.1319258589891,1.25844834860852,1.17531665291248
1.23222248686061,1.28080663867267,1.24843972465546
1.26038681435915,1.44863214908422,1.39017774953843
1.72655758253767,1.75343897257371,1.8003443114926
1.77297201082126,1.80802470496939,1.81875123542556
1.69022574987912,1.88154704786528,1.85794939137049
2.20949454711526,2.38943144760848,2.3614828872788
2.13939755218361,2.22755534284068,2.26644578653133
2.09592042203493,2.3241313092363,2.41003304775748
2.51032666550945,2.76037223562767,2.80253638253916
2.43296480557924,2.69033247925775,2.85256339455775
2.62378110012045,2.80312191067933,2.9514501771462
2.99256371864501,3.19306337287515,3.35301857559232
3.000388024077,3.16248478912134,3.30950593147641
3.01180212274694,3.12681752314038,3.26342195429691
0.859832359111926,1.04046988610543,0.913108833056854
0.876222592815504,1.04998048594657,0.914703193389476
0.809612947205117,0.984740335729402,0.853814456956381
0.853042112161204,1.01895502150972,0.89974951601734
0.765226772021314,0.928681374295616,0.803037684417359
0.773463940517835,0.928078131009144,0.806111686468756
0.805502521089365,0.969915076064764,0.842606797289312
0.779323161408774,0.933003647876653,0.819671372951075
0.771205659532434,0.913473831803279,0.812923360545611
0.859849740871606,1.02624457801286,0.913846689499196
0.903414135368734,1.08358642617045,0.966043974525521
0.936546202544071,1.10624846600021,1.00725889456649
0.950182540217497,1.11132938719625,1.02286860479352
1.0406635082616,1.21863146629727,1.12159671301957
0.948532126881958,1.1127100126275,1.01020311806884
0.986022063645384,1.13780466653407,1.04268534997263
0.966122675689534,1.14250523315093,1.02581900668719
0.984772249028102,1.17202883686221,1.05027980945268
1.00774711046782,1.18954575227625,1.06265866869552
1.09761718755226,1.28386266046979,1.16034500890232
1.10347605503307,1.29990776533611,1.17381435498834
1.54902765198603,1.69565511461835,1.61390659577451
1.52063498052154,1.66899651170961,1.55816953647344
1.54644414846219,1.70083168483637,1.60928381544371
0.913330796138811,1.07630697140967,0.947296416618436
0.956129759978497,1.11080456016199,0.977168172778011
0.824239812702507,0.976209100578493,0.851752889626147
0.836199059933905,0.986347549020018,0.874451673550463
0.757487119634958,0.892923771122235,0.772740092096389
0.814831712529439,0.954293786471761,0.828426206635801
0.751329904235841,0.881070121616209,0.765296948069734
1.28550268428004,1.38369424481061,1.27419064008002
1.28154273266957,1.35966319529106,1.29524956328276
1.28968165032563,1.35767727614745,1.32518437731536
0.716522348931212,0.837952659794605,0.728414012823287
0.734731078985234,0.842880816231122,0.737793970913004
0.727506184855828,0.847297915610044,0.752110441852407
0.752367626952304,0.877112179585254,0.785366543498717
0.768125500378187,0.877016761476108,0.803738940880158
0.751192618129025,0.851790056514432,0.791302810906187
0.838229293749063,0.956495833764329,0.896622789737421
0.913831049738721,1.04187557510338,0.98427600891229
1.02783638753965,1.13186283109421,1.11676655541052
1.50578769071033,1.5650971735635,1.58943639222766
1.53867957088954,1.58119805790656,1.57250014836073
1.4628075562332,1.5919592177854,1.58161904563107
0.839757185266641,0.95349511410022,0.921990308964956
1.34910897272174,1.43461567958826,1.41007424201462
1.36607154576979,1.40453039042364,1.42299350644294
1.33738582325381,1.43437281344849,1.40351145321265
0.84808498270782,0.962862994304634,0.883467010917973
0.88509478977968,0.991439068805406,0.91489628303682
0.920912002860321,1.06056849063121,0.967272512968321
0.936014446940774,1.08182847201268,0.99065047448105
1.03132243122013,1.18273735435733,1.07829919497445
1.09730459934325,1.2453060472551,1.15829962153684
1.15511460565604,1.33649170470492,1.22846959129123
1.40520937989305,1.56017319055237,1.44873402489305
1.50835354056166,1.64669706927602,1.58694248642293
1.63123796630668,1.84853722664257,1.77876420662312
2.17951017477556,2.38539932294404,2.36948524069624
2.09254560610517,2.28840104759249,2.21106569590599
1.83138896453771,2.06655027378689,2.01515668842716
2.27668158695152,2.50279101972337,2.45063003502769
2.28449600867032,2.47424322723319,2.46161097077158
1.0086066739679,1.14497729923629,1.02984755512699
1.08098862230388,1.21087803339846,1.0934520523573
0.941269442752413,1.07894185348585,0.960050859518381
0.930105907317034,1.07019833184927,0.960809761961349
0.935481983411213,1.06925257451459,0.951801214228086
1.03341348346492,1.19129907816255,1.05468350477239
0.935856838527318,1.08535043098371,1.00684873218609
1.0681814908458,1.03647851223822,1.3617696436013
0.953173784998611,1.11208895796633,1.55329388682338
1.04955771733233,1.25328585596461,1.29980102358861
1.12858422630223,1.40136715493076,1.89428144205158
1.22964286799923,1.30664774055885,1.72110673867265
1.10360529030727,1.34852519223989,1.40482690387482
1.17753619171608,1.57260164483902,1.50021038375259
1.1225432734064,1.47385577162365,1.89721712917442
1.30992597056508,1.46704563625737,2.04936495858297
1.4015941429261,1.53937180084757,2.5512031438875
1.46874486776,1.76371927456117,2.41348583367446
1.44744530024008,1.92929677402822,2.31906088705406
1.32061504565721,1.83863847541541,2.10406184734935
1.61814924135231,2.23814381611657,2.74618587419612
1.74852488212724,2.11778906318394,3.28614464394285
1.81371366185915,2.14371278784477,3.69027805816697
1.90280341742178,2.43026688154584,3.59134675735569
0.871885729008502,0.968409204292591,0.869073882257116
0.936061730546623,1.02699326368612,0.9284634381871
0.786812963429545,0.866279797563899,0.787178164048781
0.778320108727613,0.860609665033332,0.778667744038603
0.778499928155964,0.834813621974102,0.779986435582278
0.803089150406103,0.859207344967649,0.803266319738751
0.760145125185297,0.825551693593525,0.776286450615327
1.29060529306937,1.36896378258515,1.31920642909412
1.29987689930482,1.30987022883691,1.29639548214807
1.28713320582333,1.32876856314906,1.29406565191246
0.8653385716236,0.917505510506177,0.867914915338132
0.922338463111455,0.969630570849871,0.931682384795593
0.933759170886656,0.995174793794296,0.933662854872731
0.920685079675333,0.991326290363529,0.9302805249166
1.07160550089291,1.14225188687831,1.07328094330398
1.10594705869976,1.17078043667439,1.11387644894038
1.19984759474666,1.27325116018042,1.19458468740893
1.60468680769292,1.48767080404422,1.543704462084
1.67819332453334,1.73709216881254,1.41807662411665
1.57404986252957,1.67396711816992,1.54261107661465
2.05542219650742,2.07722649665527,1.94617696736679
1.13411911351387,1.21935425596372,1.13920764464224
1.21150389734543,1.30729314328956,1.23671624208353
1.13973096467266,1.22963990411685,1.12806077025545
1.12041607210012,1.20557468771933,1.09370728360925
1.22516929437509,1.32976944168152,1.20796904243967
1.33191148573943,1.45256306216816,1.32614858302302
1.29113943761828,1.40806628182334,1.25973659357428
1.68986916153834,1.78028835641994,1.65081879387336
1.67267410650079,1.77441672909994,1.66761903387975
1.66448295127569,1.75785883650881,1.63397382570798
1.17768435199783,1.2702295828843,1.16243970702028
1.26140300536803,1.37437675468725,1.25057503476694
1.07041862173812,1.14272245972974,1.05690351909563
1.03508654339605,1.10148876297228,1.02028509638176
1.04325160090924,1.11290914135385,1.0414490012262
1.1175633641532,1.18985717573562,1.11045880880687
0.983470157804311,1.04180163249403,0.985088783138121
1.42054811163782,1.47733518531148,1.44256978035344
1.43775591555639,1.4690552946828,1.39768218449525
1.42186699467685,1.45220974368566,1.4476219145276
1.0639067420396,1.13231081844162,1.08790532601135
1.13000102335372,1.20317443182321,1.16881968470989
1.06313780566296,1.12697878757099,1.09473568774937
1.03975241169896,1.09203373183688,1.05744988860219
1.15493441893986,1.21794720005781,1.20465067185766
1.15846839037811,1.21711702279883,1.21946779077917
1.18872119529214,1.24838315619053,1.23867945145777
1.25006748125806,1.30350238330408,1.30268131938203
1.36010303209354,1.46379925802947,1.49333699085358
1.75777258528049,1.8150361383717,1.91139660529217
1.79281558871706,1.86333617334805,1.87189163173348
1.71536702205666,1.85074925277602,1.85761420837122
1.13186758591451,1.18629075942828,1.16792047481741
1.54202985698092,1.59704407158068,1.54502930824388
1.55293177231958,1.59626819976102,1.56842277526742
1.51741980000889,1.55030047364944,1.60100548032703
1.28735923500488,1.36085818003918,1.33235886039469
1.38300055341316,1.46036293695622,1.43168164020362
1.33543487708929,1.41749275454243,1.36907425636163
1.30499987424902,1.37354670763661,1.32997969930719
1.4701779109363,1.5834691759266,1.51066801632308
1.55327700559715,1.6785534600494,1.61422755153949
1.55331556529514,1.67177083585976,1.58564317045078
1.65547754530272,1.77278244016597,1.73159734476478
1.78809730612461,1.92613739384809,1.83037227822351
1.78161720607388,1.92576177950302,1.88875900073846
2.26981209863025,2.33135444753594,2.29672298889559
2.16734931234599,2.43921941873263,2.44201182613121
1.49235927912751,1.6111088578553,1.51508649513192
1.59587406004957,1.74834966371371,1.63682410276273
1.43171850811898,1.52025530841885,1.42080854275554
1.39211095225133,1.44253245014381,1.36451468466265
1.48422844820173,1.59722690445703,1.45652677857593
1.5933502179432,1.73565565456873,1.58073344409188
1.4976530857325,1.63549475747311,1.45125884264975
1.79827683975124,1.90149966125301,1.54977679276506
1.78121746526958,2.15131534776821,1.83512701407879
1.77573131384241,1.88283846117888,1.75401658238839
2.24577839342585,2.41825323240439,2.27154822445455
2.29502320717845,2.35532821935918,2.0455756189692
2.19373696419892,2.14133098042953,1.78346936396923
2.63263543382741,2.49419642371293,1.95287913180029
2.52998094040066,2.50052817372966,2.26394242511504
2.78813338943469,2.53431496856646,1.89402857113594
3.04561408801134,2.7834483505907,2.1247919106102
3.53150850430952,3.11183654513441,2.24795069010034
3.96397198674459,3.45279209866549,2.41904108860366
3.81318521807713,3.34418508995264,2.43798585044946
4.68732848806472,4.0613754374631,2.79805253644004
4.28750083072015,3.79181991409388,2.84876490167996
4.41116687265242,3.92808325191173,3.07449492177894
4.89922601098845,4.32515650528441,3.20965170180706
1.49152913639304,1.5700869968445,1.44481110492174
1.61949170279216,1.68591884184116,1.54436839968965
1.41786037849255,1.49041900992051,1.39741725236922
1.37321261679082,1.45206423328049,1.37696329898256
1.47899076211481,1.53166051610887,1.43855039747869
1.56484014790795,1.61724503371003,1.4889530335289
1.44768165340647,1.47834433664144,1.39878699610679
2.09648535464513,2.0322474426505,1.64695791130734
1.70148856014661,1.86792226992618,1.75558196352459
2.17110104023896,2.37156904967857,2.17809291346032
2.18681991725415,2.3249099503517,2.16535303949062
2.21864482486284,2.34605051350634,2.19499914596164
1.91507800531547,1.87555103162303,1.54992627344303
2.38425359752357,2.34527590559255,1.97443994921365
2.38036510052154,2.35840795841922,1.96656542234989
2.42461519333195,2.34059178396435,1.96994515722504
1.58555066703873,1.62964567033465,1.5576240661685
1.74918376247199,1.71581931868947,1.68656399404571
1.5954676693166,1.70371997406937,1.6376451996732
1.56242937160934,1.70418947534976,1.67636090454959
1.7539039915894,1.85256926425629,1.79274301206785
1.80748998137363,1.89372006718535,1.86692773650628
1.8376545910312,1.97245547846313,1.97866448998016
1.97894530591739,2.0700901319136,1.97430657195469
2.08691799890418,2.18149643870388,2.32029487535859
2.20922585821439,2.37097325037582,2.47061642714347
2.5146349100308,2.7527435629005,2.69413966781801
1.91820696200099,2.01276713257812,1.88092645616735
2.18874567153406,2.18569696414483,2.24191333906534
2.21326367949652,2.05849954623978,2.20346657966838
2.53741123396137,2.01656302222178,2.61177386923123
2.44162945222754,2.26257212563959,2.49822469309498
2.64513583077822,2.41666959782978,2.69092825701282
2.53724237633359,2.34667400582338,2.64931304556793
2.40474467390359,2.24589792447168,2.54325725210954
2.64746753672096,2.44654691411477,2.8498634315126
2.21101796676147,2.07133336298071,2.38845984353498
2.12133589720112,1.98222417594284,2.25031943081098
2.22678778614801,2.06969175402093,2.55940454616264
2.38563835243286,2.18102015889979,2.82167271467455
1.99332257356935,1.9326427610494,2.36145265314984
2.01902309792795,1.94257980717221,2.28560028006162
2.1186434256095,2.04561997260914,2.65819056945186
1.94678062894246,1.94484996226025,2.39389830302541
2.14196948369106,2.18596526962249,2.63300039969146
1.95717265326943,2.04908946691835,2.5048518873232
2.29062316417456,2.40342827203511,2.78168378933658
2.22326484515073,2.36166261493906,2.83637876146409
2.27071971088609,2.38382532374727,2.8100870914149
2.27186267190703,2.24567936727736,2.86131843002832
2.58667167809429,2.59345709610145,3.1942623134188
2.66805714627975,2.5667418329715,3.22968643412615
2.59605412567072,2.62036400584353,3.19506755804201
2.41553471919762,2.15933507511569,2.80711297217518
2.53514213983157,2.20475863293632,2.78117092503702
2.5656827238229,2.2652034534002,3.20380982562
2.56611824261128,2.29055364850872,3.32448583760144
2.82160370000538,2.40734112431536,3.56401897561212
3.03821911502432,2.54369198545682,3.53896329847449
3.0023232991279,2.54981085341254,4.08635440177694
3.03526138160465,2.72438759051332,4.25657830279999
3.22950274528222,2.77158723739336,4.4134792605689
3.32537300253821,2.79905249411013,4.28414591616078
3.63624640231239,3.23233253586714,4.54610172801538
3.76933809329584,3.16857436066811,4.59164624072293
2.77876337011831,2.36133471734726,3.66348882134985
2.54637775768571,2.2256376336877,3.65770865160979
3.09334720472139,2.55302798865038,4.00270146490117
3.31224043759006,2.70598762719711,4.20683631395302
3.21135393974803,2.62970555435421,4.29427504057831
3.158695245442,2.60025124617704,4.44670713594101
3.64982690820009,2.9417863768864,5.17249424093926
3.81758369547725,3.15571061303477,5.39939206992492
3.87821432515306,3.16781066959524,5.44619144080337
4.0091558571937,3.17712908332816,5.87319823618382
4.15908029481034,3.41563620334039,5.94672533072337
4.3021318140767,3.44998945225954,6.1253651178658
4.47026867104656,3.53966995439782,6.65134297782736
4.70542637136434,3.75258821447213,6.86406951583006
4.6298951910973,3.7754767333805,6.80169983286905
5.04881577253234,4.06315213737294,7.40814787117909
5.30397029245149,4.35023175349619,7.6190453399581
5.31800428834219,4.3983176964101,7.58243034383294
5.52792780046418,4.46498366557138,8.08291440762991
5.76371566072836,4.73722185490893,8.321137572739
5.8031116564821,4.69132251091487,8.3522719887816
5.75187118223131,4.73522738528011,8.32725153464903
3.11890086291188,2.57627606255931,3.89647079583377
3.19030021030169,2.64523048565695,4.18274013678106
3.05411250936273,2.54493973864001,3.40285610266263
3.09719082640834,2.57348770559579,3.34729991644886
3.04068324478525,2.58222202089118,3.18982335827717
3.18313068127172,2.69007926207897,3.51430112525787
3.32209199749094,2.80462842931622,3.22255355610554
3.37074786181706,2.9362032116957,3.50459950419428
3.389826441971,2.86347749007271,3.2293027777047
3.48740490790021,2.97661244218178,3.44388626870073
3.73955822687501,3.10117929728642,3.54542310719781
3.97094200272703,3.33682937386889,3.81446747626755
4.02747750999757,3.35779837743953,3.84252961944131
3.99928520291394,3.39396499856179,3.77622475767351
2.6960592166708,2.40043878155066,2.84255534124636
2.70349146546057,2.47744662345907,3.14465027403468
2.45413382745887,2.22450596392695,2.37360779604943
2.52058131252077,2.23941985134834,2.33630230255822
2.16641477940628,2.08778421061943,2.14388817007224
2.22408865544319,2.17388879596583,2.2336642035979
2.09898341427586,2.00809010096739,2.12643968509393
2.30197957165702,2.12173547122075,2.4759805324682
2.11154187057175,1.97179582742792,2.4341235539898
1.90213233725742,1.96321970236585,1.92488548057956
1.83976786290504,1.93613079997358,1.81769538307087
2.07651784975193,2.13446578090871,2.3388711457193
2.34483833549801,2.36997624265811,2.5435536436252
2.07444538995706,2.39408812741029,2.64655693560325
1.99701672397023,1.99211475163435,1.97338171063596
2.01105024386134,1.93246980866144,1.92210102087194
1.95213721729278,2.02579438304024,1.98106380340127
2.02180971888709,2.1118491730958,2.09571499565024
1.93486792176268,2.00335903190297,1.92284009882023
2.06807360608882,2.06379173983631,1.99003384189596
2.09180199579917,2.16457370858745,2.07624594192174
2.22814964862862,2.34340764010196,2.24795388418386
2.34432259157568,2.2990105936002,2.30964837472176
2.3999924707678,2.52186888664116,2.58325680586043
2.72260450456523,2.81133869261597,3.01846802170822
2.6983307090548,2.85078736174272,2.97307639784555
2.70036760653313,2.76588544191079,2.79541130787855
3.07210852519245,3.12027861614204,3.14414170838786
3.12205703926534,3.12534707878466,3.11411207746092
1.75260624055318,1.82522176917166,1.73880244805793
1.71210181222571,1.7803927434263,1.71295936320919
1.68552960961967,1.7558536858042,1.67902274093591
1.76584814568207,1.82940144799305,1.7645799941765
1.54826709597592,1.62154525271498,1.56838069781594
1.56587497549035,1.6376602296944,1.58585302343316
1.58752087949679,1.65284255529891,1.63970102678199
1.74307541979472,1.73053690332549,1.70893694260283
1.73311647162188,1.87461649754708,1.89524717660537
2.03251972573503,2.11316251278142,2.13164753970717
1.56502113822683,1.64976163452542,1.66779772484388
1.95023974075012,1.96456894837462,2.0194624365101
1.9056121549333,2.00697622817803,2.00007996117076
1.85001202135796,1.95375815726741,1.97268543692726
1.43338644984951,1.50509887561725,1.46913345342302
1.3492438571283,1.42316629683454,1.40640698764481
1.47846690180353,1.5427216670204,1.51460038609669
1.57770657733145,1.63322005693677,1.59102840668734
1.44413194479807,1.51271491931605,1.51327315195489
1.3841072551353,1.44878285459447,1.48080171449709
1.59147271246071,1.65043588570583,1.66800647192891
1.95213705471006,1.95505763342666,2.04266017119387
1.908456548781,2.01764665273268,2.01395735915956
1.95354888353764,1.97771574345234,1.95527509555623
1.42061457389757,1.51485663573729,1.49237788842576
1.35360916776778,1.45472209350731,1.45799245061372
1.51398241688289,1.625305076423,1.56736079523123
1.59034231221019,1.69623449216038,1.63314870572371
1.53946902856055,1.68470980099943,1.61122591479159
1.55583652047019,1.70792225881058,1.65542774666789
1.71051789207642,1.88076940964484,1.79725678842053
1.83261780764953,2.05981343734903,1.88834441667298
1.83358344137099,2.05198853730599,1.92670307638406
1.93632791979598,2.18993499631441,2.12396886838483
2.1729512051382,2.48555455926956,2.36370316953605
2.23152979275516,2.45784814558496,2.37822651814053
2.17934602022561,2.62722521860286,2.36736972958852
2.47008317272369,3.08311957381344,2.67526428013295
2.77155396736258,3.10362939798039,2.77943471295169
3.08451372303083,3.26057412109159,3.00082081224033
3.18198911428169,3.59080666809471,3.13184440427329
1.4400998170737,1.58882374479579,1.50144423859506
1.41301892709318,1.57796217346391,1.50328282011033
1.41821980149728,1.55131891385895,1.45086126552401
1.47486238944051,1.59449230785611,1.49302147914913
1.35632658967712,1.49502710754067,1.39002469172495
1.42281018118611,1.57831537639413,1.47427871630777
1.42727430225362,1.56115671957186,1.45133402637156
1.7495845298413,1.86027587708173,1.62700336536805
1.61885380758785,1.79718828072488,1.60930103546442
1.73969612863587,1.96413074687865,1.79501498981618
2.07338835233,2.40005691439131,2.27281313219492
2.29937257702225,2.55654401625303,2.23751351417743
2.11125824061858,2.24626868482208,2.04824720764441
2.50457578335741,2.61945027485258,2.50204141328923
2.48650765964885,2.48961691092128,2.43432688773187
2.74107539018607,2.90249842299972,2.46585899470205
3.12301291897525,3.29897829489509,2.85600191070253
3.2301332892446,3.35440197397409,2.9002113283042
3.14029497013504,3.32326611929972,2.79917479743336
3.40572130419983,3.63692791245827,3.07914816109858
3.4297478753718,3.56818786638906,3.10361436913748
3.42628421649007,3.62575179252676,3.07044868477324
1.20115231481105,1.33289971470211,1.24335086183769
1.16898438836316,1.31739723700009,1.22605213728198
1.13713918122331,1.25059307909486,1.1776369946123
1.19409708178371,1.29878920948941,1.23370717305965
1.02286355290522,1.12979615214903,1.08112693236169
0.990267413442935,1.10194570319792,1.06324076680674
1.0264477480112,1.11400126911458,1.09953606616123
1.12483178813029,1.20460621868883,1.53868349757797
1.00054413828774,1.07876768413906,1.42965933222828
1.45915557109862,1.5068253656314,1.93777137475536
1.44323205449461,1.49636935030188,1.94151184840066
1.43203459789774,1.49908444952984,1.89801619700829
1.06520704007374,1.14656828902147,1.53968196657474
1.47746885762772,1.59208041273874,2.03839206922085
1.51515106331396,1.53778466031527,2.04735507095461
1.51882063000986,1.55667037796878,2.01725584575882
1.01827595333717,1.13605591743044,1.08393012298519
0.963936122645942,1.08795047146343,1.0284260444813
1.12084691556619,1.24496599467553,1.20264331893141
1.19542160388833,1.3120223651254,1.27371724284629
1.17457652420338,1.31838977943042,1.2833202756912
1.14614882014557,1.28683959362363,1.26487603963619
1.33864657045961,1.47928658410661,1.45851410650215
1.40852055820299,1.53335322414462,1.4712498476922
1.42127449047003,1.58144551620221,1.69302074569302
1.42364547129614,1.52346550539465,1.82572309654316
1.54002193439297,1.58798736159821,1.99201461716891
1.56739514901827,1.51857915987208,2.20457607249044
1.72441578571319,1.77218357611744,2.18388555173802
2.09282950876092,2.12633599067254,2.583331005305
1.97364722661646,2.0358619497228,2.39526729641407
1.87590903588206,2.19882606181725,2.55469933327593
2.01763588676166,2.62191935432443,2.75441705276055
2.43521789504961,2.59980685490197,3.12406950980164
3.18131307437305,2.70781596890394,3.60560399747475
3.26220469173939,2.56567861616219,3.57570072987319
3.82802045420073,3.23762974119644,4.21196192583922
2.69050780664772,3.37637247273504,3.64228540907365
2.59811821887949,3.82517423364705,3.71644465914107
3.22388997142123,3.71153327271674,4.14246431499381
1.17328322364477,1.34441246890172,1.2980320443954
1.16907571330622,1.35326428248388,1.31701589832714
1.2161301454628,1.39927878039781,1.33346872951619
1.25902942674532,1.43327562748032,1.36603207813701
1.24375897759375,1.45668130131984,1.37580736573271
1.30988015766,1.53858848056592,1.46257715773103
1.38308465088801,1.59422370799,1.50986393529511
1.55551449785427,1.93206535655268,1.68422741421697
1.62266299080142,1.80123014887007,1.70913558429236
1.77960122618849,1.98486353835012,2.16317635511104
2.17321756786048,2.35197376757,2.58760209941121
2.29979255274865,2.502543378615,2.75379186335061
2.23979885090888,2.47704991849375,2.54186951157731
2.69177230571088,2.87776800138719,2.92911828044202
2.63479657441931,2.77395679483511,2.72208261685323
2.80950428030044,3.10739043267328,3.17711871942616
3.19565862298804,3.44203584857502,3.49059459469798
3.23773399277977,3.51020029488991,3.59006782975588
3.27944840691112,3.65978112046005,3.70382441423575
3.58748294908032,3.95882151890348,4.01454479935632
3.57389620874052,3.97870514630252,3.99918426876352
3.59741932786463,3.98090494211562,4.00297665733057
1.12744213520521,1.34453849745353,1.25039544593393
1.14499419343695,1.377110500197,1.27575132312625
1.04484856291015,1.24593532757623,1.14361751308948
1.07285413597107,1.26415016993154,1.16111817796768
0.955518052713798,1.15654155954738,1.04217223241394
1.01165340512377,1.22711520588984,1.11352433236002
0.954365439665348,1.14033490645751,1.01268625721358
1.42996169270636,1.55309917904683,1.47633536698994
1.36530904158352,1.48997254155377,1.41059230645799
1.44549001257251,1.58764716808712,1.47255606573249
0.866024785530776,1.06203665280752,0.949180215731992
0.842171654661931,1.04864182602032,0.928709670926942
0.864497473450612,1.04821791303323,0.950195817458574
0.91681226561138,1.09150316997914,0.999017426209986
0.848768602079717,1.02715596026777,0.943234483338438
0.811223895929558,0.984322092967523,0.886006442500277
0.935443082864296,1.09620636564896,1.03014319834829
1.4235414132408,1.51917040240084,1.49443527032256
1.41744895544641,1.54519233425572,1.4793531677029
1.41758288406374,1.51456657861665,1.47865335480305
0.900330345861128,1.08932024742003,1.01962240503268
0.891437481291255,1.07816554577948,1.00404759024715
1.002166356502,1.20100852916252,1.14675601338793
1.04780191598572,1.24378224325945,1.18656524237643
1.08750371475878,1.29613810999121,1.2566562238484
1.11925915530845,1.32327784218743,1.29603569690471
1.24316626306822,1.46310916837614,1.42395161374247
1.62797258898121,1.80550596275867,1.78240853436134
1.65336183099093,1.86137822233158,1.75654695993425
1.68383364104932,1.83159268119287,1.86505859933132
1.04667303133353,1.25719923880039,1.21586576347881
1.07352495633686,1.27843304150283,1.25123690807855
1.01473513424035,1.23589790549815,1.17431050453737
1.03423331609763,1.25645835896262,1.18521426672417
0.997316890269162,1.22741954423857,1.16065616694349
1.08317079988556,1.32572438841463,1.26418964905729
1.05459870369824,1.29606124027811,1.20956625536729
1.03839504491195,1.25984794718966,1.15833709556823
1.09525193974523,1.35004079468519,1.25442920609531
1.4936660573148,1.68525844900078,1.63530581600892
1.54679475335698,1.72411148289049,1.69124103287452
1.53839919073394,1.75121124963193,1.61270551886863
1.22761339538498,1.48913485219411,1.40687303540852
1.62538518219592,1.87981120652129,1.73905504150065
1.66029489587852,1.86369428353031,1.84046808667834
1.6590932434182,1.84325092731074,1.80335745040929
0.882732913963908,1.10151198293273,1.02730215424388
0.906150674135727,1.12802498155359,1.05736857727522
0.794490276085406,0.997904156271745,0.916463783941086
0.815563911670503,1.00830386042632,0.928949583863844
0.721608844507143,0.905454459261076,0.82692455159594
0.736225761265436,0.923470887860704,0.839337741892698
0.703353277213684,0.873468709009318,0.788938804887951
1.25552009443039,1.33424168809351,1.30525908898125
1.24329349680391,1.35681114310936,1.28520711158624
1.2787285358406,1.38282549871998,1.32296200802906
0.7373531482326,0.913531435353035,0.850602332446909
0.740609107766839,0.909809670340257,0.84704080302201
0.811389861740816,0.988574426669503,0.935656622522341
0.843680541924351,1.02877607678285,0.975368621122428
0.886511082554379,1.06842245036535,1.02561481268412
0.879531718935922,1.05049690945996,1.00776250448496
1.01197415438292,1.20942992016029,1.16236178492707
1.27612653460632,1.49754839723326,1.40086788029734
1.35537025831497,1.47587815746843,1.54739964345015
1.75098258100869,1.78054153552398,1.92257647681309
1.43212084523515,1.53854129446525,1.64747228723319
2.36651180836714,2.35688347363673,2.63041886987028
2.83862691450719,2.76524874452176,3.09712380638601
2.7058984258234,2.70682798321551,3.05510033779995
3.38421404670179,3.35374095855232,3.80515634102362
2.2091283586998,2.24077742200956,2.50553122880489
2.65482792616551,2.63623065430259,2.95515117742308
0.922818223764762,1.12129213143623,1.08239734276081
0.952707950706613,1.15310213682968,1.11674257367478
0.962435437452833,1.17330994183762,1.13614431198491
0.985146701685413,1.19228240539051,1.14856125652814
1.02544072617895,1.25346371383529,1.21571021258111
1.10211565865693,1.33179829050057,1.29581127104542
1.14264366030572,1.37872554988087,1.33310014689593
1.27318532816076,1.57907793087114,1.44535130928439
1.3347842911508,1.57837848065936,1.57992833567757
1.63519701989889,1.83855517027008,2.3616331050334
1.39239714284256,1.60287072832719,1.92449129190208
2.00144905718599,2.23630610629445,3.00382024128991
2.34887370136236,2.59194803503,3.54031832289089
2.15050747837736,2.44282828886516,3.21633421340631
2.57436227707758,2.92888639557678,3.86938933477444
1.82005017266646,2.0850738257266,2.61832127542806
2.0835594784886,2.3931182200804,2.94701445148808
0.956496911843462,1.18461152110942,1.13769809745719
1.00351741562457,1.23535639737617,1.18426980467922
0.87876055205889,1.09987715832242,1.04490291682092
0.875671541297884,1.08578959186199,1.03698120346562
0.839297014013484,1.05637763025043,0.987332741080342
0.922015753233498,1.14789272781062,1.0750409141421
0.831304379105744,1.03672325141875,0.965609719036709
1.37373099749869,1.46359888549448,1.45662226930279
1.32589282222319,1.46155790789389,1.42123798649989
1.26997912214348,1.46962994853782,1.35198248368646
0.781070422494802,0.991655777221174,0.903427012464818
0.811946880187288,1.02542772969953,0.927407851928267
0.749496230718151,0.9457719981176,0.859107956298644
0.764256988603452,0.954493727887203,0.880835260210697
0.744271590393641,0.930989604777992,0.833697839612346
0.737864805628749,0.914647185539074,0.814364910237219
0.783697444878091,0.952278371144574,0.859097136074749
0.799999903366746,0.945459155645932,0.84924201281217
0.85562591437427,1.01921846443429,0.943254547775729
0.860450207163035,1.02765965787937,0.931501087329899
0.955189029409576,1.21787616142223,1.04078594784593
0.944867093398921,1.15030346720122,0.98714882508241
1.44499235319355,1.62968922356137,1.4728278187019
1.41244990915233,1.61842497290232,1.4591587830662
1.45363478156097,1.60071631441104,1.45173208087586
1.00394576350691,1.26036697482197,1.06578650539583
1.47290199347916,1.73248349282334,1.52393786655813
1.46670916492236,1.69698459961559,1.51856504063126
1.50915234903679,1.69849821292004,1.51834912830096
0.799792117386123,1.00161780749953,0.902733699166046
0.816510742044153,1.02346804693628,0.909249239446463
0.871420397995078,1.08430098071459,1.0070143352568
0.894693471288751,1.10449184036972,1.044714295196
0.952049751040852,1.18049284719961,1.10427019167617
0.983277494930737,1.20551271446685,1.12551774137568
1.07234568136242,1.31331942743673,1.26211934854033
1.12125777065246,1.39025897680209,1.36429943852686
1.18360166621572,1.45220422033205,1.40814293039063
1.17745164342637,1.43188531156241,1.39289116919236
1.41662993283819,1.67278510399186,1.61804806199258
1.49732350878513,1.70094093862748,1.66095355645228
1.48365793356774,1.71992575164179,1.67175774775102
2.07075964004847,2.23844073915169,2.13576839066216
2.04011736612395,2.24873331740602,2.23188138139205
0.944717166204592,1.18150849349583,1.09640734492356
0.995045153122168,1.23079401691267,1.13708093522484
0.928030944706765,1.16536000905074,1.08829670991808
0.938141212492199,1.16233569080859,1.09857366411591
0.955478357627509,1.19846871124671,1.1201198258932
1.03311391452713,1.28662636516611,1.20435296154836
1.00669927418214,1.25193546820154,1.20321289823169
0.982355612028973,1.20953988663145,1.17838078345733
1.06783640872497,1.31476797122632,1.27508524833782
1.45284186980421,1.66711733034088,1.75595271956546
1.12673374625506,1.38394178454542,1.41919125746031
1.48874111643375,1.73574938736151,1.92172917894262
1.82992551260203,2.04127239281078,2.28280007802096
1.40310452768175,1.67593184090109,1.89735569885778
1.62531482369681,1.87477761337177,2.19842536878697
1.36779701423041,1.60692610321943,1.71962801152989
1.78358541423885,1.95522001944603,2.06838131681715
0.904468056057917,1.13057671852118,1.03562670242046
0.972511522769947,1.18667553177647,1.10195896749447
0.827177207902852,1.04373466835314,0.934877494909871
0.817211152973704,1.03055593972963,0.920275535473721
0.803960305438065,1.00171013095615,0.892072360640829
0.853971650944627,1.0482765456453,0.962382726884708
0.772218859963737,0.958132792260131,0.838599410087157
0.836815802264874,0.992001753577271,0.914972049459519
0.874726908926113,1.04666505149034,0.963675677342754
1.42226780567265,1.50017945045729,1.48548170440281
1.35741347520411,1.51072516446604,1.45292011025932
1.39354395919376,1.5051038863218,1.42462938804382
0.86913657808937,1.03259675136053,0.946167818244159
1.36978873636479,1.49672072335663,1.45029708301683
1.40608515314326,1.47829876817802,1.43101353304147
1.38386144548737,1.50824445926698,1.45745855479303
0.829904968457557,1.01830227616337,0.911721409266211
0.884430525114162,1.05661115002078,0.965633894379341
0.844225691201522,1.03997856340063,0.927990794269309
0.840578700482019,1.04687958402883,0.934191580284621
0.903539784827209,1.0976895038313,0.988253747746353
0.92342186979214,1.09714393842608,1.00370413372704
0.96555734919168,1.17276196970875,1.05938049820612
1.02931540839072,1.22497227917942,1.14527492767404
1.08457109461217,1.28204960314518,1.19774808560691
1.03641238941205,1.20215230135323,1.12803030098654
1.1633380973372,1.28246924182565,1.27225000165664
1.11346037154144,1.20070138284774,1.2057279487403
1.20584230011654,1.36506544527916,1.30625039588966
1.67220957280912,1.78799993944434,1.75716689895804
1.739898444835,1.96340362161389,1.86946927878377
1.58482063690499,1.66606269100243,1.69701706078117
2.17873144011007,2.29791860235256,2.31114237005933
2.08737277432093,2.12569729330972,2.18880138594987
1.70827026650279,1.78043469460853,1.83628387276488
2.02406989422191,2.06444170577133,2.12601666829491
2.02238898549341,2.11134677263244,2.13746216684338
2.01081146173604,2.05690685429123,2.13480927274687
0.954044708355317,1.15354626098252,1.04414020808726
1.00677164046845,1.19717677397085,1.10391314427741
0.980358659704442,1.19338827339664,1.07708893739293
0.984131117329512,1.20075162180592,1.07926497934965
1.05180986403069,1.26589179019848,1.15545560854613
1.11085568354458,1.32109759577753,1.20907362875349
1.13909715247446,1.37110824359286,1.25962421407182
1.37794866046464,1.46913458601133,1.44131778127311
1.53298922501369,1.54728194856813,1.53239550404818
1.60048227469844,1.60764869745302,1.62725648185618
2.20847310497125,1.9730253661144,2.11604816074463
2.06474207841843,1.85589346077152,2.01088907552721
1.73894777860764,1.92238014023455,1.87772301580972
2.16917494107317,2.41583172798063,2.35002184274879
2.19506778612714,2.40139468658108,2.34247129491294
1.04975848395236,1.24291603840469,1.15837071131429
1.13424813066972,1.3102452203973,1.23837495129393
1.00424855226863,1.19725026485917,1.11706260018494
0.980385579211592,1.18721005972313,1.09309010925726
1.0331690430933,1.21852715245089,1.1585212371974
1.10317931167955,1.29767851002495,1.24730429101323
1.04648894849155,1.24770117688521,1.17654260430132
1.02389151846725,1.22512765264375,1.13493548536795
1.11995416251669,1.31749006978843,1.26619267442233
1.12397976586294,1.34477716021655,1.28153030003777
1.1630150593845,1.37786935270118,1.31871880153236
1.24073242641687,1.46422896994893,1.40771015349397
1.21587505049382,1.44447945104041,1.39473476010315
1.68898558960021,1.88854129550821,1.75567308398825
1.67236959585594,1.84192078614053,1.89593100792638
1.02488794956856,1.18827325854431,1.14649601433298
1.10031629925734,1.24931081511842,1.2312073420422
0.980869613306381,1.13502710655098,1.08891768639439
0.961437495001054,1.11312176556389,1.0550414862617
1.00290538111169,1.14774305085264,1.11445035188737
1.04799595148276,1.19251794228895,1.17330629738275
1.0029794306821,1.15439565304205,1.10208934773905
1.01039682449758,1.1893757258822,1.08777600352024
1.11433285641981,1.27715361347375,1.22316232762315
1.54942783192517,1.66145736778042,1.65859500491076
1.53142797559217,1.66928030356926,1.6076856924404
1.57506175380703,1.70483954430632,1.62717076054568
1.02996384649799,1.18503673846436,1.12582041162596
1.50729992500526,1.58642463973502,1.54019986862621
1.456646897695,1.60879410050588,1.55236425332074
1.4624256483775,1.58646758618733,1.53717490545792
1.04412321969265,1.18226938864571,1.15123035597408
1.08130689350991,1.22328776038555,1.2026140054669
1.07301115034629,1.20421231039551,1.16324952051156
1.07890587797359,1.21181764196525,1.15856637826159
1.13075241061929,1.26089891645214,1.22007059211149
1.16531537204944,1.30000351322041,1.25967728399942
1.22305016597713,1.33603416061348,1.2940890999374
1.59409449014035,1.56121501534931,1.54829309610449
1.55434210151175,1.64533154198327,1.64070592923205
1.59297303359928,1.7612128185153,1.7115820640813
2.19122269109849,2.35510529294827,2.31587928598687
2.06988127734973,2.13930024232786,2.13680842790099
1.78543662785909,1.99761267354459,1.89991031182114
2.30249082519791,2.43799635921978,2.36556694577624
2.23877830583706,2.48080267143202,2.33928392187893
1.13451413492466,1.27201304809167,1.23209599678811
1.18159938384216,1.32102204512707,1.2874745054258
1.12374717470268,1.26447552080705,1.21905178585758
1.11856405343512,1.26170689604334,1.21210992130892
1.15771039618338,1.30137965924022,1.25561162503727
1.21848405979806,1.346142073803,1.30239850844262
1.20898179145161,1.35673135556597,1.29629856213163
1.28029549642132,1.36445051076588,1.32819944170445
1.31806566354921,1.46379639995955,1.42861337821601
1.66925679954467,1.84677088471267,1.84167224428171
1.74783397892821,1.84881288335089,1.77762179683881
1.73359726639283,1.77203235229125,1.79546262187363
1.33690202034476,1.44174303061939,1.37383736179483
1.56312901505753,1.61064746620475,1.60196844601776
1.64371291452953,1.67770880186036,1.67428591390248
1.61193171312573,1.67717179050973,1.67209419276198
2.03944765401934,2.08333671289963,2.13200708413205
2.06941208483416,2.07710201796414,2.08797664865607
2.00203054749568,2.07501715927685,2.08913351111131
1.13591893202857,1.29700418030277,1.25246747075651
1.19221480973392,1.34444666088378,1.29667648152274
1.0867938748964,1.27292324340626,1.23124191600347
1.0715012637654,1.25947208118949,1.21790725997993
1.09253870445581,1.30323507104256,1.25796817721268
1.1400651542518,1.35465844141721,1.30306756662366
1.07382330121159,1.30780218945953,1.25783748180426
1.06669032347664,1.30457119924816,1.24364353244054
1.1630541228812,1.39430569138357,1.35392845250702
1.61456716981393,1.7954949705274,1.74821544698235
1.57042505063172,1.7904747862627,1.75444879850435
1.5708696380797,1.70925821328955,1.70140078972745
1.12300075372789,1.35161013277363,1.30588781039709
1.55072151912306,1.7100105421799,1.67940409255274
1.55757072704513,1.71712083381361,1.69294462159532
1.52968007348713,1.72448462203497,1.68590360347018
1.10656009418123,1.317985198648,1.27551879887611
1.15679327716198,1.37740874761065,1.33282202137306
1.10208187152714,1.30328271474686,1.25875005365934
1.09686696751672,1.28567666973995,1.24445715431742
1.13719809774323,1.34593098156175,1.28892586606095
1.15915260489823,1.38920575363992,1.32894143905407
1.17842658702755,1.38002182475816,1.31466226512065
1.58431593056079,1.71647657360969,1.65928182075184
1.59566384414311,1.73328506694478,1.66939457066497
1.57045987640877,1.76613665047836,1.72892190092593
1.1646597932109,1.35888776465863,1.30297109005456
1.20885253711107,1.41775008259701,1.35037068553652
1.16906090661565,1.34094137950206,1.29292466724873
1.15829435056175,1.32770860909666,1.28704114856866
1.20968354465928,1.37478779944822,1.32119600037457
1.24896759397845,1.42428622688269,1.36000943881956
1.26026569476224,1.41209167396744,1.35723933447031
1.64207733568155,1.55652677699917,1.4996263076484
1.54269510261463,1.7345973830152,1.715315303126
1.70547737773243,1.94887772278425,1.87260697622445
2.08289590124517,2.37177612264123,2.29175117207104
2.35565265391453,2.6173897216374,2.52675306512154
2.20063503047761,2.25749520059206,2.24104732238372
2.7504955632292,2.73777584704034,2.70047418906923
2.4151108674797,2.39019065317942,2.456131800544
2.82812452149997,2.91028335694036,2.86662520864968
3.08936209672164,3.16188632720716,3.11202285045553
3.30931672982014,3.41186242599841,3.32039061039339
3.38916633671064,3.44999613285529,3.45118853595849
3.70849905305294,3.75185303205178,3.76504202232731
3.73109356777624,3.79620506295063,3.81858865010041
3.70702224692085,3.75800974806995,3.76266916112387
1.20822886445388,1.37172275961562,1.3246394153518
1.25183129577497,1.41532529498699,1.36423952416274
1.18547296095372,1.35189323589508,1.30642183994459
1.17613847503394,1.34074747213235,1.30037155230582
1.19445665522064,1.36785048372963,1.31956690610581
1.22462246932152,1.39066378396113,1.34110343258313
1.20930040215754,1.38665848595121,1.33290150446757
1.21090971148705,1.4029897199385,1.3436165829718
1.2467505499311,1.45060055433316,1.36601235759042
1.24898904504749,1.42533259023525,1.34675175355806
1.28678364233033,1.5113082594214,1.37982488958186
1.31290814234722,1.65244356066381,1.43764703803117
1.3066103945579,1.51055098654388,1.38349569670072
1.41860680929407,1.76057939182445,1.47056321039008
1.42933581521493,1.6837896649628,1.45573995683454
1.39434277648035,1.56047497028466,1.45939995339945
1.52131370365895,1.65631441377541,1.53788852792874
1.50649217674188,1.6413031971774,1.51876662863739
1.4515756069877,1.60562894740158,1.51439181395541
1.61387242078255,1.92543506023836,1.84172008630292
1.82792122241119,1.80640051124939,1.75532260253101
1.83050916680945,1.94402638492613,1.80611718675932
1.19110940683348,1.38215125865537,1.33449194872465
1.22732304407522,1.41948031803697,1.37378809750623
1.17569412653796,1.381516518379,1.33390387197663
1.17446751927531,1.37936210100991,1.33028507191439
1.177909261547,1.40695821596316,1.36406733874456
1.19647384308698,1.42939810138335,1.39177931862895
1.19858739730956,1.44160037364169,1.40018763852382
1.25672032310946,1.48624999491516,1.44495657035634
1.25543630163374,1.58497460816071,1.52178316881718
1.6267136415264,1.953131770031,1.90468647667495
1.66414127826843,1.91812301042659,1.87638189310644
1.66626971088556,1.97992247287283,1.87163912248657
1.30620268056316,1.62142242749658,1.48047144238628
1.71850746975447,1.99224727026303,1.83827290074066
1.72762120033133,2.0146148781302,1.86018877731727
1.67230323423065,1.96268686005298,1.83180387475945
1.18963673028725,1.41244115919633,1.37208825088208
1.21073447858413,1.43808475030878,1.41005539690097
1.19794039067145,1.40583644728187,1.36240125898125
1.19778894816442,1.40638758848804,1.35499189159729
1.21897549692621,1.42305119446225,1.37954874023159
1.24238437277883,1.46106160371366,1.42025032376969
1.26638795375098,1.4543081679044,1.4111044861662
1.50461384917056,1.62132925140656,1.59219402214058
1.52539141926702,1.68362830436816,1.65851584352193
1.6517141377855,1.6863279894835,1.82494622754175
2.25770846761468,2.17787751772687,2.43828480384823
2.11513348418288,2.06787978471889,2.2490109889559
2.33349905390394,2.31985780888578,2.43648095558439
2.61282224782834,2.4479937836545,2.7498663080876
1.21184957744135,1.40704186417414,1.36322463329291
1.23009785104844,1.4288925344727,1.38885926958268
1.21144352228498,1.39111970663945,1.34280944609005
1.22435188636617,1.3921425428851,1.34169491009749
1.2167807506762,1.3898742250123,1.34569199455201
1.24430935324141,1.40853746163144,1.36748959202265
1.2481704930774,1.41128202244944,1.35920754661894
1.30718166456453,1.45474756125077,1.39094952086007
1.34603385574936,1.4602173651601,1.41275528121109
1.33786888148368,1.46388549807236,1.40666723871967
1.50343381890063,1.5586288142636,1.53340736093467
1.5060724733513,1.59335345838979,1.53536108018403
1.39241093717422,1.5299522235985,1.46052202731815
1.80746211388188,1.94695197938058,1.88732323251331
1.83671887199973,1.92323919502622,1.87812474074322
1.19228844713431,1.38015831962688,1.34290717642255
1.20487113102138,1.39189745264527,1.36752311418502
1.17486836192169,1.38048107699983,1.33868589297655
1.18637240255125,1.39301249107914,1.34352740256475
1.15739729179469,1.38024932106149,1.33412162264874
1.17847679634564,1.38416229362445,1.34206536390793
1.16794818058825,1.42018724453833,1.35969366588849
1.18297570038935,1.44240784992821,1.38078217455215
1.19419200817316,1.47165653992393,1.39275140987975
1.60090179178153,1.79723916617422,1.69660836009153
1.54713951118347,1.76168158422167,1.79788936415618
1.62531602849514,1.88841291912423,1.73784227149445
1.21409417998472,1.45331602449288,1.38651021578117
1.35182304041318,1.53095551483806,1.45824277443367
1.34504718494189,1.51237854973799,1.4683765359864
1.32822599167477,1.57227833973853,1.47620615794427
1.74716230303003,1.89686464055136,1.85851867909448
1.7247779659507,1.96682724892927,1.83421453022802
1.75000468368996,1.92932380343051,1.84004978753773
1.14111145048259,1.37468676567511,1.32422795450771
1.14704428210065,1.37914204822872,1.32567971499516
1.14411621266564,1.38687974020182,1.33451308211467
1.16095397140233,1.39893658299352,1.36144309335692
1.14600614783968,1.40304744571412,1.33140407396949
1.15995153906306,1.42673963389811,1.33426733054708
1.18105076899769,1.46036142314837,1.3772046906926
1.23682950783299,1.5116980776544,1.64154405219331
1.26545971047728,1.57209056443604,1.37990475540301
1.65172685598585,1.91389642827619,1.76941512134735
1.69262610026701,1.90721389722225,1.79139656943587
1.66765856334224,1.94835640689689,1.81707429512543
1.28656010126857,1.5331696219862,1.75556146597194
1.43017878062808,1.79191158995271,1.98002751606584
1.48712519698327,1.76749070492242,2.18267995428803
1.47816676882222,1.83309760488791,2.05768480943492
1.88772091137758,2.23833322682186,2.44431909251627
1.89950228561795,2.26027483871869,2.37917743685707
1.87120966465677,2.2362769783746,2.44117778265789
1.14311645307683,1.37834832430571,1.3185807653079
1.14923541644478,1.37947893284438,1.32228749700359
1.16096219151818,1.37741478349932,1.32059735170334
1.18624081058383,1.39448784454245,1.33452018195999
1.17409332328165,1.37217411241143,1.31875671420291
1.1935145514645,1.39745159855159,1.33334576024848
1.24594161027401,1.43734487898663,1.39512300219947
1.51101533433195,1.63461453129383,1.5881689019279
1.59702089649907,1.80678676602621,1.76955039921162
1.73110096422383,1.87519124985364,1.84638412710378
2.3480382699638,2.49667582590304,2.45592010995435
2.19500774387165,2.26746274668674,2.2743987187406
1.84190203057597,2.06314563216349,1.97686709928509
2.27290265517424,2.4822291497134,2.37990047103294
2.23757466289609,2.47986389286839,2.38609513557029
1.14312255484228,1.32278049207333,1.2729552550628
1.14254879520542,1.32375582302632,1.26497651778718
1.14084954639181,1.31097951392485,1.26765447275118
1.16035306103041,1.33812886816204,1.29640004160029
1.13464452875962,1.29042769076525,1.24429579206415
1.16414203289619,1.31046552100219,1.26236166593927
1.17904852553673,1.3249427192204,1.28017980898433
1.18296006422518,1.34159423655938,1.29392697197543
1.21097044885301,1.34849498741536,1.29272398084088
1.24562414983471,1.38634101563437,1.34242088695697
1.27880440002599,1.41148064677866,1.37109929710266
1.34218958061798,1.44311991542415,1.40230821789988
1.71698217894259,1.78492837704344,1.77763988793815
1.7126927936245,1.85275212753218,1.76279955227098
1.75796318379396,1.75608359177221,1.75663546311153
1.35301458753703,1.47556851575266,1.40934149064888
1.7502062999917,1.81506937185441,1.78025995871359
1.72393998162292,1.83091180987062,1.77121534211398
1.7512291648741,1.85822869780704,1.76605369546556
1.09676277262609,1.25888559861415,1.20704190088335
1.100576692824,1.25247172175722,1.19128626053893
1.0863336664621,1.2711320541554,1.21927186738787
1.10504085093521,1.30577813370527,1.25905421458023
1.06782990665808,1.26931532211877,1.20736685193635
1.08356413110562,1.27438665193894,1.21352663742518
1.09532904449531,1.32369107881745,1.24903647091692
1.11789495075548,1.42795176587434,1.28361669640315
1.13836467586724,1.43525809202557,1.31580868403879
1.14754428536115,1.40779360961112,1.32040389636215
1.14033257804394,1.40318673131352,1.32524388656646
1.53699344010454,1.82644890075273,1.71294625567384
1.58039413901295,1.7627664252798,1.72906749350587
1.55087101220687,1.768415241943,1.68667343059422
1.04575723292374,1.2543160802252,1.18238991016599
1.04649654357359,1.24788415553119,1.1658459202264
1.0572313130345,1.27595136363779,1.20350045094368
1.08642098906168,1.30379268169414,1.24140382622124
1.06453872178852,1.28420859640949,1.20036731396101
1.07774328594995,1.30230240816573,1.21433696017221
1.1351164863682,1.36179350108996,1.27843448344347
1.60067598379778,1.7384483227774,1.67012636553264
1.54574619108452,1.70416696925118,1.66686625118537
1.51673085452174,1.76053716275604,1.65467475278568
1.04944129209645,1.24263814040695,1.15614500561147
1.06034892050324,1.24424606575607,1.152138436749
1.05954095820601,1.24075661246053,1.15745977734209
1.09744455095962,1.27254175998557,1.1966095637171
1.07905920948203,1.24059557977515,1.14731974380622
1.11558584986966,1.27524165054195,1.17240382821568
1.14771848764519,1.29467979772981,1.2092320822367
1.032788229845,1.19490273780226,1.09539715108635
1.03566256786119,1.1967157534676,1.0753907450338
1.02645868550853,1.19236653918366,1.10322727247695
1.05972645839196,1.21935497019473,1.14399265603513
1.01394845205347,1.17438478858626,1.08384827100151
1.04244332979893,1.19563020651736,1.0910174671055
1.05546991277627,1.21705533412839,1.13891849589895
1.5113346077352,1.61787771290999,1.55598570375386
1.44812941987416,1.60363186801746,1.55474678331734
1.4986297155807,1.60375468639162,1.55580396324342
0.974452325228366,1.13810910307261,1.05288618186123
0.970997297850406,1.12875150156094,1.04491132688545
0.975583000753373,1.15250279834532,1.06932692084338
1.00900891442776,1.19504286757023,1.10502533560334
0.969010206333332,1.14698172932699,1.06991188226232
0.982634077738217,1.15646594548645,1.08436997148889
1.02049444175321,1.215472242774,1.12756626696424
1.07251341371743,1.29950317486297,1.19585625917523
1.09542327373452,1.3029120353127,1.24859534210516
1.13449874424695,1.35989818527214,1.28492638017049
1.09007843114037,1.30029271184612,1.23551908895638
1.54610583771616,1.7255330790592,1.65603110355473
1.52606955683188,1.67119850276267,1.65021330181126
1.52032560062633,1.69475376714358,1.64901642386775
0.947653796946467,1.11713216120605,1.03792699765911
0.945317986614829,1.10645234381946,1.03467895264541
0.959316246507312,1.12615174218286,1.03922301138342
0.990549907198784,1.16545816616077,1.06882139091919
0.962260869999205,1.12723079204314,1.02406050521912
0.983111126607828,1.15477406034359,1.04773562993819
1.02860237083742,1.20541612865563,1.08692993082728
1.21535264843244,1.38462166842077,1.26697361293414
1.24671253836666,1.44992620824129,1.29348447602131
1.34406866658122,1.51529215075528,1.36891525294444
1.89686426554985,2.04857459548638,1.88796529443493
1.73133619096883,1.83598640558403,1.74397461056879
1.78157500938997,1.88975782992688,1.72027678873691
2.42188450952294,2.45129180104304,2.29581743104194
2.33536259592983,2.43127493032312,2.29057975780615
0.92649499250348,1.07925092440599,0.979063430634975
0.930394533625942,1.08701651558691,0.977260011366695
0.922202619435604,1.06186672539066,0.972326693683983
0.951429259894075,1.08657673280686,1.00847556016758
0.906656116661654,1.0391618056936,0.946689717842512
0.923408462328484,1.05054839099849,0.953069266302359
0.951254097727911,1.07645937286047,0.98758851481936
0.990606541995066,1.12914910152806,1.03917219713822
0.983049249483035,1.10055216355814,1.00247591156746
1.13813635315068,1.2403295053887,1.15924637587012
1.02979160095961,1.14821886674342,1.06827082563053
1.26709205836314,1.3794954570833,1.29351233822018
1.45095844437601,1.56511671499353,1.46729235851451
1.25412323244533,1.3911313125682,1.30449857556457
1.39840488181098,1.54627715543369,1.44796488766703
1.13284485615276,1.27734694166844,1.1904062372945
1.20950174455256,1.39077647771111,1.28467997109928
0.880474865409219,1.01244746791976,0.920970212696206
0.885491054842265,1.02469619142495,0.914292498068156
0.888757865998964,1.0223209135902,0.940387941042478
0.919526228382605,1.05963034190551,0.981515981898216
0.882758134195246,1.01005569733584,0.939658545379994
0.890662368480749,1.01003643515428,0.934518758148833
0.936490452298028,1.07118815602532,1.00628596714766
1.3753505576465,1.51220997304419,1.46250209340481
1.45575538309016,1.51351189835847,1.4256374483868
1.40045539422475,1.49398362560001,1.48645524080185
0.873122096900179,1.00119752922369,0.93148028425791
0.88395954889922,1.00106246190926,0.932232092899582
0.895408811184786,1.03599044040313,0.957610706229664
0.921304763991206,1.07356402684778,0.989775147704272
0.921878215010194,1.06799515860048,0.975803457457768
0.95308950965336,1.09513228496481,1.00539256873478
0.996236004687218,1.17819096149168,1.05995905458574
1.18619195076624,1.40285345785293,1.2762659259161
1.30194825273206,1.44041049192918,1.34083403204097
1.37798798553925,1.33222364688299,1.32592929200011
1.72582484005624,1.68916672459041,1.71645709226524
1.91926218422151,1.68637886695108,1.66512448649156
1.82381643772549,1.70709207663093,1.61934794514027
2.31496915323761,2.15405982556156,2.06446791833901
2.268501364667,2.18358977022357,2.09771686436331
2.36733192507882,2.16264869471182,2.05288172239642
2.84031318032278,2.61371938682598,2.53881663039409
2.67314084735028,2.50444880312148,2.46293793308815
2.91067948549493,2.63743901993471,2.47148493114024
3.21504457743133,2.97931732686016,2.78053229318377
3.25797361773503,2.9582611242708,2.78584087725873
3.24592412260011,2.9561196206032,2.81797358141895
0.903495346156082,1.03233002417056,0.938636413105619
0.946470810011269,1.06316114671673,0.964708143615486
0.888285566189093,1.01649610880934,0.917886395500456
0.906788165965902,1.03079323570886,0.941391960661708
0.903593595978806,1.02660602777991,0.910703620737642
0.968809781234921,1.09462319439666,0.966516544922089
0.955716262794716,1.08078106800016,0.952691206773437
0.851259018248438,0.955753199454391,0.848058575235194
0.885540773466332,0.984761611791237,0.86813768368881
0.820664967885946,0.915652813869083,0.820582137256867
0.848749020632409,0.941931865265206,0.85369896179698
0.792442669636078,0.877799368696324,0.784493660192584
0.820013528495065,0.909428077416246,0.802147928514869
0.825126765291839,0.918784407465115,0.820522634316864
1.3441883177705,1.38827402840245,1.3363030738607
1.32865891677019,1.42502065596995,1.33663240834581
1.33380018716102,1.39307860742451,1.32991056116848
0.773889705746161,0.85186096635954,0.763367865602255
0.779654094837658,0.851577496125522,0.757439617796557
0.796322721145287,0.887457257804247,0.796674505207754
0.830286995356445,0.932103110055889,0.842266853302121
0.815286803145582,0.920099777166928,0.804546378112642
0.822216227218788,0.933475381399159,0.799592283739028
0.903330968708191,1.02236550024997,0.893233811599995
1.15839963243291,1.13734503413394,1.16454886047938
1.16392379835056,1.07940315756977,1.06936348386503
1.15836468067102,1.23053788764544,1.15286708894414
1.70173383666364,1.70529493804262,1.67039510273073
1.56078599045108,1.85165056897929,1.62849532900107
1.41404509429657,1.62874717479501,1.36217435743744
1.7894829767372,2.26437858539042,1.77249690723902
1.85922790069575,2.16839811826459,1.79886585498384
1.67358535683511,1.75221550787137,1.48655840671868
1.91596117451047,2.04664068988915,1.64793200460659
2.07670261931244,2.04752181532946,1.86342430596532
2.2550511659816,2.02016264946611,1.91710202680964
2.63357105990824,2.37623341294203,2.28132928947491
2.6780112616257,2.36424198590439,2.28489135185213
2.65806121085308,2.37493952503038,2.34800957315899
0.823159773756116,0.923757392350653,0.806040361042885
0.851611587591837,0.945716361640502,0.82287819067957
0.846226575601591,0.957591923138114,0.8384296739434
0.867033348192763,0.981584548587451,0.862573572474242
0.888825640017277,1.0115872500638,0.881960563701398
0.941621286686087,1.07367536849995,0.929028234320653
0.978141353154585,1.12498865064586,0.98527732711096
1.46166001167544,1.54280676136673,1.42927588407953
1.4302274545461,1.57716344921646,1.48107658082489
1.45022541247331,1.55201059784431,1.45275334923176
0.850406789427988,0.952673781975109,0.83477683172232
0.902990248772132,1.0050202608187,0.875699464972465
0.80318610202917,0.891917177635923,0.79431277383133
0.813115039101997,0.904945104771749,0.818765731086521
0.776150914886005,0.855181017893031,0.761036716067723
0.827093372370363,0.926475045707583,0.817768292958433
0.81166643958773,0.877855319738904,0.802868655106058
0.832057294526465,0.885988330098911,0.81652320664825
0.827691222888722,0.893611215372289,0.821482886403696
0.936496332400647,1.01304533741658,0.946605734190957
1.48515988612701,1.64121927117736,1.5444803132696
1.11362122954773,1.21317769094,1.14423882469971
1.53301127232196,1.71082728769755,1.67979747157949
1.18033783487422,1.61438047195585,1.3288730819783
0.706514190784344,0.7778510294553,0.683396930246868
0.717825915531368,0.793566789315736,0.692111130397564
0.684681098261047,0.749608935703961,0.662367914715942
0.728358610418867,0.793592484250138,0.716602945094473
0.65231541027004,0.721631009606815,0.623628296911473
0.662764011053927,0.717290485873669,0.624249989975424
0.701681099325987,0.772764922135888,0.683174318365183
0.651422464706375,0.761910725635016,0.631049991413788
0.659324922663693,0.776843029756118,0.638519573399773
0.712752192355595,0.85392479999779,0.703642850579542
0.763425961166447,0.890268190651582,0.752114789326617
0.776967996917694,0.958770137117869,0.766786529140336
0.79491616247547,0.982507263536368,0.782079932214983
0.909755055584495,1.13224128448798,0.894051734613165
1.02936544395803,1.20719953338566,0.991585386177577
1.17160384976597,1.29034710470869,1.08264538924906
1.19488513230835,1.26374588819326,1.10963472199059
1.73387813329522,1.70823732384471,1.67551020855612
1.77060176075316,1.66095656357753,1.65295751150151
0.782378512985172,0.971403968373283,0.777131994525638
0.825223060856126,1.03354968701708,0.828315973164692
0.791092211930375,0.969788831912409,0.781383654524412
0.806486632395527,0.968001304658654,0.797634052892399
0.835322861990429,1.03466463632998,0.823629977119863
0.924748665752684,1.14228519110556,0.910466511721602
0.921244942143566,1.12474090365759,0.904362540282719
1.40309671243978,1.55637193188154,1.35610194874201
1.37394458951991,1.56203423821199,1.42756062029999
1.42619575746241,1.53193744586805,1.4015224801978
0.769504621748258,0.951696479684078,0.757852677012075
0.844378778961019,1.04009521267233,0.845903760750267
0.683763366414822,0.829581987666989,0.666106595310815
0.694505957153199,0.816956653714872,0.67496608911268
0.643006920346088,0.776575777971671,0.626294452119127
0.711964599093253,0.869200377232755,0.693527929536939
0.662378794546722,0.782425519498399,0.641002612908829
0.698431794215822,0.818158259411891,0.682260196282711
0.784586748914941,0.921285080952983,0.74954525715503
0.659992579336927,0.754125965206253,0.642484611551322
0.724897293062754,0.805706651132571,0.701304280726389
0.597360061544274,0.711806023791054,0.590105100839077
0.613702993948944,0.724242781081085,0.611866163967103
0.604239802869576,0.707304263164157,0.598486818628458
0.643330373450908,0.745068249107971,0.638317475102032
0.608109581938847,0.703077214683547,0.604818507034358
0.600665444323574,0.684298816670544,0.605093938990772
0.665928154362703,0.765865240133722,0.66090627572175
1.26063559694809,1.27916552354606,1.23965998153153
1.23892410027809,1.32661203181483,1.24614209810827
1.23349944840848,1.30269610316804,1.22824721141146
0.653952888302214,0.7548096675413,0.647620206830956
0.676791925753234,0.763427823258393,0.675873655122261
0.720255176888149,0.835268456005559,0.706984868904276
0.756774140674517,0.873385323470925,0.740788138936052
0.798987817845162,0.914496123819473,0.775621004193692
0.841339156426405,0.946685081713788,0.815837783668847
0.936263910065017,1.05287341098532,0.899632105950966
1.15275531948718,1.17969833531995,1.21173950549803
1.18198296467636,1.32576197007395,1.2846188915066
1.65449673977478,1.79011265222399,1.77858074142292
1.67470847274419,1.73375587587326,1.78202187548477
1.67307401040063,1.81719657493433,1.81381214162803
1.26570969804855,1.39369662082051,1.31199002632169
1.7304168330037,1.86161452548612,1.81941804503539
1.75768132721878,1.8343656259472,1.79960352422607
1.74490970493041,1.84181401939328,1.83301467629932
0.778634533332544,0.890425422490357,0.761439284833174
0.824552482161197,0.928190531699143,0.804413538105074
0.748893286390785,0.863230272116176,0.736606554329096
0.756643531545662,0.86770128226379,0.744027417302401
0.75561395165221,0.872722119432264,0.745719463285589
0.836309290999676,0.956623117652819,0.81989865406963
0.781245613893028,0.905287981588492,0.772524498730016
0.876710855512649,0.956904670920648,0.787081054173445
0.933609453915249,1.0601249476162,0.815986513922326
0.891293139909647,1.03738822427784,0.865085147765763
1.08086955726503,1.19940191607681,1.16388266956273
1.12604332480237,1.28714955196988,1.18415326850592
1.04448113564235,1.22328714481454,1.16767647386914
1.29499516867929,1.47992343051956,1.59533675314435
1.31865208374747,1.4502372041639,1.57549713561862
1.16763067767755,1.32680765529814,1.26805461436291
1.41037599107609,1.45221882772918,1.62198189273256
1.38752519801843,1.50860955558665,1.43102596656228
1.31259419688391,1.58489967265267,1.79243683876907
1.69358488882902,1.91956251530803,2.21869511100399
1.69590277666568,1.91921812596045,2.22033282080712
1.67244343530055,1.97025945079472,2.18292680047715
0.707512237753758,0.808766786175423,0.713184034229365
0.772209816400295,0.865276030676248,0.774721761929226
0.641337538975679,0.73041555369863,0.652437530735824
0.644504552977316,0.726317526655256,0.645261680285632
0.632679278162658,0.695916511383428,0.641450109124207
0.666953762285037,0.732155204075943,0.673836577755936
0.602312268788923,0.653793240418645,0.614235114470471
0.657924794305583,0.710218232445494,0.675288017183933
0.669279308321498,0.720582267032969,0.706914748460867
1.2624573695025,1.30470157559844,1.2640601280277
1.23089092284731,1.26338469512231,1.27351418919901
1.26299238139127,1.2694244561382,1.2663737630816
0.616036791396966,0.686959174064908,0.63101595124027
1.21203023973221,1.28206959578196,1.21585760192665
1.21320965478483,1.25654410138377,1.22353855810931
1.22928347648242,1.24313581077561,1.23332410675311
0.696110322145881,0.739697161011098,0.691825169975461
0.757624631598292,0.792017151304517,0.755240786840854
0.726107174220609,0.769070125149555,0.708874277507159
0.726263939441857,0.775141000472334,0.707290268095437
0.813848728505223,0.843915017550602,0.782807181629352
0.840400920421635,0.850518738342015,0.805974745023715
0.872094290480172,0.90134277902126,0.828309762752959
1.27563051831139,1.1539412550441,1.15527059745072
1.21251193571349,1.20961891026657,1.31175681677492
1.15445733378172,1.24785733725581,1.3519950082782
1.64380037694532,1.62549691700638,1.71022438585313
0.879258002486038,0.916503932154597,0.858921983512614
0.952909481147759,0.976438372253039,0.932118770660579
0.884367467808121,0.942055079831877,0.872937523482845
0.86057366579486,0.931847683584198,0.851650961620923
0.963301922515009,1.0243920986285,0.956162850982815
1.04383958465894,1.09518527166951,1.033030465187
0.994675498309182,1.07863933775995,0.988851644531497
0.959626901798593,1.04985112833165,0.95889683703961
1.08313985586991,1.16941485796282,1.07798625982601
1.04698728924206,1.14162170182155,1.05740501935026
1.11568194729553,1.19547056214465,1.15347975681918
1.11137984202109,1.21610092521074,1.15792734043329
1.13600739739196,1.22601070778699,1.22424828566604
1.19819237791731,1.31029719273532,1.25220862981796
0.96123353385936,1.02052396309249,0.967176971808738
1.04900699764479,1.10808471414159,1.06160296294609
0.883800243417615,0.948753386406267,0.899128445116512
0.843383454958598,0.912573868340447,0.857870058402817
0.888946549117256,0.955759794164818,0.920692474638778
0.963195590047331,1.03196529793733,1.00356521376908
0.826829867554267,0.90662377245469,0.869751477551832
0.900706693060981,0.969714634984204,0.911415305664875
0.838534994736749,0.895222938075152,0.857843689501249
0.873638413933809,0.958662425740552,0.921059456974258
1.00904570270708,1.06838203786894,1.0086274326108
1.12891859957323,1.18160902191783,1.11277408820937
1.61297780583651,1.61084027028015,1.59255560674783
1.59929242034397,1.65584128844445,1.56774357707775
1.62472425615666,1.6616401028081,1.5791232117163
1.03107523065246,1.08435954978245,1.02039472871828
1.51156236877769,1.54544410163094,1.48934781420827
1.52590757450692,1.53634632596597,1.4988205471723
1.54241309021094,1.57517835226973,1.50270625185341
0.918124648388869,0.971600998662963,0.949235224570529
1.00089966184953,1.05719763292237,1.04398137747166
0.883938005723833,0.92690769060739,0.901953731721571
0.84944482903065,0.890096519253071,0.862810831596468
0.936790122620583,0.964370537453067,0.943832334748723
0.957089543667078,0.989533764735345,0.973692801442117
0.913938834364788,0.930328451324011,0.912034088882085
0.992598456523488,0.983826503548358,1.00442220669016
1.03796242268736,1.05559140160143,1.05614727352387
0.926484865216418,0.905196882867257,0.936515590350604
1.09417207921985,1.03347204416644,1.15977038829668
1.02644687882021,1.01584247252621,1.0772213088105
1.49729916229795,1.47564238766671,1.5593043022913
1.4907911450856,1.48836931272725,1.53877625137399
1.53380008546089,1.53150890887133,1.57252637151732
1.12001398677773,1.02771116376181,1.12837548608415
1.56152568545562,1.52932485087964,1.59973268612976
1.61389268040994,1.4995810407964,1.58379503027365
1.59041591309543,1.48901715638823,1.62502941005182
1.0414453184181,1.06071794652489,1.03890375094348
1.11926881429477,1.13635573570571,1.12376303727641
1.07331359940034,1.08956524351667,1.0597422358379
1.04427427685525,1.06250836893974,1.03214790803563
1.18510620577752,1.19457190307372,1.16603976969391
1.23609883857758,1.24125958280425,1.21133990861493
1.22373327894653,1.24397163201983,1.20181564151711
1.61558870048913,1.61660610270624,1.5931923892884
1.62006321982744,1.62950514926649,1.60393402198915
1.60387811696983,1.65693606446371,1.60570396920531
1.24467671689057,1.25618433463663,1.24527234364874
1.34904209449551,1.35557465699949,1.35463436818793
1.20874764278527,1.22968974025621,1.2276373451472
1.15764147699127,1.18395594260686,1.16896803580206
1.2751032597241,1.29897520596631,1.33228812341477
1.37298912555718,1.3856026886481,1.42370551216369
1.29231298740703,1.30213957618909,1.42423307379716
1.49418662822821,1.35013533195136,1.70866998573523
1.56469589622136,1.44300298230091,1.86922495330936
1.35070642602254,1.33475075402941,1.38905317807821
1.65845620276721,1.49018123085085,1.84698790670469
1.59866313476186,1.39274639404291,1.96531155127232
1.33607797944986,1.35667733607257,1.62556674194597
1.43176971639705,1.43961991318355,2.10690901212132
1.4262070933111,1.42004869152945,1.69077745018457
1.21684653944921,1.27408696960632,2.42981819331302
1.23107186959164,1.30294845287443,2.73012833190972
1.15178104817598,1.21690931271301,3.23371020676441
1.20247794463545,1.24759738017272,3.31917980367071
1.29555840873912,1.32493523870667,2.81944122114013
1.19525161589488,1.23596897900219,4.06445413977269
1.11579351256651,1.19171466969836,4.26025963854786
1.16409776476406,1.24427190761678,4.43310284109116
1.12299332542713,1.18307056721671,4.94209585786982
1.27733491724171,1.31265698354844,1.33542509314277
1.38379074586999,1.42207817254428,1.43882280236552
1.19461925336008,1.23475926138539,1.25692882009851
1.1481576734,1.1854557851853,1.21146993478696
1.21305770294458,1.26439016291515,1.27510750701167
1.26828155097661,1.32868156291507,1.34206473150725
1.14995328481685,1.20224540275349,1.2123596803228
1.53786441183849,1.5587183766209,1.59844838341568
1.53046609724873,1.60770665143386,1.61437446348734
1.55540749884578,1.58113751335104,1.54028917369157
1.28507873049999,1.33607341415331,1.32332512623634
1.36362808097836,1.42604830402953,1.40139461178522
1.30722578497488,1.34149161072709,1.32570976809158
1.28282912167355,1.30921790264155,1.29869027639126
1.42074237285914,1.45029753376495,1.41318756579657
1.45235649699958,1.48952456596355,1.43950301541055
1.47904213481473,1.48282108369329,1.44344542608688
1.90364452183516,1.82198366170587,1.84128670009003
1.90808205228745,1.88743435332911,1.77352799165389
1.66086339016552,1.68347197308136,1.57806872333002
2.09968910271227,2.12667101623583,1.86501954086729
2.21414045421178,2.2191578598192,2.11436027994555
1.82879062686536,1.87697063908533,1.84952332506752
2.27545873417596,2.33231364221795,2.38413222989078
2.15462249913099,2.15865672076645,1.99343542083503
2.32420538683836,2.38994518775373,2.4600806537492
2.81796285435943,2.87224028626962,2.88590243603117
2.76658369045558,2.82618294152912,3.02509226224885
2.63689735591107,2.74008238448732,2.70984673651143
2.93252842949117,3.02982923610245,2.97414419074126
2.91916434769636,3.08430672567472,2.99926544747415
2.94613909076109,3.05117702635824,2.98431528820943
1.53118771483281,1.57138873199763,1.5203638358634
1.65426239836795,1.68941398085541,1.6282312406296
1.5413238889844,1.59646471370665,1.53853603179655
1.49891506869416,1.55277594786505,1.50546984504196
1.66814649405356,1.73928917930424,1.66676791395751
1.75926456514757,1.81933633589656,1.7452625690714
1.74781224337236,1.81884460749967,1.74206109231933
1.78731940168594,1.83625514935733,1.83459601297801
1.91929555745845,1.98759884267841,1.92091728802451
1.89110880294255,1.92621115148757,1.86548130749932
2.13450783689498,2.16789050303377,2.11084592848724
2.0886409992946,2.07999672043932,2.06704234960465
2.11792922775865,2.23193791878529,2.13690887997992
2.5521922005087,2.68307748505889,2.536712631244
2.52533171919396,2.68432468473695,2.60451744799167
1.68068677670063,1.78200995564577,1.70363040102692
1.81119245530356,1.93905059642426,1.84371180629216
1.59115275987863,1.70086130951465,1.63541507882327
1.53900288221644,1.62831142245831,1.57872791817282
1.61384836755602,1.76324534320388,1.69185133995833
1.66924963268426,1.83646488343406,1.75318176604876
1.54189234987558,1.70113968732407,1.64626129949127
1.58091473024305,1.68367426765101,1.66736488859798
1.60575422621122,1.68877742187477,1.77486989198498
1.67003261917249,1.80865226638324,1.80129808333061
1.79980412851089,1.88064272265966,1.93417686814633
1.71870974543643,1.87844462384748,1.79626008522524
1.7710508738149,1.91603673311687,1.85372493947577
1.80884941535129,1.99192057261992,1.88673455407775
1.82904329505991,2.0178239317647,1.90272593625236
1.93426164518335,2.13009384330407,2.01216292192315
2.00957713463172,2.19538636038269,2.08434508778856
2.10044672116701,2.33785216855181,2.18596968889784
2.23259135560118,2.36735418022949,2.22347009044071
2.2845445050555,2.52383398394023,2.38013143682871
2.41807628695682,2.62993446761758,2.51465319434942
2.72626228441616,2.89813063534075,2.84117951273503
2.67389742408248,2.75084150401205,2.71942195724568
2.67866331288294,2.93555442505132,2.8111620085291
3.06870501618889,3.31150774041835,3.18497169176501
3.03354392240738,3.29691871340292,3.2079612796081
1.88941381065679,2.08717705760215,1.97147002994266
2.0177963681008,2.21650773117635,2.09346176701001
1.78008365782608,1.98070762102168,1.87227018036326
1.75444385181296,1.95194242413008,1.8562864631785
1.7684246425566,1.97885044915395,1.85479495948692
1.86330469765668,2.09476128042368,1.95183803587545
1.73779522365496,1.96998105355417,1.83779911518715
1.83385810086555,2.13749933975202,2.055485725214
1.70837393489431,2.20559568918079,2.16942416474108
1.79655049998589,2.31254103762626,1.94923801436831
1.90178772893732,2.85330435968626,2.4172054528721
2.03843592569585,2.58753800006561,2.22193835794313
2.23056948006292,2.59654016217915,2.37083558164989
2.18010427937113,3.07993612645433,2.61736929165372
1.72850981961543,1.90940989817335,1.80087876878471
1.65099907258903,1.80842724003678,1.72597739678155
1.82620544658214,2.01045865395787,1.88684223439448
1.91922508088799,2.12771345228596,1.9807521701991
1.84783436252836,2.01315509838728,1.89206088781116
1.86034506181131,1.998761817014,1.88649826618559
2.03075852828257,2.20438775975706,2.07591027253823
2.22367174820403,2.37886096017289,2.15962137675646
2.20352236312325,2.45199876218142,2.16326587157708
2.37516414392921,2.51615478907889,2.41354050816964
2.65063570521621,2.72806995027045,2.64609192528414
2.65092725277259,2.85835279604871,2.62669171466559
2.74129583726914,2.85400020603976,2.67423402170204
3.0298224361945,3.15205793409121,2.91730280025621
3.3443780469038,3.43447381574994,3.23463642962125
3.61498018541803,3.70868566210713,3.5584564817063
3.79187522735959,3.8636712759933,3.59986256150449
1.75190311097191,1.92338063321145,1.79745740630981
1.73710723638267,1.88347009375775,1.76422266314875
1.7285083959609,1.93872579121184,1.79456564411007
1.78255806790283,2.02089966951461,1.86974808511921
1.67678025758251,1.90017652992084,1.7422431669406
1.73511503042879,1.95633927562215,1.79100924564977
1.7476058064512,2.05534287926199,1.85015701260626
1.74147980388823,2.53754703717439,2.21621648810417
1.76764804028326,2.3459370264251,2.12498899579317
1.92186797457308,2.18220226822364,1.90131211104086
2.33896145044332,2.79337950074523,2.49579931793141
2.86356027869665,3.10859741062505,2.98809541191222
2.54394510502099,3.55745902194192,3.0495551322258
3.15560207442797,4.30296265073647,3.79066679364312
2.37810031534619,3.73786849027754,3.11124685412326
2.65673713285115,4.74707662048703,3.94274409937564
2.87379465638085,5.04871138853399,4.29553197911039
2.36045959447243,2.63357610897775,2.3579931147261
2.89530509663811,2.90626243937866,2.79466934832825
2.5552001181861,3.35772989606975,2.92426989523647
3.16744006926613,3.96650392488423,3.60893862834788
1.5403061523547,1.73653458805001,1.6000436370147
1.52452555097263,1.70555199634794,1.57631560342045
1.48066546296451,1.67670031745561,1.54666775233566
1.53818150441058,1.74873281578443,1.61309138296821
1.36956430947381,1.55947932536927,1.44063083702081
1.33462582683699,1.5431190199443,1.40566580635925
1.36837860756909,1.58423619284467,1.44389701819783
1.45305750827014,1.63563649860371,1.52413507346837
1.31065663805316,1.54559446947717,1.40648607006345
1.64706813200098,1.90155192435425,1.76840810441474
1.69752438269838,1.83569495480471,1.74080621812107
1.66078971801027,1.87376658179818,1.74790027788184
1.43058737412478,1.73126768918863,1.52765404037427
1.78474200551492,2.06374036971439,1.86361812928044
1.80396474954502,2.05996251866982,1.88775327036266
1.77745985344429,2.06062941511317,1.87102418691324
1.36170230211571,1.50226679847257,1.41818121692493
1.31308709610046,1.43844533689807,1.36595644286677
1.4473019270506,1.57089301792698,1.4972966898874
1.5096776153343,1.64890787375986,1.56734060345608
1.48500367767972,1.58464476737067,1.51859049047483
1.4543273939246,1.55071800668424,1.48539400863529
1.61830929247725,1.72323036698568,1.65500636583148
1.83440367798345,1.90203500788659,1.91172727521794
1.85692275159898,2.02276989892202,1.98273643112147
1.82172915129884,1.97411086447369,1.88447097092314
2.2041982580963,2.38578554664538,2.30016384919598
2.3005439964193,2.54514293553676,2.36136547285766
2.08502428504306,2.10843056726951,2.12025962775894
2.53146155771855,2.52853850260086,2.51014169020941
2.46695813489092,2.42109705342703,2.4623082123811
2.41107536151581,2.39953706009549,2.49523176397967
2.7416316938773,2.61439518750842,2.83042563017947
2.7465519473886,2.74117321984239,2.79539728386764
2.8334925144829,2.87932629137145,3.03758025376202
3.14386761725701,3.22675249529196,3.39809671102192
3.18655862107599,3.2060307901421,3.36316752588188
3.14641905172447,3.20498242740447,3.38018876156481
1.49308981873864,1.58564133494025,1.5141066825675
1.48785962913437,1.56480562218427,1.49117456705283
1.53830819555758,1.65145406231516,1.56821809936869
1.58064888913697,1.70216276626333,1.62070051636352
1.57267957096281,1.69426996798127,1.59803098287485
1.63185410135946,1.74992468794044,1.64408585417484
1.69376306823638,1.84069119727746,1.72136028995276
1.88494249738273,2.0948998816047,1.93009816575256
1.91924932571658,2.12299927452425,2.03404365094592
2.08200503317798,2.1708290015063,2.10427254837547
2.60139173921148,2.63282574447768,2.64070620170664
2.46713973257173,2.55976112453661,2.48867397711813
2.32706353185355,2.36264584999087,2.27929319097607
2.7803460136388,2.72029110684311,2.63595287250172
2.74927998440511,2.77018816455599,2.70386093425385
1.47596277126481,1.59816446159395,1.50034411117496
1.48931321134372,1.62452127657693,1.50840332776896
1.40470100644635,1.52004190707768,1.43523600863412
1.42963346243095,1.5473051747426,1.46672298640367
1.32606706426842,1.42971374196547,1.35125030587364
1.37026677769644,1.4873931289817,1.39457294868598
1.31080886960175,1.42637161541732,1.34399537640127
1.61188787240188,1.7338012728755,1.65181248916448
1.69894828160411,1.77351982670429,1.69553357134584
1.6876592142518,1.75147015367782,1.72284351134857
1.25382906121078,1.32994269580124,1.26687372567749
1.23926568852626,1.31331133075348,1.24718822678965
1.24479441231117,1.30467329726821,1.256009605615
1.2894317060782,1.35644311496809,1.30440172967957
1.21851421001278,1.25813638096167,1.2178198879013
1.17047863873586,1.20804362315644,1.16979223203072
1.26363606983242,1.29815707561097,1.26397593821915
1.65266061934368,1.67514591791954,1.65465043915783
1.65758806477358,1.71593282035059,1.64445110544931
1.63434048269799,1.63407509912236,1.64628535303473
1.28085383341323,1.32509434554834,1.26946359406764
1.27958062406743,1.32227123221271,1.2652786721867
1.38285638789372,1.43513084502196,1.36573217789954
1.41940502894653,1.47714148383168,1.4055947503501
1.48407681794351,1.5432594277193,1.45067954390923
1.51331298438029,1.57292617755942,1.46492078078915
1.6271793963171,1.68722439349289,1.60227322909624
1.78978176199285,1.81245052954718,1.69630708035857
1.85630781807249,1.8482510965796,1.85369718792692
1.87613290374774,1.93334587158216,2.01248428188999
2.22369137139509,2.3175425721052,2.42852557047075
2.23745107203798,2.34546507863404,2.40987683826114
2.06638131710154,2.05594924851664,2.14589004218612
2.50448129689205,2.49574020896604,2.52019540355402
2.4620908366839,2.47839241390125,2.52890998828871
1.48316152211079,1.56008913293548,1.45223457084323
1.55958635183043,1.65035163412411,1.51837645957917
1.44611615482733,1.53029293393149,1.43361618465789
1.44031506184195,1.52069494052358,1.44246357667884
1.46859773473033,1.57225283544613,1.46016443970316
1.57726676099103,1.70401353740937,1.56325201383268
1.52442853439416,1.66594852033308,1.54557824074862
1.7451089135709,1.87940647102582,1.80804709235842
1.80917254398274,1.93565468151206,1.86804276032245
1.86723339973265,2.18895324652631,1.94866522747671
2.35791826501346,2.76561521075095,2.4915673213606
2.23496124049865,2.54533228437522,2.36654668486249
2.0905550030147,2.51164251403811,2.19651911901729
2.51772669937029,2.95231496778305,2.57837387227798
2.52738303095898,2.94088136571917,2.68177712714469
1.37497541469363,1.45740823065176,1.35886239124873
1.4579329930006,1.54687841916089,1.43794876042686
1.26029222126566,1.34106329110357,1.25540836088356
1.27498286212313,1.37924487506076,1.29147594779356
1.167393334356,1.23546200831441,1.16570263971264
1.17326579027531,1.2341388403939,1.18069672088862
1.08716827150951,1.15850980087511,1.09289051906299
1.10057594453823,1.17986981475289,1.11338490715569
1.16324423777575,1.25896034409086,1.17720538511242
0.990683055788488,1.06102784873275,1.00300948729018
1.22962801911739,1.32208174399671,1.22610478355824
1.343658644261,1.46676841772034,1.34580017972046
1.24326474653047,1.36612862354588,1.27104531091559
1.25558628537388,1.38317634371115,1.31215558117855
1.34013429052196,1.53141975895108,1.39010256210423
1.44456224340671,1.73048991491498,1.51449422659825
1.61836878873586,1.96685397033179,1.73224443899838
2.00613491125275,2.28179490791354,2.10779693656879
1.88662799757116,2.20938837554942,1.9579325415197
2.16295940861027,2.40819191357493,2.14699869354995
2.54936242506146,2.71363235043632,2.4786682479213
1.19866233135877,1.31582172772497,1.2531483974942
1.18578677382927,1.30542217626951,1.50502177406314
1.22844890754247,1.38755825169063,1.37632409251276
1.36714811519793,1.58519356134033,1.74834457282197
1.16458190096215,1.3751804470715,1.39499087164879
1.1155812054299,1.32075649715905,1.38310530985303
1.27886672247342,1.60932411278089,1.79263154955186
1.40838242325834,1.75026606569505,1.93878512577683
1.36109377143172,1.79423393259584,1.93122842548397
1.44129523446953,1.82652266330966,2.1407711486195
1.59084481348042,1.96326866138047,2.35066218074651
1.584032323005,1.94778836184351,2.2306323275759
1.76348452752668,2.2004103774874,2.5847205416826
2.24245836925345,2.65932893279264,3.01574904985142
2.23333267982337,2.60863196056196,3.02178258417761
1.18594458564046,1.49099940879293,1.35082865742967
1.46027871381964,1.98474713048334,1.81243156493549
1.14470800521326,1.6226447641953,1.25256895850457
1.27980124818,1.99802249044794,1.51267375556261
1.16346974053056,1.75401534480206,1.2597370713398
1.2339405249317,1.84922934854948,1.42449522837179
1.3277473173144,2.14749486700877,1.46904579540031
1.76657562570386,2.33636598903345,1.75299602047727
1.71648546805974,2.51630379271582,1.88874107134688
1.65137406108027,2.64749212319343,1.88044017711423
2.0729416044667,2.92778757336,2.25937771501392
1.09536400581384,1.6063665603557,1.1337240747856
1.12193867246885,1.57304129319331,1.23714820473306
1.1579461879468,1.73307107275147,1.1525740726077
1.29933694127624,2.00153474882162,1.3755156475951
1.15291869298838,1.64483352454751,1.05040878784182
1.14753734839188,1.65159084615453,1.02095586880395
1.27436890349194,1.67887641990979,1.10193590069581
1.6694511764574,1.99468599287406,1.38986744044018
1.64846695270589,2.08023466481245,1.4856877526918
1.9601036518577,2.32237859253849,1.79248457598118
1.65477112746582,1.99612794067493,1.33044840789303
2.13494802126151,2.43485501666743,1.79772271404686
2.12425900004492,2.40852731214006,1.86056714802028
2.11411399808193,2.41016214612597,1.77446283295966
1.16420362006385,1.63219290689681,1.06774675920336
1.31440361806674,1.75718888923424,1.23521955639531
1.12320101577332,1.5833745256151,1.01527952744887
1.153710242279,1.60037028217532,1.01911707855484
1.14869399415656,1.58817263588627,1.06427612662612
1.22709648311049,1.66663417414126,1.1714465059553
1.15543394378329,1.64931853329782,1.06041573048661
1.22253493996127,1.78529017729123,1.18253110989153
1.12612388598383,1.63240752783452,1.08791690972473
1.23544604415024,1.72453949740602,1.32101832026195
1.46462244350399,1.80060300606627,1.74962554512217
1.5571558354122,2.1165113692506,1.67836453468338
1.91088031799724,2.46243694411869,1.96331157531902
1.66269509191276,2.24018556251363,1.94778066770904
1.14893016180424,1.51449635227345,1.06349836086479
1.15860355601742,1.51193270203551,1.0615130159541
1.24589737389486,1.54949497159073,1.18425385522918
1.33983707067974,1.62868771548346,1.29323061469627
1.31045695153761,1.56289953809826,1.26323026021654
1.27458489810474,1.4850932281013,1.21962575640171
1.45829861043364,1.70399083386653,1.42995864125249
1.60256976575903,1.86396499961691,1.56446368161308
1.62620373173554,1.79688807816858,1.54512328095574
1.48975286230669,1.70295241283791,1.41608859955822
1.99398967651228,2.03579739381766,1.83829893555423
2.64055697935107,2.60393320011015,2.51475868407559
2.19951613521416,2.1906257152099,1.93242464126852
2.9000346007965,2.82372116471519,2.62857169034085
2.01531613639574,2.04249961868065,1.66253229029213
2.41857896388431,2.33264195340343,1.89410856463275
2.66195212233264,2.51667419117605,2.163967410398
1.97286259182632,2.19569538258514,1.92566586103609
2.60004897079525,2.8330655447556,2.62244056119889
2.20608920864537,2.3289339248406,2.02643124773842
2.91933091592096,3.00749718462557,2.75475332076687
1.38372468762176,1.64487031055938,1.34001080147463
1.5070854365909,1.76219839193742,1.47539982187066
1.38760532084917,1.66706847777777,1.33671029515679
1.3763053933899,1.66092035965426,1.326848888104
1.48164738500028,1.78037511293994,1.43788219535221
1.57478102524241,1.89007249865368,1.54189228904471
1.61982203031891,1.96346172311957,1.58417342831685
1.63525350905781,1.95790879027592,1.59344022991555
1.73228466775103,2.07237019262746,1.71100279890195
1.8257927539322,2.22036541910663,1.81403678865776
2.20979984140708,2.71375939850429,2.29985134714038
2.2634313705422,2.47403646131746,2.17647027514575
1.40494011578505,1.66685228725255,1.35346104920248
1.50965389818971,1.7616507019645,1.49491815625171
1.29980951560988,1.54073743060843,1.23313300327695
1.32143813007572,1.55952833339206,1.2644852630314
1.22993552158803,1.46036860900474,1.16756320396705
1.23525092329565,1.47163692656631,1.19025934228797
1.19745655389288,1.41454475537036,1.13874446515137
1.75991097342674,1.84226699982816,1.70805779947658
1.55559801548523,1.47771423382051,1.46906360186675
2.02024031649465,1.90446560850834,1.95654547324606
2.05000075017931,1.94600653243456,1.99074487872958
2.0358311550961,1.90681340318162,1.94265264015534
1.37553904190278,1.87024416808281,1.41251799711408
1.87389849060076,2.32224817753082,1.93680970846722
1.88179215768753,2.29794431608633,1.87286458769573
1.8582590675204,2.31980458671755,1.93826103415505
1.280757620964,1.51155354104081,1.21492019348999
1.39217506684678,1.61525703149836,1.31284987920559
1.25686630620689,1.49422152769025,1.20696620123728
1.23685969968163,1.46613786987516,1.20146824010411
1.30385194399031,1.55366230470354,1.25955097520283
1.35202807545595,1.61855656632769,1.31475490792144
1.44993822182428,1.68133391006026,1.39527413308131
1.87599257468992,1.88163437917386,1.68758892157506
1.964600243315,1.99109630320761,1.90774309692442
2.40238221375481,2.41341854847953,2.34594540976078
1.74447029519749,1.96572753979578,1.68822802772109
2.20160816630008,2.34927054194061,2.12087995378225
2.20437226972953,2.34322133530229,2.1266444933845
2.17400940232452,2.33901441029618,2.14177100100589
1.22126146588653,1.45422424927246,1.16983624276402
1.17506752395913,1.37035606526905,1.11195147855895
1.24445002471015,1.49882332568689,1.1971567064315
1.31975662256117,1.60271863625793,1.27536511047504
1.1950447222232,1.43563205877552,1.14305397801885
1.15282414898909,1.37599264656975,1.11082964540113
1.2891432591465,1.57258781418458,1.22930819250713
1.67221372878221,1.90672228900958,1.62888177537449
1.68753955415948,1.89766453618303,1.62663863874533
1.67197567390334,1.94741782937252,1.63683474486638
1.16538511365643,1.38549574201608,1.11004196384861
1.103233479506,1.28897938715667,1.04869729206907
1.24763374577332,1.4872779397732,1.19226233230997
1.32348973829753,1.59375832746866,1.27728534401483
1.26894959048449,1.49032254169243,1.21521656568712
1.26222415260628,1.48175094463406,1.21960452336443
1.4292890562725,1.67868311300011,1.362743243847
1.66252548753415,1.9476680953389,1.55880225528382
1.63660557189983,2.06787140562631,1.54270223202237
1.86786747841774,2.04556679741605,1.67672451671781
2.31429913913606,2.48611277353986,2.09171857566188
2.33080901583863,2.50422163349637,2.13312199125635
2.28359315084804,2.44303814516906,2.11259501575804
2.62670827360552,2.73080355530173,2.47615751221056
2.61598782519336,2.8140324712571,2.52417620891615
2.90488959610009,3.053805528123,2.69467046124822
3.18208384350923,3.3510320783201,3.0302525947579
3.28314220201398,3.38689379047444,3.08028506500177
3.57630768253388,3.75259635321872,3.31277261654833
3.91499633757307,4.09685204418127,3.66972705475118
3.91398338749896,4.10531230537271,3.65754415761725
3.93547924200049,4.09502782627484,3.6634373544046
1.21070387154857,1.39247006216919,1.15599170648365
1.19635362482432,1.34870710243548,1.14508382943921
1.21567485625895,1.39868624486027,1.15951023440419
1.26678290350657,1.47446076243562,1.21466044175986
1.18735275681967,1.35000213822789,1.13481626580125
1.2372415557591,1.39162977329957,1.18849000385659
1.29042285154275,1.48004469647175,1.23210289538369
1.48373766763872,1.67440564270956,1.42687563774941
1.56941682336865,1.70266498883513,1.51679352206698
1.42513755466376,1.63272511692727,1.45163326771298
1.78358137889262,2.0373932615172,1.88008982324245
1.05874100625186,1.18959628388897,1.00918860136203
1.04809403917769,1.16997064681686,1.00710418362825
0.994791693000953,1.11765634339224,0.939636251155678
1.05200046166636,1.19065371952794,0.994901371048324
0.876356242643612,0.982300128577576,0.82884655606531
0.863781357789609,0.98113338511958,0.826158490901533
0.871014635778724,0.974153059136118,0.813902858290122
0.973186628220012,1.05767171628143,0.905426769440862
0.980892383482077,1.0827031473027,0.911954747491692
0.80526619709479,0.900183482146432,0.745806952131121
0.960793038549846,1.1007183913992,0.894188722644761
0.950387265309175,1.09453129053785,0.9180393498757
1.47952060378235,1.63506363148654,1.42603907397048
1.46325555901472,1.58419769012752,1.4271089217062
1.46364373569432,1.54675132613874,1.49223998432036
0.963928465587724,1.0598148095812,0.912475616792159
1.48977013262049,1.51966277997153,1.46924600225395
1.47397790967322,1.5560029494423,1.42686426026697
1.45277453782678,1.57136204089396,1.42116585775495
0.851201317834259,0.94652581420968,0.803535121561684
0.818021489561669,0.903154912369256,0.779834216910351
0.912576318164729,1.02353793975419,0.864065636142848
0.976822166017921,1.09655623807701,0.928642438054398
0.927912248490511,1.0468876132213,0.881991689213494
0.901868848672484,1.02052192017407,0.857094780632703
1.04310463157991,1.1879764361201,0.9916317928527
1.49529643890254,1.62335210902618,1.49700587910738
1.47287738151531,1.61501870333483,1.44799543059122
1.5225471796402,1.59115383029421,1.42940589288921
0.937238942945237,1.04628202294277,0.901428908359968
0.931880116466944,1.03934666707569,0.903818639929802
0.990811927099087,1.1032006015116,0.959619852171978
1.03664942560037,1.15856973676952,1.00210000257446
1.02751774974234,1.13431673598962,1.00265984605447
1.07466483974837,1.18163845985369,1.04724255096649
1.15348003440636,1.2628873155015,1.1175533667424
1.57193209959294,1.65649480236344,1.55253381317969
1.59964301375398,1.68648039288071,1.56499025278151
1.57214184779323,1.65852488387181,1.53830199141927
0.957365219640892,1.05517579248774,0.942535973102986
0.98756858135081,1.08430401055978,0.977371108648722
0.910613331575329,0.99930260030392,0.891826819279036
0.938105556325266,1.02587728515067,0.914959455794056
0.873386941128546,0.953398453637847,0.85583099776877
0.93437166072176,1.02104428278669,0.917311118574467
0.901225500610401,0.977034107891922,0.88126224416319
1.38623879600379,1.40009324328913,1.3272776572127
1.41857928248495,1.44426648018311,1.38099485386512
1.34877515992894,1.46566932930205,1.3897665602481
0.808660164288271,0.88308265997231,0.799609002439538
0.842449063982432,0.918530665805221,0.835745282159106
0.781449152215103,0.850917759376621,0.76688685005472
0.819092716474132,0.881542925607175,0.789582604473761
0.767103759269618,0.842195223000332,0.752955531738402
0.772884674524941,0.844037256641834,0.761073242738801
0.795388367696318,0.878936034542643,0.761122853851168
1.1086262163324,1.34357907066128,0.998785140038575
1.11212745979327,1.27818762832021,0.946839129836966
0.799910277892499,1.12183970662855,0.780612208047399
1.30522509945173,1.95567716597946,1.14340359435676
1.26140301602557,1.72387230721465,1.11638660364293
1.79520777460277,2.20502098150803,1.66627839486305
1.80052182436892,2.24312730568655,1.61811694997908
1.74490343739793,2.2782842151709,1.60524191059429
1.09014143549996,1.54145525897615,0.959455198734199
1.6793408699183,2.06921202335522,1.48503278828751
1.62863700477508,1.99906361203149,1.51365787643443
1.58085455375681,2.08019009419351,1.48893341402662
0.812213947701795,0.915913380496473,0.811161978085125
0.863413643738305,0.970040340089493,0.865110168841003
0.864172374548086,0.985840099610126,0.870389428088551
0.902835168685233,1.00882322568706,0.902872658091331
0.938214615880823,1.08831433089493,0.952173655440594
0.971932607588727,1.12325911270798,0.983382716364883
1.060452171857,1.19886525486574,1.04527173013552
1.09947961400758,1.25954483546826,1.09724039204992
1.2860751803079,1.36308372671571,1.19614877726073
1.28688940684358,1.3618044739877,1.12830520700515
1.6787064299425,1.61335314703622,1.18471575945501
1.63640112288057,1.70466892336538,1.28779619267979
0.945812932890695,1.12277559551726,0.983989271176822
1.05250010846566,1.25179795657116,1.0987875142871
0.911702437558045,1.06933558992703,0.947916691546512
0.919668020590976,1.03778617799971,0.934244592790027
0.945328446043016,1.11361809452213,0.990500613967372
1.02298556156274,1.22160232085229,1.07973970212934
1.02026429458642,1.12938214656765,1.03005061773821
1.34303239121582,1.23310218054021,1.12779907527362
1.3337693646461,1.28424396075191,1.17647836235636
1.26332196922315,1.22985068201129,1.1061781000094
1.73845663871294,1.60729205683784,1.49232458887597
1.82082870447016,1.62650547446084,1.42027974102013
1.72822897744836,1.59348506121234,1.50253047750262
2.26442927870348,2.1588070845761,2.06840473524769
2.24457106386526,2.07299508781589,2.04453831836682
2.19160148922608,1.94601867907821,1.7758450350746
2.48015454201109,2.22354795106724,2.10905935080132
2.60329781666661,2.50175589388504,2.29042174593331
2.89217557494807,2.29742623092441,2.1074222425274
3.26296371841703,2.63715343313695,2.43247064908501
3.29246365502566,2.60556129592917,2.46586943160693
3.24272224023719,2.63558521002435,2.43441091412928
0.92639617879426,1.09112105488366,0.973154618888072
1.0542469128188,1.2014457693237,1.08393767959605
0.854276113080365,1.02440153000052,0.903735472944291
0.856645944263476,1.01923803883899,0.897248087909751
0.860441233914501,1.02556214584514,0.903187754873814
0.92426792128795,1.09949626230666,0.977128563951275
0.878353865529917,0.966593465877146,0.879853887010019
1.24473442549195,0.98053111469321,0.945866054615411
1.320224554241,1.03676520590551,0.993945323413575
0.946972889896675,0.983390550198411,0.868816180249397
1.63695790244075,1.16129913681942,0.991011039122289
1.45116563142035,1.17237337661476,1.06619381988338
1.99185775704629,1.65169403099098,1.57599461519982
2.00370499000811,1.6564467839584,1.57412152345007
1.97932359414517,1.64396644288277,1.53554197877151
1.52058852672469,1.28104111429378,1.09760855032228
2.02851006886565,1.72565586540483,1.58274480266644
2.03580749124245,1.76535258625983,1.5809716514585
2.05542484552808,1.75440810085843,1.58823003652505
0.884389222438564,1.05994818533251,0.905380996468384
0.882031420668645,1.03981177297949,0.870974180396251
0.983792274464549,1.17550707640284,1.0003942101463
1.08368649896478,1.30199731481625,1.12282323545359
1.14676288602514,1.35605508125981,1.20331471110118
1.14862396182196,1.36517977277342,1.18945267851471
1.06281801903489,1.25379887022177,1.04764303748555
1.10269224478178,1.27780297568217,1.05598102522589
1.25238197671735,1.45116244514439,1.22220100997339
1.47104752646704,1.6527415661148,1.43109833737804
1.46381724297159,1.64650248766293,1.42486011975479
1.25771895277634,1.50548919219682,1.28052670143175
1.50361265326585,1.77355374925357,1.55382056797684
1.48019968411299,1.7644633999919,1.53371435721113
1.01983560032662,1.21104750759094,1.01934989912579
1.09065093360572,1.27221057346553,1.05432454098558
0.993706003297384,1.18714450328455,1.03462989319416
1.01787505446432,1.21103543850022,1.07957598316599
1.0060325001305,1.20832132013327,1.06584236305795
1.07913594723386,1.29463819577285,1.14245459260341
1.07256039961126,1.27341102910172,1.15221653712279
0.923703375038951,1.10582764020516,0.970010642949539
0.96630616142497,1.14619685083154,1.00418362974757
0.86002255443434,1.02181546982355,0.899808452673543
0.894529782812249,1.05257311014886,0.933023994483744
0.805809649670723,0.941696945440167,0.825502221756694
0.853157368516592,0.983224752149699,0.870952746107936
0.796729616110478,0.918754183719107,0.812143154661315
0.818864086003394,0.933334128979001,0.819934911094979
0.815919815764479,0.922326209548188,0.820629617321226
1.35411426296831,1.42112357894097,1.30773240041248
1.3233895883032,1.39054469464422,1.35718555687694
1.32060998600744,1.39075291826565,1.33916949222404
0.898031535761207,1.02088078353567,0.921707268842133
1.4254121207944,1.47277469475765,1.41441659753987
1.40485685048564,1.50383389252786,1.43862040829744
1.35934418732952,1.4722459617505,1.38109413934854
0.775478567461984,0.906692572952501,0.776836772297765
0.803967416107695,0.917224127083652,0.790050336972262
0.774015481592225,0.928377502485163,0.777818227896239
0.806755275552927,0.971878034287668,0.817409020528799
0.790099430442,0.948695975375773,0.780801827758287
0.805791424078292,0.96160012550629,0.778938211792664
0.876396218994129,1.05923857787739,0.86432604025143
1.22577822900934,1.41338831238,1.18760576426317
1.33466529305636,1.54154508869494,1.24766240351183
1.15757289452123,1.28221848118821,1.04550456655949
1.71655712853472,1.84000944987316,1.48761840292065
1.61563462378611,1.73212800699906,1.45915625255114
1.13975410201776,1.24625166394608,1.05537115482503
1.58286685947451,1.60034056111256,1.50835495470645
1.58142980987167,1.69484327706974,1.48191665638296
1.38490642805631,1.57542280582784,1.39649764965166
1.99677912593649,2.19954889243304,1.97673296755764
2.01026832756939,2.0980570175363,1.94152923599568
1.43047315084592,1.58347601590089,1.4077710432706
1.80972504156122,1.93080399671474,1.70766224071896
1.83889380104438,1.86942689074884,1.77985224410996
1.8019584314958,1.91254678173972,1.75082925024989
0.829633034398101,0.990072721212354,0.826045146383899
0.871024460003304,1.04170831793037,0.854882797724032
0.877965967718818,1.04783109529151,0.893209891765972
0.912519876718917,1.08222359079938,0.935744758482959
0.952692395364211,1.13380602381649,0.969294486692342
0.984962295900172,1.16978438918891,0.98945678625538
1.06594665408443,1.29293482297069,1.10513675832229
1.10926736351402,1.36885394906013,1.33856034505302
1.19417255899919,1.4472486644369,1.29033440561749
1.20385968267018,1.48588966858612,1.52187573865043
1.59419485414656,1.78202246632802,1.87355417623501
1.55937377790756,1.80941717986053,1.98057435240847
1.50737945918573,1.8494571555012,1.78431063047767
2.17867341097711,2.39682753778809,2.27224084446749
2.00689447140693,2.38203759713617,2.26817034658043
0.960374061486988,1.1278878617043,0.979186030253418
1.06635312993757,1.2283393037764,1.08011433408394
0.909062088953427,1.08056686282218,0.929737348867382
0.885996690944618,1.05455324818373,0.89930671677899
0.94353898552523,1.12394257081076,0.964445813200696
1.01620371577722,1.21720173650348,1.04138894257104
0.932599978727541,1.13655390028096,0.954694318959029
0.968885465951146,1.19767906987887,0.985802874160586
0.925301791803379,1.10493043488448,0.941400296707357
1.03569212135789,1.28161441448451,1.06349450495673
1.58662887829475,1.75535381857772,1.56547648972537
1.50989440454825,1.7393962294162,1.5682477383591
0.979715083364816,1.12105386998905,0.978623444433119
0.963043094967818,1.06828226085633,0.944933458378195
1.0946482602799,1.24822285366819,1.08343243516764
1.15920368916653,1.34075111797808,1.15385536799309
1.20662314664122,1.32737866516924,1.16483180600537
1.25429676758928,1.3525615338809,1.21936485239496
1.37787045000419,1.53680696012142,1.34300446184422
1.57569428271971,1.75479610762058,1.62798015542741
1.75939375729299,1.87270253672175,1.71963300827808
1.92290273270419,1.85921030443631,1.7867823969334
2.65161951439856,2.39987781912595,2.43236763760424
2.39215744494175,2.30554711154519,2.26461239518587
2.57206203563666,2.54659095154188,2.43732188943661
2.95759004813665,2.75329601060205,2.81996008921087
1.20209797484935,1.30104687927178,1.13644810271446
1.3020508910681,1.37168926571716,1.21501978193521
1.17530612522335,1.3000329529181,1.10747504931978
1.17048449504778,1.34386610488741,1.11664833317596
1.25368186784439,1.34775071382415,1.16352206846112
1.43907785146593,1.50354642162716,1.31109521801587
1.4637766039612,1.56407887261199,1.35436669514084
1.86609012040581,1.88112697176183,1.74975748125147
1.87317294610436,1.95886249357986,1.78946208508202
1.82666026527615,1.97190425718766,1.73655160726358
1.06156488713452,1.15596188189024,1.0166634600165
1.13792181508421,1.23342627718329,1.09013088214283
0.927242152191431,1.00349232135069,0.902361650648992
0.976689438255056,1.04271825856076,0.945593298867857
0.815455213506081,0.893876130174104,0.809404354818024
0.846621059397693,0.908251921183012,0.836494931304601
0.8144193243912,0.90798798996321,0.808699695317229
1.26476135843577,0.963342976530002,0.80643206071937
1.52980926309536,1.04023179966889,0.934693914294339
2.07839322443413,1.50204949869618,1.41596063417283
2.03699221946112,1.53148994543171,1.41173158442067
2.08218017423429,1.48912437005935,1.4470055500368
1.22023864734331,0.965122993098404,0.840397640866786
1.74209318076311,1.44321773186259,1.35843680266658
1.77773234036904,1.45470338606291,1.33002661731921
1.83710992776993,1.42228949626422,1.34157261579856
0.764785642598069,0.836856902595147,0.757169653704223
0.73309585005886,0.79561430426298,0.726836974274207
0.829745077862269,0.897087154419579,0.814355552118256
0.908116491601002,0.974866579924164,0.889225062825903
0.843791616324558,0.901337942771386,0.82919434242642
0.827315570321179,0.89675495175674,0.828523697506408
0.962526724609882,1.02227913233789,0.952507615790688
1.29476168150516,1.33752181843795,1.32638323335407
1.35619374174215,1.42744469711331,1.31244856267435
1.40156865715187,1.41920495533806,1.38232414880395
1.99222737177236,1.94211337858522,1.86150027172558
1.69817767935768,1.81799758563472,1.80605071057616
1.93496836497357,1.74612369482342,1.57435371642768
2.30818914764295,2.1413763909139,1.95460060290621
2.35116986006025,2.07448802708529,1.89444806211994
2.37673994074746,2.19768341260315,2.01022274079089
2.63996496278331,2.54270406327727,2.43440847184093
2.7770390060705,2.64339687737128,2.54490240015878
2.85194313742627,2.59445075655384,2.35686832929047
3.18901463872549,2.88597026503437,2.72726341770302
3.16137372824248,2.92045285610507,2.66619915638622
3.1874418855905,2.92909187826548,2.67401112734663
0.848044722855953,0.884350445861893,0.821553699360425
0.860877217939254,0.898815562039362,0.84086231133076
0.89638842515246,0.92214625151244,0.855265167303044
0.947123450850806,0.975706737567512,0.909203321766647
0.934592155753724,0.956924940051969,0.885135045926865
0.985136584674821,1.00672977470074,0.932560363432548
1.07301305713937,1.096483105959,1.011457505474
1.45583587280968,1.48370977125118,1.38934952715831
1.55600815055616,1.49081072352227,1.4624961252579
1.85516967805896,1.7846143324943,1.76166805144736
1.66661416604293,1.70093606257773,1.58828346705898
2.19499388239429,2.21297806844583,2.07776847606883
2.16090561139877,2.18217898782072,2.13935330205592
2.17664603902655,2.214288652361,2.07915163520304
0.863843964209518,0.884591156009881,0.819062560812011
0.891591802430625,0.906804595136684,0.844002600178297
0.81558629647102,0.844160901502533,0.780121857789205
0.853551575976619,0.884257159560918,0.824806641079983
0.762163499628179,0.795458348527208,0.736149538617015
0.809515751855297,0.848582320868992,0.791257116880172
0.776475539945265,0.817884442860619,0.747622598304776
0.918626972028497,0.901939599979344,0.840622078807138
0.989819904715741,1.03362796727104,0.943902254755473
1.26878609493715,1.26769116665291,1.23129134338217
0.853019425646498,0.854727376492688,0.801894484803832
1.35715290649863,1.32524497031276,1.34388367152855
1.39285394822128,1.3985424331234,1.30767232615067
1.40415318850681,1.38525042771707,1.3633234902801
0.702854047317382,0.735790162783694,0.669620655232671
0.722210469370595,0.759253009579457,0.687317226698573
0.678600438625634,0.707076837393577,0.640779928219563
0.703208273559638,0.731030458109396,0.675005051963137
0.66102084801147,0.691685694553997,0.621220067536808
0.65304031261604,0.689410370618164,0.617964436332599
0.668477960871704,0.70779245348277,0.631125076806222
0.746686102984643,0.787075671561889,0.708641772120925
0.721969201955103,0.75838292741433,0.682324026380459
0.620287823698468,0.683377674034676,0.589676584673734
0.649744548268515,0.714836451971583,0.604206774855677
0.750671364017275,0.797261734218816,0.68825203853868
0.674873626276349,0.76022991929178,0.632813503144883
0.786119413176475,0.868875416569045,0.730454056805386
0.674317247674242,0.780567882083062,0.655942959107602
0.754870485668174,0.872527756206835,0.74784390760261
0.665835231780593,0.756855348028935,0.653947475105195
0.76582800415489,0.853294298983491,0.768543561032874
0.691732531973282,0.801622539182064,0.684036055345729
0.805085348295149,0.923270794229075,0.810421298500987
0.715176653960573,0.732375991409659,0.666296382175871
0.749358064657073,0.757989382534264,0.70025078737437
0.766554240319921,0.784157284671286,0.713465774529775
0.790250861504628,0.81528651381822,0.736737744894012
0.836874103198971,0.847265482039333,0.781231009076727
0.875193881621103,0.880946460872238,0.811314034122529
0.935298938894753,0.946577216931588,0.885115924415079
0.98618823582662,1.19819224075678,0.92494453653539
1.07790372015431,1.25827472450217,1.00213109701781
1.07402970540609,1.35559168840854,0.959635701662308
1.24011434241359,1.7320508983326,1.16750341373596
1.45430186847808,1.82767008521696,1.29106948583929
1.56257615341204,1.6544172043715,1.44590269735027
2.1595446973672,2.02103664733026,1.99728752668608
2.22036147804697,2.30480220370057,2.11883509381168
2.58011019799256,2.73558253448933,2.42565842691398
2.70323163342677,2.64808197565726,2.62863620490546
0.84112681253439,0.851795348136675,0.783788012977293
0.892941505988302,0.902133041242502,0.828614508072623
0.821778958273536,0.837847114068722,0.777549577546115
0.82661843459749,0.848328629878611,0.787003457074141
0.837264935742686,0.855581522537945,0.800745793047682
0.910345210578497,0.922689899404087,0.871498895020042
0.868958526626626,0.890754442595084,0.845158464066239
1.29919614363308,1.29433186478748,1.24797596370677
1.2150117706566,1.1904975549698,1.1318788240698
1.41380157441865,1.4896307753685,1.41425499055562
1.91164781345361,1.98344519975452,1.93856191428884
0.789767571924656,0.811946665375705,0.755608099546587
0.836294683076217,0.863643671530354,0.808458057464641
0.733352721411925,0.757220147008766,0.695572223003423
0.735283254889404,0.769984997872852,0.701475942720459
0.707094205774892,0.734819623678483,0.677306479703753
0.732974223237076,0.773266008076361,0.715943675654113
0.685844500399894,0.718476524718104,0.663914700359722
0.72589021690781,0.753605058993974,0.70066337864554
0.74948921915072,0.786785197395541,0.730801809334959
1.29235482473883,1.30134502253795,1.26100854317713
1.3112618378066,1.32795640629868,1.28449923452764
1.29599044145597,1.33448371949828,1.31272027958449
0.733201993921857,0.774141224697822,0.704950840388562
0.799489062994815,0.857525867486498,0.765632027191229
0.841166357974937,0.884107580236321,0.797423007528942
0.785057751700093,0.83569047220886,0.759704072103546
1.32596552018233,1.33844161879249,1.31600001443625
1.32073886792035,1.35949244250566,1.29922752438142
1.31357287775222,1.37132245483797,1.29797472165152
0.731857482627682,0.755908631616286,0.696263448111326
0.771824288110773,0.807135755192268,0.745485291018787
0.747804671892536,0.758095311365397,0.705470889880762
0.756189960371025,0.758890381479644,0.708286904672314
0.799454760865402,0.803586402907322,0.75173517295237
0.813157598879527,0.830764430880634,0.773184438985253
0.8371721766764,0.840593578500193,0.784696280140382
0.889109479466971,0.942969539327546,0.846797709905946
0.938309993609641,1.00303640182212,0.872986905196949
0.819395644951244,0.869486486702985,0.777951951589842
0.859290902519935,1.05859387440311,0.823734369502295
0.94470868693505,1.08464263191625,0.909868851729691
1.44821827081821,1.58977579330991,1.39523765487236
1.43161963486732,1.56574876941482,1.42502909741562
1.4470036124026,1.56299882153154,1.43499547991518
0.932263784613531,1.0809113092662,0.893736646837461
1.44157278706072,1.5625986917372,1.4254756132293
1.41547989508815,1.58423568653138,1.3998251655268
1.44037801581902,1.57145826869658,1.39770593546448
0.852490457277077,0.855438408923095,0.800084733521336
0.916172702887698,0.919883282525882,0.860187856443026
0.865153541532019,0.866253102993025,0.8108194294442
0.862172233179529,0.858666382092752,0.809909569808704
0.930053052544795,0.938195961442052,0.873095406024446
0.987243930023289,0.987263571135726,0.931463583614946
1.00322404555003,1.0297749615185,0.940197330643248
1.33691316341118,1.53032485744109,1.38710529868892
1.28747257837953,1.30578902672421,1.41698433291143
1.59130276904539,1.56936701962408,1.65924340972691
1.42746598311244,1.71016656316536,1.49541893066396
1.93016951464818,2.21934989632448,2.0075369997828
1.91827322913775,2.23748239893649,2.04816241989116
1.91120442993703,2.22734320117218,2.02645832695761
0.922269658265816,0.943972118910164,0.878496973832538
0.985396624659559,1.01367339157365,0.944555156945304
0.876442945606356,0.910718019744954,0.838633134913608
0.864632372092977,0.893798190069738,0.82597083148968
0.884415159187057,0.937129381002705,0.858636211961297
0.944877423259524,1.00352926209328,0.923708579950702
0.876167816870901,0.954456885809893,0.8549926484021
0.893228600041858,1.44151314137367,0.896729094384068
0.939750965039543,1.31617502237154,0.978162093148032
0.960381699637905,1.24197153347902,1.00771890346846
1.34374920279187,1.66430032648344,1.36697003260823
0.886937757380622,0.938412184817058,0.864696690754935
0.94015254919342,1.00802093748874,0.922553352630449
0.866235403527699,0.903486322220107,0.841741260313316
0.853419956192695,0.87788238804471,0.825100798031975
0.897458774792656,0.936579208117522,0.875797009566314
0.915046476170523,0.970179960872899,0.902717927762234
0.897843716167826,0.92959419779814,0.866088752225405
0.95896962935886,1.00350077273693,0.901638895264149
0.973994578438524,1.02544761859533,0.943901338965088
0.879038196159552,0.928705963397715,0.852373292978829
0.941276606757756,1.05505731863619,0.898336450883388
0.985258311021048,1.05490885589612,0.92990107438549
1.46574565966071,1.53158206623407,1.41003857710148
1.47392941011631,1.52231240481254,1.42568881557152
1.45841747900694,1.5447047991312,1.42930002199784
0.993343066534605,1.07270042133751,0.974126488858164
1.49293195526168,1.51526353738742,1.47348142721469
1.47568428662281,1.54081701609901,1.46237901879394
1.46166264936784,1.5683659473838,1.44670030677465
0.958844078856752,0.994650647235763,0.93216619377921
1.02467448459456,1.06515871014145,0.992445948764128
0.977408092736776,1.00150058191091,0.941506990553238
0.959161074990635,0.988245073155209,0.924118693097088
1.05318472966254,1.07556897668501,1.01014247798137
1.10565050665459,1.13218619291881,1.06581312665613
1.09599083470821,1.1100811311429,1.05549664977942
1.2394482347637,1.27926526390571,1.22100708617794
1.27824663641567,1.38128211906376,1.32757044127465
1.31649532651867,1.43034762161017,1.34381258210471
1.77320390678943,2.01898994194894,1.88829077667613
1.91296178141262,1.95668599866375,1.92188149097613
1.08792456183583,1.109230148053,1.03583868435402
1.16883447613189,1.1943234473783,1.11236844484548
1.05792016507059,1.07736903813564,1.00599484179742
1.03216044768109,1.04450404650778,0.972656042157545
1.09767486494691,1.12702983591249,1.05084145697043
1.17527554388481,1.20247034409004,1.11718588896443
1.10314725229291,1.13470469763118,1.05315726074027
1.0729448420655,1.14018654529966,1.02527405764253
1.16541363692468,1.23075093055401,1.12682319270959
1.16753783925469,1.2213396241747,1.09698096409119
1.33404973532045,1.43966722982636,1.26420644030547
1.30125629195371,1.41122036693028,1.25667076861161
1.46590064303091,1.62294462778653,1.46941849060271
1.3933120424182,1.54507695461929,1.32975467595197
1.0905102871766,1.13244398131592,1.06225435955514
1.1585944802419,1.20721233343525,1.13604650177445
1.03490271261905,1.08465214458716,1.01127720112253
1.00856587615974,1.05239021624302,0.978566702209355
1.02972422299673,1.09645308403171,1.02257743365539
1.05572050824616,1.13177497213674,1.05268364357613
0.981593082088034,1.06727610399179,0.980874550766209
1.00484695864674,1.07512585579354,0.987397318965578
1.02567973942149,1.07138536677202,0.993364075640643
0.975645017286181,1.11498298801184,1.00389716102636
1.0619965378728,1.21057980747508,1.0886008965545
1.06319357496052,1.21646453356515,1.08133001302033
1.52951422241969,1.64733786288893,1.533943689393
1.53538544624701,1.60704495854567,1.56353092407996
1.4907546825508,1.6488275900204,1.48487424323533
1.02002670936355,1.15893602065363,1.03197716785023
1.49103603322173,1.57148419723715,1.5035491568497
1.46649345418815,1.61277717482485,1.42636260499203
1.47182702306166,1.54962827295359,1.51964617697702
1.08160177767673,1.14373620437247,1.077862879391
1.14179933124481,1.20151947981984,1.1364264566695
1.09562073298778,1.14960318554908,1.09035901838125
1.08353800146834,1.12984257084531,1.06865678624962
1.16016057071103,1.21235132436844,1.15154042575772
1.18447212981702,1.23850603702254,1.17959021418036
1.20472039590227,1.23998231771842,1.18197575053115
1.23955216376696,1.26470294294869,1.19732662655559
1.24330755543188,1.26711850602027,1.20337863358393
1.32045074696757,1.34740307052925,1.2826951095066
1.77272384989762,1.80340972813154,1.71427695173632
1.7641793081804,1.77864734798474,1.74439935975794
1.20745205594791,1.2600414759505,1.19301357105552
1.26298544424141,1.31967375318719,1.24906606711291
1.21296267012779,1.25469705977817,1.19013560818311
1.19868121058052,1.23327104360169,1.16947359030554
1.27177818204491,1.3080650490991,1.2402917043802
1.32926246446685,1.36929729940614,1.29676345425044
1.31908476666377,1.33933797540244,1.27095501156313
1.49020385206335,1.44252816455838,1.51085128957233
1.5508398757899,1.56362022145493,1.49954710591565
1.65821515198257,1.58408100080589,1.54666855420799
2.07800817074119,1.96624650816558,1.84238508037078
2.23304526406797,2.12728608126279,2.15297030815397
1.99265859326957,2.07519497889232,2.05030929782048
2.56043323543726,2.66249306018879,2.64300503645229
2.20007959584068,2.41048729851653,2.34649767745423
2.51390290567533,2.53396000991545,2.57348215977015
2.70837665250383,2.64963475366627,2.87029469651552
2.87264112724955,2.91116311829665,2.93419306737946
3.18138395197572,3.14017371521269,3.18149038838224
3.5659049110771,3.49245635673362,3.50956611432072
3.53059919700906,3.49301163629653,3.53931517040923
3.53158762544968,3.46807518610169,3.55234075434633
1.26485872510686,1.30490346695017,1.24332016006129
1.33834299767258,1.37249515261828,1.30512355927566
1.20631144018773,1.25588772613978,1.20230731361535
1.18208405214034,1.22658399287249,1.17749141371847
1.20035845460585,1.26887241386099,1.21798103199275
1.24976889203661,1.30984306220139,1.25555054824477
1.1758283137452,1.25245040746487,1.20783725316014
1.16617024216029,1.24506536629415,1.19849366510929
1.19565664493496,1.29313065217399,1.24832790858779
1.2247618079531,1.2826389522063,1.23734462768555
1.28583043698044,1.58803448174642,1.27277853308484
1.26618879492023,1.46772517236082,1.28372110398656
1.19912155635597,1.2921064007913,1.23504115177965
1.24223308687511,1.3467196796399,1.2860145837473
1.18004404467055,1.27676483445397,1.21759134333784
1.1697340169499,1.25222088074531,1.19380541901104
1.20275737415194,1.32049863256357,1.25115774746709
1.20826342489555,1.34679548971298,1.26827703228525
1.1960684120086,1.31129950270677,1.24413810427052
1.22255140686681,1.30384812528177,1.25005203865269
1.28725880347735,1.41015569726429,1.33775151091012
1.6852543599812,1.73034161363573,1.74238495325325
1.68143925214722,1.79196359006492,1.70518652394821
1.6594462404389,1.80258120303435,1.70513293918169
1.15679019501461,1.29319888663761,1.2138535545967
1.56996488066279,1.67194660344231,1.58626547193245
1.53176982724201,1.63129522014358,1.61179519805361
1.55966184818495,1.6796576273741,1.58487476144141
1.2800327961416,1.3844929003241,1.31054852594863
1.35829188285347,1.45105994172475,1.38661443761248
1.29881371425052,1.39522931763364,1.31126427601234
1.26747170284832,1.37189858669152,1.27612939415174
1.38087791492143,1.46587656091115,1.37366002555391
1.42052320877475,1.51381920286563,1.42360316766722
1.44273824741407,1.5171003028206,1.40637879733325
1.48236450673915,1.74493681162967,1.53665614586553
1.63256056725695,1.80010464437293,1.65582673314977
1.60850094293668,1.86153340246937,1.74290823876565
1.97000623165536,2.12328026439096,2.08602288072089
1.99622779464218,2.47749702549948,2.331481870652
2.07953510791481,2.30586773542259,2.18410659725235
2.59189614848336,2.86165094995703,2.75813018858976
2.51713923122144,2.62581719036995,2.48685317668288
2.34433375507511,2.67918005793656,2.54801169594849
2.58135500723261,2.96212980472728,2.84905060387314
2.58873389950642,2.89020384564702,2.78963672819851
2.8303051837287,3.2934711831152,3.06671162569776
3.15835639212165,3.59322144597537,3.40252376975772
3.19004998612514,3.62380462145049,3.40614881410984
3.14276422483316,3.65395262730165,3.38915867473464
1.39768123813753,1.47386245451567,1.39056980018877
1.4661906287307,1.54171923214326,1.46003585206537
1.35733051886951,1.43282570506718,1.35338925804962
1.33448357025249,1.41456750299068,1.32620770748258
1.37353757937493,1.44587591654444,1.38478973398345
1.44355507961217,1.50881207648242,1.45119131395825
1.36525494346715,1.42586822225395,1.37345093304493
1.47239571170948,1.56268700206636,1.35739636745992
1.50010281160021,1.59049280759596,1.43323323001993
1.5743410695067,1.69991612682989,1.4320522415124
1.87319228863499,2.03251887660781,1.64954393068566
1.35032539900694,1.44229882199554,1.38844246152323
1.38772219169741,1.48589293161044,1.43365187757624
1.31107026280083,1.41895996218303,1.36554609480223
1.31929866040867,1.4092181843328,1.36402573194196
1.28107024715673,1.42760266176613,1.36440828189205
1.28374814293758,1.43800848097985,1.37229888603305
1.26010839147234,1.42223094351304,1.35014744639644
1.69554274095417,1.73886241518387,1.4647265467544
1.34126308856298,1.50636334910269,1.27178366305653
1.82900982474334,1.9808876631202,1.69468540145219
1.8440351073858,1.88632473487937,1.6673168356598
1.85717366119323,1.94874913493483,1.66900577915907
1.92947544415686,1.92393590081602,1.76849847432479
2.41310770847232,2.32589962826471,2.15805708296984
2.40456536532787,2.38532384566854,2.18148983486746
2.38966441590644,2.36183714582459,2.1684794417741
1.31941095736909,1.47431074515979,1.40310857257313
1.32731814422991,1.49479744456005,1.42437983925451
1.36983905454947,1.51649829934106,1.43982121209347
1.3908847202521,1.51619770836633,1.44940548145262
1.41966360343003,1.58245413237846,1.49086981828685
1.43260672662501,1.60747787747182,1.51008909926532
1.48952622096024,1.66107371337236,1.54890903754363
1.62831506754474,1.96115000767885,1.56567433996552
1.76280847189892,1.98372228502012,1.61418336921844
1.69545203305111,1.88670823718601,1.59207893054136
2.02483730904657,2.34835571499357,1.62628229711395
2.04117498768463,2.3743778317983,1.85172567191018
2.14479632881545,2.05294129607229,1.85344416716477
2.66992434380919,2.47430071196314,2.31899465810715
2.69592004654295,2.49035620917838,2.28836195266774
1.43085270864764,1.59601678818346,1.5054446797176
1.4713825905332,1.65297365036182,1.55968193713839
1.42700110008838,1.56904396012343,1.48520168585692
1.42302846382286,1.54259570621351,1.47085703188615
1.45320740505269,1.6038714090012,1.50431871757502
1.5090023555494,1.67213818059499,1.56160916960618
1.49282397813028,1.61648506006371,1.50927098151985
1.5498393507138,1.65516270407088,1.51092128720136
1.65498642831013,1.75697359638337,1.58078075469049
1.75181118561304,1.76981764202081,1.57280198906406
2.07299872457971,2.02427448636687,1.89676946228405
2.1208953945995,2.19938850327024,1.91105457933586
2.07312667929414,2.1648967887076,2.03720069250869
2.53032685165804,2.74313729432415,2.69214458023253
2.65227779825527,2.68034588800508,2.5692198966545
2.967017636812,2.88139899840228,2.7374970341868
3.10834586125195,3.2378535353777,3.18662518742702
1.40733752277641,1.57772341941998,1.48077076303012
1.44126652384574,1.62906976441434,1.5276454397632
1.35356751061189,1.51948572457303,1.4294235652942
1.35422852829821,1.50508025116884,1.41636427960096
1.32211848765257,1.50409215732043,1.41873283592955
1.35344076854207,1.5238923542043,1.44356862761049
1.29644659408057,1.47038344602186,1.39315794074297
1.32899531688182,1.48032744697264,1.4143380359145
1.32805226981266,1.54010908608877,1.42782354967022
1.36754525099386,1.50514242175601,1.44300494662893
1.76530458557943,1.90140957121692,1.78212861077388
1.62007754928301,1.75631980654521,1.64913314486823
1.42127785077671,1.57156738521739,1.46713838673421
1.67720098983098,1.83620767776606,1.65751954866395
1.82846302051243,2.00786977351904,1.80532619472844
1.42190833902511,1.55431163818836,1.46533944889342
1.46334877553701,1.61543020837788,1.50626353040223
1.62086375008302,1.76371061857814,1.6361196617888
1.85860341886746,2.03988193521829,1.85560611719422
1.87686084827172,2.05991923662245,1.84817218975813
2.1086363902656,2.3278887062415,2.08709719010388
1.82506676492008,1.98776000230477,1.80668662129898
1.85702134670487,2.01469048952278,1.827294101967
2.08005753133402,2.28007026154887,2.03600559169788
1.30983222071379,1.52351248595337,1.42639931753152
1.30646318561061,1.51689958752843,1.41981214251205
1.33223737668594,1.566528149807,1.4655360142317
1.36427905771621,1.58768004938519,1.49474007642186
1.33337548542087,1.60424143764991,1.48725126696389
1.31210809117728,1.58511749923989,1.4793269630532
1.39797127009863,1.69462995093111,1.57209686070168
1.74789076645481,1.96969367101812,1.86804996013203
1.75240870734199,2.02488437822872,1.90531782041459
1.77183234893515,2.03406572921013,1.9419962185304
1.34789806072552,1.62740383437092,1.48990651051824
1.34040608742576,1.63237934866562,1.48977293150499
1.39448057228434,1.66015233467106,1.51765348115165
1.42564413646843,1.67436889025912,1.54503926998688
1.41817204188199,1.70406786813312,1.54009720709816
1.43736311748137,1.74989346548141,1.57786721980473
1.51108050807701,1.80019921759324,1.61746718188205
1.76392786612135,2.00785873478802,1.87999431628505
1.80223842475881,2.11903202943182,1.87432114255613
1.92592176361253,2.15918260432287,2.01870938772375
2.4797966049226,2.67388382385458,2.5545198419338
2.35913270541317,2.5237048443902,2.43374138754807
2.091823631702,2.34895587583568,2.17205152931935
2.52369331240563,2.71531560132945,2.55307032914232
2.48088142458751,2.73832456569272,2.56458858393216
1.37311841517076,1.64235048139162,1.48217788300972
1.38479081613179,1.66079422786369,1.48948155657482
1.34684327088911,1.58902248437745,1.44328489847427
1.36674141151716,1.59396996441616,1.45913650130798
1.31901390986994,1.54406283322935,1.40483253607673
1.3574085225203,1.58563930925243,1.43681541665252
1.33619695134882,1.52891237858187,1.41134827173853
1.33759010675473,1.55090319005073,1.41842843845744
1.36691924938498,1.57003158866516,1.43802625321796
1.41495073099763,1.64782723443857,1.47546889923248
1.4994288175995,1.80124621426328,1.54781400856341
1.48159798971899,1.7830793932678,1.53388629162959
1.47377861760386,1.66045014946415,1.52200818176363
1.88459611163031,2.0163680399978,1.91528437485632
1.87183376500305,2.01071752283353,1.8978887783679
1.26067340242806,1.48899039554664,1.35320928877056
1.25832142617964,1.48194888197392,1.34599672292021
1.23748919206779,1.46948174561326,1.34230637423312
1.26592200801364,1.49591478441419,1.36954957222016
1.19202525225335,1.43491062047028,1.31688678893222
1.17981507807982,1.40339279836846,1.30375094775537
1.20075794848275,1.45592757542353,1.35102478190455
1.24019392831471,1.46764476796046,1.40490588520552
1.267777461751,1.52495047136738,1.43268847916131
1.20795987422767,1.47925060310352,1.38881112270838
1.57653035555945,1.85264901609205,1.87432787233591
1.4236781620002,1.63931051149858,1.62946766557271
1.87576500577042,2.01805056649969,2.06516320274343
1.89448300767927,2.03213498007339,2.1141674029154
1.86092448609417,2.10943608602463,2.02974144805935
1.4587300260959,1.7496286090028,1.64535132971252
1.89704918112309,2.19798176893749,2.05142448600852
1.90535478879206,2.12974471105163,2.0641370241164
1.93290796897428,2.159432399867,2.13605094646648
1.19174409182567,1.45642554415748,1.31787158307158
1.16814756072078,1.43839276717553,1.29519110020592
1.24748308823753,1.52589282780377,1.37018638789546
1.29180231735903,1.56582512683844,1.4156174140614
1.2743914439905,1.56620956073811,1.39022958133046
1.27280362217532,1.56258618228915,1.39456422027726
1.39257989180622,1.67889549685788,1.4969106110883
1.5698370162914,1.89427220705615,1.73505545834006
1.73458330300118,1.93888551050158,1.75866088934705
1.92668930582137,2.00973573441671,1.91232843731561
2.50713345934139,2.42089776751568,2.39522411279659
2.37009452810757,2.38244447448653,2.35131280468048
2.05461223197001,2.11623148886176,2.02864926584952
2.43193111015727,2.44181607836313,2.39450847339485
2.43658378317856,2.4783930893881,2.41179164987113
1.2534255519684,1.54691498130082,1.36028040162909
1.24598355539367,1.5421092032673,1.34854790670596
1.27431722634753,1.56101659142067,1.37676223592668
1.31377402562944,1.59391749047015,1.41878682407067
1.27348113262965,1.56456035042717,1.37217590112502
1.30887596170228,1.61295452771046,1.40591758811575
1.3642066975292,1.63747683596883,1.45690702015097
1.62384414982127,1.80264905419968,1.67846829124589
1.63951912257726,1.87259861207225,1.71185375946393
1.9639722824081,2.09480223582795,2.02523876100221
1.66408506966425,1.85025541350056,1.60924610402417
2.11737061074304,2.19538290148949,2.00796998971048
2.10118780873664,2.21699575709822,2.00843933469895
2.05375127390786,2.25344660910493,1.989002497353
1.19874144345014,1.48413704917944,1.29784562811308
1.19884188430857,1.49151085888545,1.29537310401348
1.1682536247905,1.43505486696784,1.27459627258178
1.20118715988078,1.46033419195968,1.31379959196141
1.1210231356193,1.37646757534885,1.23124025408186
1.14706377627188,1.39867053495574,1.25592254084101
1.15556265200229,1.39934956386636,1.2774080596218
1.58400367218232,1.72050500967445,1.55388010661023
1.52399129545951,1.8278335202266,1.68051100416991
1.54923218477717,1.70588998496217,1.71627105880337
1.06513017727691,1.32128431766145,1.16955343162685
1.04934739647691,1.30363174663231,1.14941562749136
1.07190015471175,1.335391822925,1.17952978265869
1.12144068175785,1.38530343644062,1.23186554241112
1.05553041227606,1.32063923497864,1.15556109239923
1.03798597991115,1.29245714259026,1.14079561897226
1.12934559383046,1.40622981565893,1.23969778934181
1.41802353401308,1.66224814026219,1.62108227156868
1.33694793448942,1.79094806034598,1.57821395983288
1.18107513338465,1.5472695543365,1.3389178597133
1.60591703394687,2.18927480381696,1.99715401223702
1.62030958569107,1.97754449729375,1.93044947248093
2.05631552748336,2.44170324633091,2.4355748410991
2.06858988995648,2.40522598170608,2.40624517737996
2.10954316677897,2.44509525204194,2.40902820384921
1.37920182032091,1.96202336600185,1.69236831683105
1.86211278474949,2.36113157288265,2.13670613101319
1.81735810255052,2.44372614447684,2.19197446360557
1.83235324061835,2.41773862236733,2.16988988187659
1.06167355508179,1.33578687596877,1.15647450157639
1.05126254577172,1.32853499425388,1.15164697717713
1.11349161169616,1.40037608300371,1.21020116131301
1.14917321981438,1.44457589200256,1.24968012105443
1.15124886304153,1.45143176125235,1.25041856115981
1.17774923426336,1.47638991618631,1.27582408719386
1.25973044290658,1.57748550889068,1.36545484709804
1.57962619792235,1.75244876577742,1.63091205316255
1.59502788408202,1.90590569404492,1.67262682562547
1.72201883258197,2.06477590102042,1.88024781150885
2.35001496584976,2.66434353667732,2.51415660721439
2.16035370760681,2.44495513601008,2.30520578082356
1.92718678954092,2.2628174818114,2.07501610527202
2.34814090532273,2.65427863466924,2.49913286662655
2.42056441510596,2.67080117663171,2.51114460772622
1.11348324098499,1.40595359958433,1.21218340566619
1.13396772004469,1.42916792437012,1.23661525386059
1.09436183823896,1.37590879842534,1.19193886916321
1.11900787313489,1.3919588743354,1.20940560314926
1.08771744355267,1.36197400930874,1.18935344661277
1.14439408524444,1.43334684250846,1.25083682181791
1.13126645915654,1.40488902918152,1.24084599420934
1.18824704618076,1.45709665051206,1.37989945170964
1.21598760217055,1.48434914890328,1.38892672612486
1.26211290839023,1.55394998566634,1.45449223109091
1.57993674707722,1.8336582307369,1.80251992757409
1.66002427153382,1.79850601410741,1.89472709120112
1.6877393161119,1.73904080748753,1.76698457293995
2.22756274920722,2.16760645040346,2.18584830826309
2.21998326424813,2.18985398550352,2.31357564565413
2.14844451363647,2.08197904799403,2.16677370981154
2.63235491471515,2.57900038290446,2.65057320585289
2.67712258144221,2.53294458695781,2.52982741689928
2.49164939652586,2.37581832223029,2.6641890079736
2.81109845722152,2.71579204930197,3.02946730455131
2.82514920356206,2.70850719199619,3.02845956427772
2.84138139123537,2.67747471327251,2.99584612667032
1.02634064650641,1.27566887877564,1.1189898079928
1.05463520408722,1.30069559448426,1.14507518751514
0.976545880768618,1.20792592763396,1.06317760426441
0.993913868139121,1.22557171720046,1.08200798488216
0.928781445648935,1.13935481973263,1.01030403856638
0.943909825780262,1.13865506777725,1.02377484826727
0.93002634042686,1.13057846260586,1.01490486584558
1.40632676297519,1.53624879003658,1.42569269152267
1.35192586705058,1.55819121326518,1.46227574449325
1.43605447151005,1.51884286464544,1.48586708269878
0.922764163754733,1.14106969295209,1.00565031827131
0.922586901825781,1.12075139480457,1.00122880374592
0.964232954868968,1.2088290681421,1.05211527104041
1.001113450884,1.25664602036579,1.09267507680477
0.995086694001237,1.25253676777669,1.08647401041043
0.9881209584944,1.23279177547043,1.07240340451837
1.08199985262038,1.3701502867125,1.17772573994443
1.30934857356109,1.61483367883635,1.39062344621918
1.34653380981787,1.64751271402931,1.41696514318255
1.34741388976132,1.66960572882742,1.442236606039
1.71416656721349,2.0673280846362,1.79741240464179
1.68066340684186,2.03344152867173,1.77070416867813
1.39503214340979,1.72441801431886,1.49354728543431
1.80042666133091,2.10127478689594,1.92699879108399
1.82070578922822,2.07440051502193,1.85984822273804
1.01761847228089,1.27644936645382,1.1119287144383
1.03227675063432,1.28431041042323,1.12703274602246
1.05488120753819,1.32397455669042,1.15421768673215
1.08015118388254,1.34583435664129,1.17770887947567
1.10275598041663,1.3823404023148,1.21012193043452
1.15844485501645,1.44541628250883,1.27091644561171
1.21108624909773,1.49401558633153,1.31580213857267
1.35938068818326,1.57175944217203,1.46139615605199
1.38577702134463,1.57853331364282,1.53523896531221
1.56031672884264,1.93480496288365,1.74774677718675
1.87221605179279,2.32986649353824,2.24008716925248
1.93285379391332,2.37836369619341,2.08190733248216
1.82941586716909,2.26875128342893,2.12822892998354
2.28218060626967,2.68989673664768,2.53648793548275
1.93505560609341,2.4095282144486,2.31546780486968
2.37433177712322,2.98805343358752,2.81138346843719
2.63718803464918,3.29402454632838,3.1076521725528
3.0821292385443,3.75257189786874,3.60502472735776
3.4712405760987,4.1390837554731,3.98117066182858
3.31707280292491,3.90715054069086,3.75702534992648
4.15844966524694,4.90819677777214,4.74929801641234
3.83431977892642,4.57827148047073,4.46458914348108
3.95976178948874,4.72194360885616,4.6127471857082
4.43354103193307,5.21958512376555,5.13030313344712
1.0411066249407,1.30386206412455,1.14598352164214
1.08109579894291,1.34660286923236,1.18777655301908
0.97939746299826,1.21983714201757,1.0761871344801
0.986966083389988,1.21880852674147,1.0751352065956
0.934651439004961,1.15683181963332,1.0379271184857
0.993232865451453,1.22156860543828,1.11286246317944
0.935345841740693,1.15721406309457,1.04631510075781
0.934706914487629,1.18529510211759,1.25000476006656
0.946248418947425,1.20693439489516,1.24180813735252
1.04635382303369,1.30847040073475,1.25649854069359
1.16873476875754,1.48377939645517,1.5549617525334
1.13776604268467,1.44708334499895,1.47025496102186
1.20281706512123,1.42249371911744,1.43794108438362
1.47222331713734,1.62904810724755,1.6735380426217
1.55254347941709,1.76917370054599,2.03212745208075
1.83483141907082,2.04632822488902,2.50254490685278
1.75699740570992,1.95788966817744,2.2346605033317
0.867157988390575,1.07734053471277,0.967153989945996
0.869352021123044,1.07294831234215,0.979263555470493
0.852811024341063,1.05802442787138,0.941052055958232
0.889552151592137,1.10065043807241,0.97865946150992
0.822463213328623,1.02890017739646,0.911942250689596
0.802727784365088,0.990250931897903,0.888814917076518
0.866250259962392,1.07034047587573,0.94914285636621
0.920452128606774,1.1255996983366,0.978754026143766
0.951639626745729,1.17145822349806,1.0304652789137
0.894620061870459,1.10699016257813,0.97761032660751
0.983337512020262,1.21539556184341,1.0398881296924
0.960750729197812,1.16265131752531,1.00175416868944
1.4587615494138,1.59424579144585,1.45454375553494
1.42398483262023,1.56700917089237,1.44206891983778
1.45058692501028,1.60215505528702,1.48331842743008
1.02607433771338,1.23003300104769,1.09224731395439
1.50781186651932,1.63922600305872,1.5413058001348
1.51817114640334,1.65240152023228,1.51881231241718
1.47004786400997,1.6529660880924,1.55206576685521
0.850630950647914,1.0821006390067,0.947880585128328
0.839983241005986,1.06102642381732,0.933260425503366
0.933664593001655,1.18817896603919,1.04028263893228
0.985716671715902,1.23831409112355,1.08829427587765
0.999353029990207,1.27146883183632,1.11095841766802
1.02122024676028,1.28734977026726,1.12208573189008
1.14393092772243,1.4442590681347,1.26479597392687
1.42904295991007,1.68471321589362,1.4639653052671
1.54115199525137,1.7679650834395,1.63364037451561
1.73713744802698,1.96154779499765,1.83163026947715
2.27899917108045,2.456457724136,2.34504834329553
2.20879123126739,2.37632551663784,2.23709111784621
1.88900481058833,2.13327286900807,1.99500276517843
2.29499300752504,2.47833332171833,2.31116465306858
2.2495389819886,2.51897834322615,2.41914387743613
0.966898364433503,1.23294149537655,1.08002876251722
0.99005023253624,1.24878136011513,1.09522466547114
0.95270043973633,1.22126224179472,1.0733203695366
0.977654921400604,1.25065020545588,1.10437719288905
0.944960771148356,1.21580572891725,1.07203494746323
1.02056006306364,1.30624974983353,1.15508560867023
1.01879198591708,1.30094817257826,1.15369150310541
1.13863985008785,1.65724165996655,1.55514058511442
1.15594488265187,1.64118841210692,1.49205912276777
1.2455501889619,1.65304465604247,1.58858281899178
1.70342322930693,2.09778738179044,2.0219624142184
1.67156668878162,2.24793446922453,2.26848136493395
1.71938459769831,2.10931568396329,2.03198787585257
2.19080403260894,2.5152713812661,2.52103717201079
2.27959792458429,2.49834231229255,2.43554420868689
2.18674217974587,2.7073131889749,2.5283748481086
2.57216824802246,3.09617351823834,2.82108556779464
2.61226813017163,3.07530141669811,2.93491750482355
2.76427687702386,3.27792037877155,3.12212657676567
3.12789992600855,3.61810822129343,3.45397459875148
3.13683452105345,3.59705529142003,3.48420997337076
3.1267890553911,3.6192238611939,3.44826401739558
0.842270812864247,1.0801423914161,0.957884633177685
0.866607843509676,1.10513448853192,1.00109815468529
0.769307542396594,0.975177100209654,0.856132355862379
0.791039689272252,0.996928837332397,0.860318605537834
0.704006685960428,0.872554200462851,0.767100171518116
0.726823468169912,0.889321227745803,0.801236532764503
0.714892187569855,0.852587458740146,0.745626851143532
1.25530460237592,1.32358181506908,1.2863494275528
1.27412304974517,1.33837338530834,1.2861115057769
1.27279971528638,1.37455435293355,1.27296899095448
0.700152997761136,0.858268196954896,0.748628646798258
0.705365185698546,0.842743883955785,0.744754851518209
0.752579096176299,0.933759605251237,0.804519033813125
0.788266715081856,0.985641690372727,0.84258388686325
0.812191949730139,1.00009627445425,0.866168286288127
0.809401949158136,0.97084557400767,0.843204361229715
0.931106686558379,1.13731318553668,1.00216352915258
1.17047937280042,1.42709967766072,1.26172444642483
1.18424559238845,1.41114496893555,1.26795853079924
1.30393231673291,1.48821344698036,1.27356649260435
1.75922831510396,1.92184341206516,1.66788648791761
1.70969174998047,1.91062550305377,1.68575573224987
1.37122507652968,1.57757206461603,1.40524223960018
1.88621720113949,2.00408482028362,1.86299250162343
1.77342944452743,1.97831654835056,1.9121553300234
0.854267213006005,1.06428178849447,0.923883188479057
0.884998148371772,1.08730979568369,0.951287060208385
0.903120192731278,1.14296913322815,0.994460759928087
0.919476641083379,1.17049652963605,1.01890112993706
0.972474382931793,1.2392055259112,1.08799847793846
1.04277492223203,1.31465631711547,1.16211452914015
1.10429247277181,1.40971154515283,1.24365226289465
1.09576563096532,1.38769508358914,1.26403321101767
1.19164542417817,1.53068421665645,1.39650123695579
1.25877969710404,1.59825723790074,1.51511450568799
1.42603656445871,1.77902465838142,1.8147902089331
1.50521472994172,1.85249948042988,1.88371536332944
1.6235656229548,1.98464095012901,2.01170607578103
2.09461702652755,2.4221334669307,2.48540238883693
2.06798515835669,2.37401449376302,2.44439926687888
2.11441310654618,2.46028670323564,2.55566491549721
2.51868258908095,2.78949559721962,2.86082435020494
2.58714587233252,2.88886041415789,2.9126294873754
2.49462363044347,2.92372972292277,3.21303342337419
2.81635274832117,3.23832687349775,3.55256367795151
2.81833666794735,3.23873317221545,3.54612791892109
2.7878596988453,3.23421188340494,3.56426334372034
0.907229843733735,1.15479068880496,1.02091438031912
0.961009417128557,1.20855951356719,1.08336842933137
0.832713354056028,1.06410897866292,0.945058248273182
0.83019590654293,1.06910900328899,0.940862029759627
0.804776122067484,1.01556691183091,0.917537301470896
0.888838346692938,1.11980747950102,1.02129310397262
0.81326909991981,1.03451483574614,0.93587510326398
1.33229720060009,1.48522277791303,1.44012992560587
1.31370592572981,1.50318505048386,1.41240030313466
1.31893149017708,1.44278984604063,1.36939623767239
0.743308053393286,0.912602432850256,0.831253617188336
0.778731489142652,0.9447495892207,0.876430631517325
0.704360507700524,0.851506890986446,0.761422609752119
0.713876331272241,0.864563242095053,0.768369368720516
0.70754048675492,0.843036827229176,0.742317684309319
0.712096046872011,0.836934680449124,0.746809444935863
0.731788539761973,0.881016571890383,0.753163523096349
1.27269301282705,1.33386244374611,1.28143594187902
1.25774780563425,1.35271596809145,1.28254089341205
1.28723465002603,1.43533914808166,1.28368033412672
0.783926122429801,0.937919557880042,0.825907346735415
0.824721603106938,0.969693905250345,0.858820470030708
0.855894921857366,1.04952303864728,0.919867633242348
0.864701688529581,1.07047105768238,0.942855547178304
0.967629513135012,1.1980404401086,1.04372550551741
1.00974100187502,1.24265499937086,1.07849658424634
1.08500610871168,1.35865851918266,1.18874999305876
1.14799350161394,1.52313724894129,1.33057673184168
1.15860724903514,1.60144699519099,1.3614401084293
1.30611826274509,1.8113430183628,1.50565421469755
1.46873554156122,2.24613148568859,1.80245503395203
1.45501312755699,2.12582325610503,1.75245344732045
1.47309420704028,2.02648268102703,1.67550708016241
1.90011181585557,2.42240517794717,2.08921702319922
1.93799476618616,2.44454835892751,2.09506810433028
0.978410404575355,1.21380977018018,1.07126798980919
1.0431738033397,1.28606549640235,1.13071596612953
0.954883990639539,1.18881002232762,1.06752833175317
0.947143812888014,1.17504830168403,1.06242922758123
0.985805144731392,1.23339412457419,1.12237200789017
1.07723837433061,1.36129548383468,1.22950830680922
1.03968351952774,1.311991522821,1.20712623619643
1.33298803971062,1.64030221569845,1.45895306177407
1.30511323366485,1.52678334392463,1.37835067274035
1.47219608226852,1.60312622409388,1.48341416498436
1.92526759542142,1.95030958666487,1.80121422522783
1.94520922462565,2.05142687746097,1.83073701121507
1.52231097864273,1.72620966081637,1.6234104696775
1.9275238676247,2.13229667373951,2.06290948196263
1.93848147084052,2.12460604548725,2.02750571609471
0.92717825205124,1.13512102444496,1.04560687231145
0.989949632447683,1.21473961593258,1.1194608469099
0.84271926219728,1.00359121007182,0.931538501680861
0.818072660648409,0.969540195703043,0.905218172325188
0.827920775170695,0.952546717293618,0.89488355612269
0.877855675766694,1.01269431752211,0.967458411991633
0.798181016123847,0.892119335962997,0.843839437327706
1.32191152273897,1.35094022632607,1.31083951065862
1.28905471044764,1.36489499937763,1.34882775851596
1.31910591441255,1.38032577106525,1.34867022737547
0.868445700661167,0.997502568791338,0.907084275505398
0.92678210064141,1.05838888147289,0.963546659700172
0.888688471939888,1.03797772604915,0.916398697680285
0.876014314391333,1.01994963216406,0.900884796863404
0.980550238498218,1.16863692593974,1.01250416697658
1.00197315061437,1.18692294983257,1.02856031608402
1.04539565591152,1.2586427467541,1.07577767371681
1.19500143657579,1.53868063208549,1.43476227405389
1.28088196955263,1.60831660757442,1.46540162460844
1.27855661855556,1.45006604288711,1.43569558574228
1.62161754703905,1.87932457533583,2.0162363842452
1.52884889755101,1.79350712270418,1.94430116332348
1.32963498384437,1.49022751150846,1.38672317289653
1.80755919364844,1.9308483111132,1.84384521262025
1.71721009159007,1.85156157723646,1.73484667550156
1.05860434951419,1.28581144376934,1.11809003290755
1.13934739609333,1.3845517259755,1.19374273425306
1.07727020799014,1.32741124319737,1.16488585714746
1.0463508502081,1.29440437314107,1.1419132482467
1.18264988321279,1.47411422698522,1.30177870058491
1.26729266210537,1.58154227557287,1.38636867981634
1.25961791824202,1.58855610394156,1.40981698908266
1.29685563384576,1.58851677306678,1.44466812096344
1.38823177467801,1.71842817042296,1.50558553207034
1.45368379855501,1.72571707817411,1.56759692734011
1.45800988884024,1.82338192009458,1.61976751740922
1.83467844570647,2.14589836910161,2.03017174065837
1.84748819719714,2.21005755835783,1.97162812301424
1.86902583360955,2.14667227905206,1.94751377157524
1.18110249754031,1.45838701403841,1.30202932421143
1.27630818253313,1.56903747910432,1.39922585666326
1.10880717210608,1.3584025408049,1.23302828905844
1.06682192970018,1.3102790384765,1.1907423619021
1.14099337148902,1.37099443414622,1.26297685211423
1.23468151676281,1.49029354169433,1.38024648129279
1.14300701057686,1.36873341382209,1.27612024059414
1.10622515626532,1.29672178691823,1.21011090213824
1.20786679717923,1.42797223312087,1.34085229156196
1.24295157814835,1.51635980551195,1.41098554401265
1.28782227025131,1.61362840890032,1.49160985788496
1.34154092167427,1.63062071263624,1.53926619145886
1.3897071704335,1.68736177107543,1.61159656712638
1.80547026618661,2.12120138123135,2.08175902589176
1.86333854022483,2.09178408120929,2.02579057368043
1.13177436373168,1.32741524985181,1.21664418042737
1.22837332831279,1.4557420557699,1.30673755785189
1.08072187815903,1.2319761495936,1.12342480480306
1.05705567088763,1.21672600305621,1.08380437754939
1.12531722758907,1.24771724419552,1.13827969354455
1.19474165176066,1.28561042324849,1.18647954096478
1.10536346348162,1.21629236986057,1.09534591203074
1.35117488005185,1.41650409025454,1.40974910058424
1.52096614481483,1.41031270262851,1.416061311934
1.59930533139362,1.3589192787641,1.47860112962315
2.11369232543186,1.56192237376343,1.91230340826771
1.22773736164733,1.38514982047092,1.24482119443101
1.35735470009618,1.55800162174941,1.34958608099174
1.26547069562935,1.46824454553763,1.2961027068051
1.26458166050559,1.51484258429288,1.27724113856938
1.41064648900496,1.65127689647232,1.44289212819178
1.48179678839358,1.74413807609438,1.48594404334323
1.54430330090884,1.84445360038137,1.55130842529536
1.96652465510486,2.19104969313481,1.79101416881976
2.03027936897279,2.21957842484729,1.88427585685064
1.79179840827794,2.18822968728272,1.94704544566002
2.06618927182112,2.27010543608935,2.28620284943224
1.52229774605718,1.85463721097597,1.53674578458816
1.74572525529712,2.11788411149126,1.64991605309339
1.49305516257034,1.94643973852427,1.56203757655265
1.44257432016513,1.88257203763786,1.54588370926785
1.67311757635764,2.31729643735649,1.70528643808264
1.83151777432661,2.52732500147119,1.82300061601854
1.69633060195868,2.61312314065807,1.82244242567685
1.95146736681372,2.72032494869726,1.81345447847818
2.0490563270733,3.06807379457689,1.9303708919271
1.82304260248075,2.79038179485867,1.97218769138258
2.19652513614032,2.9147982977544,2.1978502894217
2.10756282723055,2.976096657455,2.10954631679219
2.02548452188143,3.43926468127636,2.32112072568719
2.50119927699047,3.88833152054335,2.81900467996845
2.43360728967751,3.76972653780893,2.78833179294256
2.20593880358622,3.81622347094107,2.41673941526177
2.60320258331473,3.92867688645532,2.67866631218368
2.61165874700705,4.08255730104169,2.65720226396955
2.4372929245721,4.40450862481497,2.85469818110617
2.72151264024647,4.68190436839318,3.15416200722334
2.70585959428622,4.67702505971788,3.16275644267652
2.70078524367307,4.70552011957644,3.14130969821174
1.83802407459695,2.39227212834386,1.71654323848674
1.93355406758615,2.7476013779191,1.87544231549592
2.43266348075857,2.20381042799754,1.63747963211349
2.86125680415424,2.02684072199464,1.57741843823913
2.84726265223419,2.4136233934907,1.75258956909669
3.04408844049737,2.69767627247575,1.90681330571219
3.26533481758142,2.36378517758181,1.85372139909318
3.14221007467172,2.70350790314122,2.48055770920566
3.91777531305856,2.61580675560228,2.30593351579174
4.21976654732221,2.93435760147748,2.72510920664819
4.27527545956564,2.95136195765868,2.76155003220911
4.25151568751056,2.97544685064577,2.76159780973026
3.71118610364189,2.46628191157627,2.03957120394464
3.99485895342887,2.80183687650444,2.46858350910277
4.03169425977529,2.7408620341096,2.44570247416044
4.00464091620469,2.79009304816509,2.44184382401475
2.93960317503316,2.6889624066755,1.80430364869362
3.47936180725828,3.02053585449828,2.03786848135943
2.73309341231269,3.07692230579548,1.76638685474651
2.68091095773704,3.29323232705468,1.73097821587018
2.97110832148721,3.6165796901315,1.95190445084814
3.17383266812656,3.79253052480958,2.11175607078754
3.07319826643512,4.47636359105895,2.02875835590985
3.31718807226887,4.75332355653095,2.25851273207322
3.36705000504907,4.77618253035013,2.33929246745379
3.35564968499048,5.14039052111291,2.25830410663295
3.58650495350053,5.21102849621646,2.61164877239397
3.54099600243365,5.22820992042837,2.57882413158011
3.93199749219163,6.13426819670358,2.51329992020799
4.37822796514559,6.67104682012249,2.90125845401879
4.39367105078382,6.66326649118155,2.8938727518227
3.51585711092533,3.74696701278165,2.17236013088535
3.8423015715678,3.97248621129268,2.3149121185641
4.02096130370394,4.15232388637914,2.67350985137261
4.07381183585108,4.38797341718925,2.98943398421221
4.79039354210718,4.7195573235863,3.12109628191916
5.0970699784245,4.85522012387494,3.21462450959071
5.55127483621053,5.39009240667315,4.01984894311748
5.88719645944356,5.64979719497788,4.41495638272573
5.97341241074348,5.84003161958842,4.60611411701078
6.11476253499575,5.99762821940792,4.75788702840459
6.03598830564774,5.91912313317683,4.60559779196501
6.25030119348981,6.14672424993429,4.93675095429936
6.31938640775482,6.24394042685442,4.9375841989357
6.32605607784035,6.19827595240191,4.92311641258631
4.89129717674885,5.09373954766583,3.31380977731587
4.75825104932097,5.21656425092358,3.71894155839414
5.44491299383902,5.6712647645786,3.54949730360137
5.74903188159479,5.83777067799291,3.59299496776389
5.89970542291552,6.37890078615437,4.18648000606075
5.70749138498855,6.35388219665446,4.48361555018173
6.60604736309865,7.01860386890751,4.51855718576095
6.89581685793977,7.22692922689953,4.55293017217171
7.00490097304064,7.57335363912399,5.06641457989854
6.82464753529183,7.10386296479248,4.78009338973814
6.86058063324218,7.0861571827052,5.05878640556701
6.75318282515316,6.94553667531591,4.68480821088296
7.57045618086274,7.89533490427995,5.4882227258907
7.95974185735519,8.33359789155348,5.92597619197337
8.03641465818292,8.3356565672836,5.96481754357618
6.36603954647352,6.99594923887932,4.82073852421991
6.74685145553487,7.37851790094123,5.16959741704416
6.64571179037736,7.39946950431404,5.42439840391977
6.58476679756943,7.31093522872043,5.46403789675869
7.31831945986214,8.23161473148246,6.38275237780577
7.41887175902109,8.45705257259433,6.51792713614533
7.58282744297578,8.5963992001889,7.13991881538959
7.76076572597262,8.55224212444023,7.23215233238769
7.64647635263312,8.7318100324823,7.4511913330565
7.95740677800032,9.18027301924696,7.75783183196246
8.04219447075324,9.23643692223986,7.80195649041534
8.07303751851398,8.85120901068879,6.95968196995974
8.42282872338074,9.0150655435319,7.12371080805682
8.59378636361674,9.45031860802465,7.57423203764205
8.51060067773964,9.50471612396596,7.68247083703429
9.51381628789692,10.2502554522745,8.37301298162352
9.66327081064209,10.2548240678683,8.29530639445056
10.0643992386664,10.7470435970107,8.83389227144407
10.1144419103651,10.9100215127753,9.12143521596041
10.8326384184253,11.4148715636027,9.537036116335
9.82609503354382,10.4521201805481,8.34821230243253
9.50038933423929,10.2251039211068,8.09596447831796
10.12219910074,10.9774850173424,9.30497016959416
10.4667861671195,11.3697682343811,9.79614111061771
10.4665097508252,11.3552641207544,9.76841773931847
