R1,R2,R3
2.08514868186175,3.09891164091077,1.85495022718913
2.40894324352726,3.4568765223503,2.22929922890532
2.40171328355876,3.44418548491236,2.23928143062454
2.44544475109289,3.43158755238421,2.21597776692316
1.84985900730593,2.46530963654698,1.40536095184569
2.26441855462679,2.49225102188384,1.27306508087547
2.57225320914497,2.9417223284701,1.88941325941239
3.1415332413133,3.17482293562787,2.08328327254656
2.7428066525356,3.32214459850674,2.16971198130389
3.3440961541248,3.54899810314513,2.66699924984084
3.58823385913751,3.97193383398986,3.17951163836152
1.49065859750353,2.04683157105829,1.37038442971999
1.86371695778896,2.29104800958284,1.8619149544763
1.41301984534607,1.71447762238916,1.18278304704973
1.74743988929317,1.9061131267535,1.34174482096039
1.52183086756591,1.45827530136681,1.25493049665202
1.64802625650959,1.57545832356246,1.41798503705863
2.16041419910638,1.59067835365719,1.54369890199551
2.2750622804464,1.76207697059619,1.91066654782328
2.64427355045668,1.91576705014454,1.86921434416096
2.83714419481936,2.2440427791092,1.55444827967111
3.23859131238586,2.61219986319426,1.85288006777962
3.15239397850337,2.7145158469088,1.7170194103288
3.75623594690626,3.18708088869895,1.93554659038466
4.05431531009203,3.79502736745959,2.32989964775303
4.33313093398016,4.1253815709478,2.7148295105583
4.28033742940218,4.14774508126117,2.70213329261077
4.34036683477575,4.14230028964061,2.7108074041683
1.41521325497231,1.30837516439361,1.09337160650806
1.81349424893733,1.52591130634534,1.14593381823822
1.08070263715805,1.16278996339608,1.04644212152958
1.13554628723468,1.30745855805578,1.19866749957511
0.941866097228427,1.01250560518049,0.890749167160565
0.99306022576114,1.02967778938379,0.949956481630547
0.934646992057955,1.03327085667637,0.880245271242487
1.06326555827734,1.14031463117224,1.01779514787301
0.984770631603494,1.09389055096047,0.936221334974303
0.852301205521566,0.972004338031476,0.788331595367177
0.8445329234949,0.889223160868638,0.790900247789922
0.941760905442239,1.19826521247377,0.947691639842584
1.07868106947444,1.47637207515766,1.16137921337316
0.965667272553371,1.24207887032143,1.00434571805378
0.859177320398879,0.926843273581972,0.798427143591058
0.871930406762029,0.983102585190767,0.821090470394889
0.863380499200474,0.871645921578502,0.79997627547745
0.992047035847815,0.940466034964222,0.909890024253073
1.02048236659803,1.02999110021399,0.991773516658645
1.1618247464658,1.04580414955054,1.0254845100025
0.85774237013262,0.851552746560307,0.804644038089987
0.900770923403071,0.901708968062335,0.864951768879447
1.00000977906916,0.948529231482916,0.952508646171197
1.27681069657064,1.10120731597676,1.13695449095019
1.14735254379274,1.1942819513497,1.17250398400969
1.15586127536313,0.996106684426365,1.04892631820609
1.49415987760683,1.21750770578227,1.31536328692
1.48704230885521,1.24408997302985,1.36334879957273
0.767377498526512,0.789661907873429,0.736523584213536
0.824425593530708,0.86547592740997,0.850325940935061
0.72163915719258,0.749658872175382,0.653873334054232
0.775657981305345,0.791195853156286,0.675257310920533
0.686607355497025,0.738768125757396,0.648701949366652
0.732569972285228,0.799182789755205,0.726957007287017
0.740218641270361,0.799583783953202,0.684499541984125
0.786686602876346,0.845315478947068,0.756440744097891
0.774251265164573,0.825442944973234,0.700665604037044
0.78904213101515,0.830595613231709,0.712016997533204
0.830716425957219,0.870413394436046,0.761883958366113
1.32975530705416,1.38454759623062,1.31715429584754
1.36179923712173,1.34750505721298,1.30796586155372
1.35779216713242,1.36109336850633,1.29341366139924
0.632951368951335,0.682833727231294,0.627485956834411
0.665986422386347,0.722644773204895,0.741376046458439
0.613781045171215,0.655964031179666,0.57878928227092
0.665965186932977,0.696239162129991,0.609445302679087
0.583430260360966,0.643414791335785,0.571764478628448
0.605307280004223,0.68043096724525,0.591106272148771
0.626183775859336,0.70651746226481,0.63083262749815
0.661504391672403,0.750020375055406,0.673872524675318
0.68144458541244,0.753493914263227,0.674158474399904
0.703015064515236,0.776879860294508,0.701489314175838
0.697271969969705,0.794122982178426,0.696224671328374
1.29935482469618,1.31038953236574,1.25380273573093
1.23020337763461,1.33983789940463,1.24757278735432
1.2438017812635,1.33438096289428,1.2549395198648
0.56418667271862,0.616156322322846,0.566309605942328
0.570119668886923,0.649127950057457,0.591282403564706
0.593600442691276,0.612718968272164,0.585498589053347
0.659497589306793,0.647305407567562,0.617218774585053
0.609695117591252,0.63485564711654,0.621165002975938
0.657255803764549,0.693220600270779,0.675946145164076
0.733974859109778,0.716270522331186,0.700801828528344
1.09975702114445,1.00682287510263,0.933210034707378
1.13045083853817,1.08589037810484,0.923401623622736
0.98827720806357,0.972065074727393,0.82648929685899
1.60605956449207,1.39782112185739,1.16625118791091
0.556929698548121,0.601667370122291,0.594929062263319
0.587586663571151,0.634118294297031,0.634385387737046
0.537359835055488,0.584061890988179,0.576203132020569
0.574183071887201,0.614201554384487,0.605519886263765
0.510091395375211,0.577311250718458,0.576704779248917
0.544002745216488,0.610540977711546,0.620478629358824
0.556923501416353,0.610533585857906,0.610529718089578
0.634139955268899,0.671300459654907,0.652713471033167
0.631310304432196,0.672360789287044,0.680391468142336
0.653172550919274,0.660168161175723,0.680426677678576
0.949132568178744,0.779888596973071,0.788347749334705
0.901307725341441,0.778016074771024,0.796139533444487
1.46298121641319,1.33482532370301,1.3312300794587
1.44914613244673,1.33339042388661,1.38001456648001
1.46190987420915,1.32889598512948,1.30423480630478
0.97515275566806,0.817418659064067,0.853869198824497
1.53156147217383,1.37573678931197,1.39487524398281
1.5394195996337,1.35201415388444,1.37960402755771
1.49874340340751,1.37466964034419,1.40019249641774
0.501091511222316,0.577793559220532,0.567474458303423
0.57299426753346,0.657053208702527,0.670140840216044
0.497351774370414,0.580025122080282,0.537890803801606
0.54619783454097,0.632849648305666,0.581045999696174
0.497397600579167,0.586219477681624,0.542767682975876
0.520008458884687,0.610317925563784,0.573838213374773
0.553013805103235,0.679089364799586,0.57777992896281
0.624377357592543,0.915280225589645,0.667448464417077
0.598455457660718,0.869090746933466,0.677256671251108
0.638808121839927,0.733916284284861,0.616512713892617
1.20125464600296,1.44233679021968,0.950431112451829
0.861344571129529,1.33569841639464,0.766289505795108
1.35879502100615,1.77153289312261,1.05946389416467
0.905091195945935,2.02808221821426,0.857991605676657
0.484527231428196,0.565051100201326,0.54919860725413
0.509245778347928,0.589626718848855,0.585896360220116
0.499856401120454,0.57217118309664,0.558227329359049
0.537691278977208,0.603346295094023,0.575751418886311
0.514524388680774,0.581247869202792,0.581982334618747
0.541755132985691,0.61530555881844,0.615853593959482
0.572138665871955,0.62655895728837,0.612492436835486
0.60673778437665,0.669332454450648,0.634086033224121
0.648174348267372,0.685947209790128,0.67019380062094
0.615865847393953,0.672966196477637,0.652087319166435
0.701451823049032,0.744411030671901,0.733226454226354
0.645729211978596,0.726626822076007,0.675555930947343
0.672584917142262,0.787818525359795,0.687006931956086
0.93282343349291,1.28747075945657,1.35462745955109
0.975889970188887,1.46134152405154,1.24152479298882
0.506010116673989,0.562583498594584,0.581207316250695
0.544025158864983,0.603208585193359,0.62780361286994
0.516205239560544,0.551674071525118,0.571203625384646
0.548690497442187,0.576999783144404,0.582858258890446
0.545825216107817,0.581105174873092,0.58818568046956
0.626250738936329,0.656266209708671,0.655446655010764
0.620402813113916,0.648603522841327,0.644391410309459
0.49765553153193,0.539633260444624,0.553257854745812
0.538955596993293,0.579229537063304,0.584851903052907
0.480456547460901,0.525304497135873,0.540832823926951
0.520954682659974,0.556674652001059,0.580495968840974
0.484827821138898,0.527320314610492,0.529619650652858
0.541877954507054,0.579399996111611,0.572723060280961
0.538885290310653,0.574942925179523,0.567109089191695
1.19034561130913,1.19465786923748,1.2043226472077
1.18443618740617,1.19168170150891,1.19326286766537
1.1622957244281,1.20827642187567,1.16664602275511
0.471541900628625,0.514826952158325,0.511720827984814
0.526113080881567,0.568277508734463,0.548757582356654
0.45817276437027,0.495544658505062,0.506241057111277
0.47826270749543,0.523308710453744,0.535268484503561
0.468888873079693,0.495191570551962,0.518402459451595
0.50499477568254,0.524273253985914,0.548458088406921
0.501986580881413,0.515994471992121,0.551082824545607
0.527899649377075,0.554045280502494,0.584127829793478
0.615091544823604,0.616602148696291,0.670705056918681
1.22427167249341,1.22238001789787,1.23689195331704
1.23585546246818,1.21111534978472,1.27871626300865
1.19190344007343,1.24624638927319,1.24457304382872
0.548463387706341,0.546418408517712,0.568347218903593
0.6961207651797,0.63957437790484,0.686550981519932
0.633560302449416,0.600257327761708,0.657536613642466
0.683125383864135,0.654289331073629,0.658429238781582
1.27417247588347,1.23449720985974,1.27857935013916
1.28149747160116,1.25654254101843,1.25414924720172
1.27565744411769,1.27325845811456,1.23881164944926
0.476049369548653,0.516789533081179,0.519247801382707
0.520217454824452,0.558691923676613,0.563784082163907
0.493366657693797,0.539319902009664,0.520139349504645
0.530380471314014,0.564576409663611,0.554956415025624
0.533287018235792,0.593431630645756,0.538453957910455
0.58714468994637,0.644801873366921,0.590032584451037
0.587826082311315,0.656652435499898,0.588016971407319
0.534653476766765,0.601724657199975,0.527334496372257
0.592489819709552,0.659497200198065,0.564774406269962
0.531617925459281,0.603240689175023,0.535711956828633
0.556913441553917,0.628943338801583,0.575584258777334
0.558809957022023,0.632714817281278,0.553241929480177
0.603386431638347,0.683062603082752,0.600184692954884
0.626184115166095,0.684497607457194,0.624673631736635
0.672819845201548,0.727528876344673,0.686640782292901
0.666029805411213,0.718401016570409,0.666227142466473
0.721989586198275,0.769128809562021,0.718391117663329
0.821300646286791,0.857879379435256,0.791600177149312
0.874507226212303,0.911956168776484,0.838059297727319
0.96329207781042,1.00012533256168,0.949556234864255
1.10040835390562,1.13267536545829,1.0738128612957
1.02574002070224,1.07080794107363,1.06939116590109
1.22362052346343,1.2752568758026,1.30562932378687
1.54495585995995,1.51993223077505,1.579331016489
0.843816768878706,0.895501995908268,0.901334051059754
0.912945862003675,0.973388392559112,1.00572609570365
0.990009141344951,1.04423874672761,1.07915429932624
1.14769398311247,1.20750324688509,1.29939154813169
0.545398369262027,0.628411801061712,0.529439391660547
0.593382665521069,0.691430416445075,0.572032025694284
0.529430107391598,0.600372825595727,0.51907226999102
0.54300603054752,0.606768810869368,0.548148802616793
0.551339723667674,0.619772353058783,0.523963566105151
0.605832747468466,0.677375799509696,0.577682182541691
0.594469717631517,0.655283704684547,0.594539959235743
0.865563408383414,1.21109601088355,1.00638590919582
0.813622076338532,1.17173450797945,1.02483423202993
0.776578880110191,1.06833846573753,0.823853747530277
1.0455253949013,1.63914911881471,1.28418682424985
1.10146522364305,1.67863716422558,1.28095774593894
0.973079801893536,1.13392389041862,0.974517734409797
1.05618452313422,1.14071942921553,1.04962518525085
1.65538049850887,1.71336632340235,1.66611184101737
1.65463936017156,1.76750191373937,1.66657507742988
1.65478196556205,1.7573885372225,1.66048972195878
0.551806246848856,0.615238139113534,0.499315914798409
0.617891993325846,0.685864414557583,0.567231959328777
0.531931577798528,0.587250405871073,0.473771342361027
0.549174938085007,0.591517284027066,0.499603676249607
0.558558313765159,0.609175470270556,0.476720387111506
0.612183408677451,0.644663291757216,0.513744442774768
0.605742902147085,0.636344752323762,0.5340302708493
1.19918997481582,1.20875392260317,1.18906190613503
1.21960156562522,1.21295493184151,1.16070047179099
1.22010010675894,1.24308278582302,1.18585189253872
0.573951844510145,0.660481051541858,0.486144302831149
0.633592797973748,0.715354933880587,0.533164646968596
0.582463696915016,0.699624345662507,0.49752950250742
0.590722943158947,0.694706639924155,0.519085550385927
0.652235194008123,0.816026170902459,0.550041074486939
0.721741840246227,0.866141067986797,0.576455458782737
0.762460484687062,0.986818064034838,0.671849783108818
1.27743004875637,1.68756650626066,1.20858473873779
1.37613106335631,1.7419789350455,1.02982520240091
1.90673140367168,2.29821775740195,1.60517598518297
1.89189776401336,2.25938917880905,1.58374364388428
1.94969154141407,2.27286750477061,1.60715083318895
1.08082007855389,1.20115176822663,1.06472725867514
1.46639210571412,1.62639922470673,1.43027293439687
1.68445790738803,1.85034089007117,1.8503536796043
1.828111925421,1.86016259911504,1.73813991078647
2.35062222661681,2.35726962430182,2.24686018685891
2.31807400397906,2.34688492784898,2.28356769530545
2.36341228551196,2.35483170443699,2.25767148944705
0.66981563350628,0.851189406322093,0.580811690951566
0.743310144299489,0.935612670165534,0.633942102016066
0.66715838056255,0.84134550703726,0.60327973839069
0.661014137557626,0.815810452709653,0.608155791900711
0.741447622588326,0.924969813853809,0.669609355703627
0.809667293237418,1.01111319183795,0.727453551893066
0.798092770465716,0.963070051166236,0.753565652675992
0.844955952862245,1.01066372961566,0.825923617587854
0.82986186580368,0.977986362805936,0.800592836131322
0.97068934624628,1.12393118446297,0.903454755329394
1.51828335237483,1.49795380783604,1.5097519025383
1.54429729892312,1.76251197945466,1.44431286386306
0.769856428617048,0.939319787961974,0.661594168180104
0.864498952987555,1.05146120850095,0.731822325315482
0.737179349128426,0.864614051085674,0.622889710428579
0.712829992156028,0.813229258958632,0.623152721472129
0.793809053001209,0.900001342788676,0.650483814318958
0.878436843603138,0.994076016836663,0.722152558347693
0.822852989639512,0.876642327648666,0.684663820289905
1.08988775588247,0.931040215249844,0.777460973759143
1.12993828708074,1.02225846118144,0.844314844260948
1.59518203019752,1.49103851307204,1.38571500597766
1.67862817783998,1.50273736713934,1.37695087090116
1.61700400715717,1.50472230419126,1.37408837102295
1.00168563655869,0.994590491620661,0.771423937454651
1.52657089576111,1.40360382069631,1.19261484788421
1.61400842282959,1.45914221209653,1.32117657588989
1.57710052839925,1.34033831550139,1.33688927089465
2.10639576541806,1.86266398119685,1.91483594874942
2.10518980815135,1.86052127237518,1.89275826228638
2.12931571083845,1.85926603826411,1.88783539061362
0.810433120878425,0.930803488095629,0.651583136746542
0.914407433278339,1.04591789356967,0.74378852869978
0.755150867934771,0.879583386496655,0.598991000955714
0.714762959220795,0.826240591815936,0.574061356089472
0.812055015727285,0.94974306800955,0.635763947876353
0.882303795986576,0.997652276993475,0.701423348789659
0.80319780118874,0.934816372602958,0.628877382703616
0.799260587319558,0.930373927829252,0.644826019743521
0.904606559465818,1.04410541029289,0.714254563459174
0.801851268065002,0.895646967877469,0.635090609377153
0.747869842510554,0.822922058194858,0.607168335070805
0.937938785483128,0.993639765713227,0.738170364158532
1.43169037489417,1.47133410181654,1.2826344826644
1.44073420751772,1.453202703276,1.31312388706428
1.4528029325246,1.49023427048826,1.31292669862755
1.00956534858041,1.06481566798991,0.799345992228246
1.50585315399591,1.47576785232618,1.35131962078118
1.4945576282857,1.59600944441857,1.35073869213464
1.50006290944192,1.51086775389384,1.34213089027671
0.877985332098292,1.05979387848409,0.692300590774493
0.972465250792383,1.15028088969577,0.780539747855847
0.867995429422892,1.09158705220882,0.692573110417841
0.820099156357118,1.05186809815043,0.670996100823859
0.971461493486458,1.22527997185277,0.781144361229764
1.03222483667761,1.29356195962402,0.82955177734117
1.00393804999063,1.28807336318234,0.815731578726341
1.13171275692308,1.42552790711582,0.814933306697593
1.25006749146483,1.50534741285768,0.926748922995656
1.21522559381238,1.51609432416058,0.843209443600683
1.65129564385168,1.89608190677733,1.15887978440523
1.72154174196396,2.11150704349507,1.2224220083639
1.65833000735669,1.86382805464584,1.10517178925872
2.16792214989036,2.32894792735084,1.58997872381316
2.28546413104819,2.57521282015376,1.68822944148549
2.45138632274489,2.7961425712848,1.97958402586217
2.88691801158229,3.20828805015753,2.13360814719211
1.05062071519078,1.29223580024446,0.853501730871628
1.17017911959224,1.4131509086686,0.965362350631003
1.03243224746066,1.25433470720802,0.841752131881361
0.981487236820201,1.19225893705553,0.806198119319324
1.14147330993015,1.34988010192104,0.936926412325558
1.24352406370773,1.46926110363646,1.02072633284307
1.17583819566484,1.35687186238681,0.978035178386915
1.59632142736295,1.65669986081927,1.34918496294848
1.6870639036423,1.6853416898675,1.41191046344227
1.63898800084031,1.79190407839426,1.48819595907813
2.0768379300925,2.22513852584514,1.93303753092366
1.18217973867449,1.36133022566928,0.980981567021434
1.31792853963698,1.50651663405801,1.10895476287199
1.11558851528318,1.253600585693,0.92641114279783
1.0558474590794,1.17944177284862,0.881539849445125
1.17817378092659,1.27466007579235,0.983923898777565
1.29072557800764,1.39718734161137,1.08895338125949
1.16485137106505,1.19868489354034,0.998189210016438
1.10968410821941,1.13621439027098,0.975284931373243
1.27028993768767,1.31320060961347,1.11626202556672
1.24552150325168,1.33359804993455,1.08729352230853
1.44828411908622,1.48824917029629,1.2872984718369
1.47943655409169,1.57420223030992,1.35883997815811
1.55964043677592,1.60658763362819,1.40099551472734
2.14165579583275,2.13827055357272,2.00600712018093
2.11897573196789,2.09641247672307,1.97077650625621
2.53643010840583,2.51693445588849,2.41261938784869
2.51474777734893,2.4157305468057,2.34516443193085
1.19917464403799,1.31573161328506,0.989854131691635
1.29971203435731,1.41159011139067,1.09957397318622
1.17321577207722,1.31994867871493,0.944826411526932
1.16614389666758,1.31921561343088,0.942373084743982
1.2268411996689,1.40097589825331,0.982393020251749
1.23986146310095,1.43354957053413,0.990673037752464
1.39914762595985,1.57423841821146,1.15047166726309
1.48568218731938,1.65802408667427,1.25514666069746
1.49894562046798,1.69675984527327,1.26411604959378
1.58176729730802,1.94804064082576,1.41461023948172
2.00338778369752,2.44112119271548,1.88376319434813
2.02790918269486,2.4123507912097,1.95609373937043
2.50572756789539,2.73996413159318,2.44475235941261
2.2173544854605,2.76966226972456,2.20627630004592
1.17142661169865,1.34020375782115,0.936121713162893
1.28823887439901,1.46861892297772,1.03686470224555
1.05361485176786,1.21077998935617,0.861527170281519
1.03373160668279,1.17816048555843,0.866355697142174
1.01673261373465,1.17661682568946,0.84296606896111
1.06176130455245,1.22770898201283,0.910622517911584
0.982857063106369,1.13470444648079,0.838402181057221
0.979220680368777,1.16953032211941,0.83588399165021
1.00466639408784,1.16916713866844,0.876661263292432
1.48348804328077,1.56590487224007,1.37036385123785
1.43299582057202,1.57239429460243,1.38138008038675
1.44972402831948,1.59100309720958,1.35765881211562
1.078491087573,1.20740827550625,0.970694019642577
1.39545410028719,1.64497996864445,1.48331088695518
1.33319560506932,1.59497814894426,1.46499675701481
1.18495604137303,1.66930847519955,1.33137055684261
1.65891784577964,2.16995937378223,1.83817318852508
1.65875711005303,2.16255880686203,1.86991370352753
1.64838626073962,2.16609802026929,1.89202351658612
1.01773282285952,1.21486731912824,0.836039658586307
1.04348939711218,1.25910348044684,0.869624627309914
1.06412060811545,1.28670481144903,0.891453067024187
1.12403440512307,1.34545791945917,0.966190187126259
1.10241468038493,1.35182189783566,0.941762412692896
1.11810391888332,1.36086390107482,0.977961949698116
1.25559992431842,1.58751694424728,1.14448855882644
1.42457754337298,1.88086434765363,1.46207421644057
1.43916220102812,1.87908503826097,1.34726093310456
1.41004341259963,1.78299006925381,1.47846713249903
1.61292033165108,2.13641602402139,1.90029138154898
1.62253520107164,2.22735534694117,1.95354540457003
1.52744396975806,1.83512154325608,1.49331503258877
1.92948152581171,2.25539104670349,1.92009792204511
1.96704155353794,2.19918740962428,1.93906032924399
1.07939880087007,1.31204089417876,0.894870695126764
1.14160482578782,1.36668929160823,0.965887387738256
1.07822771718345,1.3177750127131,0.889005886415498
1.13042329123884,1.38238803948733,0.953798964642297
1.09425459486238,1.35530659127983,0.914805309722684
1.11601494338032,1.36297977350309,0.946387615379385
1.20736753811729,1.58371738015244,1.08472245623366
1.52521064399691,2.08143254784911,1.72831319666132
1.60337697911756,2.1972123671023,1.70129852037358
1.79150167284754,2.64819188459795,2.15821885027101
1.65745655179209,1.56414687446404,1.54916456215255
2.12435440650614,1.99488043748808,2.09338139490261
2.09753364761647,1.99025000290189,2.04867027387598
2.17357220395287,1.98012700917783,2.10985219461419
1.05290779732773,1.25216226552329,0.873676925217619
1.0719452676938,1.2292774831971,0.909943534222007
1.05952833539776,1.23369131405415,0.861239643064806
1.10778894006937,1.29568864592433,0.893323644757954
1.04488942189536,1.17420093843889,0.85074261714722
1.06297260556068,1.16368399957456,0.875182244902102
1.06144019145984,1.17154800898574,0.834966613431261
1.65364405966385,1.25955023241502,1.00196574666666
1.52523159285444,1.20697408481898,1.02785662725631
2.07007923928776,1.64196107989653,1.51571862645418
2.07736154393688,1.58412899119708,1.55202647719666
2.01744011477233,1.61583707350955,1.51403250409371
1.56223813518971,1.1983877633563,0.949203597763864
1.99964483028347,1.56897162596846,1.34087240836941
2.26986407837893,1.55276876842685,1.2931488830601
1.65614904020587,1.72333920213222,1.17719373748054
2.01060756330212,2.24559326752232,1.68389574680253
1.99292533523218,2.22282132516429,1.66850853134804
2.00419129607277,2.17696775616446,1.66865689315399
1.08396216515073,1.21096349703719,0.913225286577509
1.15088120066904,1.29222741510905,0.963780310726924
1.10292270282215,1.20955654548472,0.978229556391748
1.10639084727931,1.18877824261443,1.005442760593
1.17290356681161,1.28532880957868,1.07731154389089
1.22329504604686,1.35304279632396,1.10391855364391
1.24259820317554,1.3613671654418,1.19908640565916
1.27948258516462,1.48237305585068,1.58671447445151
1.38045962870463,1.60351007910193,1.54707810945411
1.41088565740655,1.78806550965802,1.8398485332648
1.47681573597292,1.49684242225774,1.45253276341231
1.88149950318519,1.83488474906399,1.91709559061948
1.85545933574461,1.87088937636626,1.9318788988336
1.89285719172015,1.95972399298546,1.89871913685531
1.18452500079793,1.28179307112726,1.12593784264665
1.17264539716957,1.25961060375299,1.16638662437239
1.25607496000636,1.36673353261593,1.19139154437728
1.30088530132095,1.43201859889743,1.21127725929072
1.3166291942238,1.42694681269687,1.30439586806709
1.321863898755,1.41979053711828,1.34222607460077
1.31809322361382,1.45212936632202,1.319300200726
1.38165031473274,1.67346473051488,1.38462644444194
1.45873758327138,1.68622151956776,1.57231495031314
1.81917052383659,2.07819944390736,1.94056060536898
1.81349080572874,2.05451462906119,1.95452562861535
1.85645912111234,2.09264213055411,1.96572691713434
1.25132924408765,1.49239859245235,1.24175383251139
1.31865593917492,1.6380537082331,1.35167047636126
1.33085431112654,1.8371725640994,1.39917102418895
1.30333766684592,1.65601003456302,1.44860098187672
1.69685022696369,2.03508130603538,1.89377855764844
1.71257793433744,2.02571440497482,1.8444320419349
1.68596945294579,2.03624118441746,1.85628506062701
1.44423759421146,1.56445770294407,1.45019146309216
1.52211251964167,1.66912747420964,1.49889263560531
1.51897063385159,1.71923034268268,1.58458371633555
1.49758096204813,1.79256498543313,1.61015448740818
1.68423635912962,1.9375563385924,1.78097374403716
1.72627312756059,2.0230983962987,1.8545900292376
1.8231797527682,2.13231443376624,2.03048768714419
1.92855826624976,2.40050200284842,2.32748030373322
2.05652821041306,2.3755453406686,2.10622807759675
2.20306449814127,2.42147234815555,2.46927401514048
2.70529849824169,2.87800845310346,2.8378654067846
2.63441832057357,2.9248835716873,3.10680818263892
2.93713293375869,3.19248830406524,3.38820734132516
3.08068224301559,3.38309189496694,3.58295827898731
1.77045292485349,2.09200502564364,1.78506057755807
1.8833149046585,2.26535015003561,1.90361376746907
1.77790161499115,2.18757863138841,1.72825368462443
1.87580172401279,2.35623873108343,1.78458094108734
1.72058072421171,2.22993502338131,1.65477301715265
1.65535299449957,2.21785203817767,1.64048325617312
1.89790298382355,2.70051543575069,1.83095386683878
2.02153163635284,2.82392241931585,1.92324243293629
1.92712584575179,2.85356124284194,1.8637679735025
2.00945917992569,3.00559228844579,2.02743374291621
2.36417928056224,3.41645743479132,2.41519233044905
2.33048032911521,3.24720937131532,2.36811460034357
1.64990534220998,2.03901065694363,1.5241286754725
1.69412986360484,2.1761954861454,1.56324226923995
1.61790761134383,1.85403507543611,1.47495353236101
1.66800923958603,1.88225470047008,1.56280619553901
1.59721861119334,1.76510397877742,1.41487970829905
1.6833669684402,1.83109846210058,1.48119460183981
1.68296237161239,1.86639741769279,1.52363343102113
1.84315303987515,2.01680959318413,1.63918947755144
1.7848026758434,2.0176285753829,1.58582996048227
2.03182171236771,2.18966295905311,1.82354205430637
2.47094556897954,2.63842439609771,2.20603187167216
2.5038890493497,2.60297821869427,2.33401084902904
2.76754834083379,2.85215803656232,2.72007530289202
2.89675315047286,2.97982879900494,2.63084014251146
1.46115285927921,1.66560401044948,1.28245661631164
1.39865472569676,1.68027400616301,1.25154994868071
1.46619097649664,1.65638640102216,1.26325510483636
1.57640463391098,1.75593034760169,1.36871148641322
1.37353166244608,1.59123103422256,1.16304714001753
1.32069303840042,1.55805734220424,1.13325112348538
1.45992038394742,1.65186872675535,1.23753414070771
1.95772304527264,1.74872720573086,1.56673630848206
1.75652711532084,1.76933603381189,1.50504340659655
1.64510261221532,1.73938058021991,1.67288766206521
1.9760683420233,1.85042475286439,2.10020172846404
2.16026980725885,1.87785867546705,2.14299067663441
1.74971812519939,1.89551435513743,1.78038120361485
2.14881184966148,2.29800589014441,2.18739749352488
2.10304645982337,2.25551954065422,2.13464154449986
1.3388516980038,1.57221010869496,1.10432619251242
1.44885285796061,1.71410249818738,1.20680420146518
1.2417904828153,1.44917392066178,1.00844465038912
1.21771125353289,1.39282574464934,1.01089475029916
1.23171897747095,1.43269812283183,0.97786784996877
1.30984409792433,1.50082803394696,1.02968043287172
1.22685977303364,1.41550935972547,1.00270919876219
1.19480948319703,1.38743905426368,0.997274849079594
1.25906699595445,1.43684648650671,1.02505823467591
1.29953524868725,1.48595925528767,1.10259051769505
1.40172878433225,1.59440389050814,1.19897114287271
1.46648167305262,1.65634868467613,1.25098259507553
1.49652740737205,1.69615850788095,1.32024477144726
1.61524421840483,1.82647591234087,1.44328820796047
1.50416511977671,1.69858478153855,1.36734501229738
1.64560598474969,1.84739001718249,1.54172762726987
1.93813220621973,2.10586441723367,1.84897094655654
1.35304217112013,1.52822242969126,1.20304747081287
1.38131774574471,1.54355463762279,1.24727174323798
1.45766711227959,1.63504817899764,1.34018763052794
1.5640264992051,1.72906702426933,1.483820720166
1.17409917164153,1.39169186926741,0.920341251600351
1.17107050160771,1.38034048843989,0.945596342200762
1.22062151459698,1.44100330046881,0.954954465046404
1.33462855654186,1.54054085192927,1.08026458519953
1.17847265605482,1.42019860537959,0.912322034095324
1.16188388043041,1.41527199018326,0.914011340485281
1.3113958536333,1.57057637918486,1.02193444685956
1.704258657716,1.78096979662857,1.25531549189015
1.61464636740095,1.78603623107381,1.33136807794006
1.59977244493262,1.9383275920809,1.33496259308541
2.11686417563189,2.29960654432415,2.0157271444488
2.09432809694967,2.42335751812176,1.7670028480972
1.97100229398339,2.36464667670744,1.77106211491961
2.35537089945433,2.74742674289573,2.22140831708525
2.37806366594412,2.71899149250603,2.32784162953317
2.573675125532,2.912342537219,2.30269592475779
3.07674123258981,3.33714453297746,2.75843825608735
2.87797973004054,3.21739720969302,2.64088291719186
3.1353890871999,3.44116696468361,2.9246654191892
3.48935915283014,3.76141777812236,3.26578451361861
3.4584477841554,3.75572242869107,3.29119809040333
3.49259012545367,3.77198446414979,3.31463958600258
1.11424965857036,1.31883784102727,0.852178637913974
1.17628744601842,1.35309638842712,0.903942574361939
1.06661863518181,1.26571240607602,0.829702104508451
1.10586154445894,1.31413316043044,0.893130552613223
1.01071379651856,1.21435583654645,0.782964523868717
1.01674433489839,1.20741258393096,0.790466992126811
1.00764944250173,1.24915832562643,0.803100665588983
1.17175878691987,1.41019330784863,0.986255512753412
1.13568845971948,1.56111706362407,0.984680303911088
1.13709121568046,1.57309854631475,0.952280212053295
1.5900709519182,2.20591363900765,1.36760450941845
1.44217833286504,1.69793072396923,1.19586569899741
1.89440127016083,2.07260512091658,1.66052515940028
1.92191352973961,2.13646400148336,1.68359387605429
1.89257460087303,2.11667322666554,1.69822268460153
1.37660493041064,2.0748458984823,1.20802479940309
1.84915933618629,2.53503462479942,1.69181094165875
1.8462094970115,2.47254984529255,1.67688366626329
1.82441803367846,2.49353741733755,1.71782734875244
1.06521192870019,1.24473512332168,0.813431431300957
1.1901697352664,1.36881491232375,0.933153257826286
1.06282184717848,1.2108109937226,0.806154713131425
1.05142663557115,1.1824178737911,0.829640532685019
1.15387410710698,1.27688188000996,0.858584953698957
1.25951540063273,1.39344409751622,0.943773174518711
1.2529885656603,1.3123801165692,0.936159586423243
1.4707649827881,1.58249767312995,1.22335949691975
1.59244795839039,1.64479959225419,1.20910364132504
1.40073427590715,1.5064169949347,1.14857347675351
1.69118192962611,1.86170468036308,1.44784809434348
1.6134905333516,1.77168316458855,1.42142104280084
1.55913855280859,1.71916887683844,1.40150122030346
1.99942275494813,2.22885904000117,1.82858607060415
1.13397620556011,1.27384941754633,0.842698245065242
1.0984101313383,1.25548857945627,0.860263712375749
1.27467326872386,1.42907267640561,0.933232076997583
1.41093079153647,1.57638067246485,1.04846798817096
1.33919074969507,1.50900360732908,0.974832435722577
1.31919640115684,1.48623258447343,0.977622297745326
1.58625415364541,1.79239112052866,1.19537110470008
2.01671653633816,2.11511861286846,1.33707919637985
1.88819990427888,1.96795384596803,1.40306708741215
1.75196647534122,1.88434489839349,1.41387425074681
2.23551320772456,2.31816872538557,1.94700046998341
2.2483023666816,2.27264923067748,1.88245970152844
1.96567088133891,1.99731173593321,1.62954733364858
2.39166016099637,2.3222030127986,2.13328504596889
2.48686627312405,2.43143089108772,2.15647405370677
2.20923589830803,2.27811314780622,1.92436541926304
2.71700551905407,2.78375051742535,2.45919978334007
2.64792260800923,2.70638941615379,2.44545877309342
2.43378242451086,2.44718446147484,2.12449966923329
2.74486221376027,2.75547580163992,2.48185527989009
2.76168107624203,2.77182013659355,2.46012041815392
2.7849297906846,2.76721188317804,2.48596897830698
1.35355485856372,1.48880599349825,0.959129020249947
1.48948110387795,1.65226526480186,1.0704603733053
1.33509271317698,1.42520857183153,0.94839224336673
1.35712860975362,1.4698208839874,1.00910285531343
1.38969376693676,1.42610836528075,0.977052541319238
1.49022161035047,1.50436212247777,1.04448842735742
1.24263424055483,1.26403364602742,0.906295132340807
1.2605252701397,1.32711486612894,0.969084333469794
1.35395095442931,1.34858367013502,1.00798093932788
1.11017289414617,1.12830968218925,0.807624649950916
1.24886665271591,1.23358476372906,0.895284105544872
1.4303206237805,1.38864160528998,1.03095501097284
1.30548922798513,1.31999874713964,0.954473238797553
1.52406715761723,1.53961130178283,1.12919965452647
1.22202675191224,1.28753120255541,0.922327017720319
1.38855163915031,1.47152963618847,1.06090274632563
1.03189743340633,1.11299655895358,0.805517392561957
1.08785005262498,1.20501817890502,0.901181111922297
1.09098554974223,1.18538127089832,0.858930318922093
1.17990094199582,1.31280430387367,0.974867872412332
1.59464724836079,1.62931466978067,1.13362894037189
1.6763263366145,1.74266316417615,1.24092686680453
1.78591627243986,1.77681652584414,1.26520716639259
1.82344497910044,1.78207426633122,1.30599601643375
2.03679414535455,2.01684494531219,1.45286387015783
2.29607960585386,2.29829914460193,1.6710433905038
2.51907709634847,2.43235950871608,1.84872010801972
2.50655892768492,2.61319887247968,1.9669603128227
2.96988477771999,2.77334023428144,2.15530554266849
2.99477092195578,2.89276231083268,2.31666339346839
3.24524852959979,3.20794962386033,2.59984515754539
3.71561325750344,3.54967895068543,3.0701692042808
3.99611030739069,3.78237427798839,3.42796084775077
4.20785102620031,4.05228406459434,3.52185364499163
1.71233993188805,1.69812898328132,1.22012070335945
1.80406296745426,1.81060510602388,1.36187360025059
1.46685593753662,1.41695503011034,1.03681563200006
1.49839901864073,1.41225207757211,1.05150908463308
1.3291692686261,1.26485332915592,1.03964663504544
1.43496469988055,1.37037456273797,1.21000988407911
1.47043938419069,1.35042619544623,1.24652470245048
1.76983082965137,1.57359721183018,1.75806499564399
1.94118356364625,1.65850908903226,1.74031719333314
1.62783722786157,1.4360906013888,1.26142769412284
2.03593455806158,1.65655599039378,1.56522179058098
2.0082769033064,1.7772609255119,1.8430155286568
2.22229475293328,2.0045374011193,2.20855407683005
2.38029052999887,2.02553778653578,2.21733252164074
1.18490260133241,1.12355947194322,0.932809785097557
1.15920883373578,1.08763703830413,0.892904211182714
1.13105563736824,1.08406554022491,0.945091733081369
1.1994047773733,1.16047859857977,1.03163540463909
1.02888264829905,0.983588199461736,0.898754037905406
0.999786369802546,0.967598944214647,0.88248014302306
1.03041566631844,1.0044217983607,0.975315056531576
1.13731709710011,1.12238237790975,1.18937546480419
1.01699238146346,1.09431126735806,1.86656781362298
1.42238814157633,1.51043125823533,2.40696384792676
1.56314244611355,1.56901101829646,2.39632185283264
1.40601101248147,1.57542417826262,2.35395286582546
1.1196329173328,1.12922322545771,1.45162457648993
1.3725418094498,1.359611223482,1.84130432624892
1.35609796454093,1.41037927584421,2.22799439305324
1.35938348599194,1.33749457904543,1.9291154617258
1.80650883430175,1.79001783140425,2.42600204401218
1.81684062133879,1.78109804293393,2.39317768741763
1.82317455934278,1.7831468775957,2.38709197308385
1.03602529250469,0.948013746033129,0.872333554155345
0.990440975408769,0.907662130186534,0.828557277097059
1.13947682913372,1.01351119079282,0.950129403256772
1.21378446928649,1.08616145207297,1.02976367275813
1.19403823405169,1.02783460078426,0.979468091323218
1.16740588831973,1.00321848098909,0.996128551906978
1.34545481309085,1.15516016990012,1.13790480101682
1.67933631840736,1.37278728610276,1.45983126306681
1.67252980788301,1.31979348297693,1.28154978217533
1.61084920699769,1.56664688560259,1.40828689988637
1.97512139320369,2.05750398213826,1.86678833146731
2.22163901012619,2.09918493629366,1.98439205889999
2.03477238996941,1.88628135545774,1.72480414849758
2.5936669628066,2.3092212698335,2.24931007642363
2.509150722264,2.33382439664854,2.21783823975502
2.3635106121519,2.34936595115635,2.16672289107137
2.77988197722226,2.82395512031943,2.67067012535622
2.82444974711695,2.80045429513639,2.63404844866825
2.67587960201132,2.68412794360761,2.54420252101443
3.02531972038788,3.00931924775984,2.89398877856996
3.00491606727945,2.9910560630892,2.8784687347502
2.95242295628426,3.00476625200787,2.88845838730113
1.20472866266681,1.02407097460648,0.921832813573174
1.21792482411035,1.01604345325366,0.930079869647196
1.2371079440391,1.07519982929301,0.909216402091784
1.27361586374489,1.12686266175669,0.952741619966859
1.26076022492765,1.10263966361951,0.893909588117393
1.33579345982476,1.15032198689069,0.96264717474442
1.34086178633659,1.21440083856135,0.9592078314268
1.60305203890621,1.44378382605893,1.23722326792214
1.51747415002533,1.2889084063291,1.2953055611254
1.85935842653221,1.61768133192577,1.35682390218063
2.51474095474179,2.22061591616763,2.0488308322151
2.32987846249149,2.08639007315114,1.87536470393961
1.15212245286101,1.02062512307102,0.8109916245925
1.19038954272866,1.05059028854806,0.856841112677329
1.04881746774941,0.958917281548463,0.750679587227394
1.06507857059855,0.98773058814358,0.783457669587946
0.948793551423292,0.890385081653298,0.69674105309579
0.981550778770162,0.932805781034645,0.722372249604784
0.892312679818432,0.872260829873568,0.699368061707627
0.96771470188059,0.945526881336945,0.76324126095387
0.922432018373038,0.904495306179939,0.74123658244006
0.776975691874044,0.811419184292628,0.662421223326838
0.799345041671553,0.860305114232872,0.712641867591827
0.92124082494715,0.964234375995914,0.812466816396596
0.733822156509279,0.841145584878536,0.709730066855503
0.82571321219236,0.938795595523416,0.813334947931386
0.639842800787148,0.770555136594581,0.659293648438598
0.638480782967742,0.815889758325509,0.711964504901488
0.610408147088188,1.18134516580474,0.898125115422185
0.716280064758207,0.773092409159211,0.66067108316578
0.788114718270697,0.816238065298126,0.734405040163151
0.646651634081251,0.749625897654856,0.655713411161353
0.673270050361478,0.789641864726485,0.721761239658497
0.919413747606353,0.843032123427629,0.689261210595431
0.940444303557188,0.871424753160814,0.714339749516372
0.912612438002163,0.816106004477313,0.707663138773617
0.942334847670798,0.841813155487719,0.743928238517399
0.896043284404448,0.792321514799183,0.724550540361042
0.868083946620807,0.799006284190457,0.735410795729696
0.900154644250735,0.81870848300949,0.781235635194151
0.971567863997384,1.21804899740281,1.12486348877603
1.09449502674877,1.20142872009718,1.28013670564156
1.5486342991881,1.71884092759539,1.81992087900322
1.56625733928355,1.79767561131742,1.81721925624442
1.57459261684082,1.64979876586921,1.7926652321286
0.974543915426768,1.17632522457958,1.22862977153938
1.18418609368167,1.74801805455187,1.86322662412249
1.18824425897329,1.7385371694658,1.83749508855944
1.03986737300435,1.06302337133971,1.07559321078401
1.50051816949842,1.49794807283636,1.50931284096753
1.50463290442749,1.49239907519919,1.511691253035
1.5330283939525,1.50664190874701,1.49067558640283
0.989178343517752,0.833527866631876,0.765608014411883
1.04067563399612,0.8608979958755,0.817735840646691
1.06974490953127,0.890808047598248,0.801987424738177
1.09141869125951,0.918075194802615,0.819455082316005
1.17492940581277,0.966426709584752,0.879219261547135
1.21110309354317,0.984844254722457,0.929628188334829
1.30248490133489,1.07926390077112,0.990104523775053
1.58294331119506,1.45281415366264,1.42265712542986
1.70138608683286,1.60356516669787,1.4718286918551
1.65865992050679,1.60675540106206,1.48473784483254
2.02472542045968,2.02667351773872,1.90313723165038
1.18978233795976,0.994872141000464,0.883080167338982
1.29255637076326,1.08868374690139,0.978035511293231
1.14793525319188,0.977861584245511,0.845890810323377
1.14263986644564,0.976893113924082,0.852585215655559
1.18239285635526,1.02315036838749,0.868993481291404
1.28204438263263,1.10349774480134,0.947212118723744
1.22035575967249,1.07705820698198,0.896968379287954
1.36516766371953,1.18950749631718,1.10650986373228
1.50431010306139,1.36458746437738,1.30513151415685
1.80665514019219,1.30263031327792,1.34474887154946
2.16891327706821,1.88238151194853,1.60632555230771
2.52625323315152,1.93809560187981,1.99435390778677
2.11038632405719,1.58267769749839,1.71669314473062
2.6710714175881,2.18769363305317,2.26389475262802
2.35786914989523,2.07478628864272,1.99250715290614
2.47560055509314,1.79599863375638,2.24169594368599
2.67188450550374,2.03719110855673,2.41226463456024
2.86349303754201,2.17676943431746,2.73135884172458
3.06315496227619,2.31089100723227,2.91119803578676
3.41509474452589,2.71130905538382,3.29095334200908
3.41201737878754,2.67789420649064,3.25527235889232
3.40758618751728,2.69309510662453,3.28333558150052
1.12660651040437,1.00196616127372,0.848683005497643
1.23817614071713,1.12370032083344,0.94872787796537
1.01578984551852,0.920881275079979,0.783514642555489
0.995289025957499,0.907611701260043,0.77713079118721
0.982522867827416,0.921431888428588,0.79036457895912
1.0551845894959,1.00283965100588,0.857057257596802
0.943093708427714,0.927695802851375,0.792388420107407
0.987880622000476,0.988087618255706,0.860143062153285
1.01638572737097,1.01232833343392,0.859809133220246
1.44917987213719,1.48420986115096,1.39485814800571
1.47846576016828,1.48899934461923,1.32507369577572
1.47799892246644,1.44642508882673,1.37477539679532
0.884247542347323,0.880944333589801,0.751361025012306
1.36451168270206,1.36012203362183,1.28510232874218
1.37020968704904,1.35742801792623,1.29016995654562
1.35311998380002,1.37504947709641,1.27468066892366
0.969344085752351,0.877835750721956,0.780162262388817
1.016523471886,0.933248499474698,0.834975556349847
0.974155934161595,0.845957417397891,0.777984963226071
1.01272425579826,0.876928658501651,0.813088181116108
0.977976442867986,0.821727071041909,0.776681129858588
1.01873085571578,0.862230308816221,0.801450061452962
0.936715331017138,0.77159447953204,0.769540846966047
0.981123859473832,0.827436863711782,0.8328356314375
0.991311508007936,0.812878315123905,0.820438507708914
0.925012526315075,0.750651035154001,0.758070244747044
1.02023852507428,0.867396740351194,0.811952241815256
1.12469800696658,0.994076222013799,0.892584769462054
1.06410454761028,0.895751419138337,0.832943143634254
1.21335627824811,1.02717380860311,0.898306377258622
0.980125474170396,0.772230291921521,0.789861566089322
0.914165261253301,0.720142960978541,0.76623001985557
0.976199017455246,0.802248441038694,0.856182284324152
1.06168545694413,0.916330104384907,0.936726295657411
1.05005827007748,0.872657345067031,0.929890886155779
1.18188805545015,1.04355719137387,1.06630480722024
1.05297132399436,0.821240202332932,0.851952684439054
1.17857278743136,0.951272161210362,0.928863719573856
1.06453332247537,0.842690251729521,0.912145194069504
1.17350197397624,0.945094697019102,1.01612532454489
1.10712446798042,0.871840499665024,0.835511377322586
1.20450746993797,0.943223121023469,0.917881457670326
1.28259935901134,0.935867491119337,0.934751190906757
1.37384950830391,0.992036802578622,1.01299715035735
1.46912593498633,1.02019417394132,1.0511496094536
1.61009658073279,1.10161940652484,1.15199069178772
1.56917291816896,1.10543913985793,1.1380405161749
1.43553231394427,0.979862034507964,1.03098615679602
1.55965189952361,1.08636575666368,1.134896750478
1.32956937990527,0.905610334263109,0.982810573152221
1.31530705534771,0.923214549045701,1.01530912710198
1.30560577528686,0.905297627247535,0.989334295785159
1.39533228898561,0.997857184570465,1.07041920018946
1.23955607666193,0.918332438783548,0.976988055640435
1.61816110216054,1.400140362754,1.44928005779104
1.6148520278556,1.36201926394135,1.43309927506726
1.61006796399422,1.42994882547863,1.41670832788183
1.31774934569018,0.880622618040703,1.00933568146402
1.32074049500362,0.91753483583151,1.06757954377024
1.3942841106617,0.889768252915212,1.0417511565875
1.44188988568022,0.930515927009756,1.07576600742096
1.47418005278691,0.908761087419311,1.10435093599554
1.43627105989218,0.903049011662727,1.10329467427925
1.64492108573292,0.978249173791218,1.20898761547474
2.0574671531632,1.41940325552707,1.64754030858087
1.99805966928752,1.51877145419311,1.61366600390322
1.90014878937962,1.39701347193145,1.60004586945478
1.54711988164398,0.977723960568634,1.1900541766938
1.58001148831216,1.02877619602816,1.26377684361398
1.63296623777236,1.05037298106556,1.25890261520285
1.67292732531238,1.08415439331308,1.27528027600199
1.73718346956812,1.1623529350274,1.38873002906874
1.80501873468636,1.23559578248631,1.47878300338334
1.93953853591053,1.38189261471678,1.581157060491
2.30873476756544,1.74128454144851,1.81900180131428
2.32407518296762,1.75712906318347,1.91237812261324
2.169757410987,1.8691693577529,2.06474366077589
2.42541178156489,2.13918962943885,2.33269002787579
1.66102742836674,1.09913063867223,1.3445320249982
1.79740093376242,1.21102902620697,1.52759936799691
1.5207428982595,1.04653156713575,1.21518403222444
1.51291019411415,1.11181597802157,1.210909506874
1.46909477652096,1.02850067903451,1.20978241422451
1.57430538005945,1.10831087165738,1.27720106976927
1.45080938852703,1.11400014687707,1.26747245091239
1.49829567224361,1.25108185701014,1.47520264145746
1.55623137237926,1.31931429975894,1.51040206927177
1.89996432784899,1.75532883135109,1.92492311566637
1.95143639928941,1.760880401837,1.91980282149452
1.92819801342957,1.76330068224038,1.94663928918528
1.66799681047539,1.37849046234605,1.50085990175901
2.03443518381011,1.79848176642845,1.9249022433671
2.04679689166347,1.82664326243603,1.90442612578602
2.02902138505735,1.81188354136407,1.93506069307065
1.39669826171759,0.962092382093646,1.18688477751943
1.46581378641237,1.06690939964364,1.28279494786009
1.3382168000215,0.904104426104967,1.15977734227883
1.34595923949045,0.947978776784777,1.1840480619815
1.32903290373239,0.894262742579882,1.19330056840707
1.35722101522828,0.920632877779235,1.22034379503596
1.26008376415266,0.911445386712063,1.20786977371875
1.286044288643,1.00447483384762,1.2960131948828
1.31251033226881,1.00030819387523,1.30271738357516
1.17106055654888,0.848217557372338,1.09743065147515
1.74880049240193,0.868009097477099,1.15400815008845
2.53242828027173,1.04244826818599,1.58565863212308
1.71488395032012,0.910835513855732,1.14427504834816
2.46306158192496,1.07904111079932,1.57810120505342
1.1373321338111,0.979024877237103,1.07608573757256
1.20104815862729,1.15193037293569,1.17420020289443
1.18416211163619,1.151085356684,1.43186725009136
1.51467742941092,1.04394388608099,1.54269429144445
2.21803669300717,1.28265354927516,2.09471072717196
1.52706979416589,1.12118616918993,1.53167374056861
2.26048654444558,1.41888958066769,2.0749913318068
1.41074727036095,0.926460994305939,1.2547827919935
1.48728546249212,1.02969791711443,1.41905218570462
1.49909327236273,0.933143085160698,1.25341125869126
1.56887119701378,0.972158486901455,1.29912154234865
1.60594405278338,1.00013314494313,1.33328322146275
1.71934325360793,1.05710630255256,1.39695243980873
1.98324382714458,1.15785728188405,1.57573552147443
2.50923607935015,1.48022657696213,1.89581985224338
2.06906448570465,1.34565852601844,1.80666712930987
2.32157733759943,1.53156121318161,2.04797059996394
3.02146757442376,2.12740088017579,2.73122435860031
2.55167211971421,2.05755300235125,2.44512203905987
2.65615743118469,2.37617500743777,2.58570501953199
3.03898743365502,2.50846793198566,2.99859506593035
1.3852433203266,0.979023778227906,1.25988559633643
1.50608921287541,1.11842682636537,1.40511840601434
1.21231204088142,0.929845524142154,1.18263352338016
1.26761047716771,0.972845500305478,1.23211514179124
1.13885630063935,0.959452974838088,1.18927335878094
1.2501814847965,1.02297683579821,1.29166631489672
1.13001309899342,1.00282931257171,1.17181504782636
1.26432527674093,1.05428174647218,1.24934473903317
1.35997361921128,1.12870205484931,1.30594478789548
1.08928503560635,1.07362743730414,1.21233298332328
1.21544416765518,1.13772404121203,1.37418301056952
1.22842785780259,1.22512360383313,1.36215519587473
1.68680367347157,1.65490977018687,1.76947009091075
1.65261879768912,1.64402845150053,1.78578880172062
1.67883616663309,1.65958499287637,1.77863658007309
1.41580320008085,1.28680760528149,1.49996994607744
1.8679385365524,1.75561112872606,1.94324004490372
1.85886967105809,1.6792560951817,1.92916517169176
1.85412962321988,1.72297689557244,1.89646372509678
1.19965400369892,1.01779790124266,1.28131621856019
1.298276287281,1.09439281607473,1.3600284115715
1.33592361182433,1.12732825782973,1.44069400996193
1.43907984025567,1.21183480830838,1.54492425557197
1.5003202959475,1.25496028434359,1.610733575252
1.58715551681095,1.29514034891606,1.76542793246037
1.86835685380635,1.51091066236448,2.02724192241618
2.0012332386341,1.85147443952016,2.33846318198002
2.18633849310425,1.72559160147336,2.35646725346117
2.23169094092371,1.82547495261369,2.45736756491828
2.61789863167867,2.42404863992318,2.97862188062666
2.77097704407016,2.23563128196173,2.96220883963725
1.41918263626542,1.26802496016309,1.48109786990981
2.2275507311249,1.6565444324475,2.22638621064139
1.03978170656673,1.11763364250217,1.09093603078096
1.47704961847077,1.23094305450946,1.47561375057479
0.974452179034166,1.13637455442828,0.964094296098371
1.07738490840939,1.20163670933669,1.05918136744545
0.923739178759983,1.00764334695135,0.975529317039868
1.03877281645142,1.14006500339372,1.14839552286472
1.04378918766835,1.11942227507059,1.12527032076498
0.878347121669283,0.863523192362439,0.957464757747902
0.923517840619707,1.03830837725865,1.02937576914151
1.07616501601682,1.06946249939665,1.30269823276385
1.54631740233278,1.59236162551801,1.77794575703093
1.5339994359136,1.57388568235838,1.75350027436642
1.57014007366614,1.56178542505481,1.77165008200935
0.979479995408582,1.14549765366634,1.13722117885369
1.48960149965993,1.65756035324656,1.5998680337144
1.45193505624863,1.65665462026822,1.61606083598446
1.47277594937745,1.64115158463527,1.64169644491383
1.14713331136521,1.41055071199425,1.08358813656617
1.58952483786446,2.18315132315302,1.47716801009785
1.32392364342742,1.27961381712066,1.37849226374445
1.63261172168432,1.53377343128813,1.7933421460143
1.52273491812697,1.46154233034316,1.5470002903594
1.83185378239868,1.74927751696465,2.05494678363854
1.70638976328116,1.5990077174206,1.99207812640924
1.29943227505091,1.29171141724812,1.10073774107364
1.18313549001577,1.22428328864965,1.30996566474834
1.37570241714631,1.38695859794904,1.18665726718556
1.55350942561124,1.5511082245505,1.55273472984629
1.33577529635645,1.41584680171334,1.33295227857148
1.37308110870436,1.483864756815,1.6089358142197
1.67630780444813,1.71999196307285,1.92217062319311
1.7923181448151,1.84170078041546,2.11886024251679
1.9499208435934,1.8753318987429,2.45979148791907
2.10199687360864,2.04326710499342,2.48581065886149
2.40213753527547,2.28692653753089,2.9585783049958
2.7845565611012,2.67813590975665,3.1490630338902
3.11527752025363,3.07106690311121,3.38475675287732
3.21395217822044,2.99960658888229,3.70274118330827
1.11609713762006,1.26378663212972,1.20323815343506
1.12611855263067,1.58150898235765,1.68770827543263
1.11666517760439,1.14474987065845,0.999159519300211
1.28477449124619,1.36911353507498,1.30538514543891
1.05558609313283,1.0902401391434,0.917109310670551
1.07131873983292,1.13123750126391,0.946481398883261
1.32931255391359,1.30561954963008,1.08625060750805
1.91194211328611,1.85563955674446,1.49439995390228
1.37232493510482,1.50314760805229,1.22340391217329
1.86939663476617,1.7093536586147,1.42276563665641
2.51323903125551,2.37774777183879,2.00131193412756
2.44346160050098,2.21365851886553,1.92704111254921
0.894631416587839,0.974736983739069,0.825512919408325
0.901510762045248,0.990726954231637,0.861565922277833
0.824801526553681,0.914852962346954,0.779617261468293
0.900206734696163,0.968990767034021,0.825053285877404
0.730715193006835,0.842131095302708,0.763458930751515
0.730554322740169,0.833452534134345,0.804481827234161
0.745911664993368,0.86894042976703,0.831616885902406
0.815227579990491,0.928072015491095,0.883301022701144
0.7787254075825,0.932338423366806,0.972346321483219
0.784093928014244,0.885771990620901,0.84382580318078
0.897086971704407,1.46412632506676,1.43383501695582
0.996054276762405,2.23840984688614,2.18424275359645
1.01767241644526,1.50905720832149,1.53366560421462
1.2057770714516,2.27651719783839,2.32387780361768
1.01331349890674,1.06109459193096,1.06595617663969
1.20017829952073,1.21394974446671,1.26328878256768
1.26148473953847,1.30719009852463,1.32365120843682
0.875393489058861,1.49129752731949,1.45804795055648
0.982524840857858,2.25947201971531,2.24137986027413
0.969329556301717,1.55736001366596,1.49958154916811
1.11242340556863,2.34450350108051,2.26046467089706
0.741887029391557,0.85140270727529,0.756780275379361
0.761216938871314,0.852679078758656,0.782946420232379
0.826086546679625,0.941111153982101,0.817697347545172
0.900999552304058,1.01784706787408,0.873018490780535
0.899864692664255,1.00965865892599,0.872903975131699
0.916889940113494,1.01975866995663,0.897858688240982
1.05264950361222,1.16111470611586,0.96625445093504
1.21198539625859,1.38005426211112,1.0427209200598
1.22643535713704,1.39777728132156,1.05669595643626
1.41921665054921,1.64446504193673,1.16431745623171
1.23859663623855,1.45433283834616,1.07210017710812
1.7074249602563,1.87548994256031,1.52693799352672
1.66815946243123,1.90672877502096,1.51005046419566
1.67794481547715,1.90948995913053,1.53759500836358
0.926458325587111,1.02558758237689,0.90758893298718
1.09985591332687,1.17642268078685,1.08471936869728
0.858140579936877,0.958602655152043,0.852618249052071
0.862565161132907,0.960105350940837,0.86028598086251
0.892240294637914,0.978237147694378,0.888680296946249
0.963511634611693,1.05244324826033,0.955743999423666
1.02907796311302,1.11272375394367,0.993914236448216
1.02452380205948,1.12010828845741,1.00623956469601
1.10412516590718,1.18483394241631,1.07771867611977
1.22031239695432,1.31740836345894,1.13425058501433
1.61951156639236,1.71165063513944,1.34111772521537
1.52696845744941,1.65342768806029,1.36839574216508
1.65686721262319,1.73077471734449,1.41821892930363
2.08708900899981,2.18322126775057,1.70374364439644
2.13143827368957,2.22613142330842,1.70900920020233
1.96325213010815,2.01962233856521,1.6561369400224
2.25597855526631,2.43056811553386,1.9025539540271
2.27517441484425,2.25051956533521,1.94895088373865
2.58767695923352,2.55683327579915,2.05933132490758
2.9730461349702,2.92965695669077,2.4715042637233
2.95629086747841,2.92186884883535,2.43421999577047
3.00738149887208,2.95010296544217,2.38879626714581
0.799595098450582,0.868881419994809,0.838269466360665
0.848614541599241,0.898259631039644,0.916137744001711
0.730406647771,0.803562546056637,0.7898841111247
0.750876040421612,0.839608592124029,0.819524219460758
0.693021252943799,0.754231901115741,0.777963416864579
0.749519586684604,0.799036642657123,0.84678812387969
0.679270672310948,0.744152443322402,0.782264421814983
0.717743271242956,0.789130565925303,0.815446386208409
0.748830268668432,0.792843773255979,0.840406103415104
0.685065486681006,0.751589758406045,0.776638439524667
0.762600838024258,0.834830093046708,0.870555783470648
0.842033932201519,0.914767112071323,0.973718653514288
0.786953350792795,0.859832926305816,0.876840234568036
0.867845534256062,0.929885705311243,0.995056819120498
0.73535441712908,0.796797011359271,0.794669920481205
0.671778219823706,0.725729632870038,0.733086077928444
0.674750226043935,0.722940765058105,0.730528834306826
0.686212461010133,0.74363924909635,0.761382018650965
0.736963766823171,0.780803547250862,0.780592288531256
0.80116715026674,0.849881634362879,0.855046657401842
0.795807347163281,0.848216824722524,0.82856000812621
0.890877868887466,0.946213914668876,0.91753134357537
0.79246771072294,0.837156559990769,0.820935072667485
0.882630060910376,0.933743944280943,0.907451275097207
0.66545719488668,0.714619071280596,0.746118100217166
0.713028163995412,0.747225327299868,0.822278114828493
0.635359611416039,0.692088093308312,0.704667005560904
0.661280175831379,0.723591453022964,0.733711391026382
0.61423295796659,0.66184552733792,0.686930750377222
0.617099677936117,0.655601185806042,0.701931745179638
0.626932934830036,0.685089319515684,0.702837652205749
0.650281108907181,0.708651399509407,0.729496331272581
0.687933693858412,0.750933557274059,0.779702977237418
0.638270639935917,0.687262443803802,0.724083480733744
0.698259286798311,0.757098064283125,0.823667257171932
0.691055026959088,0.726294488901518,0.797242838253938
0.637129318594936,0.665479876899538,0.709083935369991
0.693657475565706,0.717640456990426,0.78568370755842
0.693575162013916,0.693521158440072,0.822551018525254
0.728020050065086,0.725571678371073,0.927884103763782
0.766848524680643,0.746934280925225,0.931960024680512
0.658102152388342,0.681203749249058,0.739136970022345
0.687309015757023,0.688223223729158,0.758650678820341
0.717879478744252,0.740261750683054,0.824277143372346
0.752855711010666,0.791059176503029,0.871258622812406
0.789077435153626,0.793233731623351,0.905342466121227
0.824497105783954,0.824167300974639,0.948217914587796
0.910963639665427,0.903902451367238,1.05948339949071
1.29414814825503,1.36440968649745,1.55237760397144
1.32182634726772,1.35625562105696,1.45745344711796
1.30983244492927,1.54839129695352,1.54112244008838
1.61441420899976,1.94987095290427,1.87528993953057
0.78662576339287,0.787697760321605,0.904868679443167
0.842840639900953,0.836372957592538,0.966714913657069
0.772934525346335,0.779093304807239,0.937030320508121
0.777181839840574,0.791428176735926,0.969098714110068
0.807576745706466,0.805889861137018,1.03247360680914
0.887907303483822,0.880073434167236,1.13132810339087
0.855198824459915,0.867942042605201,1.20076206156709
1.19554353752771,1.28329849449557,1.7389772739352
1.2164213531771,1.24485356592435,1.61227162659535
1.34342214716569,1.39737049131335,1.63452325828618
1.76462531375972,1.78711845161728,2.00039268180452
0.784536807002788,0.76533043634917,0.976069219886095
0.878234313042458,0.845620141291055,1.1054963667235
0.721871690207294,0.706954125483525,0.874115860631967
0.720455365378725,0.724884216548826,0.88474261088689
0.727166537137974,0.6900450088496,0.847533042374458
0.780039363284557,0.737547540830606,0.935523893277366
0.71394976672483,0.694698436842841,0.870431581873744
0.754858993674738,0.750258328787028,1.06124332519865
0.721234041210954,0.713708406031815,1.06476941340161
0.775198758020148,0.754011287334067,0.914787091074044
0.849290584266946,0.8135599401586,1.17236480637182
0.87549812271602,0.830533071139666,1.03452727863193
1.4013071223319,1.3691870322602,1.52870672732894
1.38671875870467,1.35790246152573,1.53755666246989
1.37131693370431,1.32828989666234,1.53380240244301
0.827858867779584,0.853046869265359,1.29697712692506
1.33449560368366,1.36893403706031,1.75200880152833
1.36574283294794,1.39170672898814,1.79776893639499
1.33385039664851,1.35070264032288,1.76088594076513
0.750965241494005,0.696374310451289,0.805074013129793
0.817468358336632,0.746889621139973,0.859391014774438
0.742365014998314,0.699191558475352,0.794254820151044
0.734533578276491,0.705671895903319,0.821640081903181
0.793345396569944,0.74341142357164,0.84673711724473
0.814954697490309,0.767477642073692,0.867451296730562
0.831767797054357,0.780379407635022,0.921848558727515
0.95923562910244,0.81795780962091,1.18808044922353
1.00328461848231,0.874487054333375,1.35236068679996
0.905377108543772,0.752210606727579,1.15447795463195
1.18716800761665,0.732943465408231,1.73978471460502
1.26368413257161,0.822169614639453,1.76840422547328
0.858603039836257,0.802007921464298,0.947398688814868
0.925870050194258,0.878800507952454,1.04234080652141
0.882468564457348,0.819748395467949,1.00850842745282
0.872996163632112,0.813211110486685,1.00355145856521
0.970980155627316,0.900757634846684,1.1654401574991
1.0476149986591,0.97585647814229,1.22997643720001
1.03470588042117,0.987374979010394,1.32714312898005
1.16100800817242,1.14596956538623,1.50068336035506
1.43815673496698,1.36638131287288,1.72807373598585
1.59042184185028,1.45162229056413,1.82198867675084
2.28858603269933,2.08586475165222,2.46292737909999
2.01955380197735,1.84958100603263,2.30749288068921
2.15161699968287,1.98352221760727,2.4807233304488
2.57398395052228,2.3677221280316,2.85936930250051
0.995272710326323,0.900934524473258,1.18706775823978
1.13265246675683,1.03136638628515,1.36390226793423
0.941742247695862,0.850726005607334,1.10611932897431
0.91806689379961,0.86577242262633,1.08867803752833
1.00617760413189,0.872877316205454,1.15468926602797
1.11887460432758,0.953931857968734,1.29988782570542
1.08224242594091,0.913343990829317,1.25238163504238
1.62859495263471,1.41566359674343,1.60418192056813
1.83703185942601,1.38509898492262,1.6512554893387
2.37445099176849,1.94316764047895,2.09407654556937
2.3768847833131,1.91762652974051,2.09143987331857
2.33583746120805,1.91352955858671,2.15246486151185
1.43478525009166,1.45511375604688,1.65687672437361
1.96830149125924,1.98653798776677,2.12494592972522
1.95567554744465,1.96606253948514,2.10206617167727
1.97961163393118,2.00396494934736,2.12011993030043
0.967068754962263,0.874076865167735,1.05141808670034
1.06027064031998,1.00485749876222,1.17935547439945
0.911500288724649,0.826607346857594,0.90209623958977
0.923773216431294,0.829565170779064,0.888407572626665
0.894468525384343,0.849709219720024,0.84693303218837
0.955375236205603,0.917731755839075,0.87516325527009
0.888129810612763,0.856655199152804,0.873023451914819
0.897627233877669,0.85054728008756,0.910034730158018
0.917896591905647,0.927439077007978,0.908906464792751
0.957284448662393,0.899190247206451,0.968149682806062
1.01639979363934,0.906103743406548,1.05654489031225
1.00576383060874,0.939108867874132,1.04679227334243
1.02673382295178,1.02578512764012,1.03194033091126
1.48661726487619,1.53631809535804,1.48108014233928
1.4550632458225,1.51925368937326,1.58537505322278
0.897075694049528,0.876568166866505,0.852508375468907
0.917733185261186,0.915860748677875,1.01237235282396
0.974381900621609,0.932579600152086,0.903587721635836
1.06230042601802,0.986002690159245,1.05018650376394
1.03405529230149,0.996731509010511,0.964217567354057
1.01327799453138,1.00597901814716,1.02358692332582
1.18637552721634,1.11197941386151,1.17328024776953
1.47126049835488,1.32414999980222,1.61207352535364
1.43731877875823,1.42306479165769,1.9191724788556
1.58664862033993,1.58711548250914,2.25939457935183
1.81846815176502,1.59018708640405,1.67873287540518
2.22934702953316,2.07288695918029,2.20312326503605
2.3273082727884,2.05258961008366,2.21237332506958
2.32699739295447,2.05562502708158,2.1880373421639
1.05570806761536,1.02015442730054,0.903384111625255
1.09670735898245,1.07463574907579,0.964538724978559
1.0834029561416,1.03945673697893,0.894482433563704
1.12274686309125,1.05817103351105,0.954517350930985
1.11871278392888,1.09711698728766,0.918793205966792
1.18426338866496,1.15815361976385,0.97347413398107
1.21537864359314,1.1924867688411,1.07701416138431
1.29030019534103,1.3398329911747,1.29766342636319
1.37426565408606,1.43399243563866,1.34199850478865
1.58011038826746,1.56392346194325,1.45659210892114
2.06565794532241,2.08101793146592,1.98408320849842
2.13437866870704,2.1502149458545,2.08611769855887
1.05186866818068,1.06202399810674,0.843451929769193
1.11192537326832,1.12551700551561,0.873983050654921
0.989256258726413,1.0094040451947,0.816837521313597
1.00689131583282,1.00670091687612,0.860876620419685
0.965715647471904,1.00765136361198,0.800329896497885
1.0208925870666,1.08271948355324,0.862442502320046
0.978692606472816,1.01058101356427,0.884478335634001
0.980522717754901,0.981514455309657,0.99294800696817
1.026284927591,1.06354791208467,1.0350121282794
1.06598880758299,1.11044438347282,1.11974962414435
1.15574431863656,1.23453897449338,1.47180181230303
1.19184830600443,1.2275500545176,1.34312535429094
1.2696637526189,1.3286264993523,1.46370073475558
1.30323828148236,1.34005101798955,1.61708629199103
0.926489542945477,0.971128317239147,0.737454253103945
0.963044202577994,1.02326784977698,0.768823058657445
0.899640590687468,0.919121804819734,0.720874172814114
0.920780502143384,0.916731174169784,0.753638938469629
0.877396410692229,0.906570398429559,0.718057196426007
0.865806191455453,0.93409575417708,0.749960898007091
0.916593571138437,0.922397875739039,0.800238480217127
1.0110600743282,1.04865777661025,0.868175439870099
0.937793279136767,1.26254213297969,0.864849358635187
1.42128749708199,1.73403736254703,1.37719631268081
1.39601050025513,1.72688134006524,1.38497554665194
1.4234567317728,1.77410129764234,1.34749640406551
0.978323787098587,1.25467174951024,0.925235731410919
1.31084900830464,1.71638074477937,1.54418907393261
1.30634244356276,1.79568450615808,1.38803848293367
1.05303008459787,1.63168101772445,1.24486758708385
1.56577700656291,2.11578549238415,1.80946531106647
1.56933987214763,2.11461510837131,1.80192432146492
1.54569700142235,2.10163005984024,1.78430736429711
0.91503215369447,0.934762020742606,0.712575754243705
0.941564847092161,0.968419675484109,0.740710686057364
0.981625733133578,0.974028159997869,0.740329120863012
1.00857363228288,0.983712367928909,0.765004413631933
1.06204290591175,1.04710129815793,0.80014127983565
1.08869219131088,1.06285648710069,0.854668666380519
1.18978575285724,1.15906406396317,0.918272152880114
1.49778161740609,1.24838220616066,1.23613999603352
1.52416179268307,1.4781804554196,1.31412500582757
1.48287580433894,1.63923025759639,1.27465191429385
1.97683550978801,2.19332673207839,1.89536755528
1.94208011349081,2.15223072975622,1.74315353028034
1.93719774898449,2.02973106931715,1.66880748773225
2.4118851410014,2.48680485862844,2.12979592979063
2.46071582736033,2.46614895489814,2.20578487563396
2.40501077486649,2.54762504526514,2.23063627959513
2.87134650660664,2.98490818625314,2.72805299757355
2.77360226155589,2.91352821109262,2.67999972303774
2.85611884912618,3.06154198885217,2.68324798093325
3.1776956754167,3.40266512890239,2.98766642990122
3.15437375760026,3.38772005444628,3.01504579993648
3.1729598496082,3.37486509627237,3.03292130436024
1.06929140597884,1.07818516928528,0.792893977744204
1.12635430662857,1.11693881170581,0.846946764470214
1.06210949751274,1.10053272054442,0.782783450927518
1.06428849235853,1.09747277537362,0.791015250418753
1.10086056412638,1.16364362646084,0.826229902301292
1.17306426985328,1.23649552457774,0.898008171302627
1.14396853002608,1.23925657522573,0.894519530278725
1.06944891678452,1.30986959315571,1.06949083666293
1.20409077936134,1.49486019100251,1.06005948132525
1.66010629087025,1.86778013734503,1.29328780462506
2.04055041063628,2.40567485526516,1.96185235266737
1.86280916366772,2.16184327910107,1.73618009675674
1.72156743307503,1.95368383320083,2.0948090280402
2.2712882569603,2.7576970060423,2.11177135768798
1.0594005549504,1.11438281214602,0.798156091630851
1.12393288063113,1.18596722086566,0.869890399088263
0.989589962548641,1.03914874435272,0.748886177965451
0.983771244433719,1.03823711353166,0.751462154116475
0.951390821427329,1.00800526141504,0.737210531782934
1.00519545235161,1.08061581141486,0.799573492791274
0.931151848864184,0.999635857283582,0.770975294052083
0.990689217708992,1.0798904867235,0.855649881075098
0.935051569836659,0.978578838490354,0.781164206039118
0.926735735737399,1.02284228417247,0.811831411208124
1.02053052632828,1.15585436332183,0.929046233448896
1.11853652203459,1.25688022212183,1.01704528283752
1.08264650279006,1.24359953475073,1.03360737723683
1.21798995679475,1.39627011780165,1.1789149792899
1.0542366904268,1.20868434490025,1.03264770343704
1.19224817759468,1.37221577382043,1.2116795406258
1.28227437055275,1.47275003630875,1.29695522049965
0.931592173867015,1.00738742957834,0.846925112918739
0.970048949661778,0.999998961492224,0.8777560129468
0.992565202476125,1.10286580150605,0.956605849669292
1.06625890140321,1.16310623749396,1.06004385642345
0.912078614720602,0.962542679866384,0.693109023085237
0.931288492630666,0.991866934939481,0.723689306707383
0.894267356933187,0.936282811173926,0.668203253763133
0.914475007692342,0.949216056769271,0.686022897143854
0.887827270124282,0.941996472787962,0.668344887187693
0.917421021002838,0.936236725552878,0.691822226028218
0.930170603286218,0.990579444859143,0.70570093901395
1.35555560382469,1.5411810486605,0.85409449092374
1.3887867812633,1.55500227586691,0.87386639710918
1.90793667360408,2.07774112320153,1.41028289214133
1.85618453568683,2.14270827363434,1.43393904129721
1.9254647000808,2.01562361206941,1.37520218076358
1.1585887819902,1.30096125386323,0.821509976842925
1.59236036135738,1.69529182312935,1.1280910358241
1.7890384246535,1.93910988370056,1.1918979470786
1.32638108133781,1.78541578228419,1.38793437756259
1.81704638250908,2.23606543189028,1.92250075302179
1.77583783665055,2.25302410045096,1.92617838707527
1.7811178597066,2.22358317714134,1.88765427526227
0.918535748366657,1.02140153398691,0.699616652480772
0.995036089279884,1.10991156660219,0.768590288312336
0.948127405630278,1.05901857707024,0.710561389207997
0.966339086686429,1.05184201254063,0.716168888720329
1.0377431654429,1.1640311660871,0.774234828894217
1.05425297960217,1.19095124858232,0.809900683650411
1.19627655939746,1.2945536751976,0.901652990149832
1.35502350543675,1.28116596688761,0.989461142192258
1.40531427442615,1.49357282575794,1.17166052900333
1.3413550360378,1.49878459283905,1.16753704711545
1.63917009186089,1.73156055449716,1.52632349132589
1.90622585518295,1.86771819334522,1.56999650722536
2.35378795911823,2.09375041646911,1.77282457909584
2.14547756246901,2.1200617749823,1.90575183565454
1.0861402185262,1.19557319183322,0.780551847195392
1.19941359584761,1.30691560715957,0.86619790938757
1.09488751610118,1.17235451718615,0.780184364200621
1.09869188474613,1.16596677601553,0.816891193576384
1.18779754233622,1.23873051062147,0.827081065235242
1.28086777099654,1.36397416914301,0.915167113630476
1.29088111833605,1.30992678091231,0.891774605957021
1.12262190654145,1.16946439451063,0.795777691785661
1.15309968284586,1.19084098660819,0.837238022588301
1.10501998986031,1.15924514345896,0.799581329324321
1.1570233791725,1.23734249973935,0.869257254673034
1.06623181471496,1.1012813956937,0.76684658756079
1.13533642374099,1.14721168264662,0.796540010565166
0.956742879770687,1.02500208636293,0.753598483496074
0.989536905823458,1.03231334406728,0.789869533646361
0.978571167247807,1.06479368588056,0.794736394034987
0.891372193585994,0.984687461130616,0.787154188506238
0.955076268943647,1.00305188639726,0.814712405000516
0.894966834079044,1.00493317783504,0.763003958666179
0.897029490869241,1.03971399823199,0.852672953612459
0.951290179062196,1.08915621084923,0.928020098706431
0.955953159619509,1.12665740258049,0.902396843378431
0.941654086800099,1.09741491161042,0.843551483799586
1.05748414939349,1.22020404928863,0.936917855739466
1.12725708164345,1.12401320883006,0.784794179923181
1.18285917056482,1.18178613920094,0.840799276215671
1.187728580169,1.12876075141652,0.795577043082739
1.22777317693258,1.14667992955251,0.825701663393427
1.25715915999267,1.16378990335328,0.819020594677327
1.33942676883052,1.24510828761986,0.885328917895276
1.40361450333952,1.27731317920644,0.897080600474306
1.3906906047541,1.34843854292216,1.03164843894706
1.53452986949161,1.38675014036654,1.03548793268714
1.65257693885982,1.57407630452527,1.12970773679034
2.23903499949328,1.99721761786751,1.68741365979987
1.95074908679898,2.08791291852642,1.67104344862764
1.14888194000775,1.05082664842888,0.765943113047298
1.04870930810707,0.977646124574551,0.763199651475302
1.21688930251307,1.09652832009008,0.790177568777524
1.34679462144569,1.21803803349587,0.868403699379769
1.14634192510654,1.0194832729462,0.757815156125305
1.06785840786108,0.970488351255483,0.754258610506116
1.28607863861336,1.13872436198258,0.835847804263494
1.40845476401226,1.24759478821937,0.903668961957884
1.29130824896382,1.13080354741977,0.856122786180589
1.36546069912767,1.21979265540002,0.90378190762443
1.3447716100569,1.22176237936266,0.945178120752235
1.70071985334292,1.49880616421811,1.21034354463608
2.01162305685566,1.69411180208971,1.45905524273417
2.0761028197114,1.61925790309782,1.32015649814924
1.10535915609474,0.948792126592334,0.713914665728633
1.23125812159272,1.05801797053096,0.780803283829826
0.989401990111343,0.833330980686078,0.674221431123755
0.95138022829958,0.836260744619138,0.711237232142332
0.975961881732277,0.777465074862223,0.642532515372513
1.07214450519158,0.84120619223402,0.673669260171888
0.884824846667818,0.695795672455531,0.640485245498796
0.841101521187401,0.686152620749445,0.661698912155775
0.973385006021633,0.758761787655954,0.702690519004385
1.4145129571131,1.2962624429368,1.2912921606261
1.46634020356983,1.32347512435162,1.24239463213424
1.45769373117622,1.2910700291788,1.28246997835112
0.905108280072674,0.753666694922029,0.704311599871013
1.39327971198466,1.29923941166233,1.26036782336063
1.37629524557542,1.29633660248226,1.27855355807214
1.4002374453796,1.30792967473593,1.26909408522959
1.01222415356039,0.813020058757922,0.65840806731584
0.979130294530393,0.823072732681892,0.696104796325784
1.1473918357601,0.917946169265469,0.697968732475984
1.2264266467259,0.980618955760713,0.739455182561532
1.23562252380899,1.00889017952806,0.742098923847335
1.17585828904216,0.98035873776017,0.749518714942493
1.41694481462732,1.18809191313346,0.844178370109476
1.51618027115028,1.28148080454249,0.900980262500628
1.52173245894457,1.30090333472954,0.931173316616385
1.41707273063064,1.20741707192143,0.870927959080411
1.44276406635552,1.23405100158506,1.66820464572748
1.46236319289113,1.25715137927835,2.47676361267651
1.5183544205561,1.32312016226525,1.73077952520577
1.59425005469743,1.39942744226888,2.56219582328411
1.56507753028559,1.39597110038533,1.04449621583921
1.69774104740094,1.55733261078399,1.19358290678194
1.92844431878613,1.71548886615746,1.39005905794013
1.48194063706718,1.29966869370339,1.26684133593399
1.52887907821179,1.36073134088762,2.02922366385735
1.5509228445664,1.39262180047798,1.31164389408068
1.64686128974211,1.52231341057566,2.06114903819047
1.30396581867968,1.04396940448436,0.744279034800027
1.35380733016638,1.09963801323327,0.794202181546144
1.4022290555254,1.14725032086319,0.820428835095727
1.42329161478683,1.21288328118289,0.90883804599242
1.5730919774928,1.2616966070865,0.846887477480326
1.68113973815079,1.45608694595669,0.930580232794626
1.54323344226909,1.32205389826985,0.823692687556673
1.49950028249943,1.47401267205674,0.868723213430651
1.49071724671439,1.25647389600997,0.88686951554853
1.80026427141903,1.48318036483783,0.896883969449895
2.06956413211674,2.28586072484635,1.20167622375586
2.49173644353157,2.99844122250912,1.61387339255471
2.33099944298804,2.47496188061183,1.32692981806052
2.84136731943949,3.27963516292572,1.78710902102316
2.3975323000125,1.93557425633329,1.19046654921551
2.72788883539878,2.21016010861272,1.4014330766788
2.94444690209048,2.43369510479164,1.7154950069632
2.43664282924126,1.6346083889095,1.2558879841386
2.99904871637471,2.14921140890298,1.6927112696425
2.69880126795126,1.81649000080678,1.36799861839992
3.39404860366017,2.34856892517594,1.8350079043604
1.77583540346064,1.31397114324489,1.0243557094757
1.77017359288112,1.27860750858074,1.12317055171851
2.02044793658979,1.58228504967142,1.20880141396598
2.06784470953606,1.74194256238007,1.24459605255398
2.27472222908147,1.78996173365403,1.48050585159883
2.29024438246094,1.79324573042287,1.5214040459406
2.48112362611202,2.16943637472222,1.77828300211771
2.43378013989954,2.16820685450045,1.82299629060336
2.77037722396486,2.31803738580989,1.82797601218686
3.0045157771618,2.53901808807078,2.09403946961566
3.51639473984539,2.55394562613499,2.2816327259667
3.42119726121802,3.02290857301983,2.57816879961891
3.4685494530982,3.16337290582463,2.9045866955671
3.95572280846039,3.31530274308069,2.79956782239324
2.43846338557485,1.86940424931328,1.57536809464831
2.536401494113,2.02268961653154,1.66640847780874
2.55901445323791,1.91532358827325,1.66059097352249
2.53913693045703,1.96515444673218,1.69172745641792
2.60796871290782,2.08871301135684,1.79291970918235
2.38492883078686,1.8683712203147,1.59497230679332
2.7900424825807,2.0666021769115,1.82898666488049
2.79483765180504,2.09658048648124,1.84227509434878
2.87601165502701,2.21341688055631,1.90710321266528
3.10062554005244,2.43536763487598,2.09777744980625
2.86865399020756,2.27051734084597,1.88473783292719
2.79772113324496,2.22845380776019,1.90254046586748
2.99220928620741,2.43494548373042,2.10855548117512
2.87388305758696,2.4024601884658,1.98301574971807
3.03126323349679,2.25331476418254,2.03363451361288
3.25496239828131,2.47580721514428,2.30373084240717
3.12746936678333,2.33783159653724,2.07115642714045
3.09198172638561,2.31038284556543,2.04621413239737
3.411127534679,2.60508393770861,2.2994255741911
3.5148432305094,2.70961941615095,2.34084962296771
3.51457226965323,2.74564643441213,2.48173368192783
3.59693173478967,2.73091454617935,2.34545600827053
3.90840119231871,3.06059849793452,2.32120643938804
3.74087695072264,2.99168981076444,2.66332352783567
3.88986655425804,3.32713508498714,2.94784959070395
3.98818526360787,3.21701451002559,2.78953507839519
4.24115768410558,3.61988695908757,3.08663990633993
4.06659243583277,3.53889574888082,2.83165013655576
4.03324930727851,2.83991912819702,2.58926664789919
4.47950776583698,3.06933365051425,2.483510528372
3.93161723452041,2.6920247815131,2.64153259501865
3.97632579316548,2.96481384061348,2.80549468186139
4.11100234212287,2.60032313156483,2.58015501401227
4.49663641140933,2.81887983364681,2.64515071910298
4.87724377127762,3.13309505900439,2.94584030900346
4.84635947684353,3.37358962215621,3.09135206879189
5.25912419154193,3.48734187985084,3.15821567426264
5.71778435535804,3.72712694752017,3.43911207893694
5.75281053647586,3.93361087999347,3.75474741113032
5.8872104312631,4.01741472890733,3.68180291963452
6.77959913166513,4.43781759363776,3.97279238421524
7.017433170406,4.71233576538396,4.13277738469174
6.96481152877813,4.65762055431831,4.25434854527551
7.68396846502573,5.15467109122556,4.65763058989539
7.83553504194853,5.3694365661936,4.92519294501906
7.83635772579251,5.38236372753573,4.94173217121245
8.58131879319333,5.87541812126642,5.26247486372447
8.86618455727907,6.16336368429897,5.53652052136046
8.89623764302636,6.20347556085533,5.55178456802416
8.88742782208472,6.1309133427754,5.54248475868963
3.41056280872029,2.27630472213539,2.22080886615952
3.51428358444456,2.50527436264842,2.19524630046655
3.03840283747619,2.23658100066279,2.05866792340437
3.40634742546743,2.55003124992076,2.21003856418761
2.49227529851288,2.25473581802857,1.80669378419832
2.53734819672492,2.21108980782801,1.77645396612153
2.48138323337925,2.97904793911363,1.96934009497279
2.82425356513795,3.60821869013369,2.2481611421073
2.74868072012891,2.78862513327623,2.04622599625699
2.35579834848653,3.65288705320555,2.20256299288169
2.42434313156325,3.8548382276388,2.49921216906454
2.40902185630965,4.50241519165825,2.5103469798038
2.54138689896137,4.71979090216336,2.66715984552977
2.46718830149889,5.11467832160728,2.8006640704324
2.31058614446569,1.9935522906495,1.60457578058997
2.60678672030968,2.13326575280509,1.6962740617038
2.05222324022219,1.79042903554131,1.42467063616842
2.16559830455156,1.93642957732859,1.47228310925634
1.87000800023845,1.55295162999485,1.28009905731225
1.91386831456815,1.52662769760255,1.30881830245143
1.92813810137623,1.53585741805792,1.3487012144994
2.00592865579477,1.65268188011493,1.73143374215539
2.23653780365256,1.74999188080509,1.60886306133008
2.26587080205996,2.22432757974661,1.6156554496312
2.7027456141912,2.61310680374616,2.07295810472978
2.52703270621039,2.67134551418856,2.08970047061298
2.41052687554266,2.66869922965332,1.98802081283709
2.58088448023843,2.87843317243212,2.31390986162642
2.73115348895491,2.88133765953045,2.46339287107456
2.75203452406798,3.33618028062962,2.43791698450596
3.18780040486901,3.55684593139058,2.66694392869754
3.07250891248709,3.82050901254925,3.01063497744109
2.92757311302413,3.75353961741682,2.87552892123271
3.17192985950985,3.99657270613692,3.22375005742892
3.14436038173082,4.0599011071473,3.19428486254224
3.17921591310296,3.9945508107369,3.17394507367686
1.65020502496204,1.41746155386707,1.15063576998477
1.64385712301738,1.49910553952185,1.23770603045232
1.52084084233176,1.26345573982036,1.02867217539066
1.59334351152281,1.26735362674889,1.06140226799766
1.34192165985937,1.16634078330061,0.940254559159356
1.31894666987917,1.19588610044431,0.9821004710931
1.35860159582894,1.16936798823553,0.986301792537628
1.4377395364459,1.20524085653201,1.0127893311099
1.2920227549509,1.17360912979606,0.997247976243683
1.48448631143881,1.25360189164546,1.12724285248315
1.54519546162386,1.34179041964468,1.19939913370693
1.59836045396809,1.37521737863214,1.19035848452733
1.69722448667748,1.48612476600333,1.38148844019623
1.84166542870648,1.61957451390085,1.49350213298322
1.80834719409767,1.54762209770786,1.50277264291226
2.0187048992362,1.76550973807485,1.72951521826929
1.98604351751867,1.95989250171203,2.04388729039834
1.71193998039318,1.34303501208162,1.29480739487053
1.86738860572346,1.37253834948801,1.3453726592985
1.86766461499612,1.49075380876617,1.475748769936
2.12877740730877,1.62792216373366,1.65539747389028
1.24891405925029,1.10093700715705,0.834302348874842
1.35622503716407,1.18877619688368,0.843559722630409
1.12504885645607,1.01298387569547,0.812241778125213
1.14044773680789,1.04143709052214,0.88138875747111
1.03114576125364,0.916600442753456,0.750569548374665
1.06921869059041,0.93157987152225,0.748767284330771
1.09715718326329,0.978862888274243,0.809906469391291
1.23024380905327,1.10375323326407,0.888505444637099
1.14347121252957,1.01456294036876,0.864392366756572
1.08511470638803,0.956399999762021,0.812501994291093
1.12230923020629,0.9126107999802,0.86899021472608
1.16072946029423,1.00474522866853,0.874824704929035
1.58882837491265,1.47620388428919,1.38896181610315
1.60761011246346,1.47295045588942,1.37694638966586
1.59281919801294,1.44925583632866,1.39183216686304
1.30524983787562,1.13000697876365,0.983890382970957
1.67910276277,1.56688282840212,1.4782682393863
1.7688025557435,1.57222543146879,1.47464405626412
1.74362078115932,1.59448730164017,1.47489116766706
0.911123965364602,0.809292563374944,0.700994878604928
0.932997417974744,0.845363873225243,0.769656407479462
0.880722544622225,0.765357356372584,0.661841661590175
0.96551602881017,0.824247218054324,0.704037278540741
0.834714254013759,0.722314824483275,0.634193457733576
0.882752920672165,0.778365324199867,0.67024885201897
0.988537166057349,0.794887591974216,0.644963421844047
1.41992931202766,0.953759935827085,0.663163076911526
1.31457815300028,1.03261657049403,0.697274994041226
1.77650591865433,1.53102669189519,1.25886473498052
1.81181250908714,1.54879689657018,1.26927057902055
1.80273464701049,1.5485506450609,1.26818271915617
1.11874964864589,1.02326851293635,0.704768243455743
1.22855420240653,1.04709780254504,0.748749329157969
1.45259420819053,1.25283720096623,0.766062042813185
1.6485878246996,1.38687913630854,0.774202441856104
2.1025766899883,1.86149404884824,1.30759138693475
2.11344989221264,1.79088054894392,1.31585532431763
2.12383358437259,1.8511627515988,1.3121593691558
0.740316501841625,0.671292070732197,0.630171272786713
0.780300954566918,0.737047956645913,0.69026680944205
0.721495852579707,0.657410413315907,0.621141532414432
0.794671294228468,0.701322856747435,0.656717182896612
0.698850994767321,0.685965317241475,0.635936546486107
0.735449042478968,0.736661220102945,0.680181499894598
0.679246277996648,0.701035727567373,0.647219007253724
0.751049138757185,0.762580744401326,0.727093977146039
0.773180803360387,0.870706343816293,0.772143253950688
1.33312338804171,1.37792298635404,1.34799805572212
1.29784430870817,1.41975224044086,1.33060509226505
1.34374948621439,1.39227923087308,1.30137235029001
0.733933158040902,0.727021982671477,0.68917685800971
0.864159962422936,0.909190183877785,0.878421908784475
0.910173329867809,0.945005635468963,0.933202604011474
0.780082706600392,0.807714560599602,0.753375093126934
1.32889394847187,1.34828832085081,1.33387798386589
1.2953833685371,1.35702839851753,1.31170306485472
1.34351399279656,1.36724775176831,1.3223701069514
0.777658158170956,0.758691979173202,0.669694164142812
0.859747969549631,0.801094993683779,0.69844095047314
0.846866153909495,0.855751849384509,0.739756382657196
0.867173318715746,0.902699412270847,0.807978337477449
0.972891043835954,0.964455544457111,0.78698429222459
1.03332208918506,0.98575655791193,0.814053958217074
1.11019456909979,1.08831322806251,0.904329740739202
1.36052972480613,1.2053357190337,1.12058354185426
1.40899066436231,1.20395642265509,1.07524359160766
1.52529723574869,1.29071325574009,1.10758265069668
1.99160585480601,1.47010172115036,1.35574203700612
1.92325045299479,1.489652083277,1.41137072161004
1.60128004396532,1.40296155857224,1.18049577707727
2.04005382020021,1.81266782316754,1.65644535329875
1.9608323592256,1.8523115586914,1.64034187470021
0.989726359926631,1.01442014964805,0.782301016744283
0.970541321621382,1.03413321322399,0.814607617551097
1.10583642628037,1.09548946077164,0.816091812576746
1.19392457492468,1.13724598994724,0.860661393125989
1.17132632696997,1.17679247274208,0.84073761154433
1.10304712839933,1.14657847718295,0.830140660202525
1.37724432607888,1.30098560373368,0.921057580923273
1.75734878717507,1.70471883260151,1.41815535956002
1.79727674152887,1.66804742559164,1.41337896371613
1.76881910881568,1.70016010140467,1.38272998417304
1.24315733819725,1.25068197879695,0.889127280048548
1.36179733250868,1.33303650552535,0.971469453685106
1.27785985473858,1.27188206881168,0.91576798343621
1.26268328023564,1.26424824437454,0.947956008206589
1.46722316622157,1.34049767767187,0.982201629284236
1.39824853901082,1.36503610556028,1.04303811894881
1.78660314094269,1.3710518912848,1.0630097736493
2.12417039277095,1.7314792511174,1.19413146599519
1.66754197400111,1.64372046191761,1.31038964573295
2.46759214851453,1.70824029491402,1.51231732960094
2.90545483252217,2.24091484772225,1.94205523119193
1.67474997708541,1.42820343429091,1.02249571509097
1.95974806687981,1.48722089426185,1.06836987628735
1.69238597006078,1.5133778590481,1.14306096323301
1.59235548685631,1.54937443352284,1.24379197179022
2.02095113621004,1.63457065720946,1.25277460787121
2.45276756384215,1.75242683639634,1.32379761528343
2.32691456082127,1.83120823413395,1.55708207920434
2.24186653513557,1.92310141418722,1.78460871673402
2.58775651781985,2.23174296910881,1.79230180996117
2.77620549334684,2.23456513177802,1.89084989251354
2.89297608204173,2.4934534223159,2.20144485658732
3.12696297825379,2.5652407010731,2.28621108666031
3.12501158834236,2.92452629872348,2.49038103583163
3.38530734813798,3.20508530513751,2.82703638497494
3.18215567480626,3.35680043794911,2.86384488668728
3.61189199319511,3.49861629881451,3.11371959313415
3.78178102211959,3.70812469697787,3.37821534832932
4.03313739715572,3.85440370302248,3.43837838836041
3.93143963282397,4.11376630419484,3.78155418483872
4.18875862810867,4.45304984642777,4.11686056051169
4.1774687029819,4.42563213868867,4.13358356523115
4.16595083857432,4.41245464427501,4.09920660685683
1.8470573442792,1.54248717858537,1.23694433724421
1.61558559861506,1.44185345125972,1.34970480079657
2.1878299868629,1.66432613509539,1.35320669890076
2.55878136123429,1.82452173117272,1.49673526677383
2.20262913813114,1.65028422187775,1.48737105031366
2.15101817877601,1.62292824252398,1.71958249334169
2.78839069732981,1.92701823625186,1.87798239995503
2.92269678532855,2.1551036929778,2.229981161031
3.17725974023574,2.18180509661115,2.135418723839
3.34193752517334,2.36032476260404,2.51413736653206
3.6669010043743,2.75394718190916,2.9232302459122
3.46899940325216,2.71543118323563,2.91271584003924
3.94641280445012,2.74861311401005,3.01421100356619
4.41883742572647,3.18684629160175,3.49019595306398
4.30671939994925,3.18834477197838,3.43845635929331
1.93347064279702,1.53130136085863,1.39488424748255
2.38053613808767,1.58549396300377,1.68238660782229
1.59277526661684,1.53185722274047,1.60179391423283
1.8326179780792,1.68186100232696,2.02456315768006
1.37960539781073,1.46597595470541,1.66388182472287
1.41084057840086,1.48598863704992,1.74035338478467
1.43544076763469,1.5320448357409,2.33016514024158
1.6820607003172,1.80422226037523,2.49642650003514
1.54121071173714,1.9003337285577,2.8793757091886
1.59421611744371,1.50906211920552,2.9348884283376
1.86326059200286,1.88063642803374,3.09293229104093
1.94066874469526,1.90361307766316,3.53321748740773
2.32631348088888,2.3492521070937,3.8631450569746
2.32888889782589,2.34581787613636,3.86000769644086
2.31693290642561,2.31310489507886,3.89389656053747
1.82863000422075,1.84235645548192,3.6448719900905
2.20007260048076,2.29104719812511,3.98744742101558
2.23542209089694,2.22866140771875,4.05911619194667
2.21048994386977,2.27591164419572,4.03463698744969
1.40338941298887,1.56254603782619,1.50235264910447
1.70371795498525,1.77980141813661,1.8544135316057
1.3168830720741,1.58858375564913,1.41576194997963
1.37028918776581,1.59864554723123,1.63405768667143
1.41585603253715,1.80461963402246,1.49507475318089
1.55975811246171,1.97807740611271,1.67730381886432
1.68157366479873,2.23619018624021,1.98622488961589
1.89160600934637,2.42371850417208,2.16608342687907
2.04710491148918,2.45495668999808,2.27667870352415
2.28919532669858,2.62444398566736,2.45799272571236
2.60865914899532,2.8249972124366,2.624385894512
2.70214311544595,3.01226680920506,2.88473581199396
2.93475233450968,3.05681617833773,2.97107836975195
3.20040580615787,3.3763593079093,3.28114587550776
3.17508601708159,3.31657394697511,3.21599353889903
3.73314571728612,3.56232469818765,3.51403109410932
4.05915131635366,3.90254800231163,3.8866327596749
4.09306997204785,3.85467153454389,3.82002810359822
4.38182545825521,4.00348035206695,3.92402082959115
4.66539143310361,4.26477341196281,4.18876039504124
4.72221774553041,4.30848717854118,4.21391284492511
4.70442775717159,4.25578106204024,4.19602875232498
1.29178888343522,1.59074386613455,1.27430569967493
1.39783015780846,1.60166025823816,1.30507467468933
1.30694687227242,1.56486327119872,1.23536622750425
1.49554183986798,1.75544286116051,1.40733323030147
1.27574779027275,1.41097881750785,1.11339035531028
1.22307440415508,1.34421596264678,1.07234876530129
1.34125979149264,1.40049699128226,1.17874374781757
1.4881072966651,1.54917091387265,1.32882817481055
1.39713287277951,1.36280752598312,1.21171474468269
1.27237221699562,1.36195985262014,1.17307807070012
1.38505645590608,1.48713539822957,1.26115066791928
1.53699695421033,1.66112975824235,1.3898659272351
1.35614942949232,1.39757479825632,1.24063809453616
1.46051108056965,1.43432823971356,1.28293543222353
1.21841688339694,1.23586830812949,1.17383844083774
1.16934505504881,1.21037502146549,1.13942639356776
1.13871505141225,1.12991874515554,1.19394634291064
1.19042654180863,1.16089416764072,1.24861716027846
1.14553138702657,1.10159678077255,1.28858396530487
1.21244162010847,1.13782752962093,1.42963285876334
1.2244529222004,1.17938252207759,1.23176718318863
1.33660223841369,1.24965037290744,1.30885751271597
1.18095159180362,1.12121517790984,1.29358189051303
1.26098375392563,1.17635829877037,1.42282846700744
1.38995144772222,1.45689940386136,1.13703043082614
1.53773001593826,1.60958872060309,1.23244731240344
1.4366024396913,1.37081959554803,1.12859008778062
1.44981429086877,1.32291746158977,1.1586499043061
1.58970895727011,1.4000470286431,1.16341965526858
1.69672409835988,1.49427766672584,1.23395321571323
1.78527747773539,1.36161106130083,1.21850691493149
2.03387256876144,1.3727681335251,1.32547079142664
2.20449978690631,1.49337179981859,1.35551634829866
2.08624620923875,1.43258861339885,1.41658104717315
2.59617499974469,1.84949678725024,1.91537615845773
2.48130392059007,1.77755672526106,1.76020764294699
2.45900100472478,1.95790101948497,1.64763707570725
2.60662135943394,2.42674388228697,1.88044514161554
2.97479464380666,2.50047698151024,2.08898309322704
3.02029441641629,2.24850886315477,2.07345566772477
3.25659488054247,2.39725882172689,2.2222588372552
3.43733868482761,2.59128151782491,2.40904372408013
3.58525411458366,2.58960625393581,2.56279616558015
3.95421864029782,2.91018027345093,2.89329441857781
3.87804170777141,2.90036241341008,2.96101236226357
3.902983751354,2.89574119517326,2.85814021103244
1.694801886772,1.46047633971629,1.22533056431276
1.7813338049035,1.48595451040876,1.27953927345025
1.92224777293646,1.59863858862086,1.38713684087821
2.02738756691045,1.67070109109636,1.48064491534972
2.20714666856944,1.75940270288316,1.57797839917258
2.54590762261259,1.91753808160565,1.79843243547239
2.37720359247817,1.80994915124038,1.67881228836429
2.19476815279137,1.78609214478237,1.53335572136722
2.4335814656798,1.93370433879847,1.70743657571928
2.25795084208284,1.73801955163924,1.44544164599798
2.34193945276621,1.71786911969768,1.4513819055596
2.52454921354911,1.81568964123763,1.51474764578782
2.75748418256504,1.84508521772859,1.5785895281682
3.06726444012807,2.09216164887746,1.85670188293833
3.14179590284478,2.21362375368332,2.01336789779982
3.39101771459819,2.1948984592249,2.01934539933924
3.50199224852411,2.31909878106159,2.20248993111281
3.81450096442321,2.68421306206387,2.62152655486933
3.96770089474434,2.66502344077765,2.59095061156136
4.15408416059273,2.99498293117912,2.8335133241194
4.34956180115088,2.87879260787238,2.9229473623278
2.28335828359805,1.71897111374916,1.35723853338042
2.5536098931391,1.83303599886539,1.50179077028857
1.92343391013736,1.585349817249,1.1866396898313
1.89445850686353,1.57081534171393,1.21046690952579
1.76992713711614,1.55222570345255,1.13520071871237
1.9210643573589,1.65214252367312,1.27880588006378
1.62056683404831,1.53787908844395,1.17685411625564
1.86656512801453,1.70929615328014,1.42770691148643
1.99317856069271,1.76876586364658,1.60036540804212
1.56307938865625,1.60620102438246,1.35189469030956
2.08930065046293,2.0168160851625,1.83025262503267
2.01071624233841,1.84116084608879,1.65816928514274
2.45220841450185,2.24190176556505,2.10044665627189
2.4617063624562,2.24725908808238,2.11158409721863
2.48927147818132,2.2315625355042,2.10438481655807
2.0277352732673,1.98714644433315,2.02067987462903
2.50072668124791,2.40108493962763,2.50195865637351
2.45068678601654,2.40711981482718,2.47030577678629
2.47731854377597,2.38118082701258,2.51131648118062
1.81273716448706,1.52585475118293,1.12862813753996
1.92220304133739,1.54631725810676,1.22441620370023
1.94745955200003,1.611669981119,1.2442226288545
2.09335154018432,1.738448596944,1.39683567404512
2.09333787073334,1.65191319113312,1.32740713159896
2.22123162822103,1.71554767567259,1.38846765233349
2.34784309882675,1.84335044420278,1.58387431741221
2.6733659016846,2.09136989716408,2.1128277287864
2.65092587457569,2.01582157792108,1.86463197825055
2.77529335290878,2.36370383032754,1.99381928515361
3.26918528668223,2.88194982407372,2.62935659112478
3.265949256388,2.92832568890894,2.42722869221671
3.39421114924655,3.14336428792811,2.56261851151639
3.80281393437281,3.44194592314824,2.97498318638622
2.00043693327624,1.51394359218821,1.21852574939464
1.83476166047212,1.43367984715023,1.17478447370665
2.17524171255711,1.54031767824528,1.23946427092931
2.35540844745443,1.65050934866414,1.35128791030442
2.19317547338322,1.47804603597173,1.16867220156287
2.13102474369756,1.45394982256708,1.12423202097147
2.48645571132929,1.57305421057779,1.27673389770189
2.64391112141334,1.68500089362831,1.36928909412989
2.70408468325741,1.70903854350147,1.47634604780243
2.74757770051776,1.56514412571071,1.38474197947151
3.05535427476228,1.60205993995204,1.55479939551574
3.0881669199,1.7521338861632,1.619959471097
3.23239671117703,1.91311254319285,1.73610814400296
3.42070889633263,1.84198791366923,1.83077310606271
2.10634086737445,1.43173700013763,1.13126681852705
2.02772479463775,1.38122840637172,1.06212203236468
2.18488987186207,1.50581326979518,1.24348209566613
2.28616973308898,1.59086342305714,1.34351882493243
2.21873167098393,1.52229064699482,1.29219959383013
2.28541565388507,1.51165027431605,1.28793143805694
2.54127074128942,1.7110651558603,1.51966679975672
2.71812997483055,2.07325884492872,2.00917772460082
2.74192196041592,2.01408974397132,1.83220562129079
3.18337577674813,2.21825347670965,1.98696746415615
3.74011345453899,2.89384332679629,2.69446947309776
3.6532994191204,2.58210383314335,2.43451670854804
3.64962283597454,2.55916564705257,2.5547837483659
4.26707491709533,3.20235180460609,3.03171100530828
1.98061114307984,1.47705911458338,1.23057635425229
1.96767635090226,1.48567101183367,1.26740291604775
1.86392246299842,1.50895823046929,1.20846670586193
1.94442322737621,1.58656130889364,1.2492461818823
1.71543223660707,1.52231419016866,1.21055682449325
1.85887051052151,1.5824261019011,1.32627260792375
1.78551972208965,1.7931587067055,1.36080262609381
1.74984313591934,1.95148531080989,1.47776657581307
1.80728886534342,1.87387861910519,1.54555723186406
2.0924334653915,2.04270516087325,1.67887456672896
2.35297116533565,2.25783555120365,2.04664765193799
2.30359045346395,2.35396478809911,2.05521874167727
2.34037245085567,2.222482818641,2.04223284395216
2.6283623346601,2.5110349574697,2.43121458941841
2.62549204440929,2.45693945823817,2.47960360508943
2.6492116328941,2.56546789625834,2.32965298932789
2.93486844764877,2.89618411157987,2.64680326259983
3.03764166299623,2.95840541573715,2.65372841047536
2.95687674611833,2.90395686453522,2.81938069049117
3.24752479033378,3.22382741492493,3.16458639939022
3.2435916007648,3.21716059558299,3.14760375795117
3.25250926386999,3.18167436697712,3.16960754501964
1.45593404440326,1.32682847260776,1.04394358342238
1.44243808131251,1.36379028940512,1.10171484831132
1.37661589026418,1.21528406924367,0.941904261780324
1.50882981246986,1.25395232435557,1.00076461562921
1.24168152839515,1.16282384373277,0.884497996967492
1.2410707422626,1.25862766642205,0.942323977210044
1.34950710278101,1.2846946831896,0.936990395561916
1.60053603411542,1.63548391763314,1.28061107570882
1.46555835021322,1.7142125521334,1.10470359642664
1.27019419186368,0.956387343049772,0.903273250994421
1.82985176879131,1.56829086968594,1.55519609664655
2.53760808568246,2.32287123716716,2.27035106095374
1.93462782260191,1.869569240345,1.84616095167496
2.66862351091674,2.69372833286599,2.64004661942996
1.53134555482601,1.70332912774729,1.62859239796886
1.73619435531419,2.18974087233238,2.00408584473582
1.6238775728299,1.53146060922408,1.5578584914449
2.28025366807,2.28812990994859,2.29723157380329
1.7317365000969,1.81857684865455,1.8092323811412
2.41357548806389,2.6175169217675,2.57662553691442
1.16508593641823,1.08906095833932,0.870365940341858
1.2065510317052,1.2987089618461,0.957627651779911
1.15281165856079,1.01364654461517,0.91220165898839
1.24011339320689,1.09458878476095,1.02125757612264
1.1182492280617,1.04877899982541,0.936509482404517
1.16939272388106,1.16434672268627,0.993723846788181
1.23647621372403,1.24125110694787,1.09619465521209
1.37500621451819,1.57717909888984,1.5139770693485
1.28696935571763,1.59730645392019,1.43092633346344
1.30922692107195,1.80237476829534,1.33701662394953
1.62440629860492,2.33774243300957,1.81430617964236
1.59004927823509,2.57864215187038,2.00359175095665
1.95110747849464,2.87808821969351,2.38392784178631
1.70715223418273,3.17933931715391,2.46959238630141
1.01944657311702,0.950528277338266,0.866700619967913
1.04197491363175,0.981708113985554,0.900008685560702
1.0407971388262,0.960955516184394,0.858652566271117
1.17620158955179,1.06591323157683,0.932850119829599
0.990108235139294,0.901127932686504,0.809355959764483
0.978175374804035,0.892952120841496,0.816230783819545
1.10775676280952,0.929111497310441,0.819017543622312
1.57693878010595,1.31890423184884,1.20338793664272
1.62718454647054,1.48177489080578,1.31207730387928
2.13705385837423,1.97752356417055,1.82062991551686
2.14255594614773,1.96154360577987,1.83261279559578
2.0942985448967,2.02178996764051,1.83183173340628
1.490556305416,1.18063836329181,1.05909254681338
1.99012770765717,1.71926600791995,1.61094493252134
1.97907722547922,1.69731230272373,1.62978747012794
2.00999702624646,1.72808495564776,1.60132892097611
0.978229435200711,0.942811438046161,0.819085333340451
1.08982233742432,1.08133987132778,0.916917830992879
0.950420417005126,0.935788155026671,0.803203892212758
0.967208234802363,0.944298435646498,0.82047073247062
0.995893079802388,1.01942826749218,0.8293491192296
1.0544740672016,1.08954838487116,0.873694985416057
1.12897847365234,1.17014905603378,0.933902379477896
1.57968332990577,1.39131228312487,1.03193827889877
1.26914398231052,1.33132956684931,0.960633590519294
1.60472800338675,1.50758568367742,1.0081362133071
2.20632250224725,1.90836301845556,1.2086781539758
2.03154420428892,1.88881694649365,1.4039662918914
2.12041018123729,2.05149113905433,1.8068964386674
2.58440359743586,2.25507588253588,1.50157858620054
0.93766266329741,0.952371700627602,0.776290225607625
0.996077427444446,1.00101346838713,0.816748717375036
0.923525657781545,0.932544169451633,0.779760912158466
1.00125743420284,1.01049907305996,0.849866586486208
0.886573212583156,0.8886216890036,0.763013403120573
0.874790454462006,0.870377331430636,0.770349672574393
0.896691771098944,0.898843525292371,0.797070494162473
0.987738718184756,0.998390915796656,0.860088046170363
0.94585005765731,0.932861855068391,0.848871366689292
0.88681614678404,0.875751481673193,0.812264022039245
0.956393760956213,0.937228940633265,0.86888652094558
0.964422794386809,0.963273318261829,0.908089498903253
1.43465304007501,1.4187635236641,1.44657572341608
1.44494654522704,1.44870862969691,1.39077713342577
1.43712768929721,1.45842102961205,1.36789677006269
0.926881855332368,0.889644834658841,0.873207200095112
1.40809654592305,1.38673896285916,1.37369632364162
1.41042679902622,1.3572918419069,1.39004514987555
1.42178131435178,1.40521169943038,1.37817909425307
0.937063626383469,0.93797128551102,0.784434893778798
0.969004244891904,0.965545557444094,0.810729482161191
1.00959015173701,1.0115825374325,0.834894387650651
1.05202117230997,1.05862430403757,0.893101615611659
1.09530924985085,1.08959384552698,0.873082198310171
1.1120699180065,1.10758906231555,0.88626861761215
1.24626805639171,1.21533389702381,0.96694165338041
1.43486465953822,1.41936562013047,1.03247954116195
1.63279163265435,1.41401971240544,1.04908668531897
1.69876532752662,1.42549171172844,1.05291094483374
2.19037565251709,1.76675935245385,1.23621649248929
2.15070958149641,1.82132376420672,1.2934975324769
2.01076929432195,1.65931846061128,1.27757962351167
2.29706214617178,2.0687633316267,1.72756533790112
2.46556077497863,2.1175106720829,1.74678441562912
2.55493505412622,2.09212794995351,1.79511098534627
3.06066764187304,2.56300713141449,2.36923139736362
3.02329375302038,2.58110156535024,2.30237925736552
2.70762375899027,2.26454226781093,2.02049506826652
2.983905130417,2.54290686924524,2.35618469373773
2.93123306771611,2.55198212405419,2.35240253089226
2.93027362825261,2.53417859041348,2.32642650362102
1.10020654161385,1.10404115701468,0.872883164890715
1.18004285029628,1.19943057026883,0.937749411800508
1.07323372721264,1.0743344080786,0.867683717520388
1.07094129083764,1.07302589558494,0.894786992389682
1.117530764467,1.12228888199827,0.898511842660791
1.21591053979861,1.22918429115619,0.972370600465629
1.20296333987586,1.20584739618691,0.983454399026711
1.50291039650787,1.5502807008968,1.30356658625214
1.60786616981732,1.65726282309112,1.2485998064497
1.49722345283493,1.61751753276341,1.20751659875252
1.80113952004017,1.94372349083881,1.54944883020177
1.05967812530616,1.07131460743675,0.854769125850973
1.14033205841119,1.16690504932295,0.934514157920354
0.98621685796075,0.996998257828264,0.798662489938129
0.995861248541403,0.992252385133952,0.81788477462896
0.952425509070689,0.984979015904279,0.769871391707965
0.987639224346699,1.02402796129531,0.801593930813468
0.894680152075953,0.9384649532999,0.756617221204855
0.907220110890396,0.94335200272369,0.782399797110448
0.960639632966224,1.03193514614177,0.83119514265033
1.42953317653436,1.47644237563144,1.37130391561492
1.43067766819564,1.50566092692376,1.34982315872712
1.44046624770444,1.48332266697297,1.33622012964481
0.913941236992054,0.977243150526904,0.831455267017676
1.16276561968598,1.30868932541718,1.118679096472
1.14035618014376,1.29593749284281,1.15849455320925
0.951268870322293,0.972544133883924,0.92025359028715
1.45877859823541,1.4973416694261,1.45132657481554
1.4779404496159,1.4843029568006,1.45594556438142
1.44349395636065,1.48267477519719,1.46767703762932
1.00895133529607,1.04461597547945,0.789426322567047
1.08027756783871,1.11703361394238,0.848594391688277
1.04901882135824,1.09040991247067,0.81798385993119
1.08637434198113,1.11757636265948,0.875742784534214
1.10819961418061,1.16909033016284,0.843311663004409
1.09505680238553,1.19106250523506,0.838550267978553
1.15027766737969,1.24203361227819,0.871912412195876
1.21713321017842,1.33727236611168,0.94179439139148
1.25072806728585,1.3900367772951,0.948502411628882
1.07957133094749,1.15877996303836,0.820848542968005
1.59998028712159,1.43039632590513,1.54085713648176
2.38769835026544,1.9548556251012,2.32142687953272
1.59633212670395,1.48247031172891,1.56563342770855
2.35912103718638,2.03754555295192,2.34295972452441
1.15541402937581,1.24842585757548,0.929107850615344
1.25285788491263,1.37117038565728,1.04708927515207
1.62076851699526,1.54427062243138,1.19388623289334
2.38468627671773,2.11806883230372,1.91520263787125
1.67760542118167,1.56714374940872,1.23827080540586
2.48426288699916,2.13666891149322,1.97320370411154
1.21834698520445,1.2413616861352,0.92893903948349
1.30365222963422,1.31018490615319,1.01607297599586
1.27223892723879,1.29717319759427,0.974825858220695
1.25178952521137,1.31022594433552,0.963694262394806
1.4311855382185,1.40989947990071,1.10615454955954
1.5740453747011,1.41410656549272,1.2039210396495
1.47133325816473,1.58575174620958,1.20333281906342
1.72929888115979,1.95471481266867,1.60057458666646
1.7241602011376,1.90248741970078,1.69747548092999
1.88495935378338,1.85139718826688,1.59257137452551
2.15890455849393,2.12442429672591,1.9293252828923
1.59640751508544,1.60084048494172,1.2416316840192
2.24193430234824,2.08731816273774,1.8487554436254
1.69228538068617,1.74450024636428,1.43807954161471
2.11159166045228,2.05081158876287,1.94088847369304
1.8522317844182,1.94025651354816,1.57024933033086
2.01802606526641,2.03136294880796,1.7102703176084
2.16033741682184,2.3200829608461,1.87406979811332
2.61826443426962,2.62452463364136,2.25876700342078
2.24541818799766,2.47753077387739,2.08092803749975
2.66216842588965,2.87313343372257,2.37262380736586
3.39661664338525,3.42374127336703,3.03644401968593
2.88922438688166,3.33365927905672,2.65199998512015
2.82041006936598,3.41407754161609,2.60510756091039
3.46979605144285,3.88582799107665,3.2217363735861
1.85032154466621,1.92801553848962,1.55450361653774
2.10849125606108,2.18046577433171,1.81400613665718
1.86603017297353,1.90015369626236,1.57521397114334
1.94532372544721,1.93984019972612,1.69269522889888
2.05532625603217,2.08073527581017,1.73760432523873
2.20569535984619,2.25462925527878,1.8728112160854
2.32066788912748,2.36454843412831,1.97606807589623
2.62000188074954,2.66039789888854,2.34364924561583
2.62323994434521,2.64958379121687,2.2842941921213
2.64431263108832,2.7197273167157,2.30356783712031
2.06619162640631,2.06197844767184,1.78061929715325
1.99835089016693,1.99776709308446,1.77331140017263
2.23697700155072,2.20229158083486,1.93970697573019
2.35333391862598,2.31349350698317,2.02664664420672
2.33406998625006,2.28770984724321,2.08080561911881
2.30675159392297,2.3308617279522,2.12022792559744
2.69671398657176,2.58922177508651,2.42066907744191
2.77319463413475,2.6783922054747,2.41805941129825
2.98237851535126,2.75823588916935,2.67802533805104
3.15143980101597,3.03194850045424,2.99261936295093
3.49476892852357,3.33904690792321,3.39354558590107
3.38449701974778,3.29381184491753,3.2407008240325
3.66724961675797,3.50906963516409,3.45135156622199
4.10232525252847,3.9580110922697,3.88255505337814
4.1269847256387,3.93937655971417,3.8637342772406
2.27271971905794,2.19250050259462,2.00732094135532
2.28943833373105,2.25253465391438,2.07719292426075
2.31657512152773,2.16808991835831,1.98513369948029
2.3935519403456,2.22319489025422,2.01929359600283
2.38136379878733,2.20744255018072,2.03979207472577
2.44862411031758,2.29716824646481,2.13464567767555
2.70408948211431,2.48071734402215,2.30505419832642
2.8647674209293,2.58418075288866,2.46136517813813
3.05393899241371,2.70816899182432,2.62105530793916
2.81986975283498,2.79291502419,2.66608549797873
3.18210792912535,3.20604059563767,3.19873897148943
3.12183547752134,3.14231060135731,3.04536350850999
3.40429229589648,3.34684975606559,3.20293808211263
3.37603646701529,3.47857134403879,3.50299940099454
2.18508763796778,2.01712648057186,1.84952080995657
2.28366644941479,2.09873975992124,1.96014862414205
1.98078600331689,1.83800879350799,1.6514272953484
1.9831977526985,1.86318397689957,1.67700125762822
1.82486740833263,1.6798105869007,1.50074673634283
1.90464508188309,1.71343558393407,1.53793673792145
1.74722170265057,1.60249804784781,1.41726890480724
2.05146501532387,1.73686616919799,1.82944533773494
1.85148731513371,1.66621322401155,1.73672284511766
1.71755059188242,1.51119897667988,1.34448039782109
2.0012586391655,1.63296801704701,1.8679927449411
2.16592689723727,1.6781300858437,1.95867186983607
2.55985386321673,2.07130252543901,2.46393855878289
2.53298142270977,2.03111095349129,2.41375722263736
2.59388503368882,2.03059103657758,2.42770067923436
1.7762148786812,1.57594005451534,1.50748740074593
2.1496958192957,1.96258139610919,1.9582799362434
2.12028312589611,1.9302731790331,1.94530277006023
2.13856841123578,1.9172187986995,1.97239649292629
1.7709448110784,1.64855241184857,1.55091235224301
1.80547947817003,1.70549879913043,1.66146698292485
1.81675384091834,1.6511313117589,1.60637070496025
1.90001642518529,1.68776576508872,1.64570951999062
1.87978565258697,1.69496367589035,1.74907724002937
1.92601144866765,1.76628014961526,1.85980927625716
2.15167503969447,1.90834720645999,2.07363222690198
2.2422410442124,2.08096551846069,2.10747836035713
2.27630603979888,2.06061758228318,2.22870249153254
2.40690009101695,2.20829337330997,2.34779366130292
2.59258866156231,2.47164370452366,2.42702174846439
2.68591674347202,2.51249180831754,2.63643340264016
2.74941369378234,2.71705052115866,2.80660860759469
3.01999561517792,3.01937376425011,3.10539902868122
3.00703781335122,3.0959482105628,3.08906897116295
3.26575832937231,3.25686633982336,3.32259839848931
3.57116160536733,3.57500716831162,3.65707365262132
3.59310649204484,3.58765638353436,3.55665560434708
3.74810195438656,3.79198135827758,3.8832935398028
4.05189229299518,4.1120851355134,4.1834720706494
4.05157624889548,4.10188290571586,4.20812954126683
4.01554824042356,4.08399549054395,4.17318761030741
1.76466017010613,1.5590094520486,1.57863253997428
1.8863885662692,1.65103770944247,1.67667240890186
1.63267652082488,1.42124548725459,1.40963658167046
1.67820767977813,1.46096007522017,1.46622629597891
1.5392658680607,1.30465106734231,1.26219154936028
1.59549562307915,1.35567095269161,1.32798511867991
1.5118397596341,1.2516936922543,1.26509861187766
1.82186886413031,1.25613382729248,1.69852722122541
1.76903445483687,1.19438885492788,1.5988305216167
2.19821112238503,1.60193917090669,2.07885119800593
2.11888223981534,1.56934353611682,2.08041011604084
2.21206812032919,1.58229376740952,2.03911285132929
1.74561848005662,1.41773378176767,1.6436770724842
2.12673409008743,1.74214752477715,2.11306364553221
2.18849209464494,1.79872676479367,2.15393391249484
2.16485803994697,1.86317236723607,2.08482994982492
1.48939104569274,1.24807856738788,1.1557776678511
1.51528905667581,1.27659316141557,1.22260914506649
1.49420214051175,1.24373179648038,1.11297540485118
1.54734933161904,1.28994713244389,1.16950164336641
1.49215196123043,1.24463412548228,1.10428053635527
1.60451167786254,1.3425328486689,1.23640396366412
1.58176788521487,1.32917111016305,1.18342036330507
1.31895991867015,1.10788340883761,0.975838649515433
1.22496778668133,1.04282436061945,0.931333202999628
1.31431331301693,1.11420126727127,0.98304400805075
1.43567866790584,1.20898192852294,1.077029349538
1.17905759098996,1.02233977852092,0.914318219486757
1.14679676046842,1.0049191244567,0.91408813715911
1.20643488724477,1.07633788571488,0.986464704874025
1.29563739763655,1.28034326604359,1.06784897430647
1.28078783538776,1.20137984029081,1.1666666915781
1.14364732454624,1.610652228435,1.22103625695201
1.09877644968395,1.17524478579653,1.12421884821984
1.08432555144168,1.89423575498357,1.51620960080866
1.17801826940741,2.39687990377587,1.76292340836923
1.02073556660185,1.62231559096957,1.70861845895949
1.00406166917089,1.79213862930049,2.05108060829676
1.07093474033863,1.23980339809529,1.49072129098081
1.17722100108891,1.28513899638651,1.74169142876527
1.10328751465606,0.955249984553736,0.841196501880458
1.00594239443759,0.890507123120559,0.805070441368302
1.19018699460563,1.0180357510405,0.866446927027669
1.29610415105088,1.10050289956321,0.938145279362858
1.17394581066561,1.00805132577357,0.845491605230904
1.12948687376138,0.994836119254124,0.862488859091582
1.35053896239476,1.17274139059721,0.952930632067714
1.92908979924774,1.49011988728432,1.15833025569722
1.58000336093967,1.57803010710145,1.3190616834635
1.8860588212258,1.87206134920817,1.37980275768416
2.02535016110612,2.29424341006644,1.66868860644487
1.11028810874036,0.942808722247148,0.793675435922599
1.04461136058686,0.897700560914936,0.772577890653957
1.16776399971942,0.983291688253777,0.821491218561452
1.26222989053388,1.07008592254285,0.888037260919919
1.13436455200016,0.959565858886402,0.815274952979742
1.15198938572152,0.982077702258046,0.845117402756417
1.26765808361279,1.08082956864767,0.946134100699966
1.3115548026953,1.11272669924002,1.002810730214
1.27328978728575,1.11161947452617,0.982636674209029
1.44103972239472,1.22936396285941,1.1188048804706
1.87000313368329,1.72669732450115,1.67735960465703
1.89027682878844,1.68328663742097,1.59502161204216
0.999149524205014,0.86123128143549,0.738283885357522
0.947302576751204,0.836364778688054,0.72712645401817
0.975086657569494,0.845771242626684,0.732959315766549
1.05203394073795,0.902267145420687,0.788807335224166
0.877601921932302,0.791675972874472,0.697682457488886
0.891695357112362,0.815611619616676,0.725653775643436
0.927355003804035,0.876802285288613,0.773676207134985
0.976031431722272,1.26898562465922,1.00011952332375
0.90535955409591,1.07798167723072,0.982139024327942
1.05447614941232,1.08024578291421,0.853817071724301
1.14289493287109,1.6597814847476,1.21764462478121
1.17990903217803,1.63278042042071,1.26213962605216
1.63730316727325,2.12435852014089,1.75998482914311
1.61375921719043,2.11840336749787,1.77123544853539
1.56827989896342,2.13085128332894,1.76157387853705
1.11132509108207,1.31515135620292,1.09550474126521
1.5657946615927,1.81622513618836,1.59425371983347
1.57031318669827,1.80538399205986,1.60089465582141
1.50136119750317,1.7812155963626,1.6310943243502
0.768149886215007,0.703992169446342,0.629125111621653
0.713854416271993,0.681379665951118,0.623917581465149
0.771149708345629,0.695780547535399,0.620398136499192
0.854044930658359,0.755041359414991,0.670536717114927
0.700767690833047,0.642619073723651,0.587500226818478
0.663702877534129,0.636676993127563,0.588854329421768
0.760473693021425,0.703127195626492,0.637285891956151
0.85624817461293,0.789393947764106,0.826326569257844
0.932231981737962,0.807741505450519,0.803893944993853
0.77226677997548,0.769823221048587,0.709369558469872
1.01067205410766,1.30805294189912,1.21560441255531
0.866111727642979,1.03560269162758,1.13800580242664
1.43310516962043,1.61539767623801,1.67712793406227
1.37457828165245,1.62082813819895,1.711373532783
1.42369440917796,1.6246580624466,1.70132479121249
1.0298747932272,1.44176489138557,1.1991641348612
1.51231233529843,1.95136365373041,1.76619409216397
1.53160968732871,2.00807482006665,1.73150762869917
1.56440361960117,1.96535061853952,1.73938572634709
0.697545022865158,0.62052346370063,0.570854959643008
0.663838037463497,0.596269613109235,0.569291565142852
0.776757294231905,0.678612275717761,0.604314072416622
0.848639061186791,0.741173470450859,0.64876404104816
0.797737443556932,0.699573015803713,0.624433428700348
0.801831081466473,0.71430899572516,0.643922902089287
0.918030264181508,0.828566789833882,0.70818767814724
1.22880144272677,1.31441364038915,1.12577023385366
1.06295919668767,1.05768434457788,0.982498359291694
1.2046583572766,1.2113067535564,1.36749772836629
1.43473146891397,1.56102833246394,1.80885966778846
1.56704979311333,1.77625371605039,1.89686916044105
1.33816492377618,1.36917913885043,1.47802568016466
1.90763460173592,1.89876096045734,1.92800712042633
1.77719588839709,1.96950116317272,1.98885202687397
1.58058467705122,1.61598999575309,1.75532125044423
2.04417980321119,2.16888400440826,2.3178244320728
2.12012901571007,2.10033215825581,2.23184204389992
1.72685034920235,1.86182333763781,1.84816507582274
2.02405257410216,2.18048256650647,2.09833852729897
2.05559913464569,2.2163743750781,2.137758682158
2.03286385024823,2.18086614743383,2.14462668954216
0.751713319237456,0.65661923140169,0.602683069935015
0.744504373645672,0.651899069953683,0.617247115204641
0.758104340510392,0.668117996700197,0.608474718324583
0.809766718720699,0.71931250859425,0.643463061142464
0.740217368887985,0.662617152858142,0.612181373777352
0.783229935876493,0.700668023776528,0.657353089043114
0.817136492894507,0.745888244312555,0.681911890267762
0.94066377672666,0.870107096924348,0.779430394597198
0.845931017059177,0.838528589864136,0.737936740793868
0.906098331671074,0.918857272257253,0.807197855239297
1.34087889402368,1.36335050553244,1.26478940760592
1.47965809970818,1.41477408586016,1.28405556861883
1.9986650159796,1.95323971609599,1.84002682262801
1.99129083404089,1.89228590252941,1.81491924639527
2.00735839677684,1.92499536712682,1.80162204857904
1.30714946088222,1.36463355083933,1.25726628548845
1.81753504595338,1.90001657252579,1.80850080185643
1.8377840903455,1.86953606392201,1.77730606268945
1.84903481776619,1.87073051285841,1.78796046650927
0.656249532025131,0.601032504577147,0.564408208393997
0.664091409448312,0.612929198519801,0.587657067915369
0.614774972414547,0.574538672902248,0.537922678139403
0.655123140283557,0.608489838902479,0.56657278243803
0.558437578272954,0.539899796367846,0.513279209672245
0.58072326797457,0.57193993658694,0.530888301283655
0.567983079063747,0.563593358758819,0.538225248393895
0.630784162963604,0.634803259274973,0.605127388569469
0.577633625476441,0.583952446740494,0.56666561814855
0.61873382831706,0.622218608980401,0.56158262774555
1.33403377985696,1.20131106399656,0.677558803442427
2.09022112762896,1.90971342066165,0.873697764033421
1.42450431831261,1.30534846590228,0.763282800758378
2.19604937764737,2.0240557131627,0.992369722161837
0.887528581334086,0.934391580462361,0.761090598186745
1.03077377116813,1.10164071953715,0.8867648830608
1.20169717618555,1.28440646007317,0.762149112517704
1.95495678456726,2.01000489703171,0.985483996322325
1.26737477009593,1.37066448331142,0.846020636200923
2.00814373895274,2.09210518517663,1.10677333226881
0.547204177868811,0.514132974999852,0.505555490164245
0.576534635362514,0.546039495079233,0.537458955085609
0.568800992451448,0.513452790672046,0.514540263192942
0.607762231554879,0.545331184138075,0.545103780271228
0.598906600851811,0.52742797787305,0.535118936433838
0.59907732468177,0.540528026866996,0.549959644210376
0.6564432770881,0.573836092541244,0.579274166450367
0.722200763813597,0.63530805964513,0.634654287865679
0.720622700165042,0.633628771341417,0.636631212052256
0.653528892746126,0.586241495173715,0.590223777183647
0.671576010509204,0.602430802964481,0.604440081251662
0.645334283188433,0.55415044456999,0.562995985291523
0.692490221343316,0.59653081127032,0.605235930866181
0.673761774769229,0.571565621037526,0.581583408069292
0.690609946589017,0.59504403393231,0.601534810594813
0.727697712570145,0.608614219401236,0.611979165161108
0.779724124779184,0.653749722482125,0.654943086151848
0.787408548921334,0.663554112642811,0.672398908022605
0.796023823148409,0.680854026039067,0.697196237972581
0.858214361740219,0.727685626363951,0.730251821572721
0.841375783916234,0.718607761010338,0.729515649783349
0.817144355132912,0.717569528692655,0.709767876290076
0.719537542355478,0.60026409369118,0.604778259147557
0.781126675530895,0.649531282674343,0.664738387329684
0.682418022579386,0.580643371640136,0.580660278738787
0.692045012815239,0.592375224906239,0.595305867607074
0.690510597423239,0.601294778765773,0.588692089122297
0.747747086949653,0.648787183963659,0.635866994091592
0.714434448187528,0.630926721231171,0.615099987175191
0.778614623430184,0.652969495558953,0.673453606792551
0.76527883446854,0.735076676841581,0.686927674677367
1.31656965672173,1.2896554746874,1.25821411483946
1.27633652624062,1.2799955065233,1.27822135103397
1.32073774905465,1.30590951006538,1.25411515784254
0.841852042683774,0.68576811896268,0.715757755760738
1.51965550299729,0.891519819048672,1.17437964325261
1.49789210776047,0.857252581958632,1.20802736307837
1.1147077945544,0.878957109542071,0.950131721244618
1.69973221939791,1.40869940208679,1.52841118735249
1.71773102786461,1.43930471023217,1.54405668484593
1.72246427932572,1.43493262462019,1.5379739707547
0.689666337588431,0.609260770331123,0.599857806796336
0.756628478088551,0.667471033744951,0.659348670852142
0.665374285208903,0.591235027359923,0.597117825939976
0.663308975101055,0.593100034115514,0.605107630329501
0.699087932781843,0.63186335785528,0.652226538963373
0.733990163296579,0.676297478597112,0.715967044490465
0.710120078741253,0.663993739270971,0.691025397329796
0.791771668835596,0.816632140018348,0.712446317283613
0.880976344804375,0.805803861453693,0.840542740835319
1.33978069394494,1.33612977736773,1.39705345729367
1.45659902456842,1.34737527936967,1.33513420540876
1.41414927170323,1.37904560203221,1.37559758136855
0.787699533099545,0.704746842565768,0.84656540791121
1.32808150514114,1.29172298198735,1.36638125273069
1.35409886498319,1.25533979201936,1.40996863467791
1.32506091232671,1.28917422056052,1.36428642354173
0.761042715608053,0.670417765309624,0.686126439898522
0.844787504933146,0.753335604575628,0.774903842282151
0.768936946218695,0.661143648559155,0.674667935757905
0.749843942394744,0.651592267089859,0.653483568925823
0.857702383815866,0.726040169283455,0.750819254128364
0.920431854698566,0.780583375705445,0.8120174826855
0.904480143541118,0.762190986373318,0.797694618678178
0.927322355450096,0.79588411578683,0.81621817975246
0.917004021151437,0.786658597948182,0.820533259881347
1.07098885789421,0.897428270418111,0.974837793800082
1.61666461485259,1.36297306895087,1.3531790217816
1.61204830997729,1.60862731171382,1.38547657070462
2.26235060237908,2.30632919137179,1.81971697332837
1.71002506303427,1.70287753067466,1.52008750183391
0.907698478790075,0.766654498009789,0.799122505626982
1.01679777081314,0.861910152126666,0.920801047105143
0.888431071211917,0.759080527077288,0.768834627872968
0.873712621558665,0.766214232117796,0.757362041387074
0.958289622436563,0.806040306036761,0.835562383714594
1.04724165815333,0.911657217271567,0.919731514892574
1.01860252259657,0.848485405290614,0.914895850973404
1.1117846499208,1.34520584359443,1.37493947803426
1.09881911027714,1.34455180212396,1.4442511397796
0.980659647405631,1.44355353961681,1.29936729434224
0.988649023752026,1.94949670374498,1.82170074564525
0.966313528944461,0.823387599150921,0.838986721162779
1.0984493947797,0.950635124092777,0.94090110356194
0.970203260587143,0.802663269593169,0.838430557001876
1.02443745627029,0.798266263102853,0.872852242504084
1.01853668211224,0.876513156110363,0.880579232034465
1.11544104608902,0.964273910233898,0.951348037590777
1.06309127037411,0.908333929913957,0.942721051663584
1.21981365352406,0.911015935110387,0.953100047990047
1.20206884169605,1.03043379175609,1.01443912726585
1.60876017699513,1.05494632185053,1.08819737243351
1.97020628923808,1.32724014443594,1.3535981621322
2.10453840827488,1.31487315806078,1.33409494076264
1.93119144965348,1.24249210836939,1.30209065505963
2.32590987018527,1.55946787058418,1.66990701932102
2.3502437048269,1.5955453192541,1.69712132988095
2.31941539419719,1.41235449562294,1.62551483068042
2.73651294329679,1.73990441869278,1.99497199988346
2.67514233666419,1.68064367882704,2.00157418547516
2.51507914585346,1.42630049965559,1.70184748354138
2.81820708849576,1.78018832790555,2.0465679060142
2.76626234253305,1.77542548856036,2.01435293306181
2.72313412933131,1.72665528405798,1.96646803112642
0.999321333858643,0.909340326982151,0.877369266919528
1.11224627549332,1.03568385703427,0.985854157634033
0.951289452983443,0.884374506894594,0.839177846865302
0.975659265525122,0.880538527919019,0.861315178878312
0.963575714422853,0.93286286875019,0.858164893700708
1.0059423150728,0.989566702766034,0.920219625459254
0.968305743381708,0.953281533723884,0.87134179412572
1.03921367268469,1.01328050043278,0.921500341515653
1.1708411713128,1.16389671588303,1.05904077956089
1.08897266478137,1.08101182904088,0.997435620597315
1.13683762709458,1.16501185440051,1.09038337043523
1.18890623367366,1.18758097122923,1.09980021824879
1.29862578723522,1.28362723318019,1.21317209200954
1.34271084723235,1.35703032297617,1.27672497806201
1.73376048091789,1.74153145292657,1.61970536562402
1.76836111265745,1.56165129509582,1.52090156670705
1.80296940688784,1.73112512230261,1.72795473781631
2.18759558954428,2.08303294821834,2.10637613257
1.13173064480478,1.13910679845766,1.0256946350651
1.0644957465238,1.08787046911864,0.936750910446108
1.22524904042416,1.22722458768257,1.14446001790315
1.3318674724107,1.33000197284106,1.27174081099472
1.23842418455059,1.24374369929548,1.17049389350039
1.23740110041461,1.24224022324143,1.17489230484874
1.43598497528042,1.42563306857301,1.40233687527254
1.57832679202679,1.54813343419648,1.52390285602832
1.67998500125722,1.58895567513842,1.63864012085314
1.81286885247329,1.6436264674951,1.77120759309246
2.32108445659756,2.07927767673219,2.29046567487632
2.33913044592589,2.12640261298592,2.27489573537858
1.16552481507395,1.17597266631072,1.07714992080316
1.13482479940359,1.14975994970163,1.0407716022399
1.19439016185009,1.20134571498887,1.09868412815001
1.26924954744946,1.27892894307232,1.18075781966817
1.18514241773787,1.17741685582936,1.07989917428501
1.24330822933988,1.23039381836551,1.1384967610951
1.33659545145116,1.30496416028786,1.23273052690376
1.72230051884376,1.63641612637506,1.4730636214189
1.70752704247363,1.57040181827254,1.60598760633252
1.9243683020036,1.85205409442862,1.87226473823425
2.63874801815515,2.4823873862893,2.60065951256585
2.40296839405885,2.36600855014154,2.33997205029842
2.44695953891568,2.48780522302093,2.62813736858341
3.06576343346872,2.96212645339441,2.83092742997577
1.05369140191946,1.04677157048856,0.926535476276405
1.055954107047,1.03672530347369,0.914710654042094
0.988752101748994,0.989595264086883,0.863391899813925
1.0496922960784,1.04930043114219,0.932087967643346
0.891749874885776,0.89205490040965,0.757451490196721
0.926700385358957,0.91341262502426,0.801593488030276
0.920079843724059,0.915002340610136,0.77465721270344
1.01201379781073,0.986219717172656,0.84003112809204
0.933917536598335,0.934228647222153,0.799058649663159
1.09432800566027,1.06166555582942,0.935712128099061
1.4755017482435,1.55170035640811,1.60703316074251
1.42039057406226,1.48791322004124,1.266662364979
1.48243799905931,1.66077318249712,1.65431741217097
2.09181579098491,2.50131292991916,2.50796811554292
1.880009077358,2.0315395281483,1.96583673004854
1.98284486452323,1.99357249153926,1.74510421045313
2.40872336250928,2.72040951609519,2.72643566898387
0.814549822384534,0.82071835588939,0.682209037364028
0.773477879612483,0.779027977310293,0.649124660346343
0.848631825155076,0.856399058405085,0.720912209367318
0.916378171785595,0.929044651251798,0.792357230278396
0.837969302213771,0.845235442937931,0.724216716321241
0.807225760340619,0.812857038204985,0.70295070728839
0.921983779504,0.944534826125701,0.826086004770303
1.01230774637434,1.04580871061545,0.909211742677176
0.980027974735726,1.0143229146143,0.904961416099557
0.948493300346372,1.00656351795575,0.885752553844914
0.97713291621702,1.05378849236127,0.958747987528183
1.00848032068497,1.08385313949904,0.947253971239489
1.08613977918876,1.19916406494408,1.04656744444597
1.59477954144912,1.80236676404835,1.67119666320928
1.58112922752046,1.80724914376842,1.58544296683713
1.43909107754453,1.42607664924481,1.5098475785927
2.01997086431342,2.04774254792005,2.11998990003783
2.02256325655101,2.03721307180197,2.17305439378184
1.50510516993127,1.53840341177596,1.6263409424679
1.81680957326695,1.91362604570859,1.96155221770133
1.83839549407061,1.90108667067115,1.97595163198714
1.85669039002017,1.85229028881489,1.93000870051177
0.849232813023221,0.851347741189324,0.730766481611038
0.844493231533383,0.843743263282009,0.734405986494657
0.903845738186539,0.911142869444667,0.780302586935516
0.955841994989558,0.960156150184516,0.834830482392613
0.937582749166379,0.94391019459695,0.809368164513829
0.974516993168724,0.980308960027263,0.859400688151337
1.05785645032353,1.06733650731791,0.931989985612902
1.23447788318409,1.41251943348967,1.20550701719414
1.33377237898773,1.50830843508668,1.20667025864638
1.51930994377457,1.61690835597292,1.36350190622469
2.0312240106264,2.19748381173195,1.78579725258783
2.07895264959791,2.2624059067682,1.96801705705177
1.97992747002963,2.02495926276896,1.92731794099592
2.43343013209372,2.43540017215735,2.42960027818587
2.39120279000045,2.35753543312114,2.29088430416015
2.57923207115092,2.75809439310285,2.61693935198257
2.86411782461179,3.1126248124032,2.95609698198781
3.04040370634711,3.20402456255472,3.06863774652804
3.20949312395172,3.38991952086601,3.2483401747101
3.55204009011869,3.72813540763096,3.61137672302646
3.57022697498265,3.77579236454404,3.57448598547331
3.57356181233148,3.7092596145522,3.60752323033974
0.875001084601391,0.880913067677415,0.743101770201826
0.893209549948013,0.901801066059351,0.772863015722104
0.831986173092545,0.838334064450939,0.697839818099643
0.869389370220694,0.86695310122465,0.731760260151253
0.781838879798941,0.789172275964398,0.652922576105578
0.835810996991499,0.848159895076736,0.713757068013532
0.80079223098149,0.811158685805461,0.686437022880573
0.828843569365943,0.843928110608549,0.752069678215682
0.798947000840639,0.812474067939552,0.725724912732264
1.30689058093872,1.32436991261805,1.28942933463759
1.35348203487411,1.35264143930018,1.29018723335176
1.30517068009161,1.31144409361737,1.28539919260407
0.957535961035438,0.967824786883914,0.876663907151863
1.48126200395726,1.4284944375078,1.39080682996359
1.4320824199376,1.46448634161922,1.41807403956278
1.43212105736286,1.47058769298891,1.39933639661576
0.708496903524353,0.709834082715691,0.580762108721943
0.70955419853089,0.714298050687473,0.595405591810318
0.683395241209071,0.673668436998049,0.555661228973218
0.719196597051878,0.703250611708682,0.593966631614211
0.648128198008275,0.630544096929948,0.526545421133353
0.637447776931136,0.62371222290046,0.532947255119899
0.673448695819383,0.634008656675261,0.544787053718773
0.713476715072588,0.667751444144454,0.593162288452867
0.755135500783771,0.708924315987669,0.619500589109841
0.698426290901227,0.632053109496172,0.567953887120499
1.14546047852558,0.71818925935476,0.657952111343482
1.03476288178812,0.688406947891766,0.658017531196798
1.59553457874186,1.30078516944908,1.25823558390237
1.63271023901062,1.26430228091658,1.27000767815617
1.58264472102484,1.24175601492237,1.24484422802536
1.18353680453598,0.694453449036814,0.663018563667807
1.71788451134725,1.25384680549076,1.26690830525481
1.75286069565141,1.25197314552458,1.27439976056524
1.72481919373105,1.30036528041118,1.23257178530953
0.673923697381747,0.657370866190332,0.553136274626235
0.670462819980062,0.654381128367926,0.565003822835218
0.737022264456959,0.723132651577437,0.609567374670531
0.785795545883799,0.765516677936778,0.650947998875664
0.78646625856323,0.775683853775319,0.663800111837534
0.799726999156513,0.779788491449164,0.696886697336342
0.906831740871435,0.881455601481361,0.782197544947263
0.940009357504393,0.926389798912523,0.823296035556358
1.13045236889212,0.97517409763523,1.10104564822007
1.11434026351885,0.95233785917537,1.02530009716695
1.34797601425653,1.05566258551734,1.28198661001796
1.42861378493521,1.19945678656401,1.36770677210329
1.58315878481565,1.40817230455694,1.47418560503995
1.69430113724218,1.32082484083477,1.68969192866994
0.775929760128385,0.781495445659011,0.651554243361476
0.795419881416613,0.807982650115796,0.684119815084632
0.782515047772746,0.795410698822585,0.652357839089384
0.817670873720422,0.819238288373761,0.681406622000175
0.787026005005058,0.817512894269987,0.666207065304699
0.841076977396804,0.876846577817761,0.724114800939297
0.858642750312565,0.883608851252806,0.747708856896342
1.30284002223145,1.31367958873461,1.23005916555386
1.25092813800399,1.25121770852038,1.24363070024107
1.4138777160126,1.45920169784534,1.28857030067236
1.8527423983289,1.88955191116104,1.74998598887681
0.716435097534983,0.754650212141435,0.616078059086442
0.747964912715875,0.791798699301497,0.661261929774721
0.654171790282535,0.68666270792777,0.564270566705867
0.662220105353831,0.696684067314074,0.577265415617787
0.607962012810982,0.640152052853856,0.537615415220426
0.638986778194321,0.678138345339927,0.581256321597548
0.585669207626935,0.608704438082001,0.532272427803291
0.635045770177467,0.626433260009539,0.557973636957745
0.631575444129777,0.644686371776245,0.579847546383679
0.61357913178282,0.638983441830295,0.558119838415795
0.715995821938447,0.718995116445386,0.61191788757866
0.711336457442909,0.682390229253781,0.635224213784247
1.30705494906791,1.23611014714415,1.26112754617543
1.25971927262857,1.27690402705163,1.22326722754658
1.29928756092954,1.26972187508327,1.22607408520219
0.76122689862421,0.762704792279012,0.683211308091178
1.31566468342036,1.31189501797934,1.29978068836583
1.34482655327721,1.32735322785422,1.25738426808652
1.32742754773026,1.31989456141651,1.26843494204033
0.598509922427394,0.628761919828634,0.525929220791662
0.623438978410265,0.65396167382883,0.556194622835568
0.611034109986717,0.630912027331447,0.524566163886411
0.634960169889387,0.656716278877691,0.55506272343389
0.628660401681586,0.641543948193622,0.531621115711617
0.623384420515787,0.637694144525941,0.544807051953309
0.681964447501868,0.67385685372426,0.570078105970674
0.746188443247371,0.736624834699853,0.622764610744086
0.73653185195849,0.729652439128637,0.616998010826539
0.685834714786816,0.66233978628311,0.588467718225389
0.719034412305641,0.700798991128337,0.645888838075062
0.806674576583395,0.779105684656818,0.692902738748706
1.38601644867761,1.33786607749628,1.26539974549909
1.32090636520221,1.30363340380934,1.25743450012517
1.32677623789407,1.34220338655281,1.28768824635333
0.733576295969431,0.704916012192069,0.665099846142896
1.28126784099116,1.28717494155711,1.25260119861968
1.29247665133969,1.27481051875824,1.26448953335933
1.26919022830232,1.26515202294438,1.25211107765143
0.663137713855644,0.682836711154787,0.548672783835564
0.686080742782837,0.700804708160679,0.567999899941917
0.701686802896633,0.727022462102912,0.583113702142229
0.727279946962963,0.750319830418614,0.621736198216517
0.745097839915505,0.778840992333658,0.609419223168144
0.781480344842046,0.813411530652801,0.63445100707204
0.819602530035178,0.869663988652281,0.691140667315889
0.847043413542955,0.9280292116959,0.749879082377518
0.886084602153807,0.997364253497428,0.845890153073982
0.891440075325665,1.03889181351774,0.891082630790658
0.933084950237592,1.64521638660405,1.33019868135617
1.0134328083365,1.51762708098878,1.12350680000829
0.727654409644325,0.761494003525749,0.588921340534265
0.77563486579254,0.796500471860285,0.613219643637114
0.695012682224332,0.743556127130627,0.587036358342052
0.698920164972813,0.755108238680311,0.617020188398487
0.700844932556962,0.755263587659372,0.600780825845082
0.753541426781878,0.812777600295732,0.649124866198507
0.735141802737379,0.798584854627096,0.667950482547379
1.11513006917714,1.17952751059714,0.91456015069589
0.998771092646004,1.08272556384866,0.936212388071603
1.17670248280296,1.44096149045004,1.05154679343826
1.83746851897772,2.18487603412279,1.68495097235423
1.90582345596789,2.10398874269797,1.62179867031926
2.45073913279886,2.42317901847308,2.04250906645899
2.41797760845936,2.6652578650952,1.99910906083164
0.679788449386183,0.726012044057878,0.57591852303674
0.73932866336626,0.785600460933751,0.637696360785829
0.63620605412271,0.677833926686537,0.541621318930865
0.640076315307661,0.673800332269272,0.551245991214912
0.633573477088718,0.679406744136123,0.553398312425315
0.655991641850338,0.712369209317012,0.594616164897659
0.61519962858317,0.647805274522264,0.557172272020613
0.649869109219028,0.66003166056359,0.584369363935111
0.671468695798245,0.725742922697429,0.644479543857139
1.26811612839021,1.28329982734318,1.26191439470469
1.21202351284607,1.30124860263515,1.21353520102446
1.26149377102797,1.25896905423579,1.2427737124055
0.60458972074927,0.640077918601586,0.576972565620026
0.672007154163781,0.73566096289813,0.687114715635829
0.662480622757825,0.707425759135646,0.64916755162897
0.667012583673184,0.685183869239011,0.65419785925177
1.25824647422524,1.27451623671628,1.2338416538311
1.2483438090157,1.24677423523205,1.26797987445624
1.25201815207022,1.2664636906822,1.25145066193712
0.674272907574719,0.729573785803307,0.572460093733986
0.720644776366305,0.793554402489611,0.632346307775609
0.689966609112813,0.736479963868657,0.557153801089335
0.698566452285676,0.737477874345537,0.568225892280066
0.729785591313057,0.771527111239239,0.567038144947304
0.757928064708331,0.798994388021458,0.609681916959088
0.763377398045771,0.798750375387534,0.593755429428934
0.78565988674288,0.815309113335012,0.64920104925281
0.790592339199715,0.831827738645772,0.630130472436814
0.845942031423986,0.87159005340955,0.650354161469264
1.03067038047007,1.11626790307257,0.953832113963601
1.07652414754604,1.12235241674172,1.10838777535471
1.29948996276787,1.38972441473083,1.53382282752367
1.17653166109703,1.23045875188578,1.21227182133803
0.750094727709269,0.789337099955783,0.567023564547515
0.796839343753539,0.828500056140876,0.604361510385948
0.756462116185306,0.790242281430864,0.567245738045978
0.769943557184078,0.800632827913653,0.585036677365531
0.79280850049373,0.809369592248681,0.58950795825134
0.839407337785687,0.843702012143136,0.621566835085243
0.868791547960693,0.866021814376467,0.641042276229557
1.17926330147679,1.12527641460357,0.935650992372206
1.35022912238864,1.33904160040422,1.07335562893988
1.33271170741373,1.33739103555561,1.04215208277979
2.0036078166926,1.93600568794601,1.72997859903076
1.97080539113696,2.03792205983397,1.7087191848638
0.776185159747513,0.798659135932302,0.596718970193511
0.823243660108641,0.846175220636735,0.652869573001073
0.749126482387529,0.782539525018241,0.590223149563749
0.755928971410929,0.790462155400033,0.605728334725781
0.744020286109691,0.781523470832878,0.614792011450903
0.786618197568019,0.808428851254804,0.658965876578518
0.726884902939826,0.785242356042228,0.674304087838149
0.750597207142255,0.826394538467797,0.743237666886498
0.816441892188424,0.825037033463767,0.7570503287844
0.818830335684598,0.799924755887195,0.791488959311639
1.16569617378026,0.875801057077881,1.35652268525433
1.16916784605824,0.881146930235523,1.45469739511574
0.981246892230399,0.826361382931384,0.911825249979194
1.33554161614208,0.911887888412943,1.58607499696661
1.3162013136152,0.891085466468172,1.49285892056333
1.00900013546726,0.902155044941644,0.842124435960504
1.15511090961562,1.05954889199203,1.27461729887839
1.24339552294607,0.827434737883861,1.13276734437463
1.8141878803747,0.748253154529465,2.07020290932704
2.0222878414259,0.736787008819055,2.49163237732734
2.13598735619224,0.739941648021188,2.5083431773592
1.23412553400348,0.943994628780247,1.12205298044283
1.24692927415748,1.09577730992059,1.36783779265755
1.443688645176,0.891370122815791,1.4303271463009
0.745211199338997,0.785173555573974,0.606406427333249
0.787631766860321,0.83095073229817,0.653889532237724
0.731508403455993,0.770164849423412,0.594175929788809
0.739807019495639,0.781486616368812,0.608790630887598
0.745442874299815,0.774956137168839,0.609067794548137
0.761047454423382,0.808102908752271,0.654025339842244
0.760316878664453,0.781335111989264,0.657328892125332
0.796118477668152,0.77159374772841,0.660165729947842
0.816588715288663,0.82741976581486,0.716759126997991
0.749788029795562,0.842777487476732,0.734074728260194
0.89959670994656,0.945818562092991,0.826106537312733
0.921497484723097,0.845810969504393,0.931514858288804
0.850038904624594,1.05786810689028,0.907486908804786
1.09474578959085,1.18110108138672,1.1520485225845
1.07930216357849,1.26251809217671,1.07953812189298
0.796971743454214,1.0844863421043,0.936537719604725
0.873277532742225,1.12954387181069,0.941503973284915
0.870530724077636,1.20244266852293,1.08136894313311
1.09443938100265,1.41525043709003,1.24153524426437
1.1118861073329,1.4258806642698,1.21004983146516
1.30938962269679,1.63778210390957,1.43931648441863
0.93418595486959,1.28545973354502,1.17286334602787
0.863510490184724,1.26486069176616,1.12715909563293
1.11606524741449,1.46099054505676,1.34791911985989
0.771611264347128,0.773128357598749,0.587546532133913
0.81122739162327,0.806556724611617,0.629145490639235
0.78264589307443,0.767974539403719,0.567090668675959
0.791315374192803,0.779353283669128,0.581195584719705
0.817505114644146,0.778359152536301,0.568984050634331
0.854548421669804,0.807250393213569,0.602724499266832
0.898823006684308,0.818481453282146,0.607150420977514
1.2124667456919,0.894926149693632,0.688523566587213
1.22555928850801,0.877738771830677,0.668378446444057
1.17493799255614,0.919829110347039,0.673000182874587
1.80961254097561,1.48699702275543,1.02262539121639
1.64786416372566,1.59822727711916,1.15995208087889
2.14851314022422,2.13281046752067,1.71425983188729
2.11827801207709,2.12941017931737,1.69426698237618
2.13587793350369,2.15689611513943,1.70768679735985
1.74575681168563,1.44352755969549,1.06688896653019
2.23141413045406,1.97715378019499,1.62986164533696
2.26459108205165,1.98845032614665,1.61292541977574
2.22250656330239,2.00266005645563,1.62329545159524
0.798631529340163,0.775228347043824,0.560660770871464
0.82097903921643,0.805079888541127,0.591691671707385
0.788676190066969,0.76674777902878,0.556476349891389
0.800070285773573,0.770609298695142,0.575534066250931
0.789625331950131,0.783574154732652,0.563274809553614
0.822572789579696,0.811799399645164,0.59007259834406
0.813574590405504,0.817288702096013,0.600069636544693
1.04926694781194,1.36550305190192,0.881691786573168
1.18242276621575,1.16259024709418,0.790927609698434
1.34167602890762,1.17306220708681,0.986597478553621
1.60026535043371,1.60166733626906,1.39646466008232
2.09689596095928,1.99785849299412,1.70620297614012
1.74950903440494,1.56885773935331,1.38203133312117
2.40883576158092,2.29102868552195,2.03104377684593
1.7922475413757,1.66644580481382,1.63970524893859
2.42676775183822,2.22600866143138,1.82817592063046
2.74847690113322,2.54093293913676,2.21537631932472
2.99550740554363,2.78820203256305,2.2697042149745
2.83616089463608,2.61370471922736,1.94003663307907
3.16001749689459,2.92677576771167,2.23098633138112
3.16653753365419,2.96846010479861,2.2560321496536
3.15628065701791,2.93093820322156,2.26133399055768
0.775852874793349,0.787270324951837,0.567674084660955
0.800350411697566,0.810177638248895,0.59926228187688
0.770168484385826,0.788940507575369,0.570318710699032
0.789478075993779,0.801917850132911,0.589903614473287
0.772061719002401,0.80629329284459,0.582629601560252
0.78739850497648,0.830077129604811,0.601237132585815
0.805562921638769,0.84046536406287,0.6177709382859
0.84435451991268,0.877132028944853,0.657005556520365
0.834566812582668,0.853333330945667,0.654390116855657
0.852212294754526,0.894202663174443,0.646258603892616
0.922403540744041,0.95775912305754,0.724620052512956
0.901133202257176,0.929469422702598,0.708531188099675
0.903729663732244,0.964888484086572,0.682002572980624
1.08685476380819,1.08797035571655,0.77031034506529
1.05766850035435,1.08225373362358,0.777269267300993
0.982105691419249,1.00177914038602,0.705867083749816
1.14415742980271,1.09287709316303,0.776895523124094
1.18899968019651,1.09722362807121,0.761246970660383
1.08054818269555,1.10222841065054,0.752670877177904
1.46247686193449,1.5005150158284,1.23891497808939
1.50333818899862,1.49918574960343,1.25465993653832
1.49909712862926,1.49865762766981,1.23627159156354
0.773019059114664,0.8095121135371,0.589588329363461
0.787613572690351,0.83365042876556,0.620107138114952
0.786798781719543,0.814419088910835,0.593649446116942
0.809919306247081,0.823150379034403,0.609905102443326
0.793133440991189,0.843377542497324,0.613546528372556
0.819401784775134,0.87774374577517,0.656570958501541
0.863475705196974,0.882490793256545,0.656743904749241
1.07913205153124,0.927556388132385,0.736450230465646
1.13111527818579,0.976761837246582,0.770906551485329
1.16278120830697,0.977280681748257,0.770722873044199
1.70986287835647,1.10352564024106,0.9404369902322
1.39949500358575,1.15318296071776,0.962971167310292
1.85603672424682,1.61281953407958,1.49839163556957
1.86182437370765,1.62962338912142,1.45384247034946
1.87139760831169,1.60616319665929,1.49375831150742
1.6646805883592,1.22897204260845,1.07571956978522
2.15155249770423,1.66007885202418,1.57318820539217
2.08488335739559,1.69685542961767,1.58099962417161
2.17452798451823,1.69754274310205,1.57716752520274
0.76472319715622,0.839924506055135,0.594832981326344
0.785283774471769,0.876291573140307,0.629288866473949
0.766481292894467,0.823034763928481,0.575398968288478
0.793299104895258,0.827742928301575,0.587676677850697
0.780659726367998,0.832837874406993,0.575091454663896
0.82080304729498,0.876497608817415,0.606604051399328
0.877084797186014,0.858116941914571,0.584620587177099
1.5708408864466,0.870699528963697,0.620403310642318
1.41721809673917,0.964574250850168,0.657223171309857
1.95459506758494,1.46126989011697,1.21211695014853
2.02043819866767,1.3944748003411,1.24705360069525
1.93540330695198,1.47463656481423,1.2691591673158
1.40751384871351,0.936489421240497,0.611751297006592
2.04599021462702,1.42810792060997,1.2301110805182
1.90886421778335,1.38213588337784,1.20732337440573
1.94572081046658,1.44914666313349,1.20422586831311
0.753699661285648,0.816128808298605,0.578807510029358
0.780955725799407,0.854414682252258,0.621213664806778
0.745977082475926,0.793636191766751,0.574836519091328
0.782857952133548,0.811899192061365,0.597517830502994
0.757529360088778,0.791493602881038,0.590236941782587
0.788592646538387,0.833922826402359,0.621981325706742
0.804421790306946,0.791276760602843,0.621441792161823
0.847676595023861,0.809521138430132,0.652721936063493
0.876137715585386,0.854597882844488,0.700648475332042
0.84038152450901,0.813905767001597,0.644231904309526
0.990681808522769,0.883325572479925,0.68371562952843
0.759533815619327,0.80847977591582,0.611801782759275
0.824103312206801,0.853494231880769,0.669229283638166
0.760672632413387,0.835958947992811,0.635172045554466
0.796445356592169,0.874706197629256,0.681076928206589
0.784302734912538,0.870716611952103,0.657005719068872
0.829525715966073,0.913453077760366,0.706169386198495
0.841414262862262,0.897262673204579,0.664790791686327
0.891660771992143,1.15393936628264,0.720217519979305
0.88791359557246,1.25934327461489,0.694261498493249
1.13243156488414,1.45539997741982,0.905673331499263
0.93406487598199,1.11010253729945,0.70898285020052
1.44143493735485,1.59100049351413,1.27418086746682
1.40212614916553,1.62268048252213,1.25048848430449
1.41417854781791,1.65269749811212,1.29326254825831
0.789418504955711,0.903977199171118,0.704932153901522
0.876669454541098,1.02538253434597,0.884844016302643
0.773801581011998,0.881057006481018,0.648977806036739
0.798444870928468,0.90295727149282,0.674037107462366
0.810294027858882,0.908835614503194,0.686549688673479
0.844062672395783,0.944241264371217,0.736774753569793
0.873276918667008,0.985801255632892,0.753778798500882
0.841408093936866,0.899573621665673,0.685765506429888
0.929240377070426,0.95011270819557,0.788072726834439
0.866179063793961,0.936358046359885,0.697098496576661
0.891942655030464,0.988400218450151,0.745345829142641
0.936539679744285,0.985514583701536,0.748766818167962
0.98493132725512,1.04129258517877,0.806368542247792
1.05883579347869,1.08292463963886,0.842744079154984
1.12647014638691,1.24462303284673,0.917471499246316
1.19844291198333,1.30914531804635,0.964786826965792
1.14827867941837,1.1940145082814,0.93826723320322
1.45970045599856,1.46091160401447,1.3598714867392
1.64643100267428,1.62652731529476,1.46895612504381
1.50501040791156,1.55254686301911,1.42897494621386
1.90353499384164,2.13024471502595,2.07664019747308
2.15311649729117,2.12014559778753,2.09238953465281
2.24077229422873,2.43954497002928,2.29347326507812
2.78969281793091,2.5928136021202,2.73932764208827
0.922034364512269,0.968908554149183,0.749730510443679
1.03283579114634,1.10682003574606,0.877080062991394
0.862404144095759,0.918513327114224,0.700502669510125
0.88991407154791,0.979680123365974,0.734384338413697
0.848606942856429,0.907545021671188,0.710167793839997
0.907273990103233,0.962090420951518,0.778297464538943
0.858783193083018,0.899021134751173,0.715064266852214
0.907931150226173,0.98186394221265,0.778714931954347
0.942445049609172,0.961718064834947,0.774979225432752
0.807132430567491,0.818232895154768,0.664624103431916
0.866779497412092,0.844985073435182,0.685213987255814
0.976391707322365,0.957733871135226,0.755998644317815
0.849869661903983,0.834263476533823,0.689580688392705
0.901936263656126,0.917358254037144,0.745991868960124
0.795500528748184,0.81666391387896,0.669667914044568
0.78020972439227,0.81552076957205,0.6615649378641
0.833837324889141,0.933033029055524,0.734013165490483
0.898747543674941,1.02022782315576,0.798877424235941
0.898981157384397,1.03310282649993,0.792548772460174
1.01185742144559,1.18784984879486,0.898577520111357
0.848606003541009,0.915371742211141,0.734422786047669
0.927321543455115,0.993761499743131,0.817594932775955
0.896829789653348,1.01908651117925,0.78888386055086
0.998666721049182,1.15717656679829,0.88963619823893
0.837756299116606,0.905588942680634,0.687070345961135
0.905033135715908,0.993748748846759,0.728374068374889
0.840029236189606,0.863583160687089,0.672840134320486
0.888351874996601,0.86904657555159,0.711223525574767
0.873116649163422,0.886176222009261,0.658657734768402
0.905324427310176,0.92652646492514,0.69405105294244
0.931967759453783,0.92592385418211,0.663920172413611
1.30065870872745,1.15690898583954,0.806727964099392
1.09130039120868,1.07429457815344,0.797587785419292
1.38876447319188,1.22201241973537,0.878066513973135
1.14602587561714,1.02755737987415,0.805544115829243
1.63952214211502,1.54178509467433,1.36077236182458
1.65310227517379,1.45223783196436,1.34118067307288
1.64392241483061,1.55530558444273,1.39139113849635
0.963629705139398,0.980815963420893,0.708427501845315
1.06393284814935,1.09799264255671,0.803885142112508
1.00467697081671,1.04770742920608,0.756951980140867
1.00063833890346,1.0674326722262,0.793115967437944
1.1197716484429,1.19940393403366,0.881025974950329
1.1931060528577,1.29892133241285,0.952560048557596
1.20743199937419,1.38824357882057,1.11087132928617
1.27015135495152,1.43940791638839,1.22861378437314
1.36626804611318,1.60651210081093,1.30113975021957
1.3373513658644,1.54782980258861,1.26228572585983
1.58079529828909,1.85206782590467,1.54730092120367
1.51696799771965,1.89237993741956,1.54915533865245
1.42038862105948,1.42435454149152,1.20275114577183
1.8629720182912,1.84223759189957,1.68529738513087
1.87216679758704,1.84324570461542,1.67245017486463
1.15231497335358,1.19333016375332,0.850552446994248
1.29015671890349,1.29356320245775,0.940253723861674
1.0867053729519,1.18120909480139,0.806944076261163
1.0629225493093,1.19773742151345,0.832653291597644
1.11883552906006,1.26551459676323,0.820529506277618
1.20803922381096,1.36564496199116,0.89764815225963
1.1184364809098,1.31798271414226,0.862100741235791
1.52908629129744,1.71128584658208,1.3477838263711
1.56191586891599,1.69482747160952,1.40180413960646
1.51375830737956,1.67762667389818,1.34967631463573
1.12085021433247,1.28134030505436,0.796755741555184
1.21834458373324,1.41594615431181,0.884541176941015
1.09608321087545,1.23975736625787,0.812808007794887
1.12039020437153,1.24287386735055,0.915889511268854
1.11893152911326,1.28027707854084,0.793926398821502
1.15895487763437,1.38756481238695,0.833841631775657
1.09070401580863,1.24911658050771,0.760857469416713
1.52156783977729,1.59281470026136,0.794631953045045
1.60599232574351,1.66596849543481,0.808638057593046
2.12159998165876,2.10527214255086,1.33496111451501
2.10699481201542,2.12224065355481,1.33352777996212
2.10205801924247,2.12037743005028,1.33199121751789
1.41921328280286,1.39189692465838,0.812700748518355
1.88772637212886,2.01410326379915,0.938217003578199
1.98774003740287,2.01662728906275,0.923928576217682
1.39675590496559,1.32300253890969,0.845451538477984
1.76145056087975,1.79056093082237,1.36881482572995
1.76907198796593,1.75852860655779,1.34648056248545
1.75436314704975,1.78024072149341,1.36017082855417
1.18042156945619,1.28661709266488,0.829361461774788
1.22065530547138,1.32956382448412,0.876866952063453
1.2480307676833,1.30865162542298,0.870443871044673
1.27335835712787,1.35017476361505,0.891218243348887
1.33610071211658,1.34015005001486,0.956460753167444
1.38425633108629,1.38108707243689,1.00659322380176
1.46061255195336,1.45495992175922,1.12299244100776
1.69844755970122,1.68096350465905,1.343438130022
1.86027217758782,1.75674477512334,1.46668636351389
1.95500124074737,1.76041717236711,1.64418435708816
2.22227112883282,2.05188067245022,1.94269127618082
1.32785629107183,1.30880143652886,0.959095907536231
1.29850731539238,1.29572121684096,0.942267144267518
1.39631112046059,1.34583484582052,1.05918046502628
1.4703996982549,1.40905601636228,1.11857081087788
1.41235103073797,1.33054384564923,1.18073573565887
1.37653827962878,1.27078741672903,1.32669274074276
1.57001842773192,1.45984986583183,1.51300382197938
2.05708483341078,1.72298177883392,1.9592074570705
1.78374558499179,1.70948336417541,2.03018282484048
1.96469937144863,1.67385509462187,1.86220701040095
2.54022483910815,2.18703534456632,2.48193908989331
2.53300787220512,2.16864449142584,2.41098168447358
1.40528536731576,1.34538029046771,1.0646199907911
1.36599120414231,1.30624945893153,1.12360544978889
1.4844608523638,1.45543549363246,1.04387725446979
1.55307293939528,1.52184112816626,1.12129263658419
1.51457889122903,1.52886242001171,1.07368444649163
1.54014408594702,1.55820248763463,1.15450744770369
1.67665647369085,1.7403887461336,1.25144565767019
1.9936516566343,2.22312464200632,1.5726393698642
1.91352232824457,1.91221373632894,1.65421719139735
2.25185764885721,2.17648892954395,1.67067819118586
2.60440886688591,2.5140028613679,1.97397703594237
1.42772004231807,1.44604858957136,1.00258585412297
1.42158303787939,1.4577416486012,1.0309188502252
1.39125033408582,1.40650422637138,0.957409640008555
1.44146818464448,1.44898098042903,0.998296756991231
1.3272810031141,1.35040357815753,0.910791856731335
1.38094458599095,1.43971952598632,0.952519048306163
1.35922907251162,1.41799487233209,0.934430331467762
1.40076999942381,1.46532466719612,0.974223803180827
1.36085643112484,1.49382205283291,0.953338184080802
1.71829781021632,1.8730732728689,1.42339093138557
1.73827470028974,1.87786720005436,1.42944652004962
1.72998760434248,1.83171963973739,1.4308805530719
1.54522898221146,1.66775362837387,1.11051135190934
1.91477153406575,2.03368624364037,1.56823918809797
1.90525692196545,2.0637034088648,1.57352895742608
1.9301976387222,2.02509154964863,1.55848336462389
1.21305184376639,1.18094238341633,0.854554706064047
1.19438391353017,1.15939458549118,0.86641225385732
1.1716718122925,1.10754821901523,0.840615169873535
1.22319017225079,1.16744528047711,0.874385889685109
1.09900954346752,0.999927982048334,0.826666039072763
1.07423099733652,0.979785266792082,0.833652135447946
1.13300072548995,1.0167644640225,0.875153898894892
1.58788006912026,1.45814910411592,1.34662961760169
1.5231357305314,1.47368449791131,1.39462274536556
1.53916993878746,1.4575132610729,1.36892430127613
1.09202695429673,1.01657064233188,0.832869420410283
1.05834076095525,0.993899013324187,0.838222659799021
1.16933523155761,1.12165668431123,0.877410066542026
1.22983852977649,1.18377345447521,0.917717964210184
1.20601010820497,1.19829787253058,0.915161986309772
1.18638895775111,1.17875820767557,0.933341739506463
1.3361516180947,1.34806729483275,1.02790868861251
1.58178381214981,1.61031141513879,1.29684332436282
1.62626716292709,1.51932403640031,1.36137937335567
1.82379628627397,1.91273326671322,1.52343314726127
2.42644021195476,2.52873952739851,2.11768834895639
2.3047240005099,2.44495152824176,2.07370552682299
2.4583696655717,2.63137534042859,2.27643106788288
2.84585941432763,2.98969608552262,2.60180604355123
1.19854983564418,1.23476497964562,0.897251856854464
1.19380504383775,1.26576550124979,0.911122197607249
1.24025609000971,1.28601656528532,0.905891982555769
1.28254568697787,1.31582093502929,0.935300443929093
1.26939680646904,1.35000222147727,0.923464882396568
1.32324197364488,1.45682182699304,0.975820936811955
1.38205643523285,1.48232104897936,1.01110569458085
1.61369776170118,1.67970047859152,1.35772592594511
1.65231581160339,1.88058068613285,1.45906206310927
1.82443911851256,1.86673731461309,1.47890175311607
2.4588187157236,2.45148525480352,2.22497598376117
2.21069937470545,2.11206902598707,1.90768462308867
2.13458818150304,2.42048373536878,1.77173204981283
2.65184715593758,2.98174335782404,2.40020545348329
2.63647574560857,2.94711732670695,2.22201590589461
1.19124382519339,1.23548185395281,0.867010212736791
1.21761665515132,1.29635757051044,0.896617302409878
1.12736411554899,1.10561395160281,0.824761480237228
1.13969328117002,1.09880712386393,0.835615437848691
1.07877183847802,1.0223074657057,0.804699018647954
1.12998940368613,1.09176309022164,0.847342265890084
1.0695224700973,0.945268886761757,0.801385635859482
1.06937415281943,0.963256633697024,0.822268030727442
1.07565607235301,0.946938113434244,0.860822904158173
1.5018713480607,1.37562941394431,1.3572035858459
1.50767365349553,1.42460692092102,1.34391524604623
1.48234387305831,1.43915121989319,1.39717298044426
1.16434027764955,1.01585613281896,0.868632027133525
1.27932619546844,1.11605593808049,1.00443758217969
1.29666880515781,1.18642529809973,0.994929533335116
1.3108871521377,1.17755503019446,0.981539943544339
1.70922409156997,1.62027080495736,1.47113805875142
1.73385046263548,1.63818096596008,1.48464346098037
1.74973517992724,1.64252268847112,1.46585104581869
1.03311239762566,1.01925959506823,0.792358476248885
1.0591095331211,1.07966788760658,0.833573928936567
1.01600945876153,1.01289273364762,0.783026881270056
1.0373400854178,1.00573769366857,0.795322257509407
1.01697114849184,1.07880674609844,0.804827411419494
1.01413347317546,1.08821609640922,0.835089801044798
1.05846308065678,1.09341539105807,0.853449766603597
1.51599581170317,1.46660186202511,1.37124060896634
1.50423238040439,1.57751183650904,1.30789355751822
1.47057133834427,1.50095222844019,1.39886836215633
1.06729874380436,1.2214316394233,0.827891325646856
1.10294731686547,1.31812348019763,0.872024063625808
1.12689542521263,1.29269639060892,0.849473865355999
1.1507536952423,1.26721426658277,0.864018895613134
1.21045056711817,1.46427655882337,0.90391273705149
1.2362411189155,1.5330373725229,0.941780336336993
1.32121300066079,1.57268663896461,0.98483607358026
1.43720055161535,1.79676629295815,1.14875459771976
1.50142699319516,1.86214056838174,1.31287545598452
1.63425087631893,1.98588996604959,1.37206706133604
2.00280949491084,2.42039726982639,1.86865246619934
2.0011854086526,2.50251484255044,1.78711950357534
2.0555960109686,2.31671628253529,1.88071863039797
2.36330210884373,2.67877393915239,2.29407329323778
2.47350202308295,2.63323118904777,2.38204691313338
2.71219770462183,2.89120378814812,2.51542445692672
3.0544656830588,3.24428162244491,2.94763292310016
3.11901576352874,3.24890926619325,2.92535055672871
3.3033490798094,3.45894273057849,3.09537326439016
3.65277293972163,3.82059519397893,3.43107161891337
3.62225963068703,3.74461152113089,3.43428049877956
3.60573462149131,3.75707972653157,3.43236414059961
1.23041057919464,1.53238192069094,0.920369777612081
1.29178226393847,1.65650504112642,0.985079226325972
1.22427477633285,1.48867322155762,0.907484103468012
1.21632812822394,1.42389095773828,0.896424327411755
1.28502380024266,1.57951866972218,0.958843347726269
1.37458935310429,1.72385908156093,1.03308579561279
1.33734061504722,1.55107118757836,1.00366220529256
1.64367262079534,1.51538327783096,1.17406212872974
1.55275981000102,1.79423859215575,1.24654665426141
1.67278110598331,2.11341045472179,1.30263787727339
2.28028298613052,2.73564982169983,1.73782744027681
2.17654481788321,2.51147859623956,1.63998990729805
2.50152448644135,2.60429891289259,1.77219659718967
2.61537635136008,3.02832639156524,2.02952772128819
1.26176805886922,1.58750490795432,0.95722530280515
1.37783229878243,1.75302011786102,1.06715394744722
1.16133284295635,1.45758245607804,0.89738662671894
1.12361538547716,1.36916800727351,0.880789208742319
1.16082006978744,1.50501738024695,0.915615191580703
1.24803174348624,1.63164006149719,0.985008876763622
1.12434628028497,1.40905328608663,0.914860900830062
1.07983297960888,1.29314244474385,0.897560604266856
1.16949248289189,1.51388764135301,0.982328738000578
1.18033973531766,1.43287780971529,0.960235436208471
1.39356069272308,1.78537102224535,1.3233692192489
1.18251095429649,1.28615260155114,1.05802359891249
1.25917170882379,1.34585271159703,1.36290500673301
1.22534039813514,1.31151128946421,1.08797416886208
1.14789518897609,1.54350820205353,0.910047207441862
1.19655790616172,1.64660789791977,0.979686036557642
1.14490549992804,1.52182622832947,0.891246304954055
1.18323886934494,1.51312551606908,0.919532412308542
1.16797208709393,1.57569854755201,0.910477900998943
1.1922908437502,1.56794890459806,0.931477134873026
1.33726501455819,1.83829015598445,1.04889625436875
1.62265897086964,1.92576705143574,1.13002976839124
1.47323220393943,1.89597291446857,1.11631551511376
1.65608950487294,2.03181623680247,1.2089095035481
2.06230771595905,2.30385913508767,1.64268572096969
1.98766462866026,2.39307198824458,1.66668701564168
2.34365395842091,2.37801864495096,1.76923488199216
2.74670043428818,2.75539830608515,2.30257693063583
2.78334722451008,2.75490500743055,2.30557724790255
3.04620956247,2.8936363197094,2.30188763041742
3.29113320643443,3.2448549739655,2.73221473699434
3.40668881765616,3.28585493458472,2.72426896903577
3.85742445737054,3.38586286400389,2.85350443273819
4.22454711272332,3.74007278221226,3.24467606321336
4.22897598890797,3.6913197971329,3.21021613841546
4.21770766770065,3.67899709233654,3.20590369557421
1.10692336657719,1.47283720631188,0.873958726410615
1.23400119021427,1.61915548931566,1.00312394318958
1.02147198780991,1.29943288723588,0.80198197305253
1.05141847116293,1.2761682038828,0.831301783602415
0.98476239381064,1.24225735352278,0.78792135630643
1.0303916162649,1.41819595615607,0.841414024384638
0.926036365021474,1.1847298440315,0.779239379511739
0.967652922668719,1.09129580811933,0.795265099859563
0.952166167963434,1.21582221102886,0.826054147603478
0.945880301591,1.38184657327762,0.81631665225331
1.03742459885322,1.54443380587947,0.847775767853973
0.986688594409708,1.30314240843191,0.869977602458462
1.47494474817971,1.63077789310744,1.37709617108671
1.44240154889339,1.67855022692188,1.36868506400427
1.44536287385587,1.69467780822796,1.37067172151856
1.06526347758126,1.70974081523886,0.909483107231375
1.49572282284886,2.09234218514044,1.40519427003167
1.56245057806474,2.08326151387189,1.40772867704957
1.51996469670168,2.08951525138386,1.39953875086687
1.05315974581184,1.14001335780728,0.806771973947291
1.11282663787379,1.08842757049766,0.914435989696039
1.1496546834678,1.335563913888,0.871800150287923
1.18834894468535,1.54291720174687,0.995621075131076
1.29193971929396,1.42936967774386,0.923618932940321
1.45310442074582,1.49056309452495,0.992687333441653
1.47451122201592,1.71376369640718,1.07430768871672
1.73611525652489,1.94139454997015,1.28594287404806
2.10106345031778,2.44341061110599,1.58505645839476
2.39633622344891,2.72260368635304,1.91064796390886
1.53397129308951,1.78459952383029,1.59246183244832
1.89405070597899,2.14384592457705,2.09542931731256
1.93949378772174,2.19497034935573,2.0409542597226
1.99599544590545,2.13999361017723,2.10023586431609
1.19478822176187,1.35791410464727,0.851636507079463
1.12113908261743,1.35306241191416,0.854500520802334
1.30177934699945,1.40243933083535,0.914445878219392
1.45379727968472,1.50530510454856,1.04647809659049
1.29703818082724,1.4054456477022,0.896307718944227
1.22359515873569,1.3962509297402,0.933712389184502
1.55537510329852,1.56617050249171,1.03820190448039
1.98432315598495,1.7647516916346,1.3598639374866
2.08153915131587,2.01326270207076,1.57167484214851
1.52699810247344,1.86304042214243,1.43980377136951
1.87212234111848,2.29251380810599,2.03390104527268
1.29959578428008,1.40769782350152,0.849820800042123
1.45872641115924,1.58322983371559,0.984421762168166
1.20520999973846,1.29021998696421,0.747025179811444
1.15491348258666,1.21651107482008,0.725240471149661
1.25030808410972,1.33273304234063,0.760697560325091
1.35991649809437,1.4557351364954,0.85443057448595
1.23907858056396,1.30117751557457,0.790557297514233
1.64501431437458,1.7784091161388,0.869287648912832
1.16112433085105,1.62721130565806,0.929850921767173
1.62117871104689,2.10880462824986,1.42609335591365
1.61127332996805,2.08235041266939,1.41526368869192
1.60766754312508,2.07761707733054,1.43712720564385
1.4818313677404,1.45087753965113,0.767797409261707
1.53935740671835,1.68053237752669,0.824130919313268
1.87415483608983,1.89942248208267,0.819322632941429
1.73499149526321,1.66162579999987,0.896577391365914
2.10544385243621,2.02439634806805,1.40618381828515
2.09672551169371,2.04068888870664,1.4080105887925
2.09138586899371,2.0471887872173,1.40732002275299
1.26233605890832,1.32100647124229,0.746593280917382
1.23624147714828,1.28091070883404,0.761472896181147
1.38052809512293,1.41947898819563,0.809985426573221
1.47358579712309,1.50882602479991,0.879995823204258
1.44805844343221,1.45399799219818,0.852154448922867
1.44121441661423,1.43795744826822,0.867410202618954
1.6457305416912,1.63616611394286,1.03579345807233
1.89004805077293,1.78241438790493,1.28758617519769
1.8676931416585,1.76618116514663,1.29255264769065
1.96074326554879,1.82430355149269,1.38165295062177
2.40639647052477,2.18482135916208,1.89676449579426
2.41694067807554,2.14613057523173,1.88593722504054
2.30189604682291,2.06133566518168,1.70208901410201
2.67654038919747,2.3869050353676,2.14198329255422
2.74571150797662,2.44030839349765,2.16531956309475
2.65490911626787,2.38575994851391,2.15642064376339
3.00103274084246,2.71255059855674,2.60647234271979
2.99344414869873,2.77725707344153,2.6272727587698
3.11558877744556,2.80252246933167,2.59380660897225
3.4479119222573,3.13082000958433,2.93474153051172
3.41020461144915,3.13094274340911,2.94270066382894
3.46800167713065,3.16191069289077,2.98052331578704
1.41834221510133,1.40050218170384,0.802282246248855
1.52898232381835,1.5784471419791,0.893778441758433
1.3629139143296,1.23018793413486,0.755357710448646
1.38423543471398,1.20489318259361,0.794406166970429
1.3418223276852,1.1364355113134,0.730772470084469
1.43258309820365,1.1857984383325,0.789115163970836
1.31240016117145,1.04043245120529,0.741693359040647
1.6802400479154,1.44706027245243,1.27966847617051
1.66969066511519,1.46027919412571,1.29435361881269
1.69851849312735,1.48034103201323,1.28214935037715
1.37551581173006,1.15829900696819,0.763426034505078
1.44474341600839,1.24805217018677,0.842326106484628
1.4007298650457,1.15492281592594,0.799660129331579
1.39766856895931,1.13564193554688,0.822356992521109
1.49077647257841,1.23709456547651,0.874237712081939
1.57155849498421,1.31741594707637,0.948110428505866
1.67812515297053,1.4158696210905,1.04204917431068
2.09509367124039,1.73066550604927,1.63588162949845
1.99268310673376,1.78989311709026,1.5461497372094
2.08304015300721,1.64677676566252,1.29337695870604
2.52770129895624,2.03642356217822,1.82023385903582
2.59883761434886,2.00579410196252,1.93859005261935
2.19149199432882,1.78336095294195,1.44189426199831
2.2841210645996,1.97841615306126,1.67907086992491
2.5784624129,2.06003752553252,1.98752028443517
2.82403745515082,2.23653375643205,2.31711987049621
2.78796791114709,2.2702578704785,2.30340809847143
1.39371575631117,1.13772146258556,0.811727760153214
1.34133111084597,1.10558992914003,0.824881741839111
1.43553194016443,1.16001541361101,0.829562484691945
1.52489079760253,1.22663564178642,0.904134292702777
1.41467408389873,1.14589126276774,0.821441108971766
1.34978597910609,1.07931257964414,0.800949155891824
1.44977317820494,1.15563801031248,0.886304726044548
1.65574127607559,1.25783159560825,1.02635051295111
1.68799371296421,1.23052556919071,1.02779086041861
1.46210367212843,1.12796498359091,1.02459988841288
2.03414582130329,1.39108726193599,1.63597133071639
1.84789261750928,1.30167022572064,1.5208804338161
2.29067748273268,1.71239152626531,2.02931913549275
2.32853019158391,1.77145699301327,2.04146547425989
2.29065940063183,1.72596011177128,2.03002903024405
1.68607168238261,1.16489729946776,1.31334488264785
2.11633743646574,1.6071778818011,1.79378706935006
2.1497767685017,1.62485581341168,1.83352745103215
2.08954099453457,1.60888167362732,1.85296318294166
1.56122979275558,1.29584833790148,0.914855490213128
1.72710469922746,1.44905046726927,1.04013481989535
1.57025419886626,1.31434716242254,0.940821041177876
1.48683254349371,1.2372776983103,0.909157733976416
1.76058286148279,1.50126947571029,1.08966615707697
1.77301157626102,1.51791429053062,1.14089488747197
1.86901563713702,1.60318798816453,1.16997286617313
1.89449211459672,1.61674297933015,1.18947093011726
1.91330458921167,1.63686122304186,1.25343585629834
2.07735102857802,1.79004531542379,1.32683316507858
2.14059112294251,1.86113566869584,1.39574330757777
2.26556526221702,1.95657171877708,1.48882094545797
2.27811757030134,1.96961266307758,1.5386990425975
2.56113948848925,2.21714315480737,1.77152170544528
2.68768487942177,2.51728657228415,2.10040201165171
2.8890617942133,2.57531793177456,2.11947142975679
2.95534961931676,2.45631500534724,2.25628628462266
3.14056536447404,2.65179797151208,2.53050240527128
2.26059628061029,1.9635889404379,1.45216750592704
2.42966674542776,2.15362239731197,1.6237217680633
2.11367799009239,1.82192099946568,1.31456576678954
2.02429503589605,1.73790198702997,1.2715693227838
2.12057264467292,1.84177951381008,1.30680853861228
2.28286292504373,2.00468073914728,1.43173359507437
2.03793345485947,1.77971159441829,1.29561906843751
1.90799880580426,2.051622230076,1.26107636929734
2.07645179765694,1.9698755560166,1.3711887071577
2.17421444528408,1.78041857230094,1.51255816931127
2.26619906116462,2.12096293045382,1.74602271315926
2.32786964992028,1.86043135079831,1.7870500150773
2.47433927787488,2.09599335865982,1.89421378172447
2.82102570774536,2.41025339780979,2.41089053787971
2.9731766684133,2.63974415898422,2.46003828163064
3.26850798857845,2.98038221859663,2.76702891277343
3.34322634716446,2.97873003038516,2.92694839003082
2.07743054346779,1.7942488201609,1.24849778984754
2.0401173376424,1.73871342458318,1.28708087802817
2.15000864649594,1.88172367194227,1.27555040309792
2.24260513111357,1.98500878247114,1.37803239932031
2.15831661030121,1.89166383416929,1.26176825530957
2.23892001243571,1.94894293943047,1.33731106497663
2.34027498053136,2.08161861609301,1.43567775715195
2.38277270974471,2.13638467913309,1.63698626211476
2.61146133908626,2.15512810394584,1.73264138513989
2.76489499941633,2.37069678856499,2.24238050727939
3.09998217437856,2.69903228834534,2.68096048531787
3.06529840234939,2.66727227027023,2.70197634463112
3.30016330316101,2.72893139197587,2.93669715889626
3.52556979391309,3.01052339955799,3.06551597965861
3.63029828770874,3.05359819343831,3.53549800046529
3.93284580770367,3.19475718473436,3.54845859086965
4.17244591544065,3.47521728271215,3.63079407211651
4.27612943616291,3.49115736482378,3.91719251707734
4.51899418572563,3.73781715908423,4.35995441181354
4.79747749093245,4.06925873651708,4.69463897699572
4.80582862291063,4.04731365391891,4.73462416913746
4.85132611235988,4.04477712044095,4.71035854686205
1.97246188171467,1.72547759751377,1.11470461584001
1.86818957938128,1.6421080655102,1.09720741704927
1.98170428997592,1.72728959040399,1.10158252428042
2.1226989318308,1.84023518867356,1.21432823615386
1.84645784896325,1.61490038493305,1.01477685937373
1.73624604177991,1.50988634886786,0.970500392316522
1.94806967447373,1.70542849777796,1.08771841210576
2.15265476501262,1.8835646964644,1.47594950586813
2.15845273214827,1.89542348263001,1.4495785944573
2.40655436504771,2.01280996774535,1.74895563443517
2.01268483323754,1.82965231792744,1.61050305903782
2.3690996238298,2.16462671776258,2.09652068194625
2.29222183080143,2.19962312200178,2.11927745527683
2.30222163463526,2.15903562167267,2.11186940836403
1.78975314696642,1.58898012188076,0.999320564327678
1.92277318391383,1.73380138122527,1.12242937139939
1.62686971863255,1.44087551034842,0.913271623193699
1.55788923820618,1.36365665843427,0.882377523025541
1.58370083676006,1.41405589778528,0.898546390307191
1.68902120470454,1.51158335791845,0.97064393922252
1.56976730536525,1.38797294064808,0.917298951826451
1.59056293889331,1.4214939694029,1.03724615962519
1.71796338216887,1.48913892085529,0.971172895489673
1.50111849879534,1.31547923065224,0.971463186182226
1.62176976886576,1.37412919380573,1.09128349446702
1.81495031309091,1.36669015118753,1.19729027322251
1.71248357276649,1.38005282726456,1.05622042054085
1.99278274663347,1.48948001580284,1.23636165703811
2.33169418820147,1.62930259962575,1.49425090813107
2.72445164733285,1.81177420550365,1.80391166923315
2.73522005988986,1.78325876015294,1.71914084507647
1.47494894663755,1.33278451525904,0.833037026645989
1.44549292092532,1.3122822455831,0.846061208258112
1.47037226058196,1.33614255800133,0.837798479163343
1.54437729466383,1.40572888886466,0.918271622875268
1.38385876526072,1.27517662358967,0.786463862818967
1.40302544256463,1.31133853801991,0.802104871321931
1.48231848817718,1.37912461089326,0.885328389349848
1.52071009304756,1.47952528874431,1.11593837080844
1.48534895149927,1.44860969246641,1.22601810253211
1.69263677143857,1.68636330081123,1.36090822811439
1.86802541328549,1.96552849927295,1.79062024963468
2.17680184484829,2.00330662504066,1.89291903986794
2.5413817009413,2.09086889607393,1.98951211606693
2.37548919422678,2.32033012811011,2.40194566801453
1.23357216067054,1.12829474538847,0.70094635055362
1.27475833971055,1.11577034480555,0.76791433370524
1.1267917569477,1.08402092560428,0.651176476857126
1.16896542844255,1.1641826559437,0.705079949942497
1.02834597015008,0.982591932033296,0.611817296229005
1.07655668517658,0.971137472972105,0.651146019616443
1.03639481797227,0.969375028037796,0.660707420844971
1.48195085128977,1.0393280844944,0.993727130640387
1.41268506858889,0.961206038220223,0.876912392825524
1.95407224831944,1.42085588641009,1.39663742463161
1.90017145040974,1.42026480466542,1.43202902635593
1.91076636742101,1.4391132181486,1.51227135007907
1.57484461578941,1.04880132623589,1.03624776149161
2.07726575665857,1.51239683108604,1.58077715829999
2.10027671586147,1.48446041573012,1.62882436650535
2.07532204728295,1.47689468415174,1.52402565291822
0.990250362285161,0.984227316522591,0.598646664854276
1.03799598165231,1.0739418324581,0.679477768066533
0.994646950099528,0.961593364566289,0.595433539373851
1.06122085207429,0.97383740403206,0.64132812392292
0.985358069635439,0.997192635827199,0.616837204051195
1.02866440101199,1.06505261544938,0.659029161774915
1.06755294983594,1.07188099180082,0.71380025866333
1.1257017687066,1.08065228684554,0.802642531310931
1.13579412353017,1.1792864426714,0.818893230187733
1.11845503753397,1.17068097431035,0.865712340639667
1.31230061202601,1.65778398390067,1.51036715218227
1.41112194390059,1.62640317125196,1.5859467147128
1.18754408002527,1.3555943203686,1.23576766326181
1.21372843106648,1.20496309595406,0.95313409466301
1.64066016188734,1.65732849826799,1.46172189955365
1.62357011100184,1.62316576010831,1.44631753413364
1.61958258372991,1.65994815482758,1.44275321702983
0.904177919078171,0.942175088385077,0.601583897746509
0.931854868235526,0.948271247196719,0.647263744827405
0.884458603906574,0.984194810767791,0.636467489860396
0.96535831920161,1.10020864771993,0.71048291259484
0.824544134105612,0.94059635250186,0.643743633411135
0.830792882780835,0.929217717090925,0.670890454569327
0.802037216604318,0.944169709185523,0.667853995838272
0.823872218498868,0.974305832295132,0.743983230465115
0.854880389768383,0.986171397887034,0.716849710024715
1.39033919589004,1.45002520930869,1.27042387193274
1.36064541089292,1.43280199431648,1.27988171148882
1.3550583766979,1.47630264519724,1.27969591190382
0.914930584311711,1.06983009165932,0.740658545525066
1.23644316602541,1.23860843355257,0.903112577678564
1.38568297361252,1.27689040574096,0.941811841747443
1.10667427299623,1.22293266161269,0.937655391824012
1.61250472721958,1.70192848075214,1.47829277298399
1.61957993564987,1.66154518712847,1.4514404446383
1.64606551840606,1.64876215673562,1.4651172457454
0.901267770432096,1.06366876874438,0.712828836768305
1.02885713199811,1.23643085952005,0.821920227211179
0.900609372807897,1.078619151749,0.752440101324312
0.87111779849449,1.02975034034703,0.759856693224456
0.997961467141923,1.26283516952586,0.865391723079807
1.12532683521476,1.37021512796834,0.929309512934979
0.991625820672048,1.21674736041981,0.951370606647745
1.03658715539716,1.12168857091069,0.985428950721528
1.0170186380939,1.24855176193496,1.01821985266522
1.14301010066733,1.50671484940556,1.13456668259657
1.7747503679959,2.00818750900516,1.68714574145394
1.46580634981281,1.87918337335918,1.60120962040543
1.13977035283184,1.55536553943737,0.981823848291609
1.12643809926349,1.44591721521435,0.990378050334255
1.40094031166974,2.05096167425669,1.18927895957359
1.4836903163596,2.21163915734818,1.26740142663523
1.66742220278815,2.46299514166018,1.41447385627664
1.68614670722493,2.29869857027416,1.3929804465634
1.94211553984683,2.87024214690045,1.61726778075407
2.23411073149277,3.16557299639619,1.96902370292642
2.23623145338969,3.17414202957198,1.97493440997897
2.34344130076779,3.17013036415489,1.99633816523315
1.82779036548474,2.93433231644197,1.66933353248422
2.14976338659313,3.44564844031463,1.95238981052257
1.6988252553076,2.87096329960739,1.67256200108464
1.49587661812244,2.48283974503602,1.51885340931332
1.92830393547992,3.41286320768403,1.97756610893842
1.81542076576278,3.25869359796893,1.95202136969029
2.24915280798926,3.86230450464386,2.24183951910553
2.56976216227342,4.15453441909387,2.46040591547005
2.57203338321981,4.10931907817315,2.5402956959158
2.40328772646521,4.02529339309591,2.33506997716762
2.641172261686,4.10084146579676,2.52677158243844
2.974435793442,4.48851533867132,2.72628565700161
3.28918334659687,4.71770032414373,2.93595974839235
3.36617345247586,4.78594867627299,3.04242628461709
2.20842590028486,3.91665157938433,2.2381451400197
2.55758905486464,4.46208801059471,2.57757114351756
2.21261057709225,3.88228459451265,2.20059631756613
2.03880175704804,3.53098378622412,2.01504453432651
2.61400243390322,4.48745433649645,2.53727140956697
2.70555533695596,4.47793680317554,2.54348574242361
2.88017879033221,4.84366922418716,2.75191807575834
2.69830037474346,4.79443231405582,2.71660507008495
3.09992610892205,5.31855377263236,3.0573034000481
2.43929371383814,4.7107276675121,2.58237664527377
2.25381933240813,4.55092866829519,2.39089172064211
2.54968817421466,5.08846647707671,2.78151501646667
2.82578761232291,5.59846690286734,3.12592829849463
2.60540382599157,5.27705734196753,2.71004996000413
2.56508261085425,5.45426152546661,2.42548133021055
2.66616924518973,5.42435492368561,2.88186730454985
3.35943391423223,6.06465877356942,3.39471532252523
2.93543604150396,5.47737068208772,2.94899217825353
3.68125542857504,6.33835653727408,3.60349701034505
4.12353420030788,6.89230923094539,4.0071417381759
3.5974406649199,6.05486120827209,3.38721005703838
3.93611215357237,6.37543866608516,3.59255999582384
3.16773301368461,5.45675694660265,2.98071590288998
3.24426333686672,5.24162089712479,2.88382460266213
2.41181275831777,4.84486276004634,2.74654398482115
2.26517435089193,4.40873231342676,2.50166019765977
2.58303279076496,5.26127066505045,3.11042851091474
2.81076295891067,5.69588210019686,3.38454321872137
2.54696963225887,5.22650117970108,3.22001297014943
2.53310881151417,5.14722137677755,3.19126892409556
2.89097710860518,5.9317951814445,3.77650043071696
3.06284176277911,6.17471066046292,3.96303717628547
3.03190986994375,6.07632332850015,3.96309171269011
3.33845413095956,6.42491208264781,4.30303114223624
3.76768109586099,6.69760538365979,4.7318291182226
3.73610590840732,6.82938738426301,4.70294800712847
2.31856317427829,4.77146041761787,2.93897657469017
2.34449149781439,4.72941672665015,2.95232787158852
2.20599510346688,4.59690086912904,2.83786048594708
2.29807236854694,4.81097824237823,3.00777656801192
2.07785915690994,4.27612554614569,2.61968524569709
2.06883545084474,4.08264639909084,2.42668125017892
2.08678705515256,4.27112910603398,2.604976436473
2.46319114232763,4.70118969931634,2.83142827098587
2.45813175632638,4.33442300019087,2.70103520683381
2.01165558857662,4.1949365380825,2.67321866467131
2.43067548072976,4.47603489817138,3.12289837747811
2.32136876956443,4.65099870222101,2.66941424001902
2.66053903591113,4.93456398242096,2.91276958524074
2.68658650830305,4.93110029990729,2.94000878830481
2.72916579780521,4.94138950795386,2.96358820175389
2.47634517662318,4.0697619651531,2.95408147812668
2.91701216761591,4.23909299225646,3.24313216792246
2.85756179605932,4.21818329681683,3.24561784925804
2.90202531498768,4.26492661571718,3.28828679658626
2.17142137099965,4.53567603777672,2.81354169513709
2.26903019247878,5.01289270015593,2.62795950053076
2.27763172156161,4.54773268602289,3.32491441245915
2.33407031125127,4.5371972634307,3.61049842948429
2.4346058512615,4.91670937253025,3.60436920488726
2.55040088511148,5.49073412858618,3.6329494741315
2.66190162819899,5.51899138686769,4.44833484720553
2.71177456558101,5.61869782403761,4.62950660698421
2.9343267400929,5.59184340826198,4.74686347408518
3.09060763948582,6.47416526179649,5.1096944839734
3.37773174791713,6.43481056023712,5.20105090064926
3.33785547688511,7.27499881926677,5.60521008052542
3.59507305658355,7.64424663931432,5.8590101492174
3.60938650189218,7.53380459956397,5.85885307115344
3.6155623898422,7.56992776283041,5.86727838543989
3.69881195465834,7.20674701899903,5.75574042712956
4.05355740686621,7.50811318070566,6.02908163557353
4.05334522792849,7.49094776902063,6.00365359021109
4.0411419238645,7.50839929127834,6.11531674617542
2.42655536973263,4.39728419241116,3.21413549325199
2.58378181873333,4.70294443546933,3.14271875125052
2.37964240759509,3.95364620063376,3.08001988925719
2.35586053320685,4.09055180935407,3.21703011945511
2.50011197991732,3.69912716282887,2.94057589976315
2.63700507279017,3.96719041109731,2.97483840781158
2.7094194507761,4.05182379903589,3.48452614708665
2.68592007039633,4.15909504297013,3.55025530945917
2.87751187031415,4.12359960418891,3.54929917057889
2.90131986888837,4.6714336135606,4.11540857474297
2.97865223362782,5.04403606864447,4.24090177054968
3.15037478136946,4.89647754393406,4.53555360096193
3.29934767278596,5.08423251245435,4.50790902284948
3.65087329249458,5.10722732400281,4.67450198283251
3.54001588936646,5.25714731248103,4.54029171039798
3.61910661770501,5.84889140328068,5.21290037673195
3.95475281941081,6.17128998255368,5.37495367621702
3.77344663034646,5.99222056692883,5.53182805443833
3.97238061348615,6.52015489972996,5.82801692787315
4.22814958978743,6.78367938884346,6.12209243627147
4.26950406334888,6.8109915685325,6.07453534543801
4.20541865606669,6.78525373789013,6.09996735527055
2.3979371514642,3.14243618143438,2.41737601893046
2.52480802364313,3.13797740296992,2.49448907572954
2.2562717446886,2.94962415516793,2.05489883798648
2.26728929310276,3.24032849915062,2.19909364151094
2.17979098129374,2.62058986915671,1.67693571926949
2.2267020901742,2.57729718784119,1.77287923557829
2.17354151775831,3.12221378862519,1.68622171787638
2.45084444079221,3.75431506594437,1.90594641340342
2.62684251166,3.21228185192827,1.60075641578218
2.95831572140919,3.41884009441914,1.94807316537971
3.05366701560778,3.46486257915795,1.97051062497853
2.94729759565335,3.5058079718115,1.904435473408
2.09742725293006,3.59643045603079,2.03353131486311
2.4453626113568,3.95295748500402,2.32051363205984
2.42669087785647,3.86684238487661,2.31082183550199
2.32033674390728,4.17890846630939,2.27620853656834
2.67612039553895,4.52504204242375,2.61475228801978
2.66794695419225,4.52462092534733,2.62626038872515
2.681458808795,4.48706639069999,2.60732897770712
2.14894873852759,2.34713001058201,1.51150029621659
2.20750218804175,2.67605816692597,1.70927325708195
2.13613562583452,2.10129278851973,1.53872962913378
2.17488036543807,2.18141581695943,1.72004758934256
2.13856052327657,2.13552413886753,1.71718249538548
2.21578962790969,2.42573547686878,1.97547281851757
2.318458025204,2.33003916962774,1.95815511524929
2.53646687436658,2.33240629474508,2.14347700026482
2.48338671899951,2.67889575274585,1.85617830784251
2.52746942075298,2.84754630078529,2.49698827595736
2.92498083038507,3.28165143217382,3.14262205855504
2.90639277530364,3.34680203054394,2.60349577831324
1.92612914061498,1.94403764676933,1.65454641501323
1.85598501875391,1.79339182817572,1.66020240634156
1.86389112937512,2.02102486201498,1.71950006295167
1.97351902088954,2.21163122916289,1.80886868755991
1.68399952499744,1.8934223094455,1.76177048665569
1.60066758797224,1.75005366688941,1.64800098854677
1.7071835321943,2.08669984649173,1.88082687731351
1.85676126756698,2.28122086326938,2.03828745329897
1.64037974346803,2.06039315401621,2.00302653529694
1.74280025616299,2.15672213028853,1.73413176376279
2.13545563442594,2.48633698020146,1.93382280384914
2.750433554681,2.96163496543415,2.43600852914291
2.24213434941885,2.63324740908944,1.94940766687736
2.88250678950247,3.19463128601142,2.48574107646719
1.99464519412037,2.44613546134943,1.70188374803235
2.20340916489702,2.66769155818403,1.82478272151452
2.63065506796078,2.75714556488632,1.97218409377244
2.16967917846515,2.49434751875065,2.03166906676905
2.79147387486981,2.99098974879546,2.59634518990724
2.27467763882312,2.60629691458804,1.98929210882629
2.93197853005463,3.1353559232971,2.51099139282618
1.63415476665786,1.84436295960641,1.96352185505464
1.50813357168551,1.69556108738758,2.07248998886524
1.77056305878671,2.04023598302381,2.09132255848416
1.90333220926585,2.17697790699207,2.06549077553086
1.78069406295809,2.12170273586705,2.33327996607174
1.71690092728974,2.10945863666877,2.29311269444779
1.96991118257487,2.47570143198266,2.7722107230317
2.08405232166844,2.49002036431233,2.74694821492894
2.08566698008307,3.10184103508823,3.36746543884223
2.10491300766442,2.78290857201768,2.8433506640936
2.49804468146014,3.28226618287681,3.08333812393096
2.42023880388774,3.19513965112295,3.24194903414318
1.75821444502353,2.00012358257643,2.30604162357256
1.73526232739456,2.04682462208169,2.53357433381891
1.82891391347746,1.93082495772906,2.15797128212479
1.90101257824585,1.98039192100336,2.11794684557074
1.87366931247548,1.91082147622783,2.22362087328072
1.89950865482356,2.0514423533459,2.47362027813559
2.0855312483131,2.06100904562615,2.40865107169637
2.12873033837646,2.00287552664205,2.50698430356137
2.15646047338631,2.14307068191747,2.65237244996072
2.26959426951473,2.3900034866656,2.74892776684382
2.44722306610113,2.83025151322106,2.94267413764614
2.54045051271705,2.49295795351372,3.09115555140304
2.67804832192781,2.7789142783052,3.12370164793763
3.0685488400046,2.87410300907064,3.27662078646993
3.00651999727853,3.24340887780831,3.34914140014015
2.91169599124508,3.11896813410427,3.5581639105358
3.23330123145894,3.2279906423223,3.65830983046875
3.016512779855,3.37001165952589,3.73125405807768
3.23328428590563,3.44368745214434,3.94295183312635
3.51212445497443,3.69007071402004,4.18757964519373
3.49431024085054,3.75002042735139,4.16758760309266
3.51525998535381,3.63631201899372,4.19090890375826
1.76329062531963,1.68250408091178,1.93642366246451
1.87660823697629,1.80232733860135,2.2253449515916
1.6158919998486,1.49005158076438,1.50078965815818
1.64008877088565,1.55817766205983,1.44557808972551
1.51769345746979,1.35758472728483,1.30410821163166
1.59927193264313,1.45414664269597,1.60111494654225
1.54533013794249,1.46051220979267,1.15479960040562
1.56381962661227,1.8234342326322,1.37779303806993
1.7228452014084,1.73644889133337,1.37695561700584
1.80400955230508,1.89795424490169,1.75215389920731
1.55347226039537,1.70480242151512,2.00656546822611
1.8612241534404,2.08470001804202,2.53302599937127
1.82705694576144,2.13633852141311,2.47138703599329
1.96241521588438,2.12885088023682,2.52186822473231
1.34681130918914,1.21771542045686,1.14828641094547
1.34072216371401,1.22326351416299,1.15094383093151
1.27522525693183,1.17500033450987,1.09488485112576
1.35517194680753,1.26797151871255,1.17217398951885
1.14925730632789,1.06794868315578,0.995616423605711
1.13185236059966,1.04484426560306,0.985696003869204
1.10327145956294,1.03230479268715,0.922892983887071
1.20424188164082,1.14028968633933,0.995610538756955
1.07052612439616,1.00450095188488,0.923839961757508
1.0859063473022,1.01943183112084,0.864908732321919
1.02449071878968,0.962347780861873,0.861403709585308
1.03126898595234,0.961192316790955,0.919981825608615
1.06410644157565,1.04290302654016,0.869928930099517
1.09135083483303,1.09147132131603,0.934203337917617
1.17437834383449,1.18960308663813,0.894680130643845
1.26319939987113,1.32405781404839,0.975413653044563
1.21425954478068,1.18548131201171,0.894122026997981
1.34311511151614,1.32852443709968,0.969486828054075
1.26112915075991,1.27040266524728,0.91312388190041
1.42614791263626,1.47127917679832,1.00831492306775
1.18565781533559,1.1261932104698,1.05083508242583
1.34051801158031,1.29234217960638,1.17355184958381
1.15578738113357,1.09801179863281,1.03616151873826
1.1710484236297,1.09877679880638,1.04959382635888
1.22142182519508,1.17904146727676,1.07527038515487
1.36592766476277,1.28081126647843,1.1715154262153
1.35975044111151,1.20554821216401,1.11538307160685
1.93484426855473,1.38865390789302,1.65015906906985
1.84686269346469,1.34931357705148,1.42827631477393
2.3177350102665,1.77999270874936,1.92671770801014
2.31907516231935,1.7407865173762,1.97393367967856
2.32061300686761,1.74439787263743,1.92346728056439
1.53899044092344,1.20627765836494,1.55365635913491
2.00312305573834,1.63472107587013,2.0547358346979
1.98799508732914,1.60808126789967,2.04895731298338
1.99201490822435,1.62366053937066,2.05121958140122
1.20397426081605,1.21447491040739,1.05857181071975
1.22899120259746,1.17163031780677,1.02102181394834
1.34339465572912,1.36221344255952,1.16905184003298
1.45778159031391,1.44840788585477,1.26677342931125
1.48823414081415,1.46565585853814,1.22271117562856
1.49532783987217,1.44409705937017,1.21996034662475
1.7279746210537,1.64948800842951,1.40190446129669
2.03317122831183,2.06323121695166,1.8855867860812
2.02877143860766,2.17266869338947,1.89608433369573
1.91172099249284,2.35065644950976,2.17217443115165
1.68742319257299,1.66536445892935,1.78013551509238
1.99500929076466,2.03712056174181,2.27536783445489
2.05827533231341,2.04410943997571,2.23044441027443
1.96836857448881,2.09133505681666,2.23233884698479
1.56994588958575,1.51751687727583,1.2189387518399
1.59994458864754,1.57084619431039,1.25394496832015
1.68357494990346,1.56403886806004,1.25089866960364
1.71393010823677,1.57253704867566,1.28035666631507
1.82611580612071,1.65049568231478,1.3105378267796
1.78030418901423,1.61487287219271,1.27773412399216
1.98777628837058,1.73889145253153,1.41354157643087
2.27123492567328,2.10514284331612,1.76441651579167
2.30527975510689,2.02040951534681,1.77842993919113
2.27379998665091,2.01975014208101,1.79936111629417
1.95701977191609,1.78023085242797,1.43030024300276
2.0377726437687,1.84616330540207,1.48617230579517
2.02518342717616,1.86421963143482,1.54136697388678
2.01263682309512,1.8592478055132,1.56911855903947
2.1585998866647,2.00490814151621,1.70751306858648
2.28384884427176,2.09995277758807,1.80612214492363
2.27591312664239,2.13414693763312,1.93909187929633
2.1984040775211,2.20729709043973,2.13529150589124
2.40341649620472,2.45147756392494,2.25131984818207
2.46087269326561,2.40480629360174,2.28674552158398
2.57700854759411,2.99847211334475,2.84721190392629
2.65849597290071,2.54834301496529,2.63143612165607
2.72971612770376,2.59816310950039,2.77660034082306
2.82436663173139,2.94361682972926,3.08970060380226
2.08921337849516,1.97965228549566,1.63835818584055
2.20564394479592,2.08618481893407,1.70497451716354
1.94468099971126,1.87615654720264,1.56244232061972
1.89588080399697,1.83296704179619,1.55968124600099
1.91301348301733,1.879842178882,1.55720689248716
2.01886867701318,1.98937765482624,1.66531238338068
1.83427423408187,1.84534340071975,1.60990256909057
1.76434061501673,1.77708718072116,1.54694548709548
1.86285700110425,1.88446201588854,1.65880775640901
1.94224089474446,1.9601665671102,1.8144250318565
2.25406208840853,2.35507626479395,2.24228097387177
2.28989820901291,2.23571815887472,2.17000843721968
1.91336686818802,1.85425731734975,1.46751777785997
2.01243589859244,1.9437905722365,1.52119752042895
1.85418436764062,1.77440510313575,1.40150686380481
1.79800734106185,1.72164515062535,1.39738705351855
1.91870724183909,1.79821348148045,1.42162222457294
1.92295761203438,1.8201903320114,1.45675613422141
1.85731649610866,1.7384008252237,1.4354633624035
2.05989624425626,1.90577433803682,1.69817464345223
2.09649253329577,1.98219573755274,1.695488271669
1.92742769067464,1.66294255343327,1.45428130673052
2.41457318219158,1.98369706758318,1.89296747520284
2.36498110790857,2.03100679726406,1.90018159243466
2.7659501715299,2.42875689463837,2.35568026818378
2.76297239173333,2.43530689021287,2.35510829508591
2.74494967197584,2.43073077861961,2.32374539876142
2.04816043362649,1.81224279934458,1.7381901286752
2.39341492109215,2.18987896169115,2.17657520979099
2.44107195233972,2.1867947952297,2.17712224730658
2.38966293277938,2.18111159941274,2.13984390626656
2.12380321714783,1.94206222695717,1.52634031542966
2.26462979437888,2.04703711010972,1.62517023635338
2.19896741818175,2.00438003717193,1.58925264646839
2.12975975624419,1.95443413343959,1.57281816822691
2.42076367706486,2.18794373276587,1.76244200312586
2.51101160589243,2.24288173128237,1.84504725266103
2.51443419406681,2.27530308319399,1.90336140637616
2.71803605512324,2.38824193442868,2.07163907103901
2.69862172882613,2.58805644596165,2.19674362409681
2.81109836891077,2.60219081638324,2.17920778995975
3.08838006208626,2.93838474961712,2.48486012632787
3.23869162405495,3.02450432606259,2.61813749870788
3.19250351680938,2.99257622973444,2.63682318961334
3.54216301042232,3.3546474811548,3.03685850180742
3.39474317630325,3.23079514255732,2.90447773984517
3.7607425320682,3.52899589655057,3.26868449865457
4.018790938058,3.81421575505077,3.57751478793986
4.10281457674794,3.84889988582284,3.66710562433876
4.31215213389367,4.08951159773115,3.82887086474957
4.61580180173601,4.37986826880321,4.16168909148352
4.57141951838765,4.40556376768658,4.1232982922417
4.61878054661407,4.39083814143974,4.12426349293385
2.52133495833291,2.2995042372663,1.81299789013929
2.70824299464748,2.45459126200073,1.96414098124541
2.42989846584334,2.2538719640195,1.75179140626224
2.31941050090098,2.1712658041541,1.69694281289525
2.53599279875993,2.37162298363375,1.84735783948934
2.71008488136176,2.52081321327878,1.98196630115976
2.51213624926168,2.39872639893807,1.91431967519679
2.39165099087087,2.31515618952705,1.82981329955553
2.62119646680207,2.58851868253992,2.08518129553901
2.68899898935291,2.64534248508024,2.26841974902465
2.91475015726676,2.94355561435134,2.59250703965669
2.8593898707277,2.86869082049851,2.6017159111351
2.9545578055286,2.93215300662725,2.70275319399306
3.0514402156062,3.15992047161466,2.95185019882707
2.51524450420262,2.32826002892096,1.81207851208413
2.66143706548495,2.43563744922713,1.9419754980881
2.38478509317339,2.21111792358352,1.71662723492353
2.31185376558519,2.1609903224111,1.67734534623737
2.40894362014227,2.20194473260621,1.75369626338194
2.33392293614194,2.12725252976641,1.71776180379458
2.66103928333328,2.38704081457101,1.95041041697369
2.78721056796504,2.51569613012534,2.05219318917665
2.70671347013072,2.4360616363765,2.03767625452406
2.80731530204541,2.47447282265966,2.10034617798353
2.96831087946546,2.62318273206512,2.37859907650659
3.05104757403058,2.74916486478565,2.40319364108221
3.09542345106031,2.75837926050956,2.39676475613987
3.38552087321634,3.08531586198842,2.74136296175473
3.39401326606446,3.08763542711969,2.75855318897597
3.47841187636675,3.14829885098367,2.89819589320534
3.76958057941698,3.51072919472084,3.28388378884246
3.82967102736171,3.48915736042697,3.31511629062318
3.85305111474581,3.51279740646381,3.31850823639916
4.13187001674627,3.79772528545275,3.62935329671638
4.13366092171729,3.78928323091368,3.64768133624374
4.10536853880453,3.78997745537115,3.59555493783007
2.35430107871924,2.16467269393255,1.75920773523324
2.48618301674603,2.24557274868186,1.90300216072095
2.22990238636901,2.09208684109825,1.70000485397491
2.19569179582039,2.07942907578171,1.6733243250586
2.22888219896998,2.10181918961345,1.78629619202328
2.34226882681662,2.17355480892789,1.89089787262618
2.30865428888192,2.19333712364388,1.93820571813474
2.55736044329314,2.33518222023963,2.27608714561779
2.5778700554663,2.38591914997229,2.50700056057431
2.90791166498875,2.65911067849103,2.95245137530381
2.94436063747626,2.71747498311315,2.93981777290789
2.99295316589334,2.66604716500622,2.93828534440648
2.8840864692585,2.2652970705164,2.33800780398539
3.23551610701925,2.42347760843946,2.67314249322414
3.27612968895756,2.39729004360914,2.66195908884084
3.41124071024294,2.58033321298767,2.94504211425639
3.75954549523994,2.88696875943816,3.32632199941114
3.75855263380607,2.88606671226982,3.35537032107449
3.74869856175257,2.93524866255384,3.31077977638706
2.09739577626745,1.99999863559544,1.74188132981595
2.29915108190226,2.10291620408649,1.97454864882382
1.97053632195046,1.90401220462092,1.73837076470314
2.10786997475999,1.96210356218935,1.93327116887802
1.87618820602906,1.82636993207841,1.73640044805953
1.92326795033795,1.88072045507035,1.80013170233469
1.98208059790557,1.86015966715953,1.90558867395108
2.45248499053738,1.93247754421786,2.25155009949166
2.19917449530048,2.01214710529457,2.35575263927107
2.57900578091594,2.24246279088065,2.70249594366495
2.57311213684143,2.34078845518977,2.69007096914258
2.57792068906241,2.37490277796978,2.76893499042469
2.39595091210796,1.94233493550406,1.7900747236683
2.58483122761524,2.30235138624262,2.14229147180118
2.74528088105606,2.34474296684536,2.27825704278137
3.11379887235591,2.10389564433978,1.93824220891751
3.52470550126185,2.47414999870591,2.35350362842267
3.51572470076932,2.49238228695167,2.31625965814467
3.53078479303802,2.45004508072268,2.35771482038617
1.83809041352573,1.76409547968969,1.68642789241088
1.97139575456454,1.8318584726108,1.7744207368858
1.7835920236211,1.70383255335168,1.62804146731942
1.79472686312524,1.72149528863688,1.64296224983004
1.83156438668578,1.67333619941269,1.61707253112262
1.94643169876786,1.78342240748489,1.71302140818511
1.87781420117567,1.71389316581311,1.63847515957409
2.0312306129106,1.93914581529684,1.88906130429914
1.96482433001346,1.96260320224997,1.89785396880234
2.39884881065747,2.12190735456045,1.9509092593791
2.96769785388241,2.630394834589,2.41528815408236
2.84979307984803,2.66628040427314,2.49320445902854
1.79620879524354,1.56614531654043,1.54487209549789
1.68490846731244,1.46875524648673,1.45683704809721
1.94292633806955,1.64839756976906,1.63011780050296
2.06106794363074,1.7584283919732,1.73481791170205
1.99069075840253,1.64932253654155,1.63279261754803
1.96625243307476,1.65370117768351,1.63922279693136
2.23114343048215,1.84642309998033,1.81644178690152
2.33574594907544,2.09652843263431,2.02378092937434
2.48242684869824,1.98046630262643,2.08083957562742
2.78439885691742,2.04884997216569,2.42643845520649
3.22880625164152,2.3485254834227,2.85026953501948
3.12986259786406,2.35559946076715,2.92051446022685
3.27265250380964,2.52401706704949,2.91706175182792
3.45552603766299,2.82607182687534,3.12722186660145
3.58200686784902,2.9300817670481,3.14188086621354
3.97254777018791,3.06477268229452,3.74919614196349
4.18975751939556,3.40791170228425,4.05011553969573
4.30459281233067,3.46785832857041,4.17936151943309
4.68394445209703,3.51070681455571,4.35299086954318
5.0082728651664,3.81721602545474,4.6660037068787
4.98836894676042,3.81322447352089,4.60580929330533
5.02367314349007,3.81299547779793,4.70228913422869
1.91166503345225,1.55218072153735,1.53461306655657
1.8777534197938,1.51690652989104,1.49122133683692
1.92369947149238,1.58037231781947,1.54384861234145
1.98656141069754,1.66271266330673,1.62498375237115
1.89909594982306,1.57568209857493,1.49880495314769
1.97367025711897,1.63185008181741,1.54252737237346
2.03157472319765,1.74329777599773,1.61958075659357
2.11478558469368,1.91577874822576,1.80224419999744
2.23594425339003,1.93375028987846,1.72524626277373
2.71707304009697,2.22265803496514,1.96997748577947
3.41777310829422,2.74792804081062,2.41404754253948
3.15217600232311,2.7368581231881,2.46224010639748
3.15573103747774,2.95327243808584,2.75495632597485
3.79665238028551,3.22161632447083,2.85056097909393
1.70870370306776,1.42584570542676,1.35965921032822
1.67185743172523,1.41599581104007,1.33721455722277
1.62051879994066,1.3624172738517,1.31208366406906
1.68960379581636,1.43147429495892,1.3803788262395
1.47768587600364,1.25965957350299,1.21191956189362
1.47367949155903,1.28086607715911,1.20354480005918
1.48171964322726,1.31141525661915,1.25155059490364
1.52989906089808,1.36281967049696,1.30815030970326
1.43826693243737,1.29461592688767,1.22936857011989
1.58096559435687,1.45402223793875,1.35361888382785
1.63979225051059,1.59912577608763,1.59145700834369
1.71936844070103,1.58395966970002,1.42812841029507
1.65200010901748,1.68092668535657,1.54994610342767
2.00410849702683,2.02776156609795,1.71859956357761
1.89251641363884,2.05376473252246,1.85774858850114
1.78248843749592,1.94589598360304,1.71408515569226
2.09757946740599,2.34248287808347,2.0197943435553
2.23899467668517,2.37327828472126,2.01838047876791
1.95549144225973,2.26160640184184,2.05461446324568
2.25771360017391,2.63088595383453,2.41512435504358
2.2931305835109,2.5942522574038,2.42360330333677
2.27895857644445,2.58532117501359,2.4276073867935
1.39980944047644,1.17038820130661,1.15013972941234
1.31202626198147,1.11127702200298,1.09539660861781
1.48215306074769,1.22575839357766,1.20810830349636
1.579308688075,1.31643996413119,1.28759890491281
1.48516658559977,1.22639603763286,1.20769520298674
1.42322291276763,1.19883567042139,1.17259369846611
1.65970358758175,1.36846679356742,1.34687708276919
2.00064653673676,1.44555775220297,1.39395325451994
2.07261301478403,1.50779637959271,1.44062011576458
1.77342445745385,1.44129421181972,1.42026009750069
2.29889560389243,1.5227991281873,1.59237546188231
2.34600753147134,1.51000842582689,1.58533255415669
2.78025887628805,1.87942470098043,1.99156137985112
2.74731184857265,1.87534112227098,1.98351950635272
2.80413206508871,1.87166758121881,1.97658056175919
2.08477726776182,1.70141454902658,1.72548669173956
2.4847972067685,2.07314239774109,2.11590372064897
2.52003209373766,2.03865470287784,2.1076420360693
2.48096033072405,2.10008615832801,2.13429401368851
1.47796607168869,1.21685306660818,1.19225904953392
1.42769097642739,1.19177086227406,1.15592704267493
1.56992812958431,1.29094157091315,1.25878302529965
1.6434337096098,1.35243489506361,1.3195207366951
1.60212738084677,1.34486979453846,1.28279112914575
1.64767785484767,1.40349044906235,1.31978087178621
1.80320877453728,1.5144572701128,1.44154411011791
1.95586755195738,1.69071623114458,1.58221160475112
2.04121400710858,1.85968114094617,1.77185061926184
2.1949822948046,2.0593918464912,1.90443743869725
2.61927659319411,2.63140806182648,2.45806892175386
2.55816000237152,2.46357629557412,2.2368221073156
2.4631650391352,2.36169204649994,2.33229160084349
2.84017394488258,2.79749337666873,2.78122335603368
2.89980248463125,2.79511973585365,2.88404240002459
1.45780747183381,1.24962393750482,1.18009035089627
1.44829996801298,1.28709968340521,1.18868619260929
1.3854865745454,1.17598601163503,1.12229178892433
1.44459541734464,1.21235687153492,1.16473580899423
1.27915472491964,1.11355967962175,1.04993885320675
1.34946794721117,1.20331152683672,1.09962859955854
1.31000707657845,1.13553751197282,1.07318078965563
1.30070833143112,1.12671647277706,1.09050300421878
1.2840369692901,1.15191656368379,1.06902212432934
1.50765957340819,1.29441441346028,1.19866708815698
1.65258978543757,1.46595509636442,1.29561184477873
1.60998199015713,1.37552776759037,1.3103487307235
1.58857102089867,1.37823408419407,1.32892526230506
1.7730934327604,1.53057073329273,1.43579478697007
1.11922319993697,0.997288096375017,0.953307312321719
1.08752771387896,1.02925099801637,0.947291096653452
1.08432134072713,0.938279899852363,0.937846670118496
1.16135127023586,0.988604318921776,1.00004240036097
1.00909230447265,0.900075783151314,0.894558890098816
0.961316429766173,0.871126137063023,0.865107361905916
1.08374181880913,0.968712580516931,0.94498995740847
1.52533445920228,1.48762935810132,1.40879173753949
1.51431562063496,1.44820394937358,1.39785609044408
1.53149570307908,1.387576730165,1.44641470240875
1.0460036851092,0.96745358848178,0.945915732259829
1.02394683338587,0.9987179264626,0.975695863133108
1.19655291542451,1.07863958516873,1.05605742734785
1.28374290618748,1.13768691149164,1.13121307036828
1.32344924439698,1.21252728052335,1.15702063286496
1.35010204802074,1.26020154204615,1.18892810070208
1.55443414721559,1.36914997475762,1.31661278382956
1.72941842109784,1.38530037900941,1.39003526368586
1.73120914524405,1.51155324569884,1.43147346727242
1.61741709957699,1.47258996564336,1.42753151377503
1.83983063160216,1.84498607738973,1.86089074487476
1.89527831356493,1.68100399130436,1.78398820547694
1.8009111214545,1.6224459957298,1.5730304416501
2.1860840232971,1.9146112303131,2.08285453508195
2.14166577666463,2.13512267298457,2.15455024957871
1.96535268932939,2.03101787756003,1.78860687647968
2.21682197694271,2.59997471862834,2.2058663473091
2.37112743777759,2.30159185051575,2.0570034501686
2.03588350582495,2.31476614480018,2.23984509914048
2.3588207612261,2.62951288503647,2.5950777685515
2.31316565510005,2.60115278751121,2.56021126763656
2.31253194800508,2.61802368337485,2.61866632650576
1.32671808259452,1.2627825321476,1.19634753199147
1.43530566171761,1.76441914889805,1.32184488746335
1.31604789704229,1.36839772542117,1.20450350585221
1.3395902968441,1.73797700542401,1.21623005912183
1.39752152291809,1.56676274843742,1.32317654742323
1.40567685551472,1.5614746556814,1.35225142269152
1.69212739034668,2.09678004066681,1.68669396285333
2.01674252136546,2.13169060929087,2.10097922068416
1.92621619301441,2.5862286918751,2.05270217532328
1.95004378415253,2.81315740416261,1.92655582286332
2.1632525031583,3.28756540259329,2.37552761489946
2.42499467918817,3.55213892389732,2.48646593234157
2.56438305460043,3.67887211786712,2.81020705499775
2.83330144427683,4.23499484005741,2.92757078819851
1.40734305353108,1.55523368953155,1.27334696728154
1.79466736270765,2.14565714390476,1.67285191343488
1.24337539705818,1.26184969963314,1.03927966152537
1.30250251338713,1.34763445657867,1.11193011402577
1.29169810271448,1.35859306645597,1.03248358530574
1.45032165106742,1.56700514918381,1.15885506935332
1.30284493306475,1.37899074682143,1.0554765681568
1.41913784985395,1.45619293604886,1.18984320158105
1.27649722512476,1.28070932822707,1.07841017535968
1.4318261059514,1.61173591700388,1.08217285512601
1.90158165257004,2.08454089111574,1.45780028014342
2.52852126689227,2.6277234118779,1.97577622049148
2.10696107427677,2.35326611958334,1.59619269510727
2.79801622096852,2.9957690304373,2.14882307124997
1.92759477456782,2.24044248649964,1.42894353358213
2.25373494098115,2.60781160455579,1.69872657803913
2.45938953620606,2.81954153477457,1.83228309620307
2.00204100512196,2.14539402075982,1.49295848145759
2.66172193336396,2.71007457301943,2.01790078480984
2.20105453810491,2.41265292554768,1.63781165943982
2.92420240590562,3.08036691211893,2.20681835767331
1.22571003354343,1.30347194466914,0.971316502212905
1.42729205510019,1.47146284441669,1.11175557556304
1.02442323319341,1.14129409932304,0.856724782217328
0.982497628074287,1.1036501570622,0.856219528645769
0.961797960013257,1.09597050531624,0.826419135401766
1.08015458051298,1.2133387684928,0.898592427941221
0.946309370554672,1.04550315347061,0.821200358353084
0.914343491166338,0.996597940814898,0.800849528273781
0.974837647210361,1.0911987004005,0.902718111774046
1.12360400255946,1.17861488695256,0.885258653857106
1.21970910364861,1.73164208792084,1.44990723680788
1.28869289126502,2.43190440056683,2.14481661400218
1.44071078439665,1.89742381702314,1.51299825025772
1.60240121545593,2.63131730015027,2.17498103947378
1.60566540215018,1.6236323220475,1.18034865525489
1.82741906690207,1.84171360384121,1.34424034497583
1.41106084274653,1.76697608763588,1.35699640008292
1.56292768184535,2.46435066950767,1.97488789269494
1.65005022692188,1.94297090587624,1.50332527822056
1.95383638997362,2.69414277481488,2.19111765418465
0.855213619707849,1.02293761941129,0.791382323474841
0.906435557891529,1.05455180527406,0.843348711476607
0.822600591053064,1.00301105803177,0.779880587099645
0.897590467606548,1.06033693697404,0.820187187396133
0.801535367295831,0.959208544523086,0.771753570400155
0.822001372586339,0.957164887561464,0.787242991339362
1.03080531676275,1.13231225794882,0.889933107275881
1.21747653466616,1.37050305523234,1.1375613370654
1.13039238661146,1.31156740645149,1.0883174265423
1.3482072732124,1.2564105446262,1.10111846084335
1.53696830441354,1.47264031227377,1.2759719224006
1.74103774079517,1.50682513029433,1.40479840967472
1.78874191934244,1.5721677891501,1.33723980414168
2.13792182300873,1.85864779763395,1.52675788561667
2.17764290199732,1.85052450286727,1.72791830178755
2.29236513916694,2.47023657454449,1.9265125381818
2.59275194286468,3.01520441466961,2.25705640130443
2.69533977717474,2.87563266079801,2.22042033306548
2.93583816635534,3.05025226552693,2.51666826138354
3.32457594261397,3.40647175776513,2.90017708709247
3.29374560993213,3.42761071734012,2.87775351073537
3.29067475476228,3.37398395119047,2.84913004445737
0.693485527071639,0.842363955625631,0.690140321345477
0.771594773510275,0.881740273353086,0.709450669939387
0.666308278239794,0.814881560291568,0.663181051139737
0.755822906745153,0.891718887963201,0.722929191009326
0.646734802770812,0.78596038122716,0.607357075687254
0.672744767997859,0.880409884698794,0.6232369420191
0.695681199078284,0.789080557947598,0.647230451408288
0.76788777281467,0.835369941556966,0.734715688297193
0.80691500984129,0.906253397350839,0.690356805924867
1.31507969439392,1.35381706088405,1.2516196179393
1.36158263691877,1.43418509670579,1.27975020468535
1.34412636262056,1.4215031580964,1.25518569693618
0.76369486683573,0.903789934867876,0.773160919945867
0.995174743008366,1.50028949184144,1.32632053035352
0.944035791936932,1.36903968842793,1.28878691405672
0.898494802555023,1.24086889104271,1.07093051787487
1.42085818325316,1.7972831588198,1.67193555566513
1.43832442402129,1.78707398741686,1.61986337647404
1.43390679173509,1.792923057765,1.65981385435696
0.688422854232934,0.795512729826396,0.587691454807726
0.817580449576635,0.828643875851933,0.642536186571374
0.709531483050558,0.918454613149832,0.592373482426807
0.771269462289249,1.02405831473306,0.63856447620654
0.765966111607794,1.01826362629279,0.597111001072307
0.789714860554241,1.04547038105293,0.60273750746178
0.87222221382562,1.29870508762904,0.695848127863552
1.10169521796426,1.34025497371565,0.743080636234975
1.29884436219312,1.59945433895743,0.785610842528929
1.18048931225741,1.55700277448301,0.78438099629241
1.59919482386375,1.87216999685378,0.922154542955335
1.62475572630356,1.73269850517628,0.861401184446255
1.39374413410037,1.59758994198486,0.769482598023008
2.02222434256913,1.70214670662621,0.808695893287386
1.72404125481501,1.7738935821021,0.878331232641052
2.08699876469479,1.88944929239226,0.971581762975365
2.04163870423451,1.92663517831702,0.959798242181252
0.80277704095729,0.950851085394749,0.593359690160058
0.883152062937004,0.986439651252983,0.678075240592927
0.866319680040837,0.952332768453059,0.59827483511455
0.944281081892487,1.03674882921562,0.666435561605297
0.932656570577886,0.922692164843889,0.608638172652698
0.995371442004,0.932828196120444,0.634360867074183
1.00945614750363,0.926228077958001,0.63662750176775
1.12558554029913,0.970998723792258,0.700655023538516
1.07984096043121,0.966932114892334,0.679323573364803
1.03826289615505,0.969472579287678,0.661159387355456
1.17467336619304,1.081091442143,0.750841228744723
1.27583850700345,1.10401275124517,0.83047177391154
1.50361799054417,1.21568656680582,0.978914254862991
1.40087802669241,1.21743352178213,0.925836698608547
0.968060275589451,0.972803058252822,0.650546332842684
1.09419915860393,1.02015505554914,0.74807214301651
0.956609721197035,1.0429466529953,0.658761805960189
0.972197375563975,1.1016155346442,0.672606663584933
1.02724730393873,1.11354349161555,0.726503373178989
1.10585494498409,1.21173965030648,0.779076543120834
1.1404453154167,1.31592759992237,0.804859629868089
1.63363344226861,1.80681596112812,0.927288276389864
1.5126181113198,1.66956826041143,0.944324611584159
1.64657828631089,1.81583195868644,1.12962742377387
2.45126298138558,2.52733820169314,1.51298769304675
2.04535669803431,2.21801596070415,1.4221131204961
2.12853289425326,2.27079197795808,1.5413132714387
2.66951356362291,2.82931294278985,1.74027943273135
1.02613800568288,1.03124782304305,0.747169990219203
1.01701411419579,1.05763707100098,0.73464116712144
1.10660068074715,1.07442310552634,0.846183574333766
1.18165300720348,1.19687489508513,0.921878760299211
1.15323923919373,1.09623871142798,0.902360612410303
1.16773309100086,1.1759284014032,0.909567331172988
1.32601986490211,1.33989445489141,1.08655473771206
1.39801367780675,1.39346989170039,1.16598875927488
1.44999946106247,1.47987953001737,1.1921708520073
1.51730690551503,1.56381087798412,1.23769101963506
1.97226942913338,2.01429465806128,1.74434084269499
1.97488773321239,2.0108700035819,1.71005639621563
1.10676816823191,0.967809515268612,0.875446408351026
1.11517501646984,0.967255075929086,0.889643711663394
1.11566497754087,0.962249377219958,0.903565037767752
1.15909301609486,1.03013958668688,0.948215867619857
1.12467734455715,0.969826358972688,0.94860954395829
1.19167598577305,1.0523464793023,1.02444983200087
1.22961402385085,1.14714610081932,1.13108832242374
1.50852333538306,1.28570442086362,1.221441964743
1.42188658560879,1.62108600349078,1.54365166533025
1.59648362923436,1.81582456532981,1.9092235235958
2.01139694063588,2.28858232362643,2.42839474782287
1.93796147548733,2.27003078661484,2.34131951833861
2.00376365398022,2.20169870244608,2.28086230937442
2.29497905373609,2.38986862676003,2.5210123443012
2.23755297384696,2.37954339020459,2.53074490874093
2.51967172859381,2.7526524074668,2.85072021399513
2.85254992605737,2.91648564684172,3.07233117658858
2.66176812921136,2.84653347282476,3.05121030117205
3.13098879284977,3.63842595544357,3.6607441910249
3.4769813958262,4.00093597703049,4.00184528782516
3.47100236733678,4.03523431260756,4.02248256180123
3.47593213748114,4.00118704203039,4.02087433825287
1.03454293613092,0.87808960597263,0.845308786167717
1.0695039894544,0.911340763905256,0.876498501580771
0.963389752613466,0.832925411679419,0.790884279991948
0.987075240475368,0.871890365782301,0.835058446171251
0.906505878038669,0.807926317703973,0.755536639460791
0.950134720181194,0.86259253626298,0.837767678722117
0.894414130421894,0.841434280115009,0.804922134602008
1.27488495234141,1.12124219411178,1.189427066175
1.37665252686562,1.57369129942603,1.18598796321983
1.85025529515811,2.13011789161547,1.70615132267263
1.88605748342977,2.08971888233592,1.72260758283528
1.93692851906956,2.1326912024184,1.75872492502435
1.30377986950708,1.61980945457974,1.30798093198051
1.78938285865106,2.31889144819068,1.86469246279428
1.99451456320733,2.13878999984599,1.91931655826222
1.69366601498071,2.16134077410182,1.86572520776338
2.18701900690992,2.60586484519267,2.35021407459978
2.16552790332348,2.62117358239218,2.38934361251897
2.15922887780323,2.6055224505807,2.36294709013654
0.888939636538846,0.780349035291665,0.689381605428469
0.913624243635423,0.811796869341919,0.712817789228795
0.90451476963467,0.801181696386444,0.675202804467111
0.932450361252164,0.84412785334578,0.71332860964259
0.930416091942488,0.844052157438296,0.669032289380085
0.933708204778181,0.877511362628001,0.674921432141857
0.998867838985976,0.971808675505721,0.735666829027586
1.24115123003383,1.43051425145283,1.08146388583899
1.20929842656219,1.42880538547468,1.08293177474082
1.27000631983115,1.32493733540284,1.0020019717775
1.78251314581545,2.08955908314671,1.67335876594395
1.65390085572033,1.82579531159483,1.4842777398421
2.09680346166697,2.34820245928688,2.04128440142597
2.10201998102049,2.2521578290731,1.98523386343935
2.10608145555235,2.32984575781984,1.95186961833124
1.56786347953767,1.94260126404409,1.48643200994389
1.96239134652011,2.43583972793157,1.97257327524436
2.02612199629451,2.44239789285545,2.02038336058959
2.04106615796662,2.43110479195597,2.00462582644249
0.963370239606254,0.851337998206369,0.695385838734457
0.993954756985078,0.894366058579632,0.717188093687669
1.00256800294095,0.870637448065706,0.747244037453918
1.0240339220414,0.890460139432357,0.7858315605035
1.06728006683324,0.930920471522426,0.800895453178628
1.1085629927525,1.00559973640944,0.845287383367101
1.18237012706723,1.02188583685891,0.914367714890986
1.43210448719407,1.31360285432727,1.2658046549856
1.59638846780311,1.35054306452257,1.34412698853536
1.67782739995897,1.43418122344384,1.37540144699178
2.32846178768351,1.9641132134135,1.94284851131776
2.10775970991462,1.92875521738546,1.87830509400047
1.92077634818565,1.59953731522671,1.46452933716395
2.36095088274733,2.05869483153116,1.92195318091017
2.41102349954482,2.09857906314175,1.90068602902147
1.05938514306643,0.911852775688739,0.769430600868231
1.10064186363433,0.994396602179723,0.810717495637412
1.04359817879293,0.869354039603637,0.736835029732548
1.04586019516429,0.864978522517346,0.754716305048442
1.07528431115877,0.909895139969376,0.731710120728014
1.15446174947431,1.00172639431359,0.794632929685731
1.10604137882904,0.954465432291505,0.763055197658607
1.11684947687278,0.934770148128853,0.84087483869087
1.21512014262649,1.03286726976277,0.870281244589874
1.23599518081842,1.09276057641623,0.869208891928038
1.61521910911085,1.40675286808745,1.41144706520561
1.597245253328,1.56379279570729,1.49682967644703
1.04301654575339,0.890004554767808,0.691665877681893
1.11844502903024,0.981455329794358,0.752796750563336
0.974457506176463,0.829094354221344,0.646671040162716
0.951627042440386,0.809139371146346,0.651008322574802
0.975035899888917,0.856165843629404,0.646147000789785
1.02677886116227,0.909452291248203,0.683256351832335
0.929742176018714,0.832066546612513,0.621567763556114
0.953387644220548,0.859256531579054,0.641535737111646
1.00187407136102,0.965239238767927,0.693383297835706
1.51181206605249,1.42738566003066,1.2531014050762
1.44764719194158,1.46537387090795,1.26666803453641
1.44392647485535,1.45809110926605,1.27805954923098
0.996498224441768,0.859793954498123,0.645739222168166
1.41747467682961,1.32553491776899,0.778276006872764
1.45067867172274,1.38519287964047,0.803864331906431
1.12656535144908,1.23098686255514,0.793620444145664
1.64421269406638,1.80767280023254,1.36688066830164
1.64238790603441,1.76855876424948,1.35851195080965
1.67935411421064,1.80128421751589,1.3481268462387
1.02326807822357,0.941539734335246,0.692728989383102
1.10982437997964,1.03538332615028,0.755265817321621
1.01766791981318,0.963510830258813,0.70775852832364
0.999478350101904,0.929510102066511,0.707346235895544
1.07799852932299,1.08994047910225,0.772590886782864
1.09141939901162,1.17200410203422,0.804415211458501
1.10663217189785,1.12787999000572,0.811257543036534
1.30528435303974,1.42108813462103,0.808622445251864
1.49454691300715,1.37290715888874,0.866897658168236
1.39032459752024,1.24431360249035,0.963919845153266
2.02643818374898,1.82119408053195,1.47578315339565
2.03820330630063,1.80806766296429,1.62495631221014
1.36033887564253,1.37664573678289,0.940541904471546
1.80840834771681,1.86970065413004,1.57697153974408
1.69070331039615,1.7302105027516,1.41163929858387
1.74176845818769,1.69079623075524,0.986007203449406
2.01567609343695,2.19339575948436,1.17925123131241
2.17141696065426,2.08433291719349,1.20212584903453
2.19373530394709,1.81022238521494,1.06124884945084
2.54157892054204,2.17049226105202,1.51470939683347
2.60193322469053,2.13688159703845,1.45589320298991
2.54477229958508,2.1728695823771,1.49099304722995
1.16755302906946,1.16630794323335,0.818054803913837
1.23371468689851,1.29131692463808,0.898178894259899
1.20618305880301,1.13493480671997,0.810240780645664
1.19076889466541,1.07918692527696,0.807564503422287
1.31863794080779,1.24561341857706,0.858029631587327
1.40511790172713,1.34533443336966,0.920544600561739
1.40808031037996,1.31104596152145,0.906303195618906
1.64471122848905,1.60257934399877,1.26675864234091
1.93679953116625,1.82432707460846,1.24454275643123
1.64827581134967,1.77061196555263,1.38383976280941
2.08007234087624,2.15015683688789,1.78250135011076
1.33937327140184,1.26961888624872,0.863633448871505
1.49554495466255,1.43079884965666,0.969443005155077
1.26163357778373,1.16600009158289,0.827162077577808
1.21940371069202,1.11685782289162,0.837309574036843
1.32114089397945,1.18675598176623,0.86826044200168
1.44183541113213,1.32028514505043,0.941511830740057
1.40530341743793,1.16527566769229,0.939799505236274
1.54938378330334,1.10388931906103,0.995192506458765
1.71489766445158,1.22863340778697,1.05034883695463
1.42411198425593,1.31056900482359,1.02086382336678
1.80149589403888,1.62749157023881,1.4417631184006
1.85565803676607,1.73108907117583,1.47109764966899
1.70353376857601,1.6274783504852,1.45553143729108
2.12819021335542,2.10914760209857,2.01509563458228
2.17980936332392,2.03352752303694,1.98549625095038
1.93266274537202,1.89371631268653,1.67773578416509
2.29569291589153,2.24133193711168,2.02112410958599
2.42073617008033,2.38121128414825,2.25458105971683
2.25601000707749,2.17241424518255,1.97475770738239
2.61251171117178,2.52030680866906,2.35729170050916
2.61563140619423,2.54123417772135,2.38956870125014
2.63838309494654,2.52230016411687,2.34711980090514
1.27520417517998,1.15404213371356,0.853024522640784
1.39641726267371,1.25365362303276,0.953303143453874
1.18969815816705,1.13039935798315,0.807383729655817
1.18182950638381,1.165356802942,0.817554287699452
1.18554320884305,1.15943038194342,0.810527986217986
1.20601845680232,1.09445509426316,0.818206154870417
1.17895993820899,1.28290066757256,0.824352848944256
1.25606503130416,1.30166470242632,0.871020937123582
1.21736618859642,1.4352005450657,0.893390474927599
1.17558865860043,1.39044195226998,0.819523489965809
1.77259486041678,1.83859445125243,1.18544328265342
2.53236684845026,2.47360231436866,1.77350942085122
1.83401285678012,2.00829396586879,1.21565064246885
2.60669645078111,2.69401962609209,1.79747399501607
1.35132484850082,1.81205357817289,0.932761385994588
1.47876225236969,2.03081199473595,1.02886469793562
1.61625847931513,1.95786423033569,1.29606389372832
2.33804256969799,2.62706173563342,1.89120735603203
1.68675054318943,2.1244261257144,1.34412453402974
2.42599235920299,2.84703572298419,1.96024108525828
1.28520742555499,1.31536372657538,0.885415948089834
1.35864353352205,1.31682895849767,0.944836409320346
1.36181159695571,1.5549547506803,0.941241739328764
1.36874239795018,1.62532296288971,0.967291556256918
1.52194497494203,1.84256221625804,1.0262337466707
1.60416684326317,1.92137103351782,1.0822640169285
1.71892187622009,2.17310544397536,1.18953511704014
1.92765316658118,2.21927665604632,1.56101190260285
2.22875642178238,2.82335183822722,1.61408146288244
2.04525444582565,2.51357998064852,1.47735884475223
2.16033821204527,2.6036929567475,1.58000897497823
1.52668048218813,1.90664698007079,1.02825707629636
1.69065526222172,2.11859932712875,1.15768982479259
1.45412885818988,1.84901593905703,1.02020918141601
1.42538920086945,1.77516300708514,1.05154609217081
1.54147376429053,2.03196790549685,1.11306954673777
1.65345270405342,2.24742368656786,1.22027202673525
1.66435027721259,2.24129753632939,1.29995739418887
1.81552229469965,2.19531497755546,1.54619848181647
2.01141518081482,2.48674642456645,1.65332775116662
2.27262125552758,2.5898212224009,1.75146542913549
2.64700855754419,2.80336589605033,2.12923966055746
2.78768339011331,2.87480465411577,2.20380881043702
2.75635266049974,3.0949264302473,2.32540850358954
3.11546178102382,3.44028619496109,2.69354289073704
3.02640977789876,3.379521928609,2.75897172957535
3.35933011307944,3.58798747054541,2.8660273959544
3.63547264763386,3.79998231727393,3.09965197365489
3.6569447128137,3.95872419104917,3.18859566670745
4.02215220417891,4.08512767379499,3.56578999516323
4.33340395793009,4.38724976131155,3.90536020013186
4.3753510439035,4.38618986095432,3.91477720497028
4.3502196598233,4.35585187858353,3.93469491158594
1.49501050548202,1.88639350267041,1.04908911985152
1.60126881335492,1.93542227620759,1.17633121669529
1.41678832088521,1.77912812478093,0.96235025065283
1.43135406419989,1.82128451047597,0.988637982635981
1.39403454692858,1.7019355510963,0.943104553250578
1.45636297945618,1.77224340311104,1.00780607358261
1.38995875566542,1.66837820387493,0.955055667147804
1.36635541213405,1.63112468845276,0.948504736740322
1.43021970835751,1.66788827200682,1.01123676943949
1.46013372533824,1.76720979267167,1.02346015994921
1.66674151127083,2.10197445746161,1.51249074371008
2.04711211210375,2.1692104276022,1.56265170447336
2.65611288546967,2.70115772273416,2.23186700983599
2.12488647535557,2.25586093257953,1.62857881289611
1.34972177321772,1.61458664085709,0.909913608042859
1.35844908386368,1.55484730332771,0.923344766035166
1.36098455049142,1.6594009419089,0.944370888142705
1.42885791018967,1.76529291227507,1.03841886665904
1.34352722212891,1.61053846611637,0.933255154444366
1.30184767516724,1.5245674497122,0.908822910956803
1.42894367603524,1.71826574790172,1.01437162774069
1.6695605379269,2.0105292415854,1.44674523328368
2.07548814905816,2.58529869949861,1.74669433993964
2.57557407561957,3.05339974280262,2.24095218814279
2.52128950393912,3.01382799468955,2.26141116797284
2.50402031074454,3.05530486510742,2.2803762150768
1.67181922345826,1.57746402903984,1.26092321322353
2.04087313633126,2.01627183095025,1.80230576230573
2.38236518154481,2.06157475552779,1.88248190511767
1.86655336476346,1.82436067617012,1.39806409832554
2.25318637947934,2.24153228127362,1.78958620194825
2.26562696680524,2.22991733229737,1.82372710176883
2.27715564104673,2.22599281929661,1.85960442180149
1.36027687740669,1.62053380277088,0.95460115279504
1.46032592104205,1.76606370755122,1.04881499514738
1.32485242949501,1.51555305449828,0.940889315769357
1.29834402608353,1.45608290310576,0.936808765021998
1.38445729418348,1.54040931697309,0.985645376349702
1.46614966423631,1.59162013715918,1.05071993777902
1.36989212709923,1.44343427638854,0.990808027834858
1.41342683911445,1.42050477913157,1.0556442758057
1.34628412379631,1.43787992346833,1.00875932613799
1.49584238208439,1.49724897005306,1.05494888777432
1.67293847615146,1.674787439151,1.18923429562807
1.56339147024381,1.48297963885416,1.25697149582269
1.56729524726067,1.48211865939504,1.45130583703967
1.70719571328459,1.58680031656912,1.35761871603397
1.47929484769135,1.66997878208253,1.08494712238695
1.5063787399111,1.69298348737523,1.15869259348003
1.6668669732136,1.81596609546429,1.22558370889867
1.75265439835146,1.85560490581075,1.28121788627051
1.86617736437185,1.98655634710115,1.41771104483611
1.90600024378632,2.03794974743847,1.50785802580663
2.32139805904434,2.21669634443449,1.79351096092016
2.44921338262261,2.3262399457924,1.84164772762529
2.62300627573715,2.5273806540456,2.00758218112628
2.84984154038995,2.44946913778654,2.17730223687096
3.18545481510005,2.76818047971191,2.43070737179997
3.02945346477732,2.57535311083144,2.31420236075883
3.397158985652,2.80748570244782,2.77670100985416
3.8172539170055,3.18928870106368,3.29835233446965
3.84375197810608,3.21623774796372,3.27202139511301
1.78862979156599,1.98338863133188,1.3271050045876
1.88595631287428,2.11973132188719,1.44082232352135
1.72435364683057,1.88723609621128,1.22137643129584
1.71631053816777,1.8326208311693,1.19502591136785
1.79249172056845,1.91639200386655,1.24993444627345
1.89467447849838,2.03111045906125,1.34875543601867
2.03670771754558,1.98919170945222,1.36525522376826
2.09373406411206,2.01602726786551,1.43313443803846
2.17531235343313,2.05922740611207,1.53482783316242
2.42250737186282,2.32392280695553,1.6275403603114
2.79509215455277,2.73413324085981,2.07037772486625
2.88541282849419,2.76291826228474,2.07337568495679
3.13529020258801,3.06713726714647,2.44592075660816
3.245278189512,3.07876969128316,2.36267460902922
1.65639846191571,1.81327618536707,1.17922367463915
1.83176828724491,1.88219201283088,1.33366958742733
1.50422068178301,1.72957631134988,1.09340426930654
1.52167634569531,1.76348188399773,1.13672530130843
1.48149141247207,1.65775471257249,1.08647891755891
1.60840046204715,1.65745602622399,1.15584893309147
1.48688370358186,1.59808146930246,1.0866103053457
1.9075450654462,1.60358977743673,1.56964308245084
1.96707955420304,1.69742022709736,1.5130348445336
2.42767096217898,2.02483500218341,2.05881691791934
2.37685361088207,1.99473916007298,2.05405082830513
2.42155426787933,2.03486028929593,2.05856491998372
1.64068826842565,1.56058215138978,1.78475146229424
2.11614020439725,1.58053352454309,2.15858275822216
1.93565191484351,1.65631121643238,2.06948506577989
2.18288328695184,1.8679340928985,2.49927164769066
2.63609130195804,2.26528984528437,2.93767328383496
2.59237488708757,2.25128657341465,2.91866007163289
2.62987649978852,2.21782751984538,2.93701918317444
1.50535353398385,1.75018769869029,1.12011530229033
1.54345377101216,1.86276833926611,1.16578652009847
1.60207104408466,1.77753342942114,1.18462839992292
1.67768530998758,1.75497313673156,1.23713549149326
1.7129542682147,1.9119003582867,1.2512019588283
1.73342194690205,2.13332558172988,1.28905006363377
1.9700905313715,2.31113496444552,1.51349001158601
2.12692463180614,2.6042214025644,1.72464529279309
2.15889083648814,2.91654647493463,1.77038567143553
2.11136847522613,2.37797176431114,1.70146027313543
2.2906710280701,2.55525803493332,1.93242632021954
2.46313261826172,2.5994279148489,2.06131828827416
2.42229531739626,2.98215399243989,2.13495564023799
2.77662508400938,3.35558281441347,2.47034065944613
2.68206306924122,3.30964708777057,2.49139054596623
2.82499839952479,3.50686025761445,2.60940343390032
3.16537570390659,3.88967110701553,3.0172520835585
3.08832999606218,3.79048217024108,2.89928852684376
3.36219679117685,3.86914790881876,3.14712832048242
3.69930920831209,4.14765281388116,3.46144197083723
3.70252121689335,4.08875663799078,3.49166327603862
3.66455708967995,4.15312009270499,3.51528440719248
1.71785079825038,1.67923125216969,1.17666702747539
1.71931675522395,1.5706536583602,1.18416499207324
1.82291258645834,1.76317180199404,1.22384396696029
1.90244762963515,1.94900581646215,1.32463231058102
1.91499919308974,1.7895934018121,1.25690495094085
2.05932226724696,2.01212179520832,1.3826313335602
2.04405194326692,1.99360916276117,1.35760117162067
1.77581939958773,1.63064010734421,1.15807849077907
1.6967407810131,1.55746479039682,1.12600478348195
1.80127985865017,1.64855723281125,1.16078755796694
1.91124031360297,1.76737195584661,1.2375251297654
1.72821852255618,1.57776741399168,1.10980217963853
1.74428711047533,1.59889931278502,1.12970064550588
1.86761962320275,1.71155086261806,1.19832006624144
2.27547510045745,2.0771605488741,1.6517596295781
1.98000020235244,1.99375247642471,1.76385599055877
2.37735109917614,2.17415408726853,1.57115021174406
2.7137221669235,2.56715736998029,1.95353115091798
1.57573763180916,1.43983519471119,1.03536998737679
1.50542417159694,1.39117257214118,1.01663874156934
1.56539530582095,1.41735215803365,1.0292303469387
1.66272670359085,1.50347623377699,1.08280427710442
1.46911763589214,1.32481012604921,0.9860648549465
1.47492071893317,1.31356305500746,0.999623419156897
1.5494434350013,1.37757396909248,1.04737642045577
1.90410515868972,1.58322878090932,1.14238295651319
1.83184310774632,1.60156584033653,1.10620559342045
2.20217323725,1.99392289892525,1.47286641346877
2.25305756135701,1.98912983613518,1.57642460620911
2.28371064458091,2.0343083872141,1.59024299402354
1.85418514243492,1.57400469308157,1.1848277644338
2.23433940563749,1.96055117655654,1.68456433310459
2.31504860100346,2.1522737603184,1.50071049816586
2.40777336051349,1.95891216511376,1.80258454144088
2.85371098469273,2.42663338114237,2.2969391810606
2.82362255055048,2.42289420449929,2.29253509386096
2.82934922141405,2.39506366956301,2.34946778230278
1.3643275511683,1.26297576370854,0.929824057676315
1.29522757109245,1.19830534932784,0.907202860719699
1.39462761745798,1.32250947373498,0.943220821297051
1.47784638882248,1.40843360482627,0.996150374776393
1.35016033131685,1.30531746864692,0.919299725962102
1.31403432954465,1.28016029627051,0.913799536497233
1.44718587955075,1.42752077937909,0.9765901305387
1.48514618065935,1.48814690134333,1.03327044626663
1.53284746115209,1.5034738333679,1.00543577272772
1.52267249918708,1.47709209750193,1.02984952856962
1.98002772598123,1.55474298238637,1.39930377502273
2.02777466312665,1.60515416096052,1.61284392481136
1.64637528923814,1.79074756780728,1.48934702245946
2.25697864394552,2.02286365221166,2.15179037284912
2.19768495524528,2.10038974959585,1.90499106646969
1.6591531075313,2.02572575465317,1.70982938018087
1.8827725463587,2.17579423312295,1.85632736886937
2.17228747279141,2.39858555624686,2.32511798942615
2.87387088346596,2.62239669624159,3.03455522186503
3.03872904090706,2.54285015150786,3.13904638355773
3.44093439028642,3.02683882142078,3.66289034677868
2.54918279617747,2.8522671405436,2.69146079752518
2.77058442316738,2.93922055788178,2.68512868540426
2.94484130026672,3.21761975700276,3.22916156782583
1.31686111771706,1.25211545463098,0.899370096663689
1.27573031545362,1.20931481384216,0.882222096853348
1.37108591042821,1.28914509708397,0.934677753534138
1.43888515881411,1.35788390494972,0.983820291274936
1.37210442840656,1.27280307289077,0.941176371991669
1.39770943963963,1.29299782546482,0.954477386902264
1.50015689627225,1.38226299562256,1.02459694497499
1.88141654128828,1.52521521403247,1.34579513911418
1.45568154208707,1.54769930093089,1.02152173251039
1.98003394029863,1.7005609510773,1.54016657421977
2.52558242197461,2.05827698161446,1.9878291294998
2.45618724472534,2.26382167408372,2.2232475084624
1.27367718045307,1.17117844332767,0.895202755804462
1.24949721544407,1.14552884870603,0.90286580045931
1.25143609699228,1.14550829191949,0.881211938243009
1.31111557159385,1.20496739474377,0.928175290176251
1.18691860793717,1.06386752651591,0.83725904997413
1.20455176686679,1.07411881486736,0.853409578257124
1.24755659925576,1.09098761653362,0.883299354510273
1.28790352519585,1.14112561637492,0.935787160181344
1.25115136763433,1.07212372417274,0.888969263842546
1.51398879460649,1.28252689612133,1.02557377224235
1.36909898757509,1.19012279214336,0.960880071810988
1.63417230348924,1.42025006526239,1.12953912110365
1.85780070950232,1.60196396197963,1.26680022464769
1.67305114223351,1.43641182501121,1.15474857768276
1.87580443925076,1.58177639394048,1.27215818983398
1.6033109173644,1.33540787375107,1.08818615988363
1.87821438138803,1.46368234310264,1.2076989324422
1.10660363161993,0.997639411110203,0.789849967067665
1.0645525595598,0.961846154465008,0.780779470444157
1.12566842322678,1.02999772992853,0.794012293878381
1.18524170111178,1.09081602494762,0.836573011947546
1.1006292138154,1.02175062237647,0.776823479211863
1.09405951001403,1.01146237635681,0.783351285125138
1.18066396288513,1.12817951412728,0.8361508074646
1.58946741355836,1.53647107595352,1.33389382258672
1.58538158419548,1.52429976872606,1.359333764468
1.59342218790597,1.60914447233094,1.33434445678145
1.07174867334289,0.994067800079893,0.757990995194448
1.0483530885353,0.986950699690894,0.754762088523681
1.10983275782514,1.01769397992498,0.780973448496646
1.16220335013989,1.07030373351755,0.817592857626653
1.1171786038441,1.00547711490834,0.78815264219907
1.14547176505321,1.04456701493564,0.811330063875476
1.26708801391531,1.09786995420658,0.877281023317133
1.30607131499581,1.25080402380233,0.885792914845331
1.3322868865898,1.33991328814012,1.01021248759955
1.42346774956646,1.49648289140894,1.07145577284518
1.89423601085492,1.9569425756538,1.27257389334267
1.33869294879004,1.80112633517664,1.1560134816794
2.16809246191585,2.09369953976872,1.33176876935257
2.39232131848812,2.45485188790314,1.75366065828087
2.8124721892891,2.6495788393443,1.85321048161325
2.77802848068002,2.65900451546035,1.64177757677259
3.28237229096654,2.99312837120852,2.15225704664528
2.68615447342889,2.82399351311229,2.05495692899022
3.62726615479896,3.51469158362493,1.77032530237506
3.98616561548313,3.90859587157016,2.07504686095103
4.01893094997837,3.88452142944263,2.05537273929244
3.96285589633561,3.86869847646314,2.07745801641952
1.03197574910718,0.928208654515566,0.749145175414703
1.00844157972147,0.931639764040139,0.76112566472547
1.02599553129209,0.900035808251538,0.745920072174603
1.08114137099349,0.9467840043328,0.780263553030047
0.977734900784884,0.853831988237453,0.734000845281392
1.00497475988899,0.865470780330444,0.762665448026582
1.0218536132053,0.898828404363356,0.78778941211062
1.10971022538703,1.03684028693882,0.907093642462825
1.05031200595647,1.01291349067611,0.899577675036078
1.06068895057836,0.980262677891391,0.903137879760275
1.5657765059255,1.55221543528005,1.43222198668821
1.46407999259336,1.52568223180178,1.38878008596869
1.98169487704878,2.07961348934581,1.94649611211347
1.9995239861678,2.03205537477132,1.93001242881634
1.96154674181589,2.04823457461625,1.90138124654281
1.5986653783051,1.52421317297148,1.54354127531062
2.10570643036153,2.05536571510848,2.08408066206223
2.125312364895,2.06082968106174,2.07952111745603
2.09360990036914,2.05143009434947,2.05464672734597
0.911526919229949,0.816778730477658,0.697486754276084
0.891564643827248,0.802070119266126,0.705748006499637
0.909954857480039,0.837112002019411,0.689057870801768
0.957853527546808,0.880161426148808,0.720389900138972
0.877436849968289,0.837888796623712,0.678762101930036
0.8668168331378,0.830560745145425,0.690091808077429
0.932894446444311,0.88289682944744,0.700131953829529
1.00468721691216,0.946445450762325,0.733993656235489
0.965504578730421,0.94741049509394,0.758580243301918
1.41408431118171,1.4166558771935,1.29073272380251
1.42750964998958,1.41957403132448,1.30446975461396
1.44176724786629,1.42777809603376,1.30709943775022
0.996783618083873,0.910046690216666,0.736886259018527
1.37428929531969,1.1868145991499,0.910164941122761
1.60932174161173,1.35418413240776,0.917254140812876
1.38376019781817,1.22331850284693,0.837595157513567
1.91562850470367,1.73311683385971,1.37134228616842
1.90763459899864,1.73968833809206,1.40349953423358
1.94432977281767,1.76661703174366,1.37734180860583
0.869192844121553,0.858574687012423,0.677971067034176
0.86216025411517,0.87195698976344,0.700470678708615
0.902523051944098,0.899645239967933,0.692297937807465
0.949340572654055,0.929491034462182,0.720907493715417
0.917429273553166,0.944769249393739,0.711374049022391
0.943425903870225,0.988175392773034,0.735659226081483
1.00271611864812,1.02598756739113,0.766477660268111
1.12637693186472,1.22707696223678,0.923966940538477
1.09882347518468,1.12291809105564,0.910071101851591
1.13597530515329,1.19606866964193,0.890015818726879
1.33793077342794,1.38176677828135,1.10889053800826
1.37368222161177,1.50390770631656,1.12622525109469
1.2482322555454,1.28796735056395,0.933218051199462
1.72769595173076,1.76489882889278,1.48058513044608
1.75621842239806,1.74646004726741,1.48263194437706
0.889998661780857,0.917558208860842,0.711711663347518
0.915308490664786,0.965406394863842,0.753395728734426
0.87860775626533,0.867139093746435,0.703879018423547
0.907421604668043,0.871752533053557,0.720779454907595
0.878140662256131,0.835336999894253,0.711309832833573
0.929063395349946,0.895730068502862,0.753855058582327
0.936229844872866,0.828782634076972,0.734653093600509
1.02338875117056,0.924350303035997,0.796007509884538
1.0464463687374,0.888454001943585,0.819727077083773
0.975949171525142,0.804228406597199,0.826072644519222
1.03884315027792,0.914278811926494,0.992316502657795
1.081366479247,1.054907731607,1.15733943235001
1.21222376324002,1.00465675583654,1.22306655947125
1.36057963904194,1.1954001097222,1.51994665352868
1.31915259868678,1.00755636209428,1.2603462054099
1.50867876022288,1.15999638435533,1.48657510497842
1.14949865710592,0.88169061410528,1.08766267910501
1.27106633995082,1.00803027090678,1.32771391121893
1.31052764675311,0.986803322824484,1.25709197876081
1.52565098572434,1.16995992910643,1.54766731132745
0.843895782023785,0.812771506845895,0.712029000519672
0.880988160753131,0.86325423286543,0.76136414500154
0.818678031130414,0.786939709906021,0.699635851022315
0.835734084630505,0.797807626621599,0.714579148824864
0.814417214153363,0.796685420258974,0.718977195298262
0.83809378953493,0.812775202375405,0.750219658340318
0.822601018791353,0.79512545268376,0.736404930882229
0.860310940967593,0.849389295382863,0.782130399263964
0.845012615960411,0.816082062535769,0.737123608359217
0.883978386850795,0.842526521383786,0.850794765966166
0.854752316501336,0.805899287703976,0.784489060820317
1.34819870325706,1.31625305506317,1.30739181960636
1.36372981164363,1.32147146929406,1.33499530250634
1.36148079757985,1.33525771672265,1.3032415544036
0.845551368422284,0.855259076000679,0.740821059652712
0.922346366524243,0.944560790336986,0.848269553977449
0.849085674958933,0.865434306451152,0.70776632582354
0.865046794659332,0.867485384535901,0.713050678162114
0.89502679829667,0.934224486831963,0.727113795344612
0.937353236733849,0.972668873730718,0.772081129471911
0.964795810755064,0.991015712282658,0.748264509605265
1.05341598091939,1.06019541638933,0.819883020726115
1.04551177223059,1.01314742007687,0.787742064254433
1.10742113391209,1.08694704593359,0.852744843223674
1.58067314035512,1.52268029639251,1.32601143292034
1.45608223732632,1.42146466757916,1.11572084285878
1.3656989867717,1.26956249551553,1.04858032728827
1.99044501223138,1.96905544539883,1.73210498336414
1.96583191561943,1.78214869124577,1.66011204910506
0.924477777226679,0.985875003673327,0.781122459761254
1.01040369162555,1.09093041119237,0.90516601643204
0.926053297155321,0.968526401493947,0.768274674794331
0.935686494731983,0.951887143597211,0.758875545983462
0.983527090689862,1.03181604109578,0.839050332845973
1.03646134628133,1.11736128792964,0.906489097997378
1.07029906573084,1.09643417482179,0.922892642602499
1.07867306539596,1.09893787331243,0.926048586399766
1.16530609322031,1.18760027769708,1.04467237663408
1.15809717542506,1.21431916235995,1.00091126543502
1.55472630585601,1.54124180771982,1.38335705910494
1.59585936782553,1.87196455767516,1.56873162962857
2.13202040172912,2.50619841520064,2.17449756565459
1.70991330040226,2.0018914584636,1.67549171570074
0.984063920728821,1.0002397929839,0.854443432599022
1.11917020202829,1.11236314069576,0.984716535329689
0.915982016639259,0.913578812733098,0.836216998031895
0.917986395489603,0.90937804717202,0.872274003856596
0.917441748941734,0.895042048334768,0.86008827555428
0.885175031711943,0.874547367657698,0.89245719009852
0.994152691237059,0.972827350060485,1.00657223825602
1.14327890857541,1.0581356517085,1.0912219317923
1.06003704523109,1.01361284476317,1.08222175306821
1.07249853731328,1.07183142657264,1.16998643072689
1.72210430564147,1.58397341728714,1.75124366586689
1.63881482818432,1.55591095444984,1.76304011919855
1.1586214660079,1.1416413088682,1.05459024094163
1.73803655103901,1.56086583420139,1.57758469331082
1.83227013042105,1.5929065287856,1.53284363664988
1.03521100518393,1.29858975693382,1.21128859320495
1.25478748371776,1.47736215516668,1.46457175463604
1.20494399034953,1.60093117950869,1.59905656036415
1.16547075274641,1.36384514237066,1.32014073218487
1.5852714043547,1.73688297435861,1.74012476331083
1.56585765688333,1.69307652871849,1.71718278481051
1.59739492254277,1.71601050751953,1.67306069692771
1.0536228989572,0.907198379650884,0.870308404038804
1.23173222244969,1.0093012871652,0.994081410197822
1.14398295555265,0.914758605736258,0.931714601061394
1.18682951411116,0.96642488300854,1.02094838321275
1.34408958089558,0.970861300702969,1.06742519374748
1.4608894811727,1.03879670104147,1.16810842384882
1.68499638881342,1.1313645111323,1.37594534104722
1.77421859407983,1.41134948627861,1.6172177648128
1.89115573493648,1.29164309565682,1.53960429800084
1.9781596853677,1.3254440552783,1.69912890246532
2.17716251595,1.62233140809787,1.70702662995489
2.32931693883346,1.77666288152781,2.19902229599132
2.40240352415708,1.90624041474819,2.53669639118022
2.72338016669054,2.44396439611316,3.02043282014422
2.84772993743006,2.43515852943648,3.0697255605149
2.84748004364191,2.27212668601566,2.93155258702024
3.23120853926413,2.6238322170953,3.21927690287576
3.09095920045665,2.57787621218847,2.93490260582656
3.38169089181687,2.83319285324121,3.77139926134077
3.66596714330351,3.20088180810109,4.13819444304436
3.68434054427403,3.16898578840593,4.12742160193237
3.72752243866219,3.15171112393308,4.11804743150281
1.20982470709366,0.906765459898205,0.963905623149285
1.24568528442942,1.06838586132081,1.17874381024608
1.21581020174253,0.905791526028741,0.936726463766645
1.38428982779342,1.09085443163432,1.18233148896104
1.09881670840455,0.85737483696232,0.849188563332197
1.05476897713168,0.839240018843219,0.845212381807009
1.05887770639629,0.86257184883753,0.835664465465896
1.18126174227968,0.949414377443743,0.931880412337473
1.02871579454383,0.887105030861224,0.853781371569782
0.999786915510006,0.829766268600898,0.792717198909216
0.985041300274502,0.824453820922581,0.782843362281713
1.05115553790332,0.880315163544231,0.846714692939841
0.987260413091673,0.85245062223887,0.807597765705198
1.07465487188071,0.93963237047903,0.905376102777109
0.988876793217125,0.882712555802853,0.825709395294993
1.03425993215737,0.953837444740392,0.900022999377688
1.06020907934647,0.909982671079004,0.869263367022072
1.18512605993761,1.02001141831701,0.990663430697384
1.04779216031052,0.932381870258456,0.874596766756919
1.15748090948296,1.05593947552088,0.992935762821119
1.17157503571591,0.93055172240632,0.903690598766474
1.36573396615568,1.08620530353859,1.0417036388571
1.08187025004404,0.912008768682047,0.886311574249774
1.00990708277985,0.886199783139338,0.8729480409178
1.12801173945599,0.995616441774414,0.965568642831012
1.24499322195677,1.15054043298043,1.09630498393353
1.13280861077461,1.04190147719885,1.03158589352606
1.08066162268843,0.987559237213076,1.00495267692449
1.21545250278197,1.14350692351866,1.12717944031605
1.25570455224514,1.22225571795321,1.21204761826788
1.68841347486914,1.64442921561384,1.65088023007836
1.48405740107154,1.68536969951684,1.65262757456901
1.87746766957145,2.16825700692208,2.12802554432611
1.58126265058176,1.82928277038418,1.80270102550695
1.10403409596529,0.971056846409084,0.946346580441704
1.08900981119381,0.948024902614187,0.918378481167985
1.19629339794472,1.10386405743979,1.06782519207355
1.31510767088841,1.23766418239515,1.194601793121
1.19412476090715,1.13679036355164,1.11699117619104
1.19923505898275,1.15059222506041,1.13845297439043
1.3329910011165,1.38790657191739,1.3301566449046
1.49712280807195,1.69428743014219,1.58719998055167
1.54338123529403,1.71701701873354,1.72791777738803
1.76294372040614,2.02466319735925,2.00481541518704
1.49625243570291,1.64969600604901,1.7398451153335
1.87447961586275,2.04549605356362,2.1862262522272
1.92243601790177,2.05475948777755,2.15599088239668
1.86359919472368,2.09201716078432,2.20430977246235
1.11643060627847,1.01162887387258,1.02815206127315
1.15109904784693,1.07757384030754,1.07273296126628
1.07549830624471,0.956382970722641,1.00632431772888
1.12511628999135,1.05766579364742,1.10302606600623
1.02137728807947,0.886213331882697,0.937691700260013
1.02671963947069,0.892313925614921,0.938539290647069
0.983183633440654,0.891564739312542,0.990022254527119
1.04703539845388,0.998225667085884,1.41228465109148
1.02465423353504,0.982718791097888,1.46605010748518
1.51056284784044,1.46964096114041,1.96612819299735
1.48594217363777,1.47361842680335,1.97758965679763
1.43374333367166,1.42430800188199,1.93810892043967
0.985881924717564,0.917085648017422,1.1461415349782
1.16421072986235,1.27451499906975,1.6825955852586
1.13775744962127,1.26719807486682,1.62588063544932
1.0475146605377,0.970373463249819,1.19477951906377
1.51756005214713,1.52430722870965,1.68433920742473
1.53475782313212,1.52020545338461,1.6631821099486
1.51399872366004,1.48173896898569,1.68018264976155
1.08089012501157,0.954743594152346,0.966983273967098
1.17447728758861,1.10470558141204,1.1062672712278
1.10217735705381,0.955154328916568,0.950490017946474
1.11350484059063,0.954840689144137,0.954757766029564
1.17648938503739,1.04427760556504,1.03890498186524
1.22980286234625,1.13594156111556,1.14245735508452
1.29086695899042,1.18885740854128,1.20323208827778
1.42236295025982,1.3815295599727,1.5532080360759
1.4646579000258,1.33186896071428,1.53071567166848
1.53602609091568,1.44794597879202,1.48170016838799
2.12654843370687,1.9921348558612,2.08317896709227
1.89356792753118,1.90017650964567,1.94909406193928
2.27608054966015,2.32517786807625,2.25515999981587
2.18451583438649,2.18948067218763,2.39951196741555
1.14053150761822,1.01508032928039,1.01954855865707
1.10231318841707,1.02339801636438,0.995636706369019
1.21459860807314,1.09958977419049,1.13773402772276
1.30965549153146,1.20434645590316,1.24144681419907
1.21740024475774,1.15103368081808,1.21362761283205
1.17713701690519,1.11323526147143,1.17961995401246
1.38831973969289,1.32455118753673,1.42093195370677
1.43128445610079,1.44297726916179,1.62731952155476
1.65146622358766,1.4634546107755,1.58219673878051
1.66669940861983,1.38236311054763,1.55788627820223
2.13591625701843,1.79822794847148,2.00128684024627
2.1591323376635,1.83632953153797,2.02729635813068
1.22789148464366,1.24269288160693,1.27645593510855
1.36510937513462,1.37201773380626,1.38489527084724
1.19242170610064,1.29413845340956,1.31965256464255
1.18853385361375,1.28815790568584,1.33460867949752
1.26819757019901,1.48639010790808,1.42707662076598
1.33155352006129,1.48215826970597,1.59911277176469
1.32625836340363,1.65544042145287,1.38226377598713
1.59787035583684,2.14490874994543,1.46964716929272
1.61340841260877,1.9737131505969,1.40363665410383
1.37899388486751,1.61635288098409,1.56758598216575
1.85704796878012,2.02141566507993,1.78697831409201
1.64882971940691,1.83320079316481,1.73461905067532
2.00373232368237,2.11063874132249,1.80840899687727
1.86170325735607,2.06802852070914,1.92123812126598
1.39223329369439,1.86933375348758,1.64321286780152
1.59307723057934,2.45228181938487,1.75401649833413
1.39150785813706,2.09830625266501,1.95991177171603
1.33865653477929,2.31275129119536,2.07701097386143
1.56971814381685,2.56764267425764,2.32826908566063
1.62722530076435,3.05192711505534,2.43586113466361
1.58839217697384,3.48090015717729,2.85890766141502
1.67610498756355,3.76852141019527,3.15455782279039
1.74329223300434,3.96852107151406,3.18613118044967
1.52816083338059,4.12379987768028,3.34365601095215
1.49864096964712,4.2986196234239,3.57289204595294
1.86205709063043,2.1947116549064,2.3874177401167
1.99202030978412,2.1733111936155,2.59927695680843
2.10501745183165,2.55445614601611,2.42967621933452
2.08736385926604,3.08514623208301,2.43005937875487
2.50435974881308,2.67961958204513,2.71321941626124
2.60968527571189,2.67532191207197,2.84909405009957
2.80214268534479,3.56707409726832,3.09785139900735
3.00694575374232,3.86406508938389,3.15468304298847
3.28002398563865,3.93236530078082,3.39637736981077
3.04092917168202,4.19405954270134,3.39919138132765
3.44879338167829,4.46962556366685,3.73598231324564
3.43587483430827,4.85490361560213,3.72969004307487
3.61654332903558,4.95305878065516,3.87576722081757
3.85430847243167,5.42983191103414,4.07201711123854
2.754468247382,2.61194890679999,2.80656072094864
2.86848831239883,2.95030478806677,3.23558288938838
3.0355196606952,2.54437955996715,2.7945665604849
3.10031310972653,2.5944713760438,2.80658233102369
3.45736571050985,2.80829094741114,3.15386457701542
3.88246005622892,3.0599418882185,3.54720320394224
4.07487823060662,2.99226615131979,3.27407823099011
4.41031160282995,3.11282369211039,3.54067710642771
4.1253887236244,2.93174701600282,3.18717936392411
4.70559613998299,3.54283059025921,3.79087205047364
4.9143346305044,3.78894964619395,4.22083869486754
3.09803554846946,3.0130030789967,3.33434925792391
2.98297437780344,2.93605839218011,3.23889488598826
3.17813353985042,3.50142919222118,3.87816326224309
3.46343632160706,3.6952546191083,4.1613874691326
3.15209530426846,3.92653340363048,4.28304541792948
3.45017787822428,3.97066342059086,4.1807212929467
3.3829813566035,4.68461516728258,5.05255424995234
3.4095356157784,4.88630212268132,5.24617392319507
3.42935156912725,5.03324255418304,5.41247491169738
3.92428582152882,5.06288468466422,5.40978587394789
4.373937983597,5.41688687755194,5.77046678239645
4.28684012688809,5.38096225422368,5.67754128535123
2.84538665072139,3.86042157969248,4.38748205324162
2.9826955277951,4.06985830837945,4.5378983563836
2.68325533052538,3.77396351137804,4.71271178375388
2.84327655895665,3.7747940069243,4.97824877460091
2.56086714030672,3.9388524043215,5.03851576866121
2.65592507172074,4.19235795675614,5.36912549851153
3.02087753951524,4.45975756088868,5.96156777976202
3.32946271919928,4.75754896312771,6.32074939945256
3.21698968091973,4.89864140778171,6.21723462753076
3.45396980565419,4.55529001615947,6.56675810998912
3.67023880457436,4.65783684786475,6.77020976928728
2.23024983356176,3.536632175165,4.49901510594146
2.35291477254326,3.7741439662953,4.53169628620708
2.13469511875337,3.07377877813029,4.16526058274948
2.26200977799605,3.03913557335659,4.2784070294039
2.23065793028166,2.80804065736134,3.87988565678312
2.3698502137889,3.03500914481106,4.16881028563031
2.58218411244944,2.84118602352514,4.10176304492874
2.68903991957142,2.81820095952217,4.04519801084502
2.87724541523663,2.85907189910922,4.05924824244163
2.74459975143207,3.30727757266338,4.79452499048137
2.94798722466427,3.63890431871285,5.12184716036098
2.95980523155034,3.55788602460996,5.00560031215525
3.12922629195932,3.61391158948206,5.27177459356959
3.42254494458519,3.7745719794345,5.34675194251882
3.43411825804824,3.93135427945934,5.49167265435723
3.5880385735971,4.10720542779555,5.90507783829659
3.86877064444367,4.37580701762085,6.12766336964101
3.90881594621949,4.33949366929248,6.14073052150034
4.07478312975466,4.67378422680676,6.43973322250923
4.35748663128455,4.95230740368006,6.64861726070161
4.37472532294283,4.96120100083135,6.68864209670478
4.36200776331628,4.95174814239926,6.71348195302837
2.20593441669509,2.47917827641805,3.24758561051441
2.70881596177319,2.58335999860298,3.21339528392886
1.87343949261407,2.3455455932414,2.97929360766579
1.84734372700915,2.49368431498453,3.29615165441745
1.85379476364987,2.27171308116392,2.48290853521887
1.99757115474288,2.55785058585811,2.36819195474131
2.15998126996088,2.57714404574094,2.6219828653332
2.20664028392167,2.86317216663779,2.9939202603795
2.29534954141418,3.18822219671624,2.7924917403998
2.55488919842461,3.55860381034036,3.13495691004339
2.5896958132742,3.61648606307813,3.07178494703883
2.57139180026415,3.56088143247654,3.13645535964983
2.58451171013865,3.01936449822373,3.1199410671794
2.83121354125361,3.25928480879539,3.45684473055744
2.95797143002529,3.31973684352894,3.36371350594404
2.95307229579204,3.77613339997895,3.64692323908364
3.28822776679241,4.14704482454403,3.95352062019189
3.26898990769624,4.17636727693311,3.9949247537028
3.3118277502066,4.15303785081355,3.95808948716031
1.56683995069298,1.93290079830929,2.23463069674381
1.61019087323008,1.88979230346151,2.41443448283366
1.51057456731515,1.93368623121634,1.90349700764194
1.71357531868793,2.24039216730448,1.88103786759985
1.3924105679302,1.71463240434222,1.67757209082649
1.40392613435524,1.79498189737816,1.74868178755752
1.63465557290436,1.8452919584682,1.72065385325199
1.78237258990511,2.21889414509685,1.81219480028058
1.72271205078353,2.2334371381433,1.81085235124489
1.85291220126262,1.95554832707532,1.98717850053764
1.94287579900255,2.29687613278307,2.28155284813792
2.21057989475385,2.34104556561136,2.37456155437602
2.17713397101321,2.33790423763897,2.31562083193436
2.53684550187136,2.69164799651333,2.66095049231555
2.47236193563867,2.79905369981004,2.72041595839688
2.65446115719136,2.76684342687701,2.78532572349672
2.96202174730888,3.1167919366933,3.12003349992067
3.05996542478598,3.12375019637576,3.14552368504582
3.18729202711236,3.27474666954156,3.32160521278258
3.53354429837997,3.59238884037186,3.63963298237201
3.52221605459037,3.60796605250166,3.66124082089924
3.50278220884017,3.58728281983008,3.63607421391959
1.28715286075096,1.48145293326633,1.43436867918268
1.33102410595625,1.53798124393322,1.43899970392756
1.23325314643904,1.30922741983822,1.32133292908489
1.29460439037859,1.34375767697826,1.41161290422123
1.16619377289148,1.19259890952871,1.19325424201429
1.19074403932358,1.28186063135743,1.28084270782622
1.22882490370117,1.25130295862287,1.24494474866318
1.36640764753285,1.44791184048732,1.44298039105721
1.28874071961539,1.31436835073163,1.43194032553654
1.32661499448974,1.46731384036634,1.43147863951011
1.75561258592322,1.91757326171653,1.8134556986864
1.09698804170139,1.09787139444585,1.09315836827643
1.1480119129652,1.14907514750981,1.21417684871719
1.03848231565574,1.04295173925947,0.992894409141944
1.05896925609406,1.09241348088025,1.01492201366294
1.00421359456945,0.985753050196277,0.968606218323721
1.0446032435621,1.01646139902479,1.0284228620004
0.963042058982858,0.963020219795671,1.0093385202492
0.97073351986214,1.18147945968767,1.69100621437385
1.04227445276882,1.23482284880305,1.94437957269146
1.51485765571265,1.7333827114696,2.47802502622462
1.46076859527477,1.69998263757256,2.48512344444227
1.50129435561749,1.72190033097121,2.49608733269959
0.965688296813347,1.15269579909014,1.26113758183269
1.09586798542693,1.42175934606889,1.86305228579717
1.06461352893488,1.50439314185848,1.98857921196395
0.988426847573821,1.3196909143159,1.58930964140904
1.46135306762368,1.76176589323564,2.04728456380811
1.45824597916299,1.7236414977175,2.03278846999537
1.45372581840718,1.76712908924468,2.04052014950116
1.01838420014738,0.995881848395514,0.96504200727055
1.06091365384352,1.07739230372753,1.01982024481056
1.04391594111411,1.0085277757252,0.988602801382547
1.06765071256434,1.03589963958265,1.00720685785837
1.089871069313,1.06507741594874,1.04893042402964
1.09403209417737,1.14215026129374,1.11519543854209
1.19331268178222,1.17818167271155,1.1544898163533
1.23996737079023,1.62990342948961,1.38744534196571
1.29113838090409,1.75598028465471,1.48729855015282
1.40596342379204,2.18053462870473,1.74187816036309
1.26359049406154,1.42730132254604,1.30526085108189
1.71474368031904,1.94741430543727,1.71459538873136
1.66964124546871,1.89162112928629,1.78474088295156
1.57191269829605,1.95658192881316,1.75957243598205
1.08076958284208,1.02622057727926,1.01888693764477
1.10576754760007,0.992735683515296,1.02901544514934
1.10806491205193,1.1811304970222,1.09652553992254
1.15957661439187,1.3413058042325,1.19398856103237
1.12589085185123,1.25215751304824,1.12697031772308
1.13774097432254,1.21192659541472,1.13005255173782
1.1539619990695,1.43898200803817,1.22063374605242
1.17644850554043,1.6699575747419,1.28257942566361
1.2699865343073,1.57031564342976,1.42187622701939
1.28749065979211,2.4462084028863,1.34867840698719
1.71523802438084,3.08941288482522,1.88620916132939
1.27477664794498,1.4541873079118,1.36828958907979
1.42342827952369,1.66040557742586,1.58693051067429
1.34837181662207,1.54802956981414,1.49313110725126
1.31999441862653,1.48268773588311,1.43467763181505
1.56484913250274,1.88063729562945,1.85952769809286
1.64613636236393,1.94278910447681,1.95648885872909
1.76255829321355,2.0997923916085,2.17558528954058
1.81069389529872,2.25676200361719,2.26422097880913
2.06174211654345,2.44779873858388,2.55449314419008
1.89187652193722,2.45525036438841,2.36839290333394
2.02151029517559,2.83254338772393,2.53555707185399
2.07626647071017,2.76378424212085,2.76681594227423
2.14446825594161,2.76776929545578,2.71262122422834
2.42324080977274,2.95645133281717,3.02647460550734
2.51839253019739,3.00089239062289,3.00869966248991
2.45727678192085,3.38544884651045,3.21112315826906
2.79630792094617,3.6338682177041,3.48797937198964
2.79762635214534,3.75374005548625,3.59385730188782
2.90133756455188,3.99364594201361,3.68354049544747
3.23168413382273,4.30744913313514,3.98113042533478
3.19575655839805,4.32194772924832,3.98778387802145
3.22821659819384,4.31169925092719,3.97094373304519
1.68273891131258,2.17096210377798,2.04159814117903
1.70316935815695,2.2896154172062,2.07900531765598
1.94772163658033,2.46764779146483,2.3881421473598
2.09790036205668,2.51873611239144,2.54948312397788
2.19604906432243,2.88763092279372,2.74385214437778
2.08967901189597,2.82341746173168,2.61284357515978
2.52677899979219,3.21956994751319,3.15005043999707
2.85898495580191,3.44657468699017,3.46790465957842
2.93875293952765,3.66012728274571,3.55667792426975
3.2517576340121,3.88882280646072,3.83782248581073
3.27145365687097,3.96807009008198,3.89588621742198
3.25288504239207,3.92425355250679,3.89671210138634
2.60449531179734,3.1231261456294,3.61667910018138
2.9153740916654,3.28391660266683,3.95775668061005
2.85867380631375,3.36107815953888,3.94384680070655
2.86586874826851,3.26875707498163,3.94981849097439
2.5668307220119,3.3350994510119,3.23753219969258
3.06487866165457,3.70620058787057,3.63429400994296
2.84803317714799,3.71149293854562,3.61693188084804
