R1,R2,R3
10.7106675122878,12.8917279652774,10.551357294305
10.8650968343584,13.1000005555427,10.7493401548755
10.9088663291183,13.0347955353439,10.723222438614
10.8964487469732,13.1362777692994,10.7515603539504
10.2229483235113,12.2923262401877,10.0287376993908
10.6905068669086,12.8647521851347,10.459164550581
10.2850846348391,11.8875340421951,9.81004172588757
10.2671604803463,11.9227336164523,9.86237318816863
10.3205153466796,11.8509265456797,9.80328148615416
10.6853834373545,11.7804700863692,9.88333061735599
10.8613994782563,11.8141447755902,10.0273953860136
10.7180418170824,11.7296944269014,9.75330998732181
11.2492010254327,12.0699029303441,10.3540269866758
11.878781566956,12.1231456873169,10.5225542326906
12.1245616714834,12.2076712710441,10.6641750630379
12.0756250975821,12.2100709643142,10.6599928960624
12.0843182153086,12.2282846316497,10.6281402061479
9.36513768081211,11.5608828316698,9.44128645559017
9.05263923075252,11.2532173666892,9.30804107468514
9.15568581222678,11.3967946715332,9.27737556888184
9.80553586276183,12.0232802568153,9.794231842421
9.92368796142677,11.8853972766903,9.73921949581754
10.4776136068284,12.8537546559033,10.4344788017595
8.49571874702623,10.7413559407368,8.82284411318297
8.62299466910051,11.0771151512207,9.13022070618037
8.7400554827885,10.9615759000935,9.04182706454226
8.5004234795,10.452300850368,8.70316777332346
8.81341932030933,11.2008724037421,9.29106728708702
9.58893646054516,11.8287598546422,9.73105300323541
9.82486751795295,11.8032303005432,9.83526924919534
9.98212559947283,12.4467752385613,10.2301372276069
7.8053096360361,9.66055218111871,8.08198284727198
7.81282548947986,9.31327297559036,7.91643614444956
7.48943825619631,9.25485254782194,7.87189730343562
7.70120626948312,9.68943777094066,8.20642924943265
7.159260926396,8.32620253343006,7.42389982910598
7.2690368057129,8.24386768844706,7.50713585001394
7.33659567069144,8.50844574782653,7.80850769844671
7.37426747304414,8.91665764116203,7.97559775537052
7.79541297649311,8.14097761011469,8.07097175046008
7.99529088129687,8.05926251519207,8.27312822365631
8.05432068118027,8.18742050241231,8.21248762776318
8.02388822822023,8.23347852988157,8.26676061117515
7.50206206977696,8.93702379941873,8.22749758970064
7.74289567537829,9.26203875956376,8.47866225003487
7.48126484846913,9.049039988929,8.23073658950141
7.82490121831175,9.17648145882167,8.75462961909141
8.01014215237656,9.29878693825333,9.00740179763923
8.04906194890486,9.3459698639906,8.97973556784176
7.99369529742957,9.34270524151245,8.97478709375226
6.94998223106751,7.46441144106584,6.82617412886466
7.11544445792734,7.59160107490125,6.61015209618257
6.80429189912651,6.70300004587876,6.75790546631843
6.83807797733085,6.77391084116221,7.13133776549942
6.8234284852851,5.91468112151669,6.36766980046668
7.02282701477175,6.13520699724225,6.51204691642987
7.47635552063332,5.62251888657504,6.99677993818063
7.73429386391929,5.90469795111997,7.26295917086282
7.73664920794125,5.52669110218072,6.9952714193575
7.86255463996073,5.54244384349801,7.6524368247172
8.04303267896585,5.67449246942927,7.81788260953652
8.30062149536341,5.64437350000656,8.30197841131033
8.37000658958493,5.78124876441971,8.36189143866231
8.71219750708751,5.77302843507379,8.84685019230347
6.21304555835973,5.37330656092926,5.436645857445
5.95960370926623,5.3050591278077,5.27899937548052
6.17151743061306,5.21364427228835,5.05482964015553
6.52397588160606,5.445249856899,5.45033171079277
5.88311713802073,4.9726276592612,4.34583387333579
6.21175224366219,5.2480134982492,4.26384729046178
6.37703344128585,5.51994910909461,4.47113316492556
6.27592791532284,5.57107987845555,4.74980880657321
6.37846929845601,5.76530443377107,4.35642073160587
7.29512049198551,6.12449120972405,4.96450366378459
7.58370256540728,6.46312691649962,5.30265036497662
7.47992991779657,6.20213243780054,5.29784299521366
7.94509288590404,6.66099208585966,5.17913941616847
8.01420687957737,6.74988883165387,5.24217420744396
8.14578259218406,6.92981672767222,5.29853497558262
8.62819434898323,7.18667795822217,5.77171408383576
8.82449100305393,7.3224577664587,6.0544744919292
8.75750047195364,7.36358681824342,5.94873859787462
9.25740398214242,7.74823119441072,6.28548184778142
9.48132662734432,7.95891908199158,6.52278456652243
9.48814926108996,7.9877783728593,6.52374661750492
9.50106273889796,7.98469813454131,6.5289663706228
5.01201989580804,4.18916137724042,3.99688367379354
4.48333993700088,4.41061313498858,4.2316699978421
5.04377876358699,3.56181277716028,3.68572582272736
5.67044447593766,3.67702716291481,3.78230735457005
4.35866457126553,3.12380686917093,3.49117119341836
4.17643032823712,3.43739594214122,3.87428085361898
4.93014505255759,3.18244013486392,3.84451263371838
5.57078529867362,3.21683490060786,4.1720106234261
4.81646458388277,3.38559915171661,3.88636899997898
5.34310294956563,3.63185737102552,4.45006940214914
5.49951491952405,3.87644825205973,4.51804129016159
6.00635839583526,3.96142926256302,5.22954128585841
6.30812632081785,4.20205391159902,5.59961324527048
6.29899133994868,4.23811111731735,5.56418431396584
6.28114540919425,4.2545407467134,5.53912664754835
5.50414603937373,4.14967084635949,4.91225513448894
5.70139706508104,4.45547969272593,5.19592458968339
5.72236703181966,4.48791369734592,5.1965888200654
5.66732850038187,4.43144648257861,5.17362036539263
3.7008174488249,2.76930338953388,2.87478106771336
4.15984774689538,2.94293342706849,2.74662433038387
2.99618723674533,2.63937104614364,2.81960468541673
2.97554271176275,2.92870957112333,3.25028654253469
2.81246208467007,2.47147618907327,2.45068050800836
3.32981511395561,2.55869755175075,2.39621988441247
2.8610953593347,2.72685167992197,2.95680094820807
2.81311919519426,3.04671741986696,3.20867865872382
3.24015596432276,2.93185645900105,3.04662468976331
3.33157458187718,2.85557803619402,3.62708110718408
3.48315686285412,3.11442703676506,4.05963453278042
3.65218634275703,3.20335955392088,3.7820824613926
3.90218024032535,3.12634242630772,4.10131010782266
4.18392993840114,3.47458553690285,4.2072187451469
4.15527928291919,3.39900213602801,4.15968602553888
4.45055184192557,3.4249003165638,4.99746020752644
4.55486978357976,3.70010043461147,5.2743431511678
5.17409778809452,3.82041446365613,5.75532183815326
5.59956867301707,4.10941896076948,5.82862241277183
5.40501971341717,4.03902394757457,5.37216987626517
6.29881240511615,4.64591697955958,6.52351613446552
5.80628785361587,4.39418671279955,6.7157403706513
5.81297998827411,4.57204408763177,6.90464121553517
6.42564125473887,4.83099195343224,7.34859270048223
2.60921079006335,2.2655201932412,2.07807613974817
2.67320506400419,2.3069500809072,2.20433513508837
2.59621734386535,2.21160725350077,1.89965425342273
2.79946279011859,2.35063738526649,2.10635730441498
2.52833779175643,2.12297241645706,1.72840959196828
2.61911170856512,2.22958486464319,1.80424832668731
2.60390408743528,2.18910590964259,1.97202414433064
3.12691059971015,2.27110521975079,2.34724935262005
2.72711733523389,2.33983882524772,2.42656097003642
2.60030540969751,2.41527040869551,2.27419201099666
2.87381210356051,2.77634193592118,2.68193394859181
3.11102771949705,2.58606702047755,2.63179866777279
2.50059952271314,2.61471210437078,2.62921634151762
2.66837187502688,2.89050782805266,2.9179311079986
2.79457947953181,2.98081461018584,3.00486616009312
2.81202837974455,2.89149851577567,2.89427154668323
3.29615963014095,3.2038307827438,3.20588223098886
3.16908513257278,3.23213818842174,3.10433891354827
2.8515692314579,3.17401213765113,3.23649789300859
3.0448007734932,3.41530800573382,3.52042260402607
3.10167437888612,3.46701162725771,3.44488886377917
3.07924001352596,3.39862977279326,3.52091702981449
2.44297265685211,2.00685266957635,1.55970845525277
2.48618260583649,1.97853469105544,1.5835257761903
2.4192803443966,2.03182554451422,1.56738091404405
2.45637346779936,2.1362988783214,1.7220224757052
2.41234817021665,1.98099923189023,1.52580281476056
2.59213716928073,2.02574947728586,1.57224811607394
2.50016951759556,2.14682358814966,1.72922253352897
2.44153162096294,2.16518304972018,2.14891903616065
2.5874671378692,2.1780298796566,2.07206647246158
2.79297867811792,2.39444037123179,1.94837613217361
2.96045222371529,2.54811938829829,2.13434498340364
3.04986257412402,2.56264598918636,2.36952025036338
3.2334770430302,2.67600250554762,2.37199754145463
3.51685131307088,2.84297846718263,2.52675886133541
3.57943540550522,2.93189569994869,2.58904472248844
3.55081981591315,2.952468196687,2.88766575926712
3.60662421169196,2.98114724449105,2.98406347773003
4.16941772600901,3.51766961246505,3.51112711774374
4.54079820308308,3.84918547665833,3.77325979196763
4.42332622112771,3.73125953645199,3.54821392113767
5.12704613156873,4.37038734261762,4.34238970137837
4.75456641326143,4.03053011434336,4.12827329031487
4.77761284117681,4.00266882019656,4.15192066419396
5.3314934027046,4.54504839129546,4.65675726786807
2.18397043943799,1.79230160183894,1.38345470071696
2.043713318032,1.74218019742044,1.37499367546581
2.1911655526121,1.7275554528902,1.35193470111429
2.35952305751879,1.82901412641334,1.44697062712416
1.99805582979297,1.5540734024089,1.24326307662331
1.98680924390121,1.51779905484828,1.22521422518811
2.12015532948651,1.60130500919516,1.34120147178208
2.30836509436341,1.73962230588634,1.45335775386919
2.22962546370475,1.749367198567,1.46880215071032
2.01799251194586,1.51351045794555,1.3529024251539
1.95157145705762,1.57727328647815,1.40348933348165
2.08788470290825,1.53779017367475,1.41242037713293
2.36467290666626,1.87458157847592,1.81387325630336
2.374758717436,1.89585656368825,1.77792719478399
2.39293932342079,1.93016583018229,1.78853555602844
2.26154385220749,1.79678494243658,1.60203930871196
2.49102661630035,2.16218095234337,1.96230353813974
2.6047822137672,2.14923283407295,2.0103691792958
2.59665525335088,2.18738039720836,1.97630900077399
1.76565163626917,1.45115707627039,1.17238617106453
1.59402765509069,1.34503525779053,1.10755926029976
1.81953103040308,1.54341911310739,1.2530123393664
1.99917409841969,1.67231929936665,1.35291730167096
1.6893380232188,1.51730997187455,1.26682489935258
1.5928099884189,1.41702378635867,1.22565455459681
1.84571313172124,1.64443199294045,1.39383354982435
1.58022479154757,1.55129503267957,1.27708518047925
1.43559231747105,1.50159659710748,1.27564459352668
1.71695724154486,1.6998492697487,1.36602602983088
1.88675525715937,1.79002020471629,1.42945373826851
1.69172079744853,1.78911166685921,1.45104956468044
1.67365668921613,1.83526655572239,1.51722746768993
1.9385040218043,2.00771496674598,1.62212641204502
2.16189906024148,2.01895840262721,1.64414967444848
2.00780963332326,2.11282939716512,1.7516062168516
2.18956315570746,2.19094964983435,1.7650726498287
2.56874447959123,2.49701972992938,2.07520184952743
2.61227273218207,2.54228028231504,2.23176719538421
1.55759441452897,1.67667638326373,1.37926195970377
1.4996474946814,1.71015689663196,1.44933122555588
1.60565363248124,1.59060384727889,1.30364865441921
1.72422208550149,1.62215764829585,1.31078369890194
1.59313177352922,1.51695740615063,1.28218256571304
1.66999698046843,1.63663835957004,1.41110423628602
1.80591972318087,1.53493330843281,1.30169065339063
2.11632352964315,1.78656403815401,1.4773316649677
1.90243166580807,1.92933397962639,1.3054596000635
2.07773237540537,1.61214522530695,1.39090840354701
2.37170671591987,2.14196086799232,1.62288505055907
2.52356122144274,1.9562353205508,1.86080748169561
2.8797887454174,2.42553197007065,2.28167858186157
2.88309758869041,2.40662106719195,2.27948152924588
2.91176456321,2.3504560385008,2.29678398369994
2.40571031036285,2.16291662791105,1.59817797070712
2.70986104954069,2.59750761483832,1.99976358039677
2.7666932760547,2.60840436576579,2.03403558787249
2.78313233239805,2.61127163978037,2.01547761753152
1.3986791074056,1.36829156534222,1.18076190641091
1.42826561099654,1.41649291926867,1.27600351100643
1.27057553454686,1.24544984216009,1.0480452505881
1.3348978809011,1.26215865243244,1.038595196146
1.12315191167436,1.14833714525705,0.993905145860625
1.2018565422415,1.14517801365775,1.02918301032795
1.08261708565506,1.05900609816948,0.906471029649391
1.14531564512383,1.13723063139372,0.971087916752526
1.03934444620013,1.05263151706233,0.942636446719655
1.20877077450201,1.01320693400372,0.899654763978872
1.34060653936501,1.10034825218317,0.991590106873402
1.32552835690813,1.05691808805628,1.01517812507089
1.70537115036003,1.48375336268187,1.50306400206724
1.74958452766628,1.53797581606124,1.45139886286061
1.7139901296827,1.49036579239068,1.51429595718331
1.27192538801612,1.01873502845477,1.00509244094205
1.68097167005556,1.50089301647681,1.50456091641988
1.66630356425113,1.44917420472165,1.46871248811506
1.649120572782,1.46495714807894,1.47761908478236
1.08058761420416,1.24287470965432,1.10545827226731
1.14455245509024,1.28960861330229,1.18471933499968
1.11693362534842,1.35063472076812,1.19214560496139
1.1767132012657,1.37671991880255,1.18718128223832
1.21221866982873,1.49584063052654,1.36573444675974
1.22116662215126,1.46934612830954,1.37889480757396
1.34849846833584,1.62501879400828,1.48054909376603
1.5086468214423,1.76530760509078,1.54240740424461
1.63980434853612,1.95681131242793,1.74455495345099
2.06653555690548,2.30317444529094,2.04472543766243
1.9323962994394,2.30754726683872,2.10986986631441
2.09344513522056,2.33163294864318,2.13978333609811
1.47293063174476,1.6177165942959,1.4708414302502
1.858315518277,1.97921143987059,1.81418221346569
1.88504715554515,1.95171640389823,1.81648183205579
1.85399277427581,1.94035702505992,1.82393925577674
1.33286812696595,1.63510552579838,1.50651709872724
1.46475136214082,1.73248096950004,1.63966809468825
1.39045995214744,1.68669417629472,1.53004515720638
1.37804601146782,1.65029072311436,1.46721601843275
1.56681657499457,1.8445188096443,1.70467238082896
1.65343621617876,1.9809848704675,1.84568296290428
1.69895753676852,1.94076057282792,1.78093953751617
1.90731059398767,2.08270310937326,1.90369457953988
2.02209956992174,2.10419015159742,1.90746598153898
2.11433230870831,2.4006931373016,2.20534631818234
2.61440226694374,2.85077722570635,2.56166579455542
2.46956055725339,2.76719944275679,2.5272638535163
2.37227914636404,2.51280182648294,2.36401119282147
2.79906216993601,2.81993405758416,2.67665963771523
2.74608118528281,2.84522152921245,2.72137000875379
1.65141928334575,1.82875273701726,1.7247447226141
1.83314840517508,1.99790377731399,1.91356183734069
1.5887121021668,1.66949287952834,1.57909035474052
1.49260554273218,1.57074946614525,1.46906234230479
1.74687233920431,1.69888014064035,1.63140819938321
1.92340660144551,1.85686566492881,1.7997806275426
1.79942059262943,1.6175415185759,1.56032606619179
1.63765455705841,1.49096716097295,1.43874997044545
1.95550723697086,1.67820412879936,1.63475561216301
1.98161045415044,1.72327577113808,1.66790715896148
1.95761786606696,1.79845522683741,1.69050165265413
2.0482812784315,1.69871882190414,1.66241284706156
2.28638757883732,1.95150545457631,1.92103324698083
2.59501580196674,2.27825459235731,2.28286174101403
2.73643119174606,2.40718359239184,2.35295663244761
1.74855219406132,1.68419479140839,1.63075684425751
1.9781398901816,1.78948907859864,1.77368090689074
1.5891625779547,1.62592005525093,1.55448849339414
1.49633697375505,1.62311839663229,1.52958322442918
1.67207566613919,1.65108004133724,1.60452777918866
1.64135118467304,1.67008760622892,1.62952143726471
1.89360636001016,1.82475215929968,1.7751739773139
1.60883332630826,1.50725198036973,1.48554487914441
1.81275248898233,1.61825154866667,1.62939171975806
1.40357822996051,1.33345671360652,1.30419889389323
1.34096365982779,1.33280205240898,1.28578126101855
1.3576633198568,1.23071261176132,1.23530512753424
1.55253219784903,1.345975441064,1.35247403645539
1.29907576153897,1.15683615791059,1.16506007376476
1.18324724234664,1.11336387179183,1.17610019562149
1.34990731594814,1.15885021616806,1.24928004712809
1.70906312285742,1.5604053548267,1.6705432866782
1.72354031653429,1.55824594931404,1.64851628176857
1.73336850405236,1.58379429541369,1.67312432400301
1.5346240726421,1.31154648683865,1.34026510516775
1.6190375531426,1.57837220927178,1.49217644686205
1.66610561729248,1.407763666378,1.55766579420894
1.83720105665104,1.48374868190518,1.6621590915295
2.18355599411493,1.88418897157466,2.05844922583302
2.20934547550781,1.89860896755666,2.06595963436066
2.22223006184557,1.87694943215875,2.07435943486303
1.25227407098528,1.15904326065905,1.21825707603313
1.38410626160362,1.23944709746426,1.33134541485947
1.13354897684054,1.1160403407638,1.18328478110419
1.12351339252154,1.1630435451291,1.19316386538575
1.17751730472834,1.12083015871475,1.23659022407213
1.33370100327669,1.19844363234164,1.33021869301771
1.08652485165063,1.1063190041552,1.21743825918694
1.58566173169739,1.72862036116539,1.78529947541028
1.50933473292058,1.56029593527069,1.70015972652844
2.09040049315183,2.12031983650971,2.23916447670145
2.03061667627273,2.0939137803177,2.16685988054937
2.00922875278937,2.07451864436582,2.21407336412543
1.76125950669624,1.7333760325537,1.73659912021498
2.2928491323101,2.25539471519294,2.29712426642862
2.28771963210311,2.26338357646512,2.23438880786252
2.26723333209821,2.27392789991644,2.23842051091514
1.34337623166287,1.21733049211699,1.32661698047311
1.34866196030553,1.31567416924028,1.40039955941256
1.59903262969887,1.30155673041627,1.42767511584424
1.68629800480874,1.33741993463738,1.47350713378291
1.84083973233008,1.448928854296,1.55542622306905
1.87767746109945,1.52977324526306,1.61969284364726
2.16924281164885,1.63811541297862,1.74345138407903
2.63659011975702,2.01332709095312,2.08205966154603
2.24440277177369,1.97445613379684,1.99057986568944
2.53454274321648,1.85967361075554,2.0212653495968
2.76752390274641,2.12592960969918,2.34801564604978
1.85010974076782,1.42783857888315,1.52605080176563
1.7887088911714,1.35787273805238,1.46132924602549
2.02037900284859,1.55383336122485,1.64963973230343
2.12667684424384,1.65454614748283,1.75417144945992
2.11779101355535,1.60006153419584,1.70134138447457
1.99477564960849,1.55947412189057,1.62309924762352
2.34435632368096,1.79367334523182,1.89774171873676
2.58451197688067,2.01926983981255,2.07606437123903
2.59656964778966,1.94044700582328,2.06271379690569
2.37866527249328,2.03627460498675,2.01347535913646
2.53138260903018,2.25279562088346,2.13055066913075
2.46162841205883,2.24839542155139,2.12500787082954
2.67995741727959,2.32367166652972,2.30500307985543
3.04257590889645,2.69724096529686,2.68815475383939
3.02967383955541,2.72396867372148,2.69397317070234
2.25534533615932,1.58789308062488,1.74933977141644
2.2847301923377,1.58498485694445,1.74835544828467
2.40303955742153,1.63640402824788,1.84199078430373
2.4440188578029,1.69355882005717,1.8937228892583
2.5657632839111,1.66774110470589,1.93147423415814
2.70927762928233,1.75268870307654,2.03591842813978
2.77778848397835,1.8051999012897,2.09374739746857
3.00501895596443,2.07210716658305,2.38838315133823
3.0622856319497,2.15608596644596,2.37138712366224
3.00206451758452,2.13105338522623,2.38190146241996
2.41975076040863,1.539026456261,1.81207628324169
2.55009522401379,1.57477282793824,1.88518641981116
2.18878827937543,1.43106038305428,1.66642933204885
2.13493292310398,1.45582865755647,1.65492535349164
2.05028771307739,1.32905024512127,1.5842443471888
2.19496903070619,1.40051729686094,1.70274461621858
1.88546631930538,1.32034193198495,1.54065441924615
1.78897253338855,1.32777205347636,1.48389115406831
1.82804256935987,1.30625281983902,1.56380204304548
2.05737994972579,1.47603745861776,1.71572765907038
2.37062749401878,1.60173480886097,2.21446573621764
2.27778379847313,1.67890046577702,1.79386945480661
2.35769246961033,2.15997240334893,2.37586756724533
2.83969486911483,2.78895696500997,3.12265012515166
2.61826082534801,2.53115214421468,2.79878557182015
2.60375292889445,2.44187932021084,2.73133506493795
3.09379549135711,3.14553971366252,3.5127596284239
1.96783987437199,1.24124882382453,1.49522779626232
2.04204151119791,1.23700161623217,1.5327029433861
1.87889755517339,1.24498913078787,1.4331578526169
1.85249158367321,1.28879017192235,1.44435383607402
1.89659384730462,1.25740382929761,1.41296230033014
1.83499797264381,1.19931217704848,1.36971053949884
1.80423344934131,1.33078126978452,1.3957153242501
1.67664382819775,1.34627817196094,1.36430678385073
1.97376184767304,1.45301761242273,1.50927537265896
1.89351787604449,1.44427306269696,1.44707097061301
2.17885657366358,1.71014749750137,1.62802734067852
1.91766263095347,1.56441278889867,1.46872089190838
2.21726111780919,1.93006490835489,1.79894655123449
2.22728746325236,1.96291545670875,1.83393992515093
2.2253430418617,1.94142486612819,1.84498222545804
1.99059425032907,1.61540322680904,1.54316145213446
2.28398950224853,1.97965013882424,1.88599068781624
2.29779200781239,1.94256110277209,1.95420747253873
2.30878872287014,2.05147413519136,1.8619670583648
2.17009905301094,1.37990592900744,1.55425919540508
2.28320403454535,1.41849487113171,1.59160435401395
2.34223050519383,1.49295284579598,1.68188093637593
2.30730990766433,1.50450950787202,1.69238812126693
2.63273330722742,1.6479965761189,1.8514599284437
2.6879543610185,1.7224947899124,1.88457485557055
2.81285264989086,1.79322645474789,2.01138195654184
2.88672379847738,1.92507445443292,2.1966300792165
2.97561159389849,1.99337102295708,2.15584941137942
3.24646671785649,2.1998438608718,2.38566987654228
3.58422930775926,2.57814943004394,2.70800930397768
3.50088506613108,2.51140575431577,2.71945229340216
3.46864445135684,2.34127221203637,2.53231041384278
3.77018470867945,2.6911295849871,2.86053497540807
3.73954863381256,2.64955230603309,2.84197634389942
2.76008774623057,1.64778611038256,1.90088196088118
2.94442770953493,1.76161057183056,2.00422122965594
2.69028283362077,1.56849449698306,1.85774176492672
2.58398394834542,1.5310372666733,1.81050350544097
2.80334595521787,1.59607756142781,1.91820537185241
3.02555222285339,1.7292450441497,2.06286609182177
2.75803717209444,1.59370735402684,1.92803824142444
2.69350199897595,1.71222590654617,1.942365802734
2.88436064111451,1.71048653076852,2.09239099301782
3.0478839911213,1.88360131230038,2.28482179469976
3.24560138361977,2.27150333839874,2.54309017247263
3.35389985830701,2.29671889744565,2.60946168002684
3.47383209158548,2.32866915471851,2.71449035130582
3.85705618504729,2.79222054807839,3.08256283165608
3.96008088208732,2.98439089669191,3.27915683267607
4.04930857320896,3.17710945483779,3.46962440304148
4.48436787226904,3.59094161121387,3.76587415842441
2.75145735625712,1.54179498650169,1.85712581712085
2.96541795149124,1.66105207983732,1.97965580417254
2.50838844996628,1.40116422777643,1.70195903602397
2.35757108583522,1.34466302677218,1.63290693081886
2.50903097873261,1.37745425527911,1.67628359543746
2.60994232728779,1.41750857613408,1.75079487440236
2.2338403610046,1.25348212827273,1.53326322896909
2.38804123753812,1.60578719934072,1.83721319030316
2.38835570053473,1.6151778130565,1.81563026390864
2.44244963702003,1.61364452452743,1.83070460404609
2.72041326189719,1.52201471083635,1.77139108192356
2.92965483778579,1.6305841107924,1.88296886071034
2.72120486659849,1.58880345817975,1.78919496085653
2.58250482903115,1.53851671160185,1.73236174693086
2.94614450286253,1.78806588317682,1.93481627030487
2.98855288276634,1.82122441865791,1.93838126430484
2.88758532481295,1.86484205508851,1.95406162825425
2.87069887412553,2.0296933583856,2.06935700902897
3.0903320479315,2.05013293393475,2.09438827383854
2.70095905989768,1.95712659507789,1.90840291777286
2.60738164478312,2.23065211283468,2.03766278322919
2.67840941540157,2.35242758279238,2.12016626578423
2.85633412864044,2.73205500389115,2.42888638596622
2.94233493990193,2.73796616898222,2.44661764083442
2.85960684479112,2.66200764723045,2.46651140583709
2.86108314044525,2.09744179312845,2.0061484631983
3.08872185202026,2.40995542712194,2.35379943116308
3.13870618804976,2.45875394070067,2.3183414435254
3.07115974633032,2.42604239144719,2.29097867901807
3.25198977407963,1.95333157126116,2.12720571466285
3.49463673808608,2.12060903418573,2.27110598224728
3.29034130664602,1.9455531703592,2.1688835444901
3.13567587260585,1.85493528575977,2.0931830646502
3.58845563378332,2.11653477123239,2.3595109899848
3.75662067718506,2.27320257722852,2.48802566620234
3.63707780073702,2.15251872042866,2.41475612404978
3.57649456013514,2.15562605746123,2.40791801166354
3.83641711722283,2.31174551794979,2.62104131854591
3.93028635081355,2.31668034538585,2.64662466830335
4.25663763197559,2.57379598051494,2.99718766365384
4.17721030706473,2.47928952818605,2.81237610665977
4.20530801019875,2.52680387912111,2.82252529824535
4.53042134565736,2.72558306676066,3.12904173319544
3.71345601124995,2.12809223456614,2.39818210292194
4.01995166176772,2.31379625650614,2.58017585386607
3.51725501480179,1.97280534875084,2.26321713038446
3.29715446448564,1.86057404263679,2.14073486480075
3.64480003565278,2.00866440142319,2.33073867537745
3.84714302163194,2.14993667921777,2.48606629972912
3.43813564493143,1.87281214718242,2.20780752851471
3.59154580966309,2.11300088294401,2.38054955940196
3.58494433628347,2.12736740955734,2.42812258758787
3.45701313815832,2.11715109640915,2.44839963932748
3.77648315329667,2.07826798455318,2.39494226788115
4.01755499203769,2.2148350076984,2.57697214770769
3.6833971133797,2.05654200011339,2.29448763707286
3.53667274639445,2.00433615842393,2.17217234788775
3.84965613406531,2.1792774568437,2.404833994836
3.95795570073999,2.20077875839321,2.45723494802907
3.79495452965617,2.18867665352777,2.31078216746863
3.97335123050965,2.5880190836807,2.67604148012042
3.96886510372909,2.46591447921353,2.5043930706332
3.72494028961043,2.19018323618135,2.2619667517904
3.96271674245338,2.65228204520134,2.67218036717119
3.84004165601501,2.65273016434909,2.72262289187917
3.92958599090715,2.09644607207425,2.2337863413251
4.53059718107901,2.41078903552996,2.70096454439317
3.96067583145425,2.40364346191806,2.38922845303312
3.87008029932208,2.65728848449971,2.5393462083186
4.40418162932451,2.73707531626874,2.73343690240362
4.07234506423055,2.40438099415435,2.63001266712824
4.281904597416,2.5797467058179,2.80046200848338
4.11818681686,2.47707443018784,2.68511448072134
4.02097200011232,2.40614291910368,2.58896355111809
4.39508560014838,2.74941820223371,2.9357883497417
4.88321590965632,2.90169992864475,3.04000000950629
4.48024699451914,2.85308465847135,3.00148068047867
4.56842462362177,2.98342919811353,3.10225356611431
4.58904435646212,3.10175321610096,3.20377595063464
4.87003105800464,2.87861155910613,3.13117352419958
4.93736618233811,3.07118849412383,3.34574896988122
5.12563072830319,3.09531685361907,3.45572846214514
5.40937523377595,3.25502793549047,3.40011067657262
5.63843356822473,3.60629163335277,3.73151243423266
5.58324833324892,3.59419256998659,3.60104518967875
5.95319608596367,3.62389186588442,3.83508094627245
6.21097454047025,3.88528194954476,4.0410460820897
6.19630282437556,3.96546151066451,4.14498745403354
6.3767447104929,4.03173085476101,4.36821463366008
6.59709381086548,4.33634971795259,4.64154920899051
6.57927983893851,4.30271891507663,4.67614436504182
6.60227985336263,4.27332460026625,4.63329404484518
4.33960986417556,2.8906882517089,3.09518423065235
4.66958525650402,3.16540007501383,3.33892269094291
4.29307424850451,2.8203904057993,3.03522202430875
4.30756410442861,2.68429934246262,2.90941731961991
4.57305400230159,3.05562378368699,3.23465336277855
4.8365334104252,3.33778535806615,3.43846687432718
4.97581622659103,3.17654124974922,3.24631183007711
5.07060838440827,3.12302863426954,3.18994536306289
5.34220733415782,3.44041883050951,3.45823955329468
5.14832332265709,3.48500623955261,3.58683065771596
5.24726754385954,3.83460927978624,3.98552270887131
5.5405096668636,3.8567971936765,3.8784284775304
5.78441165100906,4.03765714411514,3.9159428678634
5.77044105708403,4.20975366855069,4.29577708911629
4.50873214874599,2.98924464970553,3.27914567856776
4.82178479826937,3.15305203016322,3.52434720455963
4.24552847049155,2.86023348033593,3.12341426087543
4.18515087609674,2.86680655209833,3.00014554382189
4.19102202795244,2.82904351737055,3.22676187482254
4.43247121471844,2.96017582007816,3.44834073237187
4.10353019241842,2.86060239314591,3.26922172106495
4.29085457364093,2.94214072710266,3.39908893709606
4.24881275970877,3.16639791590093,3.46643953290301
4.44507038327421,3.33535682063707,3.5522617501873
4.01425490256659,3.04268307115915,3.58496753074012
4.20523147699892,3.3038911106275,3.86893611193208
4.07746051072022,3.37121979144635,3.84019658310754
4.22948110885674,3.2778376613169,3.89393623192698
4.06775984519429,2.79672562504916,3.14169437541975
4.01594641501767,2.91641671469257,3.34289206161615
4.15522361901538,2.83399547292415,3.08844530628494
4.32995102594205,2.96497141391264,3.23811618147992
4.1174381549657,2.8617255132801,3.03196112461456
4.18237240981342,2.96759017700622,2.99501001043112
4.35282324333309,3.03626927684404,3.25298277758358
3.79130422736722,2.6628654661603,2.85038280934967
3.81112384616474,2.94617766386162,3.06994156649713
3.60050879425073,2.4082548593744,2.74167041322392
3.73130952431753,2.53043469663691,2.95126008035822
3.30858633834048,2.19914707101614,2.62814513176482
3.3892539232562,2.29534858712655,2.79900345178494
3.32600251318264,2.15871289816291,2.70942222901696
3.31153541956779,2.27263381274296,2.67398664587624
3.163495378231,2.09419326054849,2.71345630618945
3.68774619271299,2.37622811486479,3.0829369802004
3.71127290820613,2.68780581650146,3.26629210415593
3.87272792865842,2.70229934994674,3.30094742574778
4.22728421586638,2.44927650283985,3.5568594494993
4.46606621859291,2.67653542153257,3.74414219365722
4.6045917515224,2.73070858179276,3.84990715146248
4.58474236077217,2.94283024154184,4.14214431411345
4.64127044663755,3.33166701846569,4.29537318916444
5.20596472605034,3.43522122408348,4.87114577765764
5.63446716808147,3.55422456976415,5.20969256782773
5.55783142366636,3.40029323625583,4.98998228034805
6.2245420409545,4.09394150279078,5.88787655153261
5.73722871000236,4.2599696400828,5.60908255896067
5.75802820870995,4.5760731835565,5.68884760999147
6.27939458812873,4.72370696628501,6.22038822245831
2.97333123559472,2.02597775885053,2.38438718526874
2.9303980982275,2.04040200130338,2.43816975964853
2.80522715347191,1.93318385704601,2.21932422372612
2.91499368417354,1.98421920964426,2.28220159365566
2.55402958914003,1.82292967614703,2.05758262016667
2.50180176470376,1.90826309258355,2.11475847910069
2.56877500892467,1.86047386206792,2.09149833831102
2.70125384169385,1.84429223693716,2.14796680853965
2.46388060223642,1.82361082306884,2.14971209474288
2.688036467704,2.09763382704227,2.2951891120717
3.05541642734865,2.2100717593121,2.50604205874519
3.21237969927269,2.4045786201849,2.47846927641343
2.37316481165968,2.32307149098326,2.49496287282237
2.4738459997015,2.47054995255616,2.56919036911575
2.36668310570641,2.57753844358409,2.88938081814757
2.97317268313519,2.76212514408804,2.89244873791152
3.4776900624242,3.01213931198879,3.23534457686104
3.37684395069504,3.24943773720534,3.25016779804606
3.43027517881555,3.41043780630415,3.30434968510765
3.13479452385016,3.23528351261592,3.202831820937
4.05937919740711,3.93315554055502,3.72129818832294
4.22163517058638,3.92966234521391,3.96428254352008
4.5399901979995,4.09949816502563,4.28034357577562
4.69995738348433,4.39076097107252,4.31757773235215
2.42339426294995,1.6447831884425,1.86552887387311
2.40621201531544,1.58596193170618,1.85018161094976
2.35752493955471,1.60328104535133,1.75697682400262
2.412130763386,1.69745870022134,1.81719829318011
2.22699182301419,1.47190400309787,1.59869986315176
2.23881517476289,1.49414305503623,1.64447851996038
2.29350436458152,1.52731838973705,1.57090384772308
2.43088063932388,1.66341757665764,1.69867049882169
2.33501586788633,1.57575082583441,1.58716732175023
2.23477844169715,1.46826893774204,1.47879301774474
2.16087889861974,1.5316880966924,1.49595310765286
2.31525635078284,1.61743441496457,1.59720453734221
2.56381550877829,2.00652295231596,1.98043826670625
2.58860294342862,1.99604894459969,1.97688566057682
2.57793264538727,1.98142130902787,1.92260738313058
2.4058400500217,1.68703801148236,1.60950518337588
2.66167961073703,2.05689275335236,1.94818280779433
2.72781410564314,2.08799578754715,1.9422536047643
2.64156942275214,2.04718754403684,2.01343147407057
2.06212774865323,1.31702250855014,1.46856219327593
1.9731706381599,1.24463772621122,1.41070114055756
2.06003036166624,1.30937534554362,1.46820604147382
2.17180595927207,1.40859031488091,1.55008306092899
1.94324692940884,1.2157381127345,1.40322607411073
1.84966666987486,1.16328926826646,1.3172526068212
2.01648854192212,1.28089231263526,1.47131174420934
1.93510360480977,1.19493401846701,1.45098213797606
1.82839974041829,1.13378641200796,1.38514853112297
2.09329745142846,1.31496676415548,1.61347122936229
2.20516308781493,1.41552065210137,1.701453409663
2.1424987281062,1.36930124269785,1.72116140352325
2.10100670922432,1.35238086344547,1.72052738300349
2.3730047820522,1.57136185172946,1.93620362098788
2.59765299319544,1.89316428682755,2.06754829787511
2.43857635723778,1.90926394256419,2.09709764762874
2.57748999417964,1.61456007393429,2.07914047728502
2.88973573073329,2.03934007846644,2.49159653065932
2.92926688039499,2.11341609921734,2.38311454764458
2.08444954160335,1.34127304974885,1.68348708857355
2.04924355939403,1.34482256422887,1.70405322266517
2.11220581545649,1.35658948761035,1.66635134157589
2.17606160752092,1.40345223057658,1.69316320566157
2.09410170886254,1.35617262444004,1.65570908135969
2.17963149535178,1.44329435888452,1.76921156473163
2.19861555843116,1.43991944167993,1.71322256948654
2.04923184008323,1.41433504075076,1.66045301789718
2.432943536104,1.61806431992036,1.89898407153417
2.60235704715156,1.66530377483189,2.01343642068501
2.72027442567961,1.49480821093759,1.76394009433251
3.03615814059997,1.78432585293945,2.02049348379642
3.13419153393438,1.89091445502332,2.08618468034507
3.03191567079499,1.84587059298412,2.09582065153225
1.90996999387841,1.22771722795368,1.49772401812671
1.90120012247514,1.26335939871003,1.53543051511921
1.7887238608907,1.12468784981305,1.35435713244041
1.83436706500489,1.14614389558093,1.36215543871071
1.62852279904914,1.03828940120827,1.23217645481338
1.66119311370584,1.07917507369895,1.26308484789484
1.54450140778928,0.987617757730805,1.12627574122373
1.61964494821283,1.16214803458179,1.16432598901925
1.46828276043295,1.03212143718644,1.0841421588487
1.62852319708817,1.06354140538374,1.14539914773842
1.83250902013773,1.36073191711001,1.26696594478724
1.68306857020285,1.30740215902549,1.14987233625378
2.03145851172357,1.72139701823939,1.6283548335501
2.01338953923377,1.78985732825883,1.49648528648101
1.98370870712228,1.75340671358955,1.55950692402598
1.65292707540979,1.17738443044421,1.18786390488237
1.9439449441447,1.64410362421458,1.61406802212988
1.98071983597427,1.60573222002665,1.58979838478699
2.00668563205109,1.67058373847779,1.58052548123475
1.55800526333743,1.03522968042254,1.24633915975839
1.52892941910993,1.07885294579839,1.25673685167424
1.59236396684647,1.04890470788093,1.30462399901999
1.66313897535028,1.06136910932734,1.33152851188624
1.58958476966793,1.10564400839488,1.38550310193838
1.49737143273892,1.08853316010245,1.3334469537048
1.67286002646002,1.14450763092442,1.47297871647181
1.83985854431291,1.20633205432858,1.69572445779444
1.83157358267599,1.28275226972523,1.80992198505931
2.15280789644141,1.69986191552362,2.17943866888305
2.22766197358124,1.73180616959873,2.19823826558065
2.10091788185792,1.61204834887694,2.24782550545083
1.69572785503927,1.08943138213849,1.56791095364072
1.83828836779511,1.27878417527014,1.90069301788478
2.21697523199367,1.22275968900584,1.92538442840067
1.88970791095095,1.14888421814604,1.76116000695325
2.31915630310092,1.5880351145722,2.1467347488223
2.29975768084521,1.5985665135417,2.16788481928807
2.28696238959101,1.62176758448647,2.1422276619464
1.70124960099507,1.22782889150627,1.52168242901419
1.70789276505347,1.30270157154669,1.57550155933673
1.84399455247831,1.30032066117645,1.62250894922051
1.88549021440548,1.29139932172198,1.61846816803711
1.99516468837564,1.44516228272225,1.78721192595738
2.03874208068746,1.51968510341239,1.87901565044161
2.19085910575207,1.56725987987656,1.93290426156037
2.41321179623207,1.8250443667252,2.0458831727551
2.40138228474307,1.83079107123653,2.15920837676071
2.52384707554459,1.88742071503878,2.38497735936705
2.81029427735041,2.24873602467628,2.68838522560661
1.98532055908777,1.46667303123427,1.76580263310994
2.08053077077653,1.59343105407743,1.88508643476877
1.91559605132439,1.38961913124871,1.65219033393171
1.88295612566327,1.33945421562943,1.60271492499049
1.94706608592574,1.43501558185207,1.65794272421354
2.07835979004426,1.55979910860417,1.7952131165168
1.99682743957372,1.4234226303133,1.63629514655338
1.89091744643352,1.35081917058482,1.53403972496404
2.06297163190338,1.50358120079504,1.69371933851956
2.21571038635367,1.53209314283438,1.78393885656217
2.28174612062638,1.57973506374982,1.85226531356468
2.3205711082751,1.6364955394552,1.83699219526446
2.53708569431384,1.94892492866661,2.13520547964897
2.59822145781329,1.9918939409045,2.17598581840664
2.62476608428634,2.01034925264622,2.12191723099694
2.47623732044534,1.78058223046317,2.05461498442456
2.78326480900167,2.11641043265645,2.40830454614415
2.74877314853741,2.14003719523537,2.34632414389622
2.7610628365647,2.15980929563223,2.39428373047549
1.83911260400628,1.41396431341726,1.58260734346701
1.93774701197093,1.54246989100945,1.67480139051877
1.71129383810247,1.3270339927268,1.49106659076969
1.71498611282406,1.30844920073075,1.50236566211391
1.6508063169141,1.34285574832574,1.46555766236288
1.62902165234452,1.35014106108413,1.4929623246737
1.79909285521704,1.48345578752861,1.58914778669565
1.50878602532268,1.25728290256796,1.33189362086851
1.56851972828755,1.36947457496957,1.406428583333
1.40098980494863,1.13722605835839,1.21242341481436
1.4497522337835,1.13476070385709,1.23315391368459
1.3016912437164,1.10621586521813,1.14163114956775
1.40248054658175,1.20408075219122,1.21876765254353
1.41932399794121,1.13342627285583,1.18131780241887
1.44519815229076,1.11475601234672,1.18396225647479
1.40608143707688,1.17688939119398,1.19086563140143
1.68139666468995,1.25797950922976,1.34790678337946
1.87718835751225,1.42037198362622,1.98899204960624
1.96792396590462,1.48706665730884,2.6915909283633
2.16228854213297,1.57880475271465,2.14024764260801
2.41900035743883,1.75144742589877,2.88243831011427
2.28289217346287,1.59111562631251,1.76283954016401
2.53860068685996,1.75364865820692,1.94810095661269
1.96728083207341,1.31558758598532,1.76633397832332
2.10313781174527,1.30931773334205,2.39947569758615
2.25603934433595,1.48059266251223,1.94279242713471
2.57203003834026,1.58827671625699,2.62633653808756
1.10211605604142,1.01095873159258,1.03616656527475
1.14016279906117,1.07330498979624,1.06729992563186
1.07663491881742,0.95179117820839,1.02606558697513
1.19927046370554,1.01997348584505,1.12355178661078
1.08220569413777,0.885467235489564,0.986051738898162
1.12979411490352,0.940819750819549,0.997742289467471
1.28840523039095,0.872797374506658,0.956068570188612
1.7506664316471,1.00936646480021,0.950890515801065
1.70715889387537,1.00570320857007,1.04481864940234
1.10303228284431,0.929606546449752,0.997923815997532
1.4216930370743,1.14542980058452,1.10961376663639
1.40787232414689,1.1296990939117,1.0642225605501
1.87302304998725,1.6061147739193,1.52929106378448
1.91434974210081,1.59457018142165,1.53468104895889
1.88550447316849,1.6214356106401,1.48744628961717
1.35582017292351,1.17466077316263,1.07995012293538
1.84676913969257,1.67768360135938,1.52453629389568
1.79687992612036,1.61960896540813,1.51462005918701
1.78604870121065,1.65499730406983,1.54138163547974
1.1788131020266,0.904204736386418,1.09433564417832
1.31425556062289,1.02839286673291,1.21331109071401
1.30853455333764,0.925403415662968,1.18132738833229
1.41969575340384,1.00391278892489,1.23494984045563
1.48349705731661,1.00571285730486,1.34106382397636
1.60474476826956,1.08016848707663,1.45371906768162
1.66425044532841,1.18911182033614,1.48827245258699
2.03550285286744,1.61557549471367,1.83735018496976
1.99510981841277,1.65546774890741,1.86313525882671
1.95886753413921,1.46751722557747,1.75402422917896
2.32926464660542,1.91092345879214,2.07614086416843
1.48151668746597,0.969535276801198,1.34285110620655
1.3826885776397,0.958620932038118,1.27801233322311
1.65745234347789,1.02355380632586,1.48151271578692
1.76943690780543,1.08535903100726,1.57735279456234
1.7427939720539,1.0528196893599,1.55083335384304
1.67871772407631,1.05159634012795,1.52721026086078
2.00776905266991,1.18348307264783,1.76616976921407
2.54917391249427,1.49799119319656,1.98032551921171
2.19639451915775,1.56223677589106,1.99743503238989
2.00604454023179,1.79895896340148,2.11288110853509
2.06684059786048,2.35601948501876,2.42715622674586
2.33648063459012,2.31518668635886,2.38741355178481
2.33462880121039,1.88144917158941,2.37728075964371
2.70578474877334,2.20308920527904,2.75936629370684
2.75229831610696,2.26502924842881,2.73765531631518
1.74071684749953,1.05981638987678,1.54129658302529
1.70542565454539,1.0798163294862,1.55397949195299
1.82433570597644,1.11453083941847,1.58338460967909
1.89516771725505,1.155616540676,1.62148130851003
1.87955525407581,1.18588042265306,1.64354827516536
1.97204756142957,1.24645004646186,1.74063000744087
2.10520351572638,1.3369150290566,1.79428710116362
2.32430904658468,1.75934359202622,2.0900426572385
2.4590336536386,1.76259695313129,2.19016487575413
2.63660551483752,2.06910319388971,2.43946372608984
2.62890114842908,1.92138306880855,2.30543841178879
3.01221774105867,2.42088164342276,2.71073290869633
3.04065758300715,2.40946382076527,2.76641634744443
3.02749590240675,2.3923798691546,2.73168618484108
1.67369660502222,1.13141360812123,1.52815050149356
1.66465256128137,1.18036329635011,1.59152574083121
1.53553357781109,1.07308750151669,1.40160241436592
1.57731737931947,1.0813189945944,1.40648700707247
1.36991061724847,1.04652254779484,1.32190232648385
1.45897529492132,1.13398251272393,1.41933743034971
1.35483950846999,1.07947229915748,1.27961257631833
1.41490133863691,1.21081947807411,1.26139257121627
1.64892892821832,1.43774979574414,1.37277337984938
1.87717283261293,1.68393217324965,1.46328168440199
2.30646259054007,2.15985692783094,1.74416798542134
2.28061219407998,2.12177032281266,1.72716857628493
2.23905377481565,2.15301418562153,1.98809284062931
2.70170830985869,2.72140046977281,2.67279862019674
2.73385807640025,2.63965133827027,2.43915789807319
3.02252784966395,2.87493849121149,2.57750068394558
3.13450458888941,3.11098251911445,3.00428916767701
1.20046198945353,0.9789133471724,1.25505835396516
1.15769116253063,1.01884388968032,1.27185788597776
1.1853950235883,0.936680717880039,1.23451880614775
1.26978549518878,0.948119137681835,1.26415855840592
1.13344423249132,0.931442737612669,1.23133564254163
1.03236927608774,0.936774669562968,1.18585243155311
1.25281449211056,0.942021287095461,1.28687834666807
1.24262409644272,0.937826832566723,1.26096825459534
1.42872746109247,0.992003576114611,1.3818303942891
1.35550154633914,1.02276616360029,1.36867966565661
1.49928260766584,1.13630402744881,1.51688350337697
1.33257022004837,1.13535855180355,1.40390162558406
1.70825455609873,1.576509017264,1.76776144001722
1.73435313419765,1.58550712487611,1.75759453982086
1.71327285996916,1.58352672540878,1.82831272482688
1.64327525134432,1.13103147333767,1.59143586668925
2.00589899701773,1.57263765367869,1.98307818327473
2.04569101005007,1.57303211760822,1.95312960842632
2.01069961047949,1.57476621996535,1.97355222770357
1.21290149260197,0.998074281180363,1.30767097727585
1.15791863020612,1.04291230268271,1.31605780993142
1.39700313229219,1.05218403087319,1.39458412077495
1.484599485767,1.04790266535675,1.41883809475845
1.5201017362864,1.14930593811112,1.50338794654583
1.5490015392325,1.19748854980204,1.5551006366482
1.77294121944276,1.2540008277992,1.62192952845909
2.50963280547581,1.45135808391751,2.14972342000859
1.91990217889935,1.61016897092102,1.89384783647251
1.63683615523795,1.33600803423307,1.4508294325483
2.12716921431059,1.68532368683555,1.8056406691084
2.46208151009444,1.61097219283178,2.09264901599995
2.93416382500921,2.05049997653206,2.53148168571364
2.91007656422115,2.01224678503593,2.55411173843195
2.91713783603191,2.05525020992931,2.55389792413678
1.62578803985603,1.82783203982207,1.74007601997204
2.069308807273,2.27995481331486,2.19324082445412
2.10923161412599,2.26295656570796,2.20853403565379
2.03208650561881,2.27248849507695,2.18452034323484
1.45400061371264,1.17279848132065,1.50762093571222
1.46706624223933,1.23496630907855,1.57578030924005
1.43773428475318,1.1579869302262,1.46821961644942
1.47270555669964,1.14104447874479,1.44581672185715
1.44897088272837,1.21075377934649,1.50179247622495
1.56984077827968,1.29009065868635,1.60398708277212
1.58962197307061,1.25273271751635,1.52508764680173
1.67025593587465,1.35133671957498,1.71605567925051
1.77059032898243,1.44168243769816,1.8508063839344
1.95785755319294,1.66695647124546,1.90463746285966
2.23353879491494,2.1261344364845,2.40116592397626
2.45736526181735,2.03409500857862,2.34286932326318
2.65380805250472,2.12538910637018,2.41206438315324
2.83684053739477,2.47284444278798,2.89243554990655
1.2662404405266,1.18926518214174,1.44570568201047
1.29554285854209,1.27414015467647,1.52685002419706
1.12740041290642,1.11256087680246,1.34328654548458
1.14396881872428,1.08062407003221,1.32199347635032
1.0264477800079,1.11600958149793,1.30692348413198
1.11186254237053,1.17622951956031,1.35665354625818
1.01632511786805,1.0742560403347,1.20164256770877
1.12015158094461,1.24783947788584,1.2078208556983
1.46660640144677,1.26116961616982,1.23119591529394
1.29272880488696,1.00518746534436,1.22422663685685
1.47110659546232,1.25892904473794,1.70029260895674
1.66997471384295,1.42130698266792,2.3379963945007
2.08200152580894,1.66802348473088,1.81698233776966
2.39080558208458,2.09318604511291,2.45145479296999
2.71015363429472,1.73692312675291,1.59103656537016
3.32670649641913,2.14093742098814,1.81349629329704
2.14908862510501,1.25539010407705,1.65668156632607
2.4990373628699,1.50099022184371,2.25039235047571
2.84940839198116,1.5438757978768,1.83584015059217
3.64672356758374,1.84736449725634,2.50981841385448
0.982674163232991,1.16093077526558,1.38154334995844
1.03135574191463,1.24849539293096,1.45753912289233
1.03752570897397,1.15382862085698,1.40813446209832
1.09398255493283,1.1159344528427,1.39051195327299
1.14697011521927,1.23697410134679,1.50273731710435
1.16741258509239,1.2767479549388,1.51609025588134
1.37963221574271,1.27406815164539,1.56431147686224
1.31952525356427,1.59841228674607,1.6757420727993
1.91227893157479,1.46171166204624,1.97221097020175
1.80738983918347,1.35068179121518,1.80805559040975
2.30418559180709,1.78356346738759,2.34527293926078
1.92255850179219,1.75447761345648,2.18486672218637
2.25891827452588,2.2137492980398,2.58172653816242
2.29671073810304,2.19813021202569,2.58299730157809
2.28867750599567,2.17049432663963,2.58743479220928
2.47892143650493,1.65005276438761,2.20640161599284
2.89215169099952,2.09978772555468,2.61023937089649
2.90692609999959,2.0729433044355,2.61314318499142
2.91285489682174,2.08289083685418,2.60348524794041
1.18187375552924,1.3224988851048,1.5873891703384
1.2208272684015,1.41025878935129,1.67003329061825
1.26136036961468,1.33342355754463,1.60734775936665
1.30303403690217,1.29392353935892,1.56348671005321
1.37385249572089,1.4397432210892,1.71436749009582
1.46662025777432,1.51519797745016,1.78933765166686
1.61278842874739,1.47663546929781,1.76794135564072
1.89902774739165,1.82729939462825,2.06718492925182
1.93867690355199,1.80899627497842,2.05652636990009
2.08394297950769,1.8160357937587,2.07732445496956
1.29323933634535,1.48553142798166,1.735737954735
1.34969912490595,1.59546299003352,1.82968881270757
1.25784014998618,1.43443149214291,1.68408881509963
1.25554293588394,1.37543284456993,1.6361876963684
1.33452184393862,1.49878175642881,1.72485804111089
1.46956297452278,1.59717528484422,1.83418649034646
1.47355089373326,1.50043392287581,1.73095333249077
1.72768329519794,1.63651806682061,1.82667395780962
1.83723952270813,1.72287319345814,1.86589283176078
1.69502063283353,1.71265643814773,1.9136636794792
2.09446319217473,2.08805751747319,2.10319408953103
2.16280924566186,2.14954374847335,2.25961819093792
2.24954322153325,2.05050567122753,2.31867524123735
2.79050582352703,2.53427751691951,2.73846040414814
2.93491528564418,2.66401933588196,2.88787930845077
3.1264904446407,2.92849782893452,3.09573962740248
3.5813656252267,3.20053118098831,3.39928415084984
1.28510482450623,1.50785899703359,1.69603538791203
1.42870998101762,1.60962325780022,1.77354943933764
1.19308174659775,1.44700493183182,1.6341417315813
1.1409864324677,1.40392375253325,1.61216530858437
1.29620182031106,1.50167182167503,1.64738235919711
1.44143375546427,1.5638139939155,1.71903177905292
1.32677819728056,1.49504757835399,1.65908222722518
1.40307540057834,1.49692610833021,1.96663809783583
1.747251096823,1.61268489760191,1.97940729915138
1.91478486460875,1.65102685339612,1.82497633083766
2.21731614465212,1.84929549463052,2.24123098636084
2.34539416396797,1.75382247397072,2.10657394939466
2.4677085358193,1.9034557016918,2.45433618841416
2.8322180976834,2.36859995561069,3.21358178352082
3.162099627845,2.23953156959521,2.68409197691797
3.43867239747118,2.517385351122,2.54777462900894
3.6646214195509,2.55612709837721,3.30268717664413
1.35802056266564,1.56711080699873,1.65390084810916
1.5482642982844,1.69017915497868,1.74967441134543
1.27830826620777,1.52887101950511,1.59910687733213
1.20380841591537,1.47442674377843,1.55965962277221
1.38646727359157,1.58048444149346,1.61855228749007
1.5449363752454,1.69185514524828,1.70263123487997
1.44745070985785,1.51086795762877,1.58864470883691
1.38952671927121,1.4321133649275,1.5535574909692
1.56607582665355,1.57580800476342,1.64224972890357
1.62312872161757,1.56548893760498,1.66979706859177
1.82378831359395,1.69163197491347,1.7879863058391
1.88917342797464,1.60748950391667,1.71702509888531
2.26014917996076,1.95496752673892,2.04936106455911
2.31450187928395,1.95287538895099,2.0170155773969
2.20807881373744,1.97077712042488,2.07197190827129
1.85542812282254,1.82997822100763,1.91095821352454
2.21940974011153,2.23017325363306,2.29614497131749
2.20027597165604,2.1414897169633,2.23754803102161
2.23991866746139,2.20682907111636,2.22812202582713
1.36684052965566,1.62363731769553,1.65122239859926
1.47515765325604,1.71938423214276,1.72822535487836
1.29844361078676,1.60050031816036,1.66418775824959
1.27154314629862,1.57414828947956,1.66680252182814
1.34294474736096,1.66231299833461,1.74988021743485
1.3388224938235,1.66286611906863,1.79250117590197
1.54253826852882,1.84446800258506,1.93550974902894
1.70226023655495,2.02429037511645,2.03029262043179
1.79269900359215,2.09017656854433,2.23835504092849
1.86530097131801,2.14954004117674,2.16638749427944
2.16093616212482,2.50010116164911,2.4789823645723
1.31224284170285,1.60567942823652,1.70754754940765
1.44966808013995,1.76382427679965,1.86281675849755
1.22670794138997,1.44861691613848,1.58140563257132
1.22782686919589,1.42548825966804,1.57904289035991
1.2335009705843,1.38306332296295,1.53475336215353
1.35725253600336,1.39329398287984,1.58425800889241
1.28278869768277,1.41856819435704,1.54460348071041
1.37122262653102,1.55945051497879,1.75107366200897
1.38662553172957,1.64864237197251,1.76553138465437
1.42915357791224,1.44374720579441,1.53209116566455
1.52632325337799,1.57458595341696,1.62583955971114
1.67424397816943,1.50639157713977,1.62607026785328
1.96363842740542,1.90901662015459,1.97524301385142
2.09771646705365,1.83668568443374,1.97990922357943
2.08502896446117,1.89233974611383,2.02298506375739
1.67372891306321,1.75779431125159,1.85962096264572
2.02199783174218,2.13180149685452,2.23051902235924
2.11079517498471,2.14238093686691,2.2305237430288
2.03017253750868,2.14452241674366,2.24516291221116
1.17900042233656,1.35762416858028,1.50749446785305
1.22050651075233,1.43299592140216,1.56367922578118
1.24226289575849,1.33517564242892,1.50891186607666
1.45432781131976,1.40435632085659,1.60893222026092
1.53887322232358,1.41731298818959,1.61378265159382
1.55595835509913,1.52145203734597,1.74435375413331
1.27408769651907,1.32876276945867,1.49330328794636
1.33832715165452,1.40069677147019,1.5952069170508
1.48879479020026,1.40063542263792,1.59835320751112
1.61362408299988,1.58903112120975,1.74915534146208
1.78465107343174,1.57174485698425,1.79007172977018
1.68671754190983,1.52606200106867,1.73847629357886
2.00762752695021,1.81555950958451,2.01775636323092
2.07421058116402,1.83265498448418,2.00942008317795
1.16547564160493,1.25834292795753,1.35232943664506
1.1512155292693,1.20821131437054,1.31552192966921
1.18949371677,1.32871857488955,1.36882668243205
1.31034571273337,1.46131709929154,1.50498295792767
1.13604096454123,1.2610252898372,1.27257246675616
1.08980909159268,1.21290389621194,1.2088148886515
1.22995230902115,1.40073090532943,1.40944333269282
1.40617387613776,2.10890201638925,1.94182571537687
1.52983809286638,1.83336214556505,1.87213370054471
1.97382160031027,2.34435740204069,2.34561788277676
1.97013254086772,2.27723300108728,2.36413623158306
1.9225895182664,2.30055598787125,2.29451602911818
1.46819141590674,1.54269178848145,1.65766415299476
1.92595426972729,2.00582709596035,2.12700658312371
1.87528223962779,1.98231461649655,2.08958314792715
1.89149990721697,2.05949361343053,2.12238675617194
1.15216514531344,1.25513349824556,1.23396197146977
1.35794227509862,1.40976228334133,1.39461849078348
1.03832168136822,1.17920134324967,1.12434425148479
1.01623223322241,1.15775857547546,1.11320092101873
1.05403783943331,1.20945209126119,1.11305063750252
1.19670878693392,1.37507682172309,1.25769835262412
1.1311486298994,1.28310122955668,1.16260061024183
1.62687880964764,1.48909114508524,1.32695568466028
1.83958899853059,1.40354777938367,1.41242776707808
2.34280613088158,1.81054336184052,1.8684466122812
2.35694137183234,1.84443889603101,1.8457602431781
2.39234156010893,1.85599890107522,1.88016128097073
1.58502317853167,1.69306616057862,1.58232392997787
2.15363152824941,2.14313276734663,2.08883061408627
2.13124942299146,2.03806779339083,1.95303972822443
2.03137838906459,2.03592605631778,1.89565477650555
2.43839984037881,2.42716499943872,2.32371537214986
2.46392483181347,2.44050653726365,2.28549775820649
2.45917772183534,2.41629601468148,2.29528478033543
1.04795920811105,1.1634724495,1.08633914810067
1.14655078936075,1.20843660695354,1.16861721818876
1.13766574467289,1.27293390576505,1.17299610792107
1.25186796162927,1.42941200816907,1.29256977561651
1.22355135278739,1.30857630175524,1.25334029339907
1.28587791208006,1.32118485863321,1.28570444805492
1.48399813701572,1.58545647523462,1.51278688076301
1.75811088168122,1.8892462700619,1.70060866315082
1.75712953845304,1.68137609134966,1.59705156584908
1.76890623621184,1.85635025938245,1.74041593015788
2.21518297923289,2.30067872594225,2.15289944745162
2.31402691541661,2.32715915545652,2.19390536147931
1.12140192854825,1.22160992959909,1.20053463278597
1.11677954664261,1.28574895912765,1.25321338400909
1.17387170563596,1.20568761011134,1.22743098772121
1.28453036453923,1.26641142129051,1.28964965149769
1.19774785812588,1.23987673642218,1.29161718356698
1.18100559450703,1.30067402021631,1.31448646065512
1.27375412253748,1.2520131508389,1.26986784742302
1.66906974891584,1.52297627885014,1.47083714253358
1.64341246151562,1.55908539381959,1.44116120380849
1.22740818659986,1.16748560442032,1.17516113072095
1.74632481932461,1.50098757602895,1.37341444290376
1.59832489895725,1.33408682222386,1.39013032266828
2.07890567597508,1.79719226204741,1.84167735694154
2.08030901866457,1.77148983344805,1.82355794410064
2.08126619037911,1.81925779313133,1.78919421164786
1.74902188929268,1.64445825617024,1.38542932771036
2.2502681454194,2.10912191799986,1.79593202257199
2.20371420648823,2.10472547532955,1.84444233212322
2.23355572093614,2.10059783064151,1.84701611893514
1.45956454529259,1.38949942217322,1.58820720962245
1.67621673545432,1.53233710499994,1.84693419475985
1.63500390396588,1.49104968418939,1.69677040242467
1.64581930513254,1.48395678778369,1.62138539204358
1.96990193314295,1.73937548393723,2.05800871884024
2.20700718996837,1.92629477099552,2.32121992303839
2.26095806524621,1.88214215422633,2.26444088167466
2.60398340922238,2.23768996160807,2.53794349810925
2.55883717710592,1.93256239760465,2.44007236669624
2.34417416570712,2.11491450294101,2.28211366256748
2.3772417281252,2.23030784587901,2.18647348635827
1.96417362136605,1.90516667276084,2.15812176902616
2.34449430965819,2.25760491823509,2.57542330338363
1.70972947539367,1.87302004610372,1.98686900656077
1.55060078520725,1.76723173920234,1.8003580601613
1.88961532773121,2.21915728584971,2.30637110777041
2.14651627906943,2.4481359418843,2.58017491461561
2.03802892297458,2.5569654319211,2.5502138910699
2.0262196794879,2.76923550539368,2.49475213718262
2.32368956189192,2.91896136496706,2.90788319208839
2.21854820133702,2.75229635946091,2.88270675266687
2.43636974631927,2.90922023854324,3.01414470788267
2.44063511377845,3.04604402172968,3.26936125119368
2.62994176382222,3.21542187392684,3.2889071898229
2.97173586660233,3.63086516348359,3.64356424456319
2.94021643475643,3.53817688100572,3.60557151177133
3.13660852076136,3.5512519229023,3.60515557272732
3.33876505034641,3.68069418577313,3.71423773491006
3.82223087835831,4.1697878938332,4.21146107168244
4.17576727025777,4.60477254344052,4.64930145903522
4.00253133284559,4.54308812141557,4.58485933403961
4.84606890499766,5.23089816636119,5.26182059004155
4.56340414466537,4.77076817680944,4.78655773301666
4.67373084077021,4.84564774068681,4.8450206424485
5.16753964057579,5.34321374313667,5.35341399845555
1.83409782850873,2.17268743352384,2.27207418028524
2.14331168725885,2.45029584585569,2.61287858190553
1.61662093670109,1.9654036956854,2.00042245869299
1.59688187072119,1.95628162961446,1.92449325769339
1.61906735506442,1.92904493902946,1.99375629357447
1.84209609126616,2.11589225890438,2.25853227258112
1.57371034598756,1.92016971727341,1.90354746341719
1.91284681040987,2.22427480560112,2.19217761952607
1.91766460548786,2.18854663702891,2.20082386699155
1.88023386690925,2.18976944620628,2.14447036307408
1.68476644054885,1.83941543531985,1.97823072342006
2.50866229862477,1.83684473628891,2.34182409647244
1.37321765585834,1.95299289553064,1.92059190745269
1.66371651569536,2.12473489671881,2.09500278336196
1.44992386608771,1.97741068450658,1.96522032902686
1.53878787911111,2.02673477932177,2.02748831688223
1.8320184848527,2.36328713978953,2.40523796887149
1.99591005829353,2.4116716797326,2.46283045119172
2.18032576530786,2.75525987501871,2.70422028761327
2.95076868669064,3.26790840882031,3.50565978642735
2.53882406887563,2.93078014366395,3.12599522527304
3.86497323320688,4.06404218636151,4.3702115173958
4.48958637297287,4.63932900436752,4.98353868319425
4.18675749241011,4.36072868263516,4.68302792226428
4.99939616968775,5.10282330141949,5.46403892035601
3.37914707980332,3.67931368010613,3.95386663868332
3.63743991395377,3.97752480197143,4.27494343532015
1.29061953681952,1.74086680332551,1.69545823251445
1.57671430793535,1.88062266452685,1.86600510796653
1.11439700049383,1.5914934888752,1.53895039243022
1.28455961920756,1.7553733118804,1.73818308897366
0.98629070105522,1.41110984220623,1.34977041492139
0.998346021167444,1.42007621304817,1.37654643462479
0.946184758557134,1.30129008756519,1.2960636613685
1.04299853692973,1.4714161673417,1.50269788540486
0.991709140373777,1.34058813607424,1.54987693582672
1.46688299292427,1.70979834468785,1.95208750927762
1.45217811747815,1.72793521184165,1.96537716788064
1.46020394840123,1.76574981844957,1.94703639334434
0.961128302291958,1.36517753149013,1.27395407053777
1.43579869122904,1.77243537961727,1.67290671028104
1.43765397882876,1.73732559949383,1.67786034416981
1.41014610360992,1.76208543697525,1.68525712153027
1.05035012530487,1.47010245062514,1.40688925032965
1.16570381848811,1.5802761184997,1.5421338225775
1.05736884944214,1.47672869997608,1.39530864703324
1.04860134957212,1.47340844859898,1.3899165511048
1.14484151725067,1.53930051959141,1.46138256209731
1.20842365370861,1.65141434167248,1.57554136688513
1.2211686991685,1.62396520405224,1.53804433986499
1.39720856215721,1.80002962775735,1.61807491510585
1.46857245580882,1.77089241341436,1.72539869949413
1.65238622137922,2.09269148942004,2.08309883254644
2.16785673088398,2.69823223468522,2.63248066486237
2.26015815960409,2.50877341026228,2.6025485322623
1.13918447467483,1.46403518250186,1.40595070980989
1.12891922711275,1.42813217764325,1.40182206567592
1.20844267203957,1.54422257077157,1.46376539292506
1.28241232476305,1.66120078599076,1.55537024197049
1.24358926771877,1.56266144244217,1.49337413990925
1.22455970686976,1.5292886480446,1.45812285839855
1.35906933703162,1.75495850559626,1.70544338038791
1.69038404236566,1.97040556214709,2.05115289616429
2.05202784493757,2.51254576890675,2.3504594053309
2.50831676164802,2.97301194165062,2.79123828849132
2.57873068778302,2.97469262021426,2.80798148752871
2.56010992556119,2.96876153557953,2.83345532073501
1.90999869030068,2.16890050171883,2.12674675643476
2.40008021181956,2.6154088301409,2.46989695899972
2.42574167046818,2.67123142664886,2.62575325902386
2.41052791920462,2.56478281494655,2.65160317511024
2.78769325032581,2.92937943177731,3.0498313798594
2.80005176625134,2.94431604138487,3.05978944329339
2.84732819721614,2.93859921576062,3.02867863936033
1.29694887855314,1.55964934537223,1.48579209586792
1.35375287906492,1.55461443783241,1.50717166965218
1.35595638498704,1.64574168858362,1.54539682619181
1.38000126998943,1.72820638927713,1.6093394236596
1.4526330354828,1.71034883358646,1.60793776946011
1.53214612086778,1.81162997156825,1.73288994637363
1.61466287278451,1.99284673121224,1.85402813389276
1.87672386115686,2.13252526704739,2.07646838959213
1.99034141996095,2.40836818360067,2.05381361332894
1.94208776671354,2.45358384160099,2.29543004927685
2.49457716072412,3.02278627398892,2.74919555373139
2.45344094151219,2.91983565281616,2.83633409279891
1.39568558495941,1.52112554956973,1.42763671069285
1.50911145189755,1.57751890378439,1.52010860727391
1.28462577155062,1.39630738699938,1.29322682965852
1.26922328947579,1.45477763197807,1.33139069376366
1.25672145819865,1.29999634066584,1.2281479465859
1.37405871089875,1.3712754678497,1.35253237157284
1.23367488171766,1.41150997458468,1.2868860110822
1.65604262953109,1.82872868682156,1.69785599205784
1.6029370827297,1.73782232139116,1.62856690488625
1.5806740272011,1.79501243289297,1.72344404507114
1.17967591582009,1.15674248879798,1.12431167227372
1.23894695483215,1.13177304196204,1.12342694133945
1.11127820863605,1.13116719973424,1.11069048756487
1.1294685478857,1.22413428564955,1.1815390220575
1.06906519707585,1.04286748516084,1.07734393725465
1.02628052005922,0.984814901089062,1.01526300919557
1.04483241038838,1.07503329441418,1.11885219969255
1.13143376338544,1.19907085372446,1.22786294154471
1.10202569159983,1.09493138551925,1.1942055445507
1.56203424270962,1.57079135887953,1.64850781232736
1.48849666786945,1.52214441883371,1.59623599709082
1.52555805880675,1.48237943794202,1.57162914386749
0.991163092994552,1.07550962730213,1.07564551439698
1.44471835686823,1.50648102154979,1.52796657764945
1.43197444534484,1.50627094352929,1.50669299149993
1.43273163559572,1.50481689671952,1.44656473198823
1.16906937971809,1.07721603529416,1.1597099551714
1.18623251050885,1.0495786979786,1.16520577133258
1.27697577296853,1.19325473220537,1.27667953722848
1.34685464140001,1.34464173818418,1.39060011617627
1.41589071093946,1.42607267727214,1.44070726588379
1.34387729506854,1.40169904834417,1.43253222107684
1.38694888104676,1.25388490358687,1.37779749701239
1.38981112485212,1.25792848847556,1.40106562882045
1.50749539815831,1.4339300135177,1.53510298418872
1.70841021704317,1.59767232294324,1.70565832862098
1.61640735569103,1.59342260041636,1.6793542012252
1.56455805499036,1.54203387158546,1.59809852209004
1.84674600008866,1.78398818768392,1.8304958278222
1.79144697633606,1.82710630268986,1.85047366413309
1.46744504755266,1.25284113790227,1.39696610497579
1.61467004955422,1.37108684142789,1.54201391726257
1.42825328326992,1.18675603409348,1.31501145952417
1.35678660176251,1.15441215176296,1.2523401614227
1.52649596921575,1.23220195184701,1.36215270012914
1.63230301208616,1.32918349837496,1.47461970830092
1.52429163611003,1.25293276335879,1.34157836771427
1.82600592831222,1.28352969504286,1.37276343651645
1.75728769285714,1.39614844759857,1.52999365044072
1.65311103613503,1.39567719565476,1.46848707657113
2.13091970489904,1.60529277426792,1.71266747316971
2.0874145242419,1.62357138597614,1.6953088661223
2.48008446272475,2.02589534749913,2.07855185015485
2.53881931315922,2.00105625611707,2.08158256405184
2.50261304915486,2.02214284993891,2.09987783947892
2.07436821158897,1.66186741403256,1.76691269522941
2.50757373280919,2.09737513306329,2.17281282992068
2.50363632402292,2.0470682047881,2.13219596390255
2.49210738412801,2.02920031705312,2.16946706403166
1.56701199578797,1.22395370145669,1.36206341494076
1.74837277049568,1.35820385082647,1.49372310189641
1.45564264772353,1.1438102999914,1.28185191042863
1.37881367964064,1.11475644816308,1.24235617355381
1.50480576994848,1.1734942473079,1.3141639401285
1.6232831027583,1.26348687037545,1.40351406413896
1.42871348608037,1.14086301532148,1.22425968152241
1.57880285817841,1.34255413989208,1.26055682984499
1.5054530582167,1.31189288796603,1.25140571436692
1.510013875075,1.24002876801174,1.32455730939674
1.81468730001584,1.59410703433265,1.5206423743301
1.80344058737425,1.54184142103053,1.52229506437637
2.19907775265538,2.00833485784613,1.8993306554524
2.20397755535022,1.97913207088347,1.924534591856
2.18198673468398,1.93870049023348,1.90617312373318
1.65812766780312,1.47075186213802,1.36218903092167
2.05519730392914,1.90428118823375,1.8069891961567
2.03917112485576,1.8700937559207,1.72370937633169
2.02935816214856,1.93197396703357,1.70391635653402
1.53546584287747,1.20939400807987,1.39688754687086
1.47548285375865,1.19515518332333,1.374579469387
1.67817698541401,1.32585784947799,1.54564147354964
1.84230654224428,1.45103709065169,1.66788465893981
1.89326121413502,1.50704546439136,1.69535809149778
1.88313666865522,1.4820756806333,1.69253326206738
1.72899306397788,1.40712671315608,1.6516840021918
1.73965471119257,1.43513473100265,1.68145641650003
1.93321624984279,1.58258240767675,1.8395723484066
1.99608589163299,1.65583202171813,1.89049891932334
2.04525378746254,1.71111604119606,1.99168971742502
2.00348779560165,1.60950729088874,1.86281140794457
2.17000628906264,1.7652955854818,2.0115522785154
2.07240083549752,1.68390560107618,1.96030332469715
1.6409829976825,1.36454409888997,1.61112859279058
1.61522169423777,1.33289082074152,1.57366982519515
1.64476926600377,1.41109768740659,1.6680675605594
1.71039214419604,1.48311677479045,1.73802335030058
1.59925847886315,1.40998054849083,1.66771970741582
1.50812112738824,1.34006609561899,1.57014042958926
1.68078482499007,1.51628035107104,1.7804692060568
1.9983235091531,1.54801273767899,1.83575975903037
2.09353243363553,1.68837083028905,1.96937284910361
2.02747960933335,1.70433960565173,1.88270905889592
2.54258297640646,1.91933669535861,2.07014871070594
2.46234875008134,1.79108131500808,1.94056598238184
2.14868160805295,1.84578332421368,2.0227127818638
2.53330664114863,2.19759896408628,2.37525204547317
2.45604388997149,2.23750988371259,2.36388449867979
1.66128945025185,1.46365090867519,1.73662784155554
1.62064431085504,1.43225319544956,1.70075219940943
1.80486523010711,1.58442495724344,1.87141244779313
1.86869705768416,1.64029067121728,1.92307240982078
1.91200055067287,1.68595275283234,1.9778219965353
1.91514844465876,1.72092940068919,2.01369795024049
2.11804720841175,1.87554598907359,2.16904192903387
2.23425107591379,2.07709146035372,2.3033457748303
2.82989028401807,2.24354457665447,2.90338344997082
3.23104204829288,2.67488026665046,3.32503481322229
3.2508737746087,2.66673043583432,3.34735147736993
3.28695295151377,2.63526404515899,3.32168674818447
2.52067787869419,2.58641043101291,2.56686805515896
2.93288689033571,3.0288023918924,2.95813367897622
2.90518219647537,3.02591072987684,2.99172159977404
2.90519195678575,3.01911967377319,2.94070760629965
1.87037503736864,1.62690078078365,1.90906497428905
1.89531779171572,1.65981809726351,1.94988145142264
1.83735268892039,1.57526915111719,1.83416817993087
1.86306618699441,1.59311753113372,1.8442878225295
1.80319619519748,1.54719588118646,1.77305792369792
1.90241258759338,1.65371544037912,1.87647921419343
1.84964867612869,1.5750526842237,1.76656683657174
1.83121260394733,1.68351410981971,1.71815191449174
1.84865030605886,1.74276821709603,1.76044286231517
2.29037964329297,2.00101064205914,2.22952507954518
2.05993033277224,1.70616185325963,1.94528914800773
2.44358684513643,2.22933666562803,2.31668020515823
2.74403793575482,2.61166959353528,2.63874804433965
2.50611750703542,2.39533747633184,2.34022231893092
2.79633433418338,2.87705378292078,2.62572858033134
2.40164119012367,2.17288983439599,2.26950649567812
2.7998481967317,2.64962586044284,2.71039251901108
1.63801927967735,1.4218172127175,1.62424557533959
1.6423603895095,1.45823700627848,1.64049606358019
1.51777945024997,1.30275235316945,1.50836493495362
1.54756575209171,1.3135379299248,1.53203819940375
1.37862745312045,1.19770541500683,1.38057697550179
1.35829615944221,1.19126691192639,1.32738233487922
1.30393356362218,1.13403799109085,1.31406339789977
1.66237127770481,1.52294250706241,1.69378805715498
1.64571628128439,1.50772437801609,1.62882857509701
1.65921294831535,1.55991152014542,1.67582396098205
1.38917188438842,1.22653667706434,1.44422625170909
1.35581041979922,1.2206614468143,1.41533291964823
1.48104503265302,1.30857034048522,1.57408090022936
1.53269372560501,1.34047993107467,1.61828426616282
1.54396014561957,1.39015640923471,1.68825751332271
1.49343283852782,1.34366358408155,1.63638532141318
1.63505310721788,1.50368882909222,1.83177081728839
1.72452134181834,1.5897645540383,1.90957973817305
1.71765646127021,1.63587607503659,1.95286372713774
1.60711742652901,1.49849836861512,1.79307920606377
1.82897351901641,1.57002343964504,1.81043893418119
1.65563832694408,1.57165766922325,1.77609093111272
1.75425643160119,1.6766016925188,1.95568144205602
2.15755111743697,2.01082894013762,2.12349760719232
2.05609978502224,1.93933559772321,2.10329264763581
2.10243109000745,1.61444125247269,1.97807916201004
2.49197473895454,1.81339286287209,2.15704341266702
2.48548969948022,1.66040723846484,1.97547892348906
2.5318894751638,1.82811369062724,2.07246355794432
2.3276996672056,2.07198455246919,2.14546366038884
3.042443821826,1.94152609731126,2.21663708634164
3.27760020252305,1.92134633856421,2.11421919587715
3.56249412171775,2.211852911314,2.27157762650943
3.71128393606429,2.00625054640577,2.18341110103826
1.63779188557454,1.48647839932928,1.78594706465491
1.66943064698622,1.52210722951999,1.83075463774311
1.71905944566815,1.56866033421031,1.85382362621379
1.73559514883795,1.57465960134474,1.85116329805221
1.8152775089596,1.69995231938218,1.96590109546889
1.88898349119386,1.79196833373822,2.07163897718722
1.93675355353051,1.8461268585621,2.09011539684979
2.19988308892229,2.04361980281789,2.13001189383097
2.14553325840493,2.18326810922897,2.15629279018395
2.43501780161892,2.19079847103218,2.62828848602339
2.89123739346985,2.59921821515429,2.94914677033673
2.84507057410372,2.63433534908447,3.07624798972717
2.88540007624846,2.62237282479425,2.99975736952294
3.12714671216551,3.0265315546474,3.32101261180029
3.26010005439165,2.8727103358998,3.24928041218097
3.4135522476995,3.18346818163446,3.43863750021907
3.63003644712725,3.33807746426787,3.57377809685298
4.11365662080593,3.97708781264542,4.0928109091923
4.50171171480786,4.48339847720067,4.52725988231103
4.31339994210732,4.32000632992168,4.4141351429459
5.21969497994935,5.24730796771949,5.16974818372482
4.86216607450156,4.67643708530767,4.686324808856
4.9549638374139,4.70770144130792,4.73139140809937
5.49106633695432,5.35091223468134,5.25370573878222
1.7706536497731,1.65661550209835,1.89058573710551
1.86791690366495,1.7595398660306,1.99294133114585
1.65528594634721,1.54861164722635,1.74198228205401
1.6256224742179,1.50521849554417,1.69347552769998
1.61963174252086,1.54536705272805,1.683079615485
1.72105957113395,1.67954696185988,1.7959946905846
1.60944528015674,1.53921596859453,1.63130475121161
1.56482895041273,1.61887305177098,1.55514455546885
1.65905961064325,1.74201839470674,1.641511362901
1.81486637042482,1.6962024662556,1.77182902788917
2.00915926780551,1.94920482938832,1.87952043182477
1.98710514209854,1.79385197550293,1.83921703193307
2.30949618718464,2.19354851533169,2.17748860783577
2.3082933052317,2.13374912588318,2.10748030409196
2.3230229799115,2.1205937485151,2.16245477457885
1.99153674149252,2.16388060206237,1.95054900324039
2.26645714074913,2.58546372720257,2.24096079428473
2.33394060778659,2.49863573786426,2.3229508354337
2.35846189818441,2.56277556837946,2.24730604609917
1.50680890544336,1.44388860627464,1.57157364255633
1.51974384095763,1.50937758962455,1.58440788565229
1.45757644534198,1.34828360774139,1.52202518302011
1.5313676214917,1.38386231270859,1.5937166064717
1.3584366626404,1.26387255152771,1.4149212921916
1.3695197010532,1.24242131954626,1.41998591912865
1.44877487768689,1.40749623795555,1.52210653598997
1.48740321478627,1.49813413631767,1.57310952420128
1.42291530395221,1.40664494441399,1.49669441714022
1.64159873939818,1.61008636873206,1.70604060921672
1.73281238041665,2.02996584845595,1.80363505432996
1.89613942189586,2.05322067155291,2.0905316315798
2.05487869348062,1.72006699280244,2.06983121637207
2.54062802481832,2.11475580368812,2.59528911294335
2.47187239331402,2.30207617049396,2.40478536558042
2.40413830628817,2.05036514692172,2.4040179875989
2.6605486689431,2.42468567606492,2.57735695729985
2.99362828435283,2.66287377998384,3.09240697339464
3.29604177234607,3.11606929866394,3.60534892582405
3.21951249904046,3.09170934318792,3.56586807517307
3.86594046186274,3.79540267067599,4.2543830855714
3.74552048638894,3.42249988899517,3.7371253432263
3.96780717767729,3.66046371049005,3.84808075398086
4.25924345793865,3.99808154628508,4.33175725174429
1.22388957869617,1.15848229498042,1.24725132453984
1.21544479559491,1.20342324346666,1.22880539764615
1.17822861714458,1.09138735844091,1.17972636096791
1.24709833415368,1.12483375128757,1.25539869536823
1.08158848826691,1.03715961726457,1.05489016362596
1.04846866594921,1.06212176007484,1.03565336319287
1.18754183943669,1.21199862786018,1.14741542321412
1.59622648136596,1.62500878455746,1.61109500046979
1.61214264345934,1.68746477810583,1.48934077239672
1.62064823115835,1.59923837289572,1.58072045263605
1.03404172002593,0.90430984204744,0.961875239779066
1.13575154242457,0.963989592578276,1.0650111117567
0.933871042661824,0.809732256760974,0.836216122080858
0.9210587828904,0.841478043909897,0.827504820218677
0.892623344404926,0.746867003171891,0.78866608888865
0.956923279322106,0.796003607709881,0.85853161383062
0.874023286763398,0.774160450108037,0.829295774290477
0.951902190303335,0.876295833215241,0.968663708234567
0.880699712324586,0.832635603204095,0.869687291455791
0.902631382129641,0.830051929335868,0.904921708556493
1.03199294210412,0.97841874274112,1.067889599843
1.05820746924577,0.982023887920135,1.0952421493335
1.54412284565389,1.50893388199566,1.5697394819407
1.54836750070602,1.46520090783809,1.55458970511639
1.51294400750775,1.47257968033547,1.59517798635895
0.998960996987629,0.992797521061573,1.08464803592569
1.4894316696593,1.51115711331924,1.5644756799779
1.45824628771335,1.5013610829102,1.52141744436531
1.5011680711918,1.4505976833049,1.59650202576843
0.857220586609914,0.716510428332072,0.704543779326578
0.84997079331772,0.7348536448124,0.690977230146673
0.898783310093025,0.747110924848877,0.730000869569156
0.963042311428317,0.793192334392042,0.811269908397355
0.904174231267495,0.78678547856618,0.710484029164676
0.898090064955012,0.791276653703574,0.698542184067563
1.02959194552741,0.906307215849831,0.822564866372721
1.07627373250897,0.963377477370292,0.900500781723658
1.12667536926728,1.06139765353492,0.909133232743359
1.55058302141548,1.52642020589873,1.39285121252582
1.55997458569899,1.49147590468155,1.41547415295192
1.56478823987541,1.55401044916925,1.41124442464629
1.13608724011585,0.984273165380994,0.930618597863492
1.55699702002496,1.47375026755404,1.43912404680943
1.57646762429575,1.42289648884756,1.39825003552146
1.56533782853633,1.47932447695157,1.43280071960915
0.874035143354715,0.817365970601756,0.723765355360024
0.968922888157082,0.929520441108957,0.850330259101113
0.82590196690989,0.823594925458746,0.713619349522538
0.84724212626269,0.835125385901747,0.731760070363346
0.83397325781084,0.902821302742684,0.793556314547839
0.88800611089016,0.94850350109586,0.853578542952345
0.848209034968892,0.903134351927253,0.82209761257413
1.01744826898372,1.00668309129761,0.941337163825905
1.11132262254887,0.879068195781534,0.826599895542295
1.58560397337268,1.36251403562741,1.31363482303198
1.64114189612772,1.4115354910796,1.35087987741767
1.56118848471966,1.32199034723421,1.34733959055895
0.861794478508016,0.946877749287284,0.872144616985167
0.985488706190018,1.01304680588854,0.949456502632369
1.0667265791605,1.08707343180079,1.05316318643007
1.01025494051841,1.07330627485223,1.01013689057889
1.48524448695118,1.52117525842852,1.47120918582392
1.5120776371027,1.55629412983644,1.50218104321059
1.51632744934922,1.5357498880837,1.52223541346763
0.889829953050194,1.02679542659743,0.899668901588935
0.975536326296466,1.18951787671135,1.05747865420995
0.940811947771403,1.04699289697635,0.913977408085666
0.963201519759901,1.02920407252288,0.90254001341923
1.04504705762837,1.1907460528216,1.0516438593993
1.14288440985432,1.36747651232419,1.15529774512531
1.09796771683449,1.35098334264331,1.16269266495587
1.08718499906789,1.14821327085377,1.05804454439178
1.0835067677109,1.15314410020538,1.02615829288923
1.21598989177666,1.29880785868609,1.21078038036415
1.29159750791911,1.42181316784126,1.32205055269116
1.31793975257686,1.40847882068125,1.30476233026682
1.32282551464913,1.36606404055954,1.33306053701746
1.41732416534008,1.59336251708316,1.36721728212489
1.6322351886228,1.93376798185907,1.71424366540989
1.60771253579317,2.06312819031191,1.64996711247867
1.53454384617931,1.9638225113745,1.655968451995
1.79110289642619,2.45900646144575,2.06550124330205
1.85787463060574,2.44834936250673,2.17422820867597
1.69679448443977,2.15505310660252,1.74309997370752
1.95929628784485,2.47247414696369,2.14469215094736
1.84535116246534,2.3612361942677,1.88551610805249
1.7801127337619,2.7617992422921,2.35428746307992
1.80309184084816,3.2656922857785,2.91184939901663
2.03283424161458,3.04725600861768,2.57639109583602
2.29869507371601,2.86963844323993,2.24186114468121
2.28127045754088,2.69556977954351,2.06089952673108
2.59184199658318,3.21029167792065,2.5133037240728
2.21739201575839,3.89632771677936,3.48844426278796
2.18983565600966,4.40044443364326,4.02405435331453
2.48946628817528,4.15656873576812,3.69620425167946
1.42389728026415,1.67425433785109,1.46357243309486
1.50433578414351,1.85818227535218,1.59180683027631
1.50568698410515,1.81545863498038,1.53710373387394
1.50894817866909,1.72398836294871,1.50082627688954
1.65355167926269,2.18058158177829,1.73127220649527
1.74081141924333,2.34871733917857,1.83967568989509
1.75088033758856,2.36956331445578,1.91198849922305
1.92328546943188,2.4741131587178,2.16910846312929
2.08621755117785,2.311323680443,2.11029278568387
2.15795265709372,2.81763052628981,2.29905147878072
2.45204333561226,3.09661221585629,2.57557324090962
1.72432143406175,2.30251465520503,1.75269235297897
1.73239807440523,2.21934293638712,1.79125722573902
1.88381706594076,2.59291726361306,1.85922133406695
1.96676161428477,2.73864871150271,1.96039992244857
2.02874136042818,2.75420425057057,1.94643131728125
2.20009594705762,3.0366435600742,2.10546720374877
2.11899885630413,2.82417298042284,2.03080937268217
1.95033783493171,2.5597944732797,1.82819719964624
1.95929218644699,2.54979473008333,1.84304878805555
1.97955816733266,2.50626840256311,1.8231990211919
2.07889960486949,2.60531677517064,1.92972264481084
1.96940476179109,2.418466715439,1.78191120938334
2.00623785399678,2.51921754722041,1.81653339927321
2.24056466958857,2.70616985789794,2.03763657247055
2.258463814456,2.97569777744222,2.07764755644248
2.75668807123535,2.90255939492313,2.23137228140553
2.6050129422119,3.03652803832619,2.17013226764737
3.11649713422401,3.42703137449231,2.50051150231778
3.07532208851647,3.49496681619584,2.52164943668132
1.77693568719947,2.06328704904147,1.59573979766873
1.81648644504499,2.06898283417492,1.63281474035429
1.65096428830598,1.8836636488742,1.49847006861783
1.69444449024957,2.01782668368632,1.56070604767632
1.53589490829782,1.64210402832919,1.39886485485473
1.55406273279763,1.63933539879796,1.40728591299913
1.59414585807971,1.73085275959755,1.49995100972621
1.68059334643115,1.91801069287312,1.59362405113211
1.84451110755206,2.13353214419448,1.73575220503625
2.0313853993999,2.36288960054366,1.89909234864788
1.65965445604293,1.80845538996288,1.53305920176351
1.99235648806473,2.13247019110652,1.92299408234021
1.98923536751927,2.15729765037093,1.84419394067725
2.03610578343971,2.18112535405629,1.87702980325604
1.41143763800567,1.45812774364637,1.26997931303201
1.43496821004,1.52238263039056,1.31548948717575
1.33972986348679,1.32650261096288,1.17582445089159
1.39509713859578,1.40632758152137,1.23482083017323
1.22382719477891,1.17335445538899,1.04625593981296
1.2272218397473,1.18174316943925,1.05479104413391
1.24639232523696,1.20212023268244,1.04285509701334
1.34313566289279,1.47697647805034,1.16330271169978
1.23886961333527,1.40551604079179,1.04387344874292
1.36571794182356,1.24737177536914,1.16729086067554
1.54130540018994,1.65684675909936,1.45368338202133
1.50262669868281,1.59986215325679,1.35938121051607
1.8759315436215,2.03932825593665,1.80587962529276
1.87959214278889,2.02159164688688,1.78406529764591
1.87166672534867,2.0467444927139,1.76727670647255
1.4391107278018,1.4597348603454,1.28529374685501
1.79142633183375,1.92790589256312,1.72269984602988
1.83791064629936,1.90948150636,1.72332891220241
1.82385922909597,1.9042926025714,1.71365237010567
1.12760367194254,1.09609847209817,0.983683124722181
1.18723396650104,1.1712713408066,1.0659555443545
1.03229877339885,1.03290029292516,0.91495546453454
1.05865884297909,1.06304933945209,0.948094942661096
0.933822734876566,1.00025689071444,0.84867763977312
0.961803672921495,1.06672914294219,0.905120249858783
0.962270902994679,1.11077947231706,0.930767675362141
1.22008459937909,1.39100930489164,1.06605216378542
1.11862746991087,1.30375930303224,1.08605187585223
1.34536559383193,1.54725262514652,1.32704748890909
1.8368314076685,2.00697333283815,1.77306930609411
1.81857128133672,2.00930707656033,1.73809452599283
1.77190952517925,2.04964015249926,1.80733317190133
2.22001688590639,2.53605617577379,2.32106587436544
2.3248326326774,2.51291555817775,2.37970325834278
2.24232214751105,2.41371356999469,2.10455919482991
2.59438759685269,2.60720206444409,2.41518953492677
2.84078178828633,2.93646636524933,2.62517722118935
3.12912113652271,3.15218735666121,3.00692549763971
3.01298257623499,2.98141920445714,3.04450876640489
3.71342187293936,3.63744088054533,3.51560806719582
3.65372489409035,3.61887919475009,3.29719660871892
3.91268819370065,3.77221548007417,3.56176744925293
4.15918883154674,4.07720397925303,3.72910638890353
0.867038126777393,0.888748341566137,0.744061726708084
0.894193637266447,0.875886986343505,0.751548303452652
0.859030463647923,0.889795799394458,0.748359295125092
0.901561145650668,0.979078792166187,0.832429997430941
0.856515761535322,0.838013022107805,0.725119334182365
0.887421635897794,0.811799476035273,0.69732022000732
1.00244811096859,0.939684687609542,0.866661371610881
1.42003387338338,1.33428476600824,0.972515222014162
1.39542093157567,1.26300401986775,0.950784613126024
1.85247649265818,1.80199558738048,1.40475987729545
1.9511854144179,1.7352690563179,1.40891025770789
1.83877305930047,1.77157014855174,1.4812686283078
1.26730463888644,1.2473084698973,0.970417529426802
1.85327674942903,1.67296111826424,1.28347645557077
1.90714026568855,1.78500693764933,1.24806024101373
1.40858506151197,1.41624375899014,1.15729017306745
1.88793331326736,1.85027605772789,1.67402925268471
1.89531713801866,1.85768867591062,1.65253174512341
1.84113788658982,1.83187486381796,1.61930887050171
0.800343074676159,0.832480941241013,0.72920441768606
0.869829536715345,0.956297247242668,0.846484941827057
0.766461806005602,0.764684302546091,0.6877090734785
0.787131151421816,0.748477518322742,0.691358433692736
0.775987203365626,0.78901869082126,0.732456491318528
0.807943326398448,0.852318044886245,0.797710574491784
0.797184931927788,0.797152888804994,0.757668914709342
1.34510181969942,1.32266880697857,1.28744619876518
1.32123481170901,1.34589490291985,1.28851535866109
1.3007200484548,1.29297614076777,1.32028483778621
0.847057399682593,0.83503805173206,0.805369972573953
0.92224257741514,0.860276919830252,0.856537661641302
0.907445724393338,0.924507822913558,0.896615834480881
0.934214303951335,0.969719247792294,0.934248280280872
1.00312298772073,1.02419931409991,1.02318195422713
1.13191469066973,1.05954189617449,1.08800716909026
1.15764681909311,1.21057829281603,1.09730337897001
1.72793710961206,1.51532995166757,1.47788466737682
1.72245462961333,1.49916018388797,1.51911079620976
1.39482195962276,1.39637289725775,1.22573432226652
2.02388862417869,1.92114873787625,1.78929269360651
1.99401820770233,1.84202369920926,1.7457819251799
1.53979500933185,1.62420173780103,1.37839732350011
2.25164335352174,2.00432459625352,1.47378159372969
2.70656030228722,2.35898185299899,1.87972573924213
2.70057688686492,2.41300228432021,1.86722059868054
2.71785392345352,2.40967268483291,1.88144291396359
0.984781238282174,1.08398379272701,1.15997698558617
1.02244556147185,1.14136189051558,1.208062750428
1.06939966745231,1.20097527642154,1.33632418517058
1.16643037035888,1.26412667223934,1.40370900664382
1.13164552152946,1.34788067216435,1.52700844070951
1.16769856177058,1.37627610774083,1.58096164783409
1.33061142011548,1.53621743109922,1.74178708042706
1.45118347958593,1.68847439070172,1.80425427709131
1.89137742381164,2.18232393362327,2.07236001987021
1.79638325522571,1.89502098524396,1.99611758217957
2.23796817645428,2.29921788224671,2.32358614095607
1.10827713262862,1.403636012443,1.54866883804177
1.24611763408111,1.53971123292817,1.6577075270366
1.09825484759493,1.39086575012979,1.51260514678785
1.19492226597888,1.3770857792132,1.47819431804055
1.12113689219815,1.48800209855818,1.58901539564856
1.25791971945399,1.58867134459088,1.71533446132728
1.60514529746499,1.6813003100306,1.76956262572243
2.36093102062192,2.07263958791546,2.16118811369627
1.71086378363625,1.74960846144408,1.8533625612303
1.99133747726983,1.85393135207964,2.045460037788
2.51104256574298,2.38154361289564,2.41801095756736
2.53755474568665,2.20220636532022,2.60258760434215
1.14680177929267,1.42969622422854,1.49318851405083
1.53909644528844,1.50626315194202,1.54215084389997
1.3638665572003,1.45251841117938,1.53142260993094
1.65344024055925,1.53863981736165,1.66350097218136
1.7654692495322,1.6801267325537,1.8598015319796
1.62517114155935,1.56872182718146,1.64092222672435
1.85951860656231,1.49057547041238,1.56789597118608
2.142911490085,1.51001218839582,1.55359259190281
2.44043110448543,1.56447654437553,1.73016963056818
2.83902823524608,1.77692234033401,1.97138063033157
2.79677032636442,1.62989520716233,1.81088136455783
2.34615885184342,1.64093629296905,1.8186309885934
2.6526646869973,1.90431160326447,2.11600042775756
2.74844358237093,1.80708933529696,1.98277181046127
1.74204775796234,1.65297555008803,1.69477392758687
1.98267384294126,1.82767270447044,1.80486216895625
1.52190859958441,1.75250156225655,1.80336080935
1.44038440914634,1.75248820481458,1.81514700807299
1.56285960011785,2.00335540798949,2.00330827006803
1.75909031342703,2.19161750673233,2.07532442812032
1.6938448723275,2.20649097003379,2.24277291402013
2.02658192581982,2.51364989079462,2.53852429340417
2.02565631456673,2.47109016683001,2.52413118491501
2.0576099655552,2.5324694852229,2.5513314835609
1.44431531181516,2.04885589699071,2.03949284205047
1.55742341325819,2.29957789031565,2.23254472409418
1.40057127257397,1.9375275154469,1.96261501900881
1.46926389423931,1.82357418651865,1.91559465853246
1.445623339886,2.10723080867994,2.06245156646402
1.55367782104924,2.30599492528751,2.21156859818084
1.50208162946628,2.16197133636771,2.08056974701802
1.63014904943232,2.28953557605057,2.15399930134314
1.61099947316554,2.28411244627941,2.09016261100204
1.95146321276382,2.48282190793073,2.3367575935693
2.42201434597289,3.02524918850769,2.78743590501532
2.51001425563899,2.7955844086228,2.65734528396874
1.55244929877885,2.13951298329488,2.0629428975772
1.73885847405437,2.03052186634687,2.00058094016562
1.66440920470795,2.36685590720052,2.21054940395131
1.70160151675505,2.50583752839778,2.31208349193939
1.92224539131005,2.49001041332636,2.29971143386631
1.97618454710748,2.45331500511993,2.30294170472043
2.32543049668188,2.82768602372751,2.52903112598776
2.32722007282537,3.07160613600345,2.70313157648889
2.82475902921368,3.00426966558308,2.770701918287
2.7303963797956,3.24655356513848,2.92386690290437
3.02028265144414,3.62225210246301,3.32478775693319
2.91237834461856,3.69856976717079,3.24955071395979
3.22452095741742,4.02008152212015,3.55120043629774
3.15931823456934,4.00829975896881,3.51767865242628
3.20741823000357,4.0009104296964,3.59831577335278
3.43347353624276,3.58374268171787,3.41963580439071
3.80175293933013,3.85460698580347,3.77487909820055
3.81961742352231,3.91364796851812,3.77179890328095
3.81399364139552,3.86584227459595,3.74012930760361
1.89146397760655,2.43937442842935,2.26450746665067
1.8990681441639,2.42661741725053,2.28432568290933
1.91252856364042,2.46312710613505,2.27290794145492
1.95427443683956,2.52556949484851,2.30913827479229
1.91499048421492,2.46872730254575,2.2919233713979
1.96227178759119,2.59914551679979,2.38352726295258
2.06290198972597,2.65766220460628,2.41708862722661
2.23918156369671,2.86687898913037,2.53408948810912
2.2727154976259,2.63763153766299,2.5598566917183
2.51119483583682,2.80274464065239,2.94875827948077
3.17829405637257,3.35182262746956,3.42647965405624
3.48498770886924,3.79836312698231,3.53802104210911
3.93864347781071,3.63288198426202,4.2546722465093
4.64216991776711,4.25249078219945,4.84027540435335
4.15713669314442,3.39063240637105,4.68685933155103
4.89506028008677,3.69400448492359,5.458854208986
3.03510246472098,2.8797916347433,3.63674856948243
3.23550671635166,3.07457119159402,3.8516883148842
3.84092383531056,3.15463589946141,4.48211042114118
4.50658058971481,3.48169364085492,5.21847918009207
1.82436336165341,2.22182010796888,2.14705192183258
1.85428458613431,2.2008219448737,2.14133274458693
1.81091918893362,2.07058361164651,2.05742023526161
1.86202399411315,2.12788671751453,2.10242410892866
1.81851227488016,1.88810928721526,1.93006943289115
1.87301899142284,1.916396345724,1.95915987762887
1.96153103420734,1.86543999226942,1.91753858114641
2.29598195843265,2.15386840290155,2.17327740051885
2.22644080454103,2.12048871548299,2.16399522853359
2.26482536876169,2.14669954241384,2.20746055588084
1.7518896352009,1.79983650297677,1.83592221150303
1.75740901615137,1.73100651935643,1.78873833426728
1.75146231007497,1.87680030637933,1.85672404602895
1.79640912656214,1.96367092595699,1.92409017695706
1.74898118077011,1.91743945730432,1.82626632246562
1.73439680528672,1.81687150397513,1.74043794069096
1.81634656382499,2.09625648886276,1.90247813834619
1.97356163971247,2.25293743261072,2.0458184450835
1.89424265945002,2.23116669175622,1.97696431117854
1.84562521737715,2.05126148583732,1.86877888626042
2.31559189453692,2.18748184087821,2.08757753620295
2.25484974815138,2.48767040748776,2.24539194862729
1.82556960592135,2.01330781183787,1.86370557553081
2.18308302617635,2.39471814632212,2.08792998587113
2.21619462954622,2.25181667016551,2.16237182362394
2.35811688687086,2.35181728585264,2.19012110742359
2.67086973962595,2.6533952821901,2.58661570903003
1.78087640155073,1.99571972589941,1.8794008803188
1.7821750730717,1.96737635429393,1.84007387416331
1.85961278715005,2.1419376688484,2.00524814004381
1.89164212960283,2.20779424675488,2.06821756464042
1.95350319163363,2.25721240060161,2.09263970572033
1.99059025553965,2.32945525402517,2.10882119990523
2.11935322863677,2.50768327985965,2.27582511867497
2.26579955946508,2.61773955759676,2.52284419105289
2.43456303813465,2.82711044889634,2.53344628729338
2.4987571147132,2.86606603138792,2.57266499399563
2.9961860418255,3.28966645256375,2.98848568140709
2.81798374831405,3.09045810171169,2.9027327230494
2.65687920371892,3.16479323733536,2.75353784044613
2.98826982720711,3.53004493358179,3.1107196700979
3.00385539709168,3.51060593113514,3.0709277334636
1.92637302573002,2.12665298947362,2.03945847988137
1.9685803868346,2.1488177074005,2.05654195128999
1.89546111895815,2.03242012459247,2.00756521373893
1.89734637559518,2.05211113747204,2.02709533007885
1.91173391472268,1.95758716289812,1.98146112453609
2.01557628467119,2.08436565728658,2.07379918526683
1.9449889100839,1.9819720196105,2.01750277704502
2.16246738374949,2.29627154394251,2.20415948044236
2.23220601069681,2.26189963902904,2.32913126034936
2.24601175477831,2.1928784859503,2.31402004203647
1.83980498248944,1.77821291893132,1.85033265122723
1.912655336696,1.79054401767298,1.87335216310921
1.74564244795796,1.66236197244649,1.74262011468582
1.73510908712403,1.69415260758433,1.75594519112189
1.70436682605932,1.5516928988179,1.6421578740576
1.73686878427497,1.52617920121268,1.63520146893348
1.67549918113135,1.51043520493406,1.58355578155775
2.03603739253888,1.76110530607281,1.85969228341933
1.98800972201196,1.7545415776885,1.95235222556605
1.55677391874107,1.5238421917828,1.51565123998406
2.04334523697877,2.06054713374184,2.10562232030575
2.07745112897982,1.77055234445148,1.73679572078089
2.52994900463371,2.23750138791031,2.19448210394344
2.54497950229226,2.20684116652109,2.17166669679545
2.49871623019859,2.16647810654913,2.20481217309766
1.88431649932256,1.8866817706791,2.05581089882427
2.31586672644443,2.33377724312874,2.5117325085977
2.32126328076085,2.27697995344099,2.50811506710451
2.35210540286458,2.31339915150646,2.50517652741738
1.73988946561383,1.61404653024246,1.67734377193666
1.78270271730277,1.59473210665094,1.66835714240835
1.78023992044153,1.75569920272525,1.76319945310495
1.78541515990384,1.80677201075848,1.79572388712382
1.86660285154242,1.89455174661973,1.844780302804
1.85860541674996,1.8602786731803,1.79882046361247
1.95048762096657,2.10900399999523,1.95352162424219
2.05938620486369,2.19979010054238,2.06441210335689
2.29744314416878,2.369959420582,2.15157415326879
2.27057753143108,2.57367598335406,2.21253277730768
2.80823119899633,3.098684169722,2.64504087186487
2.67466214040818,2.93074325246209,2.50824068528832
3.05203566345748,3.29685613861696,2.86952280572174
3.0682757509056,3.2532690131276,2.86475380479391
3.01947645338825,3.24409737674635,2.82198446528219
2.65092398294623,2.94192718779318,2.4621052136938
3.00410326402124,3.32208508339723,2.80400083295901
3.02898171188656,3.27488322072498,2.78102697739037
3.01340150737728,3.2373380422165,2.78076617191344
1.96684507617407,1.95487474227428,1.92949808893466
2.04585604079906,2.00902244922539,1.97120216657902
2.01548152240695,2.00055625279808,1.99294533258269
1.99228465886221,2.00541591698038,1.99713920341842
2.14568762509216,2.10212076338612,2.09144055369726
2.24460644212931,2.21339884191309,2.17975873700634
2.27264150042314,2.27287577253692,2.21732161724448
2.37542973826575,2.35743369353486,2.32902315244668
2.53517353219684,2.33676370511331,2.37506756944871
2.56487532683739,2.86018383755672,2.52028115032607
3.01903939535656,3.32999278633564,2.90764445018773
2.93045840802772,3.325280595347,2.84514184484683
3.34624047341554,3.39514176463008,2.96410393555646
3.14703912345532,3.83935450741443,3.22382839256365
2.10254009541256,1.97317690220955,2.01595436386816
2.21916517831369,2.03809829357031,2.09982820851832
1.97653221931731,1.83932258254284,1.88704140493183
1.92565749653111,1.83164283133184,1.85389069822785
1.94894333120584,1.77743508081137,1.8290268996841
2.05971672682689,1.90253910397873,1.92526703222974
1.9085812036137,1.75167209742623,1.76927513169564
2.01762043286647,1.83132289986537,1.78525051256318
2.09187956672673,1.77006857159396,1.81526316881999
2.07182433384734,2.06174725139271,1.9838139705474
2.25408193017587,2.27131802106162,2.14608654030104
2.39226616545343,2.24460731736062,2.13361691497327
2.24817809499808,2.35725967338283,2.22397933934877
2.64823734516299,2.78029801455764,2.57397476785178
2.60238951735374,2.67402591699667,2.62353696807909
2.95685295593354,2.92230942553008,2.9693533076822
2.97000634986704,2.95847604768087,2.86790217625127
1.90834189670488,1.67097748661989,1.76753846292948
2.0073001414804,1.75936779755328,1.83652050307604
1.82680172588237,1.56991951489975,1.69816892675026
1.81189682251473,1.58563680622641,1.70354909187016
1.81954580954225,1.51088475600655,1.65624597338013
1.87972518678415,1.57832855522024,1.71083405989882
1.78463598618431,1.42718539020821,1.53302198227857
1.80971854241399,1.53551339889137,1.55571695946469
1.83913681034174,1.49233232218436,1.55722113833782
1.82460184268394,1.46671573425896,1.50842553266506
1.89948742525964,1.64743739679291,1.66187684844892
1.94471859790412,1.72515431718484,1.6922870131946
2.27965968914371,2.10757853826845,2.08137618987988
2.23249934002598,2.12899757167595,2.06273988363989
2.25752453972038,2.11199648477236,2.06535856982945
1.94902289208765,1.62660710436391,1.68157208355812
2.23958513240848,2.00186507384187,2.04658649380555
2.27793340606372,1.97585740675673,2.04827069757896
2.26677047833792,2.02483598471996,2.07522364201807
1.86842618057813,1.58842831230971,1.73952864324557
1.8458363148632,1.61052961714649,1.7321435869922
2.01218789911914,1.74989060905051,1.90164466994319
2.14910992017879,1.89609279991133,2.0302655203353
2.18139002830907,1.90170897134537,2.03107853570899
2.20500085392864,1.97078226990151,2.08507141171696
2.13270178834989,1.90575198285674,2.03483819724486
2.16764176174129,1.9830086629353,2.06425902005895
2.33352397307319,2.14602853446758,2.25331655432116
2.47950423488685,2.31380429658323,2.40712821748913
2.46681966935648,2.3125146167642,2.37179147033047
2.33632560522886,2.12437659999578,2.23326046974889
2.43395362221841,2.22210572465989,2.31803549228738
2.52955274788327,2.34232362500761,2.40260773601379
2.14007904343381,1.87706473158989,2.01981476875546
2.28966087069539,2.02971322048093,2.14589525001883
2.0842332097624,1.80878561903302,1.96344020990979
2.05583730477241,1.79232547166973,1.94878802979218
2.18411557081672,1.90037202014739,2.03700381318274
2.35096699314294,2.05713929992779,2.18256757774383
2.34066521174671,2.0763347414072,2.19832004271403
2.38023201500537,2.07300219140595,2.15451081726879
2.44319626897992,2.20580859257275,2.29953789624929
2.57954838172985,2.34775283656087,2.45101576636447
2.85627769664289,2.75493874794517,2.80553304392706
2.98973002876244,2.68891481730017,2.76815792858644
2.053951586335,1.79553808329987,1.88630321853078
2.17175164150176,1.939737953683,1.99586089248456
1.90204242217261,1.68313929710728,1.73559808879931
1.92586549547539,1.73078555567483,1.77185859537118
1.78871372002804,1.62278978940704,1.61740415715964
1.82910935303049,1.67834473249667,1.64183895223197
1.7279278928225,1.65023115172959,1.54621919634978
1.74360251623445,1.71417055235602,1.57674215847863
1.69324786043434,1.69440167776978,1.52070834527088
1.80724641534761,1.73477597943837,1.59673679434549
1.98398446649505,2.04683781126617,1.98624869290109
2.41711634516433,2.42047871182678,2.44544500065562
2.1194470477504,2.20349699759072,2.09588696607051
2.61509513698007,2.6503546370598,2.61090925461041
2.08750273933549,2.08589840522365,1.83635029639642
2.2822249592279,2.34106484605962,2.02785180023448
2.52173858734332,2.52460465144923,2.21830020602281
2.34623538417653,1.97483564006462,1.77805898353762
2.94316789106545,2.3047356083683,2.15525522689078
2.45575864337121,2.1414258230214,1.88019042367098
3.0933680070873,2.55541743742079,2.28966931695377
1.7456346650812,1.6075031297017,1.61277393707381
1.81748917956002,1.71901583256858,1.72851677079554
1.70490649025312,1.60730017753407,1.57176501666805
1.74160253608626,1.66989009165236,1.59028735871771
1.66499892649577,1.63006501781051,1.57380668625982
1.73390588263313,1.72409435334484,1.68159876132065
1.73644123350622,1.73149844333231,1.64795898816853
1.50856566389427,1.4947609348457,1.41032534310435
1.48919997311756,1.48559941767435,1.35128452849622
1.45327242963211,1.47829632764614,1.39399973799008
1.53193465988008,1.58015195774754,1.50606967715315
1.3410321591231,1.387571153022,1.27823851643394
1.33922105269207,1.33392349760416,1.21045752133309
1.43420154402376,1.57066103097907,1.42094716206744
1.73115745791651,1.9524187014265,1.73621892048167
1.57541336831345,1.91528476889349,1.62407887400907
1.47852668518484,1.48802985130192,1.34689407269405
1.64433121580296,1.61678516241801,1.39243330397576
1.92382563985961,1.82384691013762,1.48163688509975
1.98635235452626,1.938496518349,1.58264357802657
2.44234383367885,2.30593755455957,1.79135956336794
2.13500795078665,2.12930537852427,1.71378986945319
2.49522008913987,2.52437830709565,1.97275153216181
2.00494424974639,1.8599478875781,1.54031285434672
2.47095357467338,2.18910197728804,1.72529128207532
2.26851141202147,2.14911524394333,1.71212536462595
2.82857206684176,2.619827543568,1.9870387511184
1.27154007702282,1.41719484981193,1.27666730393529
1.37351725411416,1.61003455782005,1.44842667983776
1.16715394838261,1.32037566792056,1.15860648851067
1.1643958035413,1.24857677020674,1.10128186806468
1.1236463151748,1.37988885478266,1.18574232561522
1.21365270407408,1.53778668824086,1.3101420250387
1.18927132537164,1.48382817248996,1.26125870532199
1.55496947171843,1.75980931502176,1.53410929810038
1.58386615041667,1.82212561556649,1.64498155681933
1.67035184768853,1.95067061505022,1.72499298914946
2.24640635867493,2.44495835796203,2.28763663133223
2.22197216830289,2.41681038352938,2.22503093132515
1.78610098705958,2.33756940110899,1.86437259004071
2.1938653874301,2.80518612726614,2.28396577398476
2.20768194837266,2.818853574517,2.29433122965715
1.00814684995856,1.24096928007802,1.08338860519483
1.00646515894916,1.18935867983344,1.03640985613253
1.02180146323853,1.271797899845,1.14762399503016
1.13657342846553,1.41590266858354,1.28465564838049
0.998860689274105,1.1831360746759,1.09773534190844
0.992021842994871,1.08469238870599,1.02222373707773
1.15613601827923,1.31455110406758,1.23520513376848
1.39059986444639,1.4579482088951,1.35295182414673
1.29883142565569,1.31772650780279,1.27496933784722
1.26938079780182,1.37035630402883,1.28669498561199
1.9833580486295,1.76796262850001,1.78253019516193
2.61464617897514,2.24641791115106,2.4530186739882
2.29854363807354,1.87312676791081,1.89439984175578
3.07743959536469,2.38331297997484,2.60233767079042
1.98446540642283,1.63935496988432,1.54955021416783
2.33725099328348,1.79287579770061,1.69558181029348
1.62719371150317,1.60064474741298,1.76587171716302
2.19713177525416,2.00393712544806,2.44333863776487
1.89918173984346,1.72571040596945,1.85645566119005
2.50506417962048,2.18405113760757,2.54356154102565
0.950386737895485,1.16999285801052,1.09277290539943
1.02076357864584,1.3222439184482,1.22871034875799
0.911761297155096,1.04609781649683,1.00924612569025
0.927370483420754,0.995598945748744,0.975622710281991
0.924652176574762,1.05450102323295,1.0380227725265
0.982069173861255,1.14650318345947,1.15878321875309
0.978455069640874,1.06908729100773,1.05728566746332
1.62166885061127,1.66228604735292,1.61898856285532
1.5720763592327,1.71502725921388,1.66542965336026
2.12211002225211,2.23109835472593,2.17267695778691
2.11599354537216,2.26974837551815,2.18324280344481
2.12128938237804,2.25864767170881,2.19668412839766
1.59962969943005,1.62942850390067,1.46683084157674
2.17673348746162,2.19410310099129,1.99046873353475
2.13297118979528,2.14732365126949,1.98165585443575
2.14814812419813,2.15857446105646,2.02095950306428
0.939034045542821,1.03856607110228,1.02971280613539
0.980960100613896,1.03714983589397,1.03949117053828
0.983640361591373,1.08760178191612,1.09517046695275
1.02440705984108,1.15211533904776,1.15892810375625
1.02551387267313,1.1008739267947,1.13935392148654
1.06798356811355,1.10317126344626,1.16391012200569
1.13553748190252,1.25680517995338,1.3393167170404
1.15953145568169,1.72439408029968,1.87047355241307
1.26551875459155,1.36130907234278,1.4576186516501
1.6770659670539,1.78133813871905,1.89021369754239
1.68530235168938,1.81676830350968,1.91179917519145
1.65209634704396,1.83615237773939,1.9145012007189
1.24796654260993,1.60194738912476,1.7463153872904
1.5621757528244,2.0171410337739,2.19109591094604
1.36919286747082,2.17864910783375,2.38066773743971
2.02852490675822,1.98264318865657,2.05613608132052
2.53798211253988,2.41072897098542,2.45450668796675
2.51436483477019,2.41337800900284,2.45941144438387
2.518227181632,2.40130499739786,2.46970367960415
0.990339448729057,1.05318039137924,1.06324168664776
1.02835276686074,1.10865418244877,1.10296486301631
0.995182907444485,1.02458775110595,1.04173192363385
1.03727404126313,1.05570200953519,1.10013348895323
0.990041160981383,1.01186294352403,1.01652512086734
1.04400443148338,1.08621890706851,1.06289690877817
1.06246681227351,1.06822370765998,1.01541180403924
1.51767434729079,1.50137061504123,1.49687083541069
1.50113561165335,1.53032294404452,1.46747021020731
1.51182895403503,1.50688319338715,1.43000727361273
1.00230489405008,1.00514921760429,1.08536748708187
1.08936478917051,1.07660444577051,1.18282684321518
1.0232865637546,1.00859405551801,1.12342818438137
1.09063542214915,1.05329108236185,1.14633814942276
1.11716121956345,1.07421196151481,1.16604850508642
1.18886799364928,1.16143361429587,1.21513877135558
1.08048645226062,1.03785508992916,1.22218246262909
1.15781609086002,1.1154613402774,1.31297581467583
1.17730118483499,1.09956231365129,1.31278016314711
1.25138759592285,1.19272007099903,1.43575017941845
1.35832033942661,1.25232791242968,1.51476904386553
1.23945329908392,1.14520701159119,1.27447086038725
1.4406956083956,1.32050815497414,1.45841283957681
1.45777416544963,1.33629825661334,1.4299651218352
1.0518115879984,1.01946312979665,1.21482751778483
1.00736231880577,0.987892638611411,1.16012478384651
1.13430809964961,1.10186405065993,1.33644248891686
1.21612434950142,1.17874398553957,1.42748297267206
1.1644583013044,1.14164198334959,1.39564287215623
1.13552444746421,1.14340243449072,1.3523314932421
1.29123562897645,1.29005845387903,1.57880930983005
1.35217229462139,1.61215461002414,1.77222952204076
1.3913991394878,1.57042935465824,1.79017018217068
1.45357231712591,1.82990748034386,2.13174130425541
1.60082811036472,2.27993052336912,2.55644381657074
1.57369894199936,2.33520588750901,2.51792912667728
1.58017110268656,1.91939209191304,2.29228826231476
1.96665070920664,2.23826865230533,2.64987957617584
2.00886147162216,2.27955543949443,2.60326974079855
1.18907174903435,1.12491334755309,1.41301505182389
1.19291899522509,1.13491086613413,1.41641845005866
1.2691775712513,1.15472091586658,1.47212964610055
1.31409227566879,1.19124676491223,1.51287214390764
1.36149845633341,1.19486950479082,1.52978770450258
1.43656440099426,1.25676134095716,1.61015465496054
1.54737198767496,1.33397778918833,1.66495998001624
1.65481326425084,1.50699223358251,2.03143956719158
1.87407195384211,1.59385085328658,1.77348219454375
2.19306524771742,2.05966744092191,1.93530171757316
2.61015077806808,2.41972078103972,2.17904568529118
2.66490466320191,2.67457641225619,2.2265044832926
2.77340985658502,2.56827421213907,2.42377922324063
3.06924595535543,2.91924849619659,2.63754675770281
2.99981399208736,2.63838637319211,2.62561198116684
3.522727418529,3.39758249006974,3.01555722259443
3.65442178144499,3.7446866074151,3.40718030338098
3.77391944114675,3.59337847014032,3.05216486143534
4.37575708052879,4.22334020687133,3.70413138766138
4.68813995264026,4.58172801577174,4.031379186478
4.72570600351913,4.58542028759608,4.06253572763806
4.7729515043884,4.57948552542153,4.03903903799721
1.2784538077893,1.11621186646079,1.43593926807412
1.33902442817035,1.15950038760618,1.4919605780977
1.18892096356346,1.06070180975498,1.32764956216997
1.21002016014695,1.08792433708569,1.33171855533664
1.13545550432974,1.02500353599127,1.2471828702665
1.23607366180509,1.08972617928959,1.32765919038903
1.18199360921196,1.04210095027587,1.21893268042388
1.50955714306481,1.06551359422599,1.44297835488701
1.44660534242822,1.11523346876644,1.39244826862837
1.44800397021375,1.16740020975083,1.33463219031084
1.9289395330227,1.47682884591364,1.69968464786046
1.93026803092548,1.56262772982408,1.75132745610653
1.99922322549716,1.76701015494894,1.59669150696399
2.71955693545146,2.49548948517906,2.02310192655525
2.40353614463917,2.10698737440682,1.93327140304928
2.43514378637199,2.05929528132739,2.02091786242667
3.02735460007313,2.72449967810543,2.34684529536338
1.01720099147148,0.966488594244508,1.17421531245434
1.04658915150906,0.999784375698077,1.20172584513419
0.953000436841037,0.941215732928429,1.13975477402152
0.981544425694755,0.975792305730237,1.16869761764903
0.92554358764691,0.931553655522285,1.12660775332279
0.910307975691396,0.939217249332389,1.08280762012772
0.973688934947598,0.988950187334805,1.13301051475179
1.42680154745075,1.36820671738957,1.3277532522857
1.36061741751964,1.44578970439348,1.27895882417745
1.19346575036094,1.09669573663909,1.06537032345938
1.99689210757857,1.74477458620616,1.3061616429575
1.75706414317346,1.55462937186681,1.30105310363461
2.23939693472689,2.05336049314675,1.74442484142845
2.26250734419683,2.05521615043953,1.73950368812593
2.2911574469106,2.07101780967933,1.77034330504754
1.63379271174706,1.6344878913314,1.20528747469219
2.12947818259482,2.15824968068627,1.66571062867073
2.11404464898206,2.12111747550195,1.65987662594604
2.16008655623175,2.11296650630009,1.67956013127589
1.01850260040001,0.969247966897209,1.23870346955643
1.05283001983978,0.991795623424593,1.26317988441322
1.1261221814721,1.03096791321856,1.35734863444942
1.13432331869787,1.05556173653307,1.36739630670188
1.2874734859386,1.11962696599868,1.50826007116294
1.32767415543331,1.15439297547862,1.53504845528502
1.45334042206423,1.2324881954418,1.65670356380978
1.54383952715817,1.63038316024684,1.67719618500419
1.78956536519075,1.80363242719316,1.8724975611074
2.18874139288671,2.3277360228698,2.15588559860083
2.20089500656569,2.26774662096436,2.27233754407342
2.11375160647505,2.2965151562398,2.16487315508393
1.53914175601685,1.72472344088903,1.71077661575268
1.91791124965222,2.23300978673552,2.02769968869982
1.90318717937639,2.19443679871296,2.04058849395945
1.90050103880718,2.21532885249988,2.00726259384423
1.33007937108512,1.15325600970621,1.54561953157793
1.42408449786754,1.23750601385413,1.63318066856886
1.31068400421691,1.14273233285392,1.51849052215154
1.28753292594145,1.1236259391529,1.48964490529477
1.38269155546022,1.21986619647622,1.5728468669475
1.53073268829731,1.32554324195166,1.6978489623428
1.47948878372844,1.30209523888817,1.61394210342425
1.56065311068872,1.40119427640482,1.59607319872057
1.74342364543846,1.63708438787929,1.73842335018203
1.9177869619899,1.51890306469421,1.94939652923455
2.5612150341269,1.94218752788907,2.34635196414722
2.28548873606049,2.11672411336484,2.15041017728785
1.26577439873561,1.17775547648169,1.49963643720647
1.34062298670243,1.27749755363838,1.58986391495787
1.13664699680531,1.07638402836229,1.37035759212308
1.13778873981628,1.05441979493712,1.34109606851781
1.07137809391728,1.04923384108166,1.30655327148225
1.13400780376938,1.13277311436048,1.36809775217332
1.03587068746885,1.01921397078267,1.23264433208547
1.07509840613005,1.05131173496139,1.33731272818216
1.12709385004154,1.12067143763463,1.38998295931758
1.0952952770155,1.04235349289486,1.3583586958101
1.1134644066971,1.03167600388015,1.35654316554342
1.15641751970892,1.10556689496447,1.4280499587358
1.13968935437743,1.09744065365981,1.38460300008338
1.25004430941655,1.1454162364804,1.49397045412879
1.33552590613335,1.21983711618788,1.58636134580818
1.35510885398117,1.23819540778207,1.58077199868521
1.18843462073395,1.06637425738936,1.39930919946728
1.1546310168756,1.01424990731832,1.30058720395922
1.19109509353143,1.04546432670307,1.30729097179393
1.15224356765487,1.01470693720852,1.25689826354796
1.1897332083369,1.04777926725255,1.22908663850532
1.19121280621822,1.06848636829269,1.32478781123531
1.24839262333688,1.13217092383099,1.35130739129609
1.23684872947802,1.13003262475021,1.4669066768804
1.32520495541101,1.23667061088903,1.58515686725574
1.24091172611671,1.12938251314225,1.43370556223872
1.33973093850356,1.23810152682319,1.53636284367423
1.23274580568255,1.23104693055496,1.55688809362652
1.31193374922834,1.32793253643567,1.62880637079958
1.27071863128514,1.28416186659394,1.6292924562098
1.28092579603147,1.25918356761987,1.61771645176633
1.37033812358082,1.42133412116,1.75500169897164
1.46541288717239,1.4961224785079,1.8249502093707
1.49826054878142,1.51124369907828,1.86651051661345
1.48384764412093,1.48721438652844,1.83664522455505
1.68082699167986,1.65382722265865,1.99345075750894
1.6908238343951,1.59274535056979,1.98024435778673
2.09066802888298,1.90513465644738,2.16447751272544
2.11570176901952,2.01950975109507,2.46809535304471
1.33093402563279,1.45359764671059,1.74012431101377
1.49005279873346,1.60518409600122,1.87560411549461
1.22464775928297,1.38169675043103,1.64295757591728
1.20490372176345,1.34066156611688,1.6141179602445
1.27199765744767,1.44781455260005,1.64752907534075
1.40486958818913,1.58443329579624,1.76367914826483
1.45401143639476,1.46177938291395,1.6582211913109
1.97012317684758,1.5889073597133,1.93747243614521
2.1059981880052,1.60493870955642,1.8509140086286
1.45597779504484,1.79931303541749,2.10676163698327
1.94490595149535,2.2204894721143,2.50917055540978
1.87981421428717,2.18186941173678,2.67062474077609
1.82225196599817,2.07198496624792,2.40754188204733
2.2803872583649,2.44106865233498,2.79099405739914
2.17109877967161,2.40949951090143,2.57710255783073
2.48929534459291,2.60183249255003,3.08840266037593
2.93793846724889,2.98928038997515,3.51944469598847
3.15589319887306,3.15632819464681,3.6424693352203
3.36015986721283,3.33980668361685,3.79768075111627
3.11082239739227,3.16279337614337,3.56159265615542
4.08083078161429,3.94927017491851,4.43522706572527
4.11803497996764,4.00387397252148,4.50030978191689
4.39996184290721,4.29471071147356,4.80560476796372
4.71221057798479,4.52062985323512,5.00328608856364
1.18696315031087,1.42202494113193,1.59560462991602
1.28514994532772,1.56682645864373,1.71829721530486
1.1218905890046,1.2912982076051,1.47833170639098
1.12894284899427,1.22744194750729,1.43845830264188
1.14599909062954,1.29131808802258,1.44369477504545
1.21216120720777,1.40022584930567,1.52629104754212
1.13555503448384,1.19518208986289,1.31942724532934
1.14868558857749,1.12939288306811,1.27993706276464
1.21701471440904,1.2505457304974,1.34976298203962
1.13024206697308,1.23207318228087,1.32955758494232
1.2579520884673,1.44667746714253,1.54336509899305
1.36810774147618,1.59072584046637,1.68612477524719
1.33338225996601,1.55329324781499,1.66106709968987
1.49480227787057,1.7702304753519,1.88673558629911
1.28283119379752,1.45602541373349,1.56413117281878
1.4409945987241,1.64419962513216,1.76244077454909
1.60985346849794,1.90277734133353,2.03521190757177
1.09755375358502,1.16493222751044,1.25778564753873
1.09963596139457,1.11621204308651,1.21995845575571
1.17291439624064,1.27650594905668,1.37243173801806
1.23041042293171,1.30286528248843,1.40329108437049
1.22090158976823,1.32830414927069,1.51011536509807
1.33876689264351,1.42026511553791,1.57663213573782
1.24955646934236,1.34233181307488,1.57345407150159
1.25367269069783,1.35302910431983,1.59563700116367
1.37143839364793,1.43669675577912,1.69105230422556
1.41847718212498,1.45986115180914,1.69354910541919
1.37428870333029,1.38223941301388,1.67404076723439
1.39246084653625,1.40389870783559,1.71739399198696
1.50603490111242,1.50648004133754,1.80485295003341
1.2766038747433,1.22748789115376,1.50560535218116
1.31444800590217,1.23844050324819,1.49630381401926
1.42481084329714,1.37992423843551,1.6265390523849
1.29298739680385,1.16612357272059,1.38854450982587
1.40679860675468,1.25790384515082,1.44538754778396
1.22232366670224,1.07009726611561,1.28252390926355
1.26546309019191,1.07426031013741,1.23075824132768
1.35387873522052,1.12567549112288,1.2830926345844
1.24883279553594,1.16913247204496,1.42623850242133
1.33524599885193,1.27094880928455,1.51621807412319
1.21253385366088,1.08886752333499,1.3136359343909
1.26610134920098,1.13614076821089,1.31530994066194
1.55036541823612,1.66520243308847,1.92583193311922
1.97774286188138,2.09642254477829,2.32973111309175
1.9597852650475,2.0616835865623,2.27849339713635
