R1,R2,R3
7.45900811511899,9.67421081340236,11.4776257847676
7.79185537533888,9.88408751198015,11.6939698411204
7.62090822432766,9.87770028265441,11.7485533912785
7.53124201704169,9.88837190305363,11.7623785496053
7.0550075037956,9.11783194453733,10.6750258441699
7.27601774173815,9.27187000251426,11.0158123453903
7.39985938900499,9.48748525806599,10.6449707007331
7.78830049718507,9.76390024076638,10.8008323724299
7.35506741646002,9.54834363890885,10.6121650166653
7.75198554777799,9.82858169262738,10.8125436927032
8.03828904971969,10.1459055949436,11.0951392133243
7.7976307197349,9.9712394083046,10.7643657710515
8.21837880120093,10.005903874819,11.0805139833134
8.83189871559557,10.5018520740366,11.4686701988947
9.0736970874389,10.7057094084761,11.6234168247019
9.06342059516577,10.6812533646643,11.6322688222089
9.06988630684666,10.7054394732382,11.6488191910284
6.43077656308322,8.30876486893122,9.74079510303724
6.62645760444923,8.32551400001422,9.73411313658217
5.94855301210366,7.77073777210157,9.12159744598787
6.05816660811919,7.96344656201525,9.32863903278788
5.58850654810348,7.0853529178135,8.33954205972671
5.80647224883193,7.20853827898142,8.65923012159763
5.69569092452687,6.99219976495147,8.38450292412412
5.89932933679032,7.1903924414547,8.4323458824463
5.8804431503803,7.06773590572732,8.57731505193661
5.83408352532335,7.00979155705243,8.50698870338659
5.24473374730641,6.57175533906009,7.38529891884271
5.18433004368028,6.75588973460393,7.18759830126526
5.17058101275407,6.096394674297,7.02727032871465
5.3773311879032,6.13870014504556,7.40608043781599
4.97369450035859,5.68426937092418,6.37382864546531
5.04022314688226,6.08570075208214,6.5307407878847
5.2280096183556,5.75108412756942,6.79547947005441
5.58961009070665,5.6288161383154,7.03192791126181
5.17325398790296,5.64768968867081,6.71422186735933
5.52378613330724,6.50564893720559,7.52452468783127
5.68668499825951,6.69005474711324,7.6835750434613
5.98554611015009,6.83386634229356,8.07524729655518
6.22859541609129,7.01726779655367,8.24345466103835
6.24046466847472,7.05648639686148,8.37845576270271
6.23622796136192,7.01296026719099,8.3284855773931
5.73170759244778,7.08296239310478,7.99814844522394
5.93742964567742,7.29040979287632,8.23770207312255
5.91299537499531,7.39690016090403,8.20283636495068
5.9300233725352,7.31572896056879,8.23196916829169
4.64241399291309,4.97156263793139,5.47905675502309
5.06245672888577,4.70135991783914,5.45219121931015
4.03922886880862,4.87465352317406,5.04015875260321
3.86568932407088,5.28728314662405,5.36301180701822
3.82435103477596,4.4008959950404,4.47661194731408
4.19574650922295,4.58493815336573,4.71570930274701
3.78878273348267,4.87619831110548,4.95673000726713
3.93523624971811,5.12025143527889,5.24890350693078
4.01899283976265,5.14369493546372,5.23359674406651
3.93518984027028,5.1317164558918,5.21771725511463
3.44617433177511,3.53166672316142,3.59816554282864
3.27782164879654,3.46375393538086,3.3309749344989
3.52284580157078,3.20111758227275,3.40472224320034
3.83810455142428,3.61873235691483,3.89828546765215
3.35166936806081,2.66143145188703,2.7752648375678
3.48352278329222,2.73228156256443,2.77578808762751
3.79968701344056,3.22706017158201,3.1209335335785
4.00735490085191,3.48766074595357,3.3618492890093
3.87271673840225,3.43061963296332,3.05647498278508
4.45746907938528,3.82523617184259,3.79817171433839
4.79909910603085,4.16086214697176,4.13998166336334
4.76195531935503,4.1304904875924,4.12537102635597
5.05428111465417,4.34043577874196,4.32142858650564
5.75049169120818,5.18284333755939,4.99362204161742
6.0500409662967,5.50065980593027,5.3239693964936
6.02082265737334,5.53779194357961,5.30848597458
6.06353739074049,5.51548948559811,5.2891706430592
2.85549924618393,2.04027606936085,2.22608365260571
2.81403398252255,2.16040269297233,2.39050006437818
2.7348426023014,1.81617115442493,1.91758635475138
3.03500960546316,2.17867895508321,2.11626061264591
2.4772948637241,1.62554210297705,1.76331458245656
2.74466032862533,1.71057384062653,1.96446883683489
2.70011399757436,2.12628112557506,2.14513416785114
2.85027600043051,2.27581178739756,2.31339524442727
2.80508934356685,2.34152691876167,2.36887568289662
3.40122657519657,2.59714863549929,2.53875934339322
3.82978815159239,2.72306401757295,2.73201167029654
3.75710414529146,3.00599239472619,2.79318928281683
3.85752001107655,3.16631257036976,3.09499217094017
4.02225220192125,3.53872856971691,3.42805846550967
4.08511141189718,3.44672380371156,3.36359906460173
4.5412062512457,3.75538118939422,3.66142875104032
4.85620177513763,4.02221633470574,3.90749963126184
4.81360814311656,4.04850171930392,3.9276981919323
5.09779569256904,4.3757270860911,4.28586355079834
5.3579226631079,4.66848921533069,4.62226166336187
5.37403286033984,4.69850617787185,4.57833069985628
5.38303557243762,4.67203688206481,4.57989621267872
2.06995835009153,1.41322838594123,1.52363647838639
2.06668156156952,1.39129247689612,1.47013314626659
1.94485943286512,1.31092957777831,1.47015437720646
2.16399479840082,1.3954957799638,1.59280153616413
1.7663377089648,1.15646007936928,1.34729202033242
1.88488159953864,1.20905410838261,1.40050664321958
2.03009769093464,1.15544712577043,1.46423044663164
2.31753353308457,1.50223200628409,1.58740438690919
2.45208866060161,1.63344120580311,1.53145676484919
2.85414156335673,2.14684059431448,1.91411861560554
2.81578861557076,2.15536047898163,1.8873272066196
2.82657232030025,2.0840220783465,1.9002646018109
2.40961862602754,1.66335642696256,1.75423244657377
2.81776029167535,2.12395500101504,2.14158984781013
2.78004566694205,2.15498956362111,2.11079885615773
2.74056880435546,2.18743712501171,2.13060604362672
1.51466437458102,1.0568483187174,1.18490923743938
1.60941886781659,1.00359526102327,1.12108759677228
1.4615468160128,1.10641622766497,1.20939095514523
1.58398380717766,1.20395403579986,1.33370027020854
1.52681129737991,1.09908044107086,1.16406694161079
1.61553387054462,1.04300560133991,1.13258410577234
1.87276197056438,1.24340085426081,1.351898868738
1.92367090102163,1.53280805869011,1.8300971157092
2.09082598182004,1.43887225763698,1.70433150638859
2.42880937177574,1.88431695618354,2.16334721194461
2.38520619468876,1.87013333494412,2.18013853614765
2.46295130412273,1.87919623788395,2.18167398143803
2.36234493287646,1.60603526590476,1.87286387774563
2.76561762484157,2.03219254355094,2.29698823343222
2.5491408016586,2.18581399488728,2.44625328200561
2.87499935833207,1.96827487987902,2.39016670795529
3.25771577538552,2.43623558454383,2.83658748341406
3.26417703535401,2.41285019608827,2.81328174708838
3.20024019236457,2.36556905157643,2.761337798951
1.42214202458423,1.11449467499287,1.11865062194458
1.4076587112256,1.08793661219905,1.0948790146458
1.41958543806955,1.20539193628764,1.19875012175306
1.50420913361478,1.27868611240478,1.27706409252766
1.37663009189001,1.26794928168029,1.25820887105827
1.42578495804105,1.30774937220654,1.29814819596235
1.54230524213163,1.46203223103945,1.45893160545205
1.81415376323032,1.87992800954036,1.7295698324735
1.91512990774886,1.85091806597404,1.87849120241389
2.10834069573607,1.7880452116734,1.97746589258915
2.44306912443263,2.09420631097279,2.25110920715636
1.22770069072563,1.18073334468623,1.19442340283777
1.20484754575167,1.19550579559152,1.21903572403907
1.21674816935118,1.13861331049336,1.19044865317277
1.30300633015611,1.17708988512393,1.23567703029282
1.19195193561017,1.09931808324375,1.20993123868897
1.23056704550549,1.17746030943161,1.3065265460393
1.35301344250186,1.16312707019668,1.34370352016605
1.52299619141757,1.25222769059577,1.38889075756197
1.51746691378612,1.27892932163162,1.44427986254429
1.67068731481425,1.39614456140593,1.60118416611458
2.00498151407117,1.61579808528386,1.87335153006091
1.98196052900099,1.69935692706338,1.91661243291689
2.10290883070916,1.71048252051749,2.06518664413774
2.60436523796065,1.98157630646818,2.63818049848705
2.67761775343027,2.30945365256397,2.63797845758308
2.90992979322182,2.59953099078943,2.86758041791372
3.20719448993591,2.69899782695962,3.19606178119207
1.1145179286783,0.97783858763678,1.09118155250334
1.12195255174276,0.99273994116397,1.12564220752912
1.12229916361717,0.905459203583131,1.00956233841593
1.18468359795757,0.945460182534133,1.0403150498077
1.12629218104597,0.828987953846134,0.947771433468762
1.17844775995455,0.836455670265087,1.01707872967706
1.32536034470618,0.83863829138609,1.01426420658238
1.67188244463594,0.950938249117616,1.04760241501002
1.66950673519066,0.879675353844864,1.12824149704886
2.12734495296133,1.35124478316675,1.5952748886996
2.12562796404637,1.41051931936814,1.57075234239105
2.07303402649449,1.38243904595627,1.55503748795934
1.72162470791238,0.908898849866222,1.23744157163041
2.15526611833018,1.42138497915927,1.66276671670479
2.18542663954118,1.39992382224248,1.70028384490548
2.14635763316984,1.40282721469839,1.66646950979163
1.02604873849978,0.832346000464249,0.887481726674259
1.01103303085484,0.826775712672624,0.889721589569974
1.0452921547126,0.909753984040477,0.923513096618255
1.11414737274968,0.960898772103636,0.966218841660269
1.05620971054365,0.977178930987195,0.982133243423429
1.07545200446524,0.972233379803412,0.983961646217605
1.23216289073787,1.13916861313988,1.14215321704014
1.52546716053605,1.31078158167711,1.38421637450514
1.58579329873297,1.57997865711824,1.57823864477337
1.79505418872589,1.72884229104092,1.73780713491592
2.41411739373871,2.30082273504096,2.39801959574578
2.2501005677298,2.2770160573787,2.20223900852024
2.08541013412527,1.99783639913163,1.9622071968542
2.55679499162012,2.51430468478421,2.41584034949936
2.54837305771966,2.44227905239156,2.40823812742405
1.011476275562,0.991758082074456,1.01878445665834
1.02688062436147,1.02148716347182,1.05866747962703
1.03673470417296,1.033316699895,1.07519055980877
1.07308724786761,1.0640642747447,1.09173692411365
1.0877873408611,1.0950030186487,1.18285370749411
1.15913907000416,1.16584219799411,1.27015646412484
1.20046085180257,1.22873714888271,1.32483795870991
1.63113993484343,1.65857347418978,1.75755115736912
1.61140719031865,1.59233895970735,1.72598435253919
1.60401718869895,1.66868033698665,1.66917210485345
1.04359008665995,1.01836994909299,1.14196935100558
1.1127384997031,1.06966525646693,1.21913567644173
0.996289964342334,0.947932833724308,1.07675166232454
1.00326270340091,0.951384799058295,1.06705059578772
1.00622517429721,0.917585303839099,1.08644706335056
1.09080080999597,1.00626507823587,1.20509382564739
1.07326910601417,0.941454572532513,1.125397748298
1.25198046941204,1.19872373388105,1.49805405698425
1.44917360852989,1.21914640127612,1.47018326009773
1.50083830986239,1.25551736824586,1.56086030604662
1.97577007183465,1.85778702344742,2.01332786149766
1.98307566985948,1.82676905574513,2.20727776296327
1.8484639653594,1.70062001752207,1.97972599032614
2.27342180747129,2.18194032315677,2.33383401586437
2.48585605196295,2.27795096861008,2.78152115880372
2.79309931021274,2.30980535252189,3.06755502909818
2.95504245873246,2.92586490732163,3.3506490923217
0.945478942753114,0.844478234260027,1.00216173737727
1.00073601834759,0.876381390563875,1.05801438851299
0.890823152379402,0.798739559160848,0.915982696419377
0.906773199617301,0.810705478246237,0.916405628157023
0.855781737763964,0.788312975210153,0.869822844853751
0.870375909173235,0.816456439543337,0.883263524593228
0.894685417813026,0.844286639098413,0.874543894488638
1.11428159921244,1.04654669349863,0.984294853702571
1.0750843766484,1.14977892966323,1.03700428547469
0.989672909258398,1.04224528135702,1.01467036632991
1.24902290788443,1.61509006203113,1.44733083201442
1.3631729446046,1.53327960468351,1.56718840541948
1.06893544275615,1.27795611999074,1.21062204298094
1.34091783770066,1.69052369469027,1.73978867962963
1.221850987868,1.61538115389934,1.60813921743737
1.12104677851933,1.79908554232007,1.33205221832279
1.16236769830556,2.0314307471195,1.43954320678324
1.24374663001224,2.1208571785756,1.51570847063666
1.32828812735636,1.95152831154037,1.50500832776759
1.29802984559352,1.56814682030581,1.36429302816875
1.49416785492826,2.25486999180847,1.70699138323883
1.44109202602015,2.77241162241185,1.89846665309253
1.47165459826947,2.99461630345894,2.00845922042615
1.61312303206249,3.07936895750038,2.12684427901072
0.868632300345942,0.791910099336652,0.903194288707806
0.872083145164761,0.790122242716889,0.909971111006897
0.925200355447289,0.851709674715893,0.977751504379858
0.96556236351092,0.897555489530205,1.01449241018083
0.973658428660369,0.912745670468245,1.05760692861309
0.99443729746938,0.938906524619649,1.06599193792517
1.10813741291065,1.05569632242567,1.2025636375909
1.35028737939295,1.3156334036061,1.40780344673663
1.34407760894849,1.40120865023659,1.47330268454752
1.3367002952271,1.4195833315571,1.65259343301733
1.70392814411616,1.83519543436138,2.07569139477702
1.71401900456608,1.93261300152121,2.09741950887801
1.67953637193453,2.10633818594366,1.98902067577745
2.09781070927209,2.64667990966613,2.33367074515527
2.12534067389366,2.55555711795802,2.31859448806856
2.12878267684891,2.6985176352046,2.597346292041
2.50463199221327,2.88396129705011,2.91907763472328
2.5237418823434,3.0642243835698,2.94536351728374
2.56427233156032,3.54016823324518,3.28247144694469
2.90520345491193,3.90433422761019,3.64252262103706
2.85049442076668,3.93007393020759,3.64176233509781
2.91651024292969,3.91197178942983,3.6225874321066
0.954269429877829,0.899918623207715,1.07341961978074
0.986942802297625,0.92563893552777,1.10390430408357
0.949243859506817,0.907558204745779,1.09640514678582
0.966288320693492,0.93218886742245,1.10485537620574
0.96774890438087,0.936253539039418,1.14821669860101
1.0389918064059,1.00718807796683,1.23226065858089
1.04922173590948,1.03107674795825,1.25385942200516
1.22004586582793,1.18947347095101,1.38959521153782
1.35043114210361,1.20970689199749,1.52973850718779
1.79911167535302,1.65371623004263,1.94365609514653
1.81256042136133,1.66271953229361,1.95914553364242
1.81249829149932,1.68872404105949,1.95169179822472
1.34717976638945,1.31338063947618,1.55023130553823
1.71559027573968,1.61612064540394,1.88595532346345
1.83584541436843,1.73367141417752,1.95659264941213
1.90927508758723,1.88758516729438,2.13675918817493
2.38626618642137,2.3517428617666,2.56703334202466
2.38124348449002,2.34037615662896,2.58548819172716
2.37754450394114,2.36758678676622,2.59751455047263
0.890065935576538,0.860464517631041,1.06119717038068
0.926347621020763,0.89561396392028,1.10608444357656
0.821336775249765,0.789882767998672,0.962840847022597
0.833002436325736,0.802063806901265,0.952844253271929
0.773899809441951,0.735379441474262,0.899519701560151
0.806919388904577,0.783238438899192,0.957633312036956
0.76852022895625,0.715285432801472,0.857143356829592
0.806055026482107,0.733656386282573,0.858943947153608
0.820176366071427,0.738893464970951,0.870602475767041
0.829612226240532,0.782960099655067,0.92129148239359
1.01466198134278,0.935748973756241,1.03259584192444
1.00219464583708,0.954999851959927,1.01529599222405
1.5013253940634,1.47928233332667,1.49381995199908
1.49885999163915,1.46594232473443,1.47976743534701
1.5175058302217,1.4574024813506,1.49668100784497
1.037810676,0.940855590550867,1.05887307435664
1.53411940822884,1.45166448388583,1.53199707626199
1.55027904206303,1.46706629226155,1.5235997192342
1.53245662574332,1.45428261147913,1.53701267551416
0.761169963049555,0.713343169043165,0.861667809279419
0.779628070618112,0.735941725068261,0.878235865817652
0.776155371234343,0.718650957924237,0.854897425666669
0.801715322482616,0.748886956463939,0.881012621584081
0.798695676022993,0.732335622667011,0.858293515307246
0.789276302195177,0.722934688649703,0.825087818755922
0.863753148744875,0.78447484606086,0.913179012767932
1.09450603432222,0.978171800520395,1.12700688333137
1.09285813607734,1.13637064693329,1.3308182200073
1.10694458290714,1.13198285487689,1.29756932857539
1.4074194604512,1.55856098322846,1.78891404486712
1.40508553045341,1.44604433561917,1.64429026789424
1.16013173647074,1.19252243467904,1.36206083045023
1.62458517679442,1.70661144777474,1.74677493857702
1.62616527650871,1.60558675534011,1.82954409718743
0.830122999705261,0.773909759925395,0.934792260812775
0.842872327539785,0.790200552201635,0.947751918609825
0.87591111333638,0.833620674937442,1.01876146248717
0.902737963175532,0.857797588040702,1.04053407184394
0.928236926098098,0.905256732769189,1.11033150419482
0.972199397668976,0.942838972119947,1.14477693420962
1.02739532763795,1.02484976284945,1.24246248562297
1.3407966929166,1.22176537523501,1.32024812972865
1.35948751887817,1.33272669499893,1.6558008683057
1.53233550121998,1.53811926026758,1.93079641987838
2.12367516012339,2.07317883646243,2.63079280599363
1.98883266520979,1.91372486294755,2.2900576477205
1.71132311704673,1.70086868552855,2.20708472662745
2.16475525146277,2.14726569537511,2.67658352180583
2.17910649851381,2.13406428553769,2.61606276301176
0.89798142354361,0.885646189534966,1.09740251776371
0.928292991605174,0.927335295474025,1.14172589326083
0.869206943198147,0.856028071586925,1.06859919795697
0.880323784375091,0.855479309339753,1.06395247502421
0.861060875673394,0.864021449686306,1.07821260815296
0.923128033303367,0.939722396429509,1.17316461245616
0.885782917846396,0.892221364462441,1.11290743220355
1.37111897533352,1.32816576003861,1.52080305248106
1.37444373023784,1.39355007734119,1.55716949559202
1.37867282817457,1.41055521059692,1.52465433989309
0.806793794953547,0.812141365863885,0.988267189959794
0.840934904829879,0.861392294073093,1.02913769720845
0.758852257537549,0.751784427537705,0.88867375389819
0.769608761202603,0.753123539343388,0.89429002596554
0.721573912820497,0.72510197952298,0.810351279176383
0.731360472707341,0.747170704427374,0.82493816196303
0.719050649854166,0.722409839357236,0.76030938931075
0.766709910875708,0.773776574428731,0.798888486040752
0.747456011737461,0.786730112407058,0.779541786568405
1.29253923985023,1.33802667822892,1.30130703738361
1.28349018431255,1.3193774276588,1.3144433683102
1.29807195462128,1.31164850519188,1.31482522853531
0.76407425677548,0.783977961657958,0.804205039214412
1.29266672668988,1.32491627072558,1.30911413419532
1.32350513623823,1.31045771158529,1.32023724426585
1.29857402020364,1.33109385124594,1.35760188929556
0.746545083553658,0.754985352136618,0.841281146477458
0.759197223632466,0.787016030370445,0.849412759744725
0.801751172290173,0.787705410626195,0.910626509126176
0.823409995708915,0.793506685259771,0.932092122841296
0.88229808820117,0.855700700895254,0.994851675166612
0.890235634373726,0.886460006726312,0.978537347225912
1.00091252684875,0.943502965846716,1.14710114091696
1.51627248922791,1.4366334977414,1.67763130699443
1.49578774976135,1.43221984901885,1.76016841154356
1.28825089323114,1.51174180804659,1.39338894632364
1.84902209726152,2.01492429430628,1.92024021315565
0.926036321667711,0.885353556705859,1.05582788121387
0.974126690545389,0.935034038571148,1.09642242581149
0.95113431583411,0.899163333211278,1.10059643082075
0.943215743501396,0.896888349597614,1.10070146990341
1.03191770867397,0.966010876698637,1.18899020288175
1.13154313043882,1.0418474997737,1.27561036305705
1.1521559780584,1.04682962596708,1.29636146326621
1.52584542252395,1.44194072044941,1.4874065165828
1.22585674030286,1.38073636178,1.5091583497335
1.39562951708109,1.50907761100837,1.656570295689
2.00982007268104,1.39446292192524,1.62620199504654
2.52700585293438,1.90976733706394,2.102477544423
2.48858513507056,1.88392657207294,1.99685865025845
2.50317046833786,1.87709124045964,2.05479583748544
0.96405806427797,0.937915940327453,1.13449028045371
1.01888604579441,0.997628421410849,1.1935420456338
0.879260248290175,0.879398628287172,1.04229565655648
0.863799543695183,0.864281162703151,1.01869928915673
0.847485805038316,0.872785683053749,1.00567339010097
0.930748695026602,0.936431274786161,1.09511517879895
0.82107044979729,0.86541131365017,0.966494049879374
1.31994849898516,1.35784919810633,1.40481622857247
1.32715818200381,1.37880639124767,1.43252038926777
1.32960910387999,1.32579412136972,1.41243732401926
0.814189172817633,0.852910721043575,0.951963731899348
0.860061680639272,0.90400032314059,0.995945611094666
0.780674394131969,0.819749891598947,0.896978955732746
0.781669333101396,0.814023119689452,0.890287382684842
0.795122537941083,0.835288410700638,0.886278648500474
0.801237699500541,0.842670569029939,0.868229376935223
0.804917187731468,0.832181794145479,0.864454731840063
0.989218091880787,0.873691375255548,0.926419000955083
0.974470921351683,0.893773516488074,0.917965106063329
0.747537953398376,0.801047822171479,0.793073489255125
0.96895023411106,0.818174870368885,0.805844242902767
0.994493479214542,0.865124719558607,0.851670429115009
1.5040027163894,1.39187012940191,1.34974059534645
1.51730837484283,1.35438631218777,1.34521982137294
1.51897504265808,1.3726253161955,1.39243741954265
0.915895603170872,0.848681584238743,0.811226754273646
1.46313912193664,1.36050420222231,1.310345993243
1.45567448326735,1.33452524760503,1.35446894128068
1.43092237036769,1.38320791261441,1.32299532045887
0.874672492991985,0.903917417987509,0.983551609926882
0.918326648743524,0.951595634353312,1.01672330707625
0.938860917710451,0.943791170077088,1.06698526900929
0.947360020094919,0.940333018663564,1.08103542565101
1.04711696901474,1.03341418268198,1.18839950267445
1.08839445247849,1.07671780605467,1.21443214299729
1.16627447024366,1.11479714324965,1.30193123683098
1.36145618147595,1.34534337244922,1.56585082922962
1.59255567175273,1.49554859521543,1.62412368994511
1.74016130636235,1.63455766778803,1.74966858834967
2.39165779097729,2.29053966075946,2.30880878426086
2.198543850403,2.08443820593636,2.19008885966676
1.95516666207815,1.88304817152711,1.97228332006374
2.41393821489112,2.34908688381447,2.43833759099111
2.39942730724173,2.3905176769983,2.39999996327415
1.06830837115907,1.05933610296951,1.23284555933333
1.14427193430945,1.12948921202142,1.30685425832416
1.04474877567837,1.04022958720052,1.22449508140423
1.02853990410676,1.02013057158197,1.20227543744997
1.09406620821835,1.09170693237854,1.28988870984847
1.18955749168572,1.16638079353169,1.38882253957099
1.13249774042022,1.12365128021014,1.34666310048217
1.38349464930554,1.26974398113262,1.42294332860008
1.41644692316026,1.33756777759621,1.52269555535692
1.44449821426685,1.46455412142477,1.58332681185071
2.03893670033234,1.9860434007112,1.91850330377738
1.9549252134659,1.84131254812765,1.8977634995323
2.39388890874754,2.2849699657143,2.27965064115163
2.42545159758874,2.24335970013618,2.28793401804564
2.39595953941635,2.27223586730026,2.29326874457687
1.78906678323456,1.79151320624106,1.87909094839686
2.26700046070708,2.21483115230226,2.23960108129673
2.19180590839957,2.21666781122148,2.30015566457309
2.22564094917775,2.19945168723614,2.26321015537055
1.06497678174672,1.07971160568352,1.24158451685339
1.1688323284949,1.17562307326586,1.34127537274438
0.987487012156257,1.00686901637484,1.13941415143128
0.970656861642963,0.989196207481286,1.11254704026979
0.99846125360894,1.00952181181457,1.10827264586321
1.08777457660817,1.08662332661594,1.19789671796976
0.976934074128151,0.991778280348213,1.05961736524815
1.41295632900633,1.43342075918183,1.50425105087355
1.40797755121445,1.44336473575721,1.54140895948701
1.47003681256772,1.44699240571035,1.3962838803276
1.01268310733742,1.01616993561813,1.09333063915823
1.04025225274342,1.06129714360152,1.1116230139304
1.07052237896619,1.04333340246298,1.12608029070434
1.13070069829692,1.08102732548192,1.18194130215
1.10871304096328,1.08194445288787,1.14789542046941
1.12247854847343,1.0859841464037,1.11644689377176
1.27386953762407,1.18031691426102,1.28506994963266
1.45664722066852,1.56054660787278,1.72911978923295
1.66770369080752,1.57693748532667,1.59655512209787
2.00325099782902,1.72175704734505,1.61893530711049
2.41358032504701,2.18246286589219,1.95839362215749
1.11259519308271,1.13996604276056,1.20316450002555
1.13341307193548,1.19956421906942,1.22831073679562
1.21605947661031,1.2152870205788,1.31281956817487
1.29035146148956,1.2476735940787,1.3708808704477
1.3313095122339,1.33475906540033,1.42172871856996
1.39819887423333,1.39900627115955,1.4735719603709
1.495950556351,1.45817085684204,1.58030861399781
1.26684360029299,1.30904163559622,1.36975958270941
1.38676309809635,1.44631104022982,1.48377057708135
1.17274565601219,1.21621795617099,1.28529129124912
1.18131741142434,1.19048100308394,1.28283404065116
1.17162198899167,1.24019493366318,1.29688476626787
1.25786071394326,1.3349487883405,1.37112136957807
1.27917749190831,1.32660884029767,1.42970613340271
1.33190059643138,1.38232603017329,1.50736920526824
1.39617326738072,1.45199373202867,1.61373889101316
1.49644751010799,1.50895658616997,1.64076176520166
1.76785511656824,1.80804719724912,1.93293583191065
1.90379042232072,1.81047628949243,1.99730437484958
1.98628953930611,2.05181460625121,2.09693859975928
2.5163201071772,2.52930912830727,2.58226927475629
2.38580036853719,2.51423954026675,2.51130668800162
2.3275389394867,2.30506205302199,2.39984380565351
2.62547430970671,2.4997090011833,2.66405015367962
2.79986368499027,2.6403050799404,2.78701657528433
2.71721163969399,2.87468693560975,2.90586875598849
3.06226376185423,3.23108424387731,3.26953362192297
3.05163214351915,3.22421315483049,3.25302663761418
3.05380099455842,3.23717873546318,3.22757311669278
1.07665740114253,1.14908977289715,1.18583539647203
1.14221612166493,1.19940440253184,1.24485378895428
1.01358769741674,1.08143047712105,1.09946243120134
1.0686436066653,1.12109554964061,1.13998974939252
0.951167498896005,1.01544707735156,1.0212527627958
1.00026355787397,1.06480179489812,1.07087517901914
0.943428379354336,0.978020631345708,0.997213249645597
1.12863850763809,0.98909348448376,1.01059225054633
1.09620503351107,1.0446592476825,1.08860851405084
1.16275732544794,0.986857913774299,0.990865705405937
1.29356742532481,1.01751611649916,1.033922333843
0.940292564000107,1.00304396022433,0.985688356415869
1.05298002094179,1.087287665604,1.06175507826195
0.90506480631739,0.97338464283119,0.945697203290241
0.939044938986888,0.985995771675798,0.971311970256929
0.926642602411529,0.99201675989494,0.945348006482481
1.00167511939001,1.05097088509788,1.00931544816968
1.00399222432308,1.04943201270232,1.0051516379562
1.06947052618349,1.1216129851672,1.02238211749243
1.11451943746175,1.18944490324301,1.07798274969859
1.18102749346026,1.25005848767409,1.14255682966186
1.655467529717,1.76047443748503,1.62421601115007
1.75036854650089,1.76591787664711,1.61423455362565
0.886611205859006,0.96126749827224,0.901800584082763
1.10399354159891,1.11923889568281,1.06529483368139
0.825767946775093,0.924433684995763,0.866644371148326
0.964270282192259,1.03455370882364,1.00037627813442
0.787475931710091,0.886457486688013,0.817366718510719
0.844724301782435,0.94761979567759,0.874023631027997
0.869344542924087,0.938229446140814,0.868701890139468
0.709304780865879,0.820206891546488,0.752892840556219
0.751632563621741,0.858189234371491,0.799252123722608
0.662063245666678,0.77513639821979,0.710642544230259
0.692890456409069,0.79379072077431,0.734015571102904
0.639744657832541,0.753227669833899,0.695983962381605
0.688755135034326,0.7981565038144,0.745225860641085
0.709793485995444,0.825092077362545,0.785231117214685
1.27202061585311,1.34653026334147,1.35791888492435
1.28294541070626,1.37272598765715,1.31932267994882
1.2585058229961,1.31960048880261,1.29121367665166
0.597874792473523,0.700909263025062,0.649141315645117
0.622809651717606,0.717984553645892,0.669947313693139
0.602226835735953,0.697035324668144,0.653630910811049
0.649307182044637,0.753634494269902,0.704488638648793
0.593883189086162,0.675443722053796,0.641877306118363
0.590400271158724,0.671637997472308,0.638855852879981
0.687195401658571,0.72931667243579,0.750890715824744
0.885357716576712,0.856770121457636,1.14382091658457
0.883739687410061,0.822322643462484,1.02408838306017
0.8027850895349,0.813721630024703,0.92137521019177
1.01069859603405,0.925983438117633,1.22638660005216
1.01281097274958,0.96538390015967,1.32008967875268
0.884179258512941,0.876065471534188,0.961132966644489
1.49672843760091,1.41555332381884,1.49696685434534
1.39848179689934,1.45576115638418,1.4946579667579
0.59950660245661,0.682843337395216,0.656808205025698
0.687033953729333,0.775301780217914,0.755416867790808
0.568298222583489,0.642741420410347,0.625832082619966
0.568339620368287,0.639046793539502,0.615453087800622
0.58805333381902,0.650272933517424,0.648614677923582
0.635844206914523,0.692045778856445,0.714103997461257
0.636363430546998,0.706443380454737,0.699495107237231
0.677010311760035,0.746489128801401,0.712984233072619
0.716271012871199,0.7769324694167,0.791395980412414
1.27966487230229,1.31533653799506,1.35927951355616
1.2912436329749,1.32708049463525,1.31502477057343
1.2726432196179,1.30514653459348,1.30099032474831
0.723807679867008,0.805790405379007,0.810348747413919
1.27046066169249,1.34563913463422,1.3379695764104
1.30643565018661,1.32626921418622,1.35155383774831
1.27419617680719,1.3449678862547,1.33774936584718
0.582883627018571,0.6248489081042,0.630732728181476
0.597527662505471,0.632738188602342,0.632309380621887
0.6359455107974,0.658884524389478,0.682044538842651
0.695796149564516,0.723874840071305,0.76046754839725
0.665943004041382,0.660421183884466,0.692656785357707
0.666648570068144,0.655984667078355,0.687749622065951
0.774535974632043,0.758477984514389,0.802709339868824
1.31483443851538,1.30121611143822,1.30638995905722
1.31040202200232,1.3213632286477,1.35213897006161
1.33284160424404,1.29296225140845,1.35086484473043
0.694433609422026,0.682396751906445,0.718597210349155
0.7736561585425,0.794458751662886,0.835779477685472
0.703496447607901,0.660934629893094,0.691461650116831
0.718532416187399,0.6720912986642,0.690911856736028
0.752780090935126,0.701561117648622,0.743572104309338
0.798799548341346,0.76300914555098,0.802988671682858
0.800734123994971,0.750118702016944,0.793312905852862
1.29449536590985,1.23054774766681,1.14532170747307
1.34116053361262,1.29383274839607,1.16859902454969
1.94987449395807,1.85032830983587,1.72942829526138
1.89221763043596,1.86128705510127,1.67078268651446
1.82589856439776,1.84630042110319,1.69470811167532
1.35237340895669,1.41128419734842,1.2604996479199
1.83535723254497,1.93787057729959,1.74514994981584
1.88022430076464,1.89399701594232,1.8017715268994
1.97717389929154,2.03548873197624,1.80978404411286
0.78667971250796,0.724886419227636,0.773616943554316
0.821273742336149,0.724965338251482,0.764204951993235
0.850277062927309,0.818729666734461,0.893360250432927
0.900094539531177,0.890014511706036,0.975703680364978
0.895085740065863,0.865451902677064,0.953818925919489
0.928528289364973,0.884300476578383,0.977697451500306
1.00180246190802,0.99752788961857,1.08587793256527
1.42918232134328,1.37422299183287,1.49415965367765
1.47313617565684,1.44851130501779,1.5139071521389
1.43182199259554,1.23201693257644,1.35461021970782
1.93893150464483,1.7269078820281,1.82156979082476
0.910033692124773,0.891400451837297,0.988339263506813
0.998795077288791,0.999376944100877,1.11192774088276
0.891183002233918,0.8600142035179,0.953180902441793
0.899174972961838,0.848921755568691,0.942071284613405
0.908884314488056,0.886650945664501,0.971118004625919
0.959787258920287,0.966473511041582,1.04224147890811
0.985206001877126,0.98037177080071,1.05438833660245
1.13435047167398,1.29069953806025,1.31744130600695
1.09960934540781,1.2331170646042,1.30956366145725
1.16674191006863,1.16967371139062,1.43677068144835
1.61117435733423,1.67622736340778,1.99168264182865
1.6393796058152,1.72083696184281,2.00873809798348
1.36904350622107,1.4438371829928,1.67413276710602
1.85179299323545,2.00013187873129,2.12297562042303
1.81816272356381,1.97440045983761,2.18966936013233
1.59548467529644,1.57743498803502,1.90670624302624
2.14579438047566,2.0993564262854,2.38776151309385
2.10100245992293,2.03453678416975,2.30852877169422
1.80742271713437,1.74365657642468,2.14514923192373
2.190656482402,2.11779565864546,2.46921216178071
2.18558336815066,2.11793121771735,2.48395542779727
2.23168537272163,2.13567377441981,2.49291239920808
0.888805693190095,0.836020602548233,0.92167725115199
0.941461123611741,0.87215103115849,0.956177651837925
0.91018138479532,0.8514685506349,0.944469021463781
0.980990778041602,0.919107197386553,1.02417562520125
0.913002985115426,0.83553228051857,0.919303543219519
0.926217980253899,0.829828676265594,0.926589273384166
1.02591516504947,0.951189153704656,1.06498165085878
1.33076048051403,1.27163098687316,1.42746583092352
1.68775784642304,1.50077554962236,1.58319198119423
2.0753625289994,1.89254141235359,1.95544272031581
1.62835816692609,1.50329968563386,1.66725398224835
2.16056025161934,2.00887279848874,2.12616802564424
2.11734564382332,2.0209770312604,2.16293493982902
2.17280421904517,2.03386080077109,2.24364312972639
0.916249395939303,0.855078218790619,0.921724163156212
1.09293084528648,1.02780903239373,1.12285635645971
0.859315737970734,0.812385122934009,0.862083353286685
0.892673544792529,0.819179413336,0.868604535454449
0.881907308083242,0.856652951902142,0.937913743596955
0.938374156862181,0.930468218260876,1.03109538498598
1.02564232669318,0.991619568195178,1.11117305438141
1.59467146204573,1.42396746622969,1.69073516494334
1.72295420887241,1.43121565883913,1.62827704898909
2.25148544007167,1.88075915941041,2.08841058707257
1.32354134767306,1.15745064956545,1.56796162222851
1.83446784895588,1.66658122297996,2.09297207370446
1.89973768562316,1.65716142084074,2.06788335885012
1.87117776822716,1.67594123374104,2.08494347306114
0.82665950974701,0.806385184209094,0.90231381209
0.857216755224917,0.82224027534338,0.912921610429161
0.850620575488576,0.82011213529945,0.97290050035356
0.938189427218349,0.887528674111293,1.05007523938059
0.848579379735803,0.814200884074233,1.02896450202882
0.932486957137836,0.882853089324771,1.09953455852765
0.945350089042868,0.873659133994681,1.1424438999709
0.805974079928617,0.791676881431268,0.985472449675299
0.911070009345582,0.881698900051896,1.02195699035605
0.78964752860109,0.773254522138005,0.991407924854949
0.835633559729473,0.796776023496583,1.02351141155567
0.805243976151824,0.790277531476166,0.997347939150866
0.869710633082068,0.854778316698616,1.04931297343006
0.844452219442972,0.848059732665686,1.02413687537483
1.02267881868215,1.43918323544004,1.42258878664804
1.06637300836191,1.64239589039275,1.67612576128114
1.57717826822565,2.19837031549063,2.22643251537836
1.54429631357362,2.18751342668461,2.22076673726341
1.58522451875277,2.21990579088571,2.21728414686446
1.0994003204747,1.39894727912561,1.81382828074664
1.56923116862977,1.95813719953323,2.38615210320021
1.60678356705855,2.06620711438447,2.44692090511216
1.42476844522439,1.57105429285232,2.01244469356914
1.90916991166646,1.95510967766707,2.36526485991745
1.92781165843985,1.95703578157351,2.33031389375811
1.91982038144703,1.94337825023631,2.33338647649479
0.78583820190847,0.758922009490585,0.961764213826362
0.792220748702083,0.75227851732743,0.957717401528578
0.820291118459018,0.797807869038173,0.991888644761212
0.878646324380301,0.85553634602359,1.05155574877419
0.829507859271225,0.797730096204684,0.98318648395525
0.803313877787102,0.778099849388663,0.948350061653342
0.953020571834405,0.893920446951249,1.04731560626394
1.33449522925187,1.21532178645066,1.25582497068559
1.42743948309136,1.1805839919951,1.31016728948138
1.36148442552943,1.35625199677553,1.33639214595753
1.75610028569137,1.66963226069582,1.65835670129974
0.84373120336364,0.806749654396388,1.0278658970675
0.931551572819079,0.891356758848084,1.10440441809697
0.818117502947681,0.786639173256746,1.02723690163841
0.815613081940448,0.795708464273507,1.01121287268102
0.847616561385098,0.824201116670025,1.09792375793185
0.912837018918992,0.885444111710329,1.17677095482921
0.891227490142566,0.917316559073579,1.15565286069283
1.16628998923968,1.54408768226615,1.37630392972277
1.14145489594174,1.51825960584899,1.33595419151047
1.64065758006722,2.06121842994591,1.77829087919084
1.65102396930408,2.05696644886793,1.78504582950186
1.63248567058202,2.05294652785072,1.76249340035031
1.15458049141346,1.31177485569081,1.39431340328571
1.64066029691412,1.86128584687022,1.84533802680651
1.674689393087,1.85873497328986,1.81414407131489
1.64378691945527,1.86062296895234,1.84035892811085
0.863009540040463,0.822147831945749,1.09414975233913
0.878095525684167,0.84490778480262,1.07116982578399
0.932573099762728,0.874334879461085,1.17154809725551
0.996019240999055,0.931631563976002,1.24618946516391
0.974150650973099,0.90781553393229,1.17682808321074
0.982228367742502,0.923852498125952,1.1442098117147
1.10960974862251,1.03459245732249,1.28043649123705
1.51738944554821,1.49508994425085,1.62298159357656
1.5342152275732,1.45509682068592,1.51523054470132
1.67628022311365,1.55478407223277,1.73268661646778
1.94376190501462,1.79409303640401,2.00860118824111
0.978768637007589,0.909628940607247,1.19158094888011
1.0584067440722,0.991214084343887,1.29617555468017
0.96941755443023,0.879814375602378,1.12981946129089
0.99836669804245,0.888533557640854,1.09257837989924
0.97652775316979,0.884633702612344,1.13856692244045
1.032943192921,0.939198015951195,1.22697605250618
0.981792791035012,0.863128364072741,1.08707376784805
1.38208913756714,1.11548697704745,1.12922364808005
1.11707580592096,1.17603572841267,1.05163580185862
1.06734836960002,1.0153068746498,1.02884485673274
1.44568082270963,1.22858143720489,1.185372633437
1.85726769557434,1.72087861133277,1.59820939277678
1.86921994500421,1.72046002774642,1.63273011250575
2.08049969547422,1.76879529442107,1.58703049781861
0.981992902660213,0.896916083517037,1.13386442812312
0.994325295595624,0.919139661722234,1.12523670053844
1.02556338890418,0.934349224721712,1.18971922569691
1.06303802326154,0.969160778553518,1.24718948780336
1.05749831366204,0.954035757852888,1.19668726221061
1.03110357107804,0.942656217092327,1.15479759959729
1.21031155394986,1.05963170470074,1.37904626844031
1.43705864651896,1.40872361751987,1.53814141586121
1.56430209594276,1.38923145296241,1.87656870000283
1.58653156540368,1.54032466432361,1.65055222292011
2.16430338314636,2.30965104054048,2.3639933878936
2.11827160517221,2.00299404984973,2.09893627075883
1.65898803312509,1.655866345037,1.67669943969791
2.06176293925884,2.01441043752669,2.01481330242696
2.06702510612574,2.20649991133195,1.97864532934979
1.65638460247179,1.66544220219354,1.83866083369021
1.95022550753029,1.97320261463989,2.16320806746898
1.68833148273463,1.71853420889328,1.88806515540477
1.73047997041379,1.70049882644294,1.8394386486075
1.86960069316416,1.81369713610924,1.76267997901552
1.91495224109716,1.89011947934195,2.08616725641345
2.14331079828619,2.25066911100286,2.33895297777642
2.49293284532756,2.6246857903995,2.62319301068563
2.33092713692692,2.45288913327801,2.54144212529327
1.07890736066664,0.961595701709145,1.17967660446886
1.16900637011025,1.03131531431909,1.26528456635689
1.05838434544836,0.941466592949704,1.11809689517642
1.04523453764144,0.936756724438546,1.08629194725927
1.12323098074715,0.983000349810006,1.13564145123522
1.14365932449056,1.00200349346069,1.13009009827149
1.24848286622839,1.07383286818627,1.23179510327809
1.41396516769796,1.1459255362135,1.31033870168087
1.40709139378572,1.14133455541887,1.28622218476067
1.27025883982017,1.19161057292285,1.31106332579394
1.66649370384499,1.81882011013993,1.39549331359156
2.05040912246354,2.524010252274,1.43935279463933
1.93616764593661,2.01296124573108,1.58474642546237
2.48390822731748,2.77848705867273,1.74178697508368
1.80169450952495,1.68884504887224,1.69070566017382
2.21108991740126,2.02907084138825,1.96717088131544
2.31215821224929,2.06796618469862,2.01485592472122
1.53496018445168,1.70903740935284,1.47854173934277
1.92255115942026,2.38981862910521,1.57226361252213
1.73294263646949,1.89848479235442,1.66104814969839
2.15079980153231,2.6232333112831,1.87055033432418
1.12773267027523,0.996102101189654,1.14157559436988
1.2484345667308,1.09816536249399,1.23634136047899
1.0591438436484,0.960766314988668,1.1045520903548
1.01888477466479,0.934567003018298,1.07705953491346
1.10106599657805,1.01758733684977,1.16359894874595
1.10625944657475,1.03099819521491,1.17415562259539
1.19443118610177,1.10504099485917,1.21932535823355
1.13166274529183,1.05061034993409,1.24970783603477
1.26614515892448,1.20118486408093,1.39400694241768
1.12648589341681,1.02443347124306,1.27623234617235
1.15204380763252,1.02734689457481,1.28324434825432
1.20382756296181,1.09582940075955,1.39471645422519
1.2660874086008,1.15779772886411,1.45635376387594
1.33847887627576,1.23356175775545,1.53496566165764
1.50853760383193,1.47568022812857,1.71847034719323
1.56871797504736,1.50528614928778,1.73282659898039
1.68136805734725,1.57738224262303,1.79353486537841
2.04430742600874,1.9627598954128,2.11185586867307
2.00445416269913,1.96599320228371,2.09378495655156
1.91807474496353,1.78416249030138,2.00599105719647
2.3468038891565,2.20839435271387,2.40207084678142
2.35148414327617,2.2340979804477,2.44439675400061
1.15809717884794,1.04988769015473,1.37945862689419
1.14748652413944,1.04425720403655,1.35191097309236
1.19336068220155,1.08362140154381,1.43200224077114
1.26696138645771,1.16331126278206,1.50240189482492
1.17889570887353,1.07405310086171,1.42219697245219
1.14506025334863,1.04471833787152,1.36827831849988
1.28267812245827,1.17192079599579,1.50530168974836
1.72699983318232,1.35898161705363,1.6524907952622
1.72150159678099,1.48512928908526,1.73763781899
2.18375689323328,1.95275980065893,2.13014612532672
2.17170095999957,1.90390029637825,2.0796644829899
2.19723131862403,1.8893199269315,2.09333894013568
1.55435131191303,1.29500053601975,1.51912333896833
2.02271389851239,1.72670671191372,1.9138106606309
1.99224942909364,1.68884085559844,1.85885907155914
2.05010076377114,1.77833537413116,1.85463776769953
1.20847016933369,1.0990050971553,1.45706723367215
1.31628032449817,1.2102411835475,1.55567467003549
1.18073912908442,1.07020937208389,1.42349072335751
1.15481702924062,1.05348467658408,1.38554797431594
1.25003992639532,1.1309584114091,1.49453392246524
1.31763401534844,1.20369634256149,1.56924357007185
1.30558929370008,1.16449070279276,1.48030692109797
1.66853216906133,1.37201752589909,1.77323589819787
1.66969213625916,1.41053708975401,1.84519199524033
1.50341143048765,1.41788087167426,1.71291917857792
2.04003514887043,1.84503636404261,2.30276442271783
1.94815861789184,1.803824265741,2.2314756211574
1.59532466077036,1.6187393557399,1.74092154717274
1.97475748367433,2.11056279706391,2.15201379956107
2.10228633551148,2.09257558064503,2.19609827497435
1.29162614253226,1.17047984956607,1.56688961531304
1.44566076585352,1.33489146010999,1.76450325911596
1.25678306034195,1.11617508897952,1.48970488556352
1.26062774077773,1.10255408741773,1.44130660864814
1.32519408011984,1.17856852488584,1.55874367480676
1.42803794424782,1.27979781059382,1.67241928974756
1.48830291823804,1.3204364539936,1.67280700071417
1.82123647499779,1.68174386636609,1.92477335072065
1.79795562428987,1.58964919410792,1.91489387889809
1.84214124364974,1.75854794681381,2.02092517088876
2.48607359475077,2.39211225083706,2.53357883693145
2.22890202247708,2.18675143502879,2.40097044839554
2.40978069042246,2.33708121057026,2.51559461248264
2.73409414940528,2.71528405057104,2.88296688128494
1.21607619498861,1.08423457474756,1.46024956045257
1.16519101397818,1.04695885650376,1.41199997148779
1.25777104224862,1.12681008947743,1.49749973227626
1.38194108195993,1.24498656851857,1.61131661947995
1.18270858147947,1.07313145772692,1.43482528618942
1.13838447763393,1.03684819128894,1.37807230791182
1.23725950488272,1.15042566580146,1.50598410662426
1.53436519776717,1.50487177228535,1.70500888728356
1.58594125913143,1.53623108140561,1.73809626291231
2.03499936346046,2.02681159334303,2.14463089670439
2.02223143642048,1.9897033850492,2.10375454939532
2.05969115216418,2.00891033904648,2.12345752257533
1.53614960326348,1.459560530132,1.68045147802561
1.95924069179083,1.90156706051537,2.05155701071631
2.01871366702769,1.94697941524462,2.051522840441
1.97558561531222,1.93436130462183,2.08046158030236
1.20637589232418,1.09535492746273,1.43763673164233
1.35942712036876,1.22401972654928,1.56716246398873
1.11787052378607,1.0415883416646,1.33588124297121
1.06167798487762,1.01428645932423,1.27841669931984
1.14766832595824,1.08429155062901,1.33566017004374
1.22572345879158,1.17656527294054,1.41732882149837
1.2645150116666,1.18353946402526,1.38169363795094
1.61249527124877,1.53444122619481,1.62913955202367
1.56503412450604,1.50781269863585,1.60588015771507
1.76383699434487,1.66507946053061,1.73154323508047
2.21909408678616,2.13661662711433,2.09914306341658
2.26439977484157,2.17927939552756,2.13074462413004
1.95774046290322,1.83336667841021,1.86496972555982
2.34241235193709,2.26542483521163,2.26522368072528
2.37570835663708,2.21820727782039,2.23430096964271
1.05416343956848,1.01550046740121,1.25629933263197
1.01800729553794,0.995862523188264,1.22142551255528
1.10533588638069,1.06595237448584,1.30470364588889
1.23303404282723,1.18436522787796,1.4207751466207
1.0522579302657,1.03240860698976,1.26505634493734
1.02276467873704,0.984960946761447,1.22601467148669
1.13227620337212,1.13452263455005,1.35732378081864
1.49852032995065,1.40487335446201,1.44949463889916
1.37305598244323,1.45874112485661,1.38970543716505
1.50772149570984,1.47270973012244,1.45574984116152
2.20710788505618,2.0949931228889,1.99633145969122
2.66125746576284,2.52853974948897,2.65348137049138
2.9079887628923,2.79578903205431,2.16576031545779
3.65116434626935,3.51486881333108,2.88525323406951
3.08396475320141,3.02875491630859,1.85744399589207
3.76462918830822,3.70258396691959,2.069854646822
2.21576800431742,2.25031538973656,1.90270921961945
2.66316705883685,2.74051955710295,2.53905817704192
2.92359394026321,2.93637148263483,2.05800335817503
3.68428156215162,3.72352766603549,2.73102278195996
1.07029064269713,1.05450151411393,1.25161653570496
1.25499369555175,1.22556686693211,1.40715467777216
1.02202125410442,0.995528938828961,1.16275077313089
1.04058322470809,0.997043832948037,1.16606838106887
1.09685692360598,1.04505860775407,1.1660175535481
1.20700710450598,1.13689313357563,1.26279403289724
1.19292188655046,1.1191290844188,1.18181589804399
1.37484367772011,1.31043565899525,1.16531251756592
1.39719194501178,1.29614507049306,1.28115947072771
1.63830669831687,1.38946203090791,1.26984164065608
2.18047083056591,1.75069784915703,1.38954877347175
2.01359829539428,1.73082899414309,1.50399374550517
2.12545481482085,1.88182798396801,1.70696807606347
2.47769299611705,2.06171574144875,1.61772576036507
1.07304844335439,1.02266949128475,1.13493092351927
1.06841967087711,1.03388083801509,1.1474966314832
1.18910576456045,1.10444519485041,1.20534203307312
1.31130505172286,1.19997027212521,1.31325941715769
1.26113289455294,1.17307835231869,1.24443065362576
1.24306476387432,1.1517128029438,1.20885239619049
1.38883508047077,1.31902378081293,1.44756092402039
1.76720921131289,1.68563154790473,1.83857535335676
1.84024409681988,1.82966289365356,1.71733893607006
1.74240781027949,1.62046319123117,2.08739077419515
2.11975831125704,2.02266124843278,2.49697092526653
1.45289755982068,1.33351407417788,1.33120848237199
1.97123465064891,1.89266758671398,1.79425494262115
1.37594913218151,1.20327178778235,1.27390797637916
1.47595014482887,1.34344143031631,1.46328950630714
1.59595624257452,1.37048549434557,1.42088274983601
1.85136779519429,1.59537757881858,1.61255426552006
2.01843409430811,1.71016196299455,1.76694065734061
1.98702547943102,1.89455387862661,1.79787814641685
2.29778519933192,2.1423464589008,2.01014765271163
2.54239822646728,2.20918721555163,2.3633725501439
3.06545809892747,2.78771156820571,2.85058452016887
2.95078407469874,2.71174062776604,2.9071384228141
1.320423718132,1.18303226813069,1.25064955304065
1.15271827203703,1.0737776461601,1.18123344512166
1.48809752326056,1.35206568451407,1.41926887023193
1.81495325311783,1.62636689055261,1.68399321050833
1.33106587686838,1.27656361996818,1.39470195215846
1.40233777490076,1.47655645723337,1.68018300201348
1.42728838158684,1.42010580404278,1.54806206948019
1.23388242186824,1.10994164555882,1.29192110535263
1.35997279077579,1.23601910148904,1.60683827578952
1.14861224707502,1.06429002321817,1.23297548488561
1.14241036860949,1.14551050671593,1.29958485453939
1.1786989177824,1.10063205263338,1.42438018386633
1.29358427184711,1.20774936941545,1.61427159023809
1.41166701950406,1.46514389615216,1.95284203811314
1.79257111164282,1.8789826000276,2.34173617663866
1.84346669960009,1.90887889488306,2.35903479787922
1.81634326798808,1.89029813864727,2.35791030195788
1.04003789606388,0.970042020630823,1.21379559857624
1.01593768516104,0.992138758607056,1.09613371731799
1.05748592897482,1.0115805204713,1.36041900214491
1.18698152954187,1.18533479689871,1.64227541978314
0.972073143045348,0.940322806109806,1.2128824193323
0.900574132882381,0.876361644951982,1.03826204619341
1.09180853333286,1.06986826481817,1.40035421398725
1.17716364154959,1.11815804421117,1.42973076043136
1.28608111651139,1.23692529223379,1.66583281111128
1.08728828532775,1.1524383749575,1.44108545852305
1.32652292042148,1.46673133400862,1.72715932442063
1.13441684861905,1.24875865932669,1.5723591742049
1.55582214175315,1.7030815133192,1.95395168579687
1.59472597525763,1.68731463201645,1.97169382471818
1.61230798814236,1.69559543099722,1.94240036847584
1.26464912075564,1.48416179439165,1.64294976777832
1.65900744620914,1.92724863384731,2.04884269900043
1.7308847536997,1.94795729959604,2.04859888150481
1.71655546847983,1.91322104581924,2.02577185474758
0.978134561173693,0.97759476869368,1.27022630510719
1.122730518792,1.15853729892598,1.55147997274947
0.884962354987798,0.886335923941501,1.08018085733001
0.843622202849155,0.840099551782721,0.96070255992765
0.91486829248224,0.929136120698603,1.1388377150392
1.01640472686401,1.02353651457928,1.30223844507931
0.958003134794017,0.98066781974138,1.1722216738085
0.830766798255255,0.869183783211157,1.01236207180586
0.812472097016312,0.848472206292377,0.945357667436363
0.862197466090235,0.922687954105899,1.05415036302939
0.966411616052764,1.01803087326988,1.18668609203297
0.813465886004526,0.916714849594548,0.970878688480897
0.776239954078029,0.910967255484157,0.881873844747516
0.891506896325262,0.986296082642575,1.11940758599604
1.30606625922302,1.34346533306451,1.6734937892321
1.05991713356677,1.41147888714243,1.19242875768241
1.58599247242331,1.93988194624953,1.73218126783692
1.61795284359373,1.91711527088112,1.69195993970501
1.57494876707397,1.95580772587589,1.70762107384995
1.3697475606682,1.7440581691409,1.82346895154383
1.77663639172502,2.33062248993128,2.27851617542157
1.94281893009034,2.35952830843673,2.44532130719554
1.50637829552592,1.89656127451353,2.049520176306
1.91637787291536,2.22846079480465,2.38204443284467
1.89801840349647,2.24710496376203,2.40986258687453
1.89209457958716,2.24894632105868,2.36673969653157
0.829517006973798,0.937576627037353,0.976742463766229
0.941202201055852,1.04212954601548,1.10513962320382
0.770897432850246,0.893217741641764,0.887791757822292
0.746070579857497,0.872619022963798,0.847877938600885
0.798934323567858,0.901602448189203,0.906136246947379
0.869565764398262,0.950769486933797,0.982598169360768
0.852108401844696,0.937929041763,0.948555841580407
0.870866207104705,0.963581483816463,0.959152051576907
0.97045651790614,1.02833284770544,1.05903903064291
1.23129427321395,1.20348005473157,1.3357677012818
0.958223589965657,1.01643606447281,1.06558145746178
1.41580483661222,1.46410289526103,1.51733499298363
1.43030736568913,1.44872771862061,1.52062026132833
1.45629558204404,1.50791707527025,1.52728975009248
0.760837680158778,0.866424883553183,0.851040610660475
0.742433262499256,0.85919809544317,0.819996714986239
0.815395268100428,0.895449078232953,0.904831923575033
0.903051718833177,0.960024393813159,0.996342029758946
0.803136092430905,0.879871996811698,0.881400792055015
0.773318181944173,0.861533364015542,0.85034264214148
0.870335809321538,0.96547409375087,0.950838529934393
0.914193635246425,1.45406983516754,0.979955703197682
0.905573556687909,1.53145263753554,1.00883832153246
1.3820590650487,2.00780411093915,1.45206878351958
1.3935659264309,1.98984134911941,1.48124247308307
1.41302992349854,2.11253130695247,1.48202094466758
1.00186223852392,1.2732531903003,1.07820669858233
1.49164180774379,1.81222824089508,1.55808818507259
1.44645524278483,1.84040187791518,1.52276182857095
1.49292715771996,1.772829498004,1.50743696342312
0.839986704005445,0.890005751558599,0.908320412666067
0.939532829086435,0.967590154125664,1.01520299172036
0.817410734202704,0.876368136166033,0.870729997482175
0.807257962425405,0.883024986251297,0.859338112661715
0.865398530303368,0.912091082842791,0.899906442988401
0.907925074701825,0.942134629773357,0.954308094799888
0.889556762464913,0.94687837682674,0.910899610908643
0.901473972017355,0.964602762486744,0.925941618264424
0.967712804382366,1.0291278163994,0.994346154218341
0.871784927624675,0.920784945468923,0.902151311868612
0.949926783799454,0.988085642830907,1.04226427518409
1.04677980242553,1.08901231712233,1.17351269827729
0.97980025716287,1.00285144162589,1.11019624706672
1.09874230484308,1.12529505554898,1.30928396335616
0.91696329336826,0.934997319902869,1.00239348143176
0.981205177026642,0.980490010345238,1.11952401263906
0.940342752794595,0.953294966270561,1.0717444463817
0.856012561287471,0.923886001110909,0.885059450402059
0.899010588834592,1.00000098689553,0.960760542406955
0.866205278042335,0.922821238231433,0.90270779076443
0.906735731593245,0.984326612280205,0.953412409189988
0.905443131630327,0.937053760250739,0.936776566192633
0.957108796663535,0.967088588550748,0.979329127381302
0.970948310056993,0.999892697619088,1.02303962886148
1.03107270042089,1.06815732999284,1.09476468265308
1.02998637023266,1.03361831927489,1.09989856204204
1.05232013635446,1.05505547674134,1.08528095110817
1.14786397187573,1.10134803295095,1.2605861499112
1.24971863932652,1.13476227066522,1.28037384448261
1.26132611224321,1.1615454392936,1.38281069626073
1.57006244700186,1.428983939433,1.68415867579385
1.34107725916041,1.23899701750541,1.48453072526591
1.82780594848119,1.50140655734506,1.88111446362966
2.16786467639913,1.76130246784994,2.18856375724394
1.91823183702652,1.72852506408429,2.06890484733176
2.26890860794823,2.11826408857442,2.46446530888085
1.73285049263755,1.73028637125647,1.97895441464016
2.09828322155819,2.29781660303608,2.4913245020945
1.09540627813451,1.08491745982219,1.21355266883851
1.17357677070332,1.13852063466222,1.35019139547853
1.1427999245302,1.1330860665911,1.26434587889466
1.14667614879712,1.14945509292403,1.27092140942876
1.25953704326432,1.22637803473908,1.41791977928285
1.32850923548982,1.29443807758549,1.53039703292154
1.4493956997039,1.37514254350765,1.64708780161903
1.49585224018231,1.42826621573296,1.64270327679622
1.57371588899449,1.4912419495494,1.75750229113119
1.61932174823922,1.51049501483531,1.880770983991
1.87744549626076,1.75661531867678,2.15249148729459
1.89809695077106,1.8264290769896,2.19456352201114
2.06159988167162,1.9916519207226,2.24821485770027
2.53261355359578,2.54581586010648,2.72871474184619
2.65107924941708,2.56669943605563,2.77858283592022
2.83564091647571,2.75142481974993,2.9769577543023
3.20553544371968,3.14817644279054,3.31000930800535
1.22331736660745,1.2015403059566,1.32977320562556
1.30155844101479,1.28099458427731,1.40865497348073
1.16214743441307,1.14543870879776,1.22888627533865
1.15366674197683,1.13560471515456,1.23048965403352
1.17979061814159,1.15837359121601,1.19568806737681
1.18413113373218,1.16735347814502,1.20534429623574
1.30998177418102,1.26935340917225,1.30423148278843
1.37556278615563,1.32520327763468,1.39548858314281
1.38526910362921,1.34431310371979,1.38256502095261
1.43042174364788,1.40223095064937,1.46922301231786
1.8484023603354,1.86053251121025,1.900675570465
1.87463144824101,1.82113697707303,1.94026532862791
2.39266714345129,2.33637201100931,2.43922873907855
2.01417396317848,1.97831455783867,2.12610043615832
1.15663428389493,1.13262280500501,1.16780178575479
1.24288891136504,1.20089331229545,1.21140505499494
1.12441234156096,1.10987152417926,1.20906311416015
1.14487601756693,1.12879878519597,1.24380791134271
1.15284049990914,1.13223232807584,1.34425671476714
1.19825384379737,1.17226587101363,1.45945248341809
1.24322558102113,1.18721219133334,1.60662962983782
1.23982533619939,1.18612616401502,2.00726265781487
1.33625988706256,1.24858794688612,1.70906392794684
1.36448676494798,1.26101648146415,1.66233841592072
1.66649928018231,1.38588040357022,1.88288370213943
1.73034297105809,1.39850473351292,2.09739032200842
1.63318632099532,1.40883776247786,1.66152503052879
2.14305393516619,1.72759030608589,2.0165518272671
2.11589110733437,1.60165985835181,1.85722694587768
1.60371870470708,1.54015215538044,1.83863115089141
1.80087094076904,1.83519668804365,2.30462325662632
2.07303571858469,1.75240648772491,1.86071635365069
2.90881629568401,2.12744609073938,2.03876116560725
3.18453085323135,2.25601065119479,2.26621659219538
3.46004639123925,2.5069983163267,2.33289027048464
2.26273450683482,2.05451068152602,2.27202088663963
2.34360517836513,2.26398414595472,2.73200794567211
2.70613859575962,2.30058383670136,2.36228185049222
1.10694953200215,1.10165301196825,1.25494799736414
1.15012326227128,1.17079462574873,1.2055246231662
1.11956099887703,1.10030537000889,1.31258489116362
1.21005512981967,1.17991587738861,1.44476732789047
1.08609321101378,1.08068594881442,1.23216580520677
1.0491655898978,1.06698283155,1.1921623631526
1.16000917916455,1.17208601435548,1.36005692946747
1.41177733328286,1.4138500490606,1.61769555195598
1.64468977514201,1.66975330963772,1.7838195194676
1.46025378084587,1.55127042978824,1.49357064585199
2.01094072746355,2.13126695310878,1.97998125713037
1.86916199006219,2.00048836818969,1.8458663800746
1.63213313539495,1.7545768616217,1.66829365952143
1.96191652297951,2.08864834715189,2.08955057302565
1.98667076790554,2.11467951758899,2.11075418722557
2.11199727657353,2.2247196309864,2.00043501886842
2.57359226975541,2.60278127729454,2.44817552129411
2.59154963278756,2.75015707334397,2.4530275844459
2.42108521834613,2.59852281593037,2.38492139818516
2.76645095021552,2.92730208177709,2.70202890888783
2.7065274918358,2.89666244341056,2.75407030033679
2.74422830525692,2.9569857157297,2.72003117723854
1.12454096227311,1.09700523029763,1.24011358941348
1.25133006393436,1.2092746705944,1.3674178925312
1.09775234892429,1.07100755244469,1.19207544793863
1.07426319214694,1.05572472605448,1.14614374857858
1.18007384362649,1.13050675939174,1.27309869174018
1.31324911177606,1.24615177249099,1.39183067299184
1.24708237108605,1.19071566981662,1.33602584082432
1.09906020969661,1.06724833520877,1.21068444505667
1.05968281970131,1.06408230833319,1.14237937838792
1.17987614451884,1.12631233119651,1.31854879039576
1.32996090231726,1.2479870227733,1.47047794442981
1.14203198903083,1.11271780157093,1.30437589161443
1.09010893488098,1.08251989401175,1.23953993179895
1.200196169965,1.1771943092225,1.36026505280831
1.59792215783184,1.58415667366061,1.78254702017615
1.59791950234813,1.44455810342757,1.67949569689559
1.73252871265742,1.72955093443328,1.84069823502714
2.14779127421187,2.23249835079306,2.1062573271355
1.20934333039781,1.1593479208873,1.40627554279037
1.36304862894853,1.27371639869876,1.55522569864122
1.14907810863159,1.1286858535636,1.37617962416024
1.09652077816856,1.10168708973617,1.31079721337751
1.21026778362044,1.18073032335328,1.47465541050548
1.29987611040235,1.24577977627417,1.5649106542568
1.28006023199801,1.22805758349492,1.53188730521654
1.66526309813529,1.59245960533511,1.80616892035477
1.73072676200143,1.622472089012,1.88881286086732
1.6128080617737,1.64863208599966,1.89629958952908
1.15719981798155,1.16168473287289,1.4641808003748
1.11145165828754,1.14158378779152,1.39239014602921
1.22337362542306,1.22439027466237,1.58326097327644
1.32269233513583,1.29677704525169,1.68794225681371
1.20793693169706,1.23272094711026,1.60576171617851
1.15555559203727,1.18954495097342,1.51486870715808
1.30283099256675,1.32613353260851,1.71390975350612
1.67781436582185,1.72847196099371,1.98765729312095
1.75691351307539,1.70577800613967,2.10337002857315
1.78455707680265,1.72027482424861,2.03861404138335
2.24263317179357,2.14726307961365,2.39582311040684
1.26651697257917,1.29603154007308,1.73162133236538
1.36159285789683,1.38618219639828,1.84263138013831
1.26229046295698,1.29932511391012,1.76301248892843
1.23130115130675,1.27265201739501,1.71193029705467
1.34215133138136,1.38576691783637,1.9150210153965
1.44205920464466,1.49429841953102,2.07096577235141
1.37577578233898,1.42713547829859,1.94263468828477
1.42067720270705,1.52843634848526,1.97087362147077
1.364591305758,1.42179787809365,1.86978926970653
1.53206399002301,1.59806255841184,2.15362445455052
1.96628395111637,1.92706893026706,2.44627272067556
1.33648673847071,1.37427360681502,1.92465348217483
1.32351240394158,1.38614002620279,1.93990412575894
1.40273132110014,1.41981710823181,1.96654560588489
1.47077563262509,1.48798154104805,2.00931874343881
1.43078540560583,1.44717811041779,2.00998224442083
1.40203557378795,1.40359170546383,1.93741981486309
1.56697051503226,1.59553447195286,2.19332710786114
1.76586248511248,1.7746966584285,2.41841851072624
1.82378617102817,1.88201731707597,2.47697474734637
2.12386342665125,2.14800455070429,2.77041354091921
1.88361855628142,1.91307714839962,2.53220567887469
2.28761323963213,2.31821500633865,2.88911857987923
2.29302015970955,2.29832742398613,2.88801901285176
2.25572037311239,2.29756768236089,2.87352872671303
1.44148761659989,1.46136028060575,2.0265063894891
1.53556743294224,1.55574742745771,2.11839189798044
1.43662785154294,1.47087789743877,2.0145380214362
1.47841618286295,1.52786814311302,2.0374653097867
1.45171113437438,1.49457913889115,2.03887953714626
1.49627593619106,1.5341370228752,2.08291775043628
1.52772750654265,1.6058609390159,2.17595195997884
1.61706893410566,1.84244173199183,2.3333627301982
1.51987141683542,1.77648010488235,2.28328498659851
1.65421617713658,1.70613742864157,2.13754420873961
2.05070119577851,2.11164117191671,2.40759933753332
2.02511728629118,2.16398807667294,2.42801442987226
1.37477210724809,1.4158427592036,1.91751692894514
1.35582458261931,1.3908945416812,1.86279157555744
1.36837686067129,1.42187689825534,1.91045900274354
1.42926161215316,1.48457580551332,1.9932540930981
1.32278253783513,1.3806169417279,1.82715141686636
1.29471940414532,1.34706021143513,1.7562967022181
1.34035881635473,1.4012361516059,1.82773364263219
1.49088301623282,1.51311974074719,1.97461818944095
1.39489874603829,1.45008975330176,1.87521243609498
1.3791219153531,1.39154891941196,1.78026028589018
1.64543257068878,1.55906353316483,1.93215536189562
1.60085548695577,1.56718924009989,1.91969768767646
1.99921163437697,1.92859425477974,2.25655543001264
1.9700248154998,1.95774295668105,2.23309085337647
2.01454730133814,1.96423444544459,2.24117406846947
1.48749652316472,1.49377351046422,1.82976995727147
1.88448111800943,1.90365588098874,2.16212647815605
1.87997560853059,1.87455861511188,2.1853177325041
1.90130256359895,1.86760799448848,2.11371771581559
1.36840028351621,1.4271814803177,1.88968007315612
1.39175666580309,1.44994369948636,1.8802938382855
1.42817836822715,1.48707914349578,1.99191791737613
1.45638684875847,1.51369357451887,2.03613028899193
1.49139823622012,1.55110935466609,2.07239597159794
1.5332682543636,1.61125343497515,2.11166548097039
1.61516746973192,1.66017090911581,2.22539302124018
1.75052342889821,1.85255468349158,2.23980806684274
1.79092832123202,1.94593062830046,2.39319846346298
1.69482279544536,1.9996849109364,2.44221499679436
1.82016505540768,2.1500946388779,2.63017606196409
1.45116975603578,1.49609980078495,1.99375133039294
1.41042101926399,1.43989767827943,1.91384372349859
1.50118063337425,1.54621995573765,2.04379208752989
1.60744765801678,1.6706372944032,2.17351790223236
1.70829654880384,1.78282338014847,2.3053776237668
1.65312325254816,1.71028197265535,2.18820208434529
1.48672053627543,1.50993411832905,1.98457401983901
1.4493178833682,1.44924558832597,1.88059100246058
1.60340419761708,1.64691546126169,2.12322291572001
1.76000285907272,1.82150532645014,2.31697572640973
1.69086528061168,1.72135632836148,2.14616287832545
1.68338622896409,1.74747538088327,2.22967330911764
1.90855373977722,1.98388422254667,2.45754928034251
1.81750071273401,1.88325825735325,2.33501265408458
1.48906921758767,1.49688503494327,1.99980379853411
1.45774571457809,1.44604321011717,1.90962460783342
1.57382087966198,1.5872327574483,2.14859883198775
1.63140121175429,1.66904068840952,2.24720529200414
1.62330877323167,1.62422037298724,2.21145276292869
1.65242527399382,1.63682038157353,2.20464881333408
1.80355530619244,1.81057086694658,2.46114213502189
2.00500911974331,2.11023972852689,2.47547757897695
2.05320315156226,2.00105595793947,2.67412324908046
2.17773036766003,2.22004153995009,2.93128953502027
2.54397350566655,2.56677806135588,3.24729831819537
2.49429856275759,2.59738169831962,3.27535982826996
2.7307464088914,2.72237538816098,3.29956688128162
3.27044510078765,3.24564837265956,3.69259441171034
3.2799091120941,3.2587133419304,3.7787454966969
3.40901868841521,3.40288751141248,3.94522457671244
3.87972064656491,3.83330562126049,4.26018102381386
1.54561289489991,1.54844230553327,2.10581683814687
1.54913061091494,1.54302442882256,2.07750143962519
1.50574219414992,1.52196653010234,2.07352849790105
1.53761890391725,1.55723634566298,2.12015606422258
1.45414149456937,1.47311933011827,2.00141888166133
1.51549967627252,1.52909207574043,2.08386540172215
1.48613302927279,1.52800211486344,2.05749041535795
1.8809468938587,1.86391787397638,2.34535699130464
1.8021602032382,1.82293842490264,2.29020559390284
1.78289705107451,1.89720681363967,2.33483666937869
1.34292089799442,1.35206467177355,1.8117752214225
1.34463923620188,1.34319720642679,1.79777964213286
1.27873834277488,1.28979414730767,1.69490489708928
1.3153204120935,1.33148044080301,1.73572143825098
1.19895864023593,1.20025678791393,1.53247833979379
1.17266255655266,1.18326544256997,1.48897638914081
1.18228671916771,1.17275964015444,1.43228920559787
1.28011846666597,1.24609814130182,1.52888620820106
1.1996165984081,1.15244485712152,1.33012201288547
1.60109605036026,1.58663008706012,1.68509092402
1.60904527101475,1.56446186594406,1.70506356667732
1.59441331220597,1.51785159018073,1.63658876941861
1.20806147609963,1.20125091563478,1.42745127657605
1.41694941346223,1.48540150144063,1.71377349495982
1.49602765690122,1.43813363997241,1.7942803562915
1.27443007297136,1.52300757021878,1.42699682877499
1.70870375660478,1.97787323449853,1.8656068567724
1.73285717534616,1.97818069724222,1.87141911855235
1.69261195626994,1.9952735547848,1.83387002020521
1.22592884547171,1.210116724873,1.55496052109955
1.20692629157683,1.18302195139212,1.49497422406723
1.31039572470629,1.28851625186217,1.67561980351375
1.35518122664751,1.34085184506046,1.7553871466991
1.37066074799269,1.33598876646411,1.7251347588565
1.34896640194407,1.31231304930048,1.65415345405785
1.50807373039062,1.45101548412902,1.88436546791981
1.89007848108294,1.82084804533848,2.18395598306804
1.88631175294011,1.81748680821853,2.21375870652361
1.80804220538438,1.79439348488532,2.17226868200073
1.39222619760796,1.35975444272931,1.76519392320139
1.40013288780412,1.36018185327372,1.73368615422002
1.43160689670383,1.40759814321791,1.86011461296045
1.45334791655044,1.43168420622349,1.90914506886575
1.48165492437516,1.45034670861802,1.91828627535103
1.5489323103676,1.50156143743018,1.96462217749905
1.59060773498751,1.55062877480453,2.08443149306226
1.88894956281873,1.79112521465043,2.19638028264258
1.94988110222948,1.73097946391169,2.20935808653585
1.91687574316851,2.01866579098507,2.53645076307963
2.32122325596466,2.35426470902561,2.81213547736854
2.39863223077601,2.54981217228163,2.99368953425247
2.41902303383351,2.58000493888799,2.99855714046574
2.9126609268012,3.14206335741413,3.465560804361
2.61863299699898,2.92870345809515,3.19321497362377
3.07839050446721,2.94796676898701,3.47133178723583
3.3013598096115,2.95052678678302,3.58940533606425
3.94511172859936,3.83057809372265,4.25447296781703
4.3736397032777,4.49045292644368,4.75949762394889
4.14111536775805,4.41580772666821,4.61684926396648
5.16944044341252,5.26590785886057,5.50564234783138
4.81106590969888,4.4647490793239,4.94747777174871
4.90731687275027,4.40185409454307,4.97415537748884
5.52885132347136,5.21127826645532,5.62922803094821
1.40062644814154,1.37949557674774,1.80659772779882
1.43248522701162,1.40717695847151,1.81378388902552
1.31349693035778,1.30941337905116,1.72008922337937
1.31692612638278,1.32067855682972,1.74049868529056
1.23982255801799,1.24924375773735,1.61969912281984
1.30433974883085,1.30461573133567,1.68934790818571
1.18239824915808,1.22317275180912,1.5928333232687
1.13643312909852,1.22356456932696,1.55174290274975
1.37324894135087,1.32810672384511,1.72137478181588
1.35876295107832,1.39217235632249,1.7591186635795
1.2095041019098,1.21602934191879,1.56241443429162
1.58502641799728,1.6364605303235,1.87500865461288
1.62749852839801,1.57786893828629,1.87190983479045
1.62241304130213,1.6139907617311,1.87886992693432
1.17848294270303,1.18163752423383,1.49264156982067
1.1868311270779,1.18179256764924,1.47249967317609
1.15240413329921,1.15474485663337,1.44226088338619
1.1757902825935,1.18015077064125,1.48622041749205
1.12878126803487,1.12302508593389,1.36150613767187
1.08659399802148,1.08442250330532,1.29020930175634
1.13678678093334,1.13106793601495,1.36049235785549
1.23192060802597,1.21711718553293,1.46806070899176
1.20107599126034,1.1870856735732,1.36393158942641
1.63093247182284,1.59833786212861,1.70819684087804
1.5855785594674,1.58619737773359,1.768628644506
1.6168464752696,1.58840064177584,1.68964872221941
1.10997752997212,1.11481146969424,1.310531862151
1.51669185177603,1.52781715404894,1.677627578085
1.5198924208332,1.51287806902219,1.68883428602633
1.54632785228947,1.54588630096776,1.64537443294217
1.20143421794348,1.17987813054267,1.41911900770746
1.20123444565955,1.17926518114756,1.37792669394168
1.29463193051489,1.26194347237998,1.54278408204562
1.31943140921042,1.28866908512213,1.59758331015234
1.38690140586213,1.34082390785455,1.62331879273723
1.39332826605976,1.3524372674612,1.59548935551361
1.50221842872462,1.44778925690988,1.78306430695567
1.61159150053278,1.59873481705269,1.90639452870337
1.69948528533778,1.63631141700792,1.91336307921686
1.70943946514331,1.72150086738892,1.91624152732384
1.9951667658528,2.02120560281896,2.10886766148871
1.99048378210598,2.13149562859994,2.17311918549043
1.96832200544118,2.02401095568687,1.96781545645962
2.26654062358665,2.27374121866826,2.0868437241304
2.6221632329348,2.78880741290645,2.59522046573472
2.99050616422759,3.17126406676088,3.07914602605555
3.03153581057575,3.23628051966884,2.83490656508192
1.4063955145196,1.3516325265959,1.63840001506092
1.45182521435298,1.38787326865135,1.64832086785504
1.39996993812937,1.35163224317452,1.66832062496624
1.39118563734762,1.34865503066464,1.68895142396837
1.44244969555108,1.38249580693431,1.70999795445806
1.53923923691152,1.45921102062301,1.79647824155207
1.47636025591569,1.419761513114,1.78984604451004
1.84742629873303,1.77255073596946,2.10696266668162
1.79034581135224,1.75870329295027,2.08495595428939
1.80330237757786,1.78216926528649,2.06897357334825
1.37752573637426,1.3253243355239,1.60594639700283
1.45215910888179,1.38557728716721,1.6537037124691
1.26160848611182,1.23492145662928,1.48218624654796
1.23784924388835,1.22215414054616,1.47644617528568
1.20093850912072,1.18797905513763,1.38553339653937
1.25489263883863,1.2316166450506,1.44313337277364
1.10774592330021,1.1192467213382,1.28308565038597
1.4862650082247,1.41554153055015,1.60907931627
1.48541255497152,1.60517209216058,1.63271261196165
1.53770935343195,1.52938340354224,1.63561249054896
1.21272057926782,1.19746954971277,1.35326711471086
1.24483478838927,1.22298117842859,1.36423721997608
1.22588532595806,1.21091207140007,1.35799071794133
1.22980028959592,1.21895999394866,1.38013085338136
1.27964508650828,1.2540056071929,1.37368105713395
1.25589839713609,1.24297141185182,1.30895135533119
1.31191807810363,1.28199209642843,1.41339020719567
1.36207035976736,1.34638190753552,1.50423429086875
1.39219542231045,1.37653991341767,1.47816536034693
1.25983424128629,1.32349116390619,1.33617874070387
1.2274657675869,1.45307603410551,1.30375863479206
1.35105676821506,1.50098251909642,1.45536146044933
1.74454193593544,1.93757325492852,1.81944268682752
1.71129676949526,1.87270812659672,1.82558090054401
1.72646848139862,1.82755967896118,1.81860155103835
1.28251683382482,1.37152719170423,1.31357574789926
1.66221203761095,1.75974027502363,1.67866309552997
1.66712150935975,1.73919137753056,1.65865039246467
1.66262749472968,1.75985159807452,1.70100431200431
1.38859367268887,1.3362498385723,1.48823958928239
1.43294562253616,1.36546859682637,1.51305922479331
1.46359913542079,1.40537092412864,1.59443156886443
1.45586102731389,1.40998454397809,1.60394077634272
1.58567218114982,1.50835630597945,1.7252712828734
1.63603513770544,1.55559492705213,1.75884567313642
1.69415467729834,1.60780626992934,1.87106116729442
1.76265490692695,1.8221622747715,1.99895707289691
1.92794198716107,1.8522720048983,2.07363435147533
2.03103491811666,1.8382452202378,1.98164910978733
2.51453350534025,2.23286820216809,2.3912183395021
2.45930594150236,2.30632534227074,2.2881714854137
1.5989311165427,1.51432261946351,1.72970969045044
1.69001057181009,1.59276498021227,1.8004759528683
1.54377375920265,1.46098038460377,1.6798073121596
1.5094950117526,1.42572854472325,1.65317757638402
1.57739325929565,1.48373099325959,1.70427863905148
1.70845966131524,1.59710965608451,1.84700714775675
1.58358412247703,1.50815882269244,1.72639835747583
1.67251314599346,1.83883578285505,1.84926190184156
1.68679155233658,1.76070821732256,1.86112870500791
2.05665984821846,2.17434032133214,2.1901721364986
2.02563586481223,2.19703412503598,2.1812406570026
2.04951922822881,2.16757965353036,2.23635934765851
1.86903351371587,1.87835380551524,2.01848948224107
2.17130998664579,2.1063113028758,2.24194018705399
2.35550980265736,2.53346061536855,2.52795784261368
2.28398183253958,2.39727329218671,2.39190673193864
2.69478827245956,2.76003188847817,2.73506857883643
2.66673822688624,2.82299202464805,2.7878375555707
2.70849447539828,2.86100887181612,2.78293974924782
1.51334383348815,1.42247406607787,1.59787883160433
1.60811966086682,1.5021974399861,1.66248738788841
1.39335312011793,1.32278419230087,1.47055905325507
1.36047773510273,1.29650580874942,1.45048576688296
1.35592497695789,1.29411805671945,1.3873885818214
1.37075080592299,1.29271030111451,1.4012628566881
1.26953392211556,1.22630061839202,1.30569782352498
1.64142999498157,1.57723801070808,1.70349982278157
1.62923925188431,1.59960147556429,1.65451906650585
1.62002050838533,1.62060958874645,1.62005705555126
1.4744330192676,1.39993461550735,1.44005641121742
1.57740154475806,1.46987192061662,1.48245492422703
1.53109877041174,1.47160301146295,1.49596099598229
1.5241185184709,1.47234765355497,1.50161438123204
1.66471378939595,1.5914126433059,1.58756018739269
1.69378231099659,1.59564297678036,1.57639081035259
1.75452282649234,1.69282387654048,1.67311117866993
1.86718341523793,1.65859411111839,1.80895626518811
1.97098650520383,1.92880215680439,1.87194182156735
1.97872696420647,1.96018386218651,1.79813927183772
2.37039805370573,2.24273093465941,2.04816696562062
2.36117233649158,2.17442132526221,2.10579834546449
2.25313061690266,2.15674958732043,2.06332976175993
2.78908676294318,2.42020893420525,2.55755876448349
2.41933721818088,2.22990889188888,2.29193613537184
2.72741142243241,2.76240742841155,2.40703411655547
3.04576142655668,3.16718394111007,2.7380448205182
3.36753534985601,3.19865719846334,2.92765094303631
3.74356011668729,3.23847889248056,3.36088278351332
3.62555351177669,3.02056275875453,3.34316584860032
4.42308682723301,3.73053835896985,3.98661178628974
4.14321702234052,3.97352736738635,3.56462858858395
4.33665227749824,4.274781843485,3.76242615911478
4.71670188441134,4.36113247790273,4.06908556635307
1.77349913546083,1.6775622581594,1.68901211353217
1.9203668097913,1.78706707020806,1.79846050374387
1.7946414107014,1.69846683566209,1.7025407870831
1.76801203074166,1.68393839174553,1.6630378617859
1.96247444316926,1.82018025972818,1.83110222971073
2.09543029006414,1.91944181046717,1.93431863865831
2.13941924591379,1.9684096711526,1.98946016893358
2.20773122941634,2.13780292252898,2.02808473473804
2.39689248524839,2.29635607668865,2.2447126461815
2.76128931793552,2.24819772046352,2.40110083724301
3.45633359510133,2.85289580005857,2.81920855748987
3.63248709556146,3.20568502404054,3.04709663677808
4.37937732956196,3.54871048888123,3.48588095754358
5.11186393793558,4.25643899249392,4.0246008279524
4.66836391989063,3.73880825972204,3.8648497003206
5.74628623181275,4.66381362688349,4.72760632668962
6.05133237015356,4.94837613384136,5.00684772275232
3.34876699034798,2.78405035774035,3.09401069980503
3.48148517276041,3.09575575221241,3.41752627976597
4.25891028856202,3.49438810791187,3.80734265258323
4.90752196871864,4.17840082930072,4.56162522677418
1.90717822726028,1.78526632070139,1.77872291285002
2.13885467790586,2.00559628607833,1.94270850219041
1.71644954422935,1.60943202200483,1.64247061764232
1.68097009972406,1.56303350647872,1.64396878522552
1.68240770441685,1.59357541807878,1.58668880588244
1.83018490292361,1.73246407430431,1.69248810284067
1.60686832202918,1.55283733517924,1.5031242994894
1.75515878626118,1.8216989584844,1.43581060264068
1.97384890095585,1.89550916602235,1.62396560529395
2.18389285515965,2.18027112373154,1.6370692055391
2.02179239645068,1.7332466728753,1.60858470215897
2.38393171996516,2.15990025612856,1.91420396312669
2.4594406230199,2.09103742357256,1.98798695647669
2.4913899690309,2.14609177341313,1.96071435615744
1.62303210131102,1.53242767944007,1.53547153581763
1.59982745389664,1.5021482316041,1.50959243269874
1.67217957486631,1.58545605361213,1.58887352924925
1.76063817751283,1.67670225457336,1.6817917601755
1.65891969909959,1.5695313732857,1.5840243542225
1.70813455649887,1.61105816319798,1.62941206100041
1.8193340567885,1.72218953046279,1.74566770058248
2.14617417273098,2.08393175201618,1.95749976792496
2.14847091544321,2.06390692501599,2.19352559758867
2.2126722993955,2.15104976759022,2.20265947900516
2.52614516626674,2.46322885638058,2.56221995405195
1.52417731015836,1.44402445571615,1.46379318993341
1.51128475876445,1.4266475687051,1.45495881062329
1.48866124063847,1.41284045340781,1.42765099861022
1.59926642869741,1.50917589568516,1.53135278244501
1.70974765940346,1.62377803849148,1.64048505638166
1.67045067190912,1.57429560343866,1.5869260832339
1.41083421525755,1.340855722092,1.35907727056309
1.39579618494478,1.31591835389903,1.32925589109847
1.49027743443754,1.42147640719269,1.42466071395068
1.6715704881922,1.63039201481511,1.58187736397836
1.63533388092663,1.56900464977089,1.49292357441878
1.63603851636682,1.54331092236112,1.55027274981936
1.92073123432828,1.82985626805601,1.78562620965554
1.83842880601486,1.7264222026725,1.66528831129831
1.39335253880146,1.33433197441934,1.3653465028233
1.50499112141693,1.45760946973795,1.48297618287993
1.32892001902032,1.2714539127169,1.30507535478416
1.29998579484834,1.24740071107797,1.26460279159239
1.33290063122332,1.29019247363208,1.36349716524723
1.42335190506539,1.40325236239918,1.5213979409289
1.37408967129807,1.37167735908642,1.46561817562982
1.47316969815,1.49813048892186,1.60560598808183
1.38336198065816,1.3822798497625,1.44091932202124
1.43041333568017,1.54444166590232,1.61534887295602
1.9722863787255,2.02060311225593,2.13273840788291
1.67125163641956,1.93776215422828,1.90004968586382
1.28115496434154,1.24062916651201,1.28532188695148
1.25631604507277,1.24180616586355,1.21602138192387
1.36600420989332,1.33773266362861,1.44818425793799
1.57428858332982,1.59792833349251,1.74639727762865
1.64276514991288,1.65572976622217,1.87530549431976
1.65765884855146,1.72457821414677,1.79925924356149
1.401104663334,1.38956118803438,1.50076919700011
1.44223398389894,1.48292998090648,1.50736048373054
1.64400323478467,1.67600092877387,1.86550758461105
1.82162370584643,1.84370809227844,2.06678395418617
1.87573604283159,1.95168276484195,2.13667689700301
1.83386635551361,1.88717541874172,2.04979414074115
2.17892771482661,2.21572968145646,2.40015994760353
2.18998475730095,2.29211222369508,2.38576696191778
1.29010525067249,1.23476676899698,1.38228584295222
1.38409368277069,1.38325018090016,1.4671024814474
1.2083582733514,1.10035850110996,1.33878470121468
1.25495196592921,1.15408513358109,1.41365539357902
1.1735063667391,1.06267657638578,1.3324332127141
1.2109972430758,1.10887183127107,1.36195074541026
1.26140538133275,1.14900318786932,1.53154682137988
1.56118517534152,1.33745728497808,1.85542547245014
1.68974938534793,1.45214705007047,1.951721697616
1.53629484349795,1.37900286385089,1.73016887406865
2.24461699580977,2.00182099707363,2.37522174319391
1.13753344227639,1.07497626531459,1.25450338554824
1.21459185806096,1.17922275844385,1.39069817219785
1.13714129397733,1.10000340794206,1.16416314658571
1.19330490564123,1.13158501926799,1.17200966206891
1.16902557377462,1.20625832046522,1.20040639518228
1.21937859349656,1.24679751182678,1.36831234486468
1.36807815040216,1.44652134182666,1.37622537247396
1.81748566036246,1.82161349585941,1.75960291949383
1.73920958105153,1.85829206985858,1.80506888162261
1.75334811289286,1.84854860989677,1.76835327078407
1.09307832789963,1.19356744995163,1.07604643848671
1.30842453248931,1.71757547010231,1.27215090339526
1.01100284544287,1.11188354488037,1.20750426033367
1.14571228868085,1.4588802398305,1.58434139792042
0.943647176764169,1.07954768567183,1.11682053074963
1.00266555325738,1.16897058195814,1.17659705544226
0.974618818618164,1.12346392627915,1.16533905645861
0.874721202353985,1.00384494668466,1.01730820798727
0.958028773782899,1.0103728448801,1.06004171055952
0.816742120117026,1.02452607261446,0.992348234529047
0.862845801805656,1.11297572134931,1.06647414806883
0.775078518301838,1.0065024714983,0.965917142791824
0.818507767602442,1.02905109249098,1.01261333553506
0.798792044258111,1.09586009189861,1.06917541395727
1.24491501561511,1.3837760109499,1.27654201339933
1.15401768172957,1.84636548634053,1.75645582875816
1.70566299586822,2.3493105879713,2.27926065166953
1.69429089900739,2.36743709796724,2.26056807269728
1.67504966273051,2.35736160642703,2.23806665530044
1.14582320829245,1.70245344456508,1.72949980128062
1.68807083939914,2.20754360708401,2.24418548842199
1.66034190270835,2.23219387472469,2.224149983768
1.70053812599578,2.23254063918224,2.26967635266379
0.760780881624737,0.964466123654026,0.879550163990216
0.814920974057238,1.01105894230576,0.877226062078078
0.770220313112308,0.970970780861982,0.891298376312248
0.813381398711839,1.04063258439807,0.993021608865449
0.789441846678681,0.976693602702557,0.850564760258453
0.863346941450873,1.02502494641279,0.875865677891246
0.843290028582024,1.07082641710952,0.95113006630056
1.38436362061097,1.4889800569721,1.39395104751865
1.32063120902617,1.5847284893007,1.46814425911089
1.35702067014071,1.47747738980826,1.43210971827873
0.794994124904174,0.982897017634456,0.809513877802217
0.830731327182868,1.03173875582049,0.862358019788707
0.862971355522868,1.03476501559118,0.816878728157241
0.93717149633237,1.11355415463685,0.888964415509666
0.925430346557534,1.07174705631169,0.827044242824727
0.998041778457508,1.1323696397401,0.881738859620689
1.09141338507875,1.24771861310296,0.959239064027651
1.29247609227201,1.38340453371747,1.11761939657918
1.4273635264344,1.34197467475876,1.18572522611346
1.24553921233127,1.55961601222704,1.03590240317105
1.71673219096333,2.01910290929846,1.63529860011954
1.86576711029117,2.07329774950141,1.45740551523111
0.859264244813928,0.978403478436631,0.765870915199335
0.810286510037717,0.941355736444907,0.751266544031797
0.93382833568492,1.02873135598248,0.813839337133758
1.03583747934972,1.13757393601498,0.899639956182884
0.94517657629805,1.03158276037023,0.828562274867179
0.933921716078519,1.01751087874634,0.839664694800935
1.10846636619603,1.21210111986568,0.973682389496975
1.67751030002436,1.70332155676163,1.34619218883634
1.63038831159529,1.6720837084011,1.50900114970071
1.4789736030534,1.49293127104552,1.4427812516672
2.03497709450452,1.97195454758889,2.02676600413
2.09114209091655,2.04850574341643,1.98410168045934
1.69643235924282,1.66057263733963,1.635514034148
2.10536427677474,2.07200497433572,2.0415729064739
2.10424727359078,2.07550162716637,2.01543505222514
2.17781567416653,2.12811166055846,2.14794002250576
2.64791900432085,2.62584436015386,2.63267541361647
2.63340086441394,2.58342909305084,2.58909051964362
2.66164818358632,2.57379624729596,2.66154256809637
3.00103388809736,2.90649285254718,3.00165983555654
3.02416328688867,2.93092255579641,3.03323067927217
3.01016614180449,2.91505665475411,3.00960982626516
0.937414251939377,1.0167225338813,0.824414419637015
0.972592505829739,1.05452700033232,0.878694379742075
0.974758601301589,1.05498192861104,0.851921187250541
1.03798483331549,1.11058455146878,0.903144353592645
1.02345174710061,1.1316649001748,0.909597052110898
1.14700619235539,1.23552595439077,0.996659130979205
1.20148761952835,1.32120726749158,1.05837545607813
1.53498527600347,1.57271538910532,1.5718129453719
1.56328032434828,1.75976010048242,1.51200744277368
1.81566104652445,2.09195019246536,1.61615762634183
2.35209610567852,2.69563558407051,2.20087101306557
2.35061080028811,2.5858465556431,2.21420217991727
2.13730833298586,2.46089246572771,1.88143410689656
2.57524509916516,2.90897339438138,2.35740312569145
2.61288902240559,2.88557941875172,2.32664219879087
0.882057151714847,1.05522034075453,0.858783444517985
0.970594030448406,1.17438672129536,0.985539004591424
0.780913253390239,0.967017242069462,0.773234744838609
0.834381697964591,0.980990602997962,0.784660077377398
0.73145723879399,0.960415221883335,0.767200875979514
0.776406270311466,1.07468634272595,0.844446341849547
0.823166469366053,1.06679979365662,0.827556424023384
0.92810026041139,1.11422005819184,0.864846177038233
0.97139774886088,1.22637319312237,0.926154978859447
0.956632546502478,1.26233708053599,0.933423003131868
1.25261211118512,1.44135659883842,1.06212146615492
1.25262358734041,1.54531322363698,1.13583999388078
1.7149738441262,1.94559902853525,1.61923470429924
1.73731084715814,1.96800950020719,1.61272459875287
1.74571454965832,1.97211843879053,1.59052042913451
1.29340798301179,1.58517235649832,1.17438610972043
1.78297185468431,2.00240233961142,1.64054473051946
1.75999378415881,2.03286163240271,1.63686666133155
1.77838189216648,1.97780081110534,1.65345584613188
0.685498549375734,0.849174490053687,0.707098848741071
0.709086371966337,0.839833411688461,0.731161123101542
0.700315096541185,0.833121320059115,0.70085412549312
0.774022880843295,0.906252413704964,0.779776290296986
0.695414034361462,0.779537532720674,0.664812572606869
0.697493225999165,0.762289937942396,0.674915863163927
0.756170215252001,0.816283142986185,0.689480799218657
0.951322965800193,0.937653088363933,0.816290027136871
0.894498021510849,0.844115039470877,0.760058589975104
0.717523213603461,0.84017003104893,0.709620163125951
0.904101349498461,0.94801926721501,0.875556189137509
0.913556048580703,0.94016138497691,0.815955891396218
1.43330041597993,1.45138660122048,1.33198804300611
1.44118704841671,1.41972142390399,1.33044293062636
1.44627473415465,1.41682692001345,1.39669952660963
0.828407107070852,0.869124087960689,0.817111251185977
1.40141889300668,1.35835021427436,1.35438494075197
1.33231598894147,1.38336196632745,1.38675011438857
1.4007803705234,1.38832110065212,1.351987407644
0.710163997081136,0.783776649150664,0.691277611484073
0.786914430880761,0.86753641812691,0.784534352603394
0.700951362813271,0.753957770450167,0.679825461016974
0.722068888282241,0.760794489890908,0.691476674869303
0.734019066600957,0.765222990561455,0.717917120465464
0.794619869834695,0.824298005338489,0.797421825741834
0.785058114211142,0.816706835550658,0.774639784839813
1.31253356084896,1.34499792145104,1.30657444150034
1.31382881305051,1.34951833779566,1.35654748657797
1.32623162043131,1.32307463648959,1.27232639455982
0.779089970619947,0.806927865746048,0.742614123279403
0.892333910175714,1.02308814876864,0.890901778644536
0.876404882208967,0.926151136519802,0.839559594752195
0.987280263858713,1.13300313332474,0.983834755784022
0.975090191417172,1.02358836127111,0.935096083507375
1.00926046412012,1.06180664309601,0.955558659075171
1.05995308389692,1.22082281478285,1.04266298051475
1.1212688390915,1.23336003799848,1.12213544895453
1.19432175472385,1.42234120345347,1.18330634794644
1.04920835625751,1.62099220668592,1.020309281385
1.72481246887727,2.25790546412334,1.51051502085423
2.5103750125882,2.74519604773424,2.27264950660666
1.81628151899363,2.77319493661091,1.58660292305981
2.62933199020198,3.49257016812214,2.361579683528
1.29341737514285,2.76986338320841,1.22215200601276
1.45785646150503,3.26069923295228,1.37374027465098
1.51173809777151,2.21834553326682,1.67210956507877
2.26401944597552,2.70955995834113,2.46559464625391
1.59387715175371,2.7139644068915,1.73794587364193
2.35309247827965,3.39393790778782,2.54088717224823
1.06331854273593,1.03358235095066,1.0323202983548
1.21906469318928,1.2128741341447,1.22063771644851
1.09682594513658,1.07326992163792,1.06799356451352
1.12764065540721,1.19469113846416,1.14418105048504
1.22681148971773,1.17102143716786,1.16458539367177
1.3285222533847,1.21493698947428,1.27514657757228
1.48584002873464,1.44977684236284,1.38979612279173
2.0199722666109,1.7792567332853,1.73932525658886
1.7245144327688,1.81008558410256,1.67474049809644
2.00836990029258,2.096742305173,1.92027594471455
2.62977002440707,2.6921243828057,2.47707614169136
2.61574682595798,2.74831336566715,2.53021564295924
1.17763227599184,1.15444544705332,1.24454374455195
1.50283734879749,1.41622626547749,1.47192504082607
1.20427704597397,1.18327649970122,1.44499289139737
1.50124695889926,1.3911100436871,1.63007215532589
1.20805903711557,1.22904101682078,1.71553384033576
1.32420392640003,1.36878055203225,2.06215874796974
1.42151856454586,1.46150758527117,2.13466220203705
1.81011410684935,1.91841282216375,2.49223793302434
1.81693173058267,1.85021230518953,2.52056309047269
1.84583496937414,1.81273704990366,2.4932962179162
1.09303841817014,1.11935201055503,1.48760933736974
1.17815380590711,1.23718010302045,1.29077483649161
1.03553341212116,1.06165124991693,1.78878565611938
1.10366463656824,1.16850925484166,2.38701673019234
1.16052271254611,1.2046753793822,2.61905841666934
1.23945459404122,1.33201945033143,2.52943558631712
1.02906634799246,1.04181469976889,1.75764041165295
1.10940157918083,1.16224163287,1.77790767708098
1.12820164135561,1.19864000587209,2.32785820304902
1.37910433214265,1.42353223044237,2.48603966508086
1.34749095210637,1.49687903744332,2.53343906189116
1.22899304039576,1.34556943126256,2.73686448139288
1.5747740121682,1.69634009698677,3.21470896150361
1.52862153067595,1.71572894174602,2.98177159604217
1.01271075328801,0.946027814963085,1.4979338721028
1.04224329931757,0.982617478329199,1.65683173874443
1.11846722134211,1.00609307716114,1.4761244599755
1.23068097833444,1.14095794643213,1.67842811811448
1.19196150359378,1.02872283051235,1.53352654121139
1.21237684033466,1.05931209607969,1.60170495779035
1.47843042769825,1.29609990631926,1.97439868376162
1.69490514910262,1.6962865443167,2.32630392299669
1.86159373906658,1.42258504668461,2.40894097724609
1.94119667319291,1.9452417909025,2.37070547991047
2.50191541182774,2.57093365765738,2.9325273341313
2.49678671156202,2.53551709558102,2.86838483798137
1.11254964594389,0.922211657284471,1.4828212923314
1.31023541340543,1.00095171981126,2.00313655601516
1.00111149310874,0.858892403674837,1.28229522632535
1.10585375499475,0.905166405929456,1.55947964694289
0.937358917782969,0.832320437230236,1.20769557830188
1.03261931914355,0.891345021787999,1.21449398705448
0.900038593554067,0.792386583807113,1.40724651911471
1.02190142354956,0.845791155187508,2.12387825404747
1.00277282776375,0.859162677040243,1.97228957848837
0.997469256923747,0.770342447396158,1.04482893914999
1.20589815173605,0.847543386130728,1.39435234777404
1.15978926951301,0.817334872134483,1.68191196397794
1.57745844412759,1.35104033106348,2.18086626679541
1.63224455706805,1.34230182620259,2.22194325088099
1.64942653122724,1.33199681845654,2.1958598101326
1.22899984535203,0.854785432039595,1.59796659732903
1.72938771535902,1.34699509871873,2.11320871357574
1.66677491224971,1.36474500434583,2.08863256119977
1.66165119455357,1.4041589055854,2.09456030129516
0.924236599380356,0.892848049844219,1.21216368235442
1.02889044074049,0.992246654046736,1.44860184950513
1.03074055883737,0.945646933682307,1.20038323110274
1.25146296552722,1.00648935218098,1.32746414562918
1.04345200363606,1.0371580557242,1.28058407991719
1.06968635873156,1.11401302618451,1.42326243717743
1.33711258862764,1.33817437876742,1.6070304233877
1.48230536489169,1.53507325426127,1.98944195207552
1.49281081523317,1.61492621160975,1.82332885807907
1.60272607164567,1.72814699188885,1.89358675706497
2.03362473244884,2.13269524927529,2.42394676349617
2.08934952677581,2.36890365250233,2.32332902087865
0.901235053533952,0.880578968992752,1.13141866774919
1.05116268242311,1.00595942859868,1.39095944781216
0.77353783174601,0.737712486812574,0.84167042677054
0.859074218536678,0.780684922516515,0.810350455028401
0.697699433985629,0.689662697920597,0.770235251177574
0.779793676827624,0.829752866018815,0.900872431666546
0.675565199447365,0.736346721606591,0.714665480462041
0.689558858759001,0.772616267253161,0.769403818246069
0.718525772337628,0.887410331998899,0.88742441949392
0.735920171390712,0.81475397653569,0.85343997537066
0.803017519016478,0.817938149231586,1.16164773958508
0.788559844703617,1.00105984932985,1.03521443609187
1.3237888894795,1.50963042302247,1.54957389472962
1.33214851796707,1.50554544562727,1.55046411053496
1.30823864314253,1.46963038580285,1.52748110602332
0.852189742943797,1.07156732000624,1.14772816002748
1.39580899571722,1.5862111654094,1.63800789338019
1.35737588122361,1.55329918938539,1.65425622652439
1.36898086598802,1.53870743673272,1.6423387765842
0.646623501410709,0.62813298915317,0.773418890751879
0.68331311432922,0.63667030166765,0.809502408507271
0.666421383047974,0.658283143939668,0.827573093210776
0.770633180457313,0.75731988236796,0.90606669555728
0.626427050207128,0.622611842123078,0.842128643268639
0.636641584724251,0.624659257923916,0.859651482434916
0.689163244754282,0.6932309920834,0.881631550386558
0.7611544129833,0.795675274352307,0.94572505804855
0.789016667330568,0.792871063411147,0.963342979150863
0.736442617126675,0.698007219728434,0.948797916972908
1.17137912587085,0.754133739892162,1.07446309538158
1.97646679595714,0.888146427368799,1.2043204223331
1.17998189126156,0.857312338521849,1.2390912429402
1.87557064780311,1.03393062691624,1.4564529412003
1.09135141651524,0.916638339174138,1.29352376184539
1.28835557812541,1.06234832616917,1.4790256296766
1.59707949750435,0.893172719735157,1.13876137214062
2.3641333344741,1.08773355852754,1.30460711132138
1.78372633608654,0.987709766254225,1.30086838319018
2.66139688293537,1.23281176595303,1.55544245448254
0.62173687875627,0.634648556849226,0.904531750554151
0.741425171721994,0.731568357316813,1.02124081790232
0.638519166464996,0.629513487825333,0.935702180252044
0.727042546905951,0.652138512265728,0.981690558669358
0.682203732503893,0.677109385740089,1.0037823114518
0.792321920271409,0.752026247903562,1.12078026291118
0.728454765775824,0.745624393281291,0.940944053593268
0.991555918030191,0.807109509403052,1.17255294189773
1.0669252991474,0.876594514870474,1.11906810667061
2.00563701910235,1.34587035496929,1.2209779918579
1.34971076101582,1.02413045140431,1.06392200694301
2.68307708218576,1.6967311618672,1.63529157072307
3.37142449231332,2.07075942030818,1.92063018195448
2.68450093246367,1.68305307303915,1.93812459764562
3.29364223493538,2.00921403514695,2.46537345015666
1.96834332293684,1.29866989318015,1.56737275734206
2.23085158393744,1.39721402200799,1.84782406408192
0.760170613001509,0.783732229794797,1.14565046400924
0.824243577709874,0.927678815523992,1.23777042688869
0.942606342697795,0.94232686565975,1.4333073956847
1.11508493417496,1.11454590626315,1.76300609438038
1.14655313327253,1.1414166336578,1.7957330037085
1.17052830653112,1.20603350306921,1.88359612548706
1.18509998017803,1.14800104597315,1.6224337162032
1.1658932529712,1.30680399012481,1.79574244691344
1.55619474426713,1.46104068918895,2.10277248795787
1.86016713540119,1.76972881138035,2.36642541755234
1.95669191124737,1.84241642237477,2.4639210173099
1.44619167480701,1.41826599525566,2.15577500008561
1.55771632119792,1.68440790158484,2.46107486302814
1.82808222783196,1.73924599827695,2.39696209261797
1.36565745826426,1.08686711733252,1.43684875781381
1.85547392228006,1.23194880511036,1.46604225835605
1.61629403737281,1.17148440104709,1.58588276263724
1.96435962286355,1.36879628535193,1.84622606359393
1.9325759883232,1.18730597222222,1.64260486233294
2.14356592774964,1.32387763551016,1.80140761181502
2.61263680541698,1.43086516553055,2.16313456543168
2.99249168782993,1.82575519551455,2.55105412599446
2.9832806045443,1.79914264100744,2.53324434054949
3.01207547146187,1.89781422224069,2.56678229639618
1.72047996751541,1.15405589308617,1.45135588840315
1.852098364732,1.31897636322539,1.57658289898418
1.61620198264069,1.27078928205047,1.50625352443205
1.76352759899357,1.40102453623684,1.71507624877887
1.51351032794819,1.48558742107661,1.60908715523616
1.65756473749153,1.60810904921141,1.67480694221376
1.5722670152853,1.95152054126156,2.07813626533592
1.714192594318,2.0182007553531,2.22256998407944
1.79056763589292,2.22471543689251,2.3378375446621
1.95866239254789,2.28471356192402,2.35776635875045
2.33794931994916,2.46845721154446,2.49381725874834
2.28800783034469,2.25547877315942,2.39192800051784
2.04185862059642,2.82027686442233,2.87762655968766
2.34891158468578,3.25739445584628,3.31862020373509
2.4233830997784,3.27198149015284,3.32926967629925
1.39285114924649,1.37326147193081,1.52345418094558
1.59496377069137,1.48922626974218,1.69798469825022
1.21352528504363,1.3583364526927,1.47087610939516
1.2435375006056,1.53809763382112,1.63150449163364
1.14198199654735,1.28113028866671,1.39890631797195
1.20050246798099,1.3069326890521,1.45370090778046
1.17857247930902,1.38754666787594,1.41324598284833
1.69796746344208,1.98226251196939,1.95824464691408
1.50645179127126,1.97931245766423,1.82470370463919
1.97514575886332,2.46468641646098,2.28972408503314
1.9862831171674,2.45043948405386,2.32623839825867
2.00264037583018,2.44448220510304,2.28481527432677
1.46596677956736,1.47033282560038,1.73897307070967
1.94489935975211,1.95225938821113,2.16649742979937
1.95945044434813,1.94029843135108,2.23211559177728
1.94290089496407,1.94800268402645,2.21918757235535
1.12641912084458,1.22963531193286,1.36209693247235
1.21609984002185,1.32142819730949,1.40007478159828
1.12734690343397,1.18725348907861,1.36940710434691
1.17188017379962,1.20535595157531,1.40846628012436
1.1577675928607,1.1929414512613,1.38760374611099
1.24845142555367,1.28599182037983,1.4398409844017
1.26138202420086,1.2541576530432,1.4845829386553
1.6470008910744,1.4612261196117,1.61723941571471
1.54951347266832,1.50938976472014,1.5987477802841
1.46436155920742,1.40011166124159,1.50727699490836
1.82676072202535,1.55371759111867,1.57583723948713
1.08390254332554,1.11723727155142,1.32302885071072
1.03852267644732,1.05336536048896,1.28241281958747
1.13582854376669,1.17230088692806,1.35749018316102
1.27213812088833,1.32172574732315,1.45473605951493
1.35950092394574,1.39923856373387,1.54031637834693
1.36438629187606,1.42112860290935,1.51386275186837
1.10675131217783,1.13152113921174,1.33759079511737
1.09593912230181,1.12557165870056,1.31612460917797
1.23987607917921,1.27110992042677,1.44695328455011
1.35318779131452,1.36621184543376,1.54571251012597
1.36076920176284,1.36817462096576,1.53062001447595
1.35842222267871,1.39548044141471,1.50022219290934
1.56971272345099,1.58929619779643,1.6552750950085
1.53892752210784,1.53841182859082,1.57519663006019
1.07044626121851,1.05571114447478,1.32698345709622
1.05936087164348,1.02051439507731,1.29999229137962
1.12534275778459,1.08921627545497,1.39498300794357
1.19605369206329,1.16254712323658,1.45651868361614
1.15036696215693,1.07616159841286,1.42528886508763
1.19652755309125,1.09648777177851,1.45939060961612
1.29121044174636,1.20732576043599,1.56130183132313
1.43631230082256,1.49915453398709,1.59641635683102
1.4711829180453,1.44980663146117,1.67091805434516
1.58104455378502,1.41360386086129,1.76404541669332
2.10878835891174,1.93753894445665,2.14511344424983
2.05530638636967,1.97286232126873,2.21683839467159
1.07107618814862,0.996843603285783,1.34777662561455
1.08973273848813,0.992615754947679,1.3516269435609
1.0373592165836,0.988216581207421,1.31426830600231
1.08434533227923,1.04922678602597,1.3555099678981
1.0028972888429,0.957941222912935,1.26762335000975
1.06405980510664,0.994514732742566,1.31949795160223
1.08548542126836,1.03221456495526,1.31783985308718
1.10944298084213,1.14190919377197,1.33020910844979
1.13759674748459,1.11026266137278,1.34905912962364
1.26440171263121,1.20738723600151,1.47316334522177
1.47193171163051,1.36400411602097,1.58001730455485
1.31094063064817,1.36369480090127,1.5586861811184
1.48196636858562,1.31068704367498,1.58297347433254
2.00483461382259,1.76326690833881,2.0041827535606
1.91046892440269,1.75026988058492,1.96386837416109
0.916882138780875,0.89584292478391,1.16991367712332
0.920168793746914,0.902417329919545,1.15375325430933
0.894198511016619,0.887175862291095,1.14351747792231
0.938893593891872,0.931702200055802,1.19239242319776
0.861111710339752,0.864067707063471,1.08306076285614
0.865701067920045,0.877383867567308,1.06942499016161
0.900766392723573,0.926067107164072,1.11105402663668
1.3832986289846,1.43421906708963,1.59969161588075
1.41813562514121,1.4034351558105,1.46613407191921
1.3559024334578,1.37844116696648,1.51585767945691
0.857401583057813,0.836922596696255,1.07068905256756
0.865466007737254,0.834026779320084,1.04220838513414
0.894678549053605,0.861076680715974,1.12516974270103
0.92838097879943,0.905446682929237,1.17444289894442
0.924028494539158,0.866273798969858,1.13511589911445
0.94058004899858,0.874479639384897,1.12029871677897
1.02132186627179,0.945738100884588,1.2446001045581
1.06692269230938,0.986875766022862,1.29966563794195
1.12771771639595,1.01004352776815,1.30685092446427
1.6051395973315,1.51175699149415,1.69647936800579
1.50481214479891,1.43867393226409,1.66908419827164
1.55751029340612,1.44842745202554,1.68964860082265
1.07400512628514,1.01534462753758,1.30228167560062
1.15340769522612,1.10047580746664,1.31978175655326
1.10322328250964,1.09418348474022,1.29711858391774
1.20919257568981,1.25807625082812,1.44227383804131
1.61209613427097,1.70172774350967,1.82984934651273
1.6416588163807,1.69067293564644,1.80405734625926
1.64371289616421,1.72027793945632,1.7997332247423
0.904422933439055,0.836189289879111,1.10427002656458
0.920947327771099,0.83667390013753,1.0854991266799
0.909871325894519,0.849166318915598,1.12537500465
0.941493245403958,0.885420083737346,1.1778931818226
0.911636952945651,0.852608817578441,1.11170755640597
0.952582225505967,0.887467696717608,1.13789795689714
0.990064943478438,0.935565927185483,1.19822018451453
1.36202287104976,1.31260741062789,1.53176344084209
1.36547995538435,1.32779837691432,1.55146008110553
1.46825917206833,1.35108113033625,1.62935272916951
2.04351064727563,1.89575169741094,2.17962243791395
1.99127884624869,1.85441316545736,2.12122760183229
1.5134543014717,1.40783140847106,1.7008520684788
1.95111123909326,1.86199164623489,2.11796199565536
1.92532105317295,1.84438154533774,2.08145046191106
0.851944896634662,0.799514010623052,1.02797139292572
0.869385044716335,0.808900701195292,1.01478967749136
0.823017791600665,0.779245372261974,0.994632257640818
0.847512872776223,0.810737501617939,1.03611491095628
0.795474173746642,0.752278196191979,0.927436405988542
0.81954906948365,0.780851901367666,0.941347020412296
0.822293150120925,0.7768477529375,0.946189980414743
0.938391566041045,0.861296578102755,1.0338636910236
0.940823473374638,0.857873587200694,1.01622903639954
0.87487012446734,0.85436898427862,1.05429711514672
1.08793672424822,1.0585378006265,1.30092316100673
1.07636793549579,1.02850950507911,1.20030568791539
1.54257927742861,1.53878008039095,1.64263004976369
1.59763397873571,1.54768383775059,1.64978101864075
1.5536965800298,1.48168666197319,1.6497023198683
1.06170757511089,1.03846161566905,1.2380889578994
1.54969667168834,1.56988731733596,1.66709006235203
1.5740523956997,1.52688880168324,1.71330720291551
1.53474027525577,1.505824493534,1.68633316282932
0.771573039265851,0.713259455664309,0.8730980387438
0.783007819236611,0.725218132911505,0.851923667479715
0.776397170468179,0.70905590059933,0.890150311711841
0.809717205094991,0.745272471985696,0.939731136606552
0.778991937916062,0.697450407039074,0.874549965350253
0.79261155529792,0.714332607724438,0.859656045150822
0.833971305837589,0.745788054020318,0.941294207382309
1.33448440470484,1.2771412833832,1.42314785684157
1.35223129113757,1.3034109343461,1.4212219734458
1.35205571831575,1.29187534147297,1.41310014850065
0.786323969891515,0.696145897503699,0.878322338575855
0.804228187801216,0.703600456298148,0.864190527907245
0.810830778228763,0.729266931228852,0.9272285484938
0.833740147188836,0.761240252439557,0.966132603547599
0.843009958165918,0.755759702922863,0.951063169940474
0.879083367541194,0.782185122659623,0.969085361236353
0.912515437117881,0.83296165516717,1.03712872551385
1.36272985026466,1.32519896046275,1.47857707951707
1.43512697259096,1.3238029763486,1.46963128196753
1.39507545000945,1.30419662210206,1.49983946921491
0.825575544358254,0.744603074139754,0.919676135221677
0.851353703551582,0.773692020140916,0.929693860785824
0.813436502473286,0.740600618896718,0.908275529241831
0.832784188664211,0.759433554816239,0.934905803433616
0.810301705467445,0.748564141929168,0.887889992662422
0.86246450374237,0.800739563947682,0.928258014945192
0.831560059427892,0.782531994462821,0.924075615185168
0.834693502600221,0.784655739806177,0.933209545667246
0.852937719838076,0.816320254419939,0.929727409072717
0.902196212307888,0.866696791511529,1.01831496340632
0.960621992365822,0.942643319028634,1.05799016719333
0.935628330665003,0.894157105493717,1.05817244045611
0.950381663998951,0.929649289828206,1.09177105672388
1.03775340611374,1.02874956373674,1.19000606934407
0.973718752828215,0.939637514930316,1.11958879984612
0.969342448098409,0.977437250386032,1.09606104004455
0.984683733902423,1.00958217434876,1.09306326086351
1.03874556238413,1.06432942923126,1.16947143713069
1.1217010437132,1.14134245027902,1.26974706219551
1.1405603899541,1.12221437027223,1.27840947415531
1.23483437587622,1.27801011804034,1.37744673196613
1.11545482223426,1.18360281840994,1.22910310699126
1.10601960482047,1.206343993621,1.22022125407271
1.21575430735395,1.31205673048011,1.34044098787862
0.767988808074862,0.708489518806167,0.826713761972224
0.79593858459544,0.746210042462379,0.83434590256421
0.732184117338408,0.667574452529744,0.79869552708235
0.755566200462901,0.688048615675065,0.835248803737083
0.703997110253077,0.638716888331329,0.756680545092071
0.724606676882159,0.666436537548758,0.762047454360485
0.730975928333222,0.66099412372317,0.779517484293548
1.28405904918446,1.21277156614471,1.3099264482567
1.28664755899358,1.26447389244613,1.27937599494811
1.26494586382063,1.23571080364428,1.29927159032932
0.699061607231295,0.633445360864192,0.752509454739761
0.721868110691031,0.662227577032711,0.765353423187955
0.720195070964306,0.651878176567164,0.789200303163417
0.752261820833957,0.675134543492612,0.829104521365092
0.750811930855863,0.686624326095746,0.814723262914964
0.755085400788339,0.687151783066,0.825864159626663
0.847227516912477,0.777828972806434,0.932034383592129
1.45031427604939,1.16703513635932,1.32059433465319
1.35823974675076,1.09305301222534,1.42851581164751
1.09721896099443,0.887265489108659,1.00054385235857
1.75889956270404,1.27954735348125,1.56063800677105
1.79023182701443,1.31756088518284,1.41142828817866
0.953915934521745,0.839862107695836,0.966753855922313
1.00367628377245,0.89368813626792,1.03878950721306
1.10524975352056,0.938842949037443,1.04938398528208
0.771252588829057,0.716351479937683,0.801532392508433
0.801324769878259,0.747138263156169,0.819265848394942
0.79973653121202,0.752316700848261,0.817989700957793
0.817482616553108,0.769125664086578,0.846164697638911
0.854688250176693,0.815988864228923,0.855618896551735
0.911064044665832,0.869737288348778,0.908675965331004
0.957176787468939,0.918585698716298,0.956362550787513
1.01841699133763,1.13647912030206,1.08265393325367
1.09788813117699,1.11883835502974,1.10436763918486
1.15121672001391,1.06989537938066,1.17338798697169
1.57708277783263,1.46096609877285,1.57459327374124
1.674730461476,1.6461686425963,1.67987619510105
1.63244871310001,1.46918919734362,1.61175063386714
2.28804170553386,2.08648329751949,2.182614567961
2.30417068069474,2.14161038295267,2.29908784375479
2.54204548496017,2.44159693765831,2.74463236092181
2.94248734138864,2.70994258990888,2.81355247766554
0.826279993737326,0.788568908326722,0.822339089747471
0.882268296017913,0.849488864751997,0.870266881472057
0.782103667363312,0.742548700458551,0.78083661720107
0.783570377393817,0.74733168005083,0.787253611711758
0.775666999879152,0.735649876335812,0.772844450893118
0.837892021048736,0.807894003188394,0.841690700622578
0.78508571546677,0.744873811812019,0.788735649672641
1.34083094019415,1.28494820305255,1.31974748566799
1.30057207961059,1.28277934040023,1.29374242064888
1.28552104428955,1.27587592464699,1.30232259432383
0.749556403897954,0.700249638874821,0.738295682100778
0.815002421948741,0.768715631688374,0.804171364097519
0.706670054151009,0.653653266832103,0.698989445425782
0.720182645970461,0.667192016928921,0.718192899571531
0.693842334003493,0.648245119473617,0.696545815671913
0.709717529610015,0.671586350101891,0.722286499558446
0.704647162766216,0.659614633516843,0.707650076255176
1.27265610530864,1.2467454510613,1.2478767906157
1.24694415908952,1.24154012913215,1.24492726766126
1.26252366420491,1.21519055634294,1.27434958780774
0.732164732740001,0.685100353274967,0.73899840735211
0.774440086251788,0.73879417179783,0.793371555793648
0.775226927523512,0.713642831599825,0.775001593106985
0.788310268639637,0.725068979393587,0.784779436881864
0.862231786385212,0.778912017140112,0.860933478510047
0.89607306829416,0.810419184851678,0.899410792962794
0.94844412354981,0.839056915754691,0.935215350709858
1.3212205409547,1.05395104008825,1.28535874539378
1.18535638761897,1.05851891906536,1.22362393479014
0.990096240002987,0.973091033578021,1.15989131917312
1.47340062918358,1.38429209188322,1.7926260753347
1.47300573258112,1.31621983013263,1.57401250269479
1.99310449061913,1.81508320680948,2.06392882425523
1.9450137006175,1.78699813165699,2.04713973145038
1.97783118881682,1.78662706774542,2.07637033631323
1.32148635262312,1.23089336053164,1.60107636629292
1.82471097739343,1.72302954251593,2.09442504587784
1.8034022656375,1.70790330967647,2.10523075482255
1.83792864646828,1.72101186143296,2.04704432823289
0.928796325406162,0.827149794327177,0.926776216282196
1.03048060133636,0.913389233734293,1.02897438346157
0.92622307193727,0.833454764496306,0.930430795987559
0.904680443826258,0.828425447080108,0.907992777949539
1.02350232581089,0.921429479167588,1.03847981108479
1.10959392245982,0.999048199711965,1.11714777783176
1.14869890183323,1.02871916125959,1.1426178661213
1.11883261754373,1.05823445464712,1.16676650149157
1.30061129764462,1.21229899339944,1.33063354034244
1.3098737496115,1.14910922888386,1.50774497570662
1.53703256305893,1.45751971348489,1.70490412011778
1.58802604340129,1.52784121998677,1.84336240654404
1.67484057970088,1.81394846069074,1.99785328308703
2.17143370415961,2.4559892377439,2.45675529322771
2.3095825747166,2.52058471411402,2.6452991704725
2.66318765073245,2.71598294632939,2.93015845893781
2.76447832933085,3.18441159053519,3.14366529251282
0.993444251478305,0.920147606103095,1.0364276618245
1.0933459566255,1.0446076901253,1.14586891963223
0.93246172182447,0.857249329460559,0.975728320448916
0.925207394385558,0.838043386611892,0.95219170949562
0.940416183963695,0.896105458670006,1.01244692257869
1.00576892640636,0.970025157736599,1.08595473799578
0.949533863983545,0.884872615411757,0.988232371596813
1.39371706538023,1.35899426325092,1.44180640213617
1.41268033313699,1.38812594196955,1.41453592624194
1.43701758518566,1.33587117425043,1.45014761703627
0.979468684047251,0.94574053552757,1.06838657528465
1.21118665524297,1.05655920921267,1.18742448378905
0.977105109133543,0.924897764352789,1.043201933283
1.11025621902759,0.914822553541147,1.02298054624574
1.00152753922927,0.973094560539904,1.10518050102656
1.05341837032439,1.04134310664387,1.16905683801675
1.05873016450119,0.998809480996375,1.19098757617541
1.11076488139881,1.03605268042425,1.23964754918239
1.08154672757882,1.00346610786856,1.20434945930663
1.16862155711416,1.10771662065344,1.36102989157511
1.63395690776207,1.58695013451563,1.80587591922765
1.64858842885209,1.61849938762268,1.82242921709799
1.00787107215005,0.998208514916387,1.10623213457428
1.04689757271935,1.00006586134471,1.09398133092981
1.07007836579432,1.08474301488256,1.1994994640068
1.13048113497967,1.14997509570617,1.27981116516119
1.13785534288082,1.1423303211444,1.25283744237642
1.19584150191542,1.17555460319143,1.30486322691781
1.28740352545334,1.29966024569809,1.46681350309527
1.62018525328868,1.54702983709137,1.70235631414177
1.68786470337185,1.67902944499771,1.75375763826914
1.81407699840241,1.87356271285535,1.99684779641502
2.25591031655775,2.18441119989455,2.35826418660456
2.2810598483352,2.36373572201837,2.45515083490791
2.45508407649396,2.5367148367249,2.59060750252796
2.77155848245981,2.83358548329681,3.00649346450667
2.82552600652689,2.80723650862855,2.8785920270917
3.20736861690671,3.40684140010822,3.24902552756118
3.49837762931124,3.75358904090204,3.62526943920367
3.54814528295747,3.76149464493937,3.45769430404774
3.98152914855696,4.15084238430603,3.97685909059994
4.34184837734572,4.50316932794165,4.33849500680414
4.34006300057913,4.4761259816631,4.32029768085175
4.32256577815717,4.50632385524064,4.30283188113171
1.10775750841941,1.0980331100957,1.1582821272978
1.19979208870559,1.17906798721399,1.23588779060794
1.07078258463397,1.04480766456458,1.09435131347382
1.1177616032219,1.06764740038781,1.14796341601725
1.06760885380307,1.02793735631926,1.05289035620225
1.14801455191213,1.09220336815886,1.11809472424357
1.18889034314986,1.05851749767205,1.10793977535338
1.50798977541754,1.0971718145906,1.15304400472396
1.60536048068111,1.14045961085621,1.15889096824311
1.16911308479125,1.16579317085386,1.21824551939563
1.8166696161601,1.3788920819844,1.62535087336392
1.55994856607915,1.38065287426161,1.67836740293969
1.43760702558819,1.37909900926416,1.80830381638764
1.91339611919901,1.73176633653732,2.38744969824473
1.86323320152228,1.764178537742,2.27943111502673
1.55191368730302,1.58555767829579,2.23698233211605
1.59350800957064,1.84650443341252,2.37832393431648
2.11451737228682,2.01982018871115,3.07087970345402
2.62516514615848,2.31602353191945,3.73583449154645
2.6591865409331,2.35109472196824,3.70976731973819
3.12998354419699,2.76259340685916,4.48380890878851
2.5249753326145,2.59572469099879,3.68225116335926
2.51882793887184,2.81337570571055,3.6837575536961
3.00231542258941,2.96884044686757,4.34907973760607
0.970289047713602,0.983895403849709,0.999198801604071
0.966302841582628,1.0308945789423,1.04390071105422
0.976673843823845,0.966130005673739,0.981596525471262
1.06820520377905,1.01611001002357,1.03699898082549
0.93134485112799,0.936770799408661,0.954376549506893
0.942238545512123,0.915223255722183,0.944580597217001
0.949518519285267,0.950729711334147,0.969245491383639
1.12670839313047,1.04716053932701,1.05859600369237
1.08732073608296,0.972486186275162,1.00420001432561
1.58983309301014,1.40784134495125,1.45865799344408
1.54959252350098,1.4004097723631,1.41226493578251
1.58049286516345,1.43460011087975,1.50426598029597
1.33641569164287,1.01610163510534,1.03311230967586
1.89409038724513,1.52155910985422,1.48382555268574
1.86586062609922,1.52600267407128,1.49108482710936
1.4734010920821,1.10236976483225,1.17816897162473
1.91288124339962,1.62951988032138,1.70121648825204
1.93340719284102,1.65386264945622,1.6795488230736
1.91480786905834,1.64205410614459,1.70619442502909
1.03422535007675,1.01640534916754,1.03393446281313
1.19076395482375,1.15197026638379,1.18126651392599
1.0860859044435,1.02651787962671,1.04828230383228
1.09186758311157,1.01906099998408,1.04303216958541
1.27273654614466,1.12948415570777,1.1707970230174
1.40622249514354,1.2204370238883,1.25171428211476
1.595158470562,1.24004641433399,1.34728298430358
1.92948257161351,1.51530367429315,1.91696506441735
2.20500923382649,1.69520984214843,1.69977372830053
2.51269783797529,1.98686270559016,1.98215149882333
1.8881161163892,1.52085252225562,1.82018421821982
2.31495566398634,2.00412477906469,2.31614413777382
2.29832417239068,1.96521244707,2.30346696943301
2.33180734408245,1.95685848432406,2.29700328272129
1.17012220347251,1.13101476167899,1.1675076506067
1.31115599221499,1.31969579955104,1.34961298495123
1.04277293207005,1.04595494406741,1.0722426103065
1.06937176499635,1.05766443538009,1.08010203592522
1.00867872047085,1.06064061194277,1.08635640231017
1.04526229446375,1.11591306540618,1.1250912126484
1.11723360919212,1.16468690050762,1.21144127287129
1.42931176938285,1.50706632185167,1.44784869143076
1.34328412079725,1.40640104608785,1.4522778117826
1.37041239581093,1.5001872249132,1.52146446346908
1.82818349860367,2.16962942869629,2.01507557972118
1.70950165335609,1.80567083997104,1.88643836615964
1.86282909034572,2.00497982511574,2.06747110986261
2.09530728686456,2.23783229427777,2.2848252754112
0.933886727434035,0.974018829853221,1.00367564771326
0.93077165686866,0.933897358993605,0.977751269397633
0.970054982593695,1.01732269389304,1.05568456927128
1.08552169938089,1.1326252050246,1.17707549417019
0.928643539498373,0.950757689043842,1.01056207493933
0.936319149202233,0.939106832097948,0.990249975474803
0.972357089756756,0.949975709394686,1.01826876634571
1.17697922016189,1.01892452081626,1.08077759239424
0.927457031018807,0.893086710605778,0.989025394990375
0.940693853687481,0.898262198606674,1.00263519782082
1.16569469508255,1.07443318541592,1.16436270934163
1.63728015428983,1.55198173370998,1.60399228912647
1.59501147754871,1.54988691416787,1.5782166970325
1.64031772633358,1.47629551531894,1.62416884838582
0.939529010606768,0.98546144544621,1.06531514069824
1.01723362085635,1.09038729369909,1.17497471588433
0.929266076688415,0.955324503817003,1.04635610750132
0.931600289015506,0.919190944397566,1.00915936689821
0.976057553809894,1.01829824503964,1.11595847809912
1.03272721007403,1.10450842864061,1.1840762330623
1.02354832985991,1.07369376363046,1.17283704224723
1.14116565907822,1.10076672491225,1.20605876730077
1.15919003671059,1.18832516466442,1.26788438565156
1.19757508383463,1.20721189960613,1.24595702452722
1.49787135170684,1.37518275285314,1.41500716379914
1.40381634970482,1.3387919770091,1.32574984443693
1.41392872515139,1.36469660357814,1.54695473532077
1.90724868900266,1.81168471644451,2.02111398828395
1.94692491656972,1.85266956615594,2.0965736887955
0.991971245335412,0.997902222189062,1.10991015860873
1.09627167873467,1.09774915383438,1.20661835276764
0.971838160799144,0.934657198010754,1.05677912980026
0.98483359783954,0.93485893675425,1.05129549153733
1.00084332310516,0.925129643187253,1.05422481013754
1.02852532270158,0.949667254595687,1.08085246967984
1.07078587777152,1.00233845313535,1.13309608820297
0.990580220139096,0.866113883057192,0.987145206858372
1.09684519019034,0.955868215177954,1.06794038860365
0.98677168571161,0.825588000223575,0.932876987776773
1.07443288210468,0.901918421741117,0.990143849742202
0.968668468833863,0.78673311328064,0.883916472563046
1.05707356715542,0.829110217483525,0.896431063469009
1.02159308190303,0.833604614520568,0.908976482812027
0.86588861652532,0.749233401309189,0.880611796537823
0.909888709415418,0.819157903619511,0.967302366565057
0.800985154870563,0.7108172996275,0.845491607083113
0.823091377833481,0.720254300814784,0.832005093189416
0.773180332638433,0.730025660342332,0.877480823551341
0.816394397294059,0.804326213460415,0.943356029482938
0.923960137170526,0.86916798487414,0.989570351468722
1.41138167307585,1.14371879188617,1.37374799874639
1.32810442663183,1.16828852865383,1.500540703498
1.26851560521677,1.19730490632314,1.55016481425721
1.76473524573707,1.60572312145985,2.12481848038693
0.707153567898349,0.67525268462157,0.831246774595303
0.742070199113195,0.704661868818623,0.835853338584981
0.698584051643033,0.684766814358371,0.850221780349812
0.768842146078649,0.752482102264374,0.919782445067814
0.651787866894169,0.651254445659991,0.812991513037015
0.647630252958351,0.656533893868198,0.786397033590524
0.673046805208006,0.681062290895408,0.854821221574834
0.728221130833622,0.743040986204552,0.87580481821536
0.742940289283493,0.752057899515867,0.951669325473079
0.661847365158073,0.678503370706855,0.853242056806412
0.74951090867605,0.988797139403922,1.36840839313886
0.885393933597333,1.40840198070478,2.06645955003484
0.822039566742244,1.04338275095323,1.42726644001128
0.992005260278364,1.47185401401434,2.14047394362674
0.812228311552454,0.838008520081813,1.01331160063393
0.933344803739504,0.958117325574211,1.12934065696854
0.736378797235169,0.962901690441033,1.3910317362561
0.859072266591511,1.37519139368505,2.09438906171405
0.803724203219971,1.02890968792736,1.44339172647316
0.953836041002992,1.46209617650363,2.15666551115704
0.66299926187564,0.655283846101428,0.833982573984542
0.754863299409011,0.732069518593753,0.929009559907818
0.633256185995198,0.635557699696181,0.804850560131524
0.639929518970393,0.652463878426693,0.796340561788693
0.659761376461101,0.644039615672347,0.835259157958629
0.702220157659872,0.676443706532834,0.879944171454594
0.758547217854214,0.70904113927925,0.897909742221708
0.972750675138322,0.786069265416685,1.17182784271304
0.937195525527382,0.797084782675796,1.17089139183171
0.995047451831884,0.805217248632458,1.12726899613947
1.78793371833517,1.33033066820808,1.73398149219621
1.35170759560475,1.24554887972689,1.64542235301391
1.89993449637598,1.80400849668247,2.07767478743361
1.59102751989452,1.34428525878112,1.99544862419554
0.632759322718281,0.620415734177818,0.826620766776058
0.664204016775268,0.644858244446965,0.838752724730014
0.657458278174425,0.633520113354514,0.864594512935619
0.719304421662119,0.689950542385059,0.916406582933166
0.653166151036689,0.625206728072073,0.868098426245228
0.647418868096528,0.627248230983524,0.861533203301346
0.723738923505033,0.675230751451564,0.912094318566861
1.03173684788567,0.783748494742735,0.982323107525408
1.05530020960373,0.811974684635138,1.02850960853266
0.933416509036146,0.774934652318637,1.10101909056247
1.21327003911403,0.810750384203033,1.24595040692019
0.69508274331322,0.655388613573551,0.907956722705626
0.81357765946655,0.729685574257117,1.04459422709461
0.668992628065676,0.653619989794528,0.842757731815494
0.673048166971885,0.657244538326154,0.815103095854132
0.709292361795623,0.688132337434532,0.836667190512073
0.789997210965144,0.73141438577617,0.859792344485625
0.788976704929887,0.751987567726035,0.921997606046241
0.928930196998968,0.779590892462077,1.32860150748438
1.05755539398944,0.831714420817817,1.30667965500423
1.42886318457848,0.93966016233596,1.7510602381154
1.09895787782433,0.788633183765039,1.27599275368745
1.84063012809383,0.927861571448355,2.37453175131867
2.28767780829338,1.13478611057214,2.95494869949331
2.02925119638281,0.971985486006151,2.51604749742965
2.53499571231548,1.171736444935,3.13354087720355
1.72398008992979,1.02531166534336,1.91222624712601
2.19646577657071,1.39572640624993,2.22486353279448
0.689344387320342,0.676917815574314,0.800423111602733
0.719743928486225,0.707168922754308,0.835458045270638
0.733410079964796,0.709756452454556,0.785532566798701
0.796658994552897,0.771973423344978,0.835225749368505
0.823828193373002,0.704247298387513,0.74068566720193
0.866339784783214,0.723919056219736,0.792997119456463
1.04926780333711,0.756822164006248,0.884506223566206
1.70569053605686,0.814320566419507,1.38209699067498
1.47434001656751,0.827087174504739,1.42344178895993
1.57639228138592,0.801695522865817,1.04300197405874
2.55239247759091,0.887782021408238,1.69061701095352
2.88049088046382,0.947742959976953,2.07586212480718
3.57038667848302,1.01481428249202,2.35282880304849
4.45734726604255,1.14963378715565,3.03313471222871
3.74780219286455,1.06854941051645,2.48157963601104
4.93521444525867,1.26562301887438,3.30465906686256
5.15968562733985,1.43763607311325,3.42068985497349
2.16213450849426,0.904039384662351,1.63218113346119
2.37418117387174,0.970325642110061,2.03509690537291
3.16175142096458,1.03643783988099,2.2478211833784
3.78920273346301,1.18340763455962,2.85464946412634
0.839062646974905,0.722721189066639,0.76079149599794
0.939893045944039,0.820985872216785,0.875295109910484
0.878244796231379,0.745929706614691,0.857665954530451
0.928210210300387,0.791927433077704,0.914294914843457
0.950947793104119,0.806224370500149,1.04881161072063
1.11871881509416,0.950389587375818,1.28920360598322
1.04870122870302,0.92491048049292,1.25363830562141
0.8391359086334,0.683613043724568,0.8549380684682
0.875967099418393,0.714321380257375,0.893376661064455
0.795589198061726,0.686703783671083,0.804124538583209
0.848381374738287,0.784329724552734,0.923735595537307
0.756653731665671,0.649235707272218,0.719699641925874
0.689803827791739,0.625741231516071,0.66488590522713
0.879233900077276,0.738838711053111,0.873257675566927
1.5485910648916,0.813301112547289,1.26742472265055
1.48806667478067,0.808478728428637,1.1218869746181
2.05054121945427,1.33763494962481,1.65340437470846
2.03613976170177,1.35787132747802,1.68329720058961
2.04111395312372,1.30089005246601,1.62279788730683
1.43430326794611,0.822587556102696,1.43220374478821
2.00578528907623,1.31919933272535,1.93152042901024
2.01553797908786,1.37126233201382,1.95774224547105
1.95112409193599,1.35024846305277,1.92793328833102
0.801843764293965,0.652214230730221,0.702430217605075
0.88815867747986,0.72695773552289,0.780430027149753
0.799023544841719,0.636024903629547,0.673902080844784
0.786318595844995,0.642437995928096,0.688083228981391
0.849780988050074,0.670233637345824,0.704636292739412
0.972306000963754,0.759306539968117,0.794307461732551
0.949725361394771,0.779139898658978,0.828415957894013
1.50514933683079,1.35127115574279,1.41258804722565
1.50838528875501,1.39995258927685,1.396529895584
1.44378074390198,1.37926200614441,1.44256803708455
2.10169747803841,2.00391239182986,2.14209133215748
2.10634112535462,2.11423002022171,2.15533150101418
1.67235967039579,1.77319444739212,1.68699390195997
2.2389295748196,2.32523135726597,2.14505564371289
1.98106125235364,2.06106593082944,2.06801308065378
2.17043976322233,2.44439097046105,2.28555487853529
2.70233364560501,3.07113901251806,2.89318380235243
2.64757879406109,2.8813719745189,2.73809280102269
2.27974276436601,2.60301552705616,2.47597456725152
2.58565334381191,2.88119961374841,2.77064299964672
2.56304454967431,2.9084525980104,2.75131636486777
2.53072176185371,2.84602487884151,2.75743510218671
0.775491312026313,0.618697605186066,0.643030425404873
0.803933590553892,0.665754995582771,0.693773786586604
0.742942989039521,0.598318252947974,0.617796661485594
0.784441060149756,0.637762565203094,0.660419670670709
0.683627735151618,0.566251341606884,0.580056918437949
0.666455565172645,0.554838448954454,0.572728227603043
0.749824625019333,0.635341715201947,0.637296629206059
0.890914196184245,0.732057629474269,0.715881686469103
0.8826067296599,0.705092906664451,0.687550971705501
1.41351274482451,1.27331397046098,1.24494680284604
1.40125221053397,1.26426734802675,1.28545355108077
1.40706183618243,1.29884192784918,1.2512125082033
0.923567759248199,0.727188097927024,0.717129910518324
1.3941265823985,1.30572068163061,1.28671025090947
1.43880397294993,1.28977075428627,1.28815405938605
1.4788109281407,1.28334252974141,1.27144318014619
0.652789759172372,0.557274193990614,0.573076215035031
0.730867107984593,0.639574747324255,0.650758125401168
0.60059974934952,0.527229436613539,0.550199256979005
0.622893407359301,0.549987978500689,0.580173800279883
0.565922002297581,0.517840842840554,0.535959521147144
0.57323710155802,0.546208298004049,0.565050408529741
0.632025486025302,0.582289373248129,0.613303276966558
0.724988391837578,0.670634126256763,0.722417157883955
0.719243076631663,0.648508510015768,0.687053481156114
0.62599920106934,0.585197232889957,0.614841273105408
1.06668233760625,1.13744502373637,1.4299331917842
1.71750950347658,1.87737571915398,2.28908992340901
1.11259245068631,1.18450713971444,1.48907302886757
1.75909435388913,1.93343214103217,2.36485668351583
0.803161666879389,0.744621696252425,0.792136110323308
0.925419061711888,0.859515628099727,0.915684640992587
1.23365063700908,1.29734090068886,1.28401098374767
1.89641836841237,2.05598728481652,2.14234147671896
1.29567752045541,1.33774687362768,1.32046470207207
1.97572944972224,2.09825749761961,2.1704716181195
0.558681553266765,0.512018776719936,0.520603475012781
0.630206106213816,0.565953785625911,0.583048931829465
0.568632277926651,0.542865135744057,0.540743541721118
0.608968665867096,0.597983764568018,0.594632422472144
0.596035297311036,0.576901530320284,0.571748516213911
0.691133620973943,0.638954852549054,0.639974773156749
0.700145911889908,0.671388485901638,0.666722865742334
0.524663010407365,0.570017512850284,0.54791999946048
0.54867971698123,0.618367508693984,0.601445559440668
0.550153511636603,0.599469554770312,0.566508066437695
0.63362126146584,0.653905734982827,0.625788780198064
0.53828641854035,0.618552152203746,0.580209210121195
0.549724604634208,0.639941662171948,0.602464540417959
0.567018486448016,0.643746867660083,0.605572178111507
0.638855863550451,0.721433725046627,0.697998782783596
0.622245336030809,0.704564133709006,0.668208588678897
0.604548259437053,0.695023067005022,0.690595310146133
0.694477163429458,0.767173710875472,0.779580596709279
0.678757400066836,0.813851147736303,0.83442698287737
0.685780838473173,0.812115774920912,0.824742634570897
0.802659084206138,0.942624437672353,1.0080217299466
0.580400341088158,0.659487978744679,0.620663414684191
0.645239604994456,0.710813654916481,0.675167115921872
0.613408445507693,0.695254261462182,0.652877457364329
0.637552964866849,0.724877679588609,0.67957992861823
0.678701717305343,0.749716299494713,0.70644323690513
0.74103682449996,0.806718220826981,0.75776338707389
0.745323396890349,0.824087583917911,0.779973375573093
0.853009743269469,0.91920823668714,0.875872529143124
0.797177190203172,0.869422311555653,0.831528464575748
0.767029671558661,0.844787958641256,0.796143018527778
0.85651747097054,0.911526614202515,0.880145520741624
0.717479892598527,0.777134585635063,0.730274939305314
0.863794653661645,0.912374408128955,0.872590624013693
0.706430957642014,0.770995838321097,0.705795433912926
0.742417285484536,0.812846989275278,0.743261665965518
0.778323947536415,0.82860443802946,0.765408146561971
0.828612556841043,0.880903887653683,0.817732542897572
0.870038888064278,0.914955683328449,0.864253364151758
0.935184202544984,0.98090963871632,1.05447790812519
0.986086117440518,1.02700385796657,0.987053514212688
1.16175179711284,1.16942635886456,1.28906982184894
0.963639053340182,0.986918896070956,1.06250048934855
1.28839254758887,1.29684627929667,1.59039920879358
1.56622381745125,1.55019380263963,1.91611607275476
1.36151292412523,1.36524068456317,1.75482149923428
1.6545473348939,1.64063904420328,2.16948227090495
1.28041672177326,1.26484664832849,1.51272709350274
1.65319669234818,1.5833168075384,1.86655961757248
0.837950561635137,0.874773423828923,0.813635272477369
1.02840381989848,1.07447266751179,1.00314881051631
0.808411726181442,0.843684926835917,0.792895804729386
0.824743472586132,0.885556856877613,0.837552760912565
0.895006624982373,0.913253644528401,0.874539994061944
0.969341557641838,0.985138645073476,0.951196249540623
1.04585245031181,1.0524838064827,1.01001568455495
0.846044020517545,0.844336556226418,0.833312346287155
0.961405902270523,0.981012572365562,0.97798711590684
0.792797699102866,0.765316807489498,0.75656244665436
0.818815944646338,0.811271717781091,0.781441611267626
0.813339359481434,0.744685140406801,0.773258811514569
0.841822624838592,0.787630349647889,0.831142706703388
0.966336183549763,0.861144794245325,0.892410070666183
1.59201928123607,1.1102022667196,1.27626766455788
1.36065767009088,1.04903962806203,1.2245460723475
0.904869099563227,0.897716882247742,0.907496817321229
1.62032642367518,1.48323478601894,1.53231713350844
1.53248386448598,1.47496303999673,1.54125357441113
1.27940387206899,1.09797985664005,1.09860658648066
0.967114768530917,0.893000825956905,0.870887463711858
1.44792988689096,1.43019244856393,1.39569335393549
1.45428972548009,1.42283903176115,1.39740103526044
1.44792667378742,1.41053398047018,1.38993749100117
0.784979011294729,0.697304358248268,0.733151093777385
0.84981894446688,0.734847710614931,0.760230238288079
0.782484418016966,0.702576847139181,0.754118426652885
0.830713091354076,0.767808155555863,0.825504576701736
0.802418551069702,0.697853925707995,0.750603985201453
0.87650123077386,0.720785970151153,0.769182476455114
0.834081209763654,0.802066718120297,0.805519879919795
0.912758350370196,0.941117028895146,0.865838432222733
0.899037059717479,0.939110410940631,0.902480547225747
0.993569206416383,0.932716407954658,0.943678290016901
1.35686020800953,1.39803310481215,1.45601038495037
1.21239821160312,1.2553698658951,1.22511656551195
1.70040871793679,1.76449605228989,1.74329207536397
1.6972637339747,1.75926418437854,1.75489825910099
1.70886833646938,1.78709656777157,1.73531049086456
1.39447439331501,1.37850783393429,1.39876831821107
1.85976310431911,1.86123745084219,1.88617267471827
1.85730806000323,1.88152347996239,1.89169796073405
1.89699470569637,1.89647687856781,1.93373626828338
0.828844551344133,0.704941828183818,0.770695053691778
1.13229302311037,0.906769897279309,1.01700098917528
0.649308148514623,0.604120109558494,0.621544778089067
0.668584017109285,0.609790365045079,0.628921540832236
0.659021746860616,0.646587350137339,0.608031054380755
0.724007692362657,0.813983529255962,0.669857754724238
0.777292705166264,0.843054538144442,0.725642067639816
1.06843290162575,1.4658070959556,1.09697046545381
1.20415134523541,1.49670172632812,1.06708279294357
1.27197721053874,1.08356825167082,1.08175971330526
1.73197075830471,1.49635019201983,1.44957306904505
1.64387769104179,1.59561189222681,1.47766182363509
1.59127336426784,1.30079310112008,1.3193776299688
2.39482308769992,1.70309596376997,1.94461149994909
1.65976774444495,1.77911167497275,1.59047805141297
1.94376266157988,2.07387042396215,1.96271647622976
1.94103346700659,2.14029574939037,1.84508614005389
0.625452164635753,0.536801404529779,0.567137547160279
0.647360941377943,0.560641682778312,0.62459116092295
0.696429123772414,0.585092540108346,0.621631036336607
0.816608841659637,0.740883688332107,0.734989861097715
0.705902605617291,0.558523589566727,0.638558396317851
0.783914027683278,0.616162845387894,0.703043279913719
0.793107167343285,0.672316664283366,0.718526310640043
0.66106472399991,0.533112836811352,0.632902158151078
0.739751402695072,0.620315406476773,0.724986931641914
0.636224360079559,0.519692439970031,0.607156264707749
0.668212623792166,0.557431978984589,0.613774522941403
0.651368924909909,0.543829181989005,0.618927822500145
0.70567307254127,0.597663632345508,0.664438601293241
0.739516577799863,0.621841905694452,0.683418677504904
0.882126888792146,0.771577956796332,0.758899639900127
0.874833810898381,0.756513276767501,0.756348808402001
0.718062323642505,0.618478856390149,0.697068051204528
1.28912271003718,0.738509449237496,0.777978282858802
2.04861112664737,0.893096814878171,0.893213339062975
1.37520486882306,0.894656882895062,0.873022960916856
2.13566859863124,1.10639121081129,1.03061711568383
1.00192373220386,0.961825267449262,0.909563686272513
1.24319364195707,1.23206489702282,1.08803136225257
1.52760448439979,1.44627163581084,1.48867013652941
1.40938830385825,0.802551455479628,0.832365621645466
2.17626934453117,0.968531469951645,0.969150706871987
1.49754731692907,0.963332590576395,0.931383615372223
2.28107732620936,1.20496573520904,1.1233544824402
0.622903820144708,0.5343534727087,0.592747087232501
0.666072772593252,0.602821466562184,0.638232597805694
0.647965263504245,0.557325209437661,0.608352558725094
0.737040583426665,0.634039756048116,0.687856477411197
0.636582375156907,0.555327171194627,0.59218594335638
0.671307116165991,0.587287593510723,0.627433038446622
0.722857574273221,0.640526125172813,0.682773702762041
1.21343443406915,0.774003346647082,1.0942607860567
1.1266527263141,0.724897282081084,1.02504174155504
1.47544693893841,0.821906270689617,1.6348499773985
1.90260451500462,1.60303331151065,2.22963669821825
0.612459373448613,0.543728369517708,0.584810318527223
0.658329406632733,0.584992596044434,0.667197998324169
0.626605894058741,0.571343506822738,0.635152721237443
0.679584685382052,0.634484836054871,0.712390858983687
0.643655287286687,0.591920907395756,0.711141451715613
0.700850624883362,0.626873876022428,0.774935609671424
0.730182710519616,0.705806356909938,0.891064889516426
1.03318282140059,1.04019746420765,1.38177782846198
1.00375167511878,1.14594554772313,1.50216841236879
0.944810302002079,1.15816886674468,1.11307664881228
1.25002427838036,1.67842965801313,1.54277927019959
0.642039392587844,0.596095094543908,0.699903420794409
0.747144638146531,0.70654299296268,0.825634067403735
0.613710233528287,0.586095033039582,0.744396414820908
0.642948467300987,0.634336423570921,0.886353484093783
0.613959382858589,0.578951356277328,0.751608709574164
0.632243162782685,0.612545522650731,0.79701390324677
0.673474322790439,0.596034840171738,0.822347478097256
1.11470805367089,0.663048741947236,1.14888772194262
0.931784537996327,0.6440235292289,1.26155501159854
1.23848291338611,0.733315439031476,1.94930322568345
0.987724153615884,0.719047028752838,1.15519742433108
1.61359336181491,1.29739327498976,1.67512309166776
1.46173733187164,1.29685990228704,1.71591894440855
1.57405985342104,1.28948525304921,1.66541920688611
0.601986803825365,0.58564240384682,0.716462190570489
0.646917395098091,0.639333445156611,0.752774576105363
0.615914514039557,0.60074175311671,0.718880413693242
0.656764822888335,0.638599168858852,0.768257281208761
0.645686942962597,0.646633241846268,0.718039233853934
0.698337896563192,0.703160667422307,0.759064534683205
0.875432052818531,0.879982302059054,0.933594489021714
1.39897650842322,1.59962574133417,1.50719641824663
1.57674225846009,1.46821362363909,1.69501178036867
1.07491879155873,1.29449027251645,1.19076351146635
1.76793857646085,2.03137543238502,1.90142498196018
1.60234267458359,1.89273673440895,1.721434953106
1.38370807116326,1.66670584062238,1.50682215724272
1.6863190987459,1.90649813417149,1.75381903358624
1.91736106091621,2.25220752831145,2.07418586616091
1.92836070344697,2.30243568323261,1.99033793647762
2.22268645536948,2.61745971451934,2.28773385215616
2.71292371421819,3.00335151106772,2.71551907054829
3.3255323249942,3.37903504873365,3.28871696338041
3.25513750125386,3.21711264884535,3.26905992915865
4.07950822530939,4.04596653145635,3.97303280129008
3.39012413060186,3.78322305920649,3.3900428326644
3.46682737187954,3.94585332742848,3.52706374274229
4.02203680840247,4.3548909693146,3.97364444161085
0.590233435700391,0.59517049884582,0.665615605147039
0.666683895464504,0.652538352806063,0.737537386647893
0.565921230975371,0.6004154641805,0.646336781608261
0.610042366471874,0.662672487146101,0.685505561670314
0.564130006558842,0.60470918024847,0.672269015610092
0.615654006596481,0.639065990397432,0.722434271716093
0.616517329140445,0.665948462906772,0.744560904176598
0.691484036380396,0.744283328269731,0.796344609491234
0.730555786335137,0.766638163153005,0.857378937456039
0.93381081807876,0.788212655310915,0.932356450728722
0.638421687047559,0.649386745275385,0.770883757270154
0.969150386631238,0.807953715154821,1.00574203892988
1.28069555162206,1.02333913379955,1.24939451751641
0.796478774935726,0.737256837446962,0.933748638971615
0.916660768339358,0.841757862463835,1.06210728827068
0.744010820118605,0.744912772893525,0.871185804278511
1.02924414081985,0.96894940186168,1.05620464625096
0.550691161289237,0.609604232324313,0.660620266237379
0.599729463258686,0.65597058042504,0.678136398881707
0.553431236187246,0.614120690644515,0.684534504776367
0.592262202392794,0.647410771200701,0.744265440013688
0.558389129149508,0.613425084974001,0.667468941532327
0.586056962356193,0.629554295529779,0.666095665607516
0.650448097426311,0.706572587964996,0.752329763291198
1.17702259573391,1.19199478683501,1.3152937193816
1.21072658363761,1.24882807406028,1.23887156695169
1.19770337656035,1.11349534699308,1.1482908233021
1.65141101304117,1.6848540678379,1.7297151785167
0.551647697197157,0.608090660956365,0.680919980314312
0.617815981430216,0.666969754909985,0.755819074516618
0.552101443178892,0.612169731019915,0.671675149535453
0.596579610313413,0.658599202469677,0.690036498929712
0.556558654640515,0.608293041741024,0.679055919890339
0.588759295200811,0.626356289092446,0.729080187849806
0.597105472203875,0.644829420423063,0.71154574494762
0.688748926457515,0.737842964113693,0.817298471500747
0.683301008551735,0.758956183857648,0.809335428516886
0.681411170974474,0.689960935628701,0.768223552037179
0.958127096033887,0.910149928452018,1.02435810949265
0.897618271074129,0.882021073961867,0.978068221899999
1.46048554811868,1.42325084287304,1.46914832262597
1.43134295796698,1.45075415247556,1.54242323718364
1.45289368403967,1.41884901829065,1.51549714816147
0.928007040103445,0.920913668598301,1.07535700037694
1.45745371452667,1.46135013632601,1.58684059598222
1.47550568568704,1.43637595847732,1.5956292561004
1.47662150095923,1.46891259830427,1.57932616195034
0.566643629026048,0.624632120431087,0.669674596716702
0.60657463290329,0.690073124264887,0.689374221739739
0.599594502500356,0.629646129747968,0.698470325328292
0.648682871615545,0.653164647503566,0.747238088576714
0.628682352051244,0.647727427065396,0.70168439190697
0.665698239020121,0.679299474429445,0.707555571887758
0.72240124752054,0.745087824170735,0.794046671387302
1.26160739410864,1.20667122208815,1.04686995162849
1.23532571010082,1.28841136338275,1.09652853511021
1.27836715965561,1.41585720745074,1.35136000398294
1.7510185529592,1.95712740245765,1.78881893721908
0.633114906685614,0.638472944001063,0.694566840753847
0.689644121880163,0.697729294714501,0.745698296289043
0.636723246969978,0.632913965314262,0.697110465586824
0.660924015965724,0.670372098364512,0.739644566728186
0.661488985841479,0.63781875748409,0.703352211249044
0.72182918551311,0.690132887908562,0.778311008814905
0.72963057350549,0.67220181402457,0.73871036949889
1.00181880861859,0.865215603684423,0.994588916831421
1.06131568784408,0.901914074181707,0.997012671120152
1.05417600964366,0.885269899245641,0.87656982790886
1.41641349160916,1.10983007994644,1.16772048133375
0.663921468438669,0.660356103511371,0.734395985960879
0.706620620675148,0.699032379270493,0.792193073361649
0.687419382827354,0.707109142308865,0.778824411888848
0.731897935056882,0.754926484905819,0.810699065076758
0.719520681936967,0.749883289618377,0.835996620697063
0.726575922725102,0.755410852940108,0.837089759775193
0.818881433967955,0.870865711003529,0.982033733011409
0.881500862282797,0.930680900019208,1.03382911635727
0.862725762717095,0.918225854588008,1.0303867829049
0.912223323592265,0.982542637929491,1.11513984995244
1.39497704216455,1.35378193723009,1.54833515420272
0.719371134596532,0.751888485027102,0.824602657251771
0.776161618979512,0.801038971435385,0.862409111603716
0.722023739651528,0.760384225707494,0.833606561784975
0.764414100355873,0.808068124922121,0.883732967282007
0.733848671655737,0.768975291813015,0.831474884375451
0.771711835873462,0.801941594481087,0.854127386694148
0.738401429125072,0.75496896582275,0.810490842115248
1.02767738267946,0.809317370671456,0.859002928797171
1.18997804830131,0.769824875523848,0.805078981274466
1.72742595462343,1.27652439449257,1.35930563775734
1.70826111371164,1.24898953794363,1.29611329288978
1.73598187120074,1.35145531026304,1.29473016990578
1.15119202616828,0.780011295506748,0.854305560200285
1.68430327005287,1.31764091221958,1.36273156888058
1.70306587137464,1.29362150726522,1.3488970638497
1.6709960645486,1.31859874345867,1.36729042713939
0.766089678470531,0.818494862122009,0.890253430242392
0.81003603604003,0.891694672747411,0.965329010843223
0.797620925656854,0.846774732891953,0.904765915227187
0.830336293573936,0.863245311438317,0.902178418339004
0.824446566978458,0.898267086903353,0.953509146808799
0.828382055657617,0.903048064036668,0.983639767547084
0.908884938374797,1.004926432023,1.04363818163419
0.960504837418528,1.05186234408477,1.07280353758056
1.00506418149516,1.12212791054438,1.14809834542485
1.49272017852987,1.54301149476971,1.57183489011474
1.47513567784987,1.55607828167354,1.56986725464006
1.42730201668907,1.57042697086532,1.5768187852965
0.978301397225733,1.07222678981489,1.11377942327113
1.11632668030206,1.21457875772016,1.28514763767058
1.13391036963421,1.20024953127223,1.25790263599769
1.1290835840421,1.23493559748473,1.2983476577997
1.59039224464371,1.66914342463785,1.7395025437776
1.60266068795305,1.6703138221511,1.72369042658423
1.57993260408057,1.67039216041724,1.7376118527626
0.822180957641554,0.89498988736786,0.929967913211231
0.860383832932543,0.925676930666333,0.933689761748506
0.832311835064109,0.917267358490479,0.966386445312145
0.858818330887225,0.956227798278061,1.02585191709834
0.847026929223383,0.926897984367934,0.973621577112972
0.884851744525711,0.964479416056851,0.977861705721906
0.873521437494648,0.924173211257231,1.00240963100423
1.36603008255422,1.38024303484403,1.50437013376231
1.38542755700024,1.39886250612339,1.40314586819164
1.34962847312988,1.39297782944279,1.41647441971759
0.892358081668239,0.98953552731524,1.0440475925777
0.944597226630866,1.05437237401085,1.10461438866292
0.94449484488848,1.0486683241155,1.09827806779896
0.967191149557259,1.0749718536223,1.11204203332847
1.0111490640587,1.12909271891945,1.19208752786402
1.0366526013917,1.17266404192754,1.22897014031082
1.09528479148793,1.23423673600944,1.31411277717797
1.39760943414933,1.47356046757844,1.61542482452192
1.38495577115888,1.53405154166257,1.57044704731181
1.48890009673308,1.59875558795283,1.95316738090983
1.95039711304844,2.04694345716025,2.41083712516093
1.92626721785693,1.98100405894749,2.44639920352914
1.64007114552613,1.79101479804742,2.19011943924005
2.07444010581358,2.19882743935518,2.52172160181122
2.08279755584545,2.24341289257229,2.62346787971635
1.07654719126822,1.17186717276378,1.22326871432878
1.13006864777335,1.22014980091826,1.26349904618079
1.15461599382361,1.25124488719226,1.2896279594063
1.18627944713548,1.28877324879455,1.32521418357011
1.25890247103597,1.37038350233418,1.37797244567847
1.30149265062898,1.42807212997353,1.44124600954021
1.37925270937236,1.46870545203619,1.44139474831246
1.52963461915692,1.54419079744005,1.48665533417803
1.54263840424486,1.57162743566909,1.49301880320218
1.5656343052426,1.6758584249544,1.62035773334278
1.86650335085225,1.94431519064205,1.83483871614711
1.82667049396761,2.14504526457555,1.75739861521115
1.69672784568664,1.75366678961059,1.85540934221514
2.17166248457434,2.21926553494291,2.30684618765884
2.09273899954201,2.20880112291342,2.29548883480029
1.32120783668381,1.47079908902817,1.4812066946309
1.35011559735939,1.51623633800555,1.51035613183021
1.43336899368965,1.61235825336965,1.67778847286478
1.49779817576479,1.68869672243793,1.79590394937961
1.55630329773792,1.76580654422938,1.86087952903224
1.67612754194158,1.89290243748886,2.05968833614427
1.78192368915586,2.05083577068754,2.03300479132767
1.93410721759142,2.1556912141916,2.02033541065885
1.94573594445946,2.29737504547432,2.22396613758569
2.07458561747788,2.46713164756091,2.26734423519492
2.35066561590436,2.8366413908086,2.47296568873636
2.48957235189111,2.93894453577719,2.67260108455388
2.67009506387537,3.09838944265948,2.92806250025739
2.83219205414404,3.37617811632881,2.92344868872857
1.51369791903462,1.67230227057346,1.84836970952897
1.71581930191879,1.81600830026998,2.06718998481398
1.47426929677689,1.56548507326917,1.88809998279448
1.55134492302147,1.55856821484481,2.03911944880176
1.56174015740381,1.62107131198035,2.00574996462415
1.64752991066863,1.67962351257063,2.21452283696187
1.72056271192955,1.75882638679427,2.23979577829743
1.49433986132342,1.59360902220813,1.77222902414831
1.67724630860622,1.7911998938454,1.85655343445797
1.38541591577836,1.51069999776841,1.83551566486359
1.40878166834993,1.52558001836005,2.14207147131339
1.38496831043761,1.56233769363249,1.78951365769697
1.51028339326989,1.67796195675371,1.80515222498052
1.59549079736636,1.78745967260562,2.16404998018349
1.93164681824707,2.13927819357235,2.4259863963129
1.79074344340771,1.83386186289025,2.32307024624665
1.92028443083414,2.19663965619947,2.46532740206479
2.35323399206214,2.62322280645045,2.81321014557661
2.48841922188795,2.74556321628329,2.93155003979902
1.21561008713241,1.40759310505552,1.61602538767676
1.26807443139793,1.40072739518744,1.78863840495056
1.1837611166634,1.42049292572066,1.47926948821529
1.32109765454626,1.58223324655319,1.61688168227399
1.08353093246884,1.31903231380668,1.33770796058083
1.08063336240238,1.32718487540508,1.32157285643775
1.18045662271725,1.42834585001159,1.40853900536557
1.51604956815306,1.82636837530053,1.70637560423745
1.5427846696967,1.82023968434538,1.81070485117417
1.45586235930261,1.69442555369878,1.7933141424183
1.85416487446682,2.03551129649705,2.22812038577485
1.96084385518312,2.22923494732321,2.2538601208235
2.23587532174882,2.4097492447756,2.507138440972
2.68959591929947,2.85688201415081,2.94228413875036
3.09718916205861,3.24270177665826,3.33458660578646
3.0825107787426,3.2418365847119,3.32474566956486
3.0895415151404,3.22906647891056,3.28073730247076
1.02770849919456,1.23185574687176,1.26973652641641
1.13843737864598,1.34276740315476,1.40168795769671
0.93556224846949,1.11887803760477,1.13663680554802
0.930987261490174,1.10679238039604,1.10925442587402
0.903694012614992,1.06776416016034,1.085741795302
0.94936892088527,1.12842090566936,1.13398615935231
0.942899767762507,1.12256167271082,1.11410897334925
1.04243681883211,1.44784774884244,1.42325035135863
1.15610646342522,1.45268267273006,1.27603863944786
1.13849166690251,1.41927004394514,1.30691549141817
1.4526192603162,1.80623135244782,1.70091122674944
1.37059009235722,1.85285987061941,1.59480598670234
1.13716496375899,1.46573767206675,1.35144967041661
1.6269154498396,1.863405488104,1.77306833818157
1.57032835095353,1.89779171369366,1.81965887696378
0.869577142371516,1.00407445769834,1.06463171622893
0.876968798987863,1.00239991512018,1.07176236681475
0.889541647322203,1.0109939829711,1.10515752318495
0.948303178466523,1.07483930335583,1.16869550070259
0.871175828673937,0.979088131167443,1.12015574821136
0.850895866981778,0.989666263611504,1.12297670614276
0.955593211118132,1.04280398243634,1.18932582448536
1.01714029425546,1.14044369172453,1.36545692705019
1.12743234308597,1.2001431115187,1.45751302247137
1.16924325068477,1.22784282917888,1.41368761707219
1.51095755027896,1.65296758694751,1.74315716596781
1.81437579515921,1.66185889163803,2.01101718243723
1.53464804878645,1.41872346585858,1.80798735202732
1.81604768203175,1.7963297908178,2.10221660284331
2.20151555562298,1.87123162285628,2.41220808672096
1.98345905854652,1.95710255271062,2.14101198413577
2.3500383819281,2.26469729737558,2.21522088346012
2.67621795102426,2.65494366251454,2.97431492370389
3.05217680654164,2.92278292756318,3.53926320194755
2.96636604886652,2.74056854954285,3.45947952149335
3.74679972702696,3.57540185230234,4.26529048447687
3.52147280509085,3.50358280022594,3.6460351781896
3.74348918826736,3.68684457813287,3.62887367619025
4.10638509129425,4.06903407194959,4.32601464684359
0.888574212373246,0.995453295942564,1.15005525877088
1.01696390992784,1.18357341759144,1.26719220590361
0.829705249984076,0.955664698980146,1.09064620520648
0.848732847912563,1.04064766154095,1.0764927138809
0.821162040716008,0.959259846568593,1.09716798539923
0.89222885718029,1.00597969853683,1.16999498574714
0.840888289271194,1.0417239377254,1.13014492213312
0.934958052638497,1.17751359637057,1.20682570380621
0.84005338400814,1.05306774063924,1.11513783390086
0.884271931381253,1.07991096890892,1.2049079739578
1.30990700151903,1.54484633655833,1.68976429431791
1.47526153554136,1.49687830215361,1.63306404076499
0.779573709594272,0.919384324985717,1.03492140528722
0.805855247894144,0.973617453201273,1.01611334083188
0.800112338820192,0.965879731938891,1.06938095490934
0.872401710293862,1.09414034939302,1.16564297650157
0.784720158497943,0.949382235494316,1.03137380588873
0.818688581913624,0.97286493286074,1.03727601388218
1.00040584151477,1.08371430912,1.1598462572939
1.52468201629405,1.48637138354578,1.45565863839422
1.62753441207014,1.53459208561026,1.49414415912182
0.951311072215834,1.10747153020811,1.22576760049032
1.61788182722059,1.74516425505928,1.59872606118938
2.25335209563979,2.27867948582003,2.19497435076525
2.14174755235111,2.31281364354248,1.94835378710076
2.83533310039851,3.08340365858948,2.54523509962748
2.35813031344382,2.33036694876746,2.18834638506066
3.19767972185531,3.08230531280266,2.80624222214842
3.58941069459106,3.45432988131405,3.14208279541247
1.73504277828256,1.76874589772958,2.05016491017497
2.29631585121082,2.36733705420551,2.68223849939797
2.38310957675331,2.24367416598941,2.49807903262177
3.23244904605318,2.94572987709302,3.36479006321478
0.703686249832269,0.928933841077922,0.965296597125375
0.802171816909016,1.06901956316749,1.10402240696043
0.642244482415705,0.845991102931118,0.83573189694468
0.687968223949462,0.848752090071721,0.839660580899095
0.611561867565732,0.845430394892954,0.772933179314145
0.677778869058457,0.919822968635402,0.850132076293703
0.713682678790753,1.0324368893665,0.839321301304151
1.26190456797924,1.48155358125836,1.36186270666009
1.30333091672621,1.48689563454851,1.37723914870146
1.28372434681973,1.55682558410017,1.31938826820566
0.580642071415093,0.739101490294662,0.704755057952914
0.659837153049331,0.759766441379419,0.755223088222
0.582979312435153,0.750810705632134,0.704948028107594
0.653510673368805,0.83309811670077,0.77798001211162
0.631231270440978,0.791954700481096,0.729732492214009
0.701369243434782,0.877924517275957,0.777956601780103
0.837970485095622,0.979151705008717,0.994775757637755
1.28440828837356,1.5485048967478,1.48346355184082
1.34709241263195,1.39371016427036,1.48084731425404
0.778664131167224,1.03210278749945,0.8411107743932
1.267247375331,1.51647428088952,1.51309617473043
1.58009684933941,1.82793455538256,2.22658255293102
1.7367769754744,2.11754355526425,1.84537805763373
2.22839301430971,2.679533342404,2.58395319802725
1.85896476173883,2.32230680390391,1.80927629089596
2.52230698704902,3.08194833181952,2.4539038906933
2.760331312199,3.64226352258197,2.88479934645184
1.13060169827294,1.58640563304134,1.49797244184507
1.37665455957188,1.93734578795677,2.1580587066603
1.65040212052996,2.15750632199405,1.92298767275734
2.11476658801749,2.73624865701588,2.72517402094223
0.597452150870831,0.795231355164186,0.665120672976966
0.65874457428586,0.905415117230418,0.734570531011296
0.588294090597259,0.761491234296145,0.651365032599273
0.631988900864629,0.777934576594113,0.721831571343594
0.578601835216523,0.758581269970823,0.623293237014292
0.611253460377816,0.80730023067041,0.650494891078549
0.600316358897675,0.78249767297662,0.650902795054728
0.650732529321638,0.857532203348761,0.707050993372768
0.636311419420024,0.827167117483309,0.686647918640042
0.684581701407762,0.926106186221789,0.750387343739511
0.630752592280555,0.777177954306849,0.704533166489346
1.22837287435143,1.27771853242694,1.23726682015328
1.22671885045239,1.24846095427694,1.29843980105033
1.19875479167297,1.36385220127781,1.27072216007673
0.563981734765696,0.724735096822227,0.612024769390685
0.598924743941672,0.722200374406842,0.669160318243929
0.575217205538568,0.752092539418473,0.608748076259022
0.630385929247681,0.825168915104776,0.657541029648212
0.569131913156066,0.728557272854134,0.609176258480818
0.564735165747762,0.722795754416183,0.636231172104315
0.645026975123295,0.831226781722498,0.719361919858616
0.70866260093362,1.15782020876429,1.19649589261174
0.768868624936187,1.14250911549085,1.26276296209819
1.34107363339538,1.64149106724059,1.81392645475416
1.30294456512513,1.66935711563535,1.80694926468185
1.31686846332057,1.66932143808732,1.81420810826432
0.732260285143879,1.15866689908203,1.07753051658171
0.945426100540641,1.53042197328246,1.50112703095339
0.999020555742762,1.69357602018918,1.75554249675474
0.924779254530394,1.40744498259679,1.32339585442383
1.46221667656379,1.86991941397747,1.79394656494767
1.47398089524258,1.8228978067039,1.79533287855993
1.45664045676949,1.89431180724464,1.79608004020829
0.607390501310616,0.725114652019749,0.617013605824227
0.707225468793705,0.836734569825983,0.71669755787097
0.631670374839358,0.691598453570935,0.635162796934652
0.655426117584381,0.713710058420844,0.671922863024111
0.710412212586714,0.737948696920413,0.711748028051164
0.83437362925906,0.844619362691439,0.834463079321499
0.797263381023059,0.83377672420825,0.830866299158446
0.670727092264501,0.718385228345112,0.677012858639324
0.686523351123883,0.776934685748095,0.741180445553012
0.740761162618106,0.753460131248032,0.712664311804429
0.852574113420405,0.813704815968034,0.793892019394806
0.735684057046604,0.796887562269182,0.740871512981658
0.761486055395129,0.814098112244818,0.766656463619264
0.769584956181693,0.955148348544192,0.801948059908316
0.816019681703217,1.00674237017307,0.886593650690017
0.830565583713836,1.11838249849102,0.884154239237604
0.787270510946174,0.995577860164856,0.852889153644148
1.02676343929572,1.10171578184794,1.29409837972934
1.01431231182588,1.20238149916061,1.33169357611039
0.87850990558934,1.15799530864739,0.96244767382547
1.15827441276314,1.6821449638842,1.46683434775894
1.18328030815578,1.42286461503279,1.43633003471069
0.823884497880051,1.15026699951149,0.858925142437215
0.819359605922248,1.52166978769443,0.948746382801341
0.922572329376869,1.21049862393351,0.846627336094547
1.0830177515665,1.44584496669256,0.922734888863803
1.11263171351047,1.69318696402679,0.932385861841382
1.26057375609921,1.63800040422482,1.04427015259358
1.01431574307237,1.59845141491782,0.948274101135325
1.0290857280992,1.97169280915589,0.988220762577822
1.16854678954744,1.70905986346754,1.05400343256628
0.742777184190619,0.750052587312564,0.788386296745296
0.805140434495099,0.769045789612531,0.88376310730464
0.782950135532236,0.78705450584562,0.823670912037801
0.861865890312513,0.880885714971984,0.871585500473792
0.812931377787835,0.783312559007797,0.892089940512092
0.852385016674249,0.794689718043419,0.956468584090241
0.878217014901307,0.87860613055025,0.986043912413458
1.3839319649033,1.40253396135,1.46771670655858
1.36796166252899,1.34150070133484,1.43881979184385
1.38111421641372,1.39701124535025,1.45602071272412
0.814399325530109,0.76917861966301,0.880930515382637
0.814095772401434,0.785977616626912,0.844094546995162
0.869446530814207,0.796369502182965,0.975123930790805
0.929199318009094,0.842872901134952,1.06544714112555
0.887274936733901,0.807647496270518,0.995448956852343
0.884702494027728,0.806080883736605,0.971775623192509
1.00681423407541,0.881832237238185,1.12761811298578
1.55789700828073,1.25749690694145,1.51447227111969
1.40264941934137,1.19346518165312,1.23061767434974
1.31364537649996,1.18546271859625,1.2134494126214
1.9067210524096,1.68082090191309,1.59119016422335
1.8169343610939,1.63153488289362,1.4667947320409
1.68194920631469,1.20412395495322,1.25990619539447
2.3366784471569,1.46052114420738,1.56616648235865
2.78690325606215,1.92306216345187,2.03361205235621
2.76665572706432,1.92391062888501,2.03928169728394
2.73723448192369,1.88250616576705,2.01528695836984
0.877500751978791,0.826422246049616,0.990527017904129
0.886684589744458,0.856822228334026,1.0068908389968
0.923126018957743,0.875020238577721,1.03144841715638
0.982436824665437,0.910402866221113,1.08399200000452
0.969865724659293,0.949030678513419,1.08068393042616
1.03193421257893,1.02386901604266,1.16826373772443
1.12669708544083,1.12225908578816,1.25777566977445
1.26418736386299,1.26573886087109,1.50804034153533
1.37585397211406,1.39647617255517,1.74009027545458
1.29940638718226,1.31301750515987,1.65747772664052
1.65871462423059,1.62365737204275,2.04714656629177
0.910797678531229,0.910481968494786,0.984584399646728
1.00536467169843,1.00405867661236,1.06905782042813
0.844513402937433,0.857569502244808,0.89001628317384
0.870310911355823,0.861106573025426,0.915691482151676
0.824172713414055,0.873984012544102,0.850263589831893
0.904369905453042,0.955771890161098,0.935943838309143
0.849912681792683,0.903084658824216,0.877461966951577
0.893329774502697,0.913248255704266,0.920782158412027
0.911126569864374,0.978751686965876,0.916334140472999
0.952202393541771,0.989818555244481,1.00870573030828
1.48044215626358,1.43147689373217,1.38852016472844
1.21930538433564,1.48552757342368,1.68397195654883
0.777992972130354,0.861313590251515,0.808655556244803
0.876261921793873,0.981686813190359,0.907072831717761
0.721615454616902,0.803003247269507,0.777822703034198
0.770414854535531,0.825428589277941,0.842313622550559
0.682698740427309,0.783749479778923,0.752858475384939
0.690562451212926,0.805545048138246,0.7477998335419
0.697797846509507,0.765470952923947,0.799055931928949
0.915067949255166,0.949828102372307,1.05673473360668
0.891445032988874,0.874300896747285,0.962887053591042
0.744151690715164,0.795342982034531,0.846160204302187
1.30950807223712,1.25123531438844,1.35725762973505
1.2190985947977,1.13890677614206,1.27626261151215
1.7611099829256,1.66402842225849,1.81250041477189
1.73403871551165,1.66350830510917,1.77253835660673
1.78784107183178,1.66920011683114,1.81197681556462
1.10267541892132,1.08784231163101,1.15833954042172
1.64467162737537,1.62054301261303,1.70888881126357
1.67784646355653,1.63319191024644,1.69636918617205
1.67280784933456,1.63013869335175,1.67757432610209
0.704479285052674,0.829698234329188,0.786693215763724
0.794606744247511,0.921401671251021,0.88944989875221
0.685456637551022,0.831578595880328,0.759372616931863
0.683697415705531,0.836930148731489,0.749333882358822
0.715921648649451,0.866486600347682,0.794157506294723
0.781212455951093,0.940734296902514,0.863088020158514
0.76872279411872,0.929579582788501,0.820484508508183
0.808554809981905,0.923742962243149,0.811265657467409
0.876238443685253,0.993664793343644,0.888717731121548
0.899184764355575,1.06951980983925,0.930807278777454
1.07897355915918,1.21011701892112,1.09254670840862
1.16519087651613,1.29693425993602,1.17349076684888
1.16074351594651,1.24198461298769,1.19923709731089
1.66171249649721,1.66653051241661,1.71752304258327
1.81956036408519,1.80370984562013,1.79486933039963
2.33072179574087,2.28354954510683,2.26050320616273
2.12971853455481,2.18644530608852,2.11837785288586
0.701508053011074,0.828187546531324,0.790613477039452
0.728721528512254,0.826794639118969,0.815049869516947
0.741936382790209,0.860221022598877,0.833695871211555
0.800700952930592,0.932662630043808,0.893089745105194
0.775760102559369,0.85671259447247,0.871825768312813
0.825454758281051,0.891960084281939,0.929341808015155
0.91771374159546,0.977057716494859,1.0129308243464
1.53114751165303,1.45683390145281,1.58782795117187
1.63250442505781,1.60225129238504,1.60135595487024
2.05256562220944,2.01189207476562,2.02835643500716
1.49312898866297,1.52619221935336,1.51649018488221
2.07130845622913,2.06581349640329,2.07557558270576
2.03525126066528,2.05547455093477,2.04570697067048
2.06877481809155,2.07326057805477,2.05181073648913
0.721732181775486,0.778789502799463,0.80574904889719
0.731825615476218,0.792101204077966,0.792727988954704
0.736757923845746,0.760692003917685,0.825531373999871
0.84530772621255,0.864287069151678,0.946582374939131
0.948012852063164,0.981157549153574,1.05994662890238
0.965022800917124,0.984383811678121,1.05140875453728
0.696043603645053,0.702618102221293,0.772441016896677
0.722645823696844,0.725603772367633,0.787390705575458
0.763706565191355,0.757912327841118,0.855279125040504
0.95639329899348,0.922931896463157,1.01940219129712
0.923114048771886,0.907030733261014,0.986410488708935
0.911120584528243,0.887329164995745,0.999321707970264
1.19466363948836,1.14054144235656,1.2615379740403
1.16421486749893,1.11204231341028,1.21063824507514
0.671615208127467,0.675540165308152,0.730863092181208
0.67552974666309,0.665597041831508,0.715660528231511
0.706728528136278,0.724888398598474,0.777630503056937
0.760899738216075,0.789966728869322,0.84410763050231
0.743061707340001,0.765444533424219,0.805021336946444
0.776869406737442,0.782988418337002,0.820248596350922
0.870762690180139,0.911670121010772,0.950981669810436
0.922508390836577,0.969691764679912,1.03873646508113
0.965642183103968,1.01468747958394,1.08154481268692
0.952222736690442,0.992641327332729,1.16412517584893
1.24813425993639,1.29208226917594,1.45955591629683
1.08640574125645,1.18350374671907,1.41186426530167
1.04037188503154,1.28999050243459,1.45885576608551
1.5826381555508,1.85419566815508,1.99691862328055
1.53568245434735,1.88043386148569,2.02235620959983
0.722129846042391,0.748086999294543,0.776623942370047
0.756088961449693,0.765170783552139,0.793226292432691
0.720756128228982,0.769982297050204,0.78753471862149
0.758951142584322,0.818394574652387,0.828469922857226
0.731697424698119,0.790818261725984,0.795568867789995
0.789026350043386,0.843129654304938,0.858132077084284
0.814372192873558,0.897704627381831,0.884664103409459
0.91138411842352,0.999882210618907,1.03779813163971
0.827072363707087,0.90875942874058,0.887354942286265
0.920757269065015,1.00087069885633,1.03546848578888
1.53223467249526,1.19271525835383,1.4981534688845
2.24921087811358,1.30417596550217,1.91651495882015
1.47221159749446,1.31351594393331,1.62006589016778
1.92081755095156,1.50374135530358,1.98824424998646
1.23392115586371,1.2262149458281,1.42884444466258
1.27881685987938,1.04132053604131,1.2203685389915
2.23104692279911,1.06280504901187,1.68729104819257
2.56564533202436,1.03403436938428,1.85090095070347
2.92455469274923,1.2476579310543,2.18764252670644
3.79800078264676,1.36137539207172,2.72664830623919
1.70626597626396,1.38068999370335,1.76558159919033
1.69541679160704,1.5623724816499,1.96413240329321
2.58026741127594,1.38475720567087,2.12875988324138
3.14369466468519,1.56814426628663,2.5385351377383
0.680384523897622,0.724249976196242,0.719801254663758
0.710984836537606,0.741430688795433,0.745440736444943
0.64508796182867,0.693327812597991,0.677380156697098
0.666421923049691,0.724450846104848,0.704101011076208
0.616121457566459,0.674126902509124,0.648427952952442
0.650718927570578,0.724515839465722,0.694532515612572
0.639515097585224,0.705911605672687,0.669984039213105
0.68904488677284,0.77971891677893,0.723772267349653
0.710125757265202,0.789329225906219,0.749607453532163
1.3075506371902,1.32541614483639,1.2891826645191
1.2570288668882,1.36135459974463,1.28533174495346
1.26765094463923,1.30074566577978,1.33018245521284
0.72831659980742,0.832377279654168,0.757201474633089
1.28749249226106,1.37358244144234,1.31105814139808
1.30898980986812,1.35625098884469,1.30195432528157
1.27737137670653,1.3617621422339,1.30976981716879
0.595195259455246,0.631520754776089,0.629634399804875
0.620109453252233,0.665474952499487,0.663538965239969
0.600757613729682,0.615771603788565,0.629480214907004
0.631647638155088,0.647555193573264,0.65767869009768
0.622492073408793,0.623690236165431,0.647043185894531
0.651165118628078,0.665417972956349,0.679706883295055
0.683305741255076,0.676023500597871,0.707355094695894
0.631527480127244,0.623281666130056,0.651169963876801
0.656492345693072,0.661279664961944,0.678300539561599
0.660113862177798,0.646272061149654,0.681584101868718
0.691171808447926,0.680036405506695,0.710404472625989
0.710733760909665,0.697098368237997,0.733706428349772
0.757310136611377,0.736925541749135,0.77241077612966
0.810607153789005,0.805191897792469,0.826676580364886
1.32411538912444,1.32696253642057,1.32670367307315
1.38027639117293,1.36108806752902,1.35124253275923
1.2921702812744,1.31809162358439,1.368466972679
0.696062654903942,0.690745203527972,0.734880791453745
0.749991823566816,0.752972048220467,0.795097293404244
0.673740652748542,0.683397241120009,0.714843697078601
0.682547643676616,0.705328871443023,0.71119629799522
0.691567406029689,0.721342102159532,0.74402062984573
0.756896465616205,0.787035587691556,0.812506232322892
0.734401501061684,0.792393663629494,0.761336727255086
0.806197856130094,0.865358540124786,0.831915302406115
0.777401181697958,0.808397031008082,0.808344158450056
0.856547710815188,0.926860921447214,0.883291262496285
1.4420535150969,1.57652485467929,1.16697537625447
1.44101742368966,1.35933361677164,1.08332817682019
0.67151400786593,0.700850936218919,0.744618911549847
0.750566747720849,0.777311045161919,0.826413767110714
0.626931572597855,0.686180146588659,0.708427401134569
0.63367607315268,0.707110237793013,0.69547127130524
0.630691711172813,0.736785938960504,0.742175956028333
0.676748733715759,0.775493415955499,0.813262145782769
0.672193341924153,0.833715334484519,0.762163479230333
0.963353824485924,1.11910418225691,0.948215804278901
0.940558156110906,1.1966501681273,0.930078574033276
0.857969635324163,1.50220293161916,0.881443238965627
1.49707451382526,1.92446929408375,1.51155630990949
0.644290182826636,0.775838006953236,0.763622968729764
0.69548401499405,0.82706081343522,0.839362496853876
0.645630978619364,0.826287069287153,0.739437809705256
0.653963764284208,0.835864770118529,0.728383080799453
0.677793095786438,0.926629534843564,0.786989502144848
0.710356409103939,0.979644232830649,0.82965457793389
0.743970921998841,1.07263467467849,0.823896730049746
1.2968538983248,1.52531831925603,1.29046813055811
1.30157563676861,1.50462812363221,1.36509567962156
1.28446373878065,1.54373524096707,1.3629833725653
0.698743426966638,0.926192675326453,0.84563067868064
0.739100776838529,0.96968133250053,0.919292217928718
0.719323124845501,0.931947392552421,0.860401894811334
0.726170717246309,0.931222864542258,0.840278133410036
0.777880917877419,1.00552348024807,0.954690220792717
0.822165133731664,1.09905289532747,1.01746627290388
0.868104981644343,1.11662912637368,1.01959645623709
1.52295518932793,1.56379716897794,1.43171688727573
1.35909893190569,1.43704638783267,1.33384665241608
1.47355878769112,1.64858304586584,1.37477530456883
1.97348453308061,2.06241863699142,1.75859237506044
2.07357737262902,2.29954979191676,1.99233255627523
2.24371087567099,2.24231938684426,1.83884524047819
2.75109705013699,2.65025468526906,2.35587504640464
2.48611620235917,2.65724246893231,2.08725546343621
3.11224763540888,2.90263629188265,2.59015711752518
3.30546076968836,3.02959467719907,2.92918949984509
4.14221433457653,3.89566380889522,3.40615851605712
4.60187269880284,4.43280455483339,3.75502894655501
4.2733407073066,4.21148417414536,3.51657121671997
5.48525619846254,5.28455832241985,4.51845116209099
5.0868895712066,4.74944124719706,4.32658665864012
5.11940594133309,4.76191322669198,4.52331510757332
5.89219837147881,5.54028327277495,4.98614203972809
0.77977887682782,0.960778819517819,0.996998563946442
0.839147286625941,1.0581830891735,1.09849398668507
0.757286671381273,0.874328705177284,0.966090855585142
0.749150543365148,0.852397873210657,0.924231651437458
0.787232671276062,0.890003677546598,1.0434886325421
0.851606715462425,0.982814379273676,1.12286085973767
0.804475961987829,0.89938062170595,1.05239625099164
0.800265735007885,1.09299941594912,1.0626202987468
0.870893690031246,0.978488877463755,1.16975252967338
0.856985995069294,0.99273500810557,1.08724509433842
0.900847370761837,1.40820783625703,1.17270119174082
0.893421207473397,1.51903583567124,1.1549834026296
0.958617975877202,1.2710609995126,1.15774032475568
1.18670869793273,1.96424562455426,1.26675462034345
1.26651844117558,1.89271556714858,1.27160206588836
0.993479798583832,1.46471648650303,1.17286374793637
1.36674187354813,2.08640939585886,1.42039774994269
1.1075927079162,1.76861500919444,1.07579087684513
1.30599613054254,2.10722820864045,1.09439504982196
1.32291179775493,2.27378098108925,1.2034564455819
1.70520621712253,2.66637743070585,1.14249564036418
1.54316536849148,2.56215062076509,1.24262374656688
1.71994931994581,3.03430200419521,1.40815378394293
1.8119155318924,2.95083864812348,1.30597356047422
0.776441206162483,0.860294654026946,1.08533518342369
0.853841341427386,0.979136391127985,1.21575653135869
0.72732768149879,0.819628283317257,1.01085167563365
0.7204000571894,0.878592619606556,0.956799522133412
0.739261418555749,0.81589241047475,1.06122770567847
0.792990777356431,0.868697706176313,1.16895755308239
0.731778142250496,0.812160698397132,1.02887969027069
1.02171263504747,1.04635323098004,1.50156849224548
1.06933418202869,1.10422131046198,1.4340320816665
1.08366248819891,1.2251487421066,1.35548892146564
1.06004443334534,1.08617335700865,1.37814304046308
1.60565297885297,1.6289101772614,1.88224728847454
1.58650178928269,1.57521265986589,1.88000515441887
1.61358372658399,1.61458215331489,1.92939538184671
0.761084757996721,0.825465210075311,1.10560188945085
0.82947194981485,0.903349826390783,1.24758137134112
0.751125656069194,0.808420353326392,1.04605819717111
0.745772892559481,0.81111061088338,0.986869386911553
0.790764262113892,0.842842004632117,1.13470165720185
0.831589639440799,0.868647841229804,1.18892367102102
0.83198309215635,0.860906402563777,1.13759556783374
0.986927935369415,0.882109966525137,1.15527707539078
1.07730456258511,0.945335626546588,1.28420075768836
1.018841538937,0.856424912434465,1.21425100310034
1.33634098504085,0.847194400408755,1.34412936499189
1.24146935035673,0.954831138643489,1.30143961757037
1.69963595321152,1.4421140709801,1.72620317130728
1.66310126550861,1.42192722274488,1.71394290817541
1.75295920871007,1.44701680285984,1.69425499506413
1.32930689339713,0.940507858365736,1.45096573627657
1.78175512956821,1.43865183881778,1.88223657171729
1.80803962104968,1.417788090189,1.86980841591258
1.77670730652117,1.42204214136859,1.82467412838383
0.820914043571572,0.911405337417626,1.22623534262236
0.899683138242308,0.996911673388735,1.28514870757418
0.811646754599103,0.935362251741542,1.28880767983873
0.812802768648324,0.939572762790318,1.32399582691658
0.852026516020263,1.01767845598128,1.35603232974659
0.925238317159641,1.07232412085804,1.41522722884686
0.883618802290452,1.12315903319924,1.55022262910069
1.29194076967211,1.6351786484485,1.46975146816551
1.23399796706624,1.63496736662487,1.97823664823693
1.45322825165663,1.2999312908991,2.00363208662917
1.5325111754225,1.42603091887779,2.05909836273314
0.856041416638137,1.02240120756737,1.25992682469349
0.945450029935465,1.10160482184117,1.27121409954536
0.833074319834568,1.00825153643338,1.27156912833227
0.84717465546232,1.02559820326966,1.36823993519208
0.858565423355635,1.03650348764832,1.25759942663864
0.906864464563705,1.09219058011449,1.25212583372407
0.872922642230012,1.06358939182638,1.4301782317983
0.881272324686007,1.46297403206958,1.58059216927507
0.928479524491778,1.58891362143101,1.51453706877434
0.913484787710663,1.48269229376232,1.47295276026015
0.979725406938495,2.10165590611628,1.43921696325021
0.925327676684146,1.99400132838827,1.48102384581575
0.97450842599341,1.53297957832531,1.86099657160081
1.0559555542381,1.80808853366832,2.39113330120829
1.01354815784017,1.61013300855937,2.38571212573521
1.01606007469723,1.44945313434998,1.43859353206402
1.12464679402108,1.73049438533101,1.63521814333
0.998155279043238,1.29198926585269,1.27884940457506
1.02642347060523,1.31923466761131,1.40375372109895
1.03481006392055,1.52307692293386,1.60971387824407
1.08539394884723,1.32582803480815,1.62579069470591
1.09211565968215,1.46431439548849,1.61190137394874
1.1948298460681,1.76496507355549,1.82838489558597
1.15516063454512,1.42121638848586,1.89405747297825
0.878358980550174,1.02212098148515,1.26097570559725
0.924120946127776,1.06976899353257,1.31797227171673
0.914836873173775,1.0149932947263,1.28035650946981
0.963644502924019,1.05122816480297,1.30088606211587
0.970359211496046,1.02825552864889,1.34705985338015
1.00216155985241,1.05574744844123,1.39467138855598
1.03419113849915,1.09140863548443,1.43146443602312
1.64418612038862,1.59526753554446,2.12303552541465
1.2838687870896,1.48280198157627,1.57093955645332
1.06226441286779,1.05583336525296,1.24775673447475
1.73571069580888,1.71440931054166,1.74663348277453
1.83631155257641,1.66061608903133,2.20590006689061
2.36769680787981,2.16175795413377,2.68520626665144
2.32221902290377,2.1705167821921,2.72264619933988
2.35003292018837,2.19457852813119,2.68691377831911
1.30709103095729,1.50544267297124,1.20785084792456
1.83881695797601,2.00888344306014,1.73648713557911
1.84789388029978,2.01991238638572,1.76423298713293
1.84257662804938,2.04909934190742,1.73139053972018
1.00582623056885,1.05117403113496,1.36221545842896
1.03203185360637,1.08636290667902,1.34477639018478
1.09279770066172,1.10787745657939,1.47921918683112
1.17515902946829,1.16582667294195,1.5910235832593
1.1457443702306,1.16335817084063,1.52206994209152
1.22245107786825,1.23431628699548,1.61575243413793
1.28661045124254,1.29495727172342,1.70635391464991
1.74138532056405,1.6051386629618,2.24955795034375
1.49029977738333,1.53086316436327,1.77657362337952
1.60644576264866,1.73874489214128,1.85379038034472
1.90691438921858,2.12652012470047,2.22945111775248
1.061939097215,1.09341952093955,1.36996281192231
1.08954588277554,1.11119383837331,1.38046634957384
1.03226416348773,1.07780526235616,1.29991232441404
1.09879833295659,1.13851298985209,1.36682189574087
1.22314980954438,1.2607992454836,1.50462643137048
1.12999250078585,1.16406252713159,1.41379473098749
1.00103896877813,1.06016234948318,1.20261031868342
0.999915870030959,1.06243698449856,1.19783601666958
1.08757093650034,1.14512290906796,1.2479805120187
1.25090854916214,1.29842103683814,1.3718729616761
1.28705190497239,1.31628519277283,1.40615177037726
1.14265500537826,1.20808786030163,1.34027680564206
1.38267023184017,1.46008137211835,1.54820533109903
1.32967623439081,1.40217677585017,1.48805820741741
1.00173117657683,1.05939194226576,1.18481674971177
1.13403483217839,1.16615436795486,1.29258741014847
0.946934002136216,1.01967179233153,1.12611104216646
0.935329755918927,1.01768980670181,1.12346015002908
1.00068501576496,1.03780394288914,1.13887218313912
1.05305908846787,1.10159252369609,1.17875090204106
1.07438382880837,1.0608171972208,1.19892011991186
1.11654673869545,1.08161926659908,1.24154933970047
1.20494026153568,1.16399225539282,1.29806717095265
1.15330419736226,1.12518553116621,1.31397269537349
1.60610778886103,1.52654200029738,1.70069677202272
1.49144148119662,1.65289744123877,1.74354478336979
1.68623325853826,1.59287988138387,1.80312383159475
2.18475727663118,2.20483900354993,2.35055456656479
2.25771526716139,2.15679265541836,2.31826560486514
1.85466026372771,1.51987848229061,1.93718622031808
1.91777519754681,1.47781545067693,1.9889847579954
2.53789589478376,2.11553989470771,2.59362726812423
3.37340868869185,3.10329426601756,3.42945705723903
3.48666370873193,3.36254633051387,3.5657852484831
4.03319417671721,3.68517266808345,4.07488050398255
2.80988826895411,2.07601555552568,2.83913275735053
2.72720516332648,1.84974286805576,2.7471415235078
3.39498637353048,2.61247058066903,3.40886697785787
1.05742355763784,1.04013112123761,1.14125704715514
1.12965973077603,1.08395804962254,1.17664948533174
1.1567680770392,1.10122572284216,1.20476086074187
1.23064450586158,1.17282859648662,1.27883975937032
1.26754344983487,1.16497624525887,1.24232097470598
1.33078024259315,1.13575847261693,1.27342064017101
1.59284279622331,1.45981764573601,1.50109152393118
1.7039313260338,1.62683846224947,1.56677884090059
1.97846803809061,1.60995231266754,1.81138000186711
1.99730844668353,1.65905293894411,1.90579148323228
2.41078676923793,2.02194883974491,2.32022509875908
2.43157606361803,1.95793119424809,2.32654784841093
2.35378467701228,2.07182809718096,2.32264929563023
2.56310247990225,2.36271461921418,2.59665143416309
2.71877331403592,2.45050934257463,2.72205550186321
2.96517542524686,2.58168043263785,2.92613631021344
3.42908075829679,3.14402821164128,3.37809579906118
3.39478835842831,3.09588121783229,3.36759826220418
3.20602492377787,2.43460180711257,3.19823367378586
3.48918181166178,2.67197154564813,3.42880839851487
3.46527486804676,2.65409419884308,3.49422421397398
3.45258516465684,2.64002569191594,3.48594436511993
1.16184900485545,1.19244435806731,1.15847020567637
1.24741159591873,1.41012218106816,1.3088438645727
1.14443993240219,1.16286576187642,1.09269673158678
1.2597807629609,1.17011403374789,1.1692206523987
1.0967554957535,1.27502660606781,1.06861133189541
1.12956150577672,1.46626320336085,1.15700679200045
1.11333176832347,1.4430016270308,1.1047834524494
1.57462476154859,1.85496215562339,1.49631134030137
1.55517892229174,2.09096369574594,1.49887802882908
1.17486185810674,1.50896579248813,1.16425379718198
1.89275044506131,2.04773400167413,1.69317898363754
1.60541759054553,1.85105838207645,1.53641339275185
2.1179399076677,2.32699259973105,2.03398620266689
2.09299158802852,2.29827009104278,2.02346531960384
2.08835679521992,2.28987204770686,1.99287208221011
1.73754850483782,2.15782765108691,1.74273621193259
2.23810916984375,2.60006153275298,2.22734921489461
2.26283906138039,2.65257330015808,2.21790816753405
2.25132385731894,2.60699590428654,2.25529098618155
1.17119812092261,1.22305029218041,1.08612157544746
1.28445528358045,1.2110916111903,1.18184525098366
1.23611442154453,1.33177842178334,1.15136351552251
1.29745150109701,1.4804117390371,1.25479575783752
1.34472327739141,1.34623918530673,1.21817787598281
1.44040054777531,1.36228142221405,1.29214432410453
1.60425132913089,1.6444155664404,1.51075712570632
2.01280614536473,1.97875283033469,2.02668678719708
1.78226846015709,2.1475194232851,1.75191552085682
2.05498151027683,1.96997391112654,2.12320814586401
2.40329852602006,2.30438024019724,2.52749308103549
1.27198884910027,1.24217336225217,1.12213501615394
1.52652469820151,1.35733838674285,1.33057637750946
1.30440165847897,1.19655044153469,1.1118442812842
1.56957622655814,1.27793378330699,1.320916227334
1.29297122153767,1.18442060697288,1.05999156416039
1.30659785475913,1.18653981790055,1.04425167781212
1.40327826695226,1.23672826675137,1.13853875862817
1.71791938186368,1.44339903065406,1.26573494322598
1.97830596784345,1.55648611788647,1.29490685191734
2.39267943908184,1.90404290675123,1.52640588239017
1.82618251288546,1.51702929192236,1.23181314614569
2.27406798034088,1.98559710237304,1.64541171649272
2.28669941900103,1.90759774745204,1.66451135954151
2.31129561232986,1.9668847266863,1.65052830280762
1.29278900012112,1.22257600065894,1.04471339020255
1.39217642426353,1.32820535135301,1.13156422459041
1.23979588358337,1.19492873678295,0.995612787631053
1.22180840822381,1.16183667257164,0.991595045360016
1.25252355792193,1.25767965734075,1.00686321621395
1.34141107357526,1.38460661579692,1.09190628426576
1.28740485379591,1.3248567199073,1.1111931266572
1.36020363529515,1.42076722043581,1.25454487057642
1.39839177736681,1.45397343302278,1.29746611224143
1.32366028536361,1.30729391800361,1.19453711176556
1.88201861531946,1.74233544655892,1.66740837116086
1.80909777109583,1.86159993584349,1.73151738775008
1.58503905890871,1.56983593355875,1.47684301211489
1.77380762345335,1.93792156923628,1.90755359712194
2.21079184270503,2.39203921743095,2.36834289645133
2.22167556653289,2.38816052534647,2.38742522481373
2.21675671012452,2.39040510078762,2.36674626595102
1.20174327046008,1.20633514461679,0.948813144819727
1.22184469306601,1.18848796925903,0.979919640053813
1.21082085748138,1.26332334813983,0.970754793618542
1.28513497990971,1.37017229810315,1.0618483111752
1.1787734897282,1.23140129331673,0.945435840395466
1.16529352323556,1.16907526274896,0.928030211593507
1.32379474058008,1.44659092421311,1.07472313575189
1.66938518245558,1.95064935000037,1.60108905185411
1.79621441279685,1.87780185646507,1.56475644798735
1.78943053438438,1.85668090723631,1.52756482694517
2.3886771098774,2.36433069640826,2.12985903263872
2.24829644025718,2.39574530377117,2.13198299629312
2.04584274007578,2.11196004835432,1.68836734371703
2.33642394355164,2.44168102970983,1.95282660176471
2.35131671619447,2.39564103122535,1.95852979523227
2.52979590921945,2.39165237658727,1.95357537673673
2.87523460740317,2.71858492108096,2.27495372439325
2.893261596719,2.69512802640332,2.27118133130745
3.03971370216914,2.80372942010437,2.40349546167563
3.33308683714698,3.14049028157273,2.75501568150654
3.39763430770812,3.09538744409576,2.76276838244826
3.3573177921483,3.12820760113102,2.77060173853462
1.12307953508242,1.16409141986843,0.935404717235677
1.27137436404789,1.3016891152528,1.04950931318266
1.00589758309711,1.02146988520749,0.861264451760116
1.00551219620446,1.00139035434076,0.848285272537387
0.96922313736622,0.964942741560985,0.859210624418109
1.088259933207,1.07844295179273,0.94711078189663
1.03894135095475,1.01613213292368,0.923237824691602
1.50862423739822,1.48010514336,1.41638256330324
1.49371849856309,1.49503680465106,1.40852493563807
1.4802568802842,1.45018178316419,1.40772360340302
0.862215173303319,0.847213676567867,0.80075221603817
0.864672216695264,0.858352950748732,0.797530134964132
0.840318391175258,0.817686088328475,0.822358798910835
0.926885807500955,0.911126775271129,0.917535424187228
1.02667404500672,1.00814745183286,0.994860785269392
1.05630166899758,1.06972838212669,1.05939605915857
0.787969482903472,0.756723588976811,0.799578908751444
0.82561528126311,0.794594513585854,0.818689578935084
0.883899074197935,0.841079806136874,0.934373465734596
1.12745111149227,1.10491595839136,1.2370363666428
1.16690604487702,1.10156816013757,1.15904452141827
0.982230242115559,0.966600682838365,0.990064377144684
1.31612583431345,1.309830806445,1.31888768797789
1.29956894419996,1.30920992745084,1.26610816504218
0.729841302159601,0.696994922368617,0.726376731578359
0.76991988236853,0.746953887703798,0.767410287582821
0.698578449744773,0.661465514957906,0.68170490482537
0.730863426512042,0.699679735795442,0.719528501826864
0.67040286543275,0.638651246549397,0.649611507589874
0.69450682326115,0.664438681723856,0.688125140058675
0.731814190182243,0.715298264210259,0.695591840835201
0.940950996624558,1.01621407568125,1.16031203801353
0.969006682754354,1.08385253631565,1.21088592866812
1.45386659712433,1.60983966731994,1.79661891938099
1.53148542301248,1.6102608862788,1.73905284704275
1.51566288218475,1.64197314331027,1.77424621358027
0.988727054603195,1.09071339519972,1.25028584691911
1.55503492696843,1.61469683431636,1.79863622356838
1.50245837822133,1.60395668029102,1.82154947355611
1.49320757130744,1.6580658366701,1.78891068591284
0.622527164860292,0.595853736897504,0.61677695275465
0.673119306013476,0.648785735549048,0.668368215642465
0.595419875523677,0.573406665153072,0.602579525686829
0.648566495729124,0.61994172731097,0.644674860907519
0.562381529872494,0.558075485121687,0.584852999489924
0.570343987625682,0.568041345497544,0.591034102100917
0.573002486445081,0.586974376887433,0.622450827175649
0.627067328592365,0.636603628098027,0.678892077900887
0.637655835930592,0.638881368260346,0.685484227156897
1.24226151197266,1.23665019128154,1.27061850538963
1.19572851568106,1.2368978770669,1.24568900347398
1.26299515442849,1.21590318922846,1.26288484019148
0.630620294332185,0.657243783892655,0.69877483388112
0.731476314918576,0.741836883057739,0.777246589866355
0.735909804276483,0.736488422753577,0.79787581145303
0.711424876058116,0.751498137601124,0.790782203604569
1.28574892806169,1.3301859220092,1.31632707670846
1.27310247520308,1.28303294535841,1.32601046723677
1.28727190575031,1.29997014858129,1.35127627717357
0.569440364664368,0.560332463139063,0.582024839751096
0.637512530611286,0.63291083768077,0.647599684134807
0.567547002966485,0.550171013069199,0.56962335411117
0.598144883690314,0.579687490715436,0.596333475555599
0.584265700688465,0.558034704078181,0.576892653422962
0.61941039028175,0.585333725050771,0.6026018703573
0.639306227578,0.594107801779169,0.610704577577618
0.705756894385421,0.669532729304174,0.658546358731346
0.722667300979231,0.693681201653757,0.681294742158155
0.675430858675606,0.664666618222804,0.674440986247771
1.41685806249743,1.3735278690009,1.46886073913908
2.26735856206321,2.20848025132234,2.29589065786225
1.48269878820563,1.47840326324423,1.58802818369659
2.33010119234015,2.30934905193077,2.44759572892925
0.9174147158623,1.05945078417811,1.01062588231212
1.05802908839521,1.26310693121021,1.18357173331468
1.39266745919942,1.45331076667536,1.33767090240043
2.2365230805412,2.28485687877486,2.17152856969739
1.45922368194182,1.58153252555733,1.41212855301652
2.30329905908185,2.43567560141454,2.22363683371276
0.569392117263976,0.564146941915587,0.578708012457503
0.593117285838479,0.583315524594239,0.618644764073602
0.593908435902322,0.610139102862642,0.591501583856016
0.639292589873151,0.656355362847011,0.6284357021598
0.609164147612538,0.645440978404941,0.611255849775428
0.636832023188185,0.688396576230437,0.650868103039942
0.715526844689798,0.763427607724625,0.711455109203553
1.29569457125401,1.31384297937835,1.29070617097774
1.2825932296231,1.30459789734895,1.25926173547044
1.26806737703459,1.30497030794836,1.28082008777044
0.583447236886775,0.628152086283075,0.595396486176506
0.643571033440875,0.658102657451716,0.62786778971141
0.594091021095503,0.669786992779561,0.62728845644482
0.68867591047791,0.777033160480638,0.708169875914649
0.570250072326771,0.654221574125823,0.616424806197709
0.578252405011167,0.645097754701624,0.608265604870088
0.598902322807506,0.747143290672003,0.663683195535318
0.640910489551444,0.827843904251119,0.705190003650947
0.630143838928325,0.819229893462869,0.692306774537167
0.700712789973129,0.862313772427946,0.745519535133454
0.848190181149178,1.04132698336004,0.824134684038717
0.994359669860459,1.1902238136606,0.934790453095757
1.16907213260507,1.41367545541284,1.02744519771107
1.15543334254183,1.34987973323425,1.06797814817837
0.598418938939714,0.670396001443727,0.637711167537204
0.626278818296863,0.678310477735301,0.658721862509773
0.658783126443722,0.744393655504309,0.682772326561436
0.707032883745336,0.805368827828111,0.730998470447424
0.740773375156428,0.819446153822518,0.741161600563677
0.795950303554841,0.867160671364479,0.776844447198627
0.864820223123129,0.990602555438147,0.865441326190773
1.52643889201395,1.17517979546994,1.15320772015076
1.4215639829548,1.27068710192833,1.34071042081447
1.31056070355057,1.31981614568482,1.09719453431534
1.94563228357749,1.67432944227351,1.59599666294069
2.00406815802652,1.60849787791992,1.4554764017006
1.29192851074762,1.6339749666373,1.17185568967947
1.71152458154734,2.15675097443499,1.66326156778306
1.70607960980214,2.10302127820226,1.65805866596052
0.761677910494015,0.779830898596765,0.730928602715203
0.920112056993925,0.892180051515541,0.851385487710524
0.710130296984608,0.706621391571171,0.690818262611407
0.71450939012857,0.727588656798542,0.730378838262773
0.762542838372206,0.703907523461986,0.689194097745931
0.851319664381209,0.785901040826522,0.769569516697622
0.892222633458641,0.790927074035855,0.713439078889798
1.33115218977917,1.31890519072096,0.753691823729657
1.55818010628489,1.58757820874221,0.852087570547911
2.0980422266004,2.13077756729651,1.37206762156428
2.01984631744789,2.11732229641258,1.39345791244975
2.0696053531974,2.11492727298779,1.37503549007417
0.982697997152485,1.02851211595906,0.833705422428182
1.57785826829127,1.64252044294743,1.38194558951511
1.52910084728482,1.57064442319806,1.31697626780816
1.51087854408116,1.63433628308306,1.39543343972023
0.702014885189249,0.661923277075663,0.644097161886704
0.761947901593985,0.70838353041351,0.698115848957504
0.676621613168029,0.633745332635487,0.601371515837682
0.73430967510236,0.658047121950402,0.622492447480107
0.645806881205619,0.627033574918537,0.5831974036121
0.719993462149326,0.67097513620472,0.626412689159946
0.676766505207475,0.653348131609004,0.612759624264028
1.26326985974529,1.18550280992825,1.19945222358823
1.23861884073142,1.2813412478784,1.26262684701348
1.21629810429784,1.22039417808233,1.18212111139066
0.625497071382128,0.630574074199537,0.586314495632833
0.665966846325823,0.665768932784813,0.616718297299021
0.662046548765028,0.645100064056631,0.610841349756651
0.718656209690231,0.67140593115131,0.64775234458949
0.706220183264492,0.684205704529605,0.652411141673917
0.728443734358225,0.716263566377052,0.678394942200414
0.839456276555926,0.76178621562304,0.726409224637584
1.02771764412211,1.19672486609054,0.882098156529911
1.15132035249579,1.17649790411894,0.945325412531701
1.66155915060682,1.38172282318739,1.27674553845489
1.16109884915894,1.28687183745744,0.971523832447432
1.65472947490714,1.82781123648762,1.47655029478334
1.63800626041391,1.8719423381323,1.51781611955734
1.68769168168918,1.79379753942459,1.48925736296118
0.724278861070428,0.699574340419832,0.678103639792755
0.800207934704793,0.743523591526137,0.743929074149753
0.752718316371255,0.718480508458038,0.698331646446042
0.788433943092383,0.744189558401869,0.729081835063224
0.817092394219756,0.770230806561603,0.764016938930917
0.889463392502241,0.839726503101441,0.845514885916218
0.888650364041307,0.835052189896571,0.828535370361808
0.788747702036711,0.736396096551747,0.725905460688724
0.855773345039535,0.795725249424551,0.782765124813552
0.750687740597141,0.695140375644119,0.681013645902635
0.76502729516386,0.707870001576575,0.698605456380712
0.764616060432268,0.696729334916939,0.680086055607379
0.829508720915901,0.762563723921305,0.753948627546112
0.800416911149718,0.721625222007273,0.707891586540062
1.09389479307695,1.1049741712647,0.887521351749721
1.08408741852249,1.14936790794496,1.00246487485196
0.975230959255798,1.10857058132083,1.31487278439993
1.41675017268969,1.80288905283282,1.94551220928155
1.3302988810514,1.48157702767112,1.52490420937048
1.80949044386088,1.93733924383544,1.95876782265037
1.80544049837514,1.9961074437215,1.97310803862815
1.8390856234095,1.98268814143724,1.94463871427364
1.34857050862618,1.64467024982824,1.81779996272964
1.85921942290213,2.11851101383369,2.265481248758
1.81417991163098,2.14796317619088,2.28277505986064
1.81688413277995,2.13705481331256,2.24319369441462
0.754982797308424,0.679240719723053,0.647986360188707
0.822694267171384,0.734775898814378,0.696552747889447
0.727139666228132,0.65881948605216,0.619854847643997
0.743102325265479,0.670191300267904,0.638610986742658
0.741763061211494,0.673265331158334,0.619459672129857
0.792511992655746,0.7137607063917,0.65483591460826
0.753223480895054,0.688119473674826,0.635484488017824
0.847316935842347,0.735538650641914,0.682949561751302
0.875612797053227,0.77976510034131,0.722777172380108
0.705516356130216,0.67882597764145,0.626645795849091
1.38057533945777,1.40155055855661,1.34508614160905
2.16861708942767,2.25576989276098,2.20187910930672
1.4780645456642,1.45105107173756,1.40726125594541
2.28023566063078,2.29947561127111,2.2736970860134
1.01516168748402,0.900041930801129,0.838437375669173
1.22724989271571,1.05203673385293,0.986539590280045
1.33797958739739,1.38817442422559,1.39529218830242
2.12747513896234,2.23295982692639,2.26249801488469
1.42876971845602,1.46184142852799,1.44552198570313
2.22246121282421,2.32159387168905,2.3091779912311
0.753495372258181,0.695283846633573,0.625773102781358
0.791639358421018,0.745008113756223,0.659577720649089
0.789635711333031,0.72162307514214,0.658278941045523
0.838230205096242,0.764753402657966,0.713471770989216
0.837391710828873,0.772937688061341,0.693780843518246
0.877114406482823,0.824099384575315,0.725569056772718
0.909624856881515,0.83260290868438,0.767574285424805
0.817228678284135,0.76791103325856,0.690978112450993
0.877407418216016,0.847177921531726,0.743328265802385
0.784297210886629,0.737235610557973,0.694516285983953
0.799176260141805,0.744784846345157,0.726052485749881
0.794147527384697,0.769196197747675,0.716737533977185
0.870398258013266,0.841612651871336,0.766896217187374
0.856136069507278,0.811179280578555,0.784126524057715
1.12884950786865,0.939180055732189,1.00944655115388
1.15073529249481,1.01252819371125,1.0056829850403
1.2075548069347,1.20268876832379,1.02969915209507
1.06850189788229,1.04681261981992,0.895418134041179
1.67720306285629,1.55285950098596,1.36365628304974
1.98635479344657,1.81576593190508,1.61587147875019
2.16740007569288,1.87231609213081,1.65808536486441
2.82538510806075,2.37025887215651,2.13173482818946
1.85922669828739,1.61338686912232,1.38021438880959
2.39345392809472,2.00736388707779,1.69760834665889
0.745718219096926,0.754269762813863,0.687176873698773
0.823398746036627,0.829388321586351,0.744613198676612
0.688690066852319,0.736665261750078,0.672200782254146
0.706022160550144,0.767569348124981,0.714352036876257
0.677508147820958,0.742752360670789,0.666902157244664
0.696113679060939,0.766759418872443,0.697331433662046
0.685862900364922,0.775595258744603,0.70114121705407
0.731818333633908,0.845939067789759,0.772042442872797
0.753568225948108,0.846512235398075,0.768646049910371
0.744952404533192,0.841140248672594,0.753265374166265
1.09748454296009,1.15622580054932,1.03604464933547
1.04573351144069,1.10177142193329,0.986106516586298
1.57571909213737,1.62848307978514,1.51202014788291
1.56681519247671,1.59777573838361,1.47431283784031
1.58456359276708,1.6056583568041,1.5385413702337
0.970116684612336,1.02769694454734,0.951341644596988
1.50615207169389,1.52226992252021,1.48091357266488
1.50799438508547,1.57199558630728,1.48347023862705
1.52177972187381,1.53175275765343,1.49156528812143
0.724328611037391,0.770920980651164,0.677076097848699
0.749058755074241,0.81382991688893,0.715989270691706
0.785716308920164,0.795761705409219,0.691558649695041
0.835488197599918,0.828938409123438,0.728429389392455
0.82671984964059,0.820311410204793,0.703486271274145
0.814882553392161,0.836899753690749,0.706096693660105
0.962265022053521,0.892033099854648,0.744544218227288
1.40975655575262,1.0778365022958,0.837338962780877
1.24486221915451,1.01565092407511,0.816291232211444
1.76046867494263,1.47605904758895,1.31098703931257
1.72937448361701,1.49739324201743,1.37639450475505
1.75788044895842,1.51158646628252,1.33285765331722
1.31228617248795,1.00300607612624,0.768119716245359
1.80151664297394,1.4774194142739,1.32542196547068
1.82477792199445,1.52444182651436,1.28375181755541
1.80801447012433,1.47131789804558,1.30257969068097
0.843660233143728,0.86753990534916,0.74930218635547
0.869526494396088,0.926430225252832,0.802117911835
0.89271139264513,0.931724241289556,0.80072153760995
0.931436278536023,0.961798502518553,0.838261415459224
0.957089724738645,1.04028480718265,0.880898341863737
1.02200710244155,1.11884807030671,0.945423259520865
1.05505493031718,1.14349580934073,0.971287057032868
0.894899103882816,1.00159292341392,0.846752357952335
0.973757271212613,1.09778507528747,0.927573375640196
0.825690960378471,0.927784746709012,0.798829322119575
0.843367015339491,0.932527702288957,0.808278254224853
0.806535257546492,0.921946654232551,0.805848219321923
0.888692038536413,1.01533730378435,0.885211793534914
0.840589002269918,0.928071291060865,0.837477163394856
1.3641963514214,1.37003509491279,1.32797443675173
1.33773938259257,1.38838728903343,1.33150748460462
1.34797304228068,1.44452572964014,1.36895795838725
0.760756540518643,0.904398592978976,0.779947632391107
0.837709905225353,0.99383960110076,0.86401391476578
0.717823072714951,0.863484782255674,0.732330466413298
0.748439010136986,0.86889249681419,0.742654487184018
0.701402060725832,0.882942798640231,0.733865579151272
0.738889111080676,0.937235851385439,0.779404932759209
0.676206601098468,0.875074094790694,0.718277129839066
0.711004422313297,0.93850757810471,0.762264930226367
0.710686570857643,0.920144747415246,0.779573427967155
1.29208996558413,1.38470094192257,1.3281822469036
1.24880625959264,1.41978249466671,1.30963596748189
1.25514561829668,1.39751648306942,1.30937534102374
0.684314644334654,0.871782451209749,0.723534232908303
0.782279368280782,0.941587420460919,0.81431514224255
0.763097854750612,0.9347776793232,0.79454155016386
0.724665254861429,0.964992746934709,0.79392269504498
1.30197364517328,1.43904117827115,1.33961315550516
1.26698862980593,1.46754341822751,1.31081412194222
1.28083350201484,1.44169582319127,1.34400398914233
0.73218629052067,0.922973079946943,0.76097056808487
0.757279590637519,0.963601175697843,0.806820858541814
0.787978346545593,0.972887306687563,0.794745381030607
0.840452543069152,1.00955002182513,0.839781252914842
0.838457822111785,1.04055060267035,0.846854587512845
0.866192649183878,1.1440985266966,0.880245693140393
0.945259515874516,1.24361373890264,0.938687826966714
1.42388522873972,1.68715693880278,1.39556848254213
1.40684414224517,1.64769275982964,1.41910963293128
1.45795568407623,1.70144407299076,1.45120868402714
0.857916472503231,1.02268471685436,0.872565606995888
0.886384026892106,1.07019229124007,0.89176795048168
0.919133334173991,1.10067266730598,0.943078133687398
0.967865320665129,1.1578711592177,1.01108538984187
0.985192531536017,1.28460221953321,0.987786299101418
1.01074084947531,1.46351304292496,1.01493720570129
1.08170010870541,1.56050992951917,1.07608462344929
0.998852864628402,1.20790750727149,0.974209674767966
1.03020027210943,1.20112901803981,0.990403791723351
1.03597399021191,1.27304773117157,1.00601600885837
1.05866054039117,1.35514659253643,1.04680176086771
1.10427349575875,1.32783584250308,1.04691393479141
1.1611062806429,1.35902351671411,1.09074694374863
1.17353284250173,1.45193042505112,1.11556810906117
1.08504371829757,1.28561897207328,1.02067638037476
1.1536629981861,1.35025656344549,1.07928596386104
1.03878373948407,1.23565763090193,0.982156085389991
1.03963520903513,1.24233956657217,0.995544525000342
1.04752007271668,1.23309839566247,0.982176764570282
1.13421894691006,1.35563716289983,1.05974339915961
1.05262912606555,1.22394311724643,0.992375320821035
1.50359369900953,1.60955102497721,1.43492158260159
1.36694277554737,1.36691162601478,1.22565507945739
1.46185974552212,1.8054455359734,1.50255560395229
1.75295753683384,2.07000696902395,1.73624138706632
1.01833750187493,1.17972858825556,0.959308063329469
1.08436648467344,1.27235665875634,1.02601373254442
0.968173883622192,1.10106368181256,0.922014793251674
0.960722065817322,1.08095312232319,0.914699181426695
0.985443624555505,1.12179470903556,0.946698473173002
1.00808786844964,1.16806835368421,0.975631131587857
0.975150855226328,1.1037074509587,0.95525408656623
1.08112529682008,1.21122795363321,1.10143156486033
1.09010322920256,1.30692577539672,1.15038979692922
1.55441579923568,1.72785135398247,1.65254604252107
1.54824533212436,1.75064564459229,1.60262708293672
1.55221790240702,1.74367237339106,1.61288747631654
1.08342960575055,1.25795919308626,1.14746395716923
1.57940131789509,1.68978075748462,1.60269904726307
1.52615096209497,1.72116450109408,1.62743834872887
1.53890123675377,1.67907031114066,1.63530753067586
1.05080306585036,1.19756569190665,1.00377931188561
1.11395146605247,1.29634748198214,1.07248416817689
1.07230531110688,1.19493645493732,1.01602374986258
1.06034128625498,1.17472999832612,1.0007507521669
1.14856414998426,1.2706209758495,1.08496309566619
1.18074708646683,1.31402701830422,1.12775245188104
1.1803202224865,1.27505131192649,1.12291253456388
1.18394592888013,1.27311223651886,1.16148222618172
1.22315753549297,1.31550734744113,1.16979464958502
1.28767826608061,1.37899344139104,1.20950851208881
1.37149200055416,1.4605506953635,1.29894932821439
1.38964214662853,1.49628920316715,1.33831829349977
1.53396425018177,1.62063119017049,1.46473882809014
1.66956336048484,1.76229132703772,1.61042765535305
1.61183102059384,1.70863111449956,1.5412096856535
1.82990766994599,1.93212860435006,1.77249819777035
2.14986445667799,2.21807580202041,2.08736423379547
1.4118580711208,1.52559080084405,1.3422506091727
1.46449424252835,1.60026925431117,1.41453339904934
1.56763552600206,1.68253628766714,1.50092390960733
1.7217666053495,1.86647775075716,1.66965214230814
1.2164055313953,1.37273516079472,1.13448664614282
1.29778304541393,1.48273311592752,1.21951677872403
1.21897178982412,1.39220551779385,1.1257174143691
1.19124925382021,1.35240067805834,1.10566305079811
1.31026090811753,1.53033643251072,1.19617413289475
1.39093835874949,1.59628728150225,1.26868000326739
1.37150096211845,1.60582418478255,1.25589247362934
1.62846317749198,1.5869990094991,1.23822537399675
1.75961461107999,1.7451521008589,1.35459195356246
1.59050481377631,1.64256838724545,1.33586502035775
1.89945373661828,1.79354708772917,1.61177614927071
1.99537653585081,1.85555851979986,1.69854778273828
2.00625106728163,1.90478743054181,1.71729657484111
2.27631104667872,2.213387407048,2.16774754078334
2.45311028516616,2.18297787106255,2.14238375541065
2.37098193017678,2.01259547370803,2.00768951649164
2.49174686979333,2.03271567517605,2.13143100233008
2.97753597610627,2.41136045604208,2.6514271367708
3.47563004094137,2.91001365744553,3.24059572438663
3.46554769501974,2.98224938035996,3.24342879652604
4.05862465727274,3.35702255742878,3.87226284966313
3.44784587081074,2.59371858273488,3.11176644931051
3.48902583199763,2.52136458723527,3.10367927090749
3.95125935804247,2.9683874236744,3.67477154187068
1.32629472703856,1.59063677852667,1.2061909934925
1.46245520097652,1.77289782264945,1.32775416220639
1.25163007223425,1.49809786979193,1.14639525561739
1.22900928280378,1.42337823207311,1.13597451724737
1.28728741795291,1.56945499386051,1.17669801450823
1.24831531012456,1.50584154626415,1.15226345371998
1.43460832806973,1.76522498383359,1.30405036531157
1.52492803260568,1.88802886045131,1.38058998150913
1.48515560655732,1.84732448392068,1.37407206459152
1.51565990908194,1.85559067818193,1.40824261666299
1.82466183269891,2.10203340518672,1.72911654002439
1.80663570859579,2.12984408581154,1.68157011252209
1.75836230113904,2.13737572430106,1.65688234366631
2.16408050104588,2.48817568001526,2.04188786863951
2.22267819731957,2.52298028648626,2.12544236605291
2.12369948608297,2.52490387429814,2.09919579705556
2.61108374579554,2.97528601294642,2.59391284831572
2.55689802089164,2.8694660232066,2.53852693221829
2.47410128809568,2.87487052034197,2.52966537514199
2.8290714797532,3.20645457988364,2.90278906230679
2.78775231000222,3.16823104027679,2.87799384041457
2.82972967668134,3.18355403173145,2.89184146951724
1.30020436402301,1.59896514562503,1.18322571658637
1.42376864647138,1.7509147132749,1.30808706997229
1.23784217761128,1.51775879670842,1.13081592077616
1.2099701516782,1.45791923151096,1.12110067354787
1.28857570286129,1.5899698342676,1.18709827108086
1.39812836637375,1.73883980422141,1.28824370954081
1.36167193954525,1.67927469854924,1.26231980072246
1.61921423518597,2.00474791971279,1.69472312967584
1.7308679324291,2.04244556969875,1.6270502889505
1.7151380688398,1.82166702499424,1.56768123594658
2.09007923752496,2.17843458882097,2.02500833626006
1.22433403946464,1.49073943065329,1.1589226363727
1.54132546552754,1.80102583271177,1.55933155513523
1.12128919652156,1.30434129846648,1.01498255499744
1.3519186464332,1.4351893833308,1.24014264231064
1.02175931391222,1.20703368719684,0.9461145359987
1.06137392178795,1.21727184289469,0.989591867086994
0.991991765214557,1.15452798151157,0.919349854961423
1.08125335839359,1.20760326804161,0.988583154170642
0.952727031295202,1.11658077520868,0.911120439897991
0.928447381752963,1.06129807471977,0.886237861879542
1.04769134874535,1.21639060483471,0.962093696570323
1.48649526381145,1.64056737810985,1.41962031851025
1.49916111511924,1.6062856363979,1.43692498591296
1.50283671679601,1.62314503884322,1.44453240809779
0.989511716752077,1.21641572861622,0.929533454700886
1.09302769666734,1.33522308913577,1.01393301019787
0.937235859465791,1.16291950673457,0.899089174116804
0.944220580703994,1.14153149153006,0.913856839662805
0.967540603681473,1.21082882744807,0.925006281386836
1.0448812888732,1.31140675723798,0.97691683983302
1.02714036369325,1.22098566302417,0.975106633076966
1.13196794934551,1.29843026269102,1.03984593087717
1.10732564563053,1.28209012553383,1.03368884080214
1.00236844255085,1.15400841530399,0.965524694206902
1.51661522530741,1.17916675388807,1.01756501227052
2.21024529472542,1.25687523666678,1.07896001856775
1.60372143200937,1.21148586993192,1.07418482327056
2.3328221226021,1.31977313766192,1.17764272943298
1.20436063178037,1.21095670950986,1.07694722460637
1.3502823839242,1.301355589526,1.16780088585593
1.50711315688055,1.18653612054039,1.00356158969978
2.21410978080524,1.27927161580141,1.06330118963011
1.56104375241622,1.21187822770184,1.05563857165474
2.26249802961896,1.31759939658122,1.14559855431534
0.941406653769791,1.18928238901953,0.902148099783391
1.03826362133667,1.27124971045238,0.991102486658312
0.889905974115985,1.13014677957781,0.853875184324373
0.906100058378002,1.12163415798235,0.858739096740293
0.87883581986993,1.11842013779034,0.842449476835366
0.899232047533983,1.16111091469742,0.876243772239143
0.82752212670894,1.03759836898708,0.804779354165032
0.885627136446059,1.04356827943525,0.844566242420022
0.875884280601142,1.07412651029495,0.838892739188522
0.797208127665029,1.01392950182501,0.807412527532892
0.886796668536655,1.06630542516268,0.871777570707808
0.868274265203068,1.02149117263764,0.861074402214006
1.38969701234126,1.48112816298324,1.3720153849348
1.3817009215394,1.45427702454569,1.35979787913459
1.38027313400261,1.46163230452549,1.37859326456496
0.900603280521554,1.10444864456641,0.88609110408804
1.38180854895545,1.56155728706814,1.38298788340088
1.4272328797417,1.55498649866787,1.39370759112905
1.41918698397572,1.51946142026399,1.39573303379265
0.979686216456316,1.18714793377059,0.897316366253165
1.05104832596846,1.25936750642105,0.955380122834954
1.05855458585897,1.27339598727767,0.945939363475367
1.06269925934464,1.35106092406051,0.968538408253244
1.20652138041666,1.36330287961881,1.04883266339722
1.30499210712733,1.33519215329453,1.12074705671534
1.21710369243994,1.51938509348621,1.09905935961198
1.49516641390073,1.8144395420458,1.52364260701581
1.50723188884919,1.80077394491877,1.39454731991778
1.31469018824913,1.69647830813772,1.2784673303264
1.79013289142242,2.18915536903719,1.953651732517
1.70289794229756,2.16108397389271,1.80466951512844
2.12946949239711,2.5765485806947,2.28299301977235
2.16314978153716,2.57644696649102,2.30454209828924
2.16535651615638,2.57265208128714,2.27069267717729
1.75839738854752,1.99464553298357,1.74656331221763
2.20505697397475,2.43400922075266,2.24451449463769
2.22815428938761,2.37973247914255,2.23696943054807
2.21288896672849,2.39827556516542,2.2283671757469
1.36701630688285,1.47934396731376,1.17258862069455
1.60170129036763,1.52928724151024,1.34492716645848
1.35369995525724,1.62345758159558,1.19915811877356
1.27263455436825,1.67217304347698,1.15615414044832
1.56723413427481,1.82030831795209,1.39934011189558
1.76479674106258,1.87132396538996,1.54580986588032
1.76738560986522,2.06831550568479,1.60168064350261
1.90297655415369,2.58035909345369,1.83604495475875
2.10862112125498,1.86241375370533,2.04094380715136
2.40325450195319,2.7291392026199,2.09133268989076
2.98981586530472,3.25042175965758,2.69969696122851
3.01518517779514,3.31842225834767,2.65970026436434
1.47810341604169,1.81688406478993,1.34019656976077
1.6265739808736,1.99767990538931,1.46363694673506
1.30256413915823,1.67565048981352,1.20443148312778
1.25279577125245,1.59628327793082,1.17909296099996
1.23451302533591,1.66229392829983,1.11850836167733
1.30296432894369,1.75631441358748,1.18180497563383
1.18057999426204,1.63923864971397,1.06425759683093
1.15892477151959,1.8884480997324,1.1075722816756
1.20935109357118,1.86196844731109,1.12231486862771
1.29835426099964,1.78196283918521,1.24343891903042
1.4718448879971,2.09440123204241,1.53292359721746
1.21203699236677,1.62735818876253,1.06899939565749
1.14392903104301,1.62912651047235,1.02283340016759
1.35830802411737,1.65591833398084,1.15246507363907
1.49349877911747,1.71296229448155,1.25537184781919
1.40856409554988,1.66615052340259,1.16650037955825
1.36293799080675,1.66327470602377,1.12274468169417
1.60305939145373,1.76836291365782,1.33407348499782
2.067534484852,1.8996616884807,1.46297984018965
1.54887408851099,2.25224396319462,1.4706964553708
1.87174725220869,1.57478953395087,1.46310797799977
2.47996353873116,1.84494627506132,1.8034002688431
2.32136272178139,1.49228726383243,1.6558414003965
2.73492641231114,1.89591487340483,2.06244105429563
2.74592046901019,1.90093096423914,2.0731523583921
2.72803289779832,1.87960640841935,2.06837108898597
2.18462653687234,2.08340824920734,1.90090548298791
2.5926899511702,2.50474273117581,2.32599466184826
2.578826119408,2.47394072367189,2.33230481735205
2.58418069125571,2.46486470727345,2.30703320523453
1.42965698415754,1.6617813547418,1.15906223399883
1.57195648988094,2.23053860374314,1.26555674788155
1.36350550395233,1.36088224425859,1.10547672518561
1.35011662887079,1.46379248671554,1.11278489831201
1.38821006183905,1.41461770350655,1.11888660854446
1.41472359734927,1.50712855432161,1.15455106426815
1.51944582000219,1.5162570687079,1.24128355864126
1.29536129687262,1.34087674568455,1.0221360475865
1.36939743422159,1.44197273142732,1.09282574484586
1.21398974388656,1.2489975884194,0.943341033895723
1.23470384622214,1.26247150128187,0.960972979442598
1.16687591110251,1.21855842226491,0.905706884406647
1.18342370950912,1.29966945069053,0.956913941280483
1.35074976680866,1.33066742520354,0.998257412203008
1.82559330812399,1.51915783703728,1.02510410527303
1.42281565683623,1.44630516982982,1.04266116057163
1.52344037372159,1.59636356435273,1.18277735893419
1.88762731422696,2.03377847905281,1.55198341752548
1.85407532499622,2.01197305238281,1.565830129015
1.99952015974047,1.8880180180018,1.54688313347303
2.27887483537574,2.27984362557917,2.04151983529914
2.48166767167625,2.3615253851861,2.01887733540764
2.5518204888292,2.26650805262774,1.90866184096075
2.98103851845918,2.68349950975288,2.33109109437187
2.80343621035242,2.6153799203823,2.33496315070063
3.21971951183201,2.7727215921059,2.42716787443493
3.58670342882683,3.11657011999587,2.82483242672755
3.57093915802764,3.15727370175323,2.80149442881476
3.57993957109235,3.11304858636065,2.82468012589625
0.993668529047448,1.06147262371239,0.798279463654559
1.00009176592604,1.03610839507527,0.784609019619092
0.930835373243124,1.04872684876561,0.793286448055299
1.03294908922228,1.16305713459135,0.883856518622232
0.804592440678224,0.959465534969079,0.736136135509242
0.787721377516989,0.929001359123739,0.709928106375255
0.90864071810528,1.10637428913486,0.847412270135856
1.35552620429478,1.55492974031545,1.30398746475199
1.38871634188281,1.54310245512603,1.41556655189443
1.50860351309223,1.5710906402486,1.37522569035744
2.20327412099837,2.13445342037371,2.12004743778751
1.83477934948689,2.00231386041691,1.76688197856132
2.2061310786536,2.26215707217453,1.98501148767521
2.63554456024096,2.62292504414465,2.36312680009982
2.95603570250946,3.10255685802431,2.82311271329397
3.05811528828072,3.26695222624326,3.00747643345489
3.63248879206523,3.77822722210166,3.49596692272698
0.778875072786545,0.925381745926086,0.768834595402809
0.950107490229979,1.08561513314725,0.9843359918021
0.714565453688877,0.849753481590663,0.706918648436908
0.776152602325982,0.88494138052965,0.729988279144937
0.711115254202029,0.84587540332836,0.764769345990549
0.794777477390715,0.924717980476983,0.909057728085887
0.785014398886506,0.90356839419802,0.941251745146987
1.03648542143614,0.956356980592563,1.71036188599486
1.02189454277282,0.93640283007282,1.81301443876217
1.51112588604227,1.41996213313495,2.38417196737673
1.55597915184236,1.39289135094566,2.35727445944302
1.56498639763334,1.43888771066502,2.38281962711809
1.03664756360786,1.03161862659185,1.32573240242865
1.44598236689875,1.34507912143927,1.81695914432778
1.38427298432632,1.14804601680138,1.922703808268
1.66781751104533,1.63447774604347,1.82280047907166
2.14788865127331,2.12701778422728,2.28179140278814
2.17118873704322,2.09224226296506,2.31036727324113
2.16876367958064,2.14879053319379,2.26298807141605
0.646220019224282,0.783674604161258,0.646448079634039
0.702894960339908,0.845612882316711,0.686641491226666
0.618655019464927,0.746846645868222,0.630803542496768
0.68223166599391,0.802549048025074,0.740783165291998
0.579347927418815,0.702947709854283,0.563615610267902
0.59904819812193,0.714502118799674,0.57447416966661
0.593041097393744,0.739534382529771,0.601311597854912
0.697668151161196,0.932156357724412,0.764272995796055
0.660767742463974,0.874728022657083,0.670905478569776
0.670417087883313,0.910348453805492,0.713676246092267
1.04227836016274,1.35428823598908,1.18333385510464
0.94585809954104,1.16145989501012,1.07308333154091
1.48020780083025,1.65618228952402,1.61044464873576
1.48983664706797,1.70439818839168,1.59641311992743
1.5222589021493,1.60669583597189,1.62481112689643
0.86809847024656,1.12915342334469,0.94491978589729
1.46068057099081,1.66550338833967,1.51168055246709
1.42995645051047,1.63212436838264,1.5334456074678
1.41959490979175,1.59702837037838,1.48908077189252
0.594503449285316,0.714634672227587,0.576962607170938
0.659283701941022,0.784446992163271,0.64552504437749
0.610668711768589,0.714374417358131,0.590140344713959
0.644327670106646,0.745361939552818,0.630500918844055
0.700555559783183,0.800187700829138,0.704890266792386
0.75434578804306,0.851251301896314,0.743968750766699
0.654446243426453,0.748876058101686,0.624109870237878
0.767386526745906,0.842712036168614,0.70961865863224
0.69776618746241,0.778599797973708,0.687510889166396
0.793185060603072,0.846600351249863,0.824269581312968
0.880903356963676,0.932606528683619,0.878144346111234
0.735521121768944,0.834080879250183,0.753077071024233
0.917025560213707,0.997230335097872,0.985330682182603
0.962673113128567,1.04418907432389,1.02855836205868
0.660851917697744,0.760918681070593,0.612865661315594
0.650819153272519,0.754281337506266,0.601813268282822
0.797789716402545,0.86701520815561,0.701886813702704
0.897876305435773,0.946559957767751,0.781161032604868
0.924611889560784,0.958290003686643,0.767766638333782
0.987039845908846,1.02258919015915,0.803934165466296
1.15980068409435,1.150236909931,0.981771919569812
1.89734261576449,1.79056531518188,1.68247152777006
1.20774056110029,1.25222019338967,1.27519874671807
1.61654493458127,1.58629340227038,1.24833946904977
2.24933642404315,2.20142230299932,1.94597491202923
2.23930190154359,2.19234945875152,1.85597085928355
0.914248412924346,0.934656157443644,0.738653908580992
1.13671641464448,1.07539804530729,0.872118942113635
0.790919859749284,0.855168383230192,0.681552594867871
0.805790221965955,0.862350810669293,0.729570169574249
0.815497168953616,0.876988047159386,0.688525774908775
0.936728545369379,0.974072795481782,0.754067176047569
0.816790090344816,0.905872604579108,0.741802101030062
0.882080574362675,0.966642065047907,0.784774104033034
0.923055022073287,1.00171321731626,0.834025287126599
0.763983728974255,0.876934675966054,0.744769266524833
0.866074628366065,0.966064395903248,0.850970140876005
1.00587244922089,1.08432866755235,0.959465483035407
0.887608250125102,1.0038032621179,0.887164716358039
1.03111913077831,1.1362430300817,1.01185447249891
0.81161573464079,0.957710431292957,0.81876449164395
0.741106850622379,0.900373544250816,0.735775294978051
0.811580280659007,1.01446423532019,0.759375454493549
0.878250162025012,1.079971009494,0.785923796289696
0.925434986628701,1.16208406370622,0.845089667288043
1.0694485166024,1.33741926682384,0.934779279751277
0.91453843053923,1.07940556750127,0.894358659385662
1.04086415338487,1.18729712923918,1.00429159093243
0.959794493005155,1.17676508879877,0.901604875454635
1.11544045167365,1.35113594732005,1.01919797703699
0.804703349050394,0.847247376215284,0.652956629529449
0.940009444066678,0.966903365303674,0.755232376239395
0.753507410240782,0.773531019657302,0.600330930128547
0.760546368993674,0.793467274346748,0.627691978173255
0.774441871200618,0.731236906779689,0.594870325385174
0.841531730842536,0.767648475109375,0.6331492617451
0.752569539770015,0.765648096302205,0.628696443748194
0.919676213784361,0.94717417510961,0.795054852406547
0.87224770689425,1.21475900417346,0.771804009813139
0.851528675440092,1.08546256898548,0.764312715147809
1.43913070205363,1.75036964062188,1.38071185520235
1.52204435974286,1.43212421540967,1.49888899861895
2.0515814697198,1.92508222818719,2.02278233817571
2.0694332461683,1.9278179567781,2.05245674072873
2.08392395607691,1.94762039449242,2.09867889466665
1.47721474821587,1.87030124615774,1.44692817308129
2.02254395095705,2.38605547447624,2.00915953872245
2.02907461769628,2.41446679397758,2.0302410443269
2.04406345980211,2.37316238664399,2.00760703035161
0.821620679498664,0.699068365078365,0.59658712060392
0.900267827799794,0.76744124779971,0.676016227831414
0.8728677391993,0.69612024773819,0.614990339142204
0.951535660643826,0.763882832504848,0.69439075383939
0.893502214233606,0.69859937344749,0.608526875856993
0.892968591985839,0.703365863437455,0.61965531315509
1.08972611277507,0.801416288930646,0.697344209545214
1.33010537181851,0.967335314515424,0.900368452887513
1.82284394539782,0.993722481837302,0.951125598141374
2.15095281417519,1.22162782806345,1.24208471311464
1.53733016320183,0.94246387472825,0.974126272694674
2.02559255624981,1.43762575484562,1.50965930005235
2.08606178765918,1.45947830012395,1.52504665775105
1.99671089208914,1.45396167478533,1.48343375986156
0.829687320594484,0.683501621318726,0.599292730700178
0.94675151146679,0.742298166989257,0.716048901143442
0.741397816053057,0.692523490133998,0.562961592359188
0.771291734142782,0.741228261978404,0.606296631590412
0.707266640307801,0.700508053240801,0.561893152107822
0.793124009827922,0.744006700466736,0.603133517884574
0.704771452002709,0.741094532480902,0.597556103189284
0.697456852680627,0.791379812610218,0.630070297858909
0.81417859999705,0.841535370995969,0.67136150334822
1.31499138577048,1.33073616127607,1.22866011077073
1.36221696069068,1.38874852846474,1.26371857179254
1.35471892013877,1.36801589738753,1.25692409730957
0.788572450164918,0.83512024422494,0.67044699745386
1.04449760620173,1.07813120826997,0.973664470036653
0.907897730349787,1.06408540277788,0.820272054140608
0.92409460053739,1.04337321851458,0.876495585963719
1.44356012653197,1.58219516440946,1.41810571152231
1.4733894669202,1.54526358332521,1.45202309592195
1.42778853637599,1.53390011992883,1.43448335144459
0.671077941857954,0.710454979384224,0.570236947796723
0.692730407762791,0.758039077972447,0.629948728444837
0.697372964306969,0.739611682665989,0.607217766662539
0.776433964000284,0.788031513323749,0.675820405628405
0.676886052958047,0.767903592246234,0.627749134449967
0.689826905083249,0.800024759044632,0.663487045338533
0.809932525217958,0.927918758015712,0.797757453475333
1.15791457802508,1.57968616876905,1.11054672706138
1.01660172204068,1.35194731631588,1.04323631821347
1.18774158193522,1.41529378965462,0.972001714013857
1.49011887323476,1.93379792079154,1.21342726534218
1.60073028332519,2.10585760261029,1.27938397399354
1.31092747884397,1.44878628593038,1.08903148225305
1.76020876282537,1.84324901301967,1.60592864477228
1.78760864973353,1.86376307135106,1.59906725214264
0.627450033321149,0.722900089234086,0.56505808936612
0.69376800870588,0.7832185514835,0.650531087042865
0.617491835855496,0.707877507297862,0.541413575273467
0.674566654548079,0.767044133707204,0.613509746096726
0.603425537132972,0.670886194494797,0.525044650057682
0.639614937889601,0.695775514173215,0.542482245942638
0.627120528332121,0.670969368668904,0.571388905704842
0.688997764797938,0.726101886611779,0.634265792674418
0.678567588711618,0.719562377162375,0.654707154193567
0.666512176701597,0.672717468848117,0.611399532098908
0.743373819292555,0.739198532269362,0.720752466804052
0.73391164995106,0.740549227661885,0.650639018213525
0.699084152992716,0.682181212487982,0.654604039458545
1.14550628344633,1.15192877363631,0.791760207635685
1.05909853213639,1.17560502964678,0.673452532768338
0.589213407457308,0.679442562017827,0.536777600249234
0.63268053789867,0.736745089289784,0.61427027513455
0.608893917335907,0.696594981361716,0.552011584700888
0.664730781754454,0.738597779367312,0.595872646381735
0.628218216314003,0.741397011096103,0.590200384847147
0.663721439256729,0.787143990274668,0.621031378735656
0.687698749591977,0.883532579259245,0.665201361849224
0.738037904673122,1.50335261303809,0.730927054134692
0.774830726831393,0.921464060716789,0.738128224205473
1.06253010862149,1.95378039308018,1.1593446684453
0.744708441261466,1.39562093875737,0.738308366703706
1.12320649285814,2.61793543058329,1.1224439418161
1.43417255805108,3.25481995503084,1.52989853709458
0.976599631848529,2.7323646939641,1.05960095328158
1.13940579728335,3.37239369339212,1.34434248369527
0.857999463526363,2.09319685812945,1.13152663340661
1.10504402715119,2.44138525310508,1.74084183210017
0.648994365544948,0.690320924392053,0.625335145603438
0.816413940076648,0.728513987931056,0.811961597259956
0.618541676607877,0.664121127910748,0.574510984140737
0.688069032824893,0.700776353202686,0.623999887778124
0.801401537115741,0.800172190951853,0.755610149621548
0.750674441684915,0.764217103220865,0.694975342553904
0.602419582593145,0.638139874152643,0.577593531667389
0.639466133411391,0.673063816952503,0.618028160528552
0.656886612932313,0.666811862039303,0.623984727660721
0.80402954241195,0.759174252083249,0.80751645339376
0.858956896508643,0.801003982192195,0.821475233453793
0.805677061502012,0.737503756817853,0.76467974229311
1.11178729570796,0.918648354098012,1.10630952589167
1.0788432726755,0.908495978093255,1.05600036583987
0.578493003751308,0.632282350789038,0.599424553056213
0.618905603060301,0.667898669278024,0.675903571916467
0.604760114241329,0.663827141576954,0.630345729433206
0.660865650158334,0.716019406024224,0.660946271543851
0.62991752346133,0.693321279106599,0.701327352152475
0.643524505882453,0.706507499727851,0.741069316929524
0.676409608516587,0.734313143893867,0.797479019937588
0.739305404593541,0.816905253576361,0.833174593189973
0.738265267159235,0.790405595232445,0.89948992768093
0.817086558983795,0.972086234422262,0.963376722073875
0.691727181082752,0.751427900309527,0.838463849690886
0.841507134770974,0.988172619613665,0.98580518314365
1.02518484507425,1.23931015304086,1.23764430817667
0.864682161353162,0.945408434338991,1.07410169878283
1.02731694176817,1.11757370634823,1.2941661772766
0.875240064895057,0.920687449627293,1.16759127492176
1.15467443798563,1.22216645228369,1.62424419502394
0.68634813659802,0.783966510425196,0.727144788672851
0.822667251875492,0.909649778982634,0.850449462969465
0.688242776127034,0.803476952720758,0.699249990586229
0.740671468080913,0.815135815807003,0.721109360132359
0.716374312470401,0.89491050772376,0.734374489187884
0.777716359394514,0.966698194422399,0.769833867715398
0.796276568196887,0.946206163946644,0.759320862099845
0.933732568193398,1.35977935799131,0.834141696992436
0.921785700375027,1.21467686587203,0.910309872913411
0.924508832492317,0.966458995054625,0.821122724120159
1.13138660133156,1.50584869003155,0.989126046368541
1.15184868787062,1.36737927387088,0.951942751973785
1.61735679658825,1.8627251163874,1.42480875833023
1.64832494504793,1.85052675656468,1.47280503492973
1.59596686800754,1.88693900523139,1.46497119250611
1.10415598662949,1.44216458871955,1.02113049772619
1.60209780018166,1.93540795986511,1.51815487797992
1.56271026562672,1.95786889993775,1.51874704000207
1.57809772209914,1.97313830342815,1.52169676860136
0.708088144672521,0.951819472133296,0.788327850239271
0.77944322707211,0.969106083634775,0.828346145604522
0.740343587016848,1.05402452672602,0.858377797030895
0.807464272835463,1.1116467308148,0.876307738956725
0.828743991606303,1.14164514219363,1.02228115132967
0.971708792627318,1.17328965627598,1.13396246683697
0.983729370587714,1.29200256106353,1.07736412453847
1.11274350772147,1.55685708169757,1.27737575405476
1.56985900208619,1.52397653690795,1.59971620009242
1.54410406685047,1.75127306816906,1.40002155216827
2.19807855338404,2.29146599266029,2.03625655051468
1.72043239109514,2.05795149752389,1.60338706494675
2.14607761254409,2.42102354490474,2.04360929680726
2.15506154095533,2.4089061693074,2.05691443217549
2.11054918496857,2.47958139401821,2.06797644547265
2.3932190103081,2.17962212296411,2.16881924113113
2.8898066423133,2.58798474479511,2.65607259616013
2.87320153166465,2.56334598976437,2.67296717040811
2.85425098646844,2.58911059016057,2.60840009348774
0.84592128904545,1.14960552007182,1.1714973511389
1.05138726730943,1.21797361261984,1.38935501502898
0.82901712568784,1.14576395384874,1.17801259930544
0.838108910579488,1.15993843281292,1.10591709616498
1.00089880130012,1.20190907365453,1.40157120960288
1.14393902826038,1.25543274379001,1.56659033369255
1.23333541867179,1.3178988899333,1.68309201711794
1.254110017103,1.3769054720274,1.82139203628494
1.41240858793235,1.40687590106708,1.91717400740042
1.40847114026234,1.39743513140649,1.8214351759807
1.71731165954407,1.50943339955028,2.22220536425377
1.77020831969409,1.5505096675781,2.31941733714002
1.27569183966365,1.49732253251583,1.56007437797437
1.72145511543444,1.83836508657741,2.15328644325466
1.64937463981428,1.90966714810788,1.75775885259214
1.38923810296543,1.56859040645126,1.65122950206811
1.84632334475412,1.90640268931273,2.09650464187189
1.84438085627512,1.84407101345276,2.3694406162481
1.43578388195241,1.74769961285379,1.34903442822765
1.78482242084782,2.10590819755493,1.69849499022411
1.81492476939475,2.0403312140346,1.6387145666018
1.76925552720385,2.03550109323015,1.70169181259854
0.949493661640244,1.16868926992126,1.29057250170958
1.42644664896363,1.44555956178683,1.47446480889696
1.28177983064614,1.14270282412504,1.05942906872505
1.87622050880266,1.36658257085125,1.04167286619158
1.33527443923643,1.08841072651598,0.935460485644255
1.62685819216865,1.19967669672067,1.05014684975681
1.56655297938439,1.1187075440234,0.897570181829547
0.925769356300342,1.00435017344881,0.823064242466773
0.834686239276613,1.09859206685866,0.861725276259839
0.888903409852664,1.00235770897861,0.809812391251829
1.11382047706399,1.1024551394417,0.919636359937629
0.785243671376386,1.04316716122281,0.788816596662029
0.851154413337067,1.14439309614927,0.856708044228781
1.14958354448065,1.27864470261981,0.950122783683607
1.25354813469204,1.41397081613288,1.2153039945282
1.2988356105888,1.78796014085383,1.55256248891977
1.52939922880049,1.67446419602879,1.37401509200363
1.77221382401236,2.2157881020777,2.10689220361308
2.01196894174581,1.86984163743253,1.76483824202065
2.40888727876517,2.29557854436758,2.21398983687462
2.40731918528278,2.24713755160347,2.27915917216417
2.39497270809914,2.26872008307829,2.20456880033242
1.70197584256037,2.46019552841637,2.1505763614891
2.08292079525262,2.89119629594289,2.6486943092341
2.04217026578776,2.93334869612532,2.65173305860746
2.10988818449407,2.93208944872172,2.65608004047131
0.67264749631693,0.93290648219919,0.756119406517964
0.895149133803933,1.03948986053169,0.895584779895211
0.716223665636754,0.84748770547186,0.691679800885833
0.849556790514542,0.892412803545312,0.715573817692955
0.935836445824313,0.822470437334091,0.706913448635543
1.04830321657248,0.895083895028639,0.783442462613024
1.25411569639338,0.876887456408096,0.771052187411659
1.72199876170502,1.46609612269591,1.28641700190721
1.66095712212423,1.30420076190585,1.34022784010547
1.72773626491737,1.35084994282879,1.30433367400666
0.96952136534992,0.772097142910262,0.687792684655214
1.43768188005806,0.814783067866588,0.82660056133525
0.680417565673158,0.744667931678298,0.662465744679731
0.781633744780728,0.790468873795479,0.764535784541481
0.643091900343596,0.70570599736771,0.628776808356353
0.640741669501063,0.718529085201781,0.621343662981013
0.721988539086359,0.74398544216164,0.674129268423456
1.18401476224023,0.954059715950933,0.773825206680454
1.27788597902719,0.965194882253934,0.741164950870872
0.944612373339654,0.889574730599933,0.740466353616747
0.910419753979791,0.883268696579872,0.779109714430439
0.633283009358366,0.687307884149371,0.634230357038543
0.729225175098902,0.744753034320205,0.719326261780624
0.618326732409256,0.675075476801473,0.619469678346974
0.660153060944171,0.726562019023413,0.659510867405011
0.634339456682075,0.698755075315909,0.651978844859206
0.694939344115408,0.752761132370893,0.732897648759236
0.679820054271194,0.967011101534789,0.798176078017896
0.837806459254569,1.59769963934348,1.25690265647134
0.801668631497037,1.71220023397033,1.38046541699
1.13626262868486,2.23536577882406,1.85142981550723
0.780146328259323,0.728417130024111,0.819206202113977
1.36984707971696,1.34025121677543,1.45655438547219
1.35053453730106,1.35466481749566,1.37906109914085
1.28778574352947,1.34650678898015,1.38358282853024
0.680705703885262,0.616594407342135,0.619221155099483
0.760888262574626,0.64690171212407,0.652831734225957
0.747163560348624,0.63173557094019,0.664239027738483
0.823141544162829,0.742869022516057,0.764660453119945
0.909533065432608,0.823157985269367,0.872866038396564
0.920181638029845,0.873693740391928,0.859022141773422
0.830524756395083,0.651335811732812,0.698497885424545
0.916517188050048,0.712559160351952,0.75507757296457
0.937407804341324,0.767434029404899,0.83518501822621
1.08274999770412,0.995809538421555,0.989990726535399
1.10742083092763,0.912370056541156,1.00853995676762
0.92251754638893,0.846195709299482,0.863171932963489
1.06048515174813,1.0916433824681,1.02796330183212
1.13141658125265,1.08424968570512,1.07803081743404
0.834022279474402,0.643922109891437,0.669321033457848
0.969424936801082,0.76273326842567,0.768768390227326
0.774516010407639,0.603587937386892,0.63143035813381
0.757369788518107,0.612254345589224,0.646352103667156
0.818287734542512,0.641481368293156,0.653800620402472
0.873883437432548,0.708802152724654,0.700504527650938
0.940023027991382,0.710118349821522,0.733574098550148
1.03663127646662,0.799376095357639,0.808115013400643
1.04307386061043,0.800385424330379,0.821067403124382
0.932142386813945,0.668383102319029,0.733746579111408
1.30110689052054,1.44107725175036,0.815928255727786
1.87750489276268,2.28949912893143,0.944645321708676
1.38482988911726,1.4697847650534,0.897931398721719
1.99570406963917,2.31587393088583,1.07455694004651
1.10795283973204,0.801597881667796,0.900600613997437
1.23432344913246,0.918319303618949,1.02189786454497
1.4150034675674,1.27399066006623,0.860677028944769
2.0350042679059,2.10106399270954,1.02317224279805
1.45944938300089,1.32020869935927,0.92966075347322
2.06760443572016,2.15422158306728,1.11630670328094
0.776016569910671,0.628003189972632,0.634223270754433
0.785735752109941,0.666942770077096,0.681207185489815
0.804590652783291,0.659634233780815,0.647610180363886
0.850900982064481,0.699957126545288,0.699316564893492
0.827145998095577,0.700559230897462,0.665138164422749
0.814565443230196,0.73892397735772,0.706191035228081
0.896624233935797,0.787676094410752,0.764573341434208
1.41627590434679,0.964590112816439,1.26229506788451
1.34209261947705,0.84599626972087,1.2131618310144
0.858669726366971,0.865105795822346,0.896984992980057
1.09699768740232,1.48111747533957,1.28710733381822
1.61202626333361,1.40789912944458,1.5243915661598
0.917470214022107,0.706381511312055,0.681887805978244
1.21087547608051,0.745871563454051,0.769354923130734
0.867457550016955,0.774892823500745,0.712641278254795
0.954576270282092,0.859378127320549,0.786143664082535
0.901373353554414,0.826053400428638,0.749123741163627
0.955283860654554,0.863541749095941,0.819767926011421
1.00641115475972,1.00351787889249,0.893201958797633
1.2986712714461,1.5199320316859,1.32263872816151
1.52979252127972,1.35920962806106,1.39535136995777
1.51389941584965,1.73826187019079,1.43111227212662
1.97549557829962,2.19489558114947,1.87322673170242
0.910132308455789,0.805007667028828,0.724389643215492
1.07865991041951,0.868140306634477,0.854977794800112
0.833496278794562,0.826354980897754,0.699237743911941
0.791984063648534,0.870026740524164,0.726596219009156
0.872843514515445,0.885176048362526,0.752480612830874
0.956347702569664,0.958328618185652,0.828108956531707
0.961742038138548,1.06247653051673,0.875674894676491
1.21606815571868,1.11384003134806,1.05439553731231
1.23229509737087,1.20425998872949,1.1579553527722
1.1328827804,1.26944610414988,1.02023699385529
1.53090721467784,1.6298387331189,1.37432997339959
1.55262472049132,1.76533718448245,1.2705672879812
1.27415432513668,1.47731956767158,1.3294994791267
1.78026034828783,2.01098720295876,1.95352636115559
1.73469164978493,2.10372781850254,1.77986004710691
0.822923044818433,0.799026124802755,0.718757283810663
0.892104228600578,0.87467021225559,0.825037803817117
0.835270857198334,0.724555520848829,0.693403094824646
0.973854452287774,0.750500682950638,0.781083057771971
0.823638309795167,0.70329530605464,0.695874146105165
0.873041309013025,0.715924006111528,0.745701188158416
0.899974538570042,0.79125986454623,0.768986227718389
0.761944282698846,0.688295205972519,0.649121098938247
0.800621745094852,0.742500158045446,0.691586718963309
0.7448190210464,0.725099699028253,0.644490190148394
0.8017773116585,0.810134217638956,0.710490408108515
0.726300277165579,0.739213175680182,0.622792815404767
0.783078131951725,0.792934447572188,0.636438611601486
0.807351804302145,0.849079607203667,0.66172512987475
1.42507523093584,1.17145610738509,0.715266858581287
1.54870904621892,1.24813475791108,0.684160879139929
2.09132685637005,1.76982766872742,1.26709209840804
2.08856667076918,1.74073510957971,1.25238464748071
2.10438018294302,1.75627253113506,1.24054362647409
1.14541219622457,1.14667520316929,0.745316779036126
1.70700469077809,1.64446531424212,1.30386269829678
1.7322044133291,1.69309367715433,1.27728563233193
1.74637717400672,1.64947119031464,1.31437586680222
0.665899094491556,0.680079734642996,0.615378218508991
0.718613401160084,0.675651903818221,0.655589040670681
0.631181844692759,0.710109559557328,0.634271471601649
0.665990568510432,0.780715562868441,0.67906712091303
0.627022734005071,0.711425481939229,0.65411424123071
0.681585282544114,0.710121582665774,0.685651815834155
0.743685088191191,0.878538117926639,0.775617399686284
1.04141568304368,1.11524130651142,1.13576011572395
0.888065842073135,1.14995361285194,1.11662167399961
1.10590810064379,1.20718541781129,1.23724275302445
1.40196419610293,1.75568113909104,1.86580164926844
1.46453909861618,1.73367657076732,1.82236648261999
1.38970336398409,1.40863943764355,1.43898799626821
1.68590650650819,1.85319218109736,2.1193018317268
1.58171236649676,1.86599047442654,1.69422435908108
1.90755077815019,1.71056971111516,1.88491601860619
2.13682455975943,2.14621520765838,2.35028006089369
2.39755276802132,1.96019315369134,2.31642601466847
2.53335678163819,2.18536622578932,2.51179264202756
2.27319062476598,2.21031670972057,2.46255358675779
3.08043195848317,2.66012650703767,3.0610168037971
3.04517022974378,2.53804255086798,3.10176640049552
3.14866964340007,2.85986345087264,3.4533037995956
3.48864837137327,2.85765652623951,3.51844701046251
0.584878054669324,0.68565781069523,0.631957905709503
0.693939397835445,0.794661551958339,0.716830246628574
0.598007272145653,0.680675729697612,0.6203364247575
0.725278435095527,0.776493621459443,0.695041088862163
0.569477127104982,0.661825447338555,0.588421498671402
0.60913223260175,0.71416091530533,0.620398272107876
0.605284345278012,0.686665803083166,0.609921104256806
0.663260102456319,0.751217084320525,0.658103520258506
0.651987795791736,0.749343483161276,0.6528144485685
0.863497222683231,0.84141047511189,0.696579822916309
0.69096936900374,0.757660235643541,0.685464170196594
1.26437446442855,1.32552414531639,1.27652815923872
1.29351942801047,1.30933980688294,1.25422501150764
1.23697184026169,1.29042616863457,1.25311837931937
0.569941916073075,0.681107427188382,0.582615374461541
0.652080636777274,0.75904470645704,0.658031897137502
0.588641702033277,0.724942811466429,0.58053202430826
0.645710211477203,0.782399123554465,0.633316130837214
0.64370680843724,0.790293610115162,0.60975524941373
0.714571550331254,0.843512709893443,0.654793461734475
0.825536583564724,0.970535338435822,0.715937570477836
1.39089879014842,1.38010883075164,1.18895429478964
1.0769625833314,1.31338329170963,1.0830138893365
1.41725957275598,1.36999896538842,1.23316565730306
1.73333269014262,1.78563970053408,1.71003465810775
2.06401168174099,1.86494177243097,1.79725500633599
1.82485309326729,1.5773098277565,1.36384999204593
2.35513867615749,2.03206404772786,1.84729302634825
2.33034600095376,2.04923247517782,1.8418580802067
0.60284177394439,0.756508014321058,0.584381859079741
0.666142377237143,0.798411972140254,0.612248599735732
0.624950340823152,0.781717462292817,0.625530401367049
0.717714839147602,0.854920667265631,0.708665161174025
0.644011598466593,0.800605462475794,0.640858508971386
0.666631726742389,0.809734526033789,0.638819117177662
0.773538252333471,0.898831935221749,0.788620113555866
1.23887094646589,1.30502208224237,1.22869311672821
1.32343260265438,1.36105238495773,1.23991051967104
1.12096407630064,1.13679722470953,1.1653983119667
1.6885364863516,1.78980404015042,1.9162924451709
1.70887008129233,1.70218273378898,1.75539913431626
1.31822078517929,1.39733661249816,1.53174203886746
1.66871491869565,1.94577985254403,1.97564458317737
1.6188650212963,1.82487809937782,2.08678872185375
1.77308240515832,1.67676829761857,1.9777109764449
2.08312320632961,1.95419904272413,2.1993670585404
2.30343798239311,2.27386008965261,2.73302180176747
2.64200549429474,2.83399131884721,3.40037090396993
2.56510829707397,2.90000192388594,3.41450303780369
3.20131376618683,3.43898841407858,4.09914364331896
2.93067678826889,2.84508745280005,3.30994918779099
3.28422906474385,3.01165703587855,3.38047509032195
3.31500270892807,3.36821496299341,3.93142710865284
0.666372589324879,0.839107897557257,0.666916479020879
0.78599124411889,0.970438456693857,0.796219727249175
0.64375325419232,0.806481832804995,0.627040590041486
0.653093453893355,0.794521162079657,0.626265932921754
0.698424622492142,0.877092644817726,0.672079718740317
0.791633424251021,0.967894868683408,0.756035602222444
0.829516972359799,1.07757664643866,0.74956790929175
1.11716449859674,1.59777584280419,0.755313787312047
1.32097829291477,1.56356903498854,0.865299864798715
1.45116733048112,1.20800455615439,0.808119572791068
1.90560870056678,1.62897115356633,1.06552247964299
2.01104380615354,1.61375580871795,0.824319523909918
1.72176611362523,1.78332751752826,1.43809395582721
2.21840707095212,2.13353922828907,1.85700365313415
1.9689836797489,2.22834720544326,1.86165778640783
2.17865358880062,1.9309697572561,1.44108544417247
2.69288085294161,2.16572192689116,1.48686590191065
2.53620961711047,2.28838740377847,1.7637934671158
2.7695961535286,2.93703453847425,2.27900936460821
2.71197751455908,3.06370705759401,2.36153653305462
3.32446749081387,3.46758983035702,2.71064670410338
3.26183817351638,2.49662507289422,1.89541203252076
3.62918087374145,2.56273446637786,1.80336784588364
3.64910839723016,2.86141148652486,2.24211994850646
0.648089573392791,0.788231508933849,0.636208937856414
0.696007782223965,0.810935383288073,0.667186586372731
0.692984164157018,0.801819305467213,0.684482937707493
0.816949335150338,0.897482158443767,0.789126915191764
0.690041024568025,0.77822695285411,0.702470796236717
0.702243668747171,0.792974303428201,0.713071812582069
0.833767738413105,0.89952869206988,0.875099458597547
1.11508715432661,1.23341066029358,1.00991666363789
1.18588712589348,1.22624251931628,1.04793148296257
1.12558064899036,1.18110226841948,1.06944657475568
1.75128527513961,1.89553686121195,1.65225808761082
1.72169937433739,1.64499702454685,1.59870571769126
0.700544674159835,0.783760312516431,0.682940023660524
0.88497219318892,1.00551556822848,0.870133251144894
0.67989931574131,0.741578312072556,0.657766676244847
0.779139151493733,0.832907313109984,0.754624526835392
0.703346208373076,0.774202885866463,0.684974390155438
0.76284578629944,0.83976767989437,0.763501663615189
0.750351583479253,0.844737964094564,0.747276017819874
0.764308013806883,0.869953600016116,0.778548581346956
0.87625333966357,0.974691089785911,0.90777917922414
1.37997089586417,1.43909033376013,1.42955983983593
1.38604514604068,1.46650725914374,1.42113694563895
1.38353871427985,1.46471247942487,1.39919998214345
0.786069819597324,0.917947480150685,0.828589530282498
0.77240469879773,1.00193326776472,0.877883197923181
0.905435136936338,1.08968872101414,0.932876849954326
0.896090999671868,1.00709812867633,0.981391391702407
1.41303245261207,1.50455109489915,1.47856050152949
1.41032641299061,1.49148564022437,1.45835879056279
1.37972126590136,1.46127102817945,1.48065825036201
0.692954052432247,0.782099433309351,0.673653140670093
0.771671928699763,0.91246413978079,0.780136283318463
0.676800469732839,0.742864194830164,0.629436593806769
0.714613560130673,0.767518807519848,0.655685804722913
0.679934136730177,0.767043310843999,0.647337792185898
0.682396461925507,0.826853821908652,0.702589208431949
0.760386313369278,0.859241455311646,0.741302146073816
0.862361051558104,0.892226509897571,0.792365959821509
0.808874449934133,0.976190106837296,0.845304341950089
1.35063130262447,1.44085091748288,1.39341728346195
1.30828379538415,1.45405316194138,1.35350404458643
1.34088822440371,1.47239075995754,1.35023334832109
0.887384333432257,1.01697648158432,0.910380097746498
1.42455557686122,1.58736578682914,1.47426281461103
1.45337978488563,1.60121755743987,1.52517804179652
0.989405704813588,1.27703856747901,1.01042204844416
1.54934667242954,1.82451467190755,1.59159025185736
1.56880816656593,1.80727970859761,1.58746061882252
1.56341463446128,1.82868950146645,1.58307356203432
0.716527387808739,0.739112906411093,0.620157055273633
0.832231657622467,0.779727457721318,0.676716828511514
0.723362606603753,0.776737533052654,0.657430288493268
0.732633244319659,0.859007543478042,0.75075595945916
0.812511912623129,0.805905764940003,0.685424422953095
0.874036222790075,0.836075143945214,0.730926441261422
0.951947161315612,0.938898861548563,0.806435792647156
1.46191328448696,1.57344638001186,1.04680525234127
1.38797826151305,1.3333527806207,1.02832669900111
1.24459679619617,1.2272526062677,0.981576766591679
1.61560854414739,1.59843434100329,1.48358823074099
1.96996367194326,2.00126475019849,1.60132301412898
1.76356534646092,1.73839969777224,1.42068828116707
2.41198607136474,2.34088946390736,2.07883751012617
2.26232607023608,2.22871106461746,2.01549173951791
1.88963842769301,1.84770073534405,1.6145493610402
2.34561514630395,2.37459824968757,2.11209199071539
2.06340188911048,2.03266197732557,1.91493748745043
2.24200921896486,2.11613183997542,2.15909294183862
2.58354608168382,2.46008270582805,2.59363369180454
2.61296414239935,2.45811468340244,2.54369908053507
2.60117779985853,2.50986790448017,2.6142666650989
0.832840669254003,0.819923558860951,0.695944777418885
0.870128101509283,0.883692845397913,0.750328144157165
0.912648043842184,0.853890168973801,0.747880600939655
0.976033044920196,0.886820220229481,0.797341971528594
1.00484592247668,0.926145818379984,0.828885419378785
1.12360796855043,0.967518403035198,0.913864660671139
1.23104011023066,1.1173599687986,1.01463005923113
1.23782937800667,1.16387691546122,1.04259739725431
1.34995016170155,1.21943266907165,1.12441912014325
1.44377192039891,1.24963873147692,1.17219625928144
1.97508462377426,1.74553215242305,1.75029897848784
1.82001923653694,1.69633874167244,1.52658373781224
0.865275725537336,0.872840696709773,0.755706031638845
0.895333534652765,0.952416855433611,0.804954519764473
0.774050280180936,0.805851777878526,0.705966580279882
0.831281297039923,0.817292688164749,0.750450061249303
0.700132565825581,0.804006010519433,0.679922341729931
0.728373997137854,0.845355642737286,0.738328783568482
0.750454205362514,0.878242949967503,0.739953737875684
0.663232408317622,0.809004354299997,0.652440319029247
0.709089166064484,0.854607958068274,0.691012341843332
0.687013613867775,0.865214833698098,0.693412670602535
0.75999260501684,0.920100948539647,0.765054107645314
0.710167195987863,0.926357913517663,0.712712657862266
0.760096872891883,0.971201484526672,0.727627726678229
0.830868030281986,0.985686411589575,0.785164845953008
0.884506904022898,1.07780062862479,0.859832703440058
0.914797732660624,1.14527842048461,0.884285308625146
1.39411733105657,1.62202905246881,1.37107378202521
1.42061887414497,1.59622663440306,1.38695855115701
1.40602150312806,1.55753857265198,1.4061643218005
0.993422703789064,1.06632910990794,0.882900336678416
1.61196816837039,1.54709649281618,1.41598888813735
1.45096556172291,1.50739983220654,1.46500144458182
1.24127024808036,1.3766432533698,1.28074922256142
1.78094327682961,1.88668247234937,1.84403463087162
1.77889665158876,1.90074284107336,1.86197033146512
1.7870684850207,1.88206594814999,1.81726191446806
0.674856326340172,0.990408941453991,0.745928790805223
0.696897322089301,1.04456195270786,0.803598525361194
0.722156048619153,1.07099308682133,0.787799507151711
0.792114044253389,1.10668901579116,0.810559442772033
0.754555200536428,1.18366846779951,0.856064576999243
0.737605579711717,1.16079554772819,0.87880020630007
0.847514807067818,1.22369281424357,0.873128927656385
0.852761216340859,1.13968805266037,0.858272605086988
0.959295581604786,1.35407701106542,0.977651296387811
0.933795445383413,1.37690242694382,0.971162418564003
1.06978763665446,1.61684195024575,1.14733034448233
0.922160081711901,1.43193668735414,1.00555932716006
1.38807894383934,1.82212318725386,1.45818766049568
1.41095448397629,1.7869997419609,1.4789934751087
1.41555367043717,1.82355661872886,1.4734442105924
1.07887113066418,1.48985574367614,1.06881315155425
1.53788104063356,1.86919650295863,1.52086199609306
1.56529941054467,1.85831770529337,1.53338315460805
1.50705287520086,1.86216683666515,1.51721670184006
0.824168544912098,1.42327873157899,1.04895892621026
0.931786702235819,1.58331988494055,1.20137431125524
0.852287069315936,1.5525068890026,1.1820400584481
0.862028288295075,1.51903314178683,1.17625982710756
0.973295608687101,1.83471696687198,1.47525872524334
1.12846021853632,2.12371047168677,1.74201790201435
1.22690219355258,2.24290178285427,1.95884629074922
1.57365003381481,2.69994877316417,2.61889626041437
1.71491278829221,2.71093975131774,2.18899425463556
1.9889169749158,3.11634309183489,2.58936189539598
1.42405434271551,2.56562969443319,2.50775457043829
1.87818705080966,2.93583069388369,2.93418018048504
1.88135985172787,2.90980336337554,2.95565395191622
1.85763334186145,2.9284862090642,2.9020925586157
0.839298119021413,1.56475289368876,1.26222097750882
0.91725305888603,1.72047261995206,1.52373755121689
0.766922645639939,1.29141657483394,1.01978630028079
0.830910946344507,1.27752471981658,1.07264608524585
0.732308085334967,1.19237973780562,1.00614842189659
0.756464865219058,1.25342346470504,1.11513818751026
0.902039814129478,1.3996576628176,1.4564873356436
1.06541138367522,1.92024737948153,1.92423792938213
1.05273246875473,1.69247294772601,1.72252980932367
1.12426664749578,1.97001936733282,2.08350603898495
1.73770315683465,2.4095197198769,2.63501035713344
1.48052591108982,2.37399337794722,2.40516851165286
1.51629843694224,2.60734471794609,2.41185860562233
1.80070408163042,3.09624183932383,2.86662683665859
2.27342937160175,3.28191604675677,2.81665784403834
2.41118676487257,3.42553556357936,3.04084805711577
2.91627888724307,3.92199457780798,3.2061460427731
0.702200181786429,1.06931699529022,0.831658999687103
0.783398478104817,1.11374743583204,0.940415248139492
0.702442800053461,1.03598010926873,0.836123986367794
0.78719182832736,1.13207361912501,1.04203129753298
0.694074634317834,0.989857968794696,0.763313913939169
0.680522487390643,0.982382438955055,0.757032639194888
0.749269620793646,1.01557306070324,0.832217419494276
0.825805808794518,1.09008517153599,0.926354094164956
0.797370482525187,1.04856962504158,0.872343479566443
0.767711208685184,1.02168827858778,0.873727164463773
0.861065754188632,1.1169363652511,1.0034756631376
0.946271998127429,1.20642042351421,1.09786216549756
0.920316564296314,1.16912748807632,1.05379475437808
1.04866300701817,1.29760474092551,1.18945403696333
0.871557098454141,1.09901832614238,0.962208814910661
0.779768378524007,1.01040234089957,0.855877497508321
0.803338828687333,1.02422919437751,0.843910528628318
0.823335404076111,1.04924198020522,0.860885162295025
0.898104229361875,1.1049046367964,0.921719460385052
0.984361503921082,1.18667192362158,0.993891739606097
0.964778803762966,1.17382281869752,1.01996771217723
1.08404480876462,1.29583929056647,1.14527605251543
0.970909836173899,1.16839897843251,0.993556387627572
1.09691034189658,1.28152536436322,1.09375806735971
0.71838752197997,1.00768765353285,0.755555692958057
0.828371020204754,1.12653203202292,0.82194604749875
0.691718335183509,0.96875096331775,0.746717293751418
0.703834939869767,0.975867157044224,0.774739443111742
0.715452784616078,0.988420887511909,0.754597038632568
0.748038380127466,1.044254723805,0.782212792378757
0.758996662131675,1.06351214077313,0.813402060045155
0.799731857578206,1.10919546849173,1.07821876888314
0.843453124572608,1.14384486434791,1.2462319341643
0.778898943840242,1.16551374422366,0.96855625340614
0.769177776387032,1.19811703567965,1.55373160344983
0.915853719422561,1.34008038866995,1.24528364423543
1.41167084704172,1.7523809602574,1.79217954304332
1.43506114029354,1.74266386377077,1.73772109051712
1.41683870673389,1.73649442826571,1.73558284838693
0.894256648570231,1.30054119987804,1.51970618966905
1.39489652627115,1.70726137507522,2.01704574285705
1.41187155262345,1.72023100652875,2.03503360864153
1.40790709550592,1.70087927856217,2.01763656637598
0.73157217379912,0.95825806759132,0.752883679215648
0.876727587510858,0.997552467040457,0.920706306722237
0.79157940869609,1.06361483056257,0.821326331356372
0.94383131297925,1.21229053045788,1.01423051637291
0.812112837990416,1.07717578011837,0.822661344063158
0.86078041875378,1.1593324718869,0.831442184041511
0.915763928461978,1.14605478550823,0.889596781701477
0.9620467879605,1.22118049133636,0.957745273133331
0.999003468581628,1.23974286148037,0.980551484106456
0.982567914068087,1.20755777936504,0.899975864084862
0.98923676143302,1.29519272407234,0.917225406024715
1.16350085991612,1.40237982475912,1.06627150781943
1.60082298719858,1.77722949699057,1.52834360197689
1.62364125247213,1.80097702443559,1.54403227685311
1.59349123458575,1.85271136178695,1.53563146879973
1.07942571575708,1.36246458029129,0.994910644630998
1.51417491225095,1.76610475704675,1.47083547071347
1.54194112951374,1.79004653604111,1.49190701675129
1.53861676164853,1.77646216758105,1.4560987130494
0.760608213606623,1.07702976395409,0.862467601869441
0.776042723854196,1.15052446295713,0.881242445359581
0.834673536513371,1.15892695337661,0.99987093221159
0.988433818117969,1.29380414824693,1.13016888229144
0.797846849282657,1.21895086005091,1.03352994093195
0.846978824313083,1.27439543681833,1.16404499172131
0.913625040523858,1.47925681439309,1.12316085099373
1.08235050607269,1.72871553610355,1.35895627704238
1.14547678516301,1.94448341841883,1.46673616709497
1.41322739380907,2.2843861163826,1.88449218087171
0.983536270785048,1.88786236405525,1.27413912048002
1.47474588041573,2.3379878676795,1.74089356758777
1.46829323813133,2.35164018875534,1.71485606959303
1.44909488294995,2.25135982029388,1.69856890606746
0.762891773618924,1.14736490939971,1.02510873556098
0.832874513047233,1.1638299881936,1.04484003253012
0.774707291385264,1.1947682725008,1.11260485980105
0.81847278047729,1.29261361540118,1.17354986996148
0.802876728873643,1.17833895108583,1.16221103833729
0.826498765379066,1.1565031714565,1.1378273433964
0.908264119571612,1.3667383011067,1.32227331123029
1.37463587754426,1.54080680263817,1.59759638564406
1.19463979027592,1.81590536890565,1.52287336218945
1.29165101834705,2.00281434573089,1.34913235993836
1.77526660379199,2.10563384793192,1.52026990405261
0.825545887266474,1.11792823154136,1.17091174911307
0.857496993620365,1.06384399775692,1.18172463434334
0.873913148039917,1.18366365609287,1.21994451216334
0.899671643024562,1.28220440829122,1.26177326065757
0.947094437198974,1.17375164665463,1.26527488498712
0.969478049020342,1.16186122193167,1.31601159065719
1.05965622959678,1.3399414479947,1.37072148768277
1.09422497784131,1.43095978258895,1.43036038221169
1.1480798068498,1.46390413869766,1.40002486665015
1.12585986242239,1.33807723951131,1.44010049217721
1.10563781308828,1.30926263686933,1.41918824002841
1.13339095612255,1.35875752530102,1.40860480181666
1.20753694872443,1.36645162574992,1.5198442084695
1.2804116736468,1.42813186943523,1.5659592905299
1.34812983703453,1.48045421962933,1.66385368192897
1.50425509606704,1.62095977706326,1.8180907490015
1.47543677431093,1.58915229540423,1.80495153892778
1.34761447284134,1.5114077909366,1.63715256346379
1.51241092094122,1.66765974812726,1.76472194654655
1.45888490974408,1.59192386041354,1.7534323501663
1.69670263790055,1.81783705827987,1.97086547719999
0.95604230225423,1.11562133005561,1.20421397849843
1.01759885810735,1.09312435222721,1.24564543807129
0.935959634683006,1.14416993114619,1.14620029393223
0.929120932461829,1.20427988121804,1.15966232437093
0.97753224349057,1.14327745407285,1.11149582886891
1.07230020144713,1.20652053255512,1.19022793961533
1.00802339967999,1.24340964506216,1.10454526600013
1.24114541016644,1.69900268637402,1.27232780100055
1.07280636696611,1.42015153607837,1.23029679649301
0.992241778915382,1.49382208173113,1.1915251004006
1.04757637177104,1.62719845014933,1.28512771490006
0.953153199538151,1.06150699165526,1.04968816617732
1.03834737969128,1.10327059061381,1.10696805434664
0.874920638522121,1.00780395339865,0.981022012621423
0.845790205618468,1.03563297197159,0.982291875270537
0.884158276826769,0.987291617026182,0.954835536030401
0.950090529197278,1.04754061816984,0.97990414949344
0.844400035087924,1.01013607263007,0.912081023872386
1.3323226618982,1.44038325168659,1.32827995457362
1.33816377365342,1.47067828497268,1.41224213510857
1.34915400823773,1.46805793298987,1.39841772718084
0.933905322817678,0.971961265269646,1.01875270896987
1.01266646696275,1.04228838596261,1.06736882874485
0.933753212356317,0.942801125274134,1.07192562692834
0.919914492463203,0.951671050752578,1.07846454045393
1.00585066747213,0.960766321193617,1.16861176624794
1.02902196678889,0.994670511378572,1.17064930681109
1.01669380480843,0.978175779295774,1.24535034443587
1.19241128179803,1.02330626524193,1.34328814695635
1.26361023120043,1.02882995612964,1.38545468534623
1.19014799342558,1.0032779629523,1.30318748529198
1.57540916808059,1.23234379223248,1.56934698245933
1.63818582835988,1.23517495090837,1.5737107634716
1.32899376340409,1.16754521939579,1.38804513593902
1.76981064433198,1.50041278231868,1.67088529807608
1.59412541087198,1.47339078751152,1.82709966265906
1.90491451783171,1.16851205719833,1.33868026636472
2.29221241743267,1.27319543988203,1.46784516627442
2.3365165490815,1.45593920362785,1.60653417444274
2.4284392730518,1.98594205724679,2.02004309090664
2.30324142594846,2.14086672325676,2.14887804104878
2.90930703249339,2.34729224160773,2.36493759262174
3.08005739111254,1.54778386140495,1.85957941964478
3.41066474553991,1.54920716286314,1.96538983457261
3.44842374321267,1.88471703210395,2.17707637530125
1.10428306444464,1.01565770473605,1.25665629300452
1.2083863083691,1.09536095353797,1.34713930033411
1.10910224957096,1.04136630379329,1.27004190404568
1.0664130775212,1.03830240086185,1.24283673260643
1.21533593086986,1.138013998136,1.36036495131354
1.30308354290124,1.1826986798747,1.45603086786975
1.23068967060997,1.20497587205347,1.39357238704998
1.20211144046448,1.20696179759766,1.330043919784
1.34050704862923,1.30874909230441,1.47183253240445
1.26900874733241,1.24469871854487,1.487863333864
1.24675970410336,1.26155916227352,1.48412980822246
1.33373234038773,1.38485159634673,1.52942029993817
1.42968905583636,1.38089965249805,1.65290061436353
1.70057684887583,1.66148295379959,1.87964943738819
1.58904502441947,1.52453801627852,1.93927275408881
1.56821114765307,1.55085637277467,1.65698984535358
1.69043047793266,1.65151146203628,1.82652735681597
1.82226686941735,1.79007402040824,1.78468356860488
1.76674844436833,1.7335479268671,1.82887392233356
2.06437051471628,2.03722075457023,2.14041243037447
2.06629436777982,2.05773189641372,2.10121999273698
2.08609760892001,2.0215285708038,2.11795516573971
1.2536945066967,1.20571504240644,1.35057479571597
1.38938467622426,1.33322998737282,1.47604041939262
1.17787694082001,1.1811736083703,1.2471097892738
1.11555158820799,1.14406623549098,1.20174344983423
1.22172066945798,1.27125152498223,1.24386789802469
1.314070161556,1.38144153811581,1.3448649331866
1.15781612450376,1.26628533578419,1.14582867698808
1.11250833995068,1.23848665393222,1.11532604918781
1.23459367108919,1.41413425223067,1.19181209013994
1.17900642382178,1.35711562389737,1.17393477944465
1.28080977571993,1.55816989967416,1.32144031080923
1.22731593354081,1.45850383943172,1.20755643624441
1.66570273545965,1.86531451971925,1.60751813935037
1.62209569421152,1.8497110575062,1.64039549711722
1.64378399841306,1.86654989132368,1.63517325654773
1.35337955620774,1.70951208844475,1.33247425594159
1.74293526076714,2.11784561413873,1.73139714636021
1.78690391876685,2.08366387220119,1.75167923945679
1.76224032210002,2.13560499730816,1.75101840223417
1.26935190230085,1.31798435271034,1.27410880505798
1.39573093714201,1.48397829925949,1.37898117849332
1.23276683760174,1.25039682078619,1.25541047283408
1.21485481420351,1.20418598044003,1.26220218102703
1.28617343252029,1.32023657600659,1.30079527026051
1.30520957524827,1.31881184416583,1.34528084736259
1.41038527464314,1.42902954532314,1.4236819244347
1.22794027621219,1.35252312879344,1.20059997000445
1.3431130643892,1.50363106057799,1.3043292653297
1.11357203404344,1.28609679932393,1.06819369553775
1.08695633830171,1.23167488026465,1.07046280645386
1.08649545375101,1.3540141159219,0.988852690298355
1.18195063865102,1.49027479482084,1.05494973514761
1.09730242102127,1.43214967487323,0.986615226876087
1.11406907808231,1.61732292489572,0.980642706049047
1.16241367960256,1.4854412605725,0.981756276649358
1.2262869818899,1.620516689705,1.14857316910742
1.33871062108609,1.80150670247217,1.27931369358574
1.26147187046488,1.85104670904297,1.179277315197
1.70020540115605,2.21119669352767,1.55534980811764
1.6044163561833,2.21000443060559,1.63382510947643
1.66118257150563,2.16092853399393,1.5826815829429
1.44500224905896,1.78194998858506,1.33396131248957
1.85689116797337,2.13672833163182,1.74594713180998
1.80770179801598,2.15068478386303,1.73023967122587
1.8759747770722,2.12235768688521,1.7611187661392
0.999512739742911,1.29289548334789,0.893982877873138
1.03366057911052,1.27136439087625,0.990511078111102
1.01085864637026,1.38630775469799,0.849932280544568
1.13242913800831,1.5205513248031,0.962533829795993
0.95555523000702,1.38257840092952,0.781304090103311
0.947683064673745,1.38917819404224,0.782230982360657
1.08266763969054,1.64846600445091,0.87741197231642
1.20467567890245,1.77559490925989,0.964957003829257
1.18120614971261,1.85955885510652,0.898819041806736
1.243860402831,2.08026582009254,1.0075613854641
1.49738590613703,2.39904197698869,1.2328213197802
1.49101283354076,2.4650566207143,1.26670711902701
1.52449119934232,2.56762546957871,1.24237552639002
1.93007851325875,2.84944316505754,1.69580035624398
1.95214328704306,2.93350298476314,1.72668147585642
1.82867447967677,3.10406732873546,1.46157535094718
2.16800881705342,3.41313183327095,1.84535166476069
2.1931454124429,3.32525676511136,1.84975788548285
2.23903062230142,3.78071341588877,1.82314765580329
2.58037503707142,4.12953681332406,2.15560843164622
2.55137275040158,4.11977893507756,2.19391201848182
2.60628753896895,4.1045389781512,2.20481871640203
0.897683532992038,1.23976287981588,0.735440792617321
0.984186104458461,1.27988684892924,0.807624337222537
0.827213930011836,1.19701767057194,0.693932966130543
0.855453817530049,1.29644225588459,0.734991253409015
0.787027564860273,1.13842833186914,0.663330490606269
0.841474529804869,1.12529724610908,0.69453422924643
0.79286364720618,1.27819533376154,0.695832754757151
0.887549154250573,1.52481405468179,0.777553088753874
0.837560143967997,1.45482755851879,0.741121265839933
0.821325516745214,1.45190692471266,0.755527000254929
1.15314623631786,1.83416604010237,0.841241569646364
0.804206242262842,1.11734747097033,0.662761643174729
0.888239753863617,1.28773249742042,0.72474627551799
0.831052412742384,1.08603272965794,0.663556338130962
0.873149453757453,1.17501144714707,0.703127115245218
0.905076557482256,1.13296060816685,0.672096430829764
0.990934453416455,1.2098615342347,0.718514403780581
1.04435254083519,1.30473808011697,0.747009283393962
1.13759863575843,1.61258942598692,0.781333375834438
1.04587387133288,1.79387063684161,0.784650553692815
1.25348206062458,2.01841018029178,1.18533734883615
1.23538231920967,1.47442077160579,0.895217812037259
1.67748613570004,1.92682215915959,1.38577760984391
1.65346911475392,1.8779567103009,1.41588051478325
1.64690454097942,1.92314968698445,1.40716886521666
0.836384488839004,1.19405679516252,0.634681356306745
0.96160790190676,1.49658508677775,0.681930726540672
0.731513987500211,1.3628333099712,0.640357858792728
0.747657454848734,1.6116941049673,0.696076208362637
0.717977422336093,1.58658877183234,0.649881216704158
0.761711887848339,1.88726276022109,0.723589395755253
0.798222140209815,1.98403689906806,0.699305400638734
0.67927087151702,1.2067249585883,0.617358912119464
0.773003252673002,1.26096871591599,0.676704478868565
0.704345430627487,1.13026096878594,0.659748397355052
0.848833753232725,1.38922006413455,0.772174761503854
0.705087784025404,0.96692111779521,0.693134369610994
0.706847273798983,0.950038202140755,0.725767542914957
0.727994567381725,1.06331995917465,0.724829127351965
0.820616784219912,1.33842561947205,0.820302248355988
0.784284074310016,1.20748711787448,0.862364866501811
0.7276080387655,0.871854102406099,0.813289646976709
0.841007530100151,0.946241133462378,1.06950537083089
0.699815685986324,0.950612800705134,0.666754046844465
0.78068878513386,0.88630792446736,0.792113627222842
0.849244660095394,0.883112668391888,0.896624101731337
0.81555473715778,1.07096813552693,0.710034190466027
0.960128090759732,1.23343660346186,0.881566427812732
0.846724811333996,1.03934084544123,0.750845804852563
1.0189711787473,1.2202115562491,0.919801054833286
0.764690021303989,1.11499167145124,0.807174748119735
0.8747714589722,1.2932007051235,1.01739107933926
0.768556295115445,1.15298656397498,0.85534921800318
0.783968149548333,1.15664840710012,0.904917320587823
0.815481710987394,1.29941690719774,0.997098179799949
0.855219374179802,1.42416279943604,1.0693945765987
0.856972852534133,1.42461229701887,1.03382562663185
1.32508969275905,1.75869251711983,1.50205828440105
1.38222532929478,1.83277079633301,1.48683668910658
1.36811418313527,1.81701903808789,1.44359966887972
0.900030222923821,1.35042237900077,1.15088595814387
1.62087052025332,1.60038783935925,1.96241211994369
1.25911552409968,1.32975057005402,1.17534171747725
1.95108140839221,1.36085751476495,1.7463326648395
1.36444463647272,1.48787967429153,1.25085278251191
1.59753164188857,1.76472119023529,1.43987990930866
1.47517063360956,1.64432036925705,1.34440289374659
1.19411177762867,1.27545323507561,1.15447722461449
1.23564086410906,1.424328195226,1.82636179427217
1.23270364614872,1.278055879111,1.13367258522795
1.40789072946002,1.5724651278948,1.6955825981057
1.20807733002463,1.17102515873836,1.1003993780518
1.33850342607103,1.22803045235905,1.27952092096104
1.31663791313912,1.34950399646164,1.24115223749576
1.05735181703556,0.9729572464186,0.892399970909696
1.06717382661707,1.02992476087853,0.970734741970115
1.07528685609282,0.911840975415164,0.816860233577061
1.21867165775347,1.06755204873911,0.969275721973557
1.03277431801324,0.785593283167122,0.686140024259345
1.04821143548485,0.775210960549818,0.701957580367538
1.25119964435787,0.860502405500928,0.662791556188809
1.70355791189665,1.15504360531098,0.683523204508233
1.91570852990401,1.14774125490524,0.745811771670568
2.38519501879689,1.64453510881657,1.28953717791398
2.37478606482335,1.60245373494332,1.30906954073901
2.42725142395645,1.69880716704784,1.28866857272283
1.44935319576435,1.13691777821136,0.759248963098255
1.90107333651288,1.79039931522256,1.10744652262655
1.80258202266638,1.59391487984719,0.946217797701849
1.88939527717659,1.68701556789192,0.869942740613222
2.31777754572779,2.20070721955968,1.41403523959454
2.31928565882868,2.21416291265456,1.40376012635972
2.28899689622765,2.21016316922073,1.42737879727412
0.915019274686282,0.738595881225921,0.698357241683272
0.967724760559499,0.83527819252068,0.843506477494465
0.870927259503018,0.673219624779074,0.650839482187278
0.955223523910088,0.680460412277983,0.660003512577417
0.830449472817081,0.664322910623268,0.660098409520095
0.805794358623255,0.708246231375051,0.682700069022353
0.869842195370745,0.660952518463306,0.685679875040217
1.03449724737834,0.682379631182306,0.794627666507976
1.01110758347955,0.701535802984256,0.782660914828351
0.830880740491367,0.819886913536235,0.773021000372252
0.730069701126415,0.693441143918713,0.679681647132743
0.793656374098304,0.79667938303972,0.875339117652447
1.01522661599601,0.972121184420824,1.06596506238737
0.864512829570806,0.886865010933653,0.854085076479561
1.08193625903151,1.09948383729055,0.969522790505851
0.940635835799549,0.945308372290087,0.777930844948377
1.32809770242965,1.30796688634332,0.90829557720507
0.974554738443636,0.659794552899885,0.881400936347121
1.60045640070151,0.696511949082739,1.84684849803704
0.704007376852013,0.682198231155189,0.586663222651503
0.922474689919262,0.734090453034974,1.20770707574582
0.719470297741992,0.698366870096918,0.567074595691434
0.775796664880419,0.748916116471854,0.660009850113721
0.786595132297182,0.725248654501192,0.633013772524493
0.992672968793644,0.745529458820435,0.696689359851242
1.11422011675411,0.809697411714804,0.793961072021506
1.64578051688732,0.75261376082355,0.632729306828533
2.21862855768526,0.832233232238713,0.706923594492382
2.42478468031266,0.834053526377142,0.67214386652788
2.60845707940924,0.898987712147937,0.711218005099578
3.07141225051685,0.906166724750898,0.709114374009436
0.689215642018877,0.700251160044113,0.560806390021356
0.818280991519727,0.787864011856125,0.6562015417224
0.651200383140019,0.721935609972325,0.59080651789506
0.725951399179742,0.82100246656542,0.69520341675468
0.65155783478128,0.722183533759238,0.580243799561091
0.641089479992253,0.725968689711161,0.5800510262721
0.704794967496905,0.741359859736436,0.622441551715372
0.809769715349715,0.822544589993587,0.693292201941928
0.808266870662313,0.829843928322399,0.71872306241706
0.657925285408136,0.707681919690939,0.607634788255628
0.669161711936135,0.743865848519866,0.660160561236729
0.742154849163763,0.806370707354081,0.730589118587051
0.674112346476066,0.777916341675663,0.702344346049672
0.709261697954623,0.831048700091167,0.767321998979438
0.695440551694566,0.770989350161055,0.68499309322108
0.687408106551975,0.727508839517202,0.630423737602066
0.786709259930998,0.793300799475036,0.687208660207395
0.839153291366552,0.833185746642274,0.732317917487798
0.895021282558649,0.89034920382256,0.773296866405628
1.02951479731155,1.00076432917339,0.868440988550796
0.794661863731609,0.871078947849049,0.777187189945583
0.851351862090006,0.967146274768412,0.873443361488537
0.900005914929563,0.928713954508962,0.812431552673181
1.03153028011689,1.0523922854973,0.921736321247276
0.692107042638447,0.751106063575911,0.592097588570887
0.794653552634131,0.812668314261525,0.725990033952916
0.689524054786679,0.757924126928532,0.566207161090764
0.697677785300092,0.775917505287021,0.609809207008185
0.74633157438671,0.789367249520572,0.588526470201856
0.802210235242146,0.812815844237503,0.623733507754425
0.788621262113025,0.837471638236774,0.72556010041924
0.844804443687943,0.872318800548152,0.817163161966358
0.916350658509449,0.924131880782688,0.835499853044783
0.870710028657196,0.838054610495986,0.946734943932154
1.37312558783323,0.819682879325505,1.47217867766771
1.22632641871947,0.916484637932882,1.30530280487421
1.30929934288431,0.874278481121258,1.12536211294639
1.92830061652241,0.969986162567037,1.51053199161617
1.96435079805515,0.86588773722457,1.64986316986314
1.71291010921202,0.924530783487469,1.77225785502223
2.09562819271249,1.01438506832581,2.19884730011109
2.41427901701737,0.913986838457629,2.55340246236173
2.89812127640395,0.879709618733434,2.91539532140452
2.94210030868163,0.846286648233807,2.71302432296278
3.5395159857332,0.954679353221415,3.688265831276
3.19803651110951,1.01915052215144,3.47235678171598
3.46184505685584,1.09124889121352,3.68136705339727
3.74350443022902,1.0638941864244,4.12373945664521
0.79229115781647,0.802056887481916,0.571590874710101
0.794373381998523,0.879676247962029,0.633025497824817
0.931632845392228,0.828652455872736,0.581038250605101
1.05404464794744,0.887996781519022,0.635195087789379
1.01458047921163,0.871520393349862,0.61127198842137
0.949307180230733,0.859003129295007,0.689517293905436
1.15461061645152,0.976617778895201,0.627812525989601
1.31184588993628,1.34885581430589,0.631155199804493
1.31882761158002,1.61357975197473,0.790710354799715
1.72372232414026,2.12927467754967,1.35452157145809
1.71670485398182,2.08727296633035,1.32663464645119
1.72458346775746,2.10292584879211,1.34152066282481
1.18749759730773,1.25668992134704,0.747787061213244
1.63635789025756,1.90075505208387,1.22842322241051
1.64164631180411,1.83545211193265,1.23071324280222
1.47056785011167,1.51182270895393,0.964626744742659
1.95687119872748,1.98644371498173,1.55664016823909
1.97340273103068,1.95187749239969,1.5210927684553
1.93640776306122,1.99082373102814,1.53515559746549
1.25434083662351,1.10728505197494,0.646218679053816
1.46029420393881,1.30426053925945,0.674653346193589
1.36040714993173,1.24513320313539,0.759086831540377
1.29683732108683,1.19213484739082,0.850744567062955
1.67942027708409,1.59464170363212,0.831254130722079
2.09811748989517,1.95282026908178,0.884301606478314
1.88303372728657,1.84214444630434,0.982123890007728
2.21652532765391,2.18882120375265,1.44298380555408
2.25683770666433,2.20272168541958,1.46643469603759
2.24877050156329,2.22781801529958,1.4929452244216
1.72653446031252,1.67359792396954,0.911903211017351
1.63117632963483,1.83000542723896,1.05425438686484
2.30207885654323,2.08527550436713,1.00074656252533
2.70632803198944,2.44221573239068,1.05283458284011
2.54094175339522,2.35854940766438,1.14820220984334
3.25047352070246,2.83546267627011,1.30781397699432
2.80418800573692,2.58760714279889,1.33769139847961
2.00562724380482,2.08778788726389,0.989431832181249
1.81759389620437,1.9465301340563,0.995030434339511
2.31261948599148,2.43582569908775,0.960219596297693
2.75755879390002,2.84807918307675,1.05119206540359
2.46144571824517,2.5417429320627,0.884027670054562
2.75476984993956,2.66605477718279,0.893671638771675
3.4036463937544,3.4401172778497,0.991205239386682
3.40102886074059,3.63044472857989,1.08751470463628
3.71369964022591,3.64372680956808,1.07098539228628
4.3339784205476,4.23899083435999,1.11382786349943
4.3740119440552,4.44586906878857,1.25082060072233
5.0237886890614,4.81606084801357,1.23909018332149
4.71091025820388,4.48786284033474,1.21089559985095
4.88860845357471,4.73645121296325,1.53083959737404
5.26328851940488,4.912748951036,1.7678763107762
5.44341539986237,5.08772551373663,2.30300357630118
5.68831844907862,5.2999483553458,1.9330519014298
1.91966829506258,2.09439968187699,0.882904795597536
2.52883406275269,2.69239008636879,1.02808861810453
1.37961735367104,1.60009330240509,0.946519182837792
1.5684094605844,1.88372419117402,1.04173485515472
1.59852988710952,1.48788610639234,1.09013681596165
2.04227018558736,1.72685495401963,1.24465529708178
2.17701778981742,1.82719630121239,1.20557166419435
1.42220408088752,1.38240547376582,1.13311259650208
1.7712107362742,1.68850396596777,1.41291686782248
1.16503416329992,1.15144566002138,1.0411995085921
1.29870055591541,1.18596256678656,1.041056745734
1.04795460061172,1.10219364882615,1.16100568723638
1.16523509186958,1.21297368349575,1.28267439843671
1.03579927695753,1.13849426393089,1.30939771673874
1.41026786411421,1.47402929849045,2.00181419496045
1.41547072091852,1.48709710000768,1.96050111730748
1.05948027005412,1.20164774606372,1.09404612787476
1.43444915692461,1.67292281679001,1.69880678168582
1.44348214263684,1.58482128970671,1.55962703224126
1.92676035876886,2.0242847893034,2.08592091327346
1.95019177617938,2.05369389377387,2.02449481144462
1.91811948547584,2.07333902400288,2.08151254111578
1.53038492549032,1.67220151713715,1.93371060103983
1.99277249236862,2.1459850277386,2.47141912704099
2.03032383063477,2.13836332694712,2.50470358297781
1.98365391498951,2.14395733300716,2.45476909747115
0.967111359860865,1.0329243600346,1.16127746296418
1.01630389853048,1.00894819178089,1.1935368343689
0.988264346365285,1.10627555044019,1.26757354247091
1.09496059088201,1.20573761938098,1.36766528212625
0.999731383017199,1.13865745040564,1.34472456808544
1.02361660428908,1.15889632424812,1.37355074074556
1.20138221269036,1.33651961406413,1.59637004351158
1.70528791833478,1.79049021859071,1.83191314545023
1.64179882693381,1.75597876358898,1.92884461223581
1.69585901783325,1.7359351361493,1.97600237360347
2.05535774246544,2.12239600889385,2.2679670331419
0.928749117558903,1.07704659262559,1.25746816166141
0.924047793130981,1.05648226945883,1.23110901401367
0.936373994393668,1.10023432274626,1.27503653447639
0.99831340758383,1.16856402929248,1.36039899704455
0.902579238824782,1.06558978480589,1.23320618840957
0.880230483004941,1.03029578099087,1.19455808767465
0.97691324300813,1.16147027015904,1.29982796141233
1.0518991900569,1.2218082595955,1.34926191293324
1.07569263525809,1.26154563013196,1.39828006501198
0.958605094535617,1.16038590663809,1.3296669946219
1.18201435944821,1.60169322148975,1.52166436226936
1.63376373794698,2.27643299490603,1.78984441725556
1.2340656400289,1.65872800459685,1.62897616829718
1.68544352705764,2.3466496463275,1.93584336870648
1.11896404069802,1.30730972592782,1.59391672474134
1.2474118604833,1.42073465091469,1.76816472434984
1.35252999254983,1.65996613712596,1.51504023703516
1.8364859040267,2.34832303958954,1.75845337987186
1.42912384223606,1.7119412509283,1.64981342471955
1.95064262568456,2.41349898930298,1.97712467029523
0.896940029051176,1.05946747583766,1.24805348149313
0.868618351973735,1.01002029999014,1.20818167923321
0.974657725888719,1.15902828764578,1.35016376823899
1.03629235908216,1.23420844893349,1.41619648161394
1.0289245727678,1.21323175238472,1.41938224571314
1.04045163329752,1.21119261611775,1.42529012578117
1.19799114006144,1.40575134972748,1.60394051512014
1.54766335997506,1.61104129151019,1.93386619473205
1.62644931666312,1.74712619810671,1.87911225275675
1.84878628207423,1.79855558973435,2.08449440318934
2.43285358837976,2.22592218433078,2.51524760158842
2.36384656975024,2.11243455044113,2.52747733254751
2.05824692787545,2.02094266116433,2.31516535583708
2.46939592922637,2.42168864439475,2.67138746465061
2.45093010647107,2.41016872522816,2.70683177941686
1.00454709779449,1.1709146522289,1.38991790750132
1.03217492351119,1.18267320615017,1.41444811383332
1.00404948515044,1.16866832649911,1.38082179574284
1.03473838409617,1.20217781970148,1.40840413008723
1.0131116112115,1.15674645072431,1.38113132730536
1.08552408071045,1.22643929025906,1.46441778024709
1.08833417502627,1.2261460990091,1.45491897611554
1.16132646045511,1.3613830425843,1.63802162266909
1.20274436831151,1.38394797678423,1.54945148681176
1.30047395269355,1.59233996674346,1.87089519742974
1.59744161783122,1.90660002889161,2.18369866502391
1.69207451827546,1.97770056307596,2.26098857725112
1.78375911915439,1.86929586281577,2.27930928740882
2.41759023654854,2.26594011713739,2.76407821168458
2.29580013657974,2.39839337790953,2.72306338201129
2.49608054955798,2.75770143491967,2.90914967821656
2.83675139085669,2.74634218627458,3.17002638236274
0.929499096927659,1.05044080054755,1.26541759448114
0.96985243664872,1.0760953044295,1.29669096734708
0.860897315982825,0.976237274020316,1.16859415679896
0.882856131255247,1.00793860429975,1.1913191052614
0.810513407538623,0.898695834891136,1.07972950680706
0.848010344311766,0.926974020000058,1.11433102488376
0.819621477488894,0.890303788071971,1.05206801942733
1.27909641213582,1.33929628206086,1.44302063561884
1.21480065956531,1.26015017710917,1.28028092678936
1.07258930353542,1.11251553877308,1.26865422711975
1.66069478942501,1.6377722952607,1.93059396774547
1.65320098195747,1.67879166959084,1.94202069374662
1.13646983657562,1.15493958661542,1.19110652558095
1.14747296414445,1.14219936559125,1.01687946842443
1.76170669499702,1.74332195311373,1.61913000530076
1.76025317030961,1.75154158061716,1.58207946047582
1.73501483084084,1.72923381287785,1.6432827188964
0.7856629416521,0.875536474544728,1.04676269081155
0.8088313095196,0.879482040794035,1.04323107548032
0.784175313177743,0.898091005245275,1.06158273157434
0.813586830768457,0.93820616391021,1.10672027381003
0.788389412024724,0.907331903153687,1.06545134898741
0.776855354147098,0.880260636802559,1.02746221111331
0.828724313140523,0.97123908315067,1.11912771370975
0.918808623751936,1.07359782151106,1.24661300849279
0.94306384260601,1.04451985504024,1.20307317063628
0.829074120631835,0.998633444564194,1.12619780269663
1.03337316893412,1.21602931292636,1.38836650146111
1.07083431016315,1.24353384806062,1.396243190984
1.53975756952205,1.71356262333242,1.83380125910397
1.61229147675226,1.7075936961381,1.82879613991128
1.54871302586601,1.68297334223279,1.8537409915439
0.977703750255226,1.08588607196385,1.26700184833033
1.49724958379622,1.56857587390776,1.7246720108718
1.4927789221945,1.55808055695713,1.75201416479875
1.49370462126452,1.56317976483482,1.69925295041417
0.839218323175389,0.959926510383987,1.13225665560812
0.86058269002311,0.969567382930964,1.13557752799546
0.906026273052771,1.03557744097328,1.22318619789117
0.931593346309281,1.06234797519429,1.24729876328646
0.996799209160004,1.12245704412988,1.32317511230471
1.03072751521827,1.15892460838889,1.35232873476911
1.11507956379742,1.24193829864718,1.46049737116086
1.24745848896921,1.31111080106312,1.47761031098185
1.39519349983223,1.37539824029103,1.57779801817709
1.31817770715843,1.38168298256779,1.57186859658542
1.77225797778521,1.76661655421878,1.87162786943835
1.75166907449117,1.75952476193459,1.91894484280709
1.84008201835409,1.7900733956261,1.99585623809259
2.3163519585661,2.25858524352366,2.48149721107072
2.35345142125617,2.27658680338141,2.44261518337271
2.33276054820365,2.14996188700737,2.35154823127657
2.71714552531988,2.54053747906472,2.69230211287296
2.72077098099141,2.58309560745134,2.69004072029916
2.92197956295177,2.59672135864043,2.8930144902885
3.30606346801967,2.94158628372798,3.24284942237083
3.27995033205352,2.95535845958797,3.25644875326984
3.27623853111982,2.969053651645,3.23915361793776
1.01149085096713,1.11597408927599,1.31828007802822
1.08921042098435,1.18538397208738,1.38676121314952
0.984120889936182,1.07683369666299,1.27208399352402
0.969146449213947,1.07076449775494,1.25787152771521
1.02681058674719,1.09389413501417,1.27923743847596
1.12508682208798,1.19375557173451,1.38349445625141
1.05321846392048,1.11628208228308,1.2785629524765
1.27559244064488,1.33731497044626,1.58976877105109
1.42751612869699,1.46814838065942,1.53705985014708
1.4725805304915,1.44460825360927,1.6797283693791
1.99705525300035,1.8902646671541,2.14735058512542
1.86291923043866,1.84662203870517,2.12476206616708
1.52486724377883,1.51127362999353,1.73880523808187
1.93794441919107,1.90620741359207,2.12058438514554
1.91941764909715,1.94250306267609,2.08375484388592
0.99610323810566,1.0453369504886,1.21156199761525
1.09223146669769,1.13328578363102,1.29477655139434
0.906813673822627,0.953915327028935,1.10084693466302
0.875934131201661,0.934599173067059,1.08318642980901
0.900576256602667,0.933008506655181,1.0511935605509
0.984060916428162,1.00260805044042,1.09995021817927
0.871499289791681,0.894760089207812,0.966482875011173
1.10485505629292,1.10588303564367,1.12751544740028
1.08519870048878,1.12009924173278,1.10504818964931
0.989737550601635,0.923809230032263,0.939997628815395
1.27252872069752,1.20258066594317,1.13213718256367
1.37251632357821,1.24385337703152,1.18875728487504
1.10901445655281,0.955276538206213,0.89407673666194
1.16516001101448,1.03349783347014,0.952932907596659
1.77899245854775,1.58431731080054,1.46498749899002
1.77211457203773,1.57145153781841,1.44418005129185
1.78398855675135,1.58093652256981,1.46486720865089
0.923990877889702,0.958796157468911,1.0910294072175
1.0010551244845,1.02149255122725,1.14266724713454
0.923145413503402,0.968059600805875,1.12074594103779
0.918444385849884,0.974247039283546,1.14151067955458
0.987870101362696,1.02461772708003,1.1734426391346
1.04701650724943,1.09652407752598,1.25343773058784
1.06312309688558,1.09407514306679,1.23328427668615
0.94802749265826,0.979333373356633,1.10653187791434
1.0390891744703,1.07220334767026,1.17443753306818
0.950460571191113,0.972382596085563,1.07855961056957
1.06647898931849,1.08421133736769,1.17295129282485
0.931229750021828,0.944983322712249,1.03288796858605
0.932307466332361,0.95311860881978,1.03743798595348
1.04823817381372,1.04366574163827,1.11984751961958
1.39997636642247,1.32529452140705,1.24759251101326
1.51142058452732,1.38905295461209,1.38090302013845
1.95003893454107,1.7783297218794,1.69207808895168
1.38991355109379,1.2611275560065,1.19749715443145
1.90737059167993,1.73219974722867,1.63201870076314
1.82062186925592,1.74534575158977,1.66657280217013
1.92529036295796,1.74282951468411,1.60671301394292
0.883627112395762,0.88787401165547,0.956972680340792
0.975162194305071,0.958517927742348,1.01674076439061
0.828268540789865,0.839139955024745,0.886753606395324
0.861521361426825,0.881681807008238,0.922070987637613
0.801647383284908,0.802394536398646,0.822827721175318
0.886179288286028,0.876682101921264,0.8850950878766
0.825381529680525,0.827956617413915,0.838820914822479
0.734455782824062,0.745483199368679,0.764841933966527
0.770136518912565,0.798979539197365,0.825464547348937
0.713832448190901,0.721641307688676,0.720247781436791
0.762035984755608,0.772660287243192,0.746683363769309
0.685906250715704,0.68995313143791,0.700999144531534
0.708341518763722,0.713835491610014,0.748097320984315
0.745183683717286,0.775051701194223,0.759953068915932
0.853867274516687,0.962296531375866,0.913750130004398
0.851246901070812,0.998004077270036,0.92499198108912
0.799592524333062,0.863624222179187,0.783800183614891
0.99626515499671,1.19696803596272,0.962924316894999
0.966513246923594,1.0992199647818,0.955221491651755
1.47257560788852,1.6158601065004,1.49070224140684
1.47141559031515,1.57390455142105,1.4680115468956
1.50479085036159,1.61796504028293,1.4603514996785
0.996689979227749,1.11448349147246,0.968462239845356
1.49337336572011,1.59424845760253,1.45672269476619
1.51874057312943,1.62179389221505,1.472255248516
1.48655534941232,1.60826097436762,1.50208586917619
0.65126337492421,0.646723318941823,0.665142135869584
0.720578178069674,0.698941895286614,0.700238090604258
0.63166440902382,0.633152058815301,0.677804658495772
0.68404425605408,0.691838506975952,0.744656218994716
0.603448157798966,0.618867609737142,0.657239330840638
0.593604339342869,0.633118672163967,0.64722015976602
0.717848030612418,0.691179497211457,0.727971992148704
1.49585563336722,1.34840712488375,1.07961470895213
1.28735197303775,1.33703648275318,0.962227490812735
1.84604394167447,1.92070270437309,1.51157972432787
1.8696379363574,1.90081464847557,1.50129402273087
1.89477315420118,1.93196804835881,1.51710706869923
1.30219560098057,1.40871310891995,1.03538917304009
1.88049339936344,1.99198769268299,1.5686984862237
1.9059454507203,1.98381471709427,1.58390167129245
1.88785971702731,1.99197227705233,1.56639952858051
0.624243083652031,0.633963600407339,0.662387984698094
0.721784524645151,0.718899761868857,0.749673807383961
0.620766537861301,0.634057014242663,0.642089465323625
0.647003076854869,0.65949448405829,0.657235239961144
0.652052803090579,0.655903306629605,0.652618041121717
0.684639785626937,0.700151488686211,0.692951655596909
0.708690298544484,0.693619392478233,0.679209898898472
0.800267355794972,0.751318795484486,0.726975741821341
0.806311793182235,0.776568552182361,0.731377171841482
1.38249052505084,1.30981899517582,1.26986851190595
1.33535068714564,1.32934817937994,1.27279509000266
1.30546734381785,1.30889737854962,1.29724849547885
0.815344997207151,0.814686763304685,0.759558680414438
1.33334801278129,1.36503330414088,1.28921824835372
1.36737045574639,1.33132873933332,1.30145660246961
1.35243135903141,1.35774333265541,1.33180033445869
0.670021603149173,0.67766080502833,0.667878665215493
0.724128426723533,0.714169784036696,0.702887660374618
0.705675306106702,0.745807030997727,0.710465273592642
0.743463475800814,0.819108519796647,0.756013378465191
0.759060640923153,0.80279879380286,0.752905409481118
0.798024900355677,0.830047142531478,0.793130825483708
0.852342524230255,0.91251428103309,0.818924412456726
1.37661684650246,1.42246074041386,1.25498587281728
1.3591776958388,1.36918357721548,1.0353526908126
1.5871688257044,1.5817732382945,1.1808767883162
1.4709777222428,1.76793365918819,1.25998615932675
1.99664339921326,2.33271657138559,1.77010883366423
2.02730263927946,2.28680651158699,1.78497283827193
2.04554516567396,2.32450359623216,1.80869524367148
0.785852354644721,0.831601562608378,0.772342263423478
0.858857134479336,0.918448062704648,0.855972388042004
0.795878951659313,0.835598000604716,0.769443816008943
0.810356458989937,0.844268603023688,0.77964304571221
0.851759953067121,0.903316311700618,0.822809866751373
0.906647335357149,0.936371265144622,0.879569434549086
0.936030501999109,1.03662913821668,0.910289258504204
1.12881339633448,1.3474336197547,1.03559445753039
1.15129040191218,1.34727998657008,1.04804917887145
1.07536801012787,1.27720609758775,1.09225803662365
1.40360392500772,1.72168973473021,1.52001401632262
1.32650261049209,1.67926424205061,1.49986271513188
1.14862912464913,1.42696398401053,1.44409588398679
1.65761599061591,1.94789404342966,2.02879744353155
1.65940706325516,1.87180333740484,2.08826791267534
0.848501080639157,0.898911105034984,0.818193822581618
0.841758069233438,0.899879481326956,0.811432630389516
0.920088019360813,0.965468442285669,0.903054970971912
0.995073023606014,1.04231912706185,1.00908997929144
0.95740573070643,0.995008512490228,0.919279530297595
0.941095701660485,0.983651958565786,0.900962970253467
1.06320251956974,1.12145794567625,1.03910423204301
1.22286581118873,1.26757323933721,1.15894384250713
1.4002093500295,1.19310010006499,1.08347258719823
1.01482452688115,1.21764152250849,1.10346054493349
1.6074184809466,1.43328504864267,1.14285943576526
1.51023409101502,1.45805639441292,1.33000059455016
2.04881787583501,1.8782585148805,1.73343765280594
2.01270257546522,1.88236197996428,1.74599252376964
2.04359261680494,1.88680170571581,1.75263679912025
1.47839927880731,1.45692400908338,1.1330526691309
2.00548011645926,1.90301313258918,1.54678320432677
2.02254357159656,1.88610264986057,1.56974711512493
1.99094907400693,1.86677192442908,1.57075689808195
1.03400096108504,1.10002496963828,0.972896814920023
1.12937956642871,1.24930765112499,1.09958473183463
1.06661666763686,1.13159026381385,0.970491623989732
1.05124554502176,1.09660777661326,0.957270053828373
1.18245644251409,1.2806789661869,1.08422448540551
1.26277129188486,1.45452943227937,1.21394271671107
1.39119472408926,1.42586790282314,1.24808981890248
1.91989705265042,1.86350428996702,1.72998171400557
1.80526964525607,1.73479795703711,1.678935583582
1.3750059552668,1.52357733404947,1.19209584342866
1.87585376966301,2.04864873692378,1.78841309250357
1.9160198133185,2.04055704119828,1.76382010447031
1.7057598998459,1.95977412538095,1.68492702151378
1.79028018872279,2.13939840674223,1.83175847870503
2.22890746867927,2.54494914898224,2.24214494016583
2.21749489436163,2.54020951161329,2.26004101627657
2.21025306898585,2.48766680393275,2.22828662095072
1.20389669773038,1.29194389092866,1.1069634651499
1.28440369219515,1.29255571385473,1.14641557756681
1.31280781093705,1.44326264328846,1.23959888036188
1.42764937199766,1.56703495351875,1.34137772925799
1.41512413354837,1.54591759172577,1.3638678225213
1.57123194021156,1.73157102233734,1.54815384400253
1.51276977763514,1.58639861158338,1.43740469906026
1.36831085861713,1.50972025788229,1.3134568148717
1.40615183099058,1.52818640824599,1.30479371931342
1.47791918029515,1.59416049617826,1.44694176676613
1.64027104968516,1.72865510017004,1.63359880479595
1.51357659314104,1.60848107930723,1.43635057749754
1.53551513026174,1.62302791515551,1.45622471411208
1.80177610371359,1.79997501692575,1.61951870345393
2.13517504237321,1.94760962240456,1.78172737285336
2.00137875318802,1.94891303058831,1.69817310371668
2.18152983990868,2.00293235094699,1.95486523936022
2.4579967514697,2.15909372410384,2.16024820657283
2.55750735509614,2.27403343993944,2.25024950555758
2.53293114810243,2.26401996643696,2.22652338282375
2.98679410796038,2.67888432234965,2.62814451295003
3.03573405653538,2.72091824380173,2.69510436117734
3.27924858388512,3.03458240036674,2.99706222431142
3.49453051378172,3.07580566393814,3.05723196529791
1.59640835722071,1.59486129751685,1.39690842736397
1.83384951490043,1.75445945668249,1.6021772962179
1.72266865308443,1.59976685475796,1.38057384792407
1.79732018462488,1.68141540098414,1.52028864092445
2.05176874141326,1.6774335384716,1.39736869156122
2.35327954524694,1.85339065843273,1.47520130362326
2.56671834852781,1.81773447139414,1.49617851293598
1.70993612999059,1.52125205123662,1.32070545181862
1.95160312344544,1.64952095169366,1.45973814957722
1.53358628697524,1.40068333925589,1.23945308030843
1.76541913747225,1.47172295529128,1.3080612498623
1.43161294539867,1.33188542246438,1.19717358794307
1.42466442749309,1.28990836235097,1.16876940076173
1.70295444939469,1.36863339151499,1.23007429200564
1.92399499625055,1.64319132906084,1.52020104023945
1.84295279685013,1.6885958146483,1.57229917600176
2.1423121091796,2.10828651398056,2.00870718807552
2.22275176413658,2.13011928899297,2.02303529566388
2.19019646492586,2.09082227217488,2.02821166849052
2.06556209815581,1.57410124536901,1.48522016098173
2.40094821999499,1.99434628797057,1.94252292346554
2.43233235320599,2.02782699592315,1.95934529726165
2.43476685079815,1.97242329886039,1.90874679701808
1.48937116315921,1.46553101400316,1.27047886886462
1.70096290919929,1.62773472381567,1.39467830214927
1.54362116087589,1.49358428460142,1.2746881744911
1.61315812015046,1.43450334798584,1.24399959183244
1.73039811635361,1.67300512948403,1.39408788365648
1.8164516237129,1.83451379493133,1.54467143688416
2.15353850025352,1.80052984178125,1.49684492605642
2.30785212040832,1.87545642545492,1.62948087966685
2.36856731289137,1.79842329323974,1.46130345446566
2.62766116644708,2.16904987839801,1.71001901112374
2.79879617422142,2.36057982029002,1.93345861808086
1.88742418654508,1.66142935543006,1.34650333122602
2.20169431924439,1.60230468289293,1.27538667042365
2.13479615781814,1.85283426695635,1.53643443350558
2.2512768110951,2.02140779226842,1.72892366582816
2.63394954761218,1.90763383367154,1.57807936727612
2.93712831931056,1.83639829308921,1.52025839157223
3.57491314875231,2.2608175594426,1.89208131424286
3.99662577201188,2.58693725975012,2.25641361221014
3.96371141620422,2.56755784520349,2.22030509281498
3.96820464577563,2.58497864470857,2.23753704087471
2.25182259551268,1.86296678134649,1.54847107765131
2.22827421779641,1.87835796108405,1.59750173685282
2.17260019962309,1.92863167899389,1.60652623207564
2.39931455352253,2.02879954175343,1.70247259206248
2.00999382238546,1.98117790159937,1.66717939243236
1.96270593459061,2.03561284306282,1.72209019237852
2.32714003065375,2.26572887271462,1.91101300270655
2.58430884955807,2.58071029068481,2.08621271494432
2.56013433112852,2.6385317049362,2.24952054559511
2.92562579475229,2.99831646768403,2.64645003376211
2.91060612978495,3.01215826391706,2.6115917635487
2.87921302038218,2.99001269736032,2.57442083663094
3.00910823234271,2.67617213631124,2.26617574239944
3.40681414020236,3.02992283836111,2.58149032020768
3.46519565282478,3.09877633237256,2.59582935363581
3.4644591058334,3.12283440181514,2.73010392306576
3.81413672925065,3.46718160646676,3.11859411719418
3.79368659333128,3.46846005466683,3.06999656895122
3.76759221049392,3.46225965328779,3.09864753725139
1.83326681432941,1.80128030007336,1.51411021531111
1.779562510722,1.81899145625664,1.50290700898021
1.83575869540139,1.70541109640613,1.46022562106651
1.97540879262205,1.75858548635909,1.5295841392803
1.73999236443676,1.63361226296133,1.38838678764787
1.80721209590053,1.68776954554885,1.43936927572804
1.94318354978516,1.82250851127947,1.54580793216452
1.93797343859051,1.83544470779497,1.5646669707569
1.92503149314092,1.83437604044388,1.54408375364681
1.9574642961759,1.87119746790717,1.64013910428524
2.36639300945977,2.17415548913792,1.83901400601859
2.6843160222051,2.47446058869875,2.22604430347898
2.65899105138565,2.51005697226859,2.15601178364023
2.7294951264971,2.51370334372321,2.16974080532616
1.45276999300421,1.41445894189269,1.19213014439027
1.44817910311075,1.42290526146148,1.20241839697791
1.33045124311562,1.31563635844983,1.11140503878667
1.46871165720079,1.41698333094637,1.20503723144657
1.13538672981819,1.18443350313697,1.00112080248836
1.20350648235193,1.22436906923157,1.0475969156429
1.1179440719811,1.19421493437345,1.0043462915751
1.07730634595901,1.13529975670692,0.961634701686977
1.03647685366805,1.10029584780557,0.935973235067626
1.17451332204093,1.22425580814196,1.05352357357061
1.30566996709192,1.34695236579122,1.17417888061495
1.18896648483847,1.22986867444465,1.05847679135332
1.16455417479358,1.19700279586165,1.03953468861768
1.3800426307472,1.42179224764341,1.23736608667996
1.50252216384849,1.54028909809827,1.34397096627021
1.48774714456529,1.51922948472861,1.38912184976683
1.6151111668878,1.57515215926633,1.43820097917787
2.02244180382103,1.98566141466841,1.94093053084367
2.11368744270624,2.02831616621073,1.89664935505547
1.15314554188249,1.1895841499059,1.01379529630186
1.23974283391264,1.2769647072913,1.09699008684194
1.09483799314399,1.12953503104937,0.952330561076802
1.10475882381589,1.14048459139579,0.973966077139478
1.06433652340899,1.09669276855297,0.897512918316353
1.10785706112217,1.14366345370712,0.934867468426104
1.02047147878197,1.05461983289324,0.854024587480607
1.08682904200816,1.10868821983432,0.905531242039487
1.0433628696217,1.07579139498846,0.882492194772231
0.958609475223353,1.01595786179731,0.813112068009292
0.948650874558384,1.4087030175088,0.836953280808908
1.02203374032192,2.18778438721381,0.919838055442096
0.934949997065085,1.37293212623984,0.856011992668786
1.000027644728,2.08602387550319,0.957264230206877
0.936676879949293,1.09907003563029,0.856236625208941
0.993705269856376,1.21381674177328,0.942059397179404
1.10674732807394,1.74029705444509,1.42909409709104
0.998729554218202,1.70934035980262,0.868836333288684
1.09803126162716,2.48836521336912,0.973987440504071
0.992553527783781,1.78898021455328,0.892297318039359
1.09635028641165,2.63634066107222,1.01413891251406
1.07697959634403,1.09496145228089,0.896615997232749
1.10876430898004,1.11727871357787,0.941287661930623
1.11647693551747,1.12471293526739,0.915317930617926
1.16485701278507,1.17789144977514,0.966538631350343
1.15911715284516,1.14112942618522,0.949466186669639
1.16047422985874,1.13283509488543,0.954543315677833
1.29838311389915,1.24284550782274,1.09172316400496
1.62217455053664,1.33519412489852,1.36375060177534
1.80658850671207,1.37803346279132,1.36397427824276
1.55393143262338,1.42284564162875,1.60131466156535
1.95149307680891,1.72968577054854,1.95703643793697
1.22618160918667,1.1802460303235,0.97288591836483
1.59006900052898,1.4367551771842,1.22938402172889
1.09155788126272,1.06981621896208,0.95576246659336
1.15438124000715,1.08984085556743,1.10340598935213
1.12565665258298,1.08779609779814,0.962589884080065
1.23046750709681,1.15661471149896,1.01125359710058
1.24345191933634,1.16671863484645,1.03820067177202
1.73526293166756,1.68856283516868,1.55975962452412
1.82245861406486,1.60881872239157,1.38910738951271
1.19770336226966,1.22358114904546,1.15422686736763
1.75890275827353,1.71751118722036,1.60028184595614
1.71488041972696,1.80117034586726,1.74867519113188
1.17051228948453,1.1193654564525,1.04400752331514
1.39639958204662,1.24889705921599,1.14172548132934
1.21403305650784,1.11055572134477,1.06176895358585
1.17367483424098,1.17562249883208,1.09844245826506
1.22164530318802,1.29481315377644,1.20583931485293
1.2695889035499,1.24505672511836,1.19139434430899
1.40425368388666,1.33143229492294,1.28291794127506
1.41231788155756,1.2495367488229,1.18331661537226
1.57366473052043,1.54738884952595,1.4993144311337
1.39005509254178,1.43477361578247,1.38950555051188
1.40493849441696,1.48807798358295,1.41952926230888
1.55623490265676,1.6083693744953,1.57635225542977
1.03425265545344,1.04192467903654,0.942223112274497
1.00936306545701,1.04967561323489,0.980506183737125
1.08520172767933,1.08113382001442,0.958698798901523
1.22032387870062,1.16980991220088,1.02369115624652
1.04556181901652,1.06591074602498,0.962484820287473
1.0492734352561,1.0699528469915,0.97837815063349
1.12699677152822,1.15137295066122,1.03126671648117
0.971253039408552,1.00753124657659,0.926610927600924
1.00421938729737,1.01672069386076,0.956317443524039
0.950181351753929,0.994910311522948,0.908113996081586
1.03133937123972,1.03475212329513,0.945517861203726
0.896804291932421,0.953122661013651,0.872189808351882
0.938637173952034,0.981835629545341,0.90735460561117
0.912935080411932,0.960728530938205,0.882177944808457
1.37391760410323,1.4334710116602,1.38906153559299
1.40963975958799,1.41979634967845,1.34477982283923
1.39761994517044,1.42206849727189,1.37901510721522
0.86413071049351,0.936555648300214,0.857985836392327
0.943691342326968,1.00325134782954,0.930534584664935
0.809941819021223,0.897703550403588,0.817928557038525
0.822584116583419,0.90406436257024,0.826065820191167
0.793275338729945,0.889639966443171,0.817239615865727
0.829108161674043,0.933848778180388,0.844176857286423
0.873738648812376,1.01438794512498,0.92280778084744
1.3745259070895,1.50238701891586,1.41324176300251
1.39197236866947,1.46190716209483,1.42508475509081
1.37356965103835,1.48557177467187,1.39670712639986
0.755647133446328,0.80535637916169,0.780974095393455
0.7669027262443,0.817721017063042,0.800235314761239
0.789566114690648,0.796255382760338,0.805819404578612
0.840016946035992,0.841791395175316,0.847937788819571
0.848970903056266,0.800690475161222,0.847391785353831
0.987907723279741,0.902169174770345,0.970627915166675
0.995417123590874,0.878676726082725,0.941503265379264
0.738423010910985,0.747622150678512,0.801158025792758
0.779035380898989,0.809364490246278,0.870214144768231
0.694053979565372,0.727111118904051,0.780644094873424
0.727354910866608,0.748022543457463,0.793163227870465
0.681435515376467,0.757309434303398,0.82347612379493
0.723594466708484,0.803720981424744,0.887565512627474
0.734109899879041,0.837035496647854,1.0258512865232
0.943917866007836,1.06674890049626,1.52071081857522
0.984879054415824,1.06053590515377,1.61618361879102
0.796880670880177,0.88506857591655,0.839470793660808
1.0692241740619,1.20530188601769,1.31396933590706
1.2617331239629,1.43139507643088,1.72065565375699
1.43110527953154,1.55776510602409,1.87314644788506
1.78652430301064,1.95335501794433,2.48548291284284
1.56524234717564,1.62782289527664,2.03837410664219
1.93232406557021,1.99397241646811,2.62791518118038
1.13488493206356,1.16808069571336,1.41379886338241
1.35719834071918,1.39758065229805,1.87504324393393
1.48092717876967,1.50518396553895,1.91696833134216
1.85444977820827,1.87218120784318,2.53135361673248
0.675843262508307,0.744588277170033,0.787621997686163
0.711107509519431,0.760109862329823,0.805413694545801
0.714984639522131,0.780892311621057,0.82564719779076
0.778808104434527,0.838386591214052,0.887281706059654
0.732988695037811,0.788976464795857,0.839501656817825
0.732514507651017,0.780207174000947,0.82901705228635
0.830010219876317,0.874487263786435,0.898996311056213
0.872701891475435,0.917324557638914,0.920567795238212
0.89884239970956,0.95027995548235,0.96574771493568
0.897414882584843,0.913624978920711,0.938269008501188
1.0241431261099,1.04102980126078,1.06338952985082
1.10325453780959,1.14304117376212,1.15713804009463
1.11154674719161,1.09262745117315,1.11608201085093
1.22975591715472,1.19407836346879,1.22253611179091
1.05215295440082,1.00768333226521,1.03088409801506
0.928114119756965,0.902807921085265,0.925938144727338
0.94804248376006,0.904379635751915,0.915741472027209
0.942357760608333,0.916221884762539,0.921565465267268
1.07556753675002,0.996066911977639,0.997797580298496
1.16487663219755,1.07855868347755,1.06912898875284
1.16011858393198,1.08225482321489,1.09525073074826
1.29611832330416,1.20879138314931,1.21796739125687
1.16431221298834,1.06980788348677,1.07402697415559
1.29599532669352,1.18458817835731,1.17057574741749
0.744122431864088,0.808286528399649,0.884877936994344
0.805595155904546,0.883374159921818,0.962061595339785
0.754128207427687,0.809863658145342,0.893916997317322
0.780239869912642,0.824443470326769,0.893580390059582
0.780781705422833,0.84059248709079,0.949694250773507
0.812016140848604,0.884558373138299,0.993818675222286
0.780465042804825,0.835820845714439,0.956519526418928
0.825876081622221,0.846863920770037,0.976335248934057
0.853549532869844,0.919817899284979,1.03361556817456
1.36338253584417,1.38609723540266,1.49286520401458
1.35162451661352,1.43455449074907,1.49079597483571
1.37349209547935,1.40981387102891,1.47972763765778
0.830714095768365,0.888668498842107,0.992004362872839
1.35967203585085,1.40422946925055,1.46110823354077
1.32002881185708,1.39946265089343,1.43808112130396
1.36324854811215,1.35915040980722,1.46158126973274
0.839249463268282,0.892911002258451,0.988905347809359
0.876668862625122,0.917185729083799,0.985897428331907
0.899466450975033,0.967000233319977,1.06615679905044
0.925298830823509,1.00216502058184,1.10874656244465
0.980522274005941,1.04921403790763,1.12616017730478
1.01152770778779,1.06177052135044,1.12230870677465
1.06535283778253,1.15066077305523,1.19163305095929
1.40757417885761,1.55198409725952,1.48552953226485
1.44662190249182,1.5546587985448,1.5852668416729
1.49720089414907,1.51426074673291,1.59432243994816
2.01327250681567,2.02654066121079,2.11728390465173
1.99154042699062,2.02425312974208,2.05221381991557
1.51651591787781,1.54093489089773,1.61362308765572
1.90703022708816,1.93617942426702,1.98231594731069
1.90920346541615,1.92380398287337,1.9835723594719
1.03033498929739,1.11853128235204,1.2034503678996
1.06720540505986,1.17705166964835,1.26263307513177
1.12139971730311,1.18958726253359,1.25892704672125
1.17661489891408,1.21336643633923,1.2647523317247
1.2404760416639,1.3166747469329,1.37581190404984
1.35571823513657,1.40034769731373,1.4401171222444
1.46376981123073,1.54811390623945,1.54092022338407
1.58766728850482,1.60769925726866,1.69527172821125
1.61255881320579,1.72291514126661,1.69033894785827
1.72861810419361,1.7957336549099,1.70462819601733
2.11761783282342,2.10721399626316,2.03655336775142
2.18553812165765,2.30983112191872,2.2027255059386
2.53537888960505,2.71384822851376,2.62510254854291
2.46531095393712,2.55850855145067,2.45964527326959
1.1535032205397,1.25365602818723,1.3600820769328
1.25806439811478,1.38183767604992,1.48245924452868
1.04281370176571,1.12646476488444,1.26968915702028
1.03850696850546,1.09630087012477,1.23751392404172
1.03173881223929,1.12166963316677,1.28843438064462
1.04597926451217,1.10165176395843,1.27291570537733
1.131197701936,1.22656403053642,1.39456503223037
1.00448677289186,1.12759605929965,1.28531073510904
1.0803312492822,1.20681365745377,1.37761299966352
0.991377682659091,1.12357097345586,1.25317014397785
1.00744569984925,1.12781165504321,1.25511655337187
1.04073905410813,1.18610583982229,1.29086722012815
1.10761302833863,1.24603764665611,1.34973984663211
1.19175757369134,1.35212740246297,1.40474170603086
1.44620745841547,1.58382368476169,1.55108187392273
1.49862132093173,1.61740557280942,1.60602331969155
1.61767145699636,1.68794664694718,1.77737134863235
2.05197703145752,2.02484582725316,2.12565680880465
2.02132724534424,2.05929035466839,2.10886387697132
1.77249855331864,1.92747800623903,1.97331314464286
2.17637591907964,2.3314013446866,2.37277624538489
2.18021034541335,2.38125294680531,2.37612645521793
0.965167140753897,1.10081871409504,1.20601442931672
0.949373483300989,1.07386771841806,1.1750061918488
0.962917523030639,1.1038296561765,1.20599439482474
1.03355533455712,1.1810671630715,1.27828558083156
0.912634632265724,1.04949688389003,1.14482826849702
0.878024522798543,1.00361168240495,1.10194762671688
0.965628650912537,1.1128299174508,1.18541526850945
1.09210385839673,1.33905849371792,1.29497083331751
1.10332747651235,1.34249345432282,1.17596652582794
1.53710147984922,1.82782090447514,1.59322757329265
1.55909899359029,1.74484171371098,1.57184040697272
1.60237853190011,1.78451342276568,1.56242057476463
1.10970483442941,1.26306352717581,1.23641951170195
1.53460578669544,1.67039367374095,1.47318632169558
1.53452697241613,1.73822214746947,1.46691959877649
1.30119829473793,1.48986811504173,1.51321814795743
1.78544162194704,1.93912945627977,1.95719635724246
1.77081580717728,1.94129048973578,1.92615949770394
1.79829765964811,1.94609021761126,1.96916141359808
0.944985645203443,1.07135339259937,1.1654581237066
1.05717191740323,1.19103681655031,1.27063219233109
0.911994391931029,1.02162042226459,1.11444817110109
0.889005106062831,0.984782772438426,1.08422262473011
0.974251408612188,1.07173491522374,1.14591774473187
1.06331361794874,1.17083921589943,1.23052867687386
0.998791033118622,1.07484008699219,1.12950116559015
0.983043273514751,1.03252239689456,1.08557913618215
1.09456010532593,1.15010438446524,1.18491871932121
1.06744329559799,1.15369237045348,1.18716211290261
1.05691455484907,1.1369151890005,1.17440019548856
1.16135246687935,1.23578577972832,1.23879561625632
1.18231300613784,1.28471123762436,1.30702942103405
1.3743790403974,1.49654614750574,1.47328646159954
1.23410031562762,1.37893350480838,1.38727379671295
1.27024381610427,1.45448122894436,1.44938751097144
1.35524600185644,1.51425874344907,1.49932227096603
0.990910558754442,1.09464130348767,1.15184802614285
1.33185341325125,1.52938373779188,1.40133424682946
0.882012160383047,0.97243081983928,1.05838091957103
1.03266172661316,1.20148586436228,1.14299423950281
0.866322182048579,0.953438325801205,1.05180875464017
0.909555836549923,1.0106277544109,1.10932172725956
0.941536775015111,1.01501001349945,1.11683170331172
0.964751319925201,1.03656277920502,1.13370255927721
1.03402104428328,1.12360803301493,1.21085037459002
0.969884670071768,1.02062450385412,1.12466462119519
0.963470258247312,0.995157702566367,1.1062933333092
0.961501533765116,0.995591950198729,1.10527521283627
1.04668887327758,1.06698847083426,1.16468503961288
1.10421785434992,1.11342332415789,1.21041733226089
1.14159686307131,1.17076989606974,1.24684596386975
1.28182877386014,1.31658922107602,1.36724582726653
1.55339314097883,1.51911144985163,1.56851459994559
1.08791058398355,1.1432758553978,1.22047542458097
1.16853292236242,1.24107708146022,1.29581002665803
1.17392309636184,1.21732834430265,1.28030796595773
1.31349795873011,1.36598718339865,1.40078836603982
0.796551026108743,0.879460471164122,0.972399812826657
0.792163700795532,0.855802647012554,0.94446889476197
0.795532877542585,0.88747572150519,0.977299645152299
0.863459622188313,0.967980673770094,1.07616780015821
0.955869235081398,1.05511696222522,1.17207551559062
0.984955676628087,1.08920820022533,1.17920127898451
0.774538622049874,0.854961403789363,0.923221847474554
0.766202294444683,0.846733539059267,0.907082237338919
0.827426945864173,0.933480713493291,0.984399227387946
1.01857619159157,1.08305015632714,1.17906084614184
0.922823725545464,1.05665827905766,1.09408793328642
0.929636158046603,1.0089591388842,1.14586133968075
1.16603788877669,1.20545371077787,1.42142306229337
1.20197494126248,1.25560630273623,1.43623436131094
0.792695695827251,0.835833222350029,0.925770232867945
0.845199843308619,0.890342262668743,0.995497124213694
0.795193935660922,0.81936735180976,0.899598745329481
0.796788401235051,0.827377261269193,0.894605133473416
0.842944844102344,0.839969543949316,0.932241331721863
0.893507527034667,0.876959504514781,1.01428268280387
0.877999487103636,0.903188888170415,0.942760263240748
1.04122678285937,1.59899896354608,1.12385491163825
1.0739148250652,1.65294299069193,1.12917332591988
1.52057379374889,2.18855055613434,1.64056315544172
1.59170257305,2.19523170004717,1.58414918738298
1.55057899250542,2.24189952176532,1.59037939789574
1.0016701045844,1.40811134432469,1.05765545849673
1.51085439402606,1.99158227902076,1.55391365118938
1.51230486935654,1.98273964951014,1.5385444473315
1.47499445381428,1.96964376414064,1.52247650116253
0.887655741854173,0.866685836560548,0.951703557271327
0.924473678361787,0.896756528932188,0.944675089145555
0.963361436246775,0.92873396032746,1.06017131911944
1.00320616814281,0.958550935721154,1.13140056626188
1.05709387507816,1.00657099087625,1.15663676376636
1.09681299920958,1.03833335178046,1.16131291306036
1.1656377304474,1.12144180429589,1.27666393090307
1.22189523615022,1.19881983012265,1.38114542766138
1.284651401445,1.21215336446765,1.38670984138593
1.49102138569214,1.31911055667517,1.74595893137489
1.60978275562546,1.45964997298149,1.90738578971538
1.14394384395382,1.05432056204656,1.28919227413734
1.22302233026154,1.09453118376722,1.39058492171854
1.24502990932095,1.12980298015478,1.40241834170379
1.30019289540043,1.17851343358741,1.43389326467248
1.39163691857644,1.22517228761729,1.59514975205186
1.51075266031255,1.31219955505989,1.70989052711857
1.64903088789466,1.37075517389479,1.89988485150724
1.66647100354578,1.37722721825766,1.90971820874529
1.78517066047067,1.48735939910559,2.05464018113303
1.88305945876078,1.5173549753424,2.14498585149175
2.02823808319208,1.6832432692034,2.29026635127365
1.90520767648191,1.60683102696275,2.14806970294741
2.19953286083117,1.75633377025706,2.45472186327906
2.59581358787404,2.15957685258707,2.79720595748133
2.62173790640701,2.25095398772474,2.87181241242952
1.27543604167592,1.16636786214365,1.46995809934098
1.47185049103119,1.35524702690971,1.80549641365437
1.09040014344466,1.05627638676326,1.13763383635538
1.11949811650499,1.117879055819,1.12307500022084
1.02233873049854,1.01748622913892,1.02452697570158
1.06886556364905,1.07751228031126,1.10722870268877
1.08231208898357,0.994564758537927,0.963719959001882
1.58346053123325,1.07702017394299,1.05127099263198
1.44694460390889,1.13291020429417,1.21366787293534
1.89304928361524,1.58376972698715,1.67321709918186
1.94166748008388,1.56021450217118,1.66056900411687
1.9413905648347,1.59759566803476,1.67564329037763
1.20548650016144,1.03744168720241,0.984735405760447
1.44858236174647,1.3233375580108,1.42173556553327
1.65243333710021,1.32657880390064,1.38607556920711
1.77622086360796,1.11624365065598,1.06982160779143
2.25619301360131,1.56803730541293,1.58650658803501
2.27017469064564,1.61167963356707,1.5726519254543
2.26577452062643,1.59881072749664,1.5882358755195
1.02434789095109,1.01822483797926,0.99096063774393
1.22639929177075,1.09760477235638,1.10364643844201
0.97667776815919,1.01119957437469,0.978893979365825
1.03539158233393,1.04389242707882,1.0516882369126
1.0039420963323,1.01590147372687,0.971482824849718
1.01892640320957,1.03187051010242,0.988446458082023
1.13668061965744,1.12335425858457,1.05852885738837
1.31032828155658,1.3344176455521,1.28291725102491
1.34189497629025,1.35681776702358,1.33190880450203
1.53428173186601,1.58207479976383,1.58652973029814
1.38849697754232,1.28143474041938,1.3199882517976
1.82952766402521,1.74797352909259,1.78419855694004
1.8392201594312,1.7175028355526,1.79145290556849
1.79848812505049,1.7038982140924,1.77235038032057
0.972112689361519,0.964252341883837,0.936218184655372
1.01611926843396,0.996087688287867,0.996620376046643
0.958152231977841,0.943419856280788,0.900693711497457
0.991068049301257,0.985885145908938,0.926369796545548
0.945711618360494,0.915052593509108,0.874605142052406
0.970255431387641,0.935411729492188,0.899188838358747
0.96032662201229,0.942203040262895,0.911630754948199
1.28941333098295,1.29006050244731,1.29039152587689
1.5467397039832,1.46079513372136,1.57091699457983
2.06546226008597,1.99891295351967,2.09315533132107
2.03539846931469,1.95770833045123,2.09056133453678
2.022287297284,1.95109250868774,2.05701610971063
1.11069449574474,1.31441394033093,1.15931355479417
1.34662755402657,2.01476149879376,1.70297739426568
1.51927800621124,1.95597246036246,1.78532219383768
1.4254973732984,1.41972391296145,1.53096901714335
1.85947404809479,1.88494809114068,2.01068950318838
1.88493891235014,1.87779766298785,2.03950721431985
1.88207538414184,1.90191040317614,2.02593318426739
0.976416120631127,0.94303610987437,0.872214858037802
1.06433199495972,1.02592404866211,0.931054302652948
0.978314965199796,0.960556864905268,0.881993018515892
0.993837168784454,0.983286807361975,0.909847362773653
1.03339800697086,1.02537031784326,0.917249034603761
1.07973302053711,1.09016475712468,0.966585813329219
1.16280799298278,1.19194315321762,1.06090060795567
1.61103508458846,1.6452001395854,1.49375602773998
1.57494299214949,1.63488449633054,1.57980603930412
1.5853308738827,1.58741645508294,1.4914498261058
0.991667815080986,0.967355176798634,0.875615363746063
1.01798337920451,0.993486432290849,0.930442103967842
1.01229374939379,0.984587028737202,0.879787463410965
1.07694828711654,1.06243544744264,0.941367060468993
1.00729901917288,0.978560805543405,0.883515273430309
1.07782529859927,1.08420862728498,0.971715510628061
1.03350811762713,0.976120467119373,0.896847988011485
0.983730960938408,0.983832891862708,0.866357131211805
1.05757044632673,1.09008244265211,0.937081615061603
0.948741669911699,0.966403753778643,0.850866592926062
0.977891571890843,1.00089399878486,0.89164663315354
0.950170082199035,0.994518441409927,0.866309580880012
1.03569150364668,1.04356794618683,0.904818724611127
1.06562707614043,1.11199459855003,0.973405123426767
1.46236792012818,1.37188788678104,1.16362671738222
1.4264018193246,1.33357504758457,1.14695903604285
1.24910403788944,1.32497884320118,1.13014318948949
1.51865417305611,1.37164236876275,1.29161803387402
1.86859631348631,1.89551635553332,1.53171914182447
2.05357025190159,2.03553892415383,1.70165480339418
2.38133143136465,2.32349145654698,1.83590380627585
0.838266957938221,0.922787320287934,0.800854490425943
0.798743951609815,0.915605461409154,0.803371924974767
0.84740618949296,0.917619500408503,0.791730676715594
0.925348086051189,0.970579680765511,0.842638578601014
0.809742733970045,0.874128614934085,0.748596374847523
0.848257804908617,0.870799945488423,0.741469460087371
0.929925315623873,0.904719990869144,0.792076726201421
1.40159669988258,0.97290968948623,0.872059590787573
1.3432276888934,0.924098545795516,0.80032413237854
0.906238694549868,0.954685578510362,0.841886855473783
1.54382152841125,1.04058467714217,0.917946974751475
1.72783247825497,1.07075680508804,0.950364687039273
2.27083876330634,1.50430368470883,1.42138080565834
2.24213461581467,1.53556909811929,1.42976711607139
2.26632249421077,1.53065719583173,1.45969338509833
1.17791214732189,0.998730069276734,0.854923184333182
1.72357434494492,1.4305405319052,1.36964867069851
1.73363338628985,1.46075696419198,1.35758178025183
1.74093669433885,1.49789042725441,1.35501671686811
0.721993473396661,0.84545711272153,0.732729402332544
0.710352564488291,0.817370490451338,0.710656221288494
0.726603506218766,0.890277721792588,0.79423149228911
0.791541203725475,0.953635789715373,0.865579075438571
0.726081335302649,0.909748690293925,0.820257595735521
0.768758015873697,0.918010880957647,0.838795270726424
0.83595721223974,1.04394223892734,1.02309242679085
1.4839877495818,1.65784492780598,1.79845443607957
1.38685759421962,1.53902366106549,1.58647385988829
1.29613113386984,1.3855992705049,1.20268046019245
1.82784489630104,1.85430061662717,1.71962196362107
1.98216750963135,2.01987306668001,1.88948816277192
1.57662761566506,1.63115379727802,1.53912593338077
2.12761209490957,1.95786923469211,2.05421016765792
1.89460765676696,2.10546629990882,2.02960814277321
2.08023496282971,2.14922391644153,1.97192492664966
2.60890782114176,2.72308132342745,2.41944358015324
2.51175894018449,2.51310369270589,2.4115469591837
2.49869526741319,2.60136304273153,2.51248428999126
2.80864252943977,2.91287853277543,2.90649270110806
2.82940104631223,2.90688514062131,2.84733050967119
2.86119646888975,2.99637100414923,2.88068703367447
0.70405123374279,0.891467901768745,0.786036091356999
0.751460472289358,0.917485820462067,0.812197933363367
0.715286280770699,0.902573418027556,0.798995390396819
0.756403268869498,0.943543482649291,0.846258277196631
0.745508095653061,0.909147400007862,0.813309926435064
0.797416046977476,0.951369415334732,0.858934744914315
0.849804084506055,0.993541465679468,0.909586350824912
0.895542140267392,1.02358228587975,0.950394320067259
0.962726803272777,1.04201863625686,0.983015951604643
0.993578139312363,1.12362510948086,1.05308633185374
1.51595211566775,1.61590374974043,1.53962510098762
1.56302170409404,1.63094819408543,1.61895169286934
0.707740852097317,0.846350894106407,0.755353560347779
0.757111855690578,0.871601139547485,0.79547493119831
0.683659358776378,0.811344850425967,0.721270869739976
0.709263283362488,0.847109447068982,0.748418755448268
0.680881658532096,0.776438027936871,0.704112335402486
0.730989558266409,0.809098075947294,0.753851031293816
0.708559970389206,0.798180016063882,0.712627819546821
0.739405354314456,0.886286861522739,0.752495398491052
0.749340939523662,0.87878393011518,0.756052959580683
0.77624777052833,0.858516783474281,0.770280631905703
0.831622956930799,1.00578612443017,0.821988182221451
0.863041236984158,1.08852091237844,0.865146462867472
0.906517598404419,1.04483520912015,0.919707868197636
1.0989449319153,1.37318792199535,1.17228687922497
1.59347879752383,1.91307267801191,1.72355536507346
1.60064803383496,1.90212821400399,1.73108161464783
1.61932127871475,1.90380553082429,1.73318482002683
0.652895140741301,0.740164881476663,0.680719646201064
0.740606548364119,0.811400758402193,0.778622836194119
0.602365707518595,0.701740989323953,0.626934102152229
0.621723772570965,0.733428661264653,0.650984313070666
0.579120836831014,0.672507844357465,0.600236909169866
0.606538193688974,0.684480971821605,0.604628650308156
0.603769355367823,0.702285853618398,0.633030786841984
0.650280569384323,0.756471182610058,0.692584020587734
0.664288160760363,0.755892951492866,0.70760658901392
0.624982560461884,0.707514210905868,0.640524897658278
0.708681310685352,0.743051807755558,0.688516373341467
0.802190200135813,0.806271557893827,0.756610543184196
0.74407799748501,0.770901466769703,0.731726815880411
0.835633556190795,0.823566725418386,0.797534212394066
0.699010885266882,0.760801575491576,0.721004832116834
0.641965339179787,0.735931922922723,0.681043219720633
0.700742836141305,0.80525966921565,0.761115786928761
0.740140822146515,0.850393024590155,0.806110578005194
0.785875861570707,0.879074130825118,0.851613560508103
0.888963057515463,0.983150555730714,0.962121694434572
0.777149374409554,0.830686367094883,0.807054156339256
0.871283240587555,0.89304290440093,0.886161742875204
0.811802229929843,0.883848371199549,0.863669849020926
0.915386353474931,0.977494602485356,0.970601620592797
0.573577548952536,0.665339851198034,0.605783587443201
0.6101698580511,0.687129798268635,0.635209159814209
0.592151772933299,0.697612279273557,0.647930501648437
0.6336153003761,0.747238507302342,0.70166487659041
0.630354002933265,0.728761078852009,0.693318281233647
0.665704928881665,0.747825107944541,0.732810255070237
0.715012908761137,0.808557252372089,0.775402528716175
0.777285909034878,0.851203974014144,0.828585930229243
0.754263476519603,0.849445142175782,0.803692162128178
0.776825211756788,0.874112777930271,0.844941770170613
0.874549763789904,0.96526236034328,0.934651608754309
0.783380592627867,0.885870996788533,0.843766711203979
0.830825349179345,0.916832373305617,0.918868233433654
0.850288137822702,0.923974131237647,0.9574839262291
0.936121172212177,0.996210178384241,1.0160541972742
0.904987161286886,1.00861971481284,0.989668993156125
1.18345748657335,1.26561118496002,1.26438348994461
1.13362488200653,1.12808720069621,1.04802921895898
1.76684974548416,1.57123105802487,1.4563859574687
1.94311466881053,1.73486096021254,1.62813566127522
2.25512773418227,1.98983756635251,1.83538788607719
1.17972702800451,1.22380192929513,1.1243191586291
1.17666472265766,1.31207504454534,1.25662756878606
1.53874573461855,1.48268088653797,1.34219881116952
0.637381274084088,0.733381941068781,0.704587005457507
0.727151441310092,0.809403278722765,0.80539985941436
0.616443628456242,0.717323813401775,0.672892708245366
0.629482439439239,0.73582995839161,0.668400035606116
0.663235485385872,0.754352158075309,0.730701186121725
0.738340069161832,0.826283334502308,0.820074031156247
0.776526307421841,0.868713640356305,0.852502699860415
0.798255398474559,0.885570986517046,0.864553045595968
0.877791062037423,1.03588969965033,0.973647015322636
0.903045756210866,1.03607511365157,0.982946753731012
1.21423745333013,1.39791485491687,1.22426011150339
1.39849926997835,1.37062411374842,1.44859301454714
1.88290367398974,1.71113017605382,1.87403701053166
1.51313467513518,1.54676750654655,1.57656248018226
0.623755241523354,0.697699152761273,0.683576012761855
0.71461426105029,0.77120902305903,0.776235788457471
0.585181236761436,0.655003465903415,0.628811361598929
0.63657160289339,0.703985941897225,0.669479710629332
0.565061396259459,0.619229930990706,0.601284646596864
0.588813807219804,0.646021357436134,0.630681194232817
0.569951352154006,0.63965036131038,0.591336838230415
0.647990022139512,0.733824052526688,0.65809295197105
0.65579881504488,0.709902780040622,0.646871954448333
1.23836904233529,1.28474632633492,1.26160622506308
1.25865332894788,1.27753158636278,1.19647041313384
1.24552915738392,1.27608778128406,1.24680036961304
0.613149895852477,0.7387561048873,0.616567428880364
0.718263722252744,0.843875758250103,0.67180481682226
0.733912388297351,0.886769894753251,0.704085747368698
0.68956959013206,0.849780562093274,0.68124953954759
1.27351834712071,1.36422399665816,1.25814602149158
1.27550335671623,1.39480913727441,1.26667313760132
1.26445280169286,1.3691751806504,1.2596303623671
0.575936774260848,0.640903697941695,0.614826364543382
0.648501105809907,0.727760127758815,0.678309398237383
0.578627268202288,0.664514201688095,0.624595654020417
0.610633716970144,0.690632532570142,0.649289621625719
0.61373564563726,0.753524432933011,0.655707459274265
0.672474437584435,0.887951058103639,0.716095765019764
0.69650963034929,0.886426429506626,0.746843464269158
0.847629747762528,1.44903630574382,0.993380760422571
0.8713477921972,1.4545243710167,0.996842767245826
1.3928417131522,1.9319950465281,1.52379141534184
1.41294492121913,1.98229362497317,1.50997442791557
1.41387453131551,2.02422659858222,1.52447546999005
0.840170407159035,1.16116104563696,0.965105976670781
1.35660071631857,1.70756047370249,1.48103946524829
1.41216177449998,1.69588573836422,1.50571189937884
1.37204441445164,1.68943421500968,1.49541530218607
0.612998091805575,0.735945718600369,0.640697219143808
0.690963160288873,0.831911962186026,0.711749836281807
0.597936743956617,0.719624148659958,0.617611993922425
0.621369487491563,0.738188641457423,0.640523997225131
0.617454343828341,0.762507765555089,0.627707716939285
0.64598858887441,0.803625531187537,0.65467391099855
0.72591916928166,0.896046037821351,0.708082106035908
0.854954934646038,1.15037820241412,0.799719950181263
0.904404469199306,1.15571798247299,0.790749321269315
1.14615566864384,1.44250741446959,0.943955223000642
0.834684273749924,1.01902943094726,0.800365500004993
1.37198271989638,1.48117774341956,1.33734599904834
1.37506717890069,1.5638569275852,1.32839957970884
1.36847201177192,1.50793369087789,1.34046448104319
0.593578232864637,0.740877255176804,0.59778044367251
0.605999686980058,0.725561623659243,0.60868461945212
0.627998459512842,0.806271260356716,0.619822742749883
0.706706974880603,0.89990175745885,0.698106264491532
0.61932721126415,0.802686062729679,0.602175910167014
0.617371707343247,0.773356276436177,0.608897489920061
0.680139502694097,0.859936788384703,0.670429150685138
1.16830540270542,1.29028799290693,1.31407125869395
1.21210784576014,1.50377880498058,1.19520964418034
1.80370912329968,2.01994629204435,1.80737181914301
1.79043079393166,2.06210272912006,1.80841656094679
1.75807258639309,2.05636543087905,1.76501221976205
1.34617554751888,1.45717129960323,1.43134971753099
1.89203746337546,1.98522079288174,1.97214938712841
1.92033634382103,1.98532679163542,1.99977548991721
1.90671525324136,2.03893475238283,2.02835030141278
0.655363930378393,0.862270514120178,0.619772766039404
0.802115338629802,1.0421089943164,0.678544028129285
0.635157927746161,0.79348276799399,0.628359134857244
0.638842052651649,0.752154170585483,0.640604336221663
0.707036622703556,0.854006985767796,0.668698800185806
0.824163670047048,0.966977943484467,0.734032631083491
0.76464863843819,0.857232753263419,0.732194565962757
0.721002177007178,0.908781809703364,0.669065376453763
0.760832599685803,0.971517185509888,0.696061597236885
0.809988444584783,1.00520982019984,0.722183350091949
0.884018191388746,1.0685303487873,0.781710510504029
0.901330682075363,1.12381884452553,0.763569691138658
0.936010522315753,1.19372390601738,0.792963536269581
1.12496485802078,1.42023688640785,0.908897339638237
1.39070484543421,1.89011471370015,1.05224073715354
1.78904928373294,1.71057916765114,1.12928503448011
1.77196213293244,2.09330774291049,1.10816162691303
2.61884504717538,2.7323652977969,1.24811320375658
2.16635535154823,2.7008659670412,1.7373232334362
2.15060304559163,2.77901040348553,2.08965907517985
2.86665364055966,3.38262660069009,2.00551966605779
0.86287321886428,1.03735150931823,0.752899669250258
0.958435067663028,1.16776356227728,0.836387411182255
0.783883720686992,1.14597125933986,0.717713612873611
0.769146672133002,1.41443969798541,0.715245566453624
0.772848490113898,1.12036087054018,0.73994465271674
0.853144038549577,1.12695734660682,0.801799695140057
0.793185085494115,1.45166679038381,0.784355810407772
0.849989291896446,1.62593216814327,0.863937129756532
0.895670240747244,2.00076911735937,0.87410036626692
0.73823389715816,1.50591276352173,0.735393552365855
0.735275871441348,1.93788476526604,0.72231203372687
0.823818537923164,1.72548501396046,0.831624768919813
0.721705871820915,1.34348918294005,0.723652738712382
0.806810601878454,1.8345978374692,0.829210558234857
0.757004193921903,1.67851781368528,0.740368034087463
0.902237983648839,1.89911529639989,0.844100773051275
0.72741404882258,2.23891410841387,0.724521396556307
0.690922444207736,2.55165829643967,0.705568811042692
0.866840221451756,2.87500540958129,0.79890121447974
1.49142505521149,3.23263652754403,1.19356204801237
1.25491950004579,3.58671154241903,0.991513047772447
1.82954943197317,3.96513212409566,1.52022236087147
1.80497178638993,4.00204348710305,1.53784443478875
1.82001461815793,3.91192232388629,1.53476537251068
1.48179742738875,3.08329540319976,1.09166069480798
1.81133472191911,3.17817056475353,1.53369153831014
2.14284562373297,3.42839836254283,1.71074137408821
2.17939812950384,3.57837700391554,1.55929156886204
2.63934743098516,3.91335013025242,2.0634311194265
2.64945773834889,3.90551827093806,2.08146003387642
2.64541429248485,3.90055842647769,2.06208456128948
0.727927928028236,2.15099153588706,0.767157082753664
0.831834738190134,2.09566437910868,0.891842570257063
0.688693686716855,2.31643160636378,0.729128566925894
0.681634917055777,2.53017325859906,0.705259201554645
0.702306963837872,2.32816657763881,0.780676891821102
0.741795143871812,2.45512317783169,0.899039696764774
0.777327310113925,2.65580929854587,0.856279587409278
0.929558905581305,2.56580997918373,1.12464126114009
0.914067161681596,3.10068223528362,0.939127636691776
0.940149082129823,3.2008451159069,1.08875447740767
1.2724710397613,3.70687114715228,1.38906875728256
1.2892460105678,3.67428237801412,1.54507364410639
0.858413736866907,3.21258877282067,1.09056824376507
1.33192569436581,3.37200583410784,1.45909329790015
1.4825093179212,3.61420071192195,1.72171832231434
0.725186308398392,2.08125372331999,0.782246099255576
0.874388197421202,2.07968841716153,0.873892234971673
0.741893739499443,2.05101808083345,0.875835201483562
0.81962565185228,2.2111772839084,0.979255515621601
0.830411484142661,1.99570133958698,1.00472864633315
0.910322193972575,2.02700070129432,1.05145812280287
1.00751018145773,2.19324604900855,1.25941112259626
1.24678704739726,2.34942505202114,1.47263109283734
1.20777168711402,2.47948006176715,1.43008782753345
1.58720209904377,2.73525986265282,1.76547757843294
1.31260213116853,2.55602576340482,1.48914777335442
1.78304035083199,2.88148275548162,1.86146146409524
1.76851912862227,2.90246567222036,1.86556124756338
1.77357123794399,2.90473207809894,1.94519219780697
0.808647724761054,1.99531672282143,0.994687777143786
0.949587722204761,2.14952114895699,1.13640253170028
0.738027886829957,2.04981781459718,0.912282185197395
0.737016077189311,2.12243631375707,0.898795105056767
0.752459552528099,2.24037912397308,0.917096644492569
0.822472460284059,2.43629965316905,1.01694012789274
0.758920667890923,2.5050081262012,0.946494931375463
0.767886820138646,2.79195221139311,0.956132629053615
0.821993569560275,3.02502881882042,1.01342838880104
0.818358806177066,2.37866176582885,1.07881286906329
1.12606019721059,2.64192333770191,1.62220435581138
1.06141123482499,2.64584717636895,1.36570488985402
0.848602291838839,2.56488096361457,1.06657769193792
1.39071276066715,2.8968410911983,1.72668333885995
1.22104737652814,2.97144460884025,1.58788433698133
1.1172219826153,2.51080906503716,1.33231751704635
1.6227858542087,2.59595841250104,1.92630482816056
1.49726553529432,2.81299892612913,1.80585520934399
1.823540207406,3.22686890028581,2.26171463849812
1.89081365485954,3.31615586924104,2.37051391400835
2.3188272925775,3.63676584991552,2.84053547041595
2.17510551024822,3.11827876036211,2.57146081957559
2.4971689353618,3.17104689836888,2.92700517863644
2.53277412620278,3.50950908826394,3.00419691940923
0.766815220724842,2.15752493637315,0.894853492080387
0.980867021291792,2.34128274079785,1.07765219141403
0.865603190845795,2.05283873597175,0.970561763103887
1.13704829693695,2.13560418170414,1.20806757941773
0.890697692134125,2.01243289068984,0.998876370282847
1.01614328768323,2.19797682436439,1.1680012884726
0.977199384385434,2.17265086657039,1.15515425847
1.33034835050186,2.23905087778268,1.75536448423806
1.22000597122038,2.63223734993497,1.38188570548004
1.66070547471691,2.44540604147601,1.69590865705164
1.98853167676316,2.50790661498902,2.1454074084192
0.83296412864478,1.79953610922918,0.91770039845898
0.862015102655829,1.77254631586298,1.00963490298573
0.900147583861514,1.76291995389463,0.870649388936615
1.03189631509642,1.86381654317962,0.924949180207981
0.894363366163591,1.69973345039257,0.862031642409817
0.943706411350612,1.85482989968919,0.949902978586907
1.10539905160037,1.84126535400231,0.962506138298336
1.66331044080357,2.01765514071668,1.628910462932
1.5677609017412,2.07980165150333,1.42238058118324
1.15135928669282,2.35247733084375,1.4755473625057
1.72710957923712,2.82477428734857,2.33547451277147
1.69267477848374,2.74073060193121,1.71675392756287
2.08295724442483,2.67277732665222,1.56596300591562
2.24112256954279,3.31392248598242,2.4296446046982
0.773057757338817,1.47518562641251,0.777448892276527
0.824873596761451,1.52975283277436,0.97096761625013
0.791173815100446,1.44934771561182,0.644315766099083
0.932315350173574,1.63830612658454,0.720598412772844
0.769718028759213,1.36227445441933,0.591071378610195
0.750835304273549,1.3868208962486,0.589807125100827
0.90415460094736,1.407236838307,0.623212616924698
1.01917109978324,1.86771657140281,0.688133942328435
0.985172030352082,1.59743760356772,0.661792113488814
1.47803140100834,2.05649621485566,1.22686881185579
1.45069572172138,2.03449509386274,1.24816567078937
1.44223041380415,2.04595253764692,1.24910952611515
0.996181177247885,1.76922992570847,0.683549514189259
1.57650140530616,2.0185551265862,0.897790135895189
1.52396482837029,2.35833289088842,0.946911297592796
1.30067658426145,1.95200026445181,0.807080787691701
1.84879655307337,2.29155883647655,1.368368310382
1.87254021902909,2.28747582512691,1.37248215267968
1.82532245335313,2.30061976913453,1.38552331610412
0.775677260917567,1.49352133955392,0.597080587020429
0.878085071905448,2.30600354689305,0.683012055763981
0.761705417618153,1.30964432779115,0.601347843452283
0.78496166702622,1.72147091439467,0.6428462987162
0.787634611285145,1.30515250292686,0.630884104165631
0.847806093788431,1.42767652561416,0.690543728746156
0.919830148704087,1.3339130811721,0.767145479249473
1.00146475436557,1.3421221398504,0.775819754548165
1.25115913731429,1.75908828215645,0.919636947521015
1.41022634460428,1.66693604156263,0.965366523065652
2.14854829803894,2.16763738687701,1.62405880014291
1.97657083629965,2.1477494195982,1.39975798368032
1.52719355388355,1.73276350546931,1.28906736107595
1.77582366898768,2.06093662129804,1.78878803175244
2.33462540567653,2.01441886262415,1.83325442275548
2.72033650882476,2.2405200001335,1.94068325318238
2.83282359267181,2.29377654357817,2.40885190833239
0.709209759287696,1.2416725776982,0.569404687555952
0.799802939120449,1.64629154514389,0.611126202378196
0.672388115609325,0.902569013280659,0.577746521800119
0.751771064430994,0.918167982156549,0.655724666655991
0.664861870108205,0.814877853239025,0.588856338129557
0.753183103255101,0.867910684575716,0.641242535744803
0.793146926593939,0.885252868029275,0.707004731730482
1.26265652792152,1.06260792027247,1.26704179553797
1.14851493496032,0.981016165051831,1.26416353103535
1.02469175128869,0.964815462939309,1.0797007298462
1.16211434121044,1.00736985003033,1.03158124088213
0.574141935338923,0.725170397416278,0.570007830259679
0.601891952273556,0.781233985292264,0.624330194092759
0.567724735876903,0.7025967784575,0.557384484384175
0.646856797954894,0.777143128396406,0.587137002322566
0.553342042800894,0.69070973724861,0.569180006742423
0.613397773388444,0.760802717700756,0.639565810155536
0.654295036623105,0.791642995273752,0.62678479398306
0.504306405656747,0.609064628199623,0.539813763537485
0.538034196781194,0.64543998343873,0.571730830602403
0.51738816076569,0.589452108511097,0.551302868687659
0.566946809370966,0.633882123872668,0.588564507226283
0.516886022916971,0.566096430168196,0.547219017397599
0.542643103760386,0.586099098234251,0.566735559297233
0.604741431617024,0.647994914097024,0.630351633932728
0.64498334192314,0.728301747329521,0.678882673303465
0.675254733105805,0.745946436960475,0.697499127845299
0.688635427154298,0.748092620812738,0.706516161507889
0.680941544447815,0.801916025039608,0.70626832198172
0.495309945838885,0.542916855542428,0.524799470916926
0.551063515825225,0.622406678106392,0.57800770564841
0.501726490530412,0.523357288448973,0.518442156464755
0.549102884136807,0.554846820897184,0.55900728914397
0.503155872591766,0.518462444181883,0.510283373605151
0.526988017861813,0.553599095341291,0.543958781846205
0.550740870350224,0.549495828318661,0.541772632972286
0.800034927182162,0.777680971665236,0.721071727316467
0.780549350997206,0.743064931715895,0.761369107195809
1.3864237627179,1.32411330951821,1.38108473852017
1.35374824683876,1.32675848322039,1.30053851779576
1.38070308360607,1.35951569140316,1.35377546478064
0.837677699456055,0.731925071915098,0.718150299137004
1.43479037185737,1.32873737208937,1.305904601679
1.3986517357749,1.31854683952706,1.32576989440556
1.41189943145129,1.3303239412284,1.32121917590827
0.512041206515629,0.526497388404914,0.518512083333693
0.581417620844196,0.583371923245424,0.581049973403089
0.523611928266566,0.554252291723378,0.531584929481998
0.570537250214197,0.615095459398224,0.571878280480324
0.539725230628947,0.561850803572925,0.553096938779659
0.561534274218959,0.573669217829994,0.570780011332866
0.596034088485062,0.634945351898941,0.61193075513209
0.648829040272615,0.69507362300999,0.661968525803552
0.636059725790359,0.69213143606736,0.652763109459481
0.643657963385669,0.672360079542719,0.665963328927367
0.670644895725448,0.6933160481423,0.691775783484506
0.694239258533473,0.695673041686945,0.717499596067363
1.25406202425695,1.26724661831341,1.27484951149364
1.26628823982689,1.23844938649684,1.2576303335658
1.27338413111796,1.27379241124115,1.29815389258011
0.742934183549092,0.800217436124245,0.766635981858616
1.30358789971639,1.31715889758219,1.34512327095546
1.30404647471677,1.35535182822488,1.28146398332779
1.28711927127723,1.34282144945151,1.3090340704342
0.553071209771064,0.565688027775321,0.569212549420601
0.571466332231815,0.609974207647169,0.597975881966667
0.620782375289812,0.59853602835903,0.633126154903476
0.672649769629177,0.633065235461972,0.676685973694354
0.683906863813929,0.655427626895733,0.708451606724804
0.74664393529226,0.694626282055823,0.782686114732101
0.723575025539473,0.740571263338292,0.729726654306184
0.833938599192658,0.996878901595547,0.95759783992263
0.870419491839064,1.02092770876895,0.958832719121817
0.865279539770452,0.909897838813348,1.08684680922569
1.24998086791023,1.57984581963043,1.62368713723405
1.28341626757593,1.66395818494369,1.50368975711784
1.82170442196115,2.17183546431801,1.97750905930271
1.76704051843293,2.20457658195265,2.00682872700991
1.77732383987236,2.22452813270011,1.94597689677587
1.20353395395668,1.34303148363239,1.42097491339502
1.6915008725311,1.89489062313456,1.88944685873539
1.71729900890263,1.8812804329673,1.89786242311389
1.73810290290193,1.89763560668863,1.90715398403377
0.754756424804454,0.716345533917844,0.784770790097119
0.83356669916808,0.806469246557684,0.842086879232219
0.887258752409333,0.829005962006715,0.934974951341222
1.02912656701278,1.04663296522884,1.08783163315004
1.08523437153774,1.13341224426973,1.16404862315276
1.05750737592121,1.1484265458327,1.09396592714266
1.08823623117396,1.01804330938203,1.13710350621966
1.20083960437964,1.13982226705419,1.22169831939573
1.41766091128082,1.28791337314304,1.43780192091214
1.7235632652214,1.62981271133903,1.73761940524833
1.69728303790485,1.62663526946099,1.62631535137886
1.34166455676067,1.3281331379142,1.39848495245113
1.54408657924791,1.67307086412329,1.60854386263798
1.59423909675117,1.70425514707314,1.61348376616611
1.06697964130346,1.07985905016183,1.19341567719431
1.82574917598453,1.93096677117959,2.02281051066078
1.09840747833548,1.07148815833549,0.87558946836579
1.69399118096191,1.66656965463456,1.27005628790129
1.12973604482822,1.13968983664996,0.90336392459214
1.07131154294707,1.1159584430278,0.939072793513867
1.46689932978524,1.5278006837011,1.15580179200839
1.6232818757607,1.90212040115136,1.54989929236805
2.03156655121741,1.90271940920497,1.61962659356736
2.01531462581354,1.93638118293522,1.58969738679996
2.55912174940098,2.32648309430596,2.07363347919898
2.28694527485944,2.33588692746082,2.02224020769992
2.3645131871856,2.19510823378465,1.80219482959904
2.72720283961599,2.5487996442998,2.24417673098245
2.80430711595384,2.61991329479789,2.19102719758309
1.21832477588951,1.20738582851431,0.919531806674857
1.54203406031781,1.49480709505033,1.19867031240024
1.08731926249062,1.11339393913068,0.828238864474117
1.01140035872097,1.05557430540569,0.870812882493499
1.17587459061833,1.21982460175116,0.863120349135831
1.35439799343192,1.45436015277371,0.973980418714735
1.21147447765881,1.25534518693187,0.936952801818298
1.51135061582607,1.5551316708735,1.19909409792424
1.65227534581324,1.57163615504593,1.28782035072927
1.34442409056466,1.33725242640216,1.26953736555542
1.93800203946332,1.60856156938928,1.85082785472941
1.86084517614991,1.83760394041749,1.71359219406416
1.57511706787128,1.52225374569605,1.64300643581274
1.71763750239282,1.68784487397388,1.95218909460599
2.16098612293295,2.15254104465257,2.39246340995292
2.15131238513208,2.17080696812523,2.39961060867151
2.14573659259,2.14975678519484,2.39160912206633
1.1407222549285,1.17440106933346,0.847363203421698
1.08716411797253,1.11107008593929,0.870990698737046
1.2723599188973,1.31220612667119,0.913271702473892
1.4123437993386,1.46732511733486,1.01386998285097
1.27737992900783,1.31029735310301,0.92809081606465
1.27471880731422,1.30766891228465,0.938849036710677
1.477590545063,1.57003015181924,1.07870939427587
1.84638763706186,2.0622181655361,1.41675043001077
1.79538031433924,1.54959571413441,1.37166495938449
1.94868010018286,2.0456572688201,1.70418789967286
2.28348261408376,2.36885581289793,2.10278554682809
2.58335247268946,2.61049394746014,2.38893960339708
2.41594948988336,2.43691399491282,2.21545476214138
2.80285259662623,2.79818884436632,2.62999390321392
2.66723725657918,2.74125137189211,2.49010894186224
3.15379205729443,3.05030920546206,3.00651990473624
3.60581006818906,3.40576136426095,3.47414327538463
3.56726281765375,3.44854214196241,3.41960171907589
3.54308836721726,3.57935004969486,3.45935562892768
3.78598598593361,3.89948543749959,3.7538112093782
3.81442503212594,3.86630753450562,3.75205598791036
3.819978318261,3.8935910048873,3.73142862723388
1.18722451496018,1.16654023897288,0.882888971102138
1.23643767284663,1.23381819538326,0.949611017896964
1.12458212221839,1.06312991163009,0.864346832983784
1.16480249203892,1.11910075662768,0.90996657653853
1.07401912129322,0.971616550850895,0.863643424299044
1.08339240129841,1.0052942375055,0.885324553717699
1.06129254242592,0.933804659703902,0.881705865823061
1.12015725498649,1.01927309206613,0.93203774546656
1.1429561663883,1.02291995316209,0.992884385952704
1.57797025381895,1.50781861017138,1.47064702459585
1.60496283331575,1.49216600943419,1.48168404325756
1.53545344947634,1.47279379222971,1.4451131600902
1.11934015905838,0.979334167176992,0.931407391694162
1.70042022734459,1.47173489503202,1.35848616630143
1.62005995909745,1.50530200074483,1.34460605932009
1.35378829190379,1.46312821830535,1.19331007213148
1.88667089841359,1.99893295000892,1.71212344228833
1.87014411425339,2.02003948165545,1.72984911019716
1.89043463195219,2.0005308194495,1.72609446016656
1.1338798911591,1.01790664531249,0.935265260067739
1.21745795909033,1.12959682164453,1.01579062440043
1.16932076448095,1.04182410471385,1.00008069126463
1.16821227981525,1.07987730141075,1.03821922710628
1.29009858933407,1.09888288582176,1.08848307334692
1.43776584163887,1.15777646459242,1.20113767025495
1.4463088319981,1.22568812426808,1.20510250289302
1.79326241593351,1.66047837001475,1.62272917953657
1.88504212390221,1.63791312524395,1.63983850253403
1.81081292547949,1.63057843091139,1.61724191746772
1.2945146517701,1.09611270884219,1.06976758752309
1.27051727824421,1.14534658421472,1.08207382160733
1.59665682899841,1.19118653734235,1.20708884438904
1.84006529568812,1.29264200919956,1.33698756975179
1.7643443169377,1.30040234365034,1.32392779830673
1.71888331401477,1.33987055890303,1.37048560640767
2.10227093730733,1.47813730864823,1.60985397682913
1.92934115329355,1.58636604635925,1.59444398657646
2.06242889759269,1.75533988120202,1.76685807341322
2.26862250537337,1.98273150723496,2.09061752410359
2.43099830736568,2.07938618269172,2.21019963072264
2.66348650817623,2.51394769374727,2.74658445662712
2.63506074062592,2.51601477523492,2.68839898192266
3.01507854804992,3.07078245004177,3.46921415417354
3.27472040125459,3.26156233441532,3.72790069839606
3.36746131051193,3.49141157761043,4.00411745532834
3.00223466897801,3.14697535922552,3.56949772361592
3.00104601221773,3.02884801073897,3.38906039886758
3.42580851560597,3.58612061232183,4.1440512868045
3.10404480759252,3.30216307613917,3.71148097968006
3.35815628829895,3.59087340553779,4.01687319185088
3.58494775496007,3.70686391071319,4.06035516465576
3.87149407895373,3.97044955133173,4.26258835107519
3.95861060457683,4.03383150178592,4.40452421104393
3.22942271245977,2.88862828931853,3.27442049416287
3.65646688766059,3.2625260398694,3.68968052791018
3.69965694543598,3.3061145427984,3.7517926461351
