R1,R2,R3
13.1395275174577,10.0231410546527,11.1215423999753
13.2119271324719,10.0614628618231,11.2111534939253
13.2111570922678,10.1846371066576,11.1632452056468
13.2099539005119,10.1729678053129,11.1977542093877
13.1025880007215,9.88279972082832,11.1387728468362
13.2966054723052,9.96914556056674,11.3431832119701
13.49598095839,10.2547372607886,11.554764190581
12.5056169946067,9.47349285547147,10.6166929129952
11.9641946996457,9.20527528296335,10.1277820972994
12.7639918760961,9.674696843421,10.9323618103249
13.2995177749009,10.0483213408605,11.4583674216824
12.4914786368535,9.65172921163325,10.7809717144813
11.912207908047,9.23812733281462,10.1374855126561
13.1790999309174,10.1598856502676,11.5144357409717
13.7889182266561,10.7283726011608,12.0879418817645
13.1699467645895,10.2832000689639,11.6287016887853
13.364873025117,10.1314527071428,11.6771084454627
13.4754458517084,10.1686212287718,11.8154223930401
13.8711658229814,10.5508889523441,12.203872856728
13.0147177517694,9.88789227197995,11.2836057680091
13.5878328481205,10.2675757545058,11.7580294094077
13.795293718105,10.4263399912632,11.934890189959
13.7547116589317,10.4505820803712,11.9162391329353
13.7964470988193,10.4514709681552,11.9771092652182
12.5415728324055,10.0468163236852,11.0500413146025
13.1519708493287,10.5863130272906,11.7614110090633
12.0917721870713,10.0434614534438,10.720753174399
12.3081785038755,10.4964674113573,11.1035839743757
11.5074987452446,9.68376942605761,10.0884471449508
11.7213601308631,9.63139440699391,10.1928648419651
11.7530620742049,10.3908369508398,10.5437490291726
11.8037661679203,10.6963226690532,10.7103347515854
11.4794699557932,10.332170450257,10.2413250852604
12.5899803764564,11.0974668398513,11.4913230556247
12.6932709877014,11.0179234471546,11.5174596750368
12.9456239916098,11.3317290998186,11.8925923309182
13.0980313625277,11.9066196635445,12.1631416262902
13.3952447521576,12.2729471475482,12.5433170241925
13.3897942278901,12.3640428468956,12.5041593554066
10.6458439444565,9.03060555906269,9.17458546670079
10.4905164243585,9.05978701174706,9.08537644164051
10.2828299400535,8.66818589265492,8.71755800175614
10.5988184019749,8.868898422504,9.01180562440127
9.66771207452547,8.25554450149063,8.05387002097159
10.0134246855018,8.61651338436208,8.42023354336587
9.5862519268675,8.30767917084271,7.96121474547694
8.9816863767323,7.60352524301432,7.35682398919494
9.05910864685507,7.67081493694485,7.37191394304517
8.53871722439687,7.20137792287226,7.0209493464283
8.69317165422883,7.36882978021031,7.2467978139228
8.11527695792627,6.79886974885219,6.69152324171188
8.41752394783789,6.93639104308133,6.94706671618078
8.55865257494091,7.26293288238939,7.31232367818363
8.73076195676058,7.49900965788361,7.64585218487512
8.78444053798484,7.48329453881583,7.58816184802158
8.80330817272729,7.50998812013592,7.5143439481493
7.21726113728017,6.17148684595733,5.87716313642408
6.95763777462137,6.16843461773417,5.79969140720068
7.02781143924861,5.9799116856594,5.59489590833644
7.48891334405285,6.28990240536719,5.96520181254929
6.48792376535481,5.69016107361494,5.15606280637798
6.92996914389888,6.32757444049661,5.52278753792277
6.50801861154686,5.61390033889122,5.38535435113415
5.70862697002099,5.08588411986691,4.41364121618745
5.72638415054638,4.96105106575122,4.53401055529721
5.32196821365432,5.0946384379855,4.0259307661598
5.62777267519406,5.47160614886481,4.31531729738086
4.81232484865663,5.01178727427676,3.65715906615197
5.09652418216605,5.31724153389701,3.93839388574634
5.352362270072,5.92023468429843,4.18042546858455
5.47258224956944,5.9423485047618,4.31307876765249
5.41724642329117,6.12439088518782,4.30880006962498
6.23309958020724,6.98034730504284,5.02104637627809
6.63036426029758,7.21144910947361,5.24617308865467
6.54655091509538,7.51657425075354,5.51783640671075
6.68063661810959,7.45303590511244,5.47157984770005
6.99740648018461,7.67364017994688,5.79989816428562
7.09166709244343,7.95105520365729,5.94972932851545
7.09231359047943,8.00172220019046,5.99395682196551
7.58376109171871,8.44433576429891,6.48495271925124
3.92285523718324,4.1618158824823,3.10337805946807
3.94959858012869,4.43785694050738,3.27403642933384
3.58963496069157,3.54200722716727,2.92649808084559
4.01961303744965,3.75575145552688,3.26178448883451
3.14788788600243,3.13396018417418,2.78496220940765
3.33156342374517,3.42837131866654,3.08610794490295
3.83964750371917,3.53114829410001,3.4660725144327
4.11827022012437,3.72446489041698,3.61204800297482
4.08657345094288,3.73785423833,3.79779703508355
4.58156280462577,4.19119030798503,4.1971602955129
4.82805707653072,4.47077342666159,4.38754618069529
5.02713224813455,4.60235483436148,4.64008488456452
5.19746069941316,4.71253993468042,4.88090791088331
5.97064044221814,5.38960410317565,5.66445263780718
6.2787499925494,5.71939334822731,5.97804406629027
6.27378326076804,5.71155694371582,5.9773101430432
6.29215709673179,5.65309640387249,5.98957046754016
2.59630198054141,2.71904750701202,2.17087710489245
2.98818578766335,2.82407326779037,2.19172491433112
2.39446982323041,2.66262131699725,2.10578081047638
2.69417105157709,2.98847437531461,2.54239900704583
2.58615067896265,2.56889922273507,1.92744820202574
2.93531300956867,2.67922426997503,1.91513319425233
3.2992174347381,3.11170639532883,2.58555136418836
3.67467562437233,3.4068226753425,2.99818249547465
3.69847342400775,3.43638607791176,2.96047471619418
3.68233927657765,3.49149806110563,2.97973816435131
2.37548694775338,2.22794494657164,1.68910579401911
2.55090248638852,2.2749909543855,1.92009840273273
2.27235423136173,2.16401303791211,1.59187173682037
2.47279362746978,2.4717598676549,1.87483992927515
2.15399124768537,1.91843344156968,1.45805322884639
2.15004614750727,1.88260063279065,1.41206245832695
2.33158618129617,2.05540618118833,1.59892075652804
2.46430419132747,2.17776646958498,1.81875051317305
2.38189257651482,2.0865881759387,1.75320606700981
2.56240270575472,2.43399505905822,1.82027492151094
2.69430535027658,2.84265131964537,2.09886307350943
2.81013243460871,2.73957330446567,2.15487488445563
2.82310942958001,2.48619432934368,1.99345316911431
3.12461148444521,2.82597168073092,2.44056064475165
3.27008940705906,2.79205753963182,2.397998812779
2.03593203096686,1.74618044282562,1.46894226408082
2.14054165833318,1.85423423082935,1.66666794902291
1.89282766839182,1.56316850892757,1.34539113461218
1.87546074282037,1.54580349633348,1.27918471334124
1.80809456411751,1.46942127241197,1.36291946101291
1.85334288448983,1.53617156908951,1.4369095683016
1.70768787259986,1.37508380475351,1.29435055389309
1.70965151517359,1.36952961648592,1.27072265356365
1.69421246191426,1.35872559623337,1.34072804475752
1.72833180140231,1.42748519393377,1.31130135099088
1.87804296510469,1.5521844431022,1.42708377462136
1.77642028364237,1.39780742510318,1.36169689315336
2.08070206900672,1.76567077558724,1.78322611431795
2.14156324706503,1.75648490560869,1.72377970812622
2.09759500019029,1.75106224210777,1.75767076135124
1.93065648887555,1.60932532837529,1.52944579371784
2.27996872979006,2.00124841055402,1.91345938524175
2.24680796419197,1.96843341100643,1.93763180308983
2.28340241187551,1.95091512342888,1.92216295987734
1.83455521617759,1.45691055695454,1.41615726363027
1.91737637169969,1.52544733685873,1.47086960638887
1.84052473793878,1.42743039140853,1.47203917487429
1.86733578479227,1.47940925552289,1.54555404483535
1.78738254515082,1.44699182886357,1.51345175150633
1.98689380036959,1.61157601486675,1.62387369343818
1.88960713426691,1.40980553247939,1.53628210304146
2.04780812841854,1.53062585970074,1.65267048570187
1.91841359223785,1.4148664215746,1.62839664890331
1.86013918695571,1.36675699673247,1.61727609436494
2.08782648858593,1.50862413871463,1.76182187349597
1.97474758117911,1.5201356750424,1.68600287094759
2.04082501430098,1.58833935962295,1.79576268695345
2.16605676226227,1.66862348614405,1.81821366515732
1.79867162891077,1.32817896848513,1.45152821781746
1.67940005582779,1.25013251303028,1.3354301316281
1.9129174403022,1.40802654863061,1.56607523074651
2.05497453824895,1.50832384436651,1.7089567991072
1.91315733758631,1.43939672193416,1.55823516657917
1.91045545118987,1.49149742455067,1.54355088801213
2.16066690192336,1.69413740365891,1.80542300787477
2.37093629046601,1.9380833913166,2.22884226216617
2.44261910565892,1.91131996863871,2.08572880109906
2.70379435727597,2.14489254599337,2.43784649609671
2.62542295113988,2.2558898572604,2.35954860360454
2.99563697384068,2.66913222885416,2.81694116547272
2.99365596113553,2.68988539053435,2.80509583773731
3.00009027618316,2.6528316155089,2.76166766330498
1.78222296697294,1.29166404779027,1.44533365223994
1.81581548434775,1.34554465327143,1.47345816317143
1.71896672008377,1.22003586393526,1.39810041911966
1.77622217815545,1.27250469678837,1.46955211057422
1.66766897582069,1.17269353173939,1.33132901256784
1.72962041712784,1.27669087255507,1.38441691158367
1.75753948296524,1.22118340555104,1.47463356480329
1.79291044100264,1.28676596546679,1.86654026723387
1.90983593109624,1.35538284161237,1.89595109018298
1.85363432901238,1.22962981599975,1.75609225785235
1.70980226230808,1.15976793590019,1.57754385406117
1.84163919627364,1.25336512421971,2.28455660065881
2.00555776927173,1.38892610205858,2.69020135262759
1.72136261248487,1.24056532013347,2.6800495117791
1.76285127902295,1.35067149708475,3.37010719470291
1.66887121449513,1.21024789537614,2.25853210226488
1.71134725692853,1.33205894238843,2.71014316189115
1.52660791612162,1.05263259995137,1.21573438629633
1.5140735802933,1.02305828598252,1.20164872179626
1.47449973472007,1.04262780027869,1.18926684727302
1.54127926051463,1.12571411591937,1.24401692742622
1.37834300100753,0.981578453859044,1.14086924375676
1.35597711522726,0.959466118982094,1.15399863510625
1.39727731371573,1.04601181496703,1.16502548488214
1.47623910596723,1.10407810748191,1.22443365634415
1.40017007248859,1.07786146535999,1.17721508722878
1.4005560559192,1.08725452176629,1.17935598646505
1.42828331874968,1.16001070304329,1.48032223611073
1.49204354537829,1.23723199881733,2.1693680016158
1.47989416207176,1.24331155933813,1.54710980701775
1.5760573726288,1.36630775694706,2.26409966697557
1.50215561693227,1.27199141030706,1.2959421723843
1.60604282934191,1.41839467747924,1.40064226324685
1.69048263401565,1.47870437414714,1.47460425401539
1.48249480937209,1.17092242436795,1.89380134565991
1.5880650940724,1.24727028882734,2.6940082861003
1.53204654690151,1.26605100526041,1.91657172224571
1.66455548913661,1.40703241221956,2.7037520859329
1.3500406846024,0.962633148511391,1.10894776691648
1.30869946963887,0.947643280589134,1.09718351691433
1.42610322128794,1.02552810901849,1.14034941593017
1.50678579898423,1.10487615249899,1.20301892334422
1.4387758026195,1.04763934541199,1.14333368333279
1.40864254730943,1.0812594407365,1.16358792275616
1.5578237513999,1.15182954941838,1.23016865587417
1.42375797007737,0.979978049149559,1.09786670575916
1.39572263523055,0.967025265734577,1.07936023632064
1.4958934131376,0.98852426980726,1.13110892669977
1.55997404720865,1.04864932550126,1.19518883001084
1.54081264680743,0.971392519604312,1.12873841547744
1.59240159001391,1.01639974449458,1.16042086326059
1.69535972059916,1.06599887104661,1.23193150079655
1.78210861865656,1.24909735013172,1.38608437731923
1.95842993906648,1.38045457191933,1.53058956025029
2.09130113379828,1.6693889003273,1.74442120501151
1.8792602153417,1.23490049852883,1.36668838497107
2.21722906772203,1.66720406679332,1.77232726354493
2.20792237291957,1.71751624637477,1.76234174360606
2.24577623907611,1.69690253960982,1.8281037667123
1.4513802600562,0.888493406686436,1.05014609182487
1.48347235137835,0.896470166832569,1.05186700394261
1.38159808574255,0.853103001446784,1.02359542014875
1.39732936350784,0.896163004296797,1.06448552352614
1.33481719593119,0.815009878428254,0.985094358770751
1.41299454301994,0.851640149157537,1.01604118725867
1.33635986980754,0.844213981281216,1.02802287423964
1.36589483315673,0.986038768165488,1.08255482142405
1.40035289658176,0.973064642803764,1.0789049377441
1.76244357258747,1.45555705241055,1.53445124596732
1.77838893208847,1.47532148652523,1.50671993220349
1.76434496464619,1.4725309651042,1.51004132551677
1.44146502350671,0.981301690407878,1.14443645625047
1.9154502939799,1.59170983059943,1.60537856601973
1.80219019492237,1.60215593562297,1.52299764041896
1.88755314021843,1.42250777681133,1.75977762494956
2.33543656850455,1.96854935682132,2.28391087458376
2.35149345837927,1.99671914017509,2.26495512608033
2.38681908818151,1.96505528466015,2.26528652990784
1.27130502493496,0.787099494780659,0.938996659381339
1.29793571310759,0.803999807560716,0.939089445558659
1.23459474120924,0.796366312522526,0.950944608834531
1.25003279717609,0.830992563982782,0.990186518089702
1.21853136972798,0.809608642146815,0.959740918034524
1.23342935374072,0.824898459660028,0.968005197680068
1.22851014368712,0.869231853261419,1.03554988863808
1.2836822004552,0.920866198638808,1.08910469092763
1.31437073090108,0.960336389920812,1.13372044899307
1.76613250718328,1.46784403625664,1.55707900175683
1.6498067492727,1.43268024048719,1.57294681281109
1.68672015242005,1.40968371382196,1.56701382372243
1.26034321358324,0.920149456048041,1.10397398526684
1.77383469947001,1.54538972796478,1.61727333219306
1.71301226099666,1.3841020669053,1.56966130310514
1.60348959789691,1.39453799197222,1.47219541630967
2.12202157378475,1.97831345773078,1.96345748654035
2.10543139089906,1.93794294736338,2.01646022678145
2.1049793607889,1.95726166988469,2.01441473662448
1.25420970384001,0.81966917569086,0.965033716199998
1.2904427121852,0.854016681086282,0.994075809730717
1.2937651503011,0.836313118974237,0.988679066999003
1.30885691446586,0.855883314997292,1.01421402205672
1.36629270453804,0.871430331587528,1.02885409009651
1.37817486967893,0.906733075172146,1.06874979833244
1.4574011080168,0.948634820722408,1.11684174386465
1.52716862148973,1.08030489421249,1.27261298659561
1.56293233031749,1.09288513961644,1.31736659513333
1.63999352251311,1.0949769384771,1.32860728289065
2.03316173630041,1.53907665187389,1.66284876936273
1.84809049555515,1.52244299224355,1.66700300686013
1.91772814958104,1.65812759020657,1.58253346686604
2.3384930679592,2.20735197059653,1.9719669634844
2.38481384622305,2.13106662692453,2.13907782881248
2.29284859249711,2.15386839052763,2.05609286089636
2.65645387041425,2.55187179040712,2.56747777566345
2.75614998974786,2.68338680861467,2.55316146984611
2.54993963612715,2.27149217260153,2.37227005214504
2.83448863006318,2.52441062174878,2.71081341268071
2.82862328788178,2.58102686823968,2.66975459844697
2.83430754007974,2.5486352446134,2.69358324295447
1.41232287429447,0.871601975852579,1.01527644307645
1.47424477918727,0.92313456600653,1.06072643514223
1.41762436556655,0.861702683257892,0.990310223990771
1.4075001736284,0.868428389132454,0.998125553539222
1.48030336753472,0.89844991810083,0.999677844135851
1.5679519232478,0.963204378408103,1.05661326144501
1.51182891165601,0.930641013037388,1.0319119817377
1.51239365802718,0.941410049402423,1.07444361525232
1.59663056832477,1.0262679747011,1.137798921817
1.67952119297439,1.14749443832058,1.26055483226497
1.63045111831636,1.03049143823548,1.111234609157
1.96715425096692,1.49340990642887,1.56098958228287
1.96850294540765,1.50726245834877,1.52142795798654
1.97285601660914,1.47353219724655,1.55269106073101
1.46575123665188,0.896552195450216,0.979861555905775
1.5669313498748,0.982742501152621,1.03761547510938
1.38209581074977,0.84984898560841,0.942982788383652
1.33819763762589,0.827648593024908,0.9346044448872
1.39917440966829,0.884554435520247,0.962173909249441
1.45725816555463,0.932451256219072,1.00569646638312
1.34759202560259,0.885570569867048,0.965855255783612
1.34604197299888,0.978704361580373,1.16807948409967
1.41534248132116,1.0388304387858,1.18915226198039
1.34023964655642,0.917846385111742,1.02925169412598
1.37760584251693,1.1414951901739,1.4120369736968
1.41476701095728,1.17727419589485,1.42547118692607
1.8086668139311,1.64660163291899,1.93289206403456
1.77857786987659,1.66881854577691,1.8899135264052
1.77464141111562,1.65444569467472,1.86807113568605
1.42890039906846,1.08619388798767,1.25392722259539
1.80347659587306,1.55140883704995,1.77983692463439
1.80414975398326,1.58505604312558,1.70840244246901
1.79641917263077,1.57764111303428,1.71634949025157
1.46552683395661,0.94764854607729,1.02352622218523
1.59456241403929,1.06075607967596,1.13016155525364
1.42715368924332,0.921426570813903,1.01854411365342
1.37358316563592,0.887130768343001,0.994140179104979
1.51215004535789,0.992814905161557,1.11649769313669
1.57630667772645,1.06291100303404,1.17912552101771
1.4886831155714,1.02398693036896,1.18328563910284
1.79579564483367,1.37287198574097,1.53734123958562
1.65033238288381,1.35483766035641,1.47761109934986
1.52395388526845,1.10608152215632,1.25307706343126
1.80933015152698,1.62377672341651,1.68961157872374
2.00309954143549,1.72715433355466,1.82292591604195
1.67739289604366,1.18133611916187,1.29251023659608
2.1460910472798,1.67300219246784,1.75748503771215
1.91461743642493,1.497762745384,1.53954357807469
1.55317949267898,1.09762859918054,1.15533820762266
1.47558037160209,1.08429853626663,1.1038124162839
1.67676923358725,1.19408981306106,1.24455286370012
1.89171281367636,1.34013042522931,1.44709585912458
1.93734455831917,1.3752192474711,1.50841900880641
2.02981901283448,1.47655941655223,1.57569476494735
1.71875725945494,1.29328603111338,1.2742619961469
1.64254402071861,1.27504914820605,1.20896501338188
1.8933365582229,1.44238455251685,1.43602514840101
1.63027887154922,1.06096242521354,1.18480280324644
1.75076557544995,1.16330266451706,1.29290647204287
1.64934671280727,1.06180243648245,1.17537352274673
1.5942383473059,1.02857260268141,1.14288021803279
1.79940714515865,1.16864645926178,1.27089898706019
1.85832457334025,1.23058737512039,1.34820760769646
1.85347517234086,1.22180009251962,1.31001826118799
1.91446671848219,1.38584184161802,1.49336620787245
2.06344973712065,1.51693372587848,1.53623292881819
2.02810786148217,1.57494622829803,1.66997953788696
2.33739932596944,2.09373292990642,2.00719629875854
2.33056786076964,2.02741031214389,2.2159282108319
2.37118889120431,1.98368409812426,1.99093255301497
2.80679677404385,2.50101129382873,2.514230683351
2.76699141419641,2.37485710073231,2.32310809818845
2.75359124658244,2.50517257932992,2.50609804980643
3.08988043860645,2.84565908603722,2.90341188442075
3.15638906833097,2.96988335712137,2.98010678506807
3.13453020510341,2.9881209983876,2.90143416520585
3.42805679527073,3.30212719259062,3.17291415587005
3.41837619972802,3.30991435632379,3.21200121418618
3.40396609917337,3.29491193018623,3.21588323917669
1.90011943971568,1.24394706999526,1.30693202095674
2.04701554824308,1.36374187541241,1.41196790396605
1.85805106214785,1.22208177317053,1.27093123415758
1.77090236659731,1.16697102331606,1.23199979822966
1.98084458433412,1.3353975278014,1.34472239005716
2.12006231360264,1.42008860069205,1.42552269294602
1.94078267427713,1.35425070855668,1.3460032540757
1.98883662755265,1.53604721122881,1.46471298978763
1.82257208547656,1.76231772900703,1.69315540292749
2.12842987247809,1.75193834460035,1.72593676360972
2.75713608043864,2.43714550449304,2.57498519247931
3.22363421322581,2.82253042222735,3.02206899631202
3.01418777507447,3.20917333904914,3.3048087532511
3.64846582293103,3.93942814160094,4.11523794080496
2.66056507943543,3.46154809760254,3.3399330409332
2.99524496646519,4.42845678800196,4.26018735979036
3.58458293008589,4.79121361955394,4.67950725328032
2.09143609202105,2.44204221797431,2.17622368122217
2.22204292789043,2.81692380035206,2.4588641709568
2.32885811525029,3.23936564537548,2.93563257363219
2.54899845817989,3.99444796723028,3.54627739774218
2.04255570055612,1.40818005230568,1.42556859631879
2.21811781816042,1.55748932997372,1.58187023205868
1.9444303128963,1.35891152547272,1.3877555903951
1.82984765376821,1.28189690751884,1.31014026878614
2.04617059530159,1.4723538277079,1.51744786947196
2.17971812690928,1.61271421332653,1.6584729927508
1.98674852212259,1.46731319489654,1.51773882878467
1.95010243135406,1.73480448007588,1.81485611066114
2.15486208966287,1.63982100391289,1.77967527189039
1.99366541601859,1.64786997172652,1.69510831639835
2.2541100191165,1.96205003796935,2.05058279517385
2.32022808070788,2.29939268101017,2.33815512788528
2.29983745517299,1.91789305413589,1.97778760559316
2.42168292958929,2.05538000625081,2.09334263653255
2.73977703166452,2.41639261103797,2.46882360794407
2.79654061434665,2.44531648714406,2.47157005327127
2.78216456558519,2.43902820581966,2.47512513173072
2.11943103865823,1.51299048010066,1.58888001187109
2.26169990509828,1.66707420618356,1.76804411343702
2.07650423391394,1.43897642965376,1.52858258429738
2.03047101277205,1.40108754629916,1.47365012972419
2.15486431268311,1.49511410180273,1.62462837125959
2.13671787805931,1.47370186118101,1.6162359468687
2.38211391199376,1.71526464023351,1.84406020014637
2.4560004345468,1.81217423277131,1.93638022810282
2.46473993087655,1.78764765097262,1.94180368989104
2.51416039286232,1.85820320972479,2.00260492192219
2.70006681042577,2.14397617722698,2.43164479636297
2.76466767928651,2.20322349113207,2.29805486006655
2.88138655915274,2.27283024181687,2.21687044158879
3.22207892356838,2.72405047135589,2.53615625226934
3.22302245890764,2.70184509823164,2.65106297779872
3.26754150913817,2.67142376691376,2.67731467354608
3.55779297087188,3.01906091220449,3.07172652139375
3.61539539417491,3.06469720008969,3.07001446753128
3.67262433155922,3.1129335282927,3.14286252913883
3.95653362260499,3.43821583915305,3.45407797156182
3.96250846194635,3.44019938063601,3.48085840242071
3.96145130287851,3.43432411818992,3.46778759312638
2.09450099167287,1.46033194117903,1.61388443965624
2.23875579640347,1.61915354664997,1.7776808033072
1.95050653779538,1.34146234408614,1.49739710394492
1.90500491093768,1.31901167394405,1.45714202086175
1.92225259390688,1.33833267283406,1.49865756992576
2.04275732401087,1.43764619094497,1.5897643717424
1.8835808675084,1.36166466370372,1.50465313932205
2.19029918864648,1.81662952043123,1.8811086517178
2.18002816136859,1.77830729683616,1.87852971456543
1.92503846018657,1.47407442041404,1.5306094957703
2.38520278609773,2.08703779705035,2.0563548787897
2.29905333958234,1.97198187503687,2.02064892528591
2.67786087965634,2.47982362782491,2.46694536971618
2.70659802931898,2.40036753627249,2.46287583827825
2.69426915961073,2.40718576016454,2.4572153876483
2.3175737723868,1.92780111968646,1.91680896310306
2.76860774267959,2.36455931995291,2.34764141242486
2.71536558233383,2.41117828677913,2.35639910254563
2.67452257943763,2.38998264860837,2.37907966549785
1.85986531360356,1.30665982931277,1.45649447533996
1.79442765994301,1.2974542683931,1.41510527680445
1.94611808987866,1.37509546617198,1.53636169991928
2.05426354317978,1.45330263081698,1.62772425927816
1.93911785650043,1.40291310613294,1.55904166963208
1.94025212189979,1.4115873517041,1.56889609868415
2.10463456360835,1.53490243095219,1.70557889794257
2.24845520601766,1.59076390139014,1.85033528285573
2.29625449939944,1.63561056277838,1.97212304018564
2.5786447869264,1.85981512904693,2.28234357414247
2.28161726366419,1.62659354908211,1.9092469311236
2.59607431997947,1.98956357625443,2.26413758924957
2.57728578866531,1.95303435029023,2.26173693951556
2.5721954298591,1.93544974791344,2.25905027186059
1.82448770638954,1.34118163188567,1.48420932628963
1.79006369717345,1.32317779937662,1.45165905235906
1.80728884099147,1.35646471499239,1.49981829930612
1.87909875756436,1.41986100768654,1.56496406493223
1.7327048848569,1.32791478375217,1.46904950271548
1.68045161556999,1.28739710002794,1.40897753377811
1.78743467490116,1.41013443669816,1.54893641298408
2.10148340160146,1.84048578844592,1.95546371846076
2.15656191178869,1.6728557083672,1.91630609676306
1.97518626032552,1.52416692938257,1.56613812432754
2.41500914905371,1.90894160001372,1.96887611592347
2.38645659742259,2.04950192607179,2.09585790491108
2.386105350602,1.80185225185405,1.76534432135059
3.05352751439627,2.43096472889317,2.38760842238611
2.62023360576501,1.89830806906138,1.87922518377274
2.63815309659692,1.93849634432129,1.9625695455096
3.10976830281785,2.26186695083589,2.24320099638939
1.74680948721367,1.34290598982672,1.49435043281423
1.70476443793077,1.31541376113216,1.46024221320269
1.85287129787808,1.43089465167041,1.59341342955263
1.92247450009678,1.48745939087522,1.6496088501581
1.91394050884294,1.50317255133162,1.65701660522457
1.8896895660149,1.5224938138049,1.67361177114053
2.05924991484642,1.65101127264777,1.80751076566514
2.2822407291659,1.82985890055647,2.00934455789952
2.2444009984818,2.0508526823018,2.13484550585465
2.61755708912878,2.05240771820084,2.23699107832038
2.92034020129041,2.4038382884139,2.56427230080439
1.92001774360781,1.48494075578335,1.61803170786701
1.94112213840603,1.51974119943646,1.6385128157386
1.94171970009757,1.47484254198785,1.5984346944362
1.96228067256255,1.4841404099854,1.61916260754835
1.97390775857339,1.50032794255973,1.59043440667691
2.05594354543083,1.59226960552457,1.66230128698731
2.06189853454184,1.56785249675105,1.64418931627235
2.17954214539299,1.66379568886319,1.76032674513753
2.02061580375883,1.57701773204755,1.66557265619575
2.36451930148919,1.65034909960272,1.8857307196927
2.52260835369432,1.7741878962217,2.10028344900564
2.57084902733084,1.64892826909772,2.04338262012958
2.50936108991143,1.80585007332257,1.97282775365349
2.65102232312702,1.99310175058057,2.11693352909143
2.6024484607865,1.90638147028167,2.0809740654686
2.63188734184535,2.01160259827975,2.06825087857758
2.73392617447297,2.13815335569557,2.19968831797187
2.72648507345104,2.20467638030586,2.20387173005872
2.83019850508861,2.22961254814178,2.23947468275317
3.04252038854597,2.46634149672168,2.46779594357539
3.08826175952826,2.52717517932175,2.51018132293911
3.03107097927823,2.50678776296801,2.51296317558961
1.86290861181637,1.41021559356784,1.49311612314565
1.91049765464981,1.46562194740483,1.52743066531006
1.74302445554935,1.30408639849926,1.40380302373775
1.74215988559648,1.29880038712928,1.41609623668552
1.64483159799764,1.2340914002276,1.32312017678692
1.67618217964377,1.26258924468863,1.3326644725197
1.55244180216938,1.17042118236351,1.24825007273115
1.5885779159745,1.20303985982222,1.27255180294565
1.5803240816164,1.19700965258927,1.31283547069249
1.48222954269533,1.14428531778803,1.18189812010341
1.58060374639494,1.19786414208269,1.27168787275691
1.56715595964123,1.22653358567255,1.22278649742609
1.91192836362746,1.66919480334589,1.64771340598139
1.9305371564652,1.63761902067405,1.6445721224299
1.94967342246217,1.60497250673632,1.60766469317048
1.5860666668794,1.17137203320564,1.21114934293497
1.96901953352105,1.60836742206216,1.60214634933172
1.93803389888591,1.57866592869556,1.63774962070803
1.93878850405489,1.5721194645423,1.61988041531802
1.65041142923558,1.25870320262722,1.34946648769043
1.66845562538744,1.28565170108063,1.36182858179973
1.68256635443799,1.29565472761714,1.39908983031495
1.69385246139598,1.31002353405028,1.41412147448776
1.74078723662974,1.36313568199775,1.45789366328319
1.69883535316829,1.33954532679496,1.43126691302321
1.77546872334024,1.42345780283485,1.53147364791476
1.72147488660104,1.41150732619824,1.51857883499543
1.84679472766088,1.47616079123201,1.59902159801009
1.85668052779718,1.52322353308797,1.61832730980494
1.82975538009815,1.50750593025463,1.60284511634596
1.86063145990769,1.46192630595741,1.53944192690385
1.91204828922683,1.51492675568886,1.58289460146849
1.94123870548903,1.523667181112,1.59106782395547
1.93168906483197,1.51292535041443,1.58844427011
2.08102117006379,1.64867354430446,1.68806687619185
2.1483253506903,1.73192680991302,1.7619062969343
2.1885533750384,1.74428890811494,1.77232774047524
2.3746949716052,1.97594303152676,2.00282789778
2.3665727726115,1.96995281243917,1.96777235593172
2.47910589744632,2.09636716644508,2.20143283816634
2.79273173867447,2.46762312097074,2.60827016547319
2.78075189310805,2.47439936913758,2.62166917518846
2.58206134108433,2.16799053556698,2.26304785689198
2.87908336307334,2.47292741179284,2.62028884112339
2.86462848511638,2.48140775993266,2.50434195041529
2.09285129342622,1.63803638260157,1.66854422922198
2.21044564193002,1.75681125881321,1.76747193051152
2.0023570256171,1.534073729931,1.57729382523958
1.95248246481288,1.48194104548586,1.54443490591071
2.01746877936456,1.55136616256833,1.57731758365291
2.14231512870837,1.6562649667889,1.66399245391697
1.97179148763846,1.53333292155128,1.54121962817829
1.89087526627841,1.48247305934073,1.49476163043252
2.00150021949543,1.5876460102161,1.57813999157875
2.09008547188634,1.62745862251669,1.6134628649374
2.32025551943319,1.86955406049648,1.76529086980656
2.22322193975692,1.9655958364407,1.73749304512128
2.12531299290116,1.75269223587778,1.69817761804005
2.20676111740886,2.12860591036125,1.84568139659273
2.28362828884708,1.99491845453822,1.90128270700573
2.290976796019,1.96028504646839,1.83235078053086
2.41830346811985,2.10179582135621,1.97435274542221
2.46491627749538,2.32920916564052,1.98280446486168
2.56187432915922,2.72419824963964,2.05572742315506
2.47896796025296,2.73859782134141,2.03473166878667
2.81458636698815,3.15229897135728,2.26406655863074
2.73775588648313,2.64096962236542,2.27789827344642
2.82550029791921,2.70681057026529,2.41329475150545
2.95488101608854,2.98498597502134,2.45974781460823
1.97611451517438,1.52746124558228,1.56903205691604
2.13215689795691,1.7074654977788,1.7435640258314
1.86650218523484,1.4207760640725,1.48492291092352
1.87185905655297,1.43288591272782,1.51677171278544
1.83374387302189,1.3959608478457,1.45748026627886
1.876423953953,1.42760884503046,1.48844251334354
1.69902154372496,1.29837845954703,1.3636483731529
1.72197400697969,1.32045588273344,1.38450079882658
1.66349421878891,1.29219141556816,1.36169031440972
1.66234401455609,1.28749082439473,1.35671401425204
1.6378152032899,1.25420297645122,1.33263039145586
1.89867337035106,1.61263258291291,1.73147819815728
1.94359482023226,1.64912185784409,1.64691353461086
1.95407927610989,1.61339502816425,1.69463663717073
1.93351158336381,1.49740679257721,1.54483356820843
2.02546359463489,1.61823383866127,1.63976622008614
1.96908827227216,1.51822328517006,1.58329243038625
1.9549258076468,1.50741464667163,1.58805626771968
2.06835650033601,1.61282713189741,1.67427276055356
2.14364393663593,1.68359224288966,1.73647899480878
2.16577363282293,1.68555057453243,1.74481892214818
1.99674357991193,1.58436654318055,1.65468594766708
2.11712580280857,1.73864963344087,1.8006230252325
1.86952726197478,1.46685468138961,1.55364162488754
1.84820144648351,1.44290519430335,1.53452880842796
1.8075484234819,1.45217635292752,1.54275713572737
1.89099951586386,1.52603155798359,1.6253031842436
1.70807343970698,1.37920961696477,1.4635725127951
1.65594942582727,1.35353463005286,1.44062714111986
1.71117548945085,1.41918140437565,1.51520229661522
1.75012037373951,1.37716572487954,1.45236770729812
2.16795387453011,1.75512504759773,1.89983052693789
2.79697720155217,2.35267767243977,2.5627553245444
2.24123940679014,1.78359042578134,1.92724821035524
2.89440491431633,2.37084235738121,2.58584003232393
1.92295559315256,1.48521498206187,1.54530806582129
2.02847349484549,1.57356834981482,1.63780201568625
2.13901262621199,1.72946188540048,1.80111151649279
2.75538963217428,2.298985201469,2.42490562829405
2.21304756153361,1.79208898871443,1.85236651460807
2.85120918976957,2.3947870405731,2.49773050769894
1.7808135988927,1.47146241391102,1.56275278892377
1.79379961752314,1.50365438408597,1.57239137889231
1.80552586354148,1.51188496953323,1.63373603311621
1.86158820136004,1.55685365996317,1.68706287063348
1.80671074285929,1.55312616636704,1.68902373629765
1.88268962990439,1.60397201587684,1.75024013800441
1.92731797945788,1.67470972845074,1.83851128702296
2.23661365584805,2.00926782244602,2.10495657113746
2.21660495292367,1.9351719185502,2.10280402051863
2.21072311170604,2.05274199365161,2.2792896873197
2.50857470655543,2.37368574942266,2.62333869062815
1.68151497699457,1.50072591679562,1.5924005571822
1.60452340512553,1.45606991654094,1.5018023231901
1.70533523530691,1.55961872445235,1.65110012001348
1.80432032511715,1.64417538959018,1.7634189530143
1.64663346199216,1.55006710612092,1.60306495709462
1.60601018684805,1.49032586644,1.51352088581844
1.77192295284547,1.71824056482024,1.73873382376574
2.03040972295985,2.07682373980958,2.08843514590466
2.00636697011738,2.13648356454256,2.03005735848811
1.95329243169044,1.93690263150782,1.92124658630201
2.16678205314131,2.26731639684852,2.26557113835388
2.31206928817998,2.4367515872541,2.25094857486161
2.19314449750928,2.25415530265542,2.2183365183901
2.54996519061733,2.58867273058091,2.6784176719895
2.69633375891508,2.88453901865111,2.66940982087267
3.03657322619338,3.21389973818992,2.97434778365357
3.03398345734919,3.31218843398293,3.03312413260027
1.59277250775399,1.53360495197972,1.58706870382099
1.53590074861393,1.5077214917422,1.50118031929483
1.65786530471754,1.59823302725749,1.70446556406754
1.74105590249863,1.67419972623083,1.805642089208
1.66316439162042,1.62200384892402,1.72892452379439
1.67230581350951,1.66982957501319,1.74780917989121
1.82257301133899,1.7627632848713,1.93488056063397
2.16689913984179,2.04746486622888,2.26137659981266
1.99941724491938,2.03404190775066,2.23650285731505
2.24818366400144,2.10025446337305,2.35709965563091
2.87133410633704,2.70471419219989,2.97330869145183
2.68845661742543,2.53206162233512,2.82171090386721
2.86132000998431,2.75380684010067,3.32469448470843
3.22091945459771,3.02159446629314,3.04797797499127
1.59516127417846,1.54170888624857,1.59957018348857
1.58014858850709,1.56319668189692,1.55554392608353
1.60498188748151,1.50555397472273,1.57233701380295
1.66113365448063,1.53830372288954,1.63903303339157
1.59676757427655,1.49034586450045,1.48775888807278
1.66173096565942,1.54886741841178,1.54960641177499
1.71365027381454,1.5405985532632,1.55546587239248
1.81018357161189,1.7012467698578,1.6589962798081
1.95655432008583,1.71676255807459,1.8331245550758
2.22028143374589,1.96316820292727,2.13462633245379
1.8826819102386,1.72105725323726,1.70408473987031
2.2084681408339,2.09294707095244,2.0425392619782
2.22361256861123,2.0601843662512,2.04748054803685
2.24049329276931,2.11416726264301,2.12673810729621
1.47557788516963,1.44577955906204,1.32657674223576
1.47911845880854,1.48619156623674,1.29110479109827
1.41213542021069,1.40934142582166,1.26648099146318
1.4597063859158,1.41772968573108,1.33133861033966
1.34471591925807,1.4090384681628,1.15266225517603
1.35726849127322,1.43785075280082,1.11469278161237
1.35856251791099,1.41318064183111,1.16657982558829
1.44008395039105,1.64167654271532,1.29557707467998
1.39666243015036,1.56281249540598,1.15952701370233
1.75981628296346,1.91086160656581,1.5941998124174
1.75900663944719,1.91875232813575,1.56506937771246
1.77073970577079,2.00141300317749,1.54220667692341
1.4131510919626,1.41935293830263,1.19761717325788
1.53620416541515,1.69563227450788,1.42623956234037
1.59905210071006,1.78430259895656,1.35580537245624
1.61640397704234,1.51611778488422,1.49096666241036
2.01035365693501,1.92079354216532,1.94052385843379
2.01397238504903,1.93154840374452,1.94135138533287
1.99776286333988,1.91655753180927,1.9183251759339
1.34423629598769,1.45147861323826,1.15835392795044
1.35901131321723,1.51332410439223,1.11522113188833
1.38869036601786,1.47913920146543,1.26526032519172
1.41793335141697,1.47819110662293,1.3434140042415
1.4457399945466,1.5636681281274,1.32350947950061
1.46267601429974,1.60307963011178,1.30621179073876
1.54152486360236,1.63259423596921,1.48252898784564
1.67197110651683,1.7687741980214,1.73529719085217
1.81425111688567,1.745324631723,1.7793162750117
1.88369569159318,1.94724399730144,1.78408153610294
2.24236330916627,2.30085811963995,2.19220844840025
1.47616844003422,1.60071857143127,1.33287624943312
1.52871606794978,1.6964363982502,1.34748521982415
1.49159506578482,1.56545800985844,1.36170959056376
1.49744832560207,1.53496417678757,1.39493014683711
1.5551081620236,1.61550923211239,1.39319952342557
1.62896064462445,1.70097881127155,1.46629062459634
1.63858171620982,1.61982680728892,1.49114393635847
1.61468377276839,1.59017955339257,1.48418565494037
1.73764248925443,1.7013419562438,1.55290004316427
1.7428839137784,1.70396605718116,1.65099625338116
1.89628583708943,1.91534011122232,1.89078066791508
1.91249430698699,1.83655732872872,1.90337246770324
2.07519736095767,2.00658720743795,2.15399240490565
2.01444501102949,1.95292358914295,2.04283123289816
1.5317872896806,1.63035246706229,1.30914445527972
1.60881665862874,1.72274190320193,1.35322668138598
1.46998909678778,1.58662447143515,1.23385430101507
1.4504811842402,1.54408040172247,1.24519249808985
1.48188167448402,1.65608830148469,1.20106023283604
1.54556108885364,1.67505063976104,1.25032534461132
1.47746154845435,1.68382545913915,1.20129185675874
1.47583389555993,1.69535000916841,1.22016611359445
1.52156795746941,1.79176214106768,1.2289195244111
1.72513347274936,1.67968992411428,1.8677713580567
2.24018369266428,1.76530414146951,2.55177868403239
1.52355892989359,1.6504358017833,1.26223748814731
1.69569973425578,1.71296400500682,1.75298756964313
2.04266025997811,1.80707011770107,2.30869553839401
1.82604679057195,1.73765863682326,1.41989701293987
1.98349194641387,1.71086409662901,1.46253485915803
2.70786789727689,1.82411904033996,2.11853346176576
1.49955593796141,1.75824766386317,1.20995124633731
1.58410502359928,1.88185709290858,1.28119482959286
1.47570532496558,1.75274412306446,1.19984142407489
1.44466937802719,1.6895920978085,1.18749021379485
1.55177642289755,1.86731692802528,1.25866071309402
1.58940122803772,1.94052150812466,1.28761520866098
1.55649041451336,1.83042882794724,1.24513470001953
1.78152458724329,2.29250332234383,1.43259235681767
1.84009579662053,2.17645683529077,1.50988366418714
1.64416549857946,1.48474873096815,1.2708194125073
1.98455651462751,1.67589552430505,1.55387736190388
1.93929940681924,1.93257335711696,1.55527785657522
1.63470543091219,1.44083316570766,1.22528278525447
1.91304027538304,1.89347766378087,1.70492816475576
2.03125130678074,1.51713027349158,1.586179230191
1.66744968169703,2.00551784494967,1.37948043740727
1.80458867977182,2.21280034792216,1.50994299975161
1.66914035041548,1.94060655270307,1.39453143490648
1.60833493494098,1.82413856441476,1.35493541995523
1.81090170751092,2.0725524361764,1.52777620580336
1.91967600470866,2.22498870324515,1.64125787934598
1.86825568667693,2.06020032619976,1.63143556177641
1.79785848860105,1.96540432158486,1.59214087253769
2.04347857535246,2.20016490373737,1.78000917597093
1.964178577026,2.15967089843092,1.74762394687399
2.13623845175438,2.36491133118795,1.92992199574325
2.10377137910491,2.2488133759298,1.89074937320837
2.22163236313238,2.33714467670296,2.01624930305461
2.24195143069067,2.37432307346508,2.02547416176273
1.85169441594123,2.10706619336619,1.52177867916191
2.00958235997865,2.27832325075139,1.65887472564699
1.78310875264409,2.01342066972359,1.44136130994775
1.73093601773964,1.9494210166751,1.41251627466989
1.86405626216175,2.07404525904041,1.48018495682767
1.83244061639823,2.06660676057495,1.46224410689188
1.99295472544418,2.23972374753747,1.59112889548947
1.89912127852567,1.9946396461911,1.50000729636681
2.04647080301138,2.12152318179613,1.62406427284264
1.82589137358167,1.84263198682132,1.46716106610723
1.76288593530808,1.78897511979218,1.44095894841161
1.89734152569125,1.82618019748386,1.55706022012846
2.02170004787071,1.89099885229445,1.64486853509132
1.91969881410404,1.87355024428308,1.66437767289229
1.85965998273888,1.85956823024795,1.80667242541894
2.01041324242281,1.91828143989149,1.87745681455202
2.03062311394639,2.0193711525054,2.03769602529495
2.26676561527285,2.32009231615402,2.51547234422936
2.32633729404741,2.30247298451403,2.42362448893404
2.57102525486055,2.64098712877124,2.61926000284651
2.71200361428025,2.43176805992635,2.91396834177223
1.86602994687412,1.76860762912477,1.54686962295101
1.98595184262752,1.86584473941017,1.7268433624805
1.77863352026677,1.7061579844627,1.43207136867605
1.76655386647134,1.73309632274924,1.39615778924223
1.77667443185809,1.69922980716349,1.44893579216097
1.87187081183621,1.73348616899401,1.54583059892122
1.75386649685592,1.77517881239452,1.58677980010035
1.83460724132321,1.90946338131901,1.97995142476259
1.88056293804725,2.06467334436058,1.93093510470659
2.29970172586022,1.96179166584834,1.92384776684309
2.90959468013942,2.24715883904595,2.48750348699272
2.60246922267944,2.41247402550433,2.31538776522637
2.5403706092107,2.18561191740896,2.31589141946909
2.5970916958682,2.54859998662695,2.52015745361456
2.98718593804121,2.37149259535514,2.79303739299983
3.11752332032616,2.50795417758424,2.78855045821334
3.26462358063836,2.61083431614912,3.02284806351566
3.94306139549931,3.10421907174189,3.44657317645794
4.4388051804901,3.69145897765144,3.95228337115063
4.21927999114297,3.67765966111113,3.85921012416758
5.23773783771671,4.35530254137978,4.65417880657474
4.66923312363892,3.50824548013195,4.06421145417078
4.66454800237526,3.4415111144255,4.14480035008873
5.38407159894065,4.05118436912543,4.66600952670181
1.73867939270774,1.66305846190445,1.317897411784
1.73762092291715,1.65236519677374,1.26455684335268
1.78334436188734,1.71215626159099,1.36573701618476
1.86321896810522,1.79973004529368,1.50804404632637
1.78137105562082,1.70346357421846,1.3104917978862
1.74670048757585,1.72049873429651,1.27967189813404
2.00755057003511,1.87692251569567,1.45597017881064
2.10123890507841,1.9427154904976,1.55169439608336
2.03372361357584,1.89138813204431,1.47349579533045
2.18360341908794,2.06368721955488,1.57538929763422
2.52576255032354,2.47977654319084,1.94014446734476
2.39605968689235,2.17281707334209,1.79026814603208
2.64652956194358,2.37464015784674,2.11295916622419
2.5474400073107,2.32589490188189,1.90088798559035
1.68162166917706,1.57435678242384,1.25537335638803
1.73983038999296,1.64092850149245,1.30559453485501
1.59936131057276,1.44043712608631,1.19973223858028
1.63898072574211,1.42734473196054,1.2100389714716
1.52178819990633,1.34858143010282,1.17194780319888
1.51274325554646,1.36414000145917,1.19637858932593
1.42272690826988,1.23065005421075,1.17343219682194
1.46847630640951,1.23883293906852,1.20327422649513
1.41213574806424,1.24110027822348,1.18053289170107
1.82507363455705,1.66740755456138,1.59753173977742
1.7179753965413,1.59001303954495,1.56951576109389
1.71712181662777,1.62437850866019,1.56445399940844
1.42768662935956,1.25414523106049,1.26020255689379
1.83935165195604,1.70389176936661,1.76013759120183
1.77652138383184,1.6619050604209,1.68084274397132
1.41637999865701,1.2943131419982,1.15462503821892
1.85540138024006,1.76973389213572,1.63408215223202
1.86960974707044,1.78496850679508,1.66686045927426
1.82311280320107,1.75854844121665,1.6115111500738
1.64815565679063,1.43118510446939,1.18909731633924
1.7578845297569,1.50840161171539,1.22348223994171
1.70808129965639,1.47647380828733,1.22457446162487
1.67907668694295,1.46153779509639,1.25100669588914
1.87300502355541,1.59418103427745,1.28238599027431
1.99192683485827,1.70131092932834,1.33601845810795
1.94581960637112,1.6484369263646,1.34104572962995
1.85147939726421,1.57130142669899,1.27935516218314
1.74105892284434,1.46928205263474,1.24429848614638
2.00684121783452,1.72062374143579,1.37344479739556
2.14114501783985,1.840697750526,1.44340854569046
2.04501879115889,1.76800227122194,1.42875200893474
1.97795830425282,1.72945203760235,1.41563410249014
2.27428324776358,1.95879211781284,1.56793921466699
2.60260441961974,2.3323309106405,1.8060050541766
2.68332012559479,2.08682888208957,2.07751629438208
3.06033388736417,2.49584351872318,2.46502547377101
3.01147609861529,2.4561748388353,2.53579574648976
3.05713576374158,2.47571496024844,2.55111869793776
2.51024443925084,2.64799477749976,2.01491379782951
2.82146299722805,3.08353957536064,2.47192221387771
2.85555500068767,3.06065399797755,2.4335216424838
2.87751434609658,3.09155727953549,2.44640762202244
2.02730583955285,1.75198801980383,1.44921116915239
2.00944985360661,1.75994211691663,1.49453653588181
2.08719181805048,1.77699085944221,1.47920185912295
2.14852991625176,1.81788863198546,1.49939062938446
2.12920396999898,1.80409903021126,1.55559802263743
2.16592928970943,1.86187303116815,1.61754991816546
2.36439603183676,2.00562753789391,1.75590833872232
2.4859018468614,2.01552576843124,1.81315548131567
2.57219027981807,2.16561820365622,1.97360493042837
2.70257686996772,2.18842699911778,2.15778031915757
3.0558752183993,2.41222962905608,2.52579147530072
3.22695085502862,2.70382418895,2.78392004856294
3.49181037866352,3.14795248616008,3.12539479506843
3.63105907844989,2.90508270197108,3.19190941348574
1.98537261104304,1.64834455335536,1.45543091123447
2.03303154353908,1.68110827788966,1.53762120044832
1.86889076815785,1.54958633119936,1.35885715021181
1.90650375215125,1.60968062523295,1.38266357954007
1.75804805453518,1.43490232096851,1.30252004826046
1.84003463395946,1.49266988092522,1.38547766894617
1.74534814627193,1.43422256711289,1.2920874383637
1.72332597540506,1.43101131161837,1.281758432549
1.6900867602595,1.3911503562348,1.30974826959833
1.9429663401541,1.61101284505308,1.43771221263275
2.03738533611794,1.68071317440679,1.56610194339185
2.08856239903552,1.75695631279589,1.53415758796729
2.01922044643855,1.69174859016976,1.52653039681635
2.35620229223813,2.05345233860442,1.94473014857628
2.35312296131189,2.08128985465798,1.93508870983805
1.61256572070586,1.31400624017199,1.21914245381691
1.57136998985802,1.25510957728227,1.20122295155351
1.57582655971492,1.31563693207811,1.20708992515033
1.64434880479854,1.39527074427255,1.26077818858546
1.47479219347502,1.23831255743197,1.15014369841835
1.41682591293885,1.18558072518287,1.12519548237892
1.47471645955409,1.27357169634748,1.1749409621693
1.510600225493,1.31739832408515,1.2007814700072
1.63486645464467,1.43178266510552,1.28115487554839
1.9920270357075,1.77778528269471,1.65537665908228
1.96929959178903,1.83518106938666,1.69665440608318
1.9873773573807,1.81316654244065,1.68170849696571
1.42276226200388,1.23001120795417,1.17794177319189
1.55016474491482,1.38283112046037,1.349020436944
1.55008545320756,1.35319607153458,1.3184016922562
1.43577300735914,1.34226375695827,1.3261565489659
1.82154181882327,1.77275505809812,1.77815994195979
1.78475138861695,1.73275573980478,1.74798376216146
1.8129185587926,1.77800162593923,1.74700137481148
1.49939552879022,1.23920195142833,1.15620080003737
1.45148290279286,1.19220170973166,1.13819713938053
1.62057657137016,1.33011135194181,1.22485325011704
1.69821606440813,1.40275571209049,1.27596561899262
1.69458926239395,1.36733774326468,1.26307774636317
1.67520047980791,1.36785059273067,1.26704002762701
1.86044295005066,1.51210875925845,1.37324648562113
2.13361545539601,1.80815104134739,1.67929322563469
2.08385681960812,1.82413086422283,1.62824512286383
2.29492991631886,1.76095343592528,1.86001840370713
2.69839483450917,2.12880464317612,2.31261216267744
2.74580564779207,2.16705750309679,2.36535965261135
2.42520612073119,1.9403151962166,1.95957443260311
2.74613161850045,2.34924614369666,2.33206917934038
2.74213754871909,2.33453194370935,2.30003152063099
1.69687322100399,1.32539583420914,1.2511138851379
1.71214733392278,1.33147618902316,1.26710011550236
1.70731328862359,1.31610836131304,1.26013577401672
1.72561866259643,1.35039740830284,1.28627734312829
1.72337323822276,1.29365038746979,1.27481981820126
1.81333492239256,1.35764910928855,1.32798101939402
1.79341107871972,1.3376283791441,1.3372129555933
1.72026485196016,1.31970842888083,1.32692214681654
1.86369469274019,1.37529658616686,1.42113673858288
2.15996202936471,1.74861824530929,1.7797237784208
2.1526814512778,1.72779777797988,1.78566499609574
2.16007081307697,1.74019844851962,1.7959005976111
1.97686976351587,1.47934985464535,1.45630235979069
2.40251274827427,1.88422139104091,1.82768811650404
2.1191134291689,1.74071248273841,1.75576801522499
2.39038382140577,2.00252096213183,1.98885499691453
2.78509860999276,2.4606814725315,2.45054746493967
2.76887009254238,2.44823379109944,2.4405540297725
2.80178286052562,2.4701380589999,2.46701829673142
1.60439724303848,1.19365970475608,1.20391352586416
1.63590158042354,1.20432118631712,1.22417753356783
1.49547679634934,1.12764968618719,1.14822380993575
1.50788929264225,1.15978899823259,1.16509891062235
1.40378152699669,1.05421792077384,1.10015792639445
1.42912258363548,1.05420849244408,1.12877883323775
1.32516559049722,1.03712303867836,1.0885914353244
1.35970842146756,1.10694913579743,1.12749710492232
1.31399559564098,1.04236545259916,1.14937739968953
1.30157638888882,1.02531766001428,1.05602480643638
1.31799862279623,1.18381061247741,1.41325386950278
1.37163019809293,1.5926640205022,2.05205722132792
1.33817943279257,1.26136158197925,1.46728578344596
1.40518814674137,1.71557142732931,2.13728332328993
1.34606452346146,1.14631018286877,1.13970358541224
1.42719849923565,1.29051670308137,1.27788954442832
1.54472484023949,1.52342642881659,1.46393834115949
1.33748145095056,1.43853472930098,1.58122802182062
1.40559308917764,1.94350137709182,2.2742620821919
1.36134808769614,1.46446171188806,1.59083349754453
1.4504651804464,1.96027165016944,2.26933907815534
1.40018908219528,1.05431870159469,1.07731633287588
1.41877769754204,1.06129229331382,1.08777735413062
1.42292304822838,1.09190152763091,1.08800580057466
1.44252893245608,1.13194252994218,1.11421370546748
1.45683691464274,1.13107955145298,1.1025277581459
1.42051976089972,1.11589243181118,1.09211647760376
1.50176116317725,1.19773135126167,1.15127347825419
1.55416913239692,1.17857667420564,1.14618127649634
1.58221234910118,1.20207713823807,1.1639631579076
1.65496590818139,1.24217124787922,1.20811664010411
1.6684264589958,1.26518084173965,1.23062111493723
1.79007316059573,1.32583347621238,1.28837982357883
1.83979623637156,1.38485305752442,1.33261255997713
1.9351633316505,1.44119486529977,1.39118561644533
2.03505112603091,1.70087158197077,1.55586571331222
2.104312296235,1.74699174359997,1.56675800660672
2.11610565410487,1.72790286818314,1.60033223278226
2.37231896748485,2.15058958395425,2.00865028875009
2.44793907772865,2.20133197007621,1.94557510126271
2.4763932310333,2.21404979953347,1.92514859793381
2.89543438023582,2.65660000743878,2.3053084859288
2.86846415332041,2.59301032145653,2.37560929102669
2.82485479479177,2.80975386412273,2.44533246185787
3.1637722779682,3.14026375738685,2.8538778257902
3.14955511117795,3.22186339997877,2.94323380401324
3.23331227507681,3.37385598254044,2.81464528558254
3.49698267622161,3.72193795106472,3.10708514478883
3.52919028374663,3.6728385326349,3.14786699355176
3.53941413312219,3.70682590321604,3.11698142736124
1.78623526936378,1.29665181681176,1.28773375495991
1.88510256473065,1.38449773635497,1.36503059103316
1.71080009136101,1.22357461608656,1.24733659833004
1.67152073174525,1.21202264499748,1.23572240775063
1.72864121973934,1.23063286000411,1.27917138206509
1.85428321545524,1.34372221577424,1.38359689913723
1.70315215247773,1.22854478666629,1.29088190928982
1.68125206809635,1.1803471486004,1.23209429888716
1.77876437746836,1.26072709143799,1.31384074977865
1.57714367603488,1.10610442947318,1.15734179539757
1.54068354476196,1.10336894866968,1.15139291540855
1.56613872474741,1.08679424053139,1.13863441346441
1.62864797424816,1.13775582535602,1.19735450990873
1.47141479014067,1.01603770333842,1.08511227399088
1.65150637752311,1.14351066804833,1.19012607113209
1.72275789025801,1.12936420672445,1.19427671702713
1.43167111407977,1.0173582306828,1.10466680569571
1.81805580575285,1.26773098363563,1.33370510998326
1.67252211082777,1.2259839095693,1.29990256537414
2.07361316930412,1.70437885849272,1.71881596686713
2.11139527820329,1.67524695015246,1.76691837180125
2.10976557920912,1.68872174944137,1.75019677162145
1.76298971582918,1.20085041677954,1.29678258089552
2.14124250879739,1.66415596782193,1.71964600065917
2.17733224875563,1.67267250983355,1.74789516707239
2.21649710629117,1.65888451190783,1.75212610013687
1.64451061115575,1.17722326616856,1.1771237340775
1.75584761384709,1.30700420635859,1.27098392438605
1.66776118492865,1.2007927124107,1.19649520994586
1.67287584739275,1.20604013950787,1.2287319163071
1.7518061612271,1.29899144097817,1.25273394044569
1.83113319901113,1.36747682178781,1.31363423678765
1.85245613164244,1.37851334831148,1.3317520089141
1.6596017116838,1.27829680509966,1.21137071014456
1.74982836465271,1.38275093962124,1.29455467906828
1.52835816231496,1.20594934005452,1.1551103313215
1.52150499251524,1.19724963119729,1.16774596031617
1.44163478043975,1.20239148152352,1.13928634230719
1.51199378468659,1.2667480371854,1.19874101160958
1.34596700920607,1.2102189112046,1.14219031791267
1.47318932321166,1.57335069792983,1.46114060782356
1.35202078080588,1.59216522386832,1.31933037224854
1.71168843408827,2.00989283562976,1.77808605400285
1.78208061062629,2.12180270251975,1.81103093758714
1.76923442572821,2.0577659554418,1.81598724527488
1.64810298899056,1.55309523174359,1.6304728950925
1.97012482382195,1.96709957154214,2.07748795824706
2.11548104166604,2.16160643873723,2.215392344625
2.07504573747226,1.89807837298054,2.07803470738894
2.52005019533422,2.32657938335032,2.52746354815179
2.4916892695188,2.30699003030708,2.50886348125018
2.49137960293551,2.32341805490661,2.50004248928515
1.45255107688607,1.19154282121276,1.14211275178303
1.49310654877491,1.24402286429392,1.16554212584749
1.49933334868364,1.19877878635033,1.18979639481961
1.59339520021218,1.26611605733519,1.28124556990914
1.53529756653558,1.27486623549814,1.30080042573986
1.73272948876782,1.36652487179378,1.37246339797203
1.55390171223397,1.21151021143328,1.22041294708378
1.68179995682807,1.28238514921888,1.28075846511906
1.64175719546029,1.28899747541494,1.32918020738172
1.58747291542276,1.31641712567654,1.35634528740962
1.80927690919226,1.41527503134671,1.45804925678509
1.73139223453902,1.35223290204742,1.38058950748985
1.80823734706027,1.46797055714863,1.49637844796848
1.92882582064737,1.49187192956497,1.50198074951209
1.45626628355212,1.1565237649753,1.16648446396824
1.33956613760817,1.12255792420262,1.1232833034848
1.56596122159786,1.20070105891325,1.22802558761475
1.69893567804402,1.27848342070236,1.31362515467296
1.5645967106761,1.18142671365695,1.2363694529431
1.51786347299853,1.17037476959996,1.22647642245437
1.79245082629332,1.31793518571677,1.3830217579955
2.31516438610724,1.54155917592578,1.80852081870699
2.14558372722635,1.7661466315578,1.7209891247932
1.88483838607787,1.64091977868823,1.66407999348581
2.06621759221791,1.91188970605479,1.92955938123112
1.51186118424108,1.14211641235597,1.21880980062267
1.47965457632621,1.10106508146698,1.21680396950369
1.53416040326009,1.20801589675004,1.24561718694019
1.59570912772861,1.28087675676904,1.28924408482503
1.50570992570744,1.24161754716347,1.25109448630967
1.57203662008737,1.26563796287632,1.28792535860485
1.58913975486942,1.44150694223824,1.3143600328148
1.81844408040965,1.66849606677642,1.46228801166443
1.7328209351804,1.9066985083607,1.42929393603764
1.57534261486014,1.5048919228053,1.46882425732501
1.71253804141891,1.92411332962427,1.89107436458038
1.84548074079699,2.10577727283852,2.00459880512703
2.02170265329725,2.56784579035323,2.32399510970348
2.31209280776654,3.22089529701606,2.76050717290479
2.22169307824278,2.60758390449081,2.28658454206084
2.71918830190015,3.32709453364705,2.81169853506823
2.84432802033091,3.3450722968722,2.90917128003097
1.87001055861779,1.91294199664743,1.47448539908553
2.07869169582766,2.28963968451666,1.38802951924628
2.18838657611309,2.30255890246895,1.84464737306949
2.57975778002415,2.69228205484982,1.91738450294445
1.38071394141603,1.14564064803812,1.19379696243826
1.38898240016238,1.13358679473098,1.22136181387973
1.30193391155531,1.11697515149367,1.14397286109668
1.33929893694784,1.17126999778634,1.15714746483109
1.20625580271949,1.05683897132667,1.10260755266099
1.20939428522132,1.07887477013533,1.13568382387749
1.17392476494511,1.09426021235832,1.08929382212667
1.2310516568484,1.1211778122515,1.12616535530177
1.14720101579681,1.09709951822861,1.11954642838975
1.54683090730057,1.49878973101801,1.54016005938393
1.56850736008056,1.52949400294743,1.54692022096309
1.54303167135608,1.53899531600244,1.54240529429323
1.24328645067612,1.23121267023574,1.18072540749631
1.71214142740267,1.7151898240468,1.64201282319432
1.63877713156103,1.69656299239609,1.51512230034681
1.62259144343628,1.54225437784346,1.61696237506088
2.12095066633752,2.0210882288755,2.11242042171509
2.09840521921555,2.05149488829301,2.11415772524201
2.13346138778654,2.06137794360564,2.10076171808757
1.20000626403208,0.98964455643009,1.08553040839469
1.18779196551087,0.974476800369792,1.09495636505491
1.24842677250434,0.983546044317218,1.0954980501583
1.29760788066846,1.02611075087461,1.12106815351934
1.27536337343163,0.952401798018467,1.1042857686551
1.23719703493665,0.948404572737194,1.09353817896708
1.35644441330313,0.980642242016433,1.1331513001479
1.77997699525954,1.16587404849567,1.31572545087753
1.5918168485068,1.20959074276403,1.2396129789002
1.2844711788175,1.06394166384458,1.13563061416208
1.71894489787984,1.44840533364353,1.43560364000643
1.6673834707516,1.34783362408693,1.35263194762184
2.10736790062076,1.81719063506181,1.78739985352121
2.09505775597853,1.80834322081062,1.81270254222177
2.13576665000427,1.81401546476065,1.79179212504267
1.55410688284173,1.34467151332744,1.33293586108574
2.0550799977092,1.81990028145442,1.77992023157252
2.00551140683055,1.82200349590934,1.79862184443088
1.97262944128805,1.79472308630927,1.77582715381048
1.33062774418411,0.961291391922881,1.14988103888579
1.34298131558417,0.962194181512005,1.17748696376331
1.39390737623186,1.00598436397043,1.19002247449142
1.41513217648599,1.04427708315205,1.1967223235018
1.467484734968,1.03992795500474,1.25293279773051
1.51785009485482,1.04740872688195,1.28841517516301
1.55933492140125,1.12933349878712,1.31274353370382
1.57113902501905,1.27429618349419,1.33051648506039
1.63312946689372,1.33132123795119,1.37565914739532
2.08365311234692,2.05775269384896,1.65901327696212
2.65218741985576,2.23272649076767,2.16994377043998
1.60386185616786,1.65353958223683,1.33930242770236
1.97280870856289,2.68623748434471,1.56840576371358
2.39852658739906,3.21031367083023,1.92592536149187
1.70141085828044,2.89327503065927,1.49758807166011
1.68405322170053,2.37492402144128,1.58477713203496
2.12013181525735,2.80868932422236,2.13471454168647
1.43569097817768,1.03009918070342,1.25396155536772
1.49989700446458,1.06050064199295,1.32356489322625
1.36477918621147,1.01909136925752,1.20369036507706
1.34726771362014,1.03584900795724,1.18989056268601
1.33527143338294,1.01856157086639,1.19693189968127
1.41499648774069,1.07072778020733,1.26608289017961
1.29531333656391,1.0421073405603,1.17293565955797
1.25887814218018,1.05066284143648,1.13709902324035
1.28891975150957,1.0773344875474,1.19047773516752
1.38565528057681,1.10337324819063,1.24555369402787
1.45055168027992,1.27146808247292,1.28297220671781
1.37644138301852,1.26566476912675,1.25375890221288
1.50022188631701,1.19396752933649,1.35624046211166
1.59781401220502,1.55683660754814,1.40477737055184
1.61183679215672,1.53365899007349,1.43580788048222
1.5181868958705,1.52341465068229,1.40507458771168
1.67856523652547,1.86180180768977,1.4446444853201
1.59290641598406,2.19561600020288,1.58148825847157
1.85230631182005,2.84062692785627,1.86458454913237
1.95417316512222,2.78140364148783,1.90093444421193
2.08901782325095,3.57356121258676,2.12620685488457
1.70676238485759,2.78198636277219,1.66637985372012
1.79651128291388,2.84498228080794,1.62815183219439
1.88036831378414,3.42011136503661,1.89639834485887
1.28823798909083,0.975469504498354,1.16584081419902
1.34476993968862,1.01299647289932,1.21786647245607
1.21865099690403,0.930390413661201,1.11020465262202
1.20577083359245,0.941078943937109,1.10008786090568
1.19683896372356,0.906082109763343,1.0934168164613
1.19161253613332,0.926641586742133,1.09544077210306
1.14214209225773,0.898281507012196,1.05966455598784
1.19081513646323,0.946747932436434,1.10821265073367
1.18360282321898,0.945341839445779,1.12354285774031
1.62152130560958,1.43302478115927,1.57336041275559
1.54351505622903,1.40020047106925,1.5304310976927
1.60632458494052,1.43135813673079,1.5463976079552
1.10986318977291,0.950691880580226,1.05950851738117
1.27801195692399,1.18791556684126,1.24699119079554
1.27722398291869,1.19479169767909,1.22921476929589
1.22744828887143,1.18383114393534,1.15628011300543
1.70971717016533,1.6759084975029,1.62919489927927
1.67210979342655,1.64891660945877,1.61755271029393
1.64821081837514,1.69872274935524,1.60065377294665
1.29191285467738,0.928639733305827,1.16880912776251
1.33149591349893,0.956453762827312,1.1941333085375
1.36876295726711,0.95554753156178,1.24043303693643
1.36130392398543,0.968618817921541,1.2416651449777
1.50302393395697,1.00725093299363,1.35260937288225
1.51286501055109,1.01854908344488,1.35617792516293
1.59498042746901,1.05376934431063,1.4638145296908
1.41960001824233,1.13674148003447,1.49717830502086
1.95604617712615,1.30020003825088,1.75058319053193
2.33895100577624,1.43765281184344,2.17453931805561
2.80111513766231,1.74461508828191,2.6892995160508
1.5857746981847,1.05370607349952,1.40667986570168
1.66031793502029,1.10036581377679,1.46557093627544
1.6052213298152,1.07721413891416,1.425285598129
1.57469976763119,1.07465622878412,1.412829597513
1.70587378776502,1.14742368555784,1.5098211754288
1.81015145954482,1.20415280856161,1.61513166448078
1.7765519613066,1.21828072727986,1.60343155862272
1.79057085077194,1.3256599489031,1.72490458300696
1.90456651120149,1.3654719191558,1.85161222565382
2.00257701512497,1.53267226944353,1.77097062065105
2.46705560201804,1.91831869608747,2.4385307442751
2.31835436659198,2.08599083820521,1.96573623310555
1.65894686946028,1.1379192993744,1.44657232112226
1.76770636890742,1.22105985791082,1.53672538039821
1.52364765022982,1.07484644394711,1.32729221664628
1.46608052100101,1.05825033776867,1.2839625730573
1.49496419553307,1.07249941508083,1.28788646971979
1.57274695382141,1.13316943238216,1.36356736281507
1.42203070031852,1.05794929023727,1.23203047612201
1.70329685268175,1.26474460332095,1.41003580535632
1.71497243431894,1.13631153411045,1.60418180742872
1.40894368900039,1.11324192070276,1.49460842949137
1.77361120761601,1.26454179737161,2.05826577486179
1.78727967439611,1.37634113293889,1.83311551604692
1.28749080391192,1.10312608444029,1.54418950485432
1.36703003081584,1.4849015871661,1.72620859046805
1.68126387947741,1.43483128586346,1.93963402199765
1.5199537722217,1.07650103914943,1.29067720702254
1.6024116379337,1.14284198430042,1.3525898053596
1.49924139124736,1.05064397235077,1.27881837886635
1.4598419067015,1.03362390324352,1.26453295725895
1.5914621536893,1.09536030377172,1.34954160636048
1.6029731319976,1.136105909476,1.35650137500675
1.60554185047557,1.10636080389157,1.39461225772896
1.76000345782364,1.21731076122995,1.56058347447441
1.79375244092814,1.16468218249161,1.54687131726794
1.63200557381473,1.08413949421485,1.31565767904439
2.03345207212033,1.73641208304943,1.83228941857987
2.58871851213225,2.48553120925843,2.54839826852524
2.30997918838629,1.85391404345094,1.9539778987776
2.94011128248755,2.65542032408729,2.69598812623159
2.30545843072608,1.33962226969752,1.63968218512117
2.6859009140998,1.5130885523803,1.88011722118536
2.16651910125142,1.50276955357103,1.78330463616252
2.74059135690937,2.23265830123053,2.48226816502771
2.47794076516419,1.57013415613006,1.91528946574603
3.19873715936741,2.27790364887023,2.65240624657127
1.75692794304875,1.17590593066414,1.48002128975654
1.87212633966122,1.27408740672649,1.57141393417428
1.82616563750647,1.19231901400833,1.54512653541285
1.77118827416782,1.15513591149485,1.51230123453273
2.02842876316812,1.35424069527225,1.72529093025652
2.14699969541216,1.47700375191211,1.833082963675
2.15606176808018,1.41297881424096,1.85883867617948
2.46765286902043,1.73511538333319,2.17722482986751
2.47386704504825,1.83752957283178,2.26060158329303
2.21143149338227,1.60477027620522,2.06713988271743
2.47911364493046,2.05522272759605,2.4720760126341
2.33603585635874,1.95394632092362,2.4384283811425
2.92167807857045,2.22217881890889,2.58205980007741
3.27978478813801,2.5883550273137,2.98842201080765
3.26425832262747,2.56702928728779,2.93901015959749
3.46651968100365,2.85874063709783,3.05524558614559
3.70770805451978,3.22812803845931,3.30154839160439
3.66961353198133,3.04819998162002,3.35668488961341
4.20603105275202,3.63635388672641,3.71394626019868
4.54514137074111,4.01166652770455,4.05124646787536
4.53429046159642,3.99323562210707,4.06485124029608
4.54676971487973,3.99341710941979,4.03075072980654
2.06535038198849,1.48496693944404,1.76275633749367
2.23539339094572,1.69953415050645,1.91847245365167
1.96604072084598,1.48706553873781,1.69818705772685
1.88918766139803,1.42655541419203,1.63974615111403
2.04456670973141,1.71205649507185,1.80910463046936
2.18420182428629,1.79326668799908,1.95085544822645
2.04678779477727,1.87084021829249,1.87698519963376
2.11490096130161,2.13937460978279,1.99670012605318
2.27971844278983,2.28039584627578,2.17407001983515
2.3867731873716,2.09846317034128,2.3028855357822
2.81805770116816,2.63269685912263,2.8374065002298
2.65964378882931,2.40916597103234,2.57574806285039
2.58583167581501,2.41732625722308,2.66721479970164
2.96831001655619,2.88800000951116,3.1566794234122
2.92512191417165,2.87565295567597,3.07638580282984
2.04993277842456,1.87435021444598,1.81193691922716
2.1979819373741,2.0846152666132,1.97798680694707
1.95265306385123,1.86964352321239,1.70912228751721
1.872147108719,1.76361551248103,1.62737102743077
2.00573454879782,2.12952122480398,1.79190086517877
2.15718916527991,2.47123056620062,1.98530206682993
1.95646357355179,2.31951274327027,1.82421020493408
1.96752056609292,2.34566362039627,1.70789510542344
2.11560077752014,2.5933099755703,1.97677067274498
1.97691969194056,2.634498861675,2.04642713891164
2.22189963628121,2.74223031874694,2.39286240740766
2.24462157141857,2.85495994877035,2.24081438085609
2.23214851781012,3.32639971272032,2.49717016681965
2.63471137703045,3.70971931957237,2.83772698336989
2.57623923379843,3.61067747894476,2.92125554108851
2.43376478898966,3.85631614125391,2.84884134162899
2.84646972841268,4.14598987032616,3.15253225148928
2.79894504292021,4.17325878874852,3.18606794164206
2.64296311116754,4.2813741810603,3.24056195591619
2.93003923600366,4.54694590496599,3.55727877221922
2.9399725258328,4.54528861982453,3.53069185490988
2.96665773614042,4.55238992362092,3.54575194452429
2.00940974332752,1.99421493104054,1.73303704376518
2.13073562951251,2.23258614631696,1.8841330803864
1.95034242021817,1.72760315038263,1.61882552626333
1.92298876326717,1.60386425094696,1.58962141703442
2.00726075178887,1.76855155522581,1.65390942416502
2.07643651959777,1.7978274768017,1.71841809352949
2.13513301621956,2.0777492471319,1.82421198005367
1.89164059126713,1.5422788305891,1.51315525141903
1.99870550181892,1.63191609534844,1.61007280372871
1.74680368730554,1.38221470978696,1.39517845970182
1.75179555735099,1.43849215494098,1.43922315145211
1.66133803403645,1.29850524802195,1.32070546708596
1.68971617657447,1.35275773455077,1.34848305062325
1.76465950427979,1.50131562369054,1.47953420693554
1.87109064451023,1.83453194145888,1.80165985135376
2.00556140570222,1.90124512015362,1.87831613737676
1.79770162841852,1.52827607636391,1.44935453180328
2.10012956294883,1.82071948428542,2.03484202684124
2.40405569274849,2.10192356654265,2.58926713421111
2.38603785816516,2.29765664547575,2.52429109610954
2.83601162865244,2.78358464833465,3.29751266567222
2.41275881839693,2.53870004766877,2.48739239083118
2.88293506339092,3.23060897367844,3.21117359217803
3.13315596724161,3.40521891221245,3.44749077381479
2.06293439254549,2.04012016351677,1.96718832666874
2.34518168154367,2.40198134323992,2.55128489363494
2.3570842906498,2.51329865876679,2.38955144803892
2.7914888362739,3.11845119097742,3.07656760936166
1.52612691840256,1.17910977115856,1.20020027355
1.56657931410774,1.23275865137518,1.24492013525113
1.41799428370281,1.09621100630446,1.11990189221217
1.45269878187758,1.13096712357202,1.16792934087287
1.30741169169501,1.03405093935543,1.03274694206463
1.33997419711933,1.09071558158866,1.07992785979162
1.25808709265508,1.00200721893869,0.994084297926391
1.32885203410523,1.06391443992882,1.05315595527922
1.28628191563705,1.01888925811515,1.01778009176544
1.17757540924863,0.988992414662343,0.963803263918562
1.1876133155226,1.0152482146076,0.995734762534927
1.26003095149145,1.01700896571361,1.01036887998846
1.25873066015901,1.00778626636329,1.01396891663094
1.28621135806921,1.07603034449551,1.06123827062246
1.40240418041955,1.20054857025041,1.17864967887405
1.43820051856715,1.23933869073314,1.21344763582538
1.5103391604954,1.28757055176669,1.28508980257239
1.29216024126472,1.10674423686674,1.09041410684548
1.34996231046412,1.14045976845402,1.14063736438397
1.41123327260306,1.25976238648243,1.240595992082
1.56181734083281,1.43648049088432,1.44761598636447
1.57492396460638,1.40828979444277,1.41603271014722
1.50845823381443,1.35196951620105,1.32063831717609
1.77027458832161,1.61779985865904,1.6165811036936
1.71895498704016,1.56286569114477,1.54515002502084
1.20208741414606,1.03751573829799,1.00886725937112
1.24488949240392,1.07249930143966,1.04911620713995
1.13673922356876,1.00314443739914,0.950854150665713
1.16646752488378,1.0366631175602,0.982497783940266
1.08138302794079,0.977359412756264,0.897028107950701
1.13584445750996,1.04110032236454,0.958181325103913
1.06874108700219,1.01844603775073,0.911465034493037
1.07789598731066,1.02335452599243,0.912533173113077
1.15973681885055,1.14946273843358,1.02505931907253
1.2560655686843,1.25385139163333,1.26913408662119
1.09991992017675,1.08696651649519,0.982310931261301
1.59225361793524,1.50794087461091,1.42962523706822
1.52503144308404,1.54208538212677,1.4639712754392
1.46428508034977,1.52176402861171,1.45899426157886
1.06402166981364,0.931216778909185,0.856776626789432
1.10579169843025,0.981065137366225,0.894165258029479
1.08208440533756,0.913882247245701,0.853199469471348
1.10324338285962,0.932792609533951,0.881805734524794
1.13110675332795,0.94376724012773,0.872902857441382
1.13592524082725,1.00124214181888,0.896439202471515
1.19892930709565,0.997429315279796,0.925799705739473
1.25101051101503,1.33024595759782,1.27085699266661
1.2990719211005,1.3323147404945,1.31533589521021
1.33011702455909,0.975711546046243,1.16074905543766
1.52784828127439,1.48923692381218,1.84171400557037
1.45152174715089,1.39220009528749,1.5928883811195
1.83057162838367,1.91024604868378,2.08823770307121
1.83055547066262,1.88234692284006,2.10575785529843
1.87214236708588,1.90356909032898,2.05722703497532
1.56932452027696,1.48917160820338,1.66697957346737
1.96940788967903,1.99452006056721,2.1518003322689
1.97215322041772,1.99729073803813,2.16424566235694
1.96112347426426,2.01910337041362,2.16214400785416
1.20891983141634,0.982913484587492,0.93342462243776
1.28238773356831,1.08516668936232,1.0070774166172
1.25222762289748,0.99016372297585,0.982371054808236
1.25176443430601,0.986637797398285,1.00197381945734
1.37304132002973,1.09674654370505,1.09748506256571
1.44928431056569,1.17230358180147,1.17208367743979
1.48501185290684,1.182781271583,1.22218895371363
1.51536384469907,1.30566321683293,1.41119013695859
1.68816149711283,1.43203372208934,1.5888951700974
1.63747822311924,1.53560247085315,1.52231070926033
1.82412680678857,1.9019849197966,1.96652626211087
1.90535743389256,1.85832571684487,1.96526058590114
2.03497899653752,1.87892235789393,2.13732027256167
2.14567317680472,2.27363049531501,2.39613913901384
1.38880975967579,1.13527933149388,1.09604254245601
1.51484575432529,1.38837579949815,1.26809712302703
1.32342536581951,1.19011111704649,1.07381475802969
1.29562180070302,1.39216887924055,1.15922631226977
1.3753156213163,1.26212828840922,1.10580241559684
1.53659372368697,1.39134480639923,1.21431404028877
1.5261401570403,1.48950754218293,1.26336745851582
1.75239338765878,1.68709742993141,1.38157454494097
1.51303402343442,1.56891743087469,1.29122409955849
1.7675833406818,1.73690249171239,1.46958727992494
2.08097334056138,2.17874119303588,2.01796500253417
2.21601361198049,2.18699903945659,1.83349356374078
1.20049390059592,1.09584610590947,0.970750405822318
1.1783837305363,1.07445888896793,0.949838409732667
1.14934216482966,1.06464093642232,0.94781909966114
1.2350086289181,1.16729310926372,1.03187412425921
1.03624608336632,0.980052432784044,0.878680022314602
1.01393231466011,0.96033357932236,0.853892274104611
1.0619358671143,1.03219994218488,0.927806860527943
1.14330472135565,1.06487522728511,0.974013805925996
1.13161482466532,1.13819729012065,1.03398393589283
1.02664006197641,1.07012281698984,0.950246998566459
1.05094513164312,1.23665948285955,1.49307448001735
1.1538384403268,1.36494525750211,2.16267016937114
1.14399600942264,1.39147326073891,1.56481009389485
1.31346611600041,1.61504541072937,2.21421999417178
1.19184480998601,1.39152493606428,1.25599019998968
1.33895438073261,1.58452748855238,1.44812319048646
1.16790761068888,1.13764475060951,1.38767272701283
1.33998625216079,1.20640376504755,1.99482982166824
1.23474374455011,1.29535749508336,1.54192514212063
1.4398634385916,1.45794911840321,2.22478268749237
1.01779876028276,0.972605823247805,0.891204970131112
0.984253743097399,0.952618949473419,0.883145809216743
1.11163921976473,1.05640051376355,0.983056437836264
1.18719133050393,1.13131377272189,1.04945761991329
1.17079607183163,1.10506528255711,1.05442094915765
1.18105845801019,1.15176620650491,1.10071395139496
1.27956007960534,1.2072599289046,1.17346314994193
1.15597744815011,1.04164693883252,0.998285945284707
1.2078275529353,1.07858544196701,1.04759122077244
1.15454225993168,1.0047549157346,0.954904542081155
1.19068535713733,1.04611584488626,0.99558780897339
1.15724765869309,0.965716363910066,0.916578314856654
1.23426706290934,1.02433463716879,0.983546995208967
1.26102954372716,1.02008916569245,0.96898285765113
1.31004910615163,1.10482768299206,1.02654910070569
1.33829403349671,1.10086778641376,1.0541715150307
1.48580321949486,1.2200000791533,1.21098524352257
2.01616049502259,1.64744075218326,1.54055717230398
1.77779621655506,1.62387811736579,1.45305500926785
1.86869386664114,1.57088331665473,1.68036457683413
2.26846897649416,2.03689690950774,2.07441606656275
2.42093050625958,2.06418474364165,2.08536564729775
2.06249656345104,1.87469727989366,1.93198527632392
2.38489622804604,2.28859485228355,2.32355769364244
2.32134355346978,2.23429138867741,2.19487255000512
2.49180172413989,2.38604996160748,2.36114289702858
2.85219951009944,2.77587150207876,2.72383300195211
2.83418116857007,2.76846657897844,2.72983409594884
2.83869927332047,2.752914397485,2.71039730762746
1.03732311313991,0.881422690632607,0.82072365200769
1.05521497438898,0.891206865337394,0.836352530952321
0.964070574096651,0.845693607778308,0.770471238324646
0.998195620200583,0.883981455033909,0.803668310423017
0.882772184444898,0.804062808073675,0.715026494342928
0.883145215854366,0.806675932825189,0.708160249251563
0.88591056735797,0.82535459429563,0.730579425597434
0.952922258926793,0.871398732164702,0.777633858686335
0.95536243010791,0.894659300253321,0.812845797256191
0.870478490306642,0.830556561167761,0.747302429346138
0.974373114491728,0.940877543237922,0.903926555215463
1.07964301388155,1.04218619818749,1.03248499600892
1.07934376990676,1.04391562065344,1.02995600330211
1.25299211478222,1.21530962543134,1.23222955482709
1.0926837754731,1.03388334187195,1.01333140013699
1.25462243788174,1.1727926212419,1.18384363871363
0.923515285651273,0.877941843114301,0.80229017160923
1.00061948785196,0.951341144495334,0.885309792399165
1.02935286751269,0.972778412119484,0.926420671835319
1.17161678598287,1.0967218560213,1.07380025627909
0.876750749225809,0.817564845771982,0.739525237236211
0.868698657863747,0.818847393369881,0.742697283656059
0.939343504755259,0.877100743903791,0.816334957582534
0.981316813707497,0.917080668695611,0.855604855673902
0.997791492432074,0.931812388278902,0.895999694073114
0.989606913433077,0.949214201215679,0.915146387482705
1.11221732893946,1.04955399324946,1.01946133490292
1.1320468401606,1.09420506948532,1.05550874385016
1.19205754052413,1.11437765823011,1.08182388247458
1.23321897303095,1.16758515652085,1.16286528184672
1.6180726885197,1.65880083548909,1.63495749056542
1.78360487492541,1.64944291850012,1.66812401341957
1.03607390469412,0.92771738975449,0.91106160511571
1.06791742697459,0.953964103052127,0.950802229152288
1.08598000561593,0.934697713898675,0.927778407129077
1.11366125844519,0.958559979195281,0.95117540349812
1.15396104434031,0.957014318697185,0.971310230261014
1.23877245392227,1.02601536987808,1.05878615387206
1.285447335693,1.05216844809397,1.07590402012677
1.42254115116063,1.5302374772485,1.50609300961043
1.54015610653801,1.34265213320148,1.44050310440292
1.53790275485608,1.50504384252271,1.44495288072689
1.91812575235448,1.98826665503292,1.94026165638328
1.92600102882346,2.16185784527352,2.0447788969081
1.91946811815458,1.86486333997523,1.85733739000132
2.39080632881092,2.35949113231588,2.37770377750265
2.37375480890039,2.32662724133057,2.32795922024096
2.29615766321882,2.21271364717868,2.21602193740907
2.63861809156569,2.58153966510121,2.64758513690222
2.70636303238239,2.59649094452292,2.55550096464908
2.82683209117912,2.75370036169066,2.76060031423399
3.19410047400208,3.08048383823474,3.10877440465911
3.19567125851273,3.13612478542911,3.11825722947776
3.14368648968234,3.11730807810991,3.1359719230061
1.06755209821703,0.885692061816743,0.890143990939203
1.12200591442711,0.921842380444404,0.948150673432225
0.972250264820481,0.825875146689153,0.796675932937631
0.980784722920401,0.839278818547016,0.800403010852358
0.908164283975867,0.787094885602518,0.73993936400067
0.975061835099903,0.829212721952343,0.794057041228823
0.881673678266724,0.787025846271699,0.697487446262141
1.09482299995888,0.856293905726605,0.990616201294738
1.10003941244233,0.840404436808106,0.890825900250978
1.22118640051418,0.842443297923625,0.941791770687849
1.60535637676099,0.899939640716551,1.36051155795893
1.60265959521615,0.919672352983281,1.26069637350229
1.25957606306729,1.08019628864459,0.982563328512338
1.6465023018581,1.29600786500563,1.27363730819119
2.16830054271083,1.84388002084116,1.82179567048569
2.18356689241478,1.85548501560149,1.84492057717834
2.18976996735158,1.83570236918088,1.82106290165823
0.864430666761086,0.776329016813601,0.734076402316664
0.900283217217079,0.807180076159778,0.776403154828447
0.847267347414102,0.779458429358724,0.738668240522384
0.856909520527542,0.796984312169166,0.746196343751621
0.867527067906235,0.803235633076064,0.78433383115542
0.852121697296185,0.807598662264048,0.773292739197272
0.887603302495822,0.847296933983232,0.824628658844717
0.859003658489086,0.854366095165597,0.800957617695946
0.964624278828475,0.911739293791846,0.889554692186986
0.961682710455452,0.899930557041079,0.914271333812708
1.35801820106535,1.05676305402828,1.10541037251887
1.83244631031648,1.19490524461928,1.41685580700142
1.47043428342017,1.13969052964339,1.22413000064364
1.98506288182505,1.31925984981856,1.56981532041542
1.24191394247185,1.09649512081033,1.18513297540061
1.45090155670359,1.24992633719744,1.37225087483244
1.60585240377983,1.48387714016998,1.46600522127872
1.27315386826575,0.932972214676407,1.25296380225389
1.72418226652802,0.99321103744885,1.61445944942065
1.38305000522771,1.03101263479134,1.36539930831545
1.86371419902023,1.15697621920199,1.77016092048829
0.980088720374558,0.846218301232665,0.880430518641327
1.04597507551479,0.887492275814948,0.942312074590256
1.0533453269315,0.88078907581451,0.936721650780896
1.0507043986882,0.894470130665045,0.930737733381708
1.18641479816671,0.950477540415663,1.0482189074367
1.24754143574517,1.00819483470361,1.11559106355767
1.29557965960862,1.04051253150848,1.14783368914709
1.58141610513371,1.379297760328,1.51619915125511
1.553819967814,1.40965122112756,1.4534141470876
1.84996764601963,1.47949155424298,1.61782400524059
2.25647926199767,1.88739382931802,2.06060840758212
1.20705015866857,0.935661828466279,1.0426218679321
1.30670853955661,1.00040889643155,1.13212051086432
1.14816349790787,0.886045406155769,0.972354282467541
1.11515117089718,0.878821404841972,0.946116434834535
1.16953115258594,0.884511853303443,0.97177394166865
1.28529174848376,0.951243468072859,1.06992282160388
1.15866514120773,0.874889365296179,0.941906824217944
1.09431429172303,0.854105971001234,0.895618161709049
1.20612324350084,0.904347946925435,0.97374278721544
1.27769907874047,0.957763280311632,1.0302406275561
1.5722886115894,1.09917172333494,1.46070567075101
2.20018457513262,1.19123491581314,2.03317858536996
1.69387400945934,1.23669572466395,1.5643568614618
2.31965547449367,1.41014042150885,2.14943378454526
1.62238564362501,1.24443636145064,1.31875170563017
1.8415760117889,1.4369868345504,1.51498258907774
2.01934062949562,1.72513887848204,1.84412752874623
1.99528026577068,1.02829836683465,1.46345686701124
2.71548704321357,1.07030503025858,2.02287608461299
2.1401798304419,1.17318014279279,1.58115074999118
2.92176044050156,1.30804359424156,2.17850186423972
1.11938760712615,0.870918202661966,0.935851906601665
1.21166310189426,0.930775286267265,1.00529300817919
1.01494585038637,0.831180947169297,0.861769713753272
0.971816704452706,0.818352950569361,0.831212680415891
1.01230941576498,0.850849244130916,0.866281726305734
1.03643829559104,0.871504424893411,0.879881881948287
0.939869957685568,0.846912418218563,0.823469888751837
0.933116093940439,0.849147265479812,0.836613070604916
1.04792282238736,0.957288811000889,0.92066989699484
1.49169927069999,1.43482772637615,1.38691820487837
1.51804615463312,1.44119548524209,1.43711597854912
1.49497809075443,1.44095248539417,1.40579312759119
0.912460680588671,0.868305367056762,0.797793116216606
1.39027649394357,1.35669128563109,1.30408651039116
1.38822532246422,1.37485896826432,1.32124721718172
1.38450767329976,1.36943714193088,1.31883643624699
1.13406311772856,0.922730319707044,0.973971368948644
1.22768069278325,0.983466636710396,1.04639103184553
1.18547381516652,0.955650889268113,1.02645640171468
1.14345724519825,0.93951081250028,1.00261899962514
1.34915711094051,1.05824322038267,1.15441367206963
1.39407254425635,1.10546172387623,1.19211677734893
1.43328133151766,1.12245275490057,1.23719626045424
1.63911284100955,1.30725965562803,1.35771068908075
1.78065442357731,1.39917157775378,1.54317589133177
1.57762911101794,1.2091674731312,1.38626944600966
1.91944324895499,1.52775199014714,1.70743114652615
2.06626760764759,1.55080608479509,1.71892090422026
2.4774182787195,1.73443876244625,1.84585029688147
2.44455787386684,1.87806180626527,2.08476642075099
1.45978678729289,1.11306822235591,1.22680299637669
1.58994167594681,1.2097783764438,1.3298613685188
1.45119096624269,1.09201136112029,1.20904060884815
1.38847865790166,1.05662937652898,1.16363257254341
1.57164374737086,1.16463053234407,1.29562914899353
1.69168671782245,1.25915474673823,1.40748382441658
1.60524602860857,1.19660293229058,1.31979165353317
1.80347236907414,1.40127721778707,1.53856705975119
1.87526652032465,1.51900778178167,1.61818289351689
1.97983047713413,1.53882895939398,1.76569840643144
2.46652140588923,2.0843786795578,2.30828898997146
2.35775673614481,2.00476449115496,2.35316986220584
2.33809531137178,1.92211069290304,2.01835679901168
2.63749311311144,2.2990566398098,2.45385253044474
2.74271380171488,2.40461776319843,2.37639595307426
2.83773598302081,2.47509561320342,2.54357404743473
3.3091025850342,2.96034500532621,3.03670256425939
3.22640845630747,2.89723972637442,2.99313781074275
3.11846468092629,2.87036171823321,2.84294257940074
3.39241004309812,3.22295485761731,3.11360258983324
3.36489084204109,3.16210926218257,3.16674511156178
3.40674273543474,3.16986346851405,3.13310593999969
1.57248890241231,1.17098904051693,1.28323348182156
1.70664170078364,1.27674500155454,1.39435230150683
1.44579888179364,1.09490629398433,1.17719712851937
1.36332466250883,1.0489126136471,1.11460182825995
1.45020548757081,1.11610657661912,1.18041224950694
1.54227317552113,1.18022862489673,1.24507323656572
1.32252747590506,1.06054353013894,1.09285062146648
1.56705816275184,1.49439455980765,1.44875629507083
1.72660425423439,1.47895012779503,1.47498829889631
1.68742934483512,1.42919755880269,1.55081853216408
1.51224930607576,1.17732872918329,1.24613453807284
1.62821761836848,1.27398739682456,1.3406000996806
1.47903662385459,1.15834880603465,1.23853198935878
1.40848413680878,1.1029464068817,1.19052021462524
1.57953371585164,1.23722402578381,1.32677045230233
1.60174023078477,1.27558541127149,1.34596882230974
1.53099541571003,1.2201389277509,1.31530548405105
1.45853704925526,1.19951557608985,1.26911977360715
1.53915194088447,1.22826338074821,1.33383156587035
1.65491485142036,1.30003820731604,1.41583108740394
1.7890861920369,1.38834121136978,1.54200538546431
1.82135551238784,1.42351150043424,1.58574689006599
1.94343682249833,1.50054605679873,1.67385079375674
2.08467537266811,1.61308040221695,1.80887532907635
1.97226819242289,1.53270178910473,1.69446798318739
2.18267539794599,1.70034481457703,1.879958782308
2.42134905881593,1.91432523500072,2.12418669274092
1.70277307946837,1.35345545247408,1.45482201065378
1.66902913338743,1.3686268860451,1.43034884116992
1.86549373843785,1.46911909395032,1.59543581359897
1.95249452559858,1.56516265224629,1.67647678469822
1.75386615844762,1.34412165718539,1.4632826831301
1.8823238410628,1.45860292021404,1.56768416664766
1.79540758413479,1.35414108860646,1.50283806743905
1.72242137769025,1.30341258913404,1.45470424423681
1.97763305677683,1.48427993085546,1.64973493015619
2.07936776329364,1.57106931722,1.74627929811864
2.04660688665729,1.54487594712394,1.72141646163391
2.14760215879601,1.52718137461643,1.73349725885235
2.30131026787645,1.66100341634399,1.89018334928368
2.2108511344898,1.59854504659798,1.84882388478426
2.65221099009464,2.03135324587037,2.17118133290169
3.05297956075647,2.66791877738837,2.64791099767091
3.15027491107259,2.14376643762362,2.44462316365791
3.76418702892709,2.80694198842563,3.00055014022685
3.31228886443963,1.88735377200841,2.50953179038277
4.04138450169592,2.11007794656303,2.96087575239827
4.31299689282733,2.30662573670563,3.18029163104663
2.74781510415117,2.05836388385668,2.41988411807189
3.16818846308514,2.69618058981276,2.96557422213987
3.27716057773178,2.18481210968452,2.73025834073571
3.98049984890561,2.8710032239698,3.43934166421239
2.04842540131237,1.53829805342587,1.6909599734406
2.22360415826393,1.7117144191189,1.87199388941672
1.96922076309166,1.47682050253877,1.61020729447934
1.88805849621283,1.44672111947673,1.57424348653575
2.05493256705037,1.54344450799323,1.6641876371039
2.19655799724892,1.65623582590724,1.80584558435348
2.01686491544278,1.54455292359011,1.62259806300685
1.90816234602919,1.54447347177381,1.7433276159556
2.11024859303378,1.83523743440515,1.85013166803153
2.10509330773224,2.08510055654582,2.07481965326921
2.29976213711077,2.74378834433345,2.75942502048369
2.22343563629996,2.43887730355423,2.44504416227212
2.3595363426346,2.46945084298999,2.56945132083611
2.34410351232686,2.99839866904893,2.96923372536689
2.07595687400532,1.56648650616874,1.67307287637277
2.26251322599676,1.73042747729139,1.82860798194724
1.96148923755897,1.51937576647804,1.60217229351343
1.89068243552716,1.50852937321325,1.57304518490818
1.98371169747824,1.5667576267228,1.63882972814997
2.10500136874012,1.66345715567214,1.73163386638575
1.87526950386783,1.53842716407831,1.58191410985724
1.90938954405785,1.57969841292522,1.60192628436124
1.790579381426,1.48316003253216,1.53991123505407
1.92985982719069,1.65602192481497,1.67473458685633
2.297502570131,2.06741912964091,2.06979683853623
2.19221259880518,2.01248864403658,1.99566403677614
2.01125795074342,1.58228716119256,1.67745374359816
1.93906210658416,1.53847536983691,1.63063143804387
2.16043533677066,1.69263524338008,1.81070109580254
2.24578250144253,1.76941748436056,1.88642403853198
2.23193699258474,1.74915931675299,1.89367766147977
2.26085077414435,1.75483964247751,1.9170246431619
2.36825572590408,1.86067669320187,2.022139996285
2.14123912338313,1.70734129002218,1.83438227197862
2.16222154536344,1.72560557795633,1.86691242633291
2.07207774373401,1.68853829902163,1.78316419723233
2.0917937885171,1.7127730356143,1.79691775889174
2.00476080217304,1.67543024482437,1.75101370677452
2.10065927842646,1.75585732431977,1.85592945978804
2.01051748781351,1.73031553773922,1.77392848720067
2.01491581327165,1.86518562484743,1.74193760734483
2.12567184572401,1.87134629688484,1.832955073847
2.24165715290461,1.96483439441458,1.98160554733535
2.66094319048732,2.47064453805437,2.37069507864525
2.60045606407992,2.34280819642723,2.35589597183241
1.85629303434519,1.56165880809128,1.61948084699775
1.87528027588079,1.6046294696186,1.65669342712904
1.74747643711629,1.4624062286715,1.50513885824313
1.78316470135986,1.48606243100378,1.53031954724914
1.6291699015477,1.3608240010787,1.3961300840179
1.58963129998914,1.36056000195828,1.37804046638035
1.54265361811027,1.29147155169123,1.3157479961344
1.62686822724975,1.3426114919971,1.36582250428415
1.44020060205547,1.20773311020782,1.25312924828991
1.71259756657065,1.6406873741078,1.53559550756224
1.76958361636819,1.53862158051219,1.63962113305573
1.76936037542869,1.55912791625631,1.67994069690521
1.53976331477167,1.34014758892015,1.33191124860491
1.86310424891317,1.71989312551637,1.6950991598932
1.86014329116597,1.80170350173545,1.7714920976307
1.58246840575734,1.44282058363506,1.48496805155822
2.00060806477028,1.9322849929029,1.93793362099571
1.9844567814485,1.88156089758636,1.95001470293791
1.97716274472188,1.89402832242505,1.96406492110316
1.69516686802064,1.38112530320489,1.44655125256898
1.68014456338463,1.37805663897266,1.43976194967708
1.81915461622982,1.44842244012328,1.54555580484358
1.85922533223774,1.48311860021186,1.58535479907157
1.9278492712608,1.51350652080774,1.63556407231648
1.87967126595657,1.48273464365403,1.5932869412897
2.07765591271979,1.61282818478367,1.7641561714952
2.06120796354865,1.63015769154456,1.77056721390573
2.16135736176971,1.67161610949725,1.84171041966765
2.2398003439859,1.72288244631521,1.88578817237692
2.47645667871989,1.89434334276873,2.07431175930602
2.57361764254227,1.9926748450159,2.17321597494404
2.68614501282327,2.05934965273744,2.24616424355367
2.92114407832097,2.25628780865363,2.45349278557228
2.67736777407699,2.07491524604896,2.25116209805648
2.95221335721401,2.30787772696866,2.49299051381537
3.1540196614939,2.5124803499752,2.6969385679986
2.28045281220062,1.80844843994686,1.94994917866658
2.22918677803999,1.83902167147759,1.95375672711988
2.50294464251945,1.99254071816257,2.13580646817504
2.61504530099326,2.15483658916978,2.27424317101214
2.01239108674603,1.5815951407786,1.70596786760309
2.05965533219943,1.61659256809322,1.7431750732014
2.06899372796114,1.63768447845226,1.76332954389719
2.0738642621779,1.65407456688395,1.77910151761525
2.16417715655503,1.72333233120781,1.85140739912271
2.25942566187585,1.78424212560209,1.93766493438106
2.29427628884462,1.8556986065035,1.99592817808784
2.3541781412192,1.89992362189406,2.07142164695559
2.37852775993079,1.9990273348416,2.18040724167025
2.52194144087301,2.03361358709675,2.1841521760522
2.93493013726994,2.53833358247053,2.70171666355833
3.34181872178834,3.03144606301735,3.17429438270814
3.28385603898933,2.89036828567302,3.09680354011016
3.83504559076799,3.56540118863182,3.74853012445298
3.33353645278593,2.77206793122975,3.07133833811473
3.85336136016816,3.24658731100524,3.65759399354615
4.09140336814003,3.47036179236244,3.8913530047948
2.95540656057307,2.44983224394909,2.59450260474682
3.33555005536962,2.93253640992113,3.00272983207807
3.36001793236073,2.75912978835282,3.01412972982575
3.98117886872071,3.35239199715812,3.6309487083245
2.0870896727064,1.67806102360699,1.77320637425894
2.23030360464542,1.80491259919738,1.90273774274499
1.92860752796582,1.57516469975912,1.63805506059051
1.9036398570346,1.56839630252719,1.6328623793871
1.86926411714131,1.55407403733553,1.58321793857605
1.98569221637281,1.6567588237055,1.67772462218166
1.81325204764517,1.54535805304428,1.54395990841727
1.83966043238157,1.60451580514818,1.6082314779374
1.87426012600033,1.62881079885847,1.56683197232314
2.0029918785866,1.81213275084188,1.79155294195723
2.22737400579132,2.08842713827243,2.11337898302409
1.77449584157448,1.4750582681717,1.50031781059314
1.80812130212677,1.51533600007244,1.52868298069601
1.71239994249154,1.40827989820125,1.4470361197334
1.74257770353749,1.42840516539675,1.48363831417701
1.64168649399076,1.34990868933049,1.37466934187928
1.5594395641671,1.30846829234004,1.30880520233814
1.58997591153255,1.30887502077064,1.34456058930113
1.52657902224965,1.28503485967672,1.30947248624194
1.71106511961234,1.39536507423319,1.45634080435784
1.53892807706471,1.26973359818346,1.30321169781894
1.44924091640228,1.21690010326193,1.23555409181039
1.77613009382775,1.42917089747091,1.47073973591764
1.9363028056664,1.54197629381224,1.60834029521684
1.75424928761836,1.41237502078962,1.43973409777207
1.65627901127236,1.35830885450256,1.36619944911927
1.90157129444278,1.50510723663579,1.5500290547742
2.05264550368935,1.61473283260638,1.66624128406404
1.9804412887456,1.58323936198841,1.62573302119775
2.12939465749161,1.70055100200099,1.72504822523675
1.99618425126314,1.59161741700727,1.60122942100354
2.21815812321308,1.78917463960785,1.86663337390391
2.77799356493924,2.38246250175879,2.46121950659871
3.24823915450939,2.95356277030757,3.01311749541993
3.17852429753353,2.68977853350451,2.77540315900336
3.83810641864859,3.38316645113541,3.4677108383362
3.11217914170502,2.52046251373056,2.58940791008467
3.67732429477486,2.97955281515213,3.02727030184847
3.92314861885911,3.24459350342146,3.25551789744058
2.59605971870182,2.17773948513021,2.24912807792732
2.97233440868088,2.65537960984629,2.71450112785995
3.01874570892726,2.51412180031644,2.57313079299446
3.60414024765201,3.13850732835331,3.17241979030332
1.86285194028148,1.4608009999518,1.52792372036864
2.08288094852224,1.60855470312529,1.72394515940583
1.67674575682931,1.3618542410682,1.39337743749331
1.62978465331157,1.37849394248467,1.38593901901025
1.64789863787873,1.33693766760298,1.38954936756847
1.75002493883671,1.39130456383854,1.483940363643
1.77231612736914,1.41259450293552,1.53225375429004
1.95536149856859,1.50083298104895,1.68461302806894
1.73827000300205,1.42453404872143,1.52564568834322
1.95539006878107,1.49240626497815,1.73086262194555
2.41707418862275,1.89282932307361,2.04792461535446
2.25749321875925,1.90177292270635,2.22886006914401
1.44066908229516,1.2233068147846,1.2169794116176
1.35574224922409,1.19119563434939,1.14715168600553
1.40427964544871,1.19704770515623,1.19809306741703
1.5253069820876,1.26990124001085,1.30390872166313
1.26224595425011,1.09785844991739,1.08124986276572
1.23221271944221,1.09217033040803,1.06544427131515
1.34076239386576,1.15382907721172,1.16284977982824
1.56363166501083,1.333997481351,1.37794909443154
1.36709266637472,1.33364726670472,1.263207463496
1.45979456601896,1.27439013463447,1.25002528710919
1.73329415669981,1.6274234488008,1.52638482329469
1.75306846937456,1.53993355907565,1.55106883929589
2.11519285348929,1.94516895031745,1.99857404751116
2.15621939203245,1.97745998306743,1.94068686913198
2.1301400896484,1.9615996818483,1.9621623246807
1.50742912722473,1.53157617735464,1.38933258256334
1.89870674456013,1.94614464571247,1.82034522731853
1.90838738705985,1.97590137929765,1.80314688635006
1.86404747465099,1.97059419630613,1.83113390498566
1.14016105514423,0.998797202270045,0.971184654016243
1.03843724112408,0.93584380809219,0.901139177600954
1.19016148584481,1.02840335079569,0.994670466746058
1.30837876728689,1.12167090204491,1.09004271181015
1.12171049621623,0.973491546737262,0.928116623964828
1.06588301110176,0.932469614380455,0.89565195193851
1.23228709260331,1.06711932854905,1.01836637635656
1.32068243426725,1.15862130076735,1.10984450991116
1.32811845996432,1.15729725092323,1.09918239070074
1.20339062678494,1.0331485697446,0.983201263262379
1.24199258124482,1.21837152416936,1.05191548473519
1.32594131327472,1.52603768862815,1.20269094622816
1.28374646388185,1.26318489048777,1.08401413758295
1.3924508298019,1.58844559182762,1.23485000090109
1.30649768194211,1.1273885223276,1.08457449843038
1.44026820112181,1.25975370279571,1.22022920836318
1.35479105899491,1.21452230368015,1.2147826660375
1.2849189822154,1.1899225359986,1.08328704180853
1.40464974056211,1.47938558404034,1.24458199050514
1.33750618060152,1.22734858893917,1.1463157880067
1.49508113138576,1.53371499537964,1.35850296879209
1.08871131164229,0.949594077042095,0.890771212980089
1.01017401916806,0.899433183852742,0.832290477148378
1.19828941281857,1.02623627608987,0.974645581769179
1.29308957137225,1.1098252559339,1.06474148805053
1.2298287742106,1.04005678744472,0.995343408701773
1.23735723225279,1.05351644943404,0.9967989313327
1.41558173156102,1.17271424199367,1.15136704303946
1.75328834690902,1.49490735724764,1.41602445608875
1.51987066375076,1.44888111992136,1.25291433907452
1.81327932144976,1.52398777682134,1.65220359791076
2.31813587293063,2.04015493626783,2.19988505074498
2.36420843961846,2.15396481298825,2.21090402650457
1.12461920198055,0.972042759028882,0.926452402198907
1.11493854559136,0.968448167225738,0.92969097013547
1.08750647661353,0.95642663237942,0.912394817260775
1.15377542926995,1.00610262339808,0.968799601330903
1.00109453715404,0.906592565467315,0.859851127981882
1.05790896663995,0.946193464361327,0.9100396235182
1.05162192131204,0.959933606681902,0.907907755507565
1.0858749641566,0.987344363257921,0.94091157669481
1.03683363264553,0.963395317175954,0.908220090273349
1.21017716932822,1.08801150380709,1.03981101769787
1.28146604218047,1.17274371991829,1.18990481707873
1.32115004725216,1.17043190264131,1.16616375745997
1.3177397405872,1.15142981513446,1.11821784398858
1.55359535648468,1.40407447585374,1.50918543902423
1.67043184739561,1.37344427515259,1.72882391924832
0.867740829682397,0.815538927966215,0.753887722912284
0.85383625225217,0.81028289526485,0.754842613003304
0.827535863916341,0.784993503306694,0.714728304266563
0.900671536321874,0.839870464045309,0.775127952158492
0.752030948102019,0.731851743831668,0.653075468057296
0.737455011443507,0.732700122338112,0.660442130437209
0.777827177584698,0.754979246305573,0.668903386536539
0.848573044078973,0.826519283447145,0.72432359922816
0.842275663946858,0.828771419364413,0.756273158568375
0.913692577855256,0.884904701587224,0.819777178184359
0.803435417423974,0.77850966009608,0.704304689662366
1.34852088331132,1.32764375751089,1.24590507450301
1.33038128209653,1.31906379277721,1.28465805430803
1.29948530528761,1.29161132448775,1.26611940532003
0.782644687859888,0.736182817564304,0.65882611007536
0.797783731846048,0.739230101283561,0.673991730458845
0.876735876709341,0.79322642152227,0.715089959616763
0.932198216320697,0.836228743645765,0.756709320478291
0.97290891202388,0.852019295956994,0.779853307641675
0.972518423334644,0.858559385049391,0.788957372933761
1.1121728490968,0.971141332356505,0.892791469518684
1.19745459827636,1.07999810121394,0.953005386345414
1.30163116218843,1.07879283171033,1.04356680849972
1.71941609213438,1.59383755764861,1.4682410743713
1.69779501259602,1.46287739708658,1.48110422559689
1.7209431207487,1.52306190452121,1.57109345469078
1.14885323231609,1.06767423200041,0.939978859817753
1.48254078713281,1.36443107898172,1.1171727339187
1.48554068453104,1.39986643404563,1.16974749794343
1.21721085203416,1.14933864052765,1.0447987945729
1.68380627363472,1.6097702839142,1.53904248613935
1.70983893332129,1.65341747913626,1.53499035213272
1.69809184451251,1.62711578028962,1.54008274919048
1.01479711060534,0.866106357124973,0.809836137563052
1.08216564639743,0.899953612539911,0.86188156514894
1.02938154914608,0.883003475216893,0.833013656207971
1.03330207079701,0.897542663015288,0.849836442074149
1.09870321152509,0.927023172267922,0.888843223062848
1.20906174095335,1.00288765855128,0.973307581944219
1.17106969610528,1.00784092557725,0.975599064943361
1.42103296407863,1.44363351342337,1.288950435129
1.44379445328244,1.36768413637901,1.33294406014725
1.8482699333422,1.2836333961059,1.55819093826897
2.15890271829598,1.58946104767214,1.91511823595342
2.55195956701486,1.97869285878823,2.30335747874372
2.38697967550271,1.86776920699534,2.01866693962162
2.91579747525932,2.52327558407907,2.58623894125384
2.56610845837886,2.25924748260493,2.22111915154205
3.06684087477129,2.3596688765076,2.69280163346909
3.24972456121189,2.62983323749351,2.89622055382434
3.50719274401229,2.80307107758644,3.20578454220943
3.75279406344116,3.00770280692262,3.31348502579682
4.10307644156488,3.36135331420345,3.66117276873189
4.07937764321168,3.36203247048651,3.62407834323158
4.07220640791242,3.37577414557589,3.64760792735901
1.04388460631438,0.880164441128315,0.845749102016195
1.15610104756094,0.947839992936365,0.92172784131372
0.928304015019368,0.809764216321024,0.773899419896107
0.890131927415119,0.806594162877304,0.767193854356507
0.927746065802911,0.795442678709037,0.773766188066751
1.00715219009211,0.857109170634425,0.844126813998513
0.868657350335607,0.778856243372129,0.769215258042062
1.2700045074929,0.830156649401613,0.954834944935575
1.28751269999118,0.884007945699057,1.09280432321443
1.20703616257585,0.880286864219023,0.900477823155246
1.97874496293454,1.04817536895377,1.33395881352191
1.73277667518709,1.02374721752352,1.10170844431553
2.2055618258967,1.54294770030211,1.59361945590071
2.2279020601342,1.49184180376929,1.61579453803051
2.24394279131944,1.49082020139952,1.6341825614236
1.70621223668536,1.08514627834837,1.36331084001711
2.20994772921139,1.55799891528857,1.8357765329616
2.1893851193531,1.57725830308214,1.85955383483729
2.20767251346152,1.56873225784054,1.86802777699008
1.00037232877617,0.805795563286393,0.80047947019054
1.13951911585188,0.875403090973632,0.89425373339425
0.971125265746397,0.793329727518809,0.780824646453905
0.914210572978285,0.785269004684611,0.754022358417984
1.08119577078565,0.857940335502734,0.857937824703297
1.14888032270232,0.887591625148934,0.908093833572834
1.08503290258307,0.90226091052573,0.86915547567007
1.26883704742264,1.33477106705993,1.16683990937142
1.26918478184812,1.28877795120063,1.16031696835943
1.23624134637162,1.16300478668489,0.990195820068761
1.63158178611202,1.95364738399101,1.53204624866701
1.6042673103154,1.69754293134918,1.39950961980801
2.06523727382618,2.2077764487501,1.9132442535591
2.04314387999305,2.20697490721809,1.90681943425526
2.04674220748132,2.21268596030066,1.88665011516603
1.50803229143292,1.65452362956185,1.39750705674321
1.95672666553186,2.18607788144084,1.88331064085843
1.93434687853328,2.15440786239441,1.87584497425602
1.94950552819294,2.1153130889367,1.91694491215704
1.21059424915966,0.946125451442359,0.959822001315912
1.34999369704151,1.02816613288529,1.06270019817604
1.23061671606863,0.980924949031977,0.981629162500652
1.17066631371838,0.960545678482468,0.939840462628053
1.39970542737513,1.09994212202927,1.11339612749454
1.49234229356414,1.16938228030214,1.19955462842482
1.47865060592222,1.18923968240958,1.18269197810102
1.52166232157809,1.27457829681617,1.29156379152111
1.69452849450792,1.42728752342749,1.50862996813334
1.69262062137538,1.45718533225056,1.6137001777096
1.97342827412446,1.89675554530886,2.16490523935113
1.92142331856603,1.72376494989178,1.88555941640445
2.14980207590296,1.84889441488791,2.14284366479281
2.65959746629863,2.41208001078567,2.67390672716555
2.68252911547779,2.37458542659686,2.73267821237567
1.47466420416722,1.12624288511714,1.16105920350087
1.63774508095324,1.2297634288221,1.2789512595783
1.39643064491996,1.07752323979454,1.10548108581705
1.29070143567301,1.0355434983221,1.04972425325288
1.50528927465745,1.13844793810001,1.16380147352154
1.65731641824349,1.24696620906803,1.26088239921075
1.44397518872853,1.13959032284547,1.13020271916788
1.78277776967836,1.48599133553486,1.33824653556352
1.60683756332599,1.47593548043113,1.36082192544336
1.53843309021929,1.37250841921867,1.40164738687391
2.03608625437951,2.01943769813619,1.9592917747432
1.99190454143447,1.86659198075277,1.82823374914021
2.40563090271217,2.36952023821027,2.2807875319486
2.43136195319874,2.30486011048007,2.26542599846909
2.45621386103095,2.33457037017924,2.2796227993538
1.94446452168791,1.89507724370005,1.79337158955326
2.33842148622692,2.39546516642667,2.23581736656041
2.39783777947131,2.36217892658098,2.22302111647415
2.41704463395841,2.34963525262409,2.25200433589029
1.5704040717611,1.15115047204566,1.1962529816804
1.75868834212753,1.27862622590423,1.32521587279172
1.46845814481106,1.06481356010328,1.12413495257529
1.33957648918895,1.0054346639626,1.05328380812112
1.59001417951813,1.10796691056857,1.19332874894536
1.70138721558738,1.18329365016357,1.26460768732352
1.50821115812008,1.05929545337772,1.15786647419502
1.73619873128901,1.12732879739153,1.29782688846806
1.6319105934289,1.12849681260504,1.45999911994064
1.89528602884488,1.09316574530129,1.17767502542287
2.53496971660636,1.29184305900719,1.54946730605701
2.03521132143587,1.23446910411631,1.34987003083979
2.43832593203903,1.676063092303,1.81096184067833
2.35827479553061,1.70255566763107,1.78692820743589
2.39916878195152,1.64691341853232,1.81731953337546
2.5183694014392,1.26235666384444,1.71062441494496
2.97007519370129,1.67338468313176,2.18351434499327
2.97113669180963,1.73480598809652,2.18349250769997
2.91777751589523,1.69784040241084,2.15867639047948
1.74548765438793,1.20723730028825,1.29975982487252
1.93690572751929,1.33059246498693,1.42676168042254
1.70566571725688,1.21096011773714,1.29710419205946
1.58299305942152,1.15753465397147,1.22977813293408
1.88326056859846,1.35028066721279,1.4278483365878
1.96587344218896,1.40731053251623,1.48068735388269
1.85196122295015,1.38862662176575,1.4386586745924
1.86778383532996,1.62365215005259,1.4228061949351
2.095513899758,1.73926637294215,1.63033007790487
1.95142713265695,1.70660826090193,1.57566540931023
2.25470910087739,2.11073212813552,1.79229382081319
2.10267499846903,2.22097953219949,1.77122814429656
1.99755644717075,1.93046097297184,1.67221201452999
2.37430146757605,2.44625125909157,2.1885657751178
2.33152364637564,2.31074239956831,2.09474755642296
2.13930844844425,2.29155541392094,1.80268471516957
2.56090949683191,2.73242810405102,2.2795365384062
2.53513401429587,2.68620038244746,2.26537157267919
2.26084116042402,2.68379859488138,1.91366527420759
2.52319235722524,2.97323120813538,2.13927751790054
2.5561295209184,2.97556662654238,2.24947407519247
2.48909537135459,3.02002413560681,2.22608594531292
2.06154727486465,1.474090991758,1.55864565062697
2.25072716854153,1.61421319883122,1.69691212243427
2.0442914250416,1.47100121869174,1.55089474008482
1.9242338989473,1.39762083200253,1.46694725580153
2.24594124904415,1.62891260674711,1.70699105434116
2.39279470398223,1.72998590842877,1.82831643282148
2.2507197378673,1.6944698182258,1.74715610791414
2.37132651834507,1.84139569581557,1.92222865572835
2.51172789530708,2.00120439552792,2.04608711390941
2.54449013686303,2.0976123781645,2.13340510896059
3.02704854283724,2.59838073572063,2.66722391437071
2.87233402266763,2.52456084896913,2.55957332625244
2.75949124277478,2.40091104357717,2.3883516220897
3.12303674477404,2.87005490904376,2.85983081394173
3.16732942507232,2.84337680929706,2.80068359884261
2.35113639967422,1.69729819524469,1.76776892366277
2.57889548920126,1.88453697364537,1.93710562013444
2.22531158208677,1.60457503607139,1.67286980249854
2.07348692283502,1.50595604304932,1.57481400892867
2.35211136298799,1.70822335386581,1.75829665691239
2.51223008825567,1.88051996612959,1.89815690718732
2.25904447479069,1.68305976503985,1.72461675881548
2.36828728456778,1.85924888494323,1.86562494232515
2.35913824589703,1.89059157041404,2.04334793211356
2.57030713650404,1.93703777250709,1.807643404635
2.5070081062948,2.03718944506572,1.9155141506517
2.43710619075191,1.73240112548957,1.79520419026034
2.5739650798472,1.87148229334609,1.91190364357982
2.40312673962506,1.67080941985833,1.75159450220101
2.33785878340587,1.62209326975619,1.7155781400197
2.49883523677354,1.75307739103782,1.82104221743734
2.46312592897996,1.74800756985899,1.80178494497106
2.72382134917522,2.00799033545794,2.03850949898153
2.82822232112079,2.15530080445832,2.11974312791871
2.8189180171348,2.08060786421082,2.10738957004287
2.81414761157502,2.18926889789929,2.17391983140769
2.95727316398885,2.45838691126088,2.46123989199986
3.04274466641762,2.51888705002036,2.43805316470229
3.15773721373962,2.58690078443812,2.51830762576197
3.46779656182728,2.95235024679939,2.90395599599947
3.43119462695933,2.99874080739116,2.88177175580325
3.57597487768312,3.01684551865495,2.90606891626968
3.87421941608705,3.34085715763132,3.2061676879703
3.86230394959929,3.34829006545026,3.2481488839542
4.01499557695493,3.52486709863494,3.38792350564434
4.28505634593557,3.83085626603543,3.68974737996844
4.3159132102764,3.8482200306916,3.72624524520575
4.28475899789305,3.83944533456257,3.69264904217286
2.47331490274004,1.68421320268978,1.76687069280744
2.64894748499491,1.84538745495976,1.90414611863844
2.32246188982101,1.5102957867359,1.62604487386988
2.25870506208947,1.45432330184498,1.58777524688723
2.31324673901844,1.46779910793582,1.59186378624607
2.43459326369504,1.56646678274808,1.70212523722403
2.30365411546251,1.43636131834989,1.55750888167574
2.46167007553883,1.56840430562409,1.56869086738576
2.13654312629675,1.57297252870215,1.6275796843163
2.437074077135,1.97913953626592,1.91209480020314
2.37688754317108,1.92381337397323,1.96591220633788
2.373744137167,1.95926776964669,2.0108084716561
2.79721147522974,1.65110537995812,1.67791906863767
3.04052377205877,2.05484120483009,1.90391742364096
3.28769953093555,2.06938044104376,2.15721383322816
3.12673657093862,2.0350033292068,1.96033107504575
3.44388003342507,2.46932063708254,2.36410373794709
3.4320377513817,2.4534672216977,2.3566443107602
3.42840700852401,2.4630029849182,2.4104807309249
2.23688857620011,1.41917691111432,1.53007886702378
2.16058266859271,1.39323010956274,1.485900673042
2.31958917476391,1.49108288584743,1.60248175929848
2.43852628898593,1.58291384351411,1.7087640949632
2.30051562046337,1.50214149369022,1.58990235482092
2.3004284110327,1.5477179553523,1.60634285025063
2.52934393862931,1.70095314982412,1.77977853165757
2.58442912999994,2.08094369344355,1.91152056755327
2.6799101900979,1.90243199753047,1.93475693021753
3.12072665650448,2.13031692841427,2.25663410256005
3.5902415660578,2.61551562750353,2.64300987306691
3.48004262269454,2.49995745742638,2.61008206199769
3.38500411770949,2.4699683071124,2.57866575302217
4.02650797190448,3.03637092188317,3.08294137596918
2.12392266128833,1.35954493953467,1.44508638459084
2.08292341212293,1.34263125461647,1.45636778718771
2.08286534182505,1.34036089688777,1.37833767535493
2.17725101212623,1.42686701952677,1.4383878488193
1.97800248973974,1.27423393520116,1.29705893224049
1.89780071900362,1.22128387150439,1.25286451128732
2.01467322265179,1.34683691673876,1.32200059086675
2.20959929768889,1.57802515825248,1.44298823857892
2.02639852438033,1.59767898177789,1.62626189297084
2.40591301251246,2.04291652801492,2.01638093969055
2.35270825994838,2.05083367116423,2.08739753287853
2.37129228135934,2.0097763065096,2.03294269915641
2.68937680133989,1.81605028289474,1.61788710142837
3.1221584235198,2.26460577380468,2.02188873913025
3.11443734437894,2.25333514722795,2.06004636234051
3.05639840048905,2.24494086363255,2.03694887367585
2.03745319611127,1.33106196321873,1.37304930307269
2.02036560445898,1.34666441568441,1.40454053467624
2.17904807973347,1.45248756265559,1.49248006206067
2.24662102677718,1.51495224175069,1.53511519874467
2.3008023090085,1.57983985832158,1.63329661722561
2.30534445289323,1.62204454192657,1.67142245416744
2.51695005957905,1.80249807930582,1.80097467541509
2.62542279913349,1.87538273606555,1.89842898665031
2.70153328119939,1.96972576179474,1.99260220079009
2.71864963140908,2.00229638378643,2.03222277525294
3.00642760685812,2.23921251450121,2.34955123302294
3.10669427223269,2.52317727199789,2.51164820808053
3.37541647391969,2.91427977875087,2.83358687318819
3.38563107498646,2.75802883708217,2.81509140930935
2.32788464397907,1.58661629673317,1.69789780328112
2.46932477059703,1.72859139239445,1.8705619684067
2.27869153807319,1.53872083433889,1.66742312465453
2.24127900519919,1.51119398470582,1.62487419497149
2.36475220268931,1.63207746088538,1.80588458550438
2.52208874778446,1.77834019144159,1.96006905489129
2.45971766521742,1.73378925359316,1.93201613142785
2.40103443121517,1.72906185032843,1.97534527582161
2.57099864064284,1.91339852438187,2.11683892792837
2.72052599102049,1.96103128494152,2.24246917508695
3.00461262159815,2.23291372629796,2.60195302718613
3.11965629808341,2.49263469131975,2.72163487938984
2.25025517604181,1.55995179989499,1.74482102694319
2.42571596110124,1.76530446599682,1.98913073919087
2.07054378355076,1.4073900789225,1.54163050629815
2.06876493257808,1.42139998353837,1.51350580230267
1.99725760239953,1.37361035708968,1.49492329519913
2.06982112189413,1.47934927855733,1.61434334426619
1.94453727533659,1.3664296300351,1.44676698912211
1.93566456029103,1.39633821714187,1.46863184683783
2.05904499351224,1.53649458833119,1.611606708335
2.34807989814215,1.88796541535701,1.98423098000198
2.35775200531568,1.87432774042538,1.98677968355575
2.31875888370018,1.9415467844334,1.91664259081903
1.95417194976904,1.37079608372556,1.40631819148285
2.20095017761094,1.71036840561481,1.70241120081546
2.16067392632076,1.69940300761399,1.71467341709471
2.0507725041076,1.53906826181979,1.58722805290978
2.39609563113992,1.98900812242024,2.03590103025589
2.39463849571586,1.95395461963147,2.02494111188842
2.34755298930193,1.98456471528593,1.98657105006173
1.99437992884256,1.36008903746819,1.46579885536181
2.05607202039618,1.41488662409134,1.49570740790682
2.01441930008881,1.41994374505887,1.5332258734372
2.06225276787394,1.51479845156781,1.62609551224466
2.05165540163366,1.47053426838563,1.57988169492987
2.12650402725936,1.57419508820555,1.67869310155887
2.27485241644145,1.71128211275645,1.83764135689457
2.579488697184,2.19742540606037,2.22667724757758
2.5050582066498,2.04320613771273,1.82203240072053
2.67783834284539,2.10173095257034,2.45406050523513
3.19722605529145,2.70577313191869,2.96173605677247
3.13469246006955,2.63865030037359,3.0381036742239
1.86852770500282,1.31053818484213,1.40542122787013
1.76844413014866,1.25392685967433,1.32766947952259
1.8745845248762,1.30990378186623,1.42381366942846
1.99695956710014,1.40402696124926,1.53319829614604
1.75363911959028,1.23844351324859,1.3403920468057
1.67228446559638,1.20440676812799,1.28788863817421
1.84746330849341,1.30231038150154,1.44090751723647
1.89457113081467,1.37139532183843,1.50659052509682
1.97308101327207,1.39146918963886,1.54327933484617
1.79539465789829,1.27575664590549,1.42217736543622
1.9373019682094,1.94685027221133,1.59703830972681
2.10451660933814,2.71852076310603,1.77358722024823
1.94178168255036,1.97268646007935,1.64837901104375
2.11531640530061,2.7418555119712,1.86312441074694
1.79788886804654,1.3756055858138,1.50393459912301
1.85824990686532,1.49880785917225,1.60290984817284
1.97218765647621,1.72213913722721,1.83402493891238
1.70076112437955,1.51650012604891,1.36232833840615
1.71053960235974,2.17053351017408,1.39617315570045
1.69713267170107,1.56513553873558,1.39067522910146
1.69827529356081,2.23433184814413,1.42853871124307
1.69517139959226,1.22251878995366,1.30194370003706
1.58515056409723,1.16993461182535,1.22637031915598
1.81339421371107,1.31341229466319,1.40154267174216
1.93374753986794,1.39075258354333,1.48972227148265
1.81470740167043,1.34996860270538,1.42397525313457
1.80017517127774,1.36126691570048,1.42799543776467
2.01763092407368,1.508776254871,1.61123735349384
2.32589839115808,1.85899855198688,2.02159872400135
2.32120323239121,1.75354709581059,1.95425807194638
2.35799592104108,1.89704631272202,1.98502170613213
2.85344780561277,2.47381972344689,2.57337421863936
2.86549724011522,2.42960382198149,2.54158311113966
1.70836967469424,1.29390932295849,1.34051390211998
1.65309385627042,1.29563704440492,1.32466571114215
1.72055085705139,1.28377618710005,1.33254722122735
1.8104151398185,1.32632395792374,1.39050378241201
1.65119045506796,1.25273737942687,1.28300143484993
1.67449349455187,1.31311972330026,1.33074674590249
1.79054735495321,1.32445213580788,1.37661566607444
1.94444806935705,1.46217705683556,1.50692291115456
1.8320408773917,1.32707837793168,1.40367314206674
1.78976280758084,1.3384443175524,1.38563143124013
2.14902848628922,1.75839794938731,1.83703064192962
2.73649796394712,2.43478926021006,2.51191074092642
2.20587034010175,1.85475810782269,1.92046226273655
2.79504559346466,2.5685386648587,2.62415001203865
1.96753782210044,1.55423913374572,1.5892296008309
2.13290416528139,1.73885926336979,1.76740333240471
2.31150449552854,1.92729476922501,1.92078748248794
2.16495907168783,1.88984404733022,1.86667227664983
2.73849346505474,2.61384298935228,2.5576803094175
2.25872980534272,1.96128506441873,1.9428456277547
2.88678156507372,2.69527615920453,2.6482184513613
1.48196861117085,1.14572291260294,1.14978092932955
1.42412256082877,1.14990177255841,1.13661199408308
1.43620717934087,1.08616538434529,1.09060168024085
1.52857963129551,1.1239061639226,1.14759437615219
1.29680665473105,1.00614722226896,0.983153588308
1.27393397706645,1.00793161707386,0.973396830920585
1.30903889253119,1.01072784816161,0.977893165026816
1.4152921614579,1.105414630615,1.06716891000051
1.23280306885087,0.992001533839354,0.950058203088819
1.60031778816938,1.42716994009542,1.40329342048921
1.61890403983138,1.43727620425169,1.41119673907922
1.59253132977002,1.46733854149751,1.38586709869009
1.41833713150896,1.07981101183651,1.04299507684257
1.80981786749808,1.49882376676311,1.50058558914835
1.77115509492898,1.50365581268718,1.49399648280165
1.79242791897931,1.55757793736261,1.48507311767221
1.23383605949119,0.995112836395749,0.964283477440827
1.16420254179006,0.979672974750002,0.93848003102188
1.31307492928264,1.05275520807987,1.03424864106057
1.40381749677651,1.10259874048957,1.09509733089331
1.3220361508079,1.08601101809849,1.06941846734323
1.279553114199,1.06583871370358,1.05018785258438
1.46934240192562,1.18552348195419,1.18661687069326
1.55452318592493,1.29663037172775,1.27524604739732
1.56357309241608,1.30724868315072,1.27857266598591
1.55469346982501,1.28341159267519,1.29658787387317
1.67025045396035,1.5410584762437,1.57268583086519
1.66041176897241,1.56686351877507,1.54455730421366
2.03027066769257,2.00430888567559,1.97818549627767
2.01000312201526,2.00657660564781,1.97039047734967
2.0145741912441,1.97658557808628,1.95736655142241
1.82041607452354,1.56819843539187,1.5579049545132
2.16456244786503,1.9802124256571,1.97591764118672
2.20208637868945,2.00461945891258,1.96524561650169
2.18707282043617,1.99283879254957,1.99719851192328
1.31154767392822,1.11331045051318,1.09199410832545
1.29194629245179,1.13356554183933,1.0975495615847
1.37725171056293,1.15741822732818,1.14641161076199
1.4468752792188,1.18412857995949,1.18208734668355
1.40945423927523,1.20923681433278,1.20070008592706
1.45328908568621,1.25807157560967,1.25228979753555
1.56643467362937,1.31275678915447,1.32740906496608
1.70717788617274,1.48643372910158,1.61674990780065
1.83271675037109,1.507562524878,1.67497022100283
1.89278087219478,1.71912483523561,1.82913290959448
2.36709739818747,2.08764493572892,2.29499508392151
2.31148845294554,2.26481020901136,2.43138385891065
2.25498977611581,2.22193783940038,2.28516701526133
2.63312106964476,2.6811680195821,2.71974388199696
2.66997066716612,2.56579238835744,2.58379745568624
2.75528285133014,2.81366479721575,2.94618088934556
3.11062111749628,3.08834284912907,3.27834751604418
3.13815336520491,3.25676166114971,3.34267317831721
3.27296405231456,3.4011950652519,3.56564694121839
3.58073506322746,3.72038902006338,3.89395043928673
3.58156918805284,3.71645564028736,3.93776972824754
3.61928084724808,3.76446744407977,3.86778496133662
1.31521628521499,1.16431030341062,1.14169969247127
1.33497633010913,1.22405434758276,1.18404810931061
1.26012166892615,1.09836116088059,1.08595446916954
1.30076577134316,1.09727385628069,1.09766168389522
1.2053156807588,1.06859895915304,1.06301268989246
1.28274097547303,1.14940171530127,1.15485460164018
1.24811045371026,1.08253397328885,1.08777056390364
1.55723466327527,1.45951875003545,1.43056093968653
1.5854062476862,1.4306816755714,1.40701598669269
1.51429914632244,1.31140405579621,1.33636951573466
2.18458807133014,2.0067316922882,2.00665854067545
1.993650325327,1.82612578031175,1.86048574323597
2.45486208926437,2.30455176568211,2.32252944499273
2.44068042741796,2.32376464951522,2.35338632952644
2.44711457756584,2.28112045227311,2.31597513604274
1.988051308048,1.78385778873161,1.7505381963293
2.41802333881753,2.29475230262691,2.22048665401323
2.45297981038883,2.20790998405022,2.21727973106307
2.46845713823373,2.29187515931125,2.22912702590874
1.1211904232391,1.0131529872816,0.992693936442309
1.16060103589979,1.06360225458792,1.0545488166366
1.0715051554077,0.96342779581883,0.92258916398212
1.09708504304814,0.969109541386553,0.928449174596027
1.0474695998869,0.952316332937205,0.900357002805545
1.03387155027742,0.937653849755736,0.90402154945454
1.05262661157782,0.945243552333298,0.887853845223068
1.05234918131765,0.942382939404016,0.893873364189368
1.1709926728485,1.02708425463601,0.96603883802461
1.02248099221851,0.939357272883499,0.88311169858703
1.06251421440374,0.977819627645001,0.923390556007059
1.12116988736557,1.02143725746528,0.96677928238528
1.11341326639057,1.02602637282395,0.97865612269666
1.21574167749837,1.10956564098939,1.06863100642017
1.11101649858644,1.02763276588831,0.985377327546086
1.22993160199745,1.1273121471875,1.09069364142111
1.23726604480209,1.12304761546256,1.09380611322184
1.04236633451461,0.964245600208935,0.919688817188893
1.09633856893689,1.0081602077166,0.978894743635694
1.07465983703966,0.999016479325349,0.960059102285927
1.1407681230911,1.05441977345525,1.02874206697808
1.13277058366519,1.03795417995044,0.976861774377736
1.18354594445295,1.08435101922159,1.03425385562844
1.20680021215954,1.10675557150928,1.03959749989214
1.22259133489543,1.10580502226587,1.05221260805721
1.32330052722833,1.2258460199021,1.14382202327029
1.36770931221316,1.26426360172177,1.17314758393784
1.43762207001251,1.32454623644711,1.2388672898236
1.44900797939391,1.81601482212545,1.27249075754107
1.54387991315396,1.47275474255889,1.36100103670165
1.5098173299016,1.59429838400953,1.28531719692502
1.8021669538306,1.8211744166574,1.56588736323092
1.82060394556669,2.26800375347411,1.57614526005874
1.70209407054485,2.00335344083699,1.64824975649906
2.15919299328856,2.57542300374953,2.30939914187593
2.17638121151929,2.42732423375389,2.18818095601636
1.84042447866795,2.22797242048902,1.78998843893668
2.21179234968758,2.72070766821487,2.19584168578083
2.20727437754921,2.79643408785945,2.25614749688756
2.00403580143368,2.088421861322,2.0123891819927
2.32214882374665,2.32203575114235,2.36552741147687
2.28687206234661,2.36442104192034,2.36180054404799
2.35252091450785,2.354431108406,2.27738188126921
1.37228607216563,1.27473419080138,1.20964071872822
1.47077350003097,1.37470787353491,1.3041002567988
1.36073903159434,1.25394903931139,1.22187500323474
1.33287870810644,1.22270991647524,1.20147041587294
1.44802492860325,1.33338820789275,1.32771059803124
1.56556319760931,1.44547167451716,1.42494414154751
1.50409231245923,1.38508226344892,1.40618228019681
1.74458353997467,1.6074854048041,1.5831266834139
1.74125895841338,1.68955905488537,1.68204772835796
1.72986895368479,1.69512487158094,1.75343618819969
2.05921286282202,2.08089821292918,2.0945539455627
2.13226871142506,2.09304996292079,2.20487042769787
2.21222014722116,2.17269846418216,2.12444473275258
2.67474818543411,2.6165181300101,2.50766331325785
2.90095461499383,2.8445822815687,2.77983530059242
3.15804826353227,3.1101375449305,3.09833646693592
3.47076582915408,3.37841352515949,3.24519066197015
1.44451240150816,1.31075313585563,1.33210680889379
1.60020948215048,1.42990674834803,1.46671143832549
1.32450468631998,1.20952533706003,1.23533088969244
1.25324689721897,1.16267923096125,1.16454419377278
1.37081268557642,1.22202202978728,1.28459937906877
1.52290067135762,1.31440910180321,1.40365647652128
1.32928962428751,1.16630789273739,1.24171875590621
1.82699235042729,1.2290926131683,1.33124465760431
1.86230744459955,1.23825046570953,1.31867283623049
2.33004287241268,1.66828982787256,1.71897593059267
2.40043625931923,1.6179096704032,1.66070868212658
2.30712028151373,1.62977466738351,1.72158587204255
1.56615806744749,1.09291261284671,1.13261028714938
1.63984951623644,1.16446871144928,1.19953937241776
2.1133753650354,1.20740707436842,1.23641997480441
2.05260547719863,1.13826779663683,1.18618376904109
2.46407564803108,1.59358803953311,1.61991569024236
2.49942621513958,1.56666969897189,1.60045138699548
2.4541123516717,1.56318606026608,1.62306566305906
1.41600937160048,1.26181839611258,1.31766353350846
1.54722544507736,1.36442270357639,1.46383303183355
1.39536105285895,1.2706371247509,1.26601033214412
1.35568240030452,1.27731499927245,1.2213019192358
1.49104105270174,1.35454494214347,1.34225878636795
1.57366126193135,1.39462175597915,1.41836116376469
1.45415019609147,1.39207316676199,1.29266432198085
1.45500027769711,1.47330944492069,1.29516259244196
1.56714137487843,1.49047182506442,1.39971869083333
1.42049483517642,1.39689191595131,1.23622987237034
1.34369998421675,1.3759555732017,1.17451064891333
1.53227332145518,1.60445246976756,1.32185273370444
1.92960082561658,1.98448123675786,1.70370616612804
1.87106285484937,1.93624399578966,1.69177262707995
1.88368137602057,1.98797271739835,1.75109347755269
1.56985686701062,1.48179562436711,1.37994355868275
1.89504188317071,1.81570226344922,1.75980632808726
1.94982101123575,1.87772616407529,1.77080489328164
1.94912933682196,1.85502339825002,1.78408143144092
1.6423803577418,1.52006839353201,1.49128086525392
1.88240503915927,1.78906846805169,1.71007108640648
1.68907945461371,1.74553213510308,1.50192910835169
1.73037248111854,1.94770512682562,1.50141196907654
1.87149772626748,2.02272884140973,1.65688405981641
2.03700385624482,2.14162436226414,1.77290201184741
2.22078131989363,2.65024442374501,1.82381146286594
2.6273804416842,2.86065531750553,1.97379170949725
2.5108769431142,3.05206101484009,2.24320998696054
2.73900807512396,3.22100654884918,2.29847241069346
2.97929507514627,3.47566690309124,2.55654938967187
2.00653693470352,2.13768286091485,1.82445317874909
2.40615278668504,2.50464321487004,2.17404513362237
2.42626955500689,2.4108793291835,2.29391767526615
2.81704704349538,2.61973545038804,2.71182212406713
2.89996597875615,2.89548526042028,2.73046715141969
2.94491580814971,3.15193211712247,2.65760565573659
3.8309709453291,3.43948193401182,3.67762794367572
4.21434969625132,3.79984568904198,4.04714283080604
4.46709020441863,4.01417370094979,4.36115424285957
4.62588751107372,4.27054244061724,4.55777525636009
4.45401396364731,3.82581033622087,4.26309450029922
4.79900966050177,4.16494124246254,4.63969220049508
4.81242553402754,4.11712676778192,4.57872500676629
4.77034857794632,4.13303089045687,4.58797877408674
3.22669485626221,3.25146555391583,3.08453614481127
3.6863872339088,3.50274446245703,3.65041907307415
3.53746432330133,3.75600544963776,3.3549101898223
3.58401599199143,3.93795922392722,3.40974605646448
4.25994567282296,4.41223724757873,4.10277251199473
4.53757766737239,4.57202796461228,4.32504098418445
4.72407911351361,5.13846547603475,4.63666395669499
4.74279295536325,5.31975261272719,4.68899773894646
5.23473718527807,5.58732863547599,5.18229558197498
5.15140803925945,5.574260779326,5.0533659870297
5.55616580496693,5.99084031107624,5.40202113802882
5.56027459494478,5.91841274909701,5.51321710704338
4.86662532656546,4.73864117865252,4.77205221403041
5.05231782698733,4.97162509557218,5.03382348092159
5.62427506339636,5.20979601940086,5.4833478741896
5.79310002947341,5.35970645992238,5.58137234722783
6.55440704599773,5.90674983523493,6.45884349312505
6.57959928278261,5.92298371760427,6.52508298625142
7.35179890555133,6.46507227406925,7.18035635474206
7.68740537155757,6.93233666031315,7.63192590115501
7.16918424975925,6.33666402305085,7.01861207893101
6.83822538183267,6.16573317835181,6.77595319722051
8.32510103708264,7.08210006021976,7.95625710434851
8.6413911851078,7.38936197557593,8.25633608281643
8.68127148111784,7.37074709291232,8.27741937874812
8.65762700118563,7.30263633098105,8.22727272873244
7.15297523656433,6.63322599720672,7.16016484716534
7.50990369691115,7.19772810783123,7.55296740412609
7.52632208505517,6.93699424818706,7.58227487312179
