frame,R1_p1,R1_p2,R1_p3,R2_p1,R2_p2,R2_p3,R3_p1,R3_p2,R3_p3
1,1.0626431602648858,0.6515595715687694,1.2004358815914495,1.0626431602648858,0.6515595715687694,1.2004358815914495,1.0626431602648858,0.6515595715687694,1.2004358815914495
2,1.1902920945481725,0.7774085523882078,0.933471946660023,1.1575363989806493,0.4140447231820774,1.5467587171812498,1.2264472480601551,0.7920790176083066,0.8935212052809499
3,1.3241926931345425,0.7231969697496278,0.9082623390329648,0.8060899275098308,0.7914760363323755,1.406461872923557,0.9901083874968999,0.9605437920352929,0.9162625654828818
4,1.0062152755099403,1.0638269827342517,0.807435967655406,0.9048538016230798,1.2801490769481432,0.7491677167278964,1.3270518187855915,0.5535153512685648,1.0848924018133481
5,0.9639126596907676,0.8921172102563657,1.0124664962966539,1.1525603175910104,1.552256524929259,0.4186988260388771,1.1382035041212764,0.5438608369184273,1.2626313349984712
6,0.5475585959999627,1.127533111210507,1.2712386981082076,1.4986250995650885,1.3459989015810914,0.23647987280474211,1.1019470784250351,0.5342620841947778,1.3338222144660465
7,0.42567325507090836,1.2681167122307024,1.280988493955752,1.1879314511781183,1.3093339591021378,0.4715764098693886,0.8185148776398344,0.994985484601889,1.0628187447861597
8,0.1551436689904303,1.509381830858654,1.4285067237134272,0.8427630675646195,1.4581362710397487,0.7407383467199463,0.8353680863475688,0.752382673476153,1.440445665151133
9,0.8238630718909987,1.016713708440939,1.033927310982385,0.9505865240796498,1.1290347988822633,0.8059883627961365,1.1633992363706407,0.4074656363586537,1.563733961314621
10,0.5623559979715664,1.183286297658362,1.1851637353116355,0.9417735741345628,0.7778825932221984,1.1782716583594557,1.0133168812235287,0.5955405713278169,1.3832061667967572
11,1.208562076702219,0.4175836087397468,1.3722663802062454,1.3172408596737852,0.6165792376757274,1.0227686030432925,1.0391854847144395,0.54119328377477,1.4789149247264717
12,0.30007424790503806,1.272871216558654,1.5360050822760087,1.098237700629557,0.7685867613256531,1.0176441325590917,0.42237121849773274,1.1484374726452367,1.5677556051453638
13,0.5709442196182726,1.3429470446946796,1.057609341359767,1.001098103119967,0.8182114798398542,1.0566475643354019,0.990987082853864,0.7705920139582765,1.1261224271751642
14,0.9594337781392291,1.1794416809313637,0.7603422387566868,0.868145198606934,0.9211349608174084,1.0868939375948448,0.3203192601166251,1.361689447356258,1.3317764633535556
15,1.1393537738925534,0.5586690954967838,1.239035778929941,1.099437656761039,0.8070097686362137,0.9744715496415954,0.7905867482371367,1.006506040165935,1.0836055841860674
16,0.29785546072123203,1.5107266669409098,1.2794262701537937,0.8063845314222168,1.0416694877731778,1.0287103792013867,1.4361168911857787,0.17224500743106086,1.4640717729603672
17,0.21497991155721036,1.4294777294866041,1.4098829578394159,1.1364890313897589,0.6166942729518485,1.162807986764474,1.3716173114494026,0.47318179248463466,1.1477662786661078
18,0.2993992112152598,1.4733984882834288,1.2886117903441332,0.8509169257290484,0.7937038757679983,1.2959895955862613,1.458924225902204,0.4724459761470552,1.1139062543436302
19,0.48373437655459467,1.1261911393780002,1.3928850811319962,0.8811301686917294,1.0061965751377266,0.9815510284160197,1.1924690871120893,0.5447740122760759,1.198784363399419
20,0.4676866150650999,1.1072645541344976,1.5130267001935205,1.018819788133631,0.74973535588199,1.1205318764654892,1.053472909896975,0.8447721988523312,0.9752801326242487
21,0.36943236976908295,1.2149533591758226,1.475710297757774,1.132991200597319,0.6160841328350843,1.167294142460328,1.164715886822539,1.0892331309900876,0.6544628787539434
22,0.5872160109462774,1.2944854999818207,1.0676022014068978,1.1458489632803346,0.8847704557439308,0.8568910174869336,1.232181515504923,1.0582910852855614,0.6338893774257108
23,0.23697366189172375,1.5513175258773741,1.3346552480532066,0.9190025376667856,0.9156164856163905,1.0348466383581976,1.5579477775730148,0.6360707176402025,0.934898340338312
24,0.797667770109127,0.7928629126354135,1.4298565313771914,0.689478388454257,0.921758725994875,1.3711188984946419,1.1959332348675609,0.9899819911548465,0.7203542062034471
25,0.8406581107032887,0.7991793437293802,1.3051433092723412,0.5109648298622865,1.1229229836742305,1.341622272445729,1.1559238827531217,1.3226995676092999,0.49153811311066553
26,0.6465446210120049,1.0426092873045671,1.2344280342595573,0.8634825634711952,0.7074510706953863,1.5591496336196602,0.8202158365497682,1.365412984670009,0.7922013593896392
27,0.5292013357332493,1.1402489422284148,1.282804986290749,0.957093766361045,0.6294520370984995,1.4483799978229996,0.5837378160746711,1.1679467726863657,1.1730042390001438
28,0.3848530801068062,1.5567398954772935,1.1862272261139823,1.0410394909354328,0.536547087859347,1.4936206055602925,0.15252372413907989,1.43084668335264,1.510549576954397
29,0.6747210398484635,1.2191710560613804,1.0225993693742468,0.7993240764378527,0.835100498769186,1.3159666273875918,0.5948735791606609,0.9775363953026042,1.5320963873547728
30,1.1194093400704455,0.7958958903146613,0.9693024495017138,0.7647549651190289,0.8126703620591385,1.4893346209156473,0.2606261036282114,1.3102643475059517,1.5639506120140434
31,0.995331990287282,0.6465043468538584,1.3095612479996768,0.8215651494965731,0.7558128821227517,1.4896676473374697,0.4244159380068534,1.2630121221661124,1.2881341739918406
32,1.0387389118824681,0.6971987357215143,1.166285770365905,0.5289918392556451,1.052251189924473,1.4755275330565407,0.5935695702632138,1.1908170133566558,1.1388284676277145
33,0.8376288148706065,0.9207630587060852,1.1250772708734658,0.9363760432672842,0.7210152011968617,1.2758697169101731,0.7058091764161103,1.3240841789383684,0.9261448216392079
34,0.9194422982242314,0.7919236923488664,1.1887864244236965,1.0585473436692057,0.7667906756171822,1.0574658139804174,1.217191488276836,0.6672067730816148,1.0323177205735743
35,0.8002862948687973,0.7941245050815644,1.416523691061495,0.9110214391431685,1.187237271939637,0.8011380444386478,1.5572495211127886,0.360337812365938,1.210736685310652
36,0.7450148419407193,0.8601226220922936,1.3850487679281076,0.9501367087145534,0.764316611944087,1.1862933617551348,1.5379705846561924,0.45794434128880707,1.1142115414875087
37,0.6047156806286428,0.9867581827395437,1.4318380996025588,0.14795632797393898,1.4664809085569628,1.46625319740582,1.5186212008552653,0.4518308451383686,1.1224370458963122
38,0.613572225484766,1.0339705663103222,1.3030425673319994,1.2288452150801907,0.3818321208672192,1.4075821307655667,1.3001259279643729,0.5365414658657732,1.1200238633483952
39,0.3308468585722946,1.2705009202064488,1.4361339379850833,0.4663950765224856,1.2223719175674583,1.2738123979547404,1.4639340428734857,0.3721026051585491,1.2158093130422756
40,0.7882983840841296,0.793648167468871,1.465006336905963,0.2059973376027208,1.4056857257181106,1.4487422484127337,1.483457705995868,0.42623155699084453,1.1547621225443876
41,0.8557806182543987,0.7273641741156204,1.4599054010105583,0.9250731638148811,0.7634545227947591,1.2233654996855905,1.033253445239962,0.6973656552685454,1.172746950023519
42,0.2503723636835908,1.3321316784816277,1.4965670162328537,0.5104216321814777,1.0606847957021983,1.5545375012919251,1.1036439861330805,0.870241724312666,0.9049069748058834
43,0.4091319488393858,1.2231580379912825,1.3639130859839965,0.5525773473061762,1.0411800213461528,1.4279289990579012,0.9225361193170621,0.8804630648031206,1.070713944887323
44,1.0874768998477848,0.6063687452056079,1.2346436144165933,0.2449786767942561,1.4057782900534024,1.3914011623141094,1.2691678911406654,0.47629537999572147,1.2140506697871818
45,0.8812098603016767,0.8692631235301884,1.1343432799248427,0.522336392482732,1.0493193076916107,1.5435389481884387,1.3420934464460477,0.5481706062374337,1.0823814520101152
46,0.8672836638032614,0.7186645697104206,1.448078140194532,1.175957070049515,0.4130029879321834,1.4559667346849168,1.169714427081319,0.686104423876558,1.0484292835058397
47,0.820941598898585,0.7630778482398826,1.4556481497708518,0.9043847971110917,0.666622304639744,1.556483420153004,1.2292624275416184,0.618403119926198,1.0778836473040243
48,1.0041009504829068,0.5715288685522268,1.504503803012248,0.4769102658093447,1.0938861684744245,1.570500233252783,1.343606495280731,0.48779925023162135,1.1472329971571167
49,0.9963649834719703,0.5745374781142936,1.5609558807779695,0.8614833900841138,0.7742643327181968,1.3136917411921967,1.4063510291568901,0.3575534981003453,1.2563010717485694
50,1.2353090159325235,0.3581121666631193,1.450242137898168,0.7822833642172596,1.0224441006070213,1.0764000331811985,1.018561527152226,0.7363529517191496,1.1380893059760193
51,1.51502358543551,0.11151663211659876,1.4743289749096256,1.0880955753448514,1.1936999085073057,0.6341462781264544,0.8770669590581356,0.7929728060866821,1.2511676617505236
52,0.8627712191099686,0.7389486383138494,1.3947255639769087,0.7958082702299093,1.091387300817464,0.9937199596149616,1.3875111542226508,0.3143871194274647,1.318309246900964
53,1.1602379064248405,0.4936239256577416,1.3125782192427338,0.8788916543028367,1.0804073232613014,0.9157313695845574,1.2724145408151186,0.39784412283103954,1.3156837520955473
54,1.2100078679063384,0.36163689000692606,1.5471089310721462,1.110885972718787,0.8613181045539526,0.9080135021966147,1.5115290249273083,0.328029010092705,1.2485627383638396
55,1.1129855457031634,0.520263243556125,1.3412650842450726,0.9629943857978216,0.6755618005860189,1.3131407449218215,1.5114997648993727,0.2844883040097299,1.2928945282381763
56,1.0705658079853217,0.5124215154322278,1.4689313770248182,1.086891563291641,0.6098873245270261,1.2301444771139436,1.477055453727781,0.3745916749615141,1.209254292675039
57,0.8491615469529391,0.7294916819649098,1.4823599191450694,1.16897587490398,0.739976742567891,0.9893183029282328,1.1664814636341894,0.4601820234446269,1.3632019780022064
58,1.3964029726174345,0.18645944654098215,1.505480462479174,0.9048666846585772,0.908742725911601,1.0583176503244247,1.361940377836706,0.44085834653224826,1.1886033975338395
59,0.9336313741481114,0.6453400035963663,1.482150120229262,0.922198500653442,0.671837557928227,1.4201836868806035,1.2426155757096655,0.47647322000908054,1.238417307266025
60,1.1291045902140273,0.4520828795801058,1.4806791374524506,1.0610910350494798,0.7231697714971428,1.1073160077395394,1.3896309877030653,0.40150646605925217,1.2166463755863215
61,0.756824338275669,0.814053150791983,1.561794572030506,0.9040546397444734,0.6911400838735978,1.4157573869925155,1.0434642919090273,0.6470962076987363,1.23238788987399
62,1.4951595151465151,0.18890665132711676,1.398027608319233,0.9738125621147047,0.9104972759863467,0.9826935042375176,1.1481570832974286,0.6105095783013487,1.1587107243944739
63,1.064266538330382,0.7007975556435021,1.132079961369928,0.9369961171594092,0.8346529367694808,1.1090751568992117,1.2696482746820987,0.4892771275187931,1.1976314292706594
64,1.456372283248022,0.4385368070530551,1.1494635246242537,0.5836968418555917,1.360493974477781,1.0355590663337793,1.4317102834402844,0.4677191904556745,1.127403573105242
65,1.3237861276833651,0.40937942515355147,1.251297971217348,1.0045007865211417,0.9284193522403074,0.9343555112301224,0.8114545615615194,0.9518187613697668,1.1205226889448197
66,0.9613472068918387,0.8113778852508374,1.1092669224624319,0.7116960329285229,1.1940639636125687,1.0007708746615231,1.334871245635247,0.568777747656327,1.0641594534699554
67,1.102529777708578,0.6411110350535939,1.1675271517946058,0.5497470132997323,1.5642942384864715,1.0210967642643014,1.244070169685442,0.5207724147174105,1.180785010831938
68,1.2555106837168069,0.4010192535313127,1.3314003445713614,1.1252698984421479,0.6266298525946303,1.1617631783297253,1.4214475515910356,0.47716363224054764,1.121324580244683
69,1.5141578568612115,0.15483742536071732,1.426845309544164,1.0245186503862327,0.6131040622540511,1.3208050239988918,1.3194974484865976,0.5272506343870473,1.1180686052259512
70,1.130798003788605,0.4401937726380468,1.5585214697533958,1.1059792672277973,0.5715777365929087,1.263144333425529,1.283629992695935,0.2925688359277746,1.51636827154501
71,1.1188566161934899,0.4533648900748574,1.5373077633744887,1.0519164821106288,0.6890297617209441,1.161599430226777,0.8032353823278083,0.9282497343805288,1.1609876779215722
72,1.3110550551999938,0.3654954735377438,1.319604231195355,0.849666942346386,0.8607970180394714,1.1884457306606793,1.0712276443039956,0.6226465819454305,1.2317395995735139
73,1.2391475832355223,0.38185435564862386,1.3885571363948235,1.1751993261760858,0.7133199703059727,1.0135655886342345,0.8720143096556361,0.8185756412484159,1.2180765008266412
74,1.081472545838077,0.4908642291579875,1.5350186094955305,0.935174955922518,0.9143535154405935,1.018694267030207,1.003854789103153,0.6586555502027478,1.2728382413744608
75,0.8015231405701136,0.7741365221436693,1.5010153008571594,1.2678346702993468,0.4528502242721254,1.2450321879913715,0.6635432792032533,1.088510104896461,1.153538146954654
76,1.1850902934115524,0.6252948795483708,1.105797379802224,1.334912747740128,0.6674929534265099,0.9603804238544964,0.8285394502705519,0.8945387967334788,1.171190801436387
77,0.971823237791261,0.6129986876868608,1.455949605108089,1.5450204687973814,0.6130110454458344,0.9584912422866683,0.6392512246136779,1.056113865869706,1.2270080575456506
78,0.8417790744985573,0.7431270579886293,1.4520236605104189,1.369486541938628,0.7206749101844989,0.8906986196624447,0.7920549556098898,0.8488876032838468,1.3030808984337299
79,0.9026860998253398,0.6995550386323517,1.3944030367391609,1.2543064031559508,0.8354497366912297,0.8323649971035612,0.709732570779845,1.0143636125674433,1.1791975280095353
80,1.5601862415043688,0.18737089464866594,1.383733213354208,1.4771317324516793,0.6687311934588019,0.91107599848554,0.7912639728002877,0.915868154711498,1.1947638974456443
81,1.1851294903386878,0.5206593999310828,1.239256957592774,1.4536047103535015,0.5689278336657169,1.017037840803281,0.9383394114280372,0.771358454177738,1.1923264657309374
82,1.4321793039270319,0.3340169057585904,1.268932397216024,1.2661139543824889,0.7763474460824784,0.8851019491844639,0.5891316679187708,1.124483688218891,1.2133473555925154
83,1.2706716279106436,0.4501204121494441,1.2459142747719119,1.3141451095458179,0.6434262458464597,0.9960859872955654,0.9613868055146902,0.6622079290954487,1.3442993415275672
84,1.3295374149019952,0.5235280099386946,1.1161430819377307,1.2865062222978996,0.660329581745645,0.9938167985997115,1.3503460959673037,0.2856577648857829,1.3921149336683727
85,1.1429739613549124,0.7303140651924986,1.0211428165578142,1.320738761613561,0.8148286200158921,0.8172425419801229,0.43109653322378827,1.2957221578062912,1.2476541221233564
86,0.9324348275539129,0.9429171701975825,0.9913171525023211,1.1245719605163926,0.8522844415816854,0.9061272566222336,0.5602448199936512,1.188788024509439,1.1824093328179168
87,1.0917915848383688,0.8813928576239023,0.9035128690351703,1.5033838410093683,0.7465834046567232,0.8287658677849186,1.0810716433658585,0.6717910332380096,1.151012360573366
88,0.8148668213274435,1.1700514084619535,0.909395050687568,1.3893482477556436,0.5469682019162303,1.061238328423745,1.0253869436491585,0.7970989293688892,1.0558094420579676
89,0.7782259803479881,1.2642098926202938,0.8843006655743133,1.1798493180921588,0.7439387196015271,0.9766496141701866,0.8574564575098844,1.0695437422817777,0.9473075548587863
90,0.9076732806919734,1.1340990199937426,0.8433537515480166,0.9846059191707759,0.7275423768994213,1.192730150913851,0.6178970521826136,1.2999259720079122,1.0311538292730251
91,0.9307223390650595,0.8540344098091419,1.092669407627797,1.295352103260626,0.5525629919721485,1.105252698056395,0.8269709124428677,0.8569114396636455,1.2282898542275125
92,0.7822661905751489,1.0600395457913243,1.0381157635804228,1.1277151730896415,0.702421933786105,1.0663524233726809,1.0075413044711532,0.6806253808321855,1.231296918125221
93,0.5644676362692214,1.0087580909172382,1.523943922812029,0.885950392291998,1.052369150780034,0.9332002023696376,1.3594234209290563,0.4749811003987559,1.1523328337398404
94,0.8635234545059546,0.764941240487893,1.3289534142328476,1.0394426015654772,1.2618037005506946,0.632236125707091,1.166142197351298,0.5420313486888418,1.2309310125351052
95,1.5682936265806864,0.01962851034289675,1.551328062182994,0.8440847734125949,1.3684681907720666,0.7672233184710295,0.703659716978195,0.9661406147342224,1.2566959020815662
96,1.2873594708489713,0.3557903241272967,1.361604347754298,1.0043677234873731,1.1813539619311122,0.7173021380296938,1.2776924061140205,0.501638391199542,1.1762556514746876
97,1.2700892176821295,0.3007194587453479,1.5681529053975305,0.8929110468457472,1.3894056975507798,0.7109806996298949,1.525677891672,0.4283020687925937,1.1451927901995627
98,1.278498443315797,0.4392545945518239,1.2527004694862298,0.9653301141779546,1.447500976276478,0.6215318749014953,1.4171829908303026,0.3950440275864221,1.2098881610461238
99,0.9949750795102215,0.8914087971321236,0.9816895552950199,1.0413219192626264,1.277041239777264,0.621418304073856,1.421162416990606,0.26446822032130085,1.3543923810862515
100,1.0428286402134288,0.8485796935704295,0.9811393862493807,1.036578657954283,1.0934660219695227,0.7556897177329548,1.1907715937340337,0.4620681777906514,1.320941955212323
101,0.7947538397207569,1.2467565790796855,0.877948326165213,0.8543192731224528,1.3214251896144524,0.7776023595241146,1.3409727619629892,0.32221328805308197,1.3490229567813794
102,1.3836969204112042,0.6327513763818384,0.9747801924371748,1.2899501486807443,1.4199472935674906,0.32075904214499396,0.7037639899072669,1.0613919626330375,1.1314532843938856
103,0.6936721473111941,1.189289090205214,1.0242092629070498,1.4772961768321429,1.0904564510904289,0.4908984406223266,1.5573050791939131,0.47420451339749564,1.0968158557908099
104,1.2012898185955811,0.5777173528253938,1.1487349081164833,1.3390668862877593,1.3232471247163595,0.34248854827903974,1.5611769360048489,0.33700888034552023,1.233935728025067
105,1.176022151917714,0.8068056158246867,0.9133046965777789,1.2570012623387397,1.0138457816300113,0.6587435941856105,0.8213478514330194,0.8828777585425057,1.1978158450645693
106,0.9150448538712821,0.8959798932280263,1.0613078888080505,1.227800550898215,0.8620002495362978,0.822233027270595,1.3891725980555385,0.5541816425193304,1.0537925385987308
107,0.5491759591655779,1.3842923231612083,1.0610680210958638,1.3426581857506557,0.9118291444187973,0.7111883335711398,1.488113667166446,0.4578289621190865,1.121627143931221
108,0.8104712756033708,1.1627642001937066,0.9193867074794481,1.283099957547619,0.6216761428579933,1.0372344442730819,0.9808032114589965,0.7084220246345156,1.226709525065749
109,0.9349052181794932,0.9429529667837446,0.9887048547508491,1.359633019775585,0.6648479788072035,0.9517679408174161,1.1070075795367118,0.6861839374180959,1.1054974532328776
110,1.4558620588201663,0.9576825447758742,0.6270193292362835,1.521092288535068,0.8817983341556657,0.6915118273882033,1.5606004903894284,0.3746095789324945,1.1963394031950991
111,0.9142013552786084,1.2370653626752341,0.7653118123843862,1.4712078084165954,0.6161070865242213,0.9652091065633268,1.4389032661095629,0.4880305095624999,1.1039562241355556
112,0.8028961577706278,1.5237159250485974,0.770116288356278,1.1321903183536843,0.737334838195676,1.0225287034225243,1.3182633187138906,0.6967978568251709,0.9383380264816378
113,1.4250540127836622,0.8446405159465412,0.7473484692403568,1.1558547342361378,0.8104523231199603,0.9246673711284339,1.4944692240303532,0.4749369068179422,1.1030455304920723
114,0.7104894884546278,1.2441272063233446,0.9669613246589793,1.251364366192493,0.6312609596939633,1.0475677939544514,0.991578179377465,0.7794553799279289,1.1141309052989765
115,0.9796704885742067,0.7297057726586729,1.1962541192305673,1.0166764623368303,0.7001948829038122,1.189715809180977,0.9051210637093965,0.978121280577867,0.9840118315261541
116,0.8870662020428054,1.3426950878517923,0.7354804158560734,1.3736383388846307,0.3239631722410846,1.3171649189101282,1.1396951538699607,0.7135821637621609,1.0428044902665659
117,0.5835470648470907,1.315647164043296,1.058956400002524,1.3350199351324992,0.29255379160208805,1.4008473538143318,1.246403355062914,0.7161038583647982,0.9595625651908513
118,0.5820465751858384,1.5476862421809463,0.9893313036680412,1.1409887750895424,0.4324756893304568,1.5257700574934057,1.0129395852665046,0.9018555618254743,0.9533638796484901
119,0.6341703425797549,1.0524534695132604,1.2398167709682295,1.444754124422431,0.16576951352793096,1.4636989744269333,1.4896251841779171,0.4849134428619633,1.0938981640631926
120,0.9124769516481367,1.0564927481851685,0.90275135819984,1.511270116305858,0.08220700591807867,1.514165748854735,1.309688419752747,0.5603739771477768,1.0876130884346789
121,0.5899969801006055,1.1055221707150613,1.235566427306954,1.4986925461906826,0.21941456625418987,1.3639338533137608,1.1906131265935456,0.7196394152108946,0.9947383399435896
122,0.652827194745489,0.9636463919381234,1.3607524138820617,1.3692047211779128,0.20393108672235175,1.5404120142219146,1.1168148237848725,0.8388277643833854,0.9262493703369321
123,0.28748033015240604,1.283973879190791,1.5518903234926498,0.8996828154500747,0.9028649201607674,1.0709954666804478,1.1010909777491724,0.747791506878583,1.0385103404077773
124,0.5955563816902955,1.0793597232134975,1.262620218500608,0.8783618050952456,1.157140838904179,0.8547626706850536,1.332452929925765,0.7203352610759977,0.9072192707758225
125,0.5935159454749025,1.0553584854716578,1.3033720231349868,0.8923880763105266,0.9104355927047355,1.0707194252440089,1.1956525975545638,0.7823887593176019,0.9244464633339099
126,0.32581458830582977,1.5183471352177196,1.2495407484561036,0.9527218715144448,0.923312178099169,0.9907311809341743,1.0760009010252944,0.6834012833011985,1.141530812900388
127,1.109036103375045,0.4689142654908098,1.4949763785572352,1.0830563214497206,0.7179599501217697,1.0909044853008072,1.4194968109580486,0.3968172488169983,1.2069369066362035
128,0.30266466578651274,1.3985331029390384,1.3244677720473668,1.2893618422860365,0.5028549438156218,1.1659777206466173,1.195286152903689,0.5738791450947425,1.1589656009670473
129,0.29596077859953457,1.3633700004767908,1.3627736525902094,1.49320712750832,0.4249068317741037,1.15394521309544,1.3528569645956459,0.3967569422200583,1.2447746169436356
130,0.2762044325196359,1.3401616665573424,1.421539541400446,1.3325951600923553,0.4362622340379102,1.212649497218906,1.4047166408425602,0.42977117409632026,1.1783356235314801
131,0.18030258489987425,1.4004879268844765,1.5121738281065524,1.4854590082060453,0.5422914026295157,1.036758388979042,1.5433061098704868,0.553581800397539,1.0180595764716034
132,0.5493439486424643,1.0564638714252983,1.3949662125083209,1.48459876882668,1.3816675223312214,0.20827998497919079,1.2871523268848317,0.43951812057994444,1.2445166402191532
133,0.20359441083816174,1.3902881078045009,1.477654950188717,1.4955650078506464,0.9661461682909587,0.610675991782504,1.1633015527713673,0.6469514448651907,1.0993766706157293
134,0.4659605398466433,1.1170454766038143,1.4720882973582259,1.4242865268386808,1.196135994521697,0.4049797208323034,0.7759945105966911,0.962899653981386,1.1533201731717089
135,0.7179317866704901,0.8619005581027249,1.4760904844944263,1.3536452887319024,0.6537414248766744,0.9658486520570636,1.43718053294738,0.40273010763974293,1.1932979730968665
136,1.534650061688583,0.23191646349885406,1.341816303601537,1.493216571879926,0.9641330959186161,0.6130600013772256,0.7504706841466565,1.0478771179663546,1.0878127595719664
137,0.5533681562626751,1.0730836345817711,1.3492573745297651,1.3576988404492656,0.9951405975463974,0.6236753443910058,0.9186456882457323,0.9590109293853916,0.9891713904144245
138,0.27149644180975824,1.4602569116977175,1.3238610215935107,1.5051236912008117,1.5540980207754105,0.06776822213099074,0.4269574761751079,1.5322183540940657,1.145815472056896
139,0.37972830444239286,1.2285994860828755,1.412670339296733,1.3748541650932944,1.0502754990108318,0.5634216281004641,0.9269122834349871,0.752206835562711,1.2384198704274296
140,0.2968467982493909,1.2790927950847144,1.5173358400580912,1.4314175902701312,0.9835167602473885,0.6080274543308279,0.9632808476201503,0.6865297643825209,1.291633041492557
141,0.19408834551133206,1.4545375625273835,1.4160879838205327,1.324532491572751,1.0515019022088368,0.5858546971118843,1.1320138343192192,0.5235645358416385,1.3040471791180974
142,0.5084178324031303,1.1090543824051764,1.3733202614246545,1.4095140239054555,0.7273961376524054,0.8694527571756139,0.8033400969060097,0.9197307966469683,1.1721728710342638
143,0.18811399816156854,1.3828057225517967,1.5640640694520744,1.0512344237251234,1.3248296006244697,0.5859524859844729,1.226605478501878,0.36755686851321756,1.4469472965960704
144,0.4241104896663625,1.1478229194941147,1.5416018477994,1.2947724692717697,1.239557727590482,0.43819886226685517,1.180791592240907,0.47009777351174653,1.321988538575542
145,0.51151629131686,1.0755511153221122,1.4532648312102057,0.9762000960271561,1.3905270851648395,0.6287919080271658,0.6617051643546477,1.1276918529278872,1.1150185941212134
146,1.1665468481009633,0.40631380068395606,1.532109003976289,0.8817740334645698,1.3692062370407296,0.7295932197038623,0.9294887199496132,0.7455117694875985,1.2452972974467442
147,0.23314636971958225,1.4455138818122484,1.3752178937474755,1.3617644946730048,0.9503775105529982,0.6653064764865716,0.771825219862631,0.8536016121626743,1.3353440672574552
148,0.9396636288892969,0.8774952455621869,1.0548447530350158,1.396891585980974,0.7486515573481968,0.8522499101659466,1.2605353808874473,0.4952623774292996,1.1979926277450332
149,0.7627931156599426,0.8640119298429771,1.3325555268185687,1.541889831969939,0.5172126057521402,1.054556111480943,0.9890168430487433,0.7347236771196867,1.1766812465515923
150,0.9762048304469493,0.5963584261935657,1.530276165761139,1.0937945948629568,0.5767120605040696,1.2722179381421725,1.1213088641213385,0.6318376302748587,1.1592133788515202
151,0.7151069649710555,0.875698595949536,1.4297932470552521,1.2318949656631353,0.4008708895760276,1.3650236102184106,0.9158386556190236,0.8554770332458207,1.10863090773341
152,0.11523380234645161,1.461633897137314,1.534032365569474,1.0285335761834529,0.8125422371005906,1.0348176192316165,1.5629882410615912,0.12386535631419437,1.4471798443510715
153,0.7317477157336246,0.8717802552985261,1.389794451969975,0.9610061974065496,1.1652493485621611,0.7690224476477691,1.2140252070449724,0.5162332001451366,1.2144887712360688
154,0.9481025285631908,0.7036257088110717,1.286928506373924,1.0966347595362829,0.7874486712340709,0.9981901515419354,1.1137315277863358,0.45839606073868977,1.5383024274428823
155,0.9991257730446146,1.1050992142022082,0.7797619942872401,1.3898027046620702,1.0783463777823445,0.5304186742205065,0.745152691682209,0.8361189723176511,1.4684815532950952
156,1.1184926996994757,0.8787315076227589,0.8842514384841819,1.1114296338691567,1.2304983570810748,0.5883222178926025,1.535157325639152,0.10275866004269324,1.4744567923822185
157,1.083628348772541,1.2349639519995443,0.609542779073779,1.1328896547905212,1.1446525076148715,0.6337670610402358,1.2751620387042513,0.3197500084618867,1.4525378721440187
158,0.8715159107088516,1.1921792758289618,0.8364247314748792,1.2087203515216154,1.1312656263039396,0.5867450502217151,0.8499622780430882,0.7224451025558136,1.5308110248035394
159,1.0635234188491691,1.1611165869389657,0.6792551905857696,0.8525760315191052,1.0243720470511872,0.9944839380602593,0.8360996554995133,0.7380985088996337,1.5125783260822927
160,1.0231176402365167,1.214547152804308,0.6773288174905397,1.0672480095187058,1.354282604478648,0.5564753362530533,1.5137144916004999,0.06753843497098748,1.5347370175873007
161,0.748021942400201,1.2107848815027247,0.9497900609320834,0.7480196338105112,1.2542468596428595,0.9213104886551574,1.2521454856952856,0.3415438031666614,1.4520337797111957
162,1.068541297240801,1.0263843598918863,0.7853834041199333,0.8569930747472886,1.231937952865623,0.8245845685814878,1.5272893101136678,0.27482150575848424,1.2996177420985828
163,0.8107432691722187,0.9618052650660266,1.109522616855167,1.3958549710331414,1.073114016306678,0.5330109863100583,1.4834822101638983,0.16194998659769813,1.434749242301574
164,0.5115589500457084,1.2334218337910805,1.20181652817109,1.1680424880274771,1.4481676398413428,0.42310879980773947,1.4547372217789925,0.1430975976425917,1.4874641716767338
165,0.5074164995894553,1.437728545901835,1.084384036839596,1.0849795386763512,1.2594106130613032,0.5925435782947098,0.8022211229323594,0.8043385748185483,1.3805592592207794
166,0.8384785163555866,1.3245962021951243,0.7918172847251989,1.0099413296118043,1.3279205724071903,0.6233422494900485,1.5257727894357995,0.09821241011122096,1.4835711568604204
167,0.9808836078178697,1.014827569447688,0.8738531024065125,1.245889272478999,1.2880032582299377,0.43784251857279766,1.5612871705799771,0.07459170816621233,1.4968154638694273
168,0.9034809283440403,1.275498161991792,0.7530831319736134,0.8267514239810145,1.271088451895065,0.8313238983457718,1.1675790160843207,0.40848813242831455,1.50892026554766
169,1.2337224778114138,0.851894580005659,0.8285314396690582,1.1439680375407524,1.419719860263837,0.45614911793865826,1.4649933067378875,0.2725277278749144,1.3206098335941587
170,1.1259236320741215,0.6763190026137118,1.0989624298443825,0.8709025891675436,1.135048746452722,0.8790143714997982,0.9047312300366346,0.7391607069458415,1.2990776859441184
171,1.0235011836640586,0.7666420784558766,1.0942058631921765,1.0032201770595008,0.8222718241346558,1.0496982959444316,1.256357438281568,0.3449397401236559,1.4336823794252052
172,0.711195279883195,1.1933966442772133,1.0018192704190643,1.157905037550488,0.8224164338897487,0.9107311434212996,1.4449775100105333,0.12719498938358687,1.5522348873500225
173,0.5017907353343394,1.4585859392857685,1.084017904448354,0.9589351924714389,1.1034661996215063,0.8183021353229876,1.254092960750867,0.3228771719353306,1.510055872139121
174,0.816216279663098,1.2169751111092808,0.8751322310697311,1.1601666951351675,1.3633206599453365,0.46587146801128576,0.9600218534318758,0.6420861846540363,1.3974840756449067
175,1.211409519304261,0.7341946573431405,0.9639778538271757,1.0299064683276653,0.9887929060946999,0.85289254061253,0.7370705925982768,1.2785623825048902,0.9182036769505502
176,0.8539130043515623,1.505026741429927,0.721241036716432,0.9753984284011157,1.0326124061213529,0.8629843377940024,1.4825379240410688,0.4569254245638523,1.123758433315547
177,1.2807251544848606,0.941138497091155,0.7137264597308277,1.5075994231649148,1.4339080745454615,0.15093929127932432,1.005554691749552,0.5719508378921667,1.4926895615089373
178,1.3919062554149766,1.0702061911832497,0.5373561501442918,1.2614256830208888,0.6968590661909111,0.9703604161813852,0.703443251477515,1.36257553272496,0.9110375252013674
179,1.2163384499630132,1.0727235480810253,0.6316833050839026,1.3876366855324975,0.7234359307964564,0.8809565672935613,1.3869488057558412,0.18949891818908635,1.5253798099710503
180,1.3890419677399533,1.0867865105595957,0.5226820160718726,1.0197500668434236,0.8959517478803324,0.952999074921585,1.3930862743887613,0.2038946755084913,1.4718915091096823
181,1.0926577361659258,1.0144834681681698,0.7759606822557702,1.5203836404795212,0.28407502869501466,1.2914760015537277,1.5455184604619008,0.09639689537773,1.477792615712124
182,0.9485534041550202,0.920117727884239,0.9984130720164746,1.5456830379409299,0.8321680377607293,0.7392615649106096,0.8739330678905982,0.8961546719417577,1.10974636449713
183,1.2405384725317117,0.9574994295772468,0.7216647005574943,1.4529562812746526,0.42677837699577853,1.162666450576319,1.4388187371410017,0.4973089047717068,1.0944297886553505
184,1.1856922535647771,1.1134590416008956,0.6184036532067483,0.6614763581187331,1.0908622841624556,1.1536392826014665,1.4780820803591805,0.3668833573433441,1.216900787087105
185,0.6062542461490185,1.5542119715128233,0.9648357766407488,0.915603249398934,0.8406014605077823,1.1276836166293371,0.9949610502203736,0.6331982508854039,1.3371138802456835
186,0.6763782907226349,1.056571050335387,1.173215691435693,0.5691912954381118,1.3793746199604515,1.042279356982677,0.9684599652884924,0.6681625923734081,1.3174249380925311
187,0.7385235188715613,1.1291122356091896,1.0238668487795703,1.234221061164791,0.5449294283995976,1.1597905986748214,1.48482860788142,0.45368135238473906,1.126542050586366
188,0.8435936034330759,0.9517206386830627,1.0809800080575727,1.0634240440203089,0.5435063071575595,1.392791542661383,1.206981084428425,0.3893687610736377,1.4382121220762634
189,0.5218824865704083,1.275975954961059,1.1537359777995984,1.5398163891204915,0.2342210052026061,1.3387093705188853,1.3913489972866167,0.27232692975608175,1.3681931241392837
190,0.5909681499029544,1.237857688548176,1.1026380697407054,1.1762284786164543,0.44105404798513514,1.3840599494494656,1.0175501613304971,0.6811814060451064,1.2163836173233031
191,0.4179180964173701,1.4000969123880371,1.1932954411071106,1.483924864193647,0.22728894029353597,1.3613031867459464,1.2135519498975564,0.5126801681266663,1.2196494842768448
192,0.3640701349867246,1.216736376890579,1.4895505285974537,1.42127354217699,0.6275508467476464,0.966779650279984,1.048866891176034,0.5819191572943433,1.3373030960479815
193,0.6444488163448966,1.034095744210335,1.2499150684578755,1.339315707828805,0.5978430561403245,1.0309736669231186,1.415475528053188,0.4085000402453378,1.196225633866877
194,0.6867973852849915,1.203178402862946,1.0211651079902682,1.2806768711240413,0.2904632757553851,1.5570631171801381,0.6717408640208067,1.0568569765322522,1.1792433410069776
195,0.7746527913639211,1.1818811567001566,0.9424958575970993,0.7118797106350662,0.9056727660290464,1.3549652656153672,0.49333606731331414,1.17592870799885,1.2909662965637787
196,1.099068626212402,1.0914966947148526,0.7042113997953866,0.8699608587224374,0.7942434078791791,1.2608924563486565,0.2879936749146445,1.2833725796031084,1.5531844503163608
197,1.09529315605704,1.3345282614793974,0.5400268146688421,0.9448840237811973,0.6291906221621704,1.5149434318092956,1.083118718158249,0.5666417209635819,1.3058031056543953
198,0.9937418840488419,0.9047680147963344,0.9688828159695256,0.9371006864355108,0.8784773813942608,1.0565692427432518,1.4165806548374078,0.592521227693194,1.0040215055116506
199,0.8305605505134691,0.8368905994444121,1.2549211573545431,0.9981447901320304,0.7937961196588568,1.0889157141632924,0.5714924158944472,1.0255608144565662,1.4165837960649703
200,0.6380022954506351,1.085331459057832,1.1916478431782562,0.6981431468421598,0.8811480264926509,1.4792744485187228,0.6524012117137871,0.9226554044690073,1.5066771204908214
201,0.7346540182417655,1.2958986725896604,0.9110581422186518,1.3930339962934144,0.29222075791113694,1.3413644549344523,0.4589451503676898,1.1241540447933667,1.472252445465232
202,0.9068781487417458,0.7213634773829437,1.3309565494757167,1.219932033962115,0.4192867747991995,1.3508494154103574,0.628716154968985,0.9915924296454001,1.3539995171731283
203,0.4295813262491007,1.224829742732515,1.3265676051445108,1.2861979555757457,0.2994852174932959,1.4800693339437694,0.893031098208899,0.6899003774721324,1.4615592265803805
204,0.6849388978996195,0.940026364640734,1.3398594426391544,0.8775516629272921,0.7016685554085846,1.479599483648482,1.5105626035817223,0.38891289392564193,1.1870748471517056
205,0.5484186949483165,1.4092524608568424,1.0519175001846996,0.876284356455687,0.8015041251615129,1.2383804601710393,0.7677248741186313,0.9453833573182971,1.1878766119486994
206,0.4418064883022156,1.422629598947564,1.157882462529602,1.1997101437602171,0.4097285954928595,1.4051396767849202,1.3533973474795742,0.4041128159691999,1.2358008896459136
207,0.5013456594938236,1.5671252778315576,1.0694666553480139,1.5009383790074742,0.07140605820923594,1.5560321335083787,1.1641923581307128,0.5966573930654805,1.1602412276330025
208,0.6095508901456896,1.4771243006434538,0.970597316376501,1.1317386019566462,0.5614812593522364,1.244417159646384,1.559890683001965,0.2420125956467411,1.3290394253847473
209,0.372117621339587,1.2350813336932218,1.4163541387683236,1.2071970180557194,0.4004994611153754,1.4103435087845797,1.1990155521746595,0.39120572978523477,1.4546760858382222
210,1.0104136403315132,0.5879822837320018,1.411471763714344,1.173327126355528,0.40257336787579734,1.5102478418593368,1.5319807278067834,0.11421811609669075,1.4634302340527277
211,1.0333638426167355,0.6520383286476708,1.2389456871926485,1.245522911695887,0.35729760325496124,1.4281970762007332,1.2926931328241686,0.31716695228555936,1.4222685786033562
212,0.8711528306623663,0.798578500612827,1.251531223814443,1.231677852440055,0.3922988005872303,1.381238822732095,1.5067777049014892,0.5110363512178346,1.064571237732255
213,0.9661905732296282,0.7950176025052414,1.1242496687946215,1.3616017439238328,0.2508313229824507,1.4344322835488996,1.3645590594555086,0.5097965577969099,1.1119038566548118
214,0.8952004703354632,1.1552352497902196,0.8395585089885643,1.5456362098643617,0.026533009155558316,1.5623737889799083,1.5057414611472835,0.3050807853781848,1.2731708273648756
215,1.069570092501478,0.990047091315922,0.8173187016410165,1.4958304188233622,0.34616793603804485,1.2335114813969272,1.2993073108266489,0.49177557536963085,1.1716259725334524
216,0.8602304185412991,1.5395451314285307,0.7115531187551952,1.2784100512422911,0.32383849717981544,1.435569585640117,1.1826474903379416,0.6560576502747258,1.0719802452602196
217,0.9554633713149785,1.3940905296491657,0.6477628112214338,1.0945388500329463,0.646245381432474,1.169671577025118,1.4103491606702045,0.5526653089599729,1.047131332778902
218,0.7047959637342898,1.120934763265605,1.069833118220593,0.9250077493398887,0.8038600067278393,1.164404471027816,1.5573127919175942,0.2796203643913879,1.291518808190293
219,1.3865917133334362,0.5894594540918425,1.0182338408060176,1.4735991372427242,0.33127866564743114,1.2551428794666033,1.192702031903522,0.5970715542853753,1.13287760440862
220,0.8196027658432933,0.8964415473190673,1.1811270199547823,1.2909256148166264,0.376363897229415,1.325904168026795,1.497090415927156,0.3805971809455632,1.1981269052466288
221,1.0073282835753141,1.1754642399772965,0.7188003161104191,1.0141568034307655,0.7339650038741384,1.1464487627283415,1.3378892628974386,0.5600289917688132,1.0719093139750056
222,1.104377001811263,0.946598989985774,0.8292536515130303,1.558089768859907,0.10850410767544275,1.463044630068332,1.485426819808087,0.4878799512186593,1.091748793076541
223,1.250879617884847,0.9339939217667714,0.7378107392572052,1.4169194395203946,0.3310707053030649,1.2800658217758716,1.52166199043782,0.513238605498048,1.0603823168140614
224,1.1144660131742392,1.2469100938153739,0.574679247082492,1.4262052298831893,0.25987128592887243,1.3564015137914267,1.520079844409527,0.5275648348320398,1.0461905675932028
225,1.2948024064529362,0.8089447358253917,0.8362057755875342,1.1455266845919434,0.4300417918817414,1.510744518796043,1.4145679067057095,0.4030852782584838,1.2024434149531333
226,0.8712397372484215,0.8400195295038954,1.1873954658230583,1.4319660657071862,0.2347568125076049,1.382725854452614,0.974819827938724,1.0258116029574589,0.8696165663364946
227,1.184980251298564,0.8980986924603129,0.8152805446642627,1.257354934028198,0.39027286072941403,1.3460521895548037,1.4121081096642745,0.5469038276232425,1.0524377218095695
228,1.1076710196092923,1.2395864547625501,0.585439773698311,1.1137781664893183,0.4662699753789267,1.4847889688469016,1.2554870594704282,0.7365952818844897,0.9324007790975521
229,1.145039481330029,1.3529617205797142,0.4849190880018376,1.3547576681288747,0.22259341581042066,1.518010136952927,1.3432248047785986,0.6742801512453825,0.9494313070448618
230,0.8119811404996244,1.146131682949872,0.9306173147399156,1.1190051169210284,0.45694990036096245,1.5069658580761536,1.2166322678332797,0.7601414198519695,0.9330557547817234
231,1.1542677039133442,1.0654698110597751,0.6827158326289042,1.4490167535497427,0.16515661466914403,1.4597871365557633,1.5213934274221461,0.3430420839337619,1.231621982641201
232,1.0801055152420753,0.9359121581773631,0.8594805651329163,1.3400717248587897,0.2939359853016978,1.3919605875763128,1.5142956649262351,0.40915013363762176,1.1660327498273637
233,0.8504985867138644,1.132060125102282,0.9019865495035964,1.294770819548797,0.37694174053944957,1.320799428828834,1.4566333961361295,0.46248897477946105,1.124763488424929
234,0.9226366573752134,1.2763409507326615,0.7340128872815783,1.2818552307708944,0.3583067866420827,1.3649102539178182,1.3179634525241006,0.298960414198266,1.414688994349778
235,1.1860420696161067,0.9824191542323042,0.7342206052730521,1.462569603976558,0.4394245650727125,1.1467217162652037,0.8675757808035256,0.8800269317277981,1.1380427042872931
236,1.033789675212675,1.0276907083097004,0.8141934987534813,1.4246198923169957,0.52148887146809,1.074237991903746,1.365151422341447,0.24256197025311524,1.4439878356073643
237,0.6829944631107835,1.1161703851211464,1.1003348102042214,1.553063226306181,0.260622653447261,1.3108058048717375,1.4169949291665447,0.15588214626829333,1.5456118701357962
238,1.0587111526862798,0.9561356199062953,0.8583138188376225,1.4299345067503992,0.3769577391907779,1.2235954337862627,0.7706124443809899,1.0333503301031324,1.078822612442404
239,1.146437772667275,0.9527018042034281,0.7907259286247816,1.2830574566834576,0.4455617699045169,1.2404816139511086,1.348217296344257,0.22452145338891716,1.5418127665934136
240,1.0690908505675838,1.0574864699278987,0.7578127889021827,1.1667612107171652,0.48013824602870103,1.3258661910539848,1.1093343823925423,0.546495415945904,1.2994684411674318
241,1.445046616302629,1.1191286101098474,0.4713940699032503,1.177630379460139,0.42548394952600743,1.4165782136256193,0.997496626568225,0.5809456624557808,1.487079873932538
242,1.159944530428963,0.9556780078413893,0.7779032165292249,1.49638212012957,0.3155532886023532,1.264734501820012,1.3365233147054978,0.4054738626725894,1.2462113580863523
243,1.32243210727986,1.0133082181984607,0.6228789657367961,1.176815141103376,0.41886193715495906,1.4359722910666985,1.2552252461644355,0.31879089581406994,1.52709873567773
244,1.2562223941592088,1.0424423805166119,0.6329100175380185,0.9027458597052687,0.7256116029196197,1.3305222325936772,1.1731532653978023,0.40552066865594655,1.4954367299207951
245,1.2493067655715904,0.8377688149977578,0.8330387267275425,1.234174885122637,0.3601099141529914,1.4477197939092052,0.7258176865055075,1.1908786127451036,0.9878497554932196
246,0.7835710734279171,1.1492528273333915,0.9580557356123204,1.5280088705722783,0.0541139618498678,1.5376871938447392,0.7193093295088497,1.195047649077532,0.9917708886646958
247,0.3575253705393125,1.2832290310739995,1.364321249308957,1.1839532317319936,0.4519746893019078,1.348948965033959,0.8594487731528775,0.8258695394364783,1.2260628425734454
248,0.8615892503803552,0.801591761288426,1.262475633381905,1.536611176376336,0.2505009291990694,1.3227384498032677,0.8436716810660579,1.569752880505328,0.7271257419451082
249,1.2779345540635327,0.7595170166937556,0.8954992174552403,1.3342203271480984,0.3290594474384032,1.3464417272442581,0.8303062705835036,0.9635171516019249,1.083529272178319
250,0.8590020427455658,1.0708396452806463,0.9445459107275649,1.535184044263142,0.31356374655897007,1.2593993457941361,1.44686554014531,0.18009826821860042,1.4407930818592154
251,1.1129766185610177,0.9022426123239194,0.8653122674663549,1.300487467481445,0.47095256880743713,1.1951869089533576,1.0781186016986228,0.5076248014514472,1.4584014425157823
252,1.214364308386232,0.6306437181513406,1.0754430385050233,1.510863465166568,0.28422571257620033,1.293306275114744,1.4762256646047274,0.10137144158200528,1.5344009555307152
253,1.1930299065194945,0.5757389588960392,1.158755817644064,0.7480385392973837,0.830295688899288,1.4840136642512403,0.8641498108719896,1.2057485890936297,0.8344952116973998
254,0.635052075961685,1.1639811135648626,1.1129976156667487,0.8102011298296952,0.8413836023273374,1.2828232327353135,0.9368257377689192,0.646448310157184,1.461238172246391
255,1.0237025155988466,0.9044097058093075,0.9406034564766461,0.8892537884901066,0.7292728595868164,1.3520232618952226,0.9711927911396051,0.6035320958790575,1.5102117033025204
256,1.0168782956206526,0.7685033554932031,1.0991862287331018,0.7152997443195658,0.8597921637049817,1.5055518540373778,0.6306670398996376,0.9536429619723176,1.4573517298888352
257,1.4331764922469277,0.7436553258861575,0.8460612005584563,0.9545493959406254,0.6391445628511261,1.4227220490841004,0.935971482780764,0.6403617933347253,1.4979531128427126
258,1.0656945778393632,1.0455304767804416,0.7709970971427872,0.8991249796249738,0.671803766568706,1.5594377057080218,0.6020723348884817,0.9876147009834774,1.4381084584874622
259,0.7362426295481124,1.2474151991953353,0.9378040963620736,1.061268879537981,0.5129942444958097,1.5163760341159218,0.9273508622740593,0.7164381854729671,1.3004732446371112
260,1.0844960665954801,0.9879005664006395,0.8068168797388375,0.8081530262777398,0.7647630702728979,1.5247607999883068,1.2699727092639237,0.3025850760437168,1.5391754992714641
261,0.8384015544564687,1.1130393255631152,0.9298015040015212,1.0748934242155948,0.6477325162255234,1.1906878294019168,1.2473195156691281,0.3238611866298256,1.5555706460449887
262,0.737909413150882,1.5399663736297355,0.8338414877850486,1.425742232117124,0.29512757862811706,1.3156337813778938,0.533621427348566,1.1353835189740367,1.2825188814739188
263,0.9461238669524332,1.4313215907198125,0.6449124135413319,1.2531184293574382,0.42580782305177634,1.2971225158241084,1.080687077270489,0.5196764217593031,1.4119155681536686
264,0.8803335083193715,1.4703287271546743,0.7006873605678595,0.7230947851633625,0.9265873465667684,1.2892833986762509,0.952527945533077,0.6703853450583338,1.3452057122741186
265,0.8404499366281967,1.2094934176496381,0.8556459576513099,0.8058566302455226,0.9761045764800604,1.0989872749008696,1.1294941306388475,0.4851541895354633,1.3824732867027072
266,1.1166587321946064,0.974850603823672,0.7928935295111551,1.2441566410333473,0.8147269872859885,0.8593075746410902,0.7106573011026848,0.9420450501858253,1.2847149441131278
267,1.2691234788908454,0.6596839089451149,1.005070203614708,0.6942904458094596,1.4082469383841556,0.9032820528108831,0.9990134983830872,0.5963692703010073,1.419830937526149
268,1.30065496371078,0.6479908149220813,0.9987132062985116,0.5369722938060931,1.553273000536597,1.034173365341192,1.5045879561807056,0.1040530979910233,1.4906425464518656
269,0.8014590573310723,0.914508214270322,1.1819423840221162,0.6166216992632035,1.3556317789255894,1.0034166627180718,1.25698734300254,0.35471195199871963,1.410912836560445
270,1.391035831207097,0.680143194947929,0.9235976864592822,0.7635664991965044,1.253817829157944,0.9055303996980252,1.3027917365089299,0.3575922349628943,1.339858935434468
271,0.9233290212361305,0.9214365935882047,1.0237716671244446,0.6921448310705108,0.8910545621833617,1.4603074384798524,0.9566362766830904,0.6244989624868826,1.4717725892176523
272,1.1289710519557916,0.815497991468164,0.9406317004302849,0.4756590307297801,1.1173466802143426,1.4370178143981531,1.4880004440280508,0.16138025502431785,1.4325933322929574
273,0.8081768991244814,1.0088898893265938,1.0601188877061303,0.6269288176373455,1.023598500840023,1.2963239207527817,1.4724741667581371,0.11276885061948745,1.51575159297019
274,1.18345068664405,0.7229038256839448,0.9966397113268418,0.9306195051966354,0.6777567356093054,1.3788948991335495,1.4974785686478946,0.25455481648211614,1.3274777997926424
275,1.4374392146806383,0.9341944552906982,0.6549940283976959,1.0227118122191599,0.5551766148903662,1.4911449505827437,0.909396624711285,0.7062078577659845,1.359778067901332
276,0.8615710407358395,1.395203906102333,0.7399742522926818,1.2478480301823112,0.3790589816390108,1.379327355678788,1.1121954030907308,0.5839280574972834,1.2360050071734037
277,0.5450887947977096,1.5158448297587093,1.0291156649523783,0.9172917452312135,0.7306546561329752,1.2919985078900729,0.9192517198409417,0.8671133481975429,1.0903419239289829
278,0.8009587953210301,1.1842908745724385,0.9133254924057406,1.0610934931668587,0.5863892045061191,1.306700328142396,1.5224552699885459,0.325799274004805,1.2488670136473117
279,0.6919405380145977,1.1533951508676819,1.0556130585189551,1.0394177848345383,0.5754940823813346,1.3708723729422236,1.4798300105129154,0.20538079429548772,1.3871753121677195
280,1.1576720842362147,1.1451769109214378,0.6136977542908039,1.0055414136081018,0.644519139803462,1.2951480771505772,1.371814780015256,0.24866700353158971,1.423646101898615
281,1.4361812480018623,1.058439024798178,0.5331773164858395,0.872173066933694,0.7691589541912597,1.302830046097425,1.0861249820054601,0.4883441419848555,1.5156696060482813
282,1.510634329631582,0.8166870839694739,0.7577306438141893,0.8474051486510696,0.9760010326620774,1.0496627395140778,0.7917944393986536,0.8265658266857911,1.3510474380044093
283,1.4626786011656003,0.7327842818032537,0.8497363676591112,0.7635226374414495,1.0530815845419093,1.066812399535228,0.9809647636111083,0.590509583255013,1.5457539518719008
284,1.4948875668762585,0.8106824623128118,0.7658707563708265,0.8074766747749984,0.9670953676797449,1.1074039615444404,1.071020700847948,0.5009808349196334,1.5389375166120076
285,1.2128568156061896,0.849562529382365,0.8442874973979251,0.7717627670805737,1.0095493084367044,1.1033042662955153,1.0079506732123107,0.5721214249229033,1.4789691607889504
286,0.9077495758072518,1.0072859491570942,0.9526919336697608,0.9263509862929259,1.1729610577686878,0.796402795405688,1.2224037257367497,0.36568865324771677,1.4641658809703153
287,1.1159488644746336,0.8754895272674174,0.8895518061937173,1.175951930299329,1.1314851569077686,0.6107276540436642,1.0202225346597689,0.552394338150124,1.5304750183750075
288,1.28216678858458,0.5897609827292867,1.0726422370980975,0.5431770693484654,1.512789409994076,1.031424970033923,0.9291071654168684,0.6608601260422394,1.4344172743254144
289,1.3358136895327577,0.4478600120705224,1.1970332299610698,1.3380510045812621,0.6352640251613132,0.992343788888059,1.3647125124097859,0.2264017719319507,1.4783867168885538
290,1.3992751218103783,0.41151912036078236,1.2006424175506376,0.7197655565039442,1.0287343657488852,1.1479421813916428,1.1162631881474867,0.45455335365996213,1.5668027604244412
291,1.5586217052482862,0.7314009783188862,0.8395444334891533,0.6600703281599554,1.090113884990004,1.156312934809089,0.9392161915393631,0.6602977593542693,1.4038777765917632
292,1.1495166764728457,0.8287416405049155,0.9106369711820009,0.8756678073643867,0.8059230893796772,1.2322531957203846,0.7430957685530827,0.8973644443321263,1.3054317106359317
293,1.541462927228475,0.6998546042063896,0.8718148010884924,1.277759028498303,0.4964125824546256,1.1824299664695477,0.7474616917299172,0.9352309026809714,1.2332104076693406
294,1.4134140000166624,0.2521376305422595,1.3754632776622768,0.6899762143408829,1.2040522641437563,1.017015261811697,0.6898639293262555,1.0610528894559428,1.1498852783505593
295,1.4903556252030614,0.20248937663055044,1.385377751300249,1.42767206548672,0.4216637800664409,1.1770833167141925,0.6159791741905122,1.026569258380067,1.3115185071246827
296,1.5045346760661686,0.4866278237830679,1.089490977342507,0.6365407113920969,1.1376936653750567,1.1363117578347894,1.1072578297806543,0.5478977482819651,1.3002676909048696
297,1.5350223131790315,0.44577647634383205,1.1266661997950325,1.0917600688238644,0.5916570744986851,1.2513533450287098,1.4405042042827576,0.5569247158766425,1.0328635226590546
298,1.4421896525089721,0.7218611894023179,0.8655558842077964,1.1296576517058385,0.4653356820632192,1.4323351630597105,0.6704122287533776,1.1261166705055996,1.105925074588496
299,0.2891579149230843,1.3648140666169468,1.3707802230170476,0.30155343172110255,1.4639651198114063,1.28991404127887,1.1267949592506785,0.46266458560336404,1.449272206642289
300,1.2201805689523217,0.35799237880507856,1.5014551594132972,1.5247396012239363,0.5036934637414526,1.0696141016720773,0.7938859002866965,0.8063919015212566,1.3982589981350912
301,0.48808388352561033,1.1276144454929817,1.3798589661662526,0.6636412480127227,1.330126377388063,0.9667155480170049,1.321705666404592,0.2574187328216772,1.507191405651465
302,1.0670939010841864,0.5043263058034557,1.5478233164314217,0.5979101797871303,1.2169181085757896,1.1111782955150884,1.4320213263163628,0.18095137788402965,1.4554214922396123
303,1.5613090622652013,0.022297226996564473,1.550618772246197,0.6459521753628342,1.553852984809337,0.9251427634156227,1.2395271212418328,0.33854783897799823,1.503523236302761
304,1.367099130786366,0.3152345848184716,1.3336266675001465,0.8158364889060048,1.081289540292093,0.981009743557798,0.8789776165295845,0.6919665318699763,1.5587443033927197
305,1.5384843513295077,0.49873013000552746,1.0733095547488531,0.5357915286776519,1.4979555915650984,1.041057542192018,1.1270222098729676,0.45758787665228123,1.4665304704597397
306,1.223063799359159,0.5618835117533514,1.148832415878735,0.38309262264531935,1.4160798827729986,1.2232970324530843,0.10559677731887936,1.4740181932158583,1.528682904141986
307,0.9747068133388822,0.8797404986222142,1.0147559775598385,0.49200139648030333,1.4270792343479313,1.1038564253800498,1.2871396531001065,0.290336096936021,1.5105367116695547
308,0.760904874652441,1.0983905021642175,1.0261269031055158,0.7004747292103711,1.4944444871556728,0.8762309515773348,1.3745225988210683,0.2010789118367682,1.5276610756720754
309,1.52946957950104,1.171657333454191,0.4015169521009598,0.5288296849487261,1.2360954450122335,1.1778235276326758,0.8234773297766622,0.7646632656985182,1.4388332159842214
310,1.3517783841169078,0.8910501340899237,0.7276088224504503,0.30794131787332063,1.5325072301267513,1.265400773209201,1.0960260504970933,0.5705461627394574,1.2790513500663019
311,1.428245782570139,0.6512536785432255,0.940603012333737,0.5316969375559473,1.11295033939067,1.3198427313104177,1.2836535401534253,0.3289178919243032,1.4148209751266139
312,1.1991246225106271,0.7928313334513659,0.9111828256426397,1.2399125868350291,0.41485508102885155,1.32991791071743,1.149616278021381,0.4319369048469364,1.4806557082046212
313,1.3334932377532778,0.7334276966753664,0.8933760578341463,1.2588722745447116,0.520284372805912,1.1689778625286236,0.7736194374236468,0.7973864701516789,1.556320960710587
314,1.200067664159121,1.016228861544233,0.6934196233154676,0.8444206238414351,0.8137078467533216,1.2710658995638657,1.0327818119997065,0.5450785227836531,1.4917179000688077
315,1.5111330070795175,0.714523748856814,0.859865962673328,1.1450894962633074,0.42572966028792325,1.5666522619817638,0.9226056853566167,0.6521593867990974,1.5089144722611139
316,1.4577844161251496,0.9475542336282458,0.6366005248242546,0.2733960047148954,1.4114593539492548,1.350554080365272,0.8179349042111119,0.7528658551263044,1.5686931937269724
317,1.4423319597191666,0.9016558292722857,0.6859431964831378,1.1389867174976824,0.47521859301318214,1.384844156856206,0.947373953170827,0.6349968518903658,1.4656546612519918
318,1.252298315739836,1.1121372235890084,0.5731632513909103,1.3870124714831713,0.22192762966128418,1.4478053869942122,1.2970803177921046,0.29454454849541883,1.4647277346787266
319,1.3679003057712718,0.8737113586585465,0.7380778117062123,1.2923624169090655,0.4524176310937984,1.2239579386397774,0.8761597380161535,0.7482096407666337,1.338250634934499
320,1.3166608605221073,0.7231192684916085,0.9120732903169748,1.4490013314828138,0.3412594059151726,1.2536643422286708,0.7507283058347514,0.902207051962002,1.2820056080522115
321,1.3310974629598955,0.5767066638672171,1.0577102219387733,0.842814267467258,0.7564668133088462,1.401541175446845,0.7786354590685212,0.7980362483891332,1.4940774921422464
322,1.4055449329120178,0.6449432946013504,0.9542654747608565,1.2990761107822661,0.2734753435943941,1.5406225104904714,0.9204315403317355,0.6860407535000359,1.3834413699088919
323,0.7676459429926976,0.8442071326998717,1.3670911999534312,1.254760991544853,0.3956341637418901,1.3408925723174907,1.418416499758989,0.20229038127131235,1.4387857444708647
324,0.9238158523513881,1.0822659942439539,0.8694057796701397,1.5658876516547309,0.03185174456595778,1.5393253461432144,0.8171534460395546,0.7676906635202624,1.4520686940170238
325,1.056647882909873,0.9819749874137407,0.8357926758902646,1.5002004568292266,0.09927215801687048,1.5011186453622858,0.6894450498109017,0.893031935189247,1.4636373256425201
326,1.1902753721446633,0.7964260380789059,0.9137161879489202,1.173923552927665,0.40362715397924936,1.5011151654588981,0.9490523888234189,0.6626501321974265,1.371414834061635
327,0.5496295242773622,1.5306253877466862,1.0229788848766241,1.2508191846245074,0.32908890907095073,1.496515745487183,1.1586276311431025,0.4773500796458795,1.3439216774898455
328,0.8291300159099919,0.9729713564429431,1.0743319689694728,1.1185695217997684,0.5199141023720281,1.3321623620908731,1.31937944384299,0.27194296258804546,1.469340222445564
329,0.8303526947292256,1.023728124880574,1.019563898057637,1.354435929998084,0.2303311114239509,1.4930331688373868,0.9678143099297143,0.6145448941762803,1.4664505170988826
330,0.7727254329424815,1.0724938082891025,1.0369727395086947,1.371512431448233,0.3174741421558744,1.327022769242572,0.6940573700295891,0.9102897456809529,1.3887866175285297
331,0.8190552293297895,0.9811645229033668,1.0772577557374106,1.3545236842098907,0.24856774263204318,1.4501931812858333,0.8794969341988429,0.7321071698325915,1.3685367381595184
332,0.956932201082409,1.0439671355428368,0.870421160594649,1.0478684727825016,0.5256157850345637,1.5225114220624756,0.9054811919925001,0.6737937679414265,1.4798304720968987
333,1.0111269074508626,1.0100839046084107,0.8502412895570851,1.3124691198666556,0.31673578032889,1.3916554224486788,1.3924138322530129,0.32417260639479306,1.3030845698647349
334,0.76674937953855,1.2330050603145117,0.9153286138428373,1.1853356152578216,0.38826460593918344,1.5265170598171007,1.0313605956463867,0.5684852879817138,1.408878442212057
335,0.7685820875364278,1.5005040067562547,0.807150808281134,1.0695857613583082,0.5059657113689462,1.5073531726978968,0.8463627559042275,0.7269963448667441,1.5203315234682264
336,0.7582819364795643,1.3312430426600008,0.8691891753857977,1.213933728414501,0.4151524241764679,1.3678146114717555,0.9506333113157519,0.6241251690638355,1.509497716957581
337,0.7247047157888726,1.420608516385437,0.8687149993654125,1.217334935370484,0.3869493118042952,1.4199369216702036,0.983176810397292,0.5921471662681899,1.5060527628854115
338,1.1933369276946724,1.0698876576086946,0.6502072740575409,1.5151438176002214,0.2300866457031357,1.3477775572490909,1.2121922174246942,0.37907538870359786,1.4531906020555412
339,1.0715123117710623,1.197438075383604,0.6458797840694315,0.8601057190375964,0.7752151285413441,1.3145295410511357,0.533790798311051,1.0470093198947645,1.4773068625890124
340,0.819791731912727,1.2135481274850743,0.8737795832446897,1.147225564607653,0.4235750802889708,1.5689974489465643,0.7911115189417616,0.824046543697294,1.3586786254188248
341,1.11470226161806,0.8590224466048461,0.9072333670176024,1.3717279774680657,0.19925386849882998,1.5623134321025969,0.7100402911031786,0.8772410506182559,1.4429556970728665
342,0.7839104971667684,1.337116218726359,0.8406176577689174,1.0644521059640453,0.5158647686434924,1.4805439485351577,1.1206173610938868,0.5224015494570113,1.3241122008775819
343,0.7711565141798739,1.1007688340784945,1.0124938581811043,1.3276655233064327,0.2651461044053891,1.4671051530219041,0.5829190575875615,1.0530293018454608,1.327481163400436
344,1.0798116304724144,0.7579295195903635,1.0469226405028882,1.3838313624451388,0.24670953531836942,1.4117274536517497,0.7289561262987605,0.8637304995806466,1.4229832094125119
345,0.940793048951138,0.9553240752156535,0.969983411575073,1.1157628464333589,0.45662640654252884,1.5353030792562883,0.6207149367765907,0.9743608093687223,1.419304715551967
346,0.34805453305626055,1.3806784743314708,1.2829044550837232,0.988929840975475,0.688689864174868,1.2459737902667443,0.7555746075079767,0.8302641602812089,1.4480138253475305
347,0.948814316885137,1.0666887062648684,0.8584498318387015,1.2380016860325944,0.34571867405147905,1.480610996902723,0.6922465016820534,0.9548243664207663,1.2960814917523205
348,0.855323347600327,1.230493952203326,0.8271530487481696,1.0457406438503651,0.5974171388419539,1.31268827958344,1.1837410539022455,0.4130999024282544,1.4336777139421133
349,0.9050887155121069,1.0421546058893472,0.9229561218639145,1.07622162627624,0.6314070711647297,1.212262165250152,0.11049217552392841,1.4829091484454444,1.5040036604979845
350,0.9957275405339897,0.7928950905554393,1.0927061652047936,1.5163782799288275,0.16204009193991745,1.4183194424932202,0.40865466872439576,1.2411623666404772,1.3382111162602477
351,1.0983570803394251,1.08107303188476,0.7134888148509834,1.4801999222807316,0.09130100430617777,1.5595063005894276,0.5985239544736718,0.9797337917340181,1.487478941995515
352,0.6862654904754143,1.1543859175886446,1.0612726367652356,0.35819628807842036,1.3990348815704947,1.2597026084013085,0.4597939862577988,1.1373141363061994,1.427131643319288
353,0.865248920453142,0.9363518438420361,1.0727789173174764,0.9384713737517831,0.6508933980950066,1.4369622133386741,1.1274972169647741,0.5260249700873622,1.3067205337538668
354,0.5541195479037003,1.45638950661656,1.0313484032905036,0.41678101826382835,1.2559620559837474,1.3069986510305105,0.7417017361400398,0.9431722326205383,1.2302967423589488
355,0.7132533324191407,1.299845856854495,0.9309761400479485,1.0863815508415116,0.5144108792911641,1.411319370756963,1.074155206028839,0.6414773944958574,1.2004048206166644
356,0.8568011771559115,1.0453269719967453,0.9700264927755292,0.9251271218331254,0.6593764412727435,1.4555385343018312,0.9956146005806371,0.6409110261911731,1.3199954469586788
357,0.844203145231331,1.3883576982567456,0.7596334698160938,0.6083387454320914,0.9754390249252645,1.460499326204419,1.1502100572172465,0.47385396385642675,1.3655905837807145
358,0.6262843455988634,1.48221707229631,0.9527743217558531,1.3990519371012422,0.1747300825111317,1.538949277557208,0.39956875429986494,1.2179064754313573,1.3912543308266738
359,0.6534873533579583,1.0989330065939251,1.1552014885116813,0.3631683091243883,1.2415777733065823,1.4230570400190474,0.4490124664907674,1.3063293624554684,1.2169088541153832
360,0.8646312372714835,1.437197453337929,0.7240854594660957,1.4258368199844804,0.27009881425575727,1.3445270582462865,0.6201505842718076,1.0504783526868915,1.2650915520696204
361,0.8790171464554858,1.3868030890170606,0.725656403299255,1.013867028263535,0.5879474147987015,1.401940294687724,0.5875777382792018,1.109144110880045,1.234502197371763
362,0.8084460565516834,1.3221998686665433,0.822931225771529,0.9643971044629001,0.6833309902859467,1.2956005562291815,0.37527532233640276,1.2547616174353526,1.3752680121559255
363,0.6665694144997303,1.4261653967826897,0.9257188192396815,0.9157594324272779,0.657344989438278,1.523540451473409,0.6961062748900825,0.9487201860150698,1.299884566241252
364,0.8964564659866294,1.296954611796466,0.7483503743721592,0.6506850803124246,0.9201828217809197,1.5624901028446663,0.9614014158203067,0.6661460336068207,1.3356850997982654
365,0.6002306995583957,1.5326869325783,0.9721237632452197,1.3884273018754612,0.18247130429897798,1.5647553218647607,0.9744651630669721,0.6681902119416926,1.3060742807840957
366,0.7608315402318823,0.950729117889352,1.1905121399523946,1.5029906515783833,0.11908962326005736,1.4730453862665127,0.71053765584667,0.9152867407065891,1.3366022186032418
367,0.306488627618994,1.5140766159051258,1.2699389411492368,1.4798104900188132,0.09203832869445354,1.5569554454731458,0.5946856516951969,1.0607340804547474,1.2924275780691574
368,0.5297179519470097,1.4562974102110058,1.0561760206887354,1.4680874647764617,0.25287986974248916,1.3405467527529091,0.3859648284000524,1.3261608230080604,1.2784577562404005
369,1.0898526599485365,0.5594308497854884,1.307708280911617,0.5560061914845652,1.2687196653090482,1.1196897141091788,0.7648149469740058,0.8985026120638274,1.2633801684479933
370,1.1823664713952573,0.6717649153364715,1.0542683763100504,1.109770339710799,0.6731879495202329,1.1187220995416556,0.6402399787982657,0.9770268470774769,1.3598455010479475
371,0.8561218367608707,1.2396791994360348,0.8206290311064781,1.4446166986999136,0.7258283941556395,0.8609512804233521,0.8599554351493631,0.7772578737762499,1.31069382557873
372,1.016985453657266,1.2016221295501037,0.691664261576461,0.7881378302247051,1.3801605651606015,0.8185867505168519,0.7945186364273003,0.9314569629174411,1.1687599375940574
373,1.206230359315683,0.9635551405720835,0.7380398360089364,0.8287218175781016,1.5496568281591228,0.7425229861855701,0.3379747242511728,1.331801122721505,1.3364860507190273
374,1.31293225207694,0.7069403282913493,0.9305998159465819,1.29711881152683,1.0926722182476405,0.5628784862754919,1.1563993654397475,0.4803974718315798,1.341982668359576
375,0.584011121559234,1.3055119668172013,1.0643757017676534,0.9774644725337203,1.422055206502644,0.6168052942464062,0.5865390487920901,1.1097632553386982,1.2352483651071107
376,1.2131900758893142,0.6864965761259139,1.0140675359759728,0.7423220754818786,1.3534289439186855,0.8754155879699387,0.5662355570541905,1.0671262129907169,1.3344135339719012
377,1.4728932182942884,0.45398560317456493,1.1290498402495552,0.902508654372076,1.2711458284556358,0.7564743300791635,0.6504342608103184,1.0366596430539503,1.2367653891089063
378,1.557327465187037,0.5025460066110836,1.0684652237582069,0.5691544829989266,1.5394929544879992,1.0027213042411798,0.4080619325727284,1.261944199303077,1.3128369893615883
379,1.4775741734544436,0.8902688828613314,0.689370638449007,0.5677461885815446,1.4894644852653318,1.0103543428835864,0.5607788489786706,1.1772762289068437,1.1933426995120215
380,1.3293953218536225,0.9416622610546341,0.6882058046459882,0.44553471411387385,1.3212598870185175,1.2098481673050376,0.4787647954984018,1.2165408869872525,1.26280861407241
381,0.8240086254467717,1.3749439137020445,0.7846962820434887,0.6161391252437324,1.4543563688746797,0.9690411993167937,0.687934218384327,0.9370959837174127,1.3395390281418116
382,1.4218242786422055,1.073266878362019,0.5233703924280988,0.76073750814424,1.5171362518315783,0.8129393876158466,0.480890003020867,1.2385391484154935,1.2366207814361145
383,1.1438589600908327,0.9244096651224045,0.8196638318093796,0.5364545379348151,1.4202413627584023,1.0603249926783955,0.438942029002124,1.207515179920742,1.3355202161704882
384,1.1568775475585773,0.9031573820453384,0.8305509812635773,0.7456233120809316,1.0382458409241908,1.1040620614983916,0.3000407918977831,1.4765842756018095,1.2868059504246752
385,1.2368775214862335,0.888438784379556,0.7905041079803826,0.7948765872852712,1.0497254984149642,1.0338307759613612,0.6838817745940542,1.0607287740674924,1.1581826285687824
386,1.4896651433834887,0.9864191253993356,0.5914928217636126,1.2065781033760126,0.6446223094779359,1.0656603574301016,0.730322355652775,0.8849137871666093,1.3597201763457605
387,1.0384160175553252,0.8061669525726667,1.032176320916669,0.5342021906759946,1.3780602148931655,1.0795209322785089,0.6957966745108793,0.9693021988307932,1.2649475829197947
388,0.8927694449552672,1.1198401871754884,0.8691863656252498,0.843273230079559,0.8759768014357862,1.176144736959433,0.7432437888865673,0.8892827644299258,1.3211602876571082
389,0.7068324644261909,1.0081767648967843,1.1912965246331937,0.9029423656228449,0.6898300117508803,1.423715709507307,0.8033534480230723,0.7979632837891895,1.3952093981605145
390,1.293011887028843,0.4256551582687525,1.2569609929948096,0.7388212038429738,0.9415000652278254,1.2374430547608286,0.7507006219125065,0.9275411447184825,1.2398799828292288
391,0.751587429872279,0.8988203362385047,1.2865060493617564,0.870385997005657,0.8388371119828347,1.1903110942472572,0.6781195620126198,1.0866943773560107,1.1366526382991713
392,0.8316320672438551,0.7881300558706918,1.3478199661163424,0.830966231257477,1.0354794273562833,1.0073243891777917,0.9448245336567419,0.756459154734304,1.2051923971724228
393,0.7522826397081612,0.8628446061590894,1.3593533587411561,1.0270184691827213,0.897638515620149,0.9444409388370766,0.7157355226852957,1.038519399965113,1.1418152759805624
394,0.5842579610657329,1.1627714856407096,1.1776073210960278,1.101999004404919,0.8547480933335885,0.9221028015174554,0.5719212708145966,1.1187520950537175,1.2454775426710976
395,1.0091358519220612,0.6801884855303177,1.2296897209680726,0.5806290447222054,1.1389075204907453,1.2083840907864525,0.5663419573816835,1.0759612577111901,1.318390213459811
396,0.9268705827805864,1.1516794580684804,0.8114291116429035,0.8750356312725139,0.9710698224556514,1.0237294372001648,0.5532648379778793,1.065867794586087,1.3641276769857629
397,0.7043853797590025,1.0702552154376195,1.12099823833395,0.7157884746792835,0.9667599173745224,1.2358982546915878,0.5398265552751538,1.21079881368072,1.1871734476421776
398,0.6417779527241324,0.9961394211770486,1.3172839777912755,0.4246782806321452,1.1464788963154544,1.554337748831922,0.6719452057967938,1.0039309100615377,1.2504493974263082
399,0.9183071532701094,1.1043493766982777,0.8565327471136216,0.6247394483108853,0.9494152137085639,1.5143494226412997,0.5354031286308955,1.148932984108486,1.2615330327632042
400,1.165795048656689,0.7538002922194104,0.9768724588533564,0.6198111776598931,0.9766362298792618,1.4151437401670997,0.5668075524177162,1.0854487391868564,1.3017244123849172
401,1.3572162475005312,0.8392488308963967,0.7765781207220878,0.961350997185115,0.6215998472512232,1.463541970575722,0.4442680760223093,1.2126689368923564,1.3194400580670527
402,1.3341106606620403,0.4122116778535211,1.2399424531150027,0.818813493127988,0.7520513070895604,1.5625305881266816,0.3038777297427678,1.3623811379132158,1.3529228060640877
403,1.2661491205341089,0.3786134042447695,1.3530848335869634,0.7673891713132103,0.8364225473141433,1.3883169157352875,0.35299814866556073,1.3962481393235564,1.2672265851642757
404,1.4275245522942661,0.1689944602818009,1.4817881783981242,0.7905144793766415,0.8295257909649527,1.3471562580517127,0.7022225993674457,0.8751115058882919,1.4904586637094934
405,0.34773785746024344,1.4692797330116474,1.239410218200175,0.7093370227035115,0.9141554909775949,1.3417055334578443,1.006207239684884,0.737906441766905,1.150779491924269
406,0.9152392107426877,0.7553705667537848,1.2517604298274436,0.653127302426734,0.9705723055791418,1.3447407700612928,0.8365874953185118,0.837185065442504,1.2444170775790626
407,1.4612956915823427,0.1242847651514203,1.5122411622243082,0.5568725905875782,1.2124990195044627,1.1642512787845227,0.9415649124799045,0.7012626097942303,1.3032271220101233
408,1.5010203578147465,0.2632158392545651,1.3174219311571407,0.7891700313043382,0.9099155343925036,1.2064065621911466,0.8945080349915355,0.7997675587790438,1.2130523458063664
409,1.2795200389765002,0.392978315332372,1.3146782845639302,0.42782476023527494,1.2814553881963204,1.2648340410752827,0.94621684535994,0.6646398160319181,1.373372520498799
410,1.55300434015785,0.4339082827032165,1.1373030720393358,0.6141995894318725,1.0267328384995038,1.3146273896489322,0.7317481090470184,1.0433776236709773,1.1157832915529782
411,1.202957478167969,0.5032681903725278,1.2435973284922037,0.6013807982312217,1.3191398669315382,1.037889918957555,0.4414994868581766,1.303771090190832,1.2280320265795919
412,0.5931562592402577,1.0388254548086306,1.3336883142535987,0.9597927261052969,1.012964523547783,0.8956178467153006,0.4819580966552421,1.13514025491472,1.3778786714940563
413,1.123226022847487,0.4866567136886347,1.392589425110967,0.7533528153635064,1.1763148948960724,0.9692455024562476,0.8830180215969609,0.7357741432162072,1.3511861647308014
414,1.3538807669349309,0.3864446477566703,1.256226718087697,0.4976202619045942,1.4108630781613671,1.104045748621587,0.5645420728605451,1.1078186202121347,1.2717549300377307
415,1.054345061110198,0.9361326559941199,0.8813604050725771,0.6341595016488017,1.3516938013767392,0.9870022356027093,0.43731606281838975,1.2468449487019737,1.2876799322790038
416,1.193996718947338,0.8937725499110657,0.8132694042843484,0.5092519387617509,1.5648498983393742,1.0615859239204604,0.6613347098735594,0.9679770897443812,1.3324223088107117
417,0.9655692210497023,0.826275558109849,1.0860644886454633,0.6677337516908928,1.0938949494046797,1.1422096997449165,0.7504574250563991,0.9509787717653013,1.205428221468944
418,0.8059072722235332,0.9087386386641009,1.1835718841334675,0.4657523032127647,1.152299968389158,1.3784689348477657,0.6287101367679383,1.0736342941051122,1.219525476013905
419,0.4028030094155596,1.258366829495559,1.325049219170772,0.4697998548357111,1.1090409363263647,1.490360348789769,0.5007114517886098,1.1982864197455672,1.2524192705873758
420,1.0197519710034997,0.5677900127447625,1.4477524108352764,0.904181491359646,0.7209150656336769,1.3376828142956372,0.7087647946110717,0.8989080010437382,1.379356563566878
421,0.5334907127784072,1.037306611976381,1.5698614683168757,0.6440916073876417,1.040185185592591,1.2416685639535863,0.5427745132078571,1.1097003133762235,1.305346980593285
422,1.0251915898761204,0.5511005485784517,1.5008132311295441,0.8075569788682927,0.7986036331281408,1.381639757608441,0.6942547797089629,0.9811052010478603,1.2488649821373567
423,1.26507784303512,0.43546490319556075,1.2707573625890933,0.35602638842694423,1.248004331668559,1.425848438378359,0.4627788227876412,1.1216968167532386,1.4666114019960272
424,0.13033288948211497,1.4405161259550534,1.5671116963769516,0.4235989198649375,1.1600023251947391,1.4732416495570348,0.6394501506506896,0.9328303010104582,1.5330950835960835
425,0.411056686471626,1.3215538394687667,1.2510231616443772,0.12975686277817336,1.4807818471067302,1.4775925644913193,0.34232541668183414,1.3161994437631033,1.3470121241272928
426,0.5460401042195772,1.2002238332069803,1.189425116419623,0.33623845896194254,1.4402787018654344,1.262763213297411,0.26753055088460803,1.4352353347012143,1.341601735587651
427,1.2729252989694826,0.5297052007761741,1.1469094165262776,0.2331012322387565,1.3772652620510006,1.4424987527033506,0.551401142845104,1.053227763483791,1.3977257538776005
428,0.7885215301580526,0.8697086727724516,1.2713232663552383,0.30087165322616344,1.4055803628816548,1.3217001131954984,0.3242608324491996,1.3136416371419455,1.3776934497857933
429,1.156495734250926,0.47702914992469325,1.3481328710359968,0.08690162387311787,1.5118883646223602,1.5069818302899873,0.3434762388193373,1.2674785483084152,1.4146172324033786
430,1.1376318571066903,0.44553868519667955,1.4730352852216357,0.8782570179395385,0.8300028143283334,1.1918287841265256,0.2005978363701042,1.5002383620701112,1.3833337853918533
431,1.062350356252046,0.694213066085526,1.1427205515569596,0.7235028738301379,0.9542274155391544,1.2425976423845828,0.44795732808065225,1.166969096270981,1.3875773977288324
432,1.5319995730887115,0.29103439517324836,1.2825099806827627,0.45818797033840003,1.206222735185736,1.3059442871618243,0.48584260424592257,1.2081456035888438,1.2622887562973504
433,1.244238713650555,0.329883574001842,1.5257273774747921,0.5308843700429192,1.3921568019323196,1.0768655905849367,0.329826688847331,1.3403190281905217,1.3391394057889303
434,1.0621664663401027,0.5171549724198903,1.485311238685049,0.793384211309552,1.0106502112876983,1.0757480835744688,0.3865809752087632,1.2202814956024826,1.4144805320393965
435,1.514277128892743,0.18387675407387313,1.396010342650893,1.4200106549205933,0.36054152518320226,1.2459090335126835,0.40502628458340234,1.2961446682637972,1.2808960132482625
436,0.7017474315020542,1.0344817542495275,1.1652494405124574,0.8197850846376935,0.8427812999045302,1.2632897497806788,0.49995178570699156,1.07357943393901,1.5228494995029722
437,0.4400546625135232,1.1442850992552043,1.469027085787192,0.34789541615886777,1.2847037226601372,1.3783347183988126,0.5298254223268302,1.0413682640977913,1.5521809096377592
438,1.2472247070746538,0.34948224529553695,1.4433680118133199,1.003297245319135,0.6184711665226972,1.3517383611588454,1.0282832625567653,0.5991778142299156,1.3418660917465792
439,1.5633709908525801,0.10549103002324244,1.4655688937097777,1.0739500841617515,0.6642503393880634,1.169144304840282,0.63399563196168,0.9862702660514913,1.3536579050436224
440,0.8324343330443135,0.8709528619779953,1.1988149274887212,0.8552422633383169,0.8003838630216566,1.275668781217501,0.6646129201830798,0.9104286043065766,1.5065839059088442
441,1.1972406916919347,0.43121622469427345,1.3655661728981014,0.45987307562759155,1.1185658609598668,1.4929768021204028,0.42093685610164094,1.1878769464874357,1.4046013231419874
442,1.2218093686409164,0.5105492501857872,1.214205199937872,0.7920796204360815,0.8000906960483796,1.4240799828471964,0.6499498273704516,0.9209408707390543,1.5612605996904443
443,1.3388408307159267,0.3439061780740857,1.3215741471393625,0.694682212719898,0.968459996248874,1.2682412529227622,0.6273740270156317,0.9980521735346135,1.3432401122894886
444,1.4623666592087214,0.42411348911607144,1.1625189445649473,0.6278221867990774,1.0097360886241729,1.3193458891578478,0.7090446473712338,0.893467832942658,1.3933068723514308
445,1.281711123803197,0.49285491530746456,1.183572622817774,0.48178320372199973,1.1525323826209832,1.3459152048348664,0.3162510713300218,1.4691937455259751,1.2723855056601832
446,1.2924378059645505,0.4081608442168875,1.280293918239302,0.6810927525627614,0.9768983626162833,1.278010135676091,0.4230900648650412,1.1477983257956337,1.5624939691826583
447,1.0844032747909622,0.6113110507317157,1.2312819232549457,0.7663739526958583,0.8552267130013977,1.3439510167682813,0.5993420493653608,1.091901275563472,1.2393821788117596
448,1.2194377712428626,0.7648754756622315,0.9262251846328454,1.0206962577452228,0.5504775580128597,1.5524508221912092,0.59881616430196,1.123533126428264,1.2009496161641167
449,1.495140509840439,0.7525492907463988,0.823974561087331,0.646846559394972,0.9588387245339087,1.3875698707119242,0.6426209795743121,1.118725240904708,1.1480277712336608
450,1.10953376488877,0.8184851198887986,0.9535844528673557,0.7378017208777792,0.9000215038543997,1.3107822644458238,0.5171626304732289,1.1880194023128132,1.2408901878782903
451,0.6834760447875567,1.2599951679341266,0.9854365492631337,0.8158935146762323,0.9937117224739365,1.0672785124731323,0.5784708678984306,1.2855050377694444,1.0829261025361054
452,0.827830142087086,0.8168595695078043,1.2956357072589548,1.0614810213376151,0.7973206106647976,1.0196910972309503,0.551299777187496,1.2871991003710017,1.112083452978817
453,1.1299032934865934,0.4623799995219468,1.4405296136226327,0.7879983524260898,1.2539836345464452,0.8804258741184122,0.4716475549360479,1.252646563612562,1.2349935808990549
454,1.47213128703702,0.3972026052216737,1.1873827088593567,0.6014011574923812,1.1231605991168356,1.19781688359828,0.3827211192737358,1.2977561628902037,1.309481231472508
455,1.510251553733422,0.08758397808103008,1.5075864815571067,0.5022425386373326,1.1867248930199705,1.263770794638494,0.49473863808734314,1.1525232482433527,1.3223793833804123
456,1.5481899441241909,0.15498083539025226,1.4174995109379689,0.8446604261887929,0.856525102916571,1.201917137876036,0.6489699262216408,0.9480888918590429,1.41171707434003
457,1.335572508512153,0.32748536993362776,1.3472412004427379,0.853353607399145,0.8269298597319713,1.2339628189130072,0.5319293129193226,1.0728309863375918,1.3993414647692164
458,1.4619068660765207,0.3494284452537218,1.2401494527637489,1.080366772963662,0.9889435337560338,0.8092830677812156,0.5037288144594673,1.1418479216202764,1.3233103688608225
459,0.8091358292192703,0.7831813681470734,1.4235957452159418,1.0662273029980662,0.7593395372920617,1.0585328858082954,0.6445890347186478,0.9839272204503847,1.3353939264911192
460,1.5284460971329414,0.10834055794768037,1.471135936868605,0.6829993017684222,0.9185387086890437,1.3970414372994913,1.1287329138396438,0.49337640648648545,1.3661928791462583
461,1.480745302295423,0.15344818910893393,1.4468881427612552,0.8894021680419849,0.7126814424505717,1.3943979655830148,0.5630001319559766,1.144727183614217,1.2263092589868014
462,1.5050770635005986,0.06991391656033365,1.5469783297689899,1.0808912768085706,0.53963068336145,1.362903698372467,0.5966109758470328,1.099565886842918,1.2334250883112958
463,1.212814134783025,0.3785990472124261,1.4528429976350998,0.9299380767013855,0.7314459948309329,1.2684041330768474,0.41152073962389624,1.371723820352064,1.2156817725617062
464,0.1610293596167786,1.4550871473031293,1.4593084705688812,1.1950022129368179,0.40329107041260936,1.4313567076742568,0.8894519631289246,0.7405220694934578,1.3265305923998498
465,1.3082793846428686,0.342259403156215,1.356337526475161,1.2814307769992235,0.30285474810848595,1.4839143489244788,0.6538219382550017,0.9268301087475123,1.4732221081573065
466,0.6287473558450153,1.0082759616530537,1.3202533806962422,0.6976324691366876,0.9354229879796838,1.3223454725033157,1.0649739643560068,0.5201819290662025,1.4597513616820073
467,1.0817725035022592,0.8630735067623034,0.9307521264033323,1.1405213458769494,0.4418428764516796,1.4765438350896325,0.8056057305189271,0.7719435550535538,1.4885508401625271
468,1.5445746520314625,0.2544317750757596,1.3177791415700468,0.528917451154646,1.0900124971081684,1.3675643671548918,0.7637384544687538,0.8073135266352055,1.554814043599113
469,0.7848376560188404,1.0122850423669159,1.0842589340611772,1.4813625185890207,0.28288494800104236,1.3031607413015334,0.9379972116440414,0.638153162908305,1.499215010382331
470,1.060779063419027,0.8255206796377157,0.9892512305984903,0.7698787950735066,0.8453789905977076,1.3586857798376177,0.7172369571894615,0.9103517558748061,1.332525431297808
471,1.3412541172499615,0.5297052556781698,1.1027429986068997,0.3077469089943997,1.46054839452619,1.2846848488795566,0.7953144253800221,0.8402941956429152,1.3136055440792285
472,1.515907013029044,0.36437162978841703,1.210967573686776,0.8275787413389261,0.7675354939788558,1.4143653579026105,0.8123517208695474,0.8157085521527134,1.3292206967035627
473,0.9062401703123325,0.6904980743685954,1.4109381889057675,0.49063058566797635,1.0803597186369582,1.5580990163183088,1.1120159278890103,0.48651886421813,1.420282280713412
474,1.241299908161996,0.5700970251801764,1.124123590070364,0.5418586751574609,1.0295681123412828,1.547194255617615,1.1651166046627979,0.4735765852700623,1.3401559968784493
475,1.059246707424667,0.6786680315279416,1.166917177177331,0.5249727310038225,1.1219026471232527,1.3173700443670964,1.135892063971229,0.5109944278672789,1.3198746416069187
476,1.1633424228437745,0.6914443763891743,1.0476989697081411,0.682514409185979,1.0184195701599865,1.213197690178484,1.2145082908850384,0.37578951901435026,1.4563790574758344
477,1.4932294104586676,0.37251215601859256,1.2072278004467003,0.8018051283574699,0.8509664364537649,1.2807674006280396,0.8541826746127309,0.7490157670235134,1.3903260634373766
478,0.820905927521422,0.8344517286801374,1.275934433461062,1.015660544502286,0.6441154237036598,1.2789216537713524,0.9439994170885773,0.6327320612891417,1.495559471261831
479,0.9611937389631392,0.8358481832096948,1.0795069350042952,0.9818104972386231,0.6452476878223493,1.3383229164047477,1.4052495171623784,0.30774577697276506,1.3138141463374917
480,1.1213728198879789,0.4514766911369364,1.5306674621558034,1.1244184219225009,0.4754915829878769,1.4179104374667886,1.458719223964136,0.29152595815827986,1.3028407936804463
481,0.41554275519180367,1.2605977988378545,1.3034513294674868,0.6840834214259072,0.948450055500901,1.3242689704147734,1.4465297387968472,0.45734223562270293,1.133146182073302
482,0.7355563130631999,0.8836333053082881,1.3502783789202182,1.1613325602566869,0.4648390889743202,1.3632599515181192,1.2512794462316577,0.6786976467711924,0.9961388258903096
483,1.1168985693164903,0.4772393025538174,1.4335255666040276,1.3901558073912383,0.2428080499773749,1.4103318191773317,1.569370260927969,0.4379994898939886,1.1327994842723568
484,1.0453715455178227,0.5479955104725241,1.4294921924711745,0.6863226036226937,0.9212849189511275,1.3804623780719967,1.355382798358206,0.5249566203740699,1.1003244582906417
485,1.1220690522956136,0.45713245010504566,1.4893772879476554,0.7720719243167998,0.8696825957709262,1.3019353218545844,1.517669976454416,0.45466784197646015,1.1197119110512797
486,1.203390405123373,0.38813502895635194,1.451295631244182,0.8305687164233825,0.8034105100079671,1.3168433187602855,1.4032279281985278,0.43324097171831777,1.1753044605563518
487,1.299602658977105,0.3047489914708084,1.4352085634766345,0.6921369504213347,0.9508781957729834,1.3035151005632417,1.5375344195676839,0.3918021646894381,1.180563494112942
488,0.23782257519253783,1.3538204480829419,1.474957989927507,0.7512791718628452,0.8206454023927612,1.5372410520992699,1.283209860877435,0.5708074840299964,1.09294088163786
489,1.4648508915728602,0.1099047989513628,1.541671659561848,0.6338089868681273,1.119158776701945,1.158948123584095,1.4854873799208965,0.4110535857293797,1.169746518590732
490,0.19008148322611418,1.405095390764915,1.478516153759048,0.8817307052981664,0.7838599699933398,1.2588418775742598,1.2050226477236161,0.42221232346039783,1.3694637898221977
491,0.7380363188734457,0.8463580908007152,1.4542659797314514,0.9567342206301873,0.7949726086803899,1.1358098587437215,1.496734557296355,0.20449362133526564,1.3805399128603029
492,0.24438042393993092,1.5564919306240401,1.3268520172570883,0.7236763016935758,0.9073041006392292,1.3251533647268148,1.2306827437665706,0.4571763727531921,1.277537952063784
493,0.13397752033963875,1.4519088854140514,1.5093159631304067,0.8756157043551539,0.7272807469093716,1.3916767427347276,1.1873244828551675,0.46540758839151863,1.3203407859667933
494,0.5364524959979532,1.0433598717305814,1.4818977061814018,0.8666416778621739,0.8822872695335967,1.136341316730035,0.36274473235974947,1.2346496909922309,1.4396137377951312
495,0.3768972842928687,1.3102936128928564,1.3047802007694795,1.0516659236421562,0.6490556920203118,1.2182864595355725,1.0077902248468706,0.671034641065571,1.2461195791620725
496,0.3024844293928303,1.3187223713039538,1.4071768053394098,0.9214502519320836,0.7987173460428365,1.1763320350248558,1.5053176663384777,0.33912022670212544,1.238558773698576
497,0.22589186328466,1.4463204231377795,1.3832840035659255,0.7072062246820314,1.04769505250378,1.1424139044452366,1.3090083873749645,0.3948251264910763,1.282254084295113
498,0.30228353525421003,1.3367526234326559,1.3830341124933345,0.9711406662293883,0.8938050133160905,1.0031578990919507,1.2117307317608557,0.4790695601416177,1.2678611209173292
499,0.5523892329546178,1.1084559041887556,1.2907848419806003,0.9565212748454179,1.0766012238498714,0.8427041092891129,1.1179422372817462,0.5330860273781381,1.3093218013984083
500,0.2555173711285786,1.318167541678556,1.5332980202555029,0.679227375184215,1.0663851989115438,1.157843714373809,1.265601310502764,0.3075048377185217,1.5343420326057786
501,0.6755719217465406,0.8970551323077589,1.5285225664148587,0.7116179073746582,0.8981409363023657,1.3738810583324417,1.4630887407260653,0.636119953731969,0.9468139153584363
502,0.692776861985521,0.883798278457612,1.495401148236667,0.7018188736384567,1.2355621621460517,0.981838099700711,0.9074526380574148,0.7923714360400281,1.2051877140116318
503,0.2742325374681558,1.395188961672158,1.3623731274337572,0.7326108308202959,1.0160118746727747,1.1460279109792755,1.2518130405926853,0.43841475219977694,1.2806325606551094
504,0.5058302849153602,1.1504266187558863,1.3065238416667704,0.9102945721065856,0.7819760247587201,1.2167786324733847,1.5452027218126352,0.24902216519412537,1.3231485354265784
505,0.41906311400890384,1.1594641146949662,1.4951803916264228,0.8877678480717446,0.6905359312355136,1.4848895671941889,1.424057574669364,0.3127228285995196,1.2966911702696862
506,0.6055327304885324,0.9696886275444806,1.5064491690504882,0.9325761723023587,0.6973061752161483,1.3288066067715991,1.1664048318811344,0.4953919317615468,1.3007441014539765
507,0.8491324779436447,0.7595802236271626,1.375244916323217,0.9438816203444723,0.6545395177557647,1.4073640945718298,1.2186348014670152,0.411507517960454,1.3668560778964058
508,0.22316869495332126,1.4683858170217565,1.3732186409877674,0.8234702792048226,0.9986428217404067,1.0531371566139918,1.4262913597932791,0.4136150699650991,1.186141172873864
509,0.8238333307234691,0.7477285657250925,1.5431639562955553,0.8040086727639519,1.018675608235219,1.0547219434072859,1.221065359728687,0.5784503182143772,1.1306920596603682
510,0.15370811062385112,1.4184762678896494,1.5503453685387052,0.8051111672420806,0.8569266884296325,1.264373577141643,1.3163555121586323,0.41447067954448874,1.2510232088947764
511,0.48096487673316174,1.1258318925326447,1.4003712089335671,0.8600867106492137,0.862696185116325,1.1711380593560419,1.087314329616464,0.5375295059854394,1.3544966152248643
512,0.7701012327050597,0.9211137655791448,1.218965816631669,0.9917084172765972,1.219256341118062,0.7030941496548089,0.7845247626083482,0.8322023033660765,1.3549695249112075
513,0.6806055551993347,1.1885932448238394,1.0393008515821078,1.0559479440638047,1.050343862146743,0.7751382338083925,1.090241577621047,0.536400140529327,1.3511529116652634
514,0.6054400722741011,1.3461730913912002,1.0195768613609013,0.8933741671748845,1.0387687428625472,0.9379499966469472,1.3722739044913501,0.26889915671418335,1.39184100339852
515,0.7592756422498451,1.2526069591001876,0.9106893476228457,0.6673471384410978,1.0623603230799727,1.1786484191129745,1.1859348223100235,0.3873858831755889,1.528815251738972
516,0.7726897733145499,0.9507640481877514,1.1735724004044918,0.7911446858752146,1.3540472090207667,0.8259452549356581,1.2736858189269156,0.36928920362105133,1.358057278881218
517,0.7077875190617289,0.9102444092593656,1.3540363220735816,0.8039648336394638,0.9704504307339721,1.1078755531246618,1.505184341671906,0.3274923419587333,1.2504272983496278
518,0.36228258451908824,1.334187214756058,1.301743914951842,0.7108160223732826,1.0176532167850223,1.1735360018141736,1.263157623669479,0.5305010757122559,1.153435666489283
519,0.7229647957411632,0.8511828059442978,1.513112289610552,1.1072451783402077,0.7857918813025263,0.9906429285078029,1.282784231315922,0.33800720463161005,1.398832797734522
520,1.100853410582332,0.5575997110381297,1.2935030150153137,0.8190299769464849,1.1194873420176759,0.9446942910343223,1.3276390094382136,0.3738910825582567,1.2925732768474512
521,1.0840472541435464,0.48706488974936074,1.5546341868829168,0.6911672501226882,1.366380927749438,0.9219710562840706,1.5468853525362658,0.29567319131640546,1.2761500824779337
522,1.378173922447155,0.33128276030104453,1.3047134672412815,1.0863015875577502,0.918671807727727,0.8710489225986064,1.1661782859138454,0.5411821825750479,1.232084600104067
523,1.1188220610963813,0.5487121663875995,1.2816324657258125,0.9625899335227803,1.0020538211017844,0.9030351081894052,1.2899926242273771,0.4442617692707005,1.2360676056169317
524,1.369041822097529,0.4321045652870029,1.1942322239930254,0.7799448834145839,1.157362992112393,0.9555226048666224,1.4640336073821487,0.3433094035025837,1.2458129608753785
525,1.5119360953056287,0.2545944307364653,1.323393754165185,0.553450943392279,1.2483029342721081,1.1380904273792367,0.9525880426649408,0.6184632236091385,1.555276659618639
526,1.3399796949790828,0.5751644252596103,1.0546552613173343,0.2841108663028948,1.4090462499669751,1.3393120629383712,1.4985613591723856,0.34250351848419197,1.2366108478965823
527,1.1655737125390735,0.5534307561805858,1.215744701768992,0.33868785333589385,1.423999264235316,1.2678642002817546,1.335190415901228,0.360194367158437,1.3035532843455928
528,1.2693151042125528,0.5713878931624048,1.1018022124164366,0.39720467614454896,1.1862328857255073,1.4762842951701254,1.4791141257539238,0.3783169758432695,1.2048530895946474
529,1.5325078582036114,0.7650017999308919,0.8072611273342662,0.44166003619726396,1.224914204540731,1.3074426374149501,1.352987899886024,0.480545471649735,1.1498257028677605
530,1.461689936159587,0.5847005208624158,0.9990493239871776,1.0990306669981997,0.7014684925363017,1.0948481708502844,1.4724285366635443,0.48971380935819275,1.092793735524259
531,1.0866819077192287,0.6166098930120831,1.220485638408592,0.49925845860222523,1.1588631239392184,1.3051575036845464,1.354692964510528,0.4617371405909994,1.1696141943768938
532,0.9311105158179679,0.7340237180485242,1.2619794459802567,1.4334040022420247,0.1729156355452444,1.466468664156081,1.4204570815298858,0.5460012417999103,1.0504212755675868
533,1.1300739105425843,0.6535724201646489,1.1226890177474467,0.3027342700259792,1.5462845828698197,1.2691191194554208,1.472778812436679,0.3120253391008066,1.27555460193564
534,1.385433953060237,0.5637282000077978,1.0454060736703061,0.1941086951753053,1.3768188135712116,1.5637505915297012,1.568773316564533,0.4300551010708906,1.1407466255204948
535,1.520364078927455,0.40863374344256476,1.1656586940092106,0.9036495516041531,0.6790064352521608,1.4630641060451015,1.4194394732374678,0.4130264894142073,1.1896481611246843
536,1.4191620925593869,0.5763867114348833,1.0196708475652267,0.39626121266459546,1.2424916198165832,1.3570218081383532,1.3870369156116298,0.20499433340411088,1.4809638849747513
537,1.3744596165752774,0.35695119630030964,1.2766803432064115,1.264762099730261,0.3299869162274225,1.4512367126148566,1.0505404153869982,0.6197133201360138,1.2657192623565046
538,0.9930841798765515,0.866345451056547,1.0105735433473002,1.0533648460904481,0.8137881898273756,1.0090891711175443,1.1487713486295492,0.4870101196213657,1.3424741082430613
539,0.47095046187258865,1.344546426250601,1.1653798465748395,0.6791188677672106,1.0977134787360965,1.1237098734025808,1.4770898440786442,0.24416883787732596,1.3460002643689037
540,0.9224442259511761,0.6858207334922569,1.3787888188325401,1.0456871476356266,0.9450026260293858,0.8803696157957299,1.339162548622875,0.2773257863708066,1.4210510196897699
541,1.3896511410731376,0.32726287912640367,1.3013224428883456,0.3364828200713941,1.4888819339037829,1.2452042008488857,1.0305378778212553,0.5962669964810722,1.3434929572509744
542,1.1358434584674937,0.4359615753127672,1.5430154556363918,0.5213844510764716,1.1356825330435043,1.3022285034973204,1.5136730424017766,0.33051749766040806,1.245624914775168
543,0.7960991843334234,0.7753784306537924,1.5446946678998683,0.5621356639172451,1.3437481181467055,1.0665733576744827,1.4147308374189724,0.4392120275809921,1.1638567697781097
544,0.9223694997368277,0.6736026752878571,1.4139546057991963,1.1092181371894747,0.8827814869918537,0.8876884399664933,1.2331739935766974,0.6056858745584992,1.0893704975276173
545,0.7446199673839544,0.8885397638018372,1.31981786915638,0.8172125606921523,0.8811073395770739,1.2065378634200203,1.4334468233763673,0.33469849957837505,1.2675823474815187
546,1.0302907388223927,0.5705567329486324,1.4059566591359804,0.7924492611392598,0.9659599551999037,1.1278334030489727,1.2060265439426678,0.5922900339206869,1.1269508956366407
547,1.1018643115319724,0.47375222443766896,1.5083040716389597,0.6579600129539382,0.975203510173765,1.3249836938731356,1.3666853214999366,0.281422959833015,1.3797841683559589
548,1.4790023574622664,0.19388989763026623,1.40049850869531,0.38960431699962633,1.2581900178756773,1.3460080056999788,1.3666918350066133,0.2094087882991731,1.5246127149655015
549,0.6196946791817487,1.0224704035549155,1.311781263688459,0.8741894622903046,0.7922039852311532,1.257250963825805,1.5089915690530744,0.06870063265260541,1.5408353877129006
550,0.9787249019622636,0.5926656688864927,1.547331272509264,0.8511207938157991,0.7841746818330545,1.3144021321720576,1.1276362315879414,0.5258625612553454,1.3067866518532811
551,1.4165882162256052,0.1548879806033475,1.556414771370307,0.5796551388363523,1.0266210930518271,1.3909776555262616,1.2414804237155859,0.3654664876664083,1.418087665985438
552,0.9913491082780063,0.6177389217137716,1.3808670119748696,0.6555661224110038,0.9711423979735415,1.3382200405488516,1.2203787902774543,0.4866111051578576,1.2476605739986044
553,1.2315681368528577,0.34470283674715096,1.5119481680816453,0.608570798113271,1.119203695174794,1.1925275008626017,1.3001126252308428,0.40650131767433156,1.2752351384442009
554,1.3346478747608712,0.24963215651506612,1.4913696961543152,0.4791031620361308,1.1772487200247306,1.312070576655826,1.1211113367366001,0.6076993924491894,1.191539899440808
555,1.352146260045462,0.2816065654978943,1.3961947120062745,0.9036609436651424,0.713954822387551,1.35472997880712,1.5189042762031195,0.05513126321634682,1.552193930094279
556,1.269244020237914,0.4526868310318521,1.2439248442889748,1.2237119482847334,0.4177491172933764,1.3478458859191504,1.4302406775609884,0.3240476002187655,1.280818891565465
557,1.1489200478412427,0.4243001695584726,1.528181906589829,0.492732698771114,1.0780942663883353,1.5657428454924878,1.3538041511280394,0.31833729551478895,1.3416166566378582
558,1.1409235098062454,0.4573122571807587,1.4244283046375024,0.577635774318493,1.079120803609905,1.2928537850955644,1.461753238653335,0.30186073424836174,1.290476620348716
559,1.0913552740680745,0.4926010272213987,1.4663456292242976,0.9353388481277816,0.7037416795405194,1.310154964897375,1.4235801635846714,0.17856595212524967,1.4704689685726666
560,1.3083571160657637,0.2627985800183455,1.5573722691875793,0.33433091507575824,1.2888123213808154,1.395998454904486,1.5683161611819172,0.3124491580694337,1.2583576834995132
561,0.8663483754077284,0.9964179266784542,1.0071927687745865,0.9237290413971302,0.7595060672446576,1.231626112306002,1.522514776940911,0.34217531835558285,1.232322440369071
562,1.2274988174288806,0.5819810756292856,1.121233707597347,0.8342976022374797,0.9820951289238118,1.0582569961328703,1.3845791599785775,0.4164611500542571,1.202880002723136
563,1.1414033126164362,0.5938532091424892,1.187610094896785,1.1525094627439207,0.581069788599063,1.1926366656182192,1.2854206512296116,0.5319202296900265,1.1352708745971285
564,1.2604966426199968,0.3113384591130814,1.5461981395243969,0.6150147246747409,0.989054442489499,1.393901906937945,1.3746193629860026,0.5040046394505323,1.113134425834788
565,0.8018175724068817,0.8035974665570675,1.3836637355555168,1.3709312082324896,0.21653349704906724,1.4885969257106273,1.4042782355700436,0.34703694077096425,1.2692560713259928
566,0.44766557020292197,1.1390594107264884,1.4597973845707628,1.1425186742299411,0.4581270823924406,1.4181382456528027,1.2083380119918725,0.5417002313743632,1.1871349895782572
567,0.5547532185676495,1.0294050094904923,1.4615635683051948,0.28674163588941143,1.3617161914973552,1.377472817269632,0.614870911216479,0.9977741447799299,1.37250481530408
568,0.7749702838613922,0.7958386551220256,1.5672453416652465,1.3970401710629654,0.3459461829718489,1.2747882173216623,1.217418063209336,0.37384888065444766,1.4538770827185796
569,0.3635086800297474,1.371803553942391,1.2707794243291934,0.8312536713442019,0.74367377981807,1.5066018018579168,0.7590888744827652,0.835490982449043,1.416194457881337
570,1.2011464364094815,0.5556883832052207,1.1762484772080426,0.8216871707745976,0.8282498014982533,1.285783644962121,1.4575668622764693,0.37292725666252285,1.217086052457399
571,1.053253971016496,0.5335546986955756,1.4526333919377263,0.8049952851824896,0.8258710130037739,1.3232855362563685,1.525972580493237,0.43685752379951137,1.1365633025041093
572,0.3163108138827881,1.330335099824833,1.369325707786964,0.6576472400991057,0.9422965670272369,1.402762469038835,1.5278719189448355,0.5075721751798952,1.0653945353521659
573,0.6972605113393677,1.2694613335925282,0.9650052834118511,1.2417516696409927,0.3336789604811344,1.5173731652955167,1.5362931721717044,0.22070249652522603,1.352895965915412
574,0.6956847706266652,0.9612904954873257,1.2784591516865462,1.0959412138819524,0.4975373318646595,1.4334737440489442,1.3286087202293715,0.45439445842756343,1.1943655986779977
575,1.139146559495451,0.45501642809089055,1.435825421448144,1.5284929390237445,0.049637516512644225,1.544844410071918,1.1637398253436637,0.7123938186282014,1.0238197816956758
576,0.42425050704032063,1.197643690478889,1.3784398859158122,1.4178517557154666,0.16741741921300063,1.503235774921757,1.1046689527599312,0.7146036539354619,1.0736472269273702
577,0.3407904930852943,1.2310928921020163,1.5446408684046828,1.1323202248545499,0.4410559301480165,1.5261990117159476,1.415996338494017,0.37972779191298056,1.22698368875717
578,0.4458319294794162,1.4478773812609742,1.1446005079057981,1.206710391583948,0.36619932407614675,1.5332401554452946,1.416190471862616,0.5021205844842157,1.0973173783434145
579,0.6766723173578131,0.9267230790214009,1.3921408490421745,1.3892737743479433,0.24678679309673343,1.4054622654232902,1.256402398885854,0.421177371241481,1.3000754097499574
580,0.8227055540257072,0.8111522532214087,1.317053328267821,1.450824322382799,0.24828329871809907,1.3544883956150886,1.3193424993428202,0.5300245577820689,1.115099200040234
581,0.9909563940410105,0.7163676937507251,1.2004414209864185,0.6274088112757262,1.0078292607862023,1.3237647754068318,1.2391809179367168,0.5483583296225352,1.1515016338676005
582,1.2193747647181075,0.40728672921597153,1.3735234002595145,1.2758688601219637,0.3316420057810526,1.423556180188175,1.2090562080133562,0.6491387377749241,1.0586198500555135
583,1.1900729810866604,0.5470340524901623,1.1982580969218455,1.3878035939851567,0.26028060141109083,1.3877995419056213,1.4032948449893208,0.5817572930603669,1.0197362186176735
584,1.0837924131059993,0.5178292268738116,1.4087980241834839,1.1299483863292963,0.4418727825282321,1.542656175227721,1.258215305513924,0.6103902309701454,1.0659047918750104
585,0.9493703873264019,0.7526855943129519,1.2043787764388316,1.3351886103690114,0.253033986821474,1.4802295050168819,1.2315383469140901,0.6958255694137818,0.9909839292888725
586,0.9362349228786656,0.6389503351683071,1.5059713140934916,1.5058811032006743,0.06527653820065327,1.563947374868947,1.1182768008736328,0.8555330295646315,0.9078871362587894
587,1.1832280307405059,0.5275272403245814,1.2318171617645959,1.2082317041107113,0.3633250301827597,1.5483275879789193,1.4887128068363142,0.4507499393363245,1.1286776530213398
588,0.9221431436614816,0.6931239550510304,1.3611895127243572,1.2507316126827948,0.3370300643172451,1.4688244911884607,1.3197122736116669,0.519454367526294,1.1265740850894055
589,0.7641060670080831,0.9939639633230306,1.1309783253818704,1.2070646377530911,0.36716892464836764,1.5228771612265781,1.4831829470597355,0.45213222065500297,1.1284819957032228
590,1.265993979159661,0.4486068026279498,1.252323284708348,1.5108610520222325,0.09925245568680721,1.4917786640934585,1.5114582469152544,0.4391596165880819,1.1362235764458861
591,0.7512053213742783,0.8950344728597815,1.2941631332125003,1.0327400545711385,0.6222618684601264,1.2893931982212035,1.1676815487473926,0.7819763150066853,0.9454259086847169
592,0.783382399448035,1.2833696718375407,0.868155224284147,1.0412708160001967,0.5336821799075031,1.510488870062818,0.7729791282750117,1.2307173628080652,0.9103765682376266
593,0.8430611607285715,0.9907289684486309,1.0389877570835038,0.6968883772577653,0.8776708919530598,1.5099178702247649,1.491376273290688,0.6026581023543355,0.9748953195757282
594,0.8326276389336631,0.8623999882724648,1.2111605357198811,0.8824518836530958,0.6941539248587631,1.4951811722749466,0.8378035703485441,1.0473939275538784,0.9884543394912679
595,1.4835420939712192,0.3079122385183691,1.2762862965760895,0.7017634424145083,0.8899785093689154,1.4268627153452977,1.5537367347115825,0.4110270213589829,1.1601666991026496
596,0.4613135025549479,1.1675938370632861,1.3590147331254556,1.2421338963068036,0.3301093308899239,1.541030982251562,1.019859392912392,1.0014141697458125,0.8502587725386715
597,0.11462619520628935,1.460517908612757,1.539652741056782,0.9413335920520365,0.7197850460587529,1.2696246125881587,1.3093027625130955,0.474484966563994,1.1845617283021528
598,1.440213580151865,0.2107947784455184,1.406271597506651,0.7650322310837492,0.8265069951463855,1.4264124933824611,1.0766111094657569,0.865060656866155,0.9331892004150744
599,1.2289106486605657,0.7476425805296746,0.9378721945064148,0.4493522692260965,1.1399315116303275,1.4511344765310064,1.3750930085294393,0.557606030807857,1.0562600389116872
600,1.030445374924004,0.721781256349403,1.1432718745066608,0.7531848242699873,0.8204072235236988,1.5179569430430284,1.4831616915680017,0.46150637461774896,1.118967604100056
601,1.0122717153176908,1.0277619823287205,0.8333195301672726,0.8383858493632249,0.7327376810536622,1.5527570761653955,1.4304726853799572,0.4545569306670342,1.1415431980342585
602,1.5637915698983138,1.0557452746924676,0.5151082796551713,0.7090927245480583,0.8817853055258621,1.4296811129162097,1.5193684352772205,0.16376488326936767,1.4154546956346767
603,1.15000499686536,0.9742327097487277,0.7678754236588909,0.9097310036326008,0.6644266444685356,1.5136628074834897,1.4589388333189444,0.17920122223216942,1.431381859966842
604,1.5003278399572801,0.9703900827701081,0.6057128272896241,1.1311384367267803,0.4401641691642578,1.5510427876025268,1.1536755246761128,0.5721365901468031,1.2033988674234037
605,1.3362826199675544,0.7987887860104158,0.8260497437716204,0.5516563792523281,1.0761597279455786,1.3468294689024252,1.5038362815212258,0.3106071657116085,1.2679660222416766
606,1.197284959640198,1.2252441204103728,0.5211371477500407,0.6909193678480124,0.8798873445460463,1.5676024645810158,1.364105544095009,0.4782756656364947,1.1461897155262024
607,1.4508646763900594,1.109212168518147,0.4792996517001601,0.4852495169677315,1.1968424454189284,1.2765464285229184,1.4341927494833238,0.3200909393908624,1.2831900001225771
608,1.3950577988171906,1.094569060326456,0.5128210352226562,0.7193985919252319,0.8611306490467574,1.4724791166125089,1.056556526860485,0.5163869784336457,1.5278708510401318
609,1.5673044346305642,1.3331320158628521,0.23769095388049938,1.2217679218781232,0.35041156884686697,1.5409512228930966,1.3211241889264658,0.3539694642779011,1.3252382264087226
610,1.3750285932145736,1.291198098620246,0.3444027001084062,0.7025938039733549,0.9332152729078863,1.3165774939268793,1.1921050702193512,0.39072846705322767,1.4791568728509752
611,1.3601834194323101,1.5576416185212614,0.21103570500491287,0.8424199377490199,0.8987697447588155,1.146738903155661,1.5085913320345719,0.1833682075164424,1.398527161207049
612,1.3828658558994322,1.119051742330223,0.4947756274763395,0.9393928167343681,0.9204735881698342,1.0076334820651414,1.3228669112494889,0.30727230013782164,1.3930508075587167
613,1.003822413589974,1.2724906314870867,0.6588874850688942,0.8216103879552138,1.2083120637425226,0.8754433856253903,1.477842504672738,0.3958292997095266,1.1872253119367604
614,1.0291823210347346,1.2184720124706252,0.6691958590858964,1.223373312351493,1.1351319870879135,0.5730946567649295,1.3939594148332535,0.30342161280051966,1.3268745801085706
615,1.2172810963274294,0.7897515939617152,0.9019503651814161,1.222057364758513,1.1333701672896754,0.575499863739221,1.3890954596226859,0.2090928466720023,1.468476244897938
616,0.5364827947256287,1.1864070128898319,1.216102077043842,1.4188592515236418,0.7922951216998478,0.8014119449546521,0.8731866558752511,0.9350346224115572,1.0649922498802709
617,0.9524634806886182,1.0717371190079628,0.8506670426669813,1.0974952222249839,1.3747290298991648,0.5186546182791805,1.0308837749093158,0.7095697840615242,1.159002329055969
618,0.6190495053211769,1.2294426995606567,1.0770150835689056,0.8372011079796615,1.4265526528136465,0.7543301957447871,1.5015413189086468,0.7739812661863127,0.8016054995903774
619,1.0601497073786255,0.5198127558129984,1.4820221345314573,0.837455825578554,1.314084994520252,0.7979015381932462,1.4265166569855934,0.7703040361613014,0.8211931453974741
620,1.5335080766456906,0.051220884153643405,1.535696156405941,0.7633162747418087,1.3141610005118944,0.8723387233240486,1.3290377177786201,0.9597976308938502,0.6708309932946563
621,1.3963570849290472,0.24402302095677247,1.4019084184878,0.6109015782656378,1.3734281883984203,1.0014895260336802,1.2044321266836633,0.8290614604606252,0.8705249243525024
622,1.0184002038562718,0.6898249132367316,1.20242765515943,0.9763200636040755,1.2567544388418979,0.6939964156172027,1.0942573063629566,0.7402272253483739,1.0535967144932126
623,0.6436961978396551,1.123157160829337,1.1420421870358952,0.8479283798904368,1.232148257889167,0.8334698185460939,1.3962957574849721,0.2251192589921744,1.4300260873122992
624,1.3608491353397258,0.21065462884439476,1.5537998130877162,0.4326972311883027,1.4659795830620705,1.1526592345708937,1.3736698087170969,0.20572903969320086,1.5126899718794198
625,1.375368058268477,0.20636631222893748,1.505347299121103,1.4682480378943128,0.5986866623660033,0.9834156968843233,1.0829330982434882,0.4957192919121456,1.4898376022029367
626,0.9980166586352068,0.5790390662072484,1.4951069085764481,0.8121523301614981,1.0519084524333064,1.0122958852820592,1.281053373291002,0.2933810108570208,1.5260238579776686
627,1.1950904008525531,0.7112557257232777,1.0004781904993811,1.5438648462864542,0.7409833603485916,0.8305410135406779,1.24990807396671,0.32129634326867573,1.5551616167737718
628,1.2108977497815794,0.5723697030507728,1.146702725416409,1.27216781544952,0.8172595628234456,0.8402274887458782,1.344594516074365,0.3108159484330399,1.3613380294071813
629,1.1041956986899035,0.9289099919682349,0.8463673259107893,1.1770027814910056,0.6477800650809186,1.086352638264804,1.1504749861544326,0.4488416283197091,1.4226729983098632
630,1.5701700436569526,0.6005701216778688,0.9702266257614429,0.8987515905528071,0.8543058298734647,1.131250280500195,0.9434502006442071,0.63704425822206,1.474489917665357
631,0.8595829562577383,0.9455524259836466,1.069023151403843,1.0914531727106305,0.5047284376659047,1.4248916559836855,0.7688525489147587,0.956563946352555,1.1712804161838684
632,1.4543541134164055,0.7113354574168689,0.8731375465539275,0.9115545355892443,0.6977349304853958,1.37563384746527,1.4698492315503875,0.16757070599428864,1.4375022009911496
633,1.5688798022372432,0.5705003556448459,1.0003000117032845,0.9007991574308257,0.8680354524451805,1.1113611430454153,0.6710890030131916,0.9042947838988634,1.5039388625759629
634,1.4016808025670837,0.7653884370065679,0.8338065833704102,1.0736935599611432,0.7063706183514283,1.1148363160723538,0.9418489954784769,0.6673221085673118,1.3774250227080038
635,1.5563443796071699,0.618269410921131,0.9527480129592661,0.8567906840801557,0.7479595468410059,1.3860447841673895,0.9818423828888067,0.5917116148627831,1.520272810262852
636,1.4392151504523751,0.6008221950807567,0.9885695013138872,0.890267415389032,0.7808596989271546,1.249773698127718,0.8256589625957688,0.8032500690212587,1.3274335454488286
637,1.3354553542094587,0.5755123694360114,1.0566563312356192,1.246862967197197,0.39425743200621466,1.354076508717986,0.8867562336114436,0.6903954778725463,1.4917633837146111
638,1.4946077783518248,0.7487965798665017,0.8278113842245559,0.5452812029802043,1.2416451361911505,1.1531459590575286,0.7386100184172621,0.9391333728047464,1.2414483763636621
639,1.5532462197930552,0.61813225369638,0.9529901595530704,0.8503547209707051,0.8290518829013885,1.235340685210846,0.9506079246065496,0.7797353746363824,1.163995578791144
640,1.4781802246539963,0.8555763802425861,0.7238480479443106,1.163919949701943,0.5495811573258578,1.2229164937257746,0.7845620460258954,1.0532415326601392,1.0421548674666736
641,1.2475430784714807,0.8620651316251758,0.80994454564968,1.4656156539740228,0.4304538948891939,1.1550636550001248,0.8030761879873282,0.9982750595162531,1.0775651096737728
642,1.5367577987933523,0.8178826792399744,0.7540741835784004,1.0648649222398832,0.7118363603319998,1.1174230530901412,0.5891949536777402,1.0409683420337856,1.3376496639677804
643,1.2794009557702186,0.8411100743696367,0.8123495093118658,1.5159810524659958,0.5235503731965975,1.0507192133054801,1.1987939609164344,0.7076349209243651,1.0016459811299843
644,1.4729790138775607,0.7123440759781833,0.8681070336561917,1.153881978577808,0.7613962049689368,0.9781036407343655,1.08797389506218,0.7988705808020324,0.993434750289962
645,1.481737558461867,0.864550819101839,0.7142463139657856,0.9147785764912485,0.6620098423408701,1.4945539144084212,0.9086598441036624,0.6951580189140886,1.3901888971033594
646,1.3598988158151368,0.6625738245090017,0.9539896723842668,0.7481039021749497,0.865351638500611,1.3635155820103892,1.1817523432971495,0.3946590109624448,1.507797002102016
647,1.4432320146273596,0.7294330452038235,0.8576826044439158,1.0482847192077387,0.5225670300525878,1.563872512555812,0.9869956927261861,0.6993451134021362,1.2318519476301197
648,1.2310134905414063,0.5830718581924496,1.1171327027942752,0.9632937296342036,0.6079712166212629,1.5498341900610308,1.191081330039446,0.5500841362143983,1.193256946158257
649,1.3247933122210374,0.2921709105259625,1.41637889220521,0.6565053617277335,1.2643427402207121,1.0115067002170217,1.270550317800936,0.3971133572289271,1.3189216648933555
650,1.329732056329144,0.3759369968483809,1.2881204369812884,0.7314823905536023,1.3052613328893279,0.9093421468283337,1.27551280052369,0.5964320896642528,1.0696515370360742
651,0.9265398347823952,0.7572712346629331,1.2308775452923975,0.6564853357175989,1.436507665499445,0.9329449016028443,1.0340237324293755,0.5746760290280739,1.3854372311408405
652,1.1774915930751868,0.8718808378742641,0.8463722061152756,0.7598770812297208,1.313560722322972,0.8761287537461425,0.7711241594280563,0.8345785037205062,1.38307033368087
653,1.0899740300067062,0.7258529814376562,1.0745696173979762,0.9622560955072824,0.9682532855233288,0.9356499892473057,0.8872145723842815,0.6913280439093425,1.483518657541733
654,1.0076217608081703,0.8110305403363705,1.0581208273146554,0.9649576724090955,1.192403795522071,0.7461094005206668,1.1491265609329695,0.6250362216991868,1.139375469640636
655,0.8961642944562414,1.0501375888856292,0.9247927015766862,1.4634151326728473,1.2122564327223198,0.3756844236703437,1.0886141073398021,0.6453358352675861,1.1776939631265408
656,1.3178975198753105,0.8933016305709746,0.7408773472499963,1.1830226230061953,1.5430480581288828,0.3888719760642028,0.38489592460346334,1.2588188491848487,1.352835692982133
657,1.307271796116084,1.0322875940399285,0.6128688531131201,1.0082975192562957,1.4022686027730955,0.5932476618615121,1.3510792813824757,0.5516390870672931,1.073998103081951
658,1.4155220673977142,1.085752404061844,0.5134972297108596,1.2330535269769367,1.2328121118015865,0.4879005358428779,0.790405271382127,0.8769977765885659,1.255611573972088
659,1.496119766900176,1.1162126628243807,0.46160041379695,1.5519206216388577,1.4818786806248574,0.0909094345686401,1.1531081516876027,0.4714367717166702,1.3651019793086694
660,1.4701597191209865,1.126158396325989,0.4575020006208825,1.2966262147446215,1.3418601235903698,0.3610753136472135,1.0538723549311921,0.5260239350112204,1.4820158639129817
661,1.5343091094683257,1.2155868908522576,0.357245141868217,1.5568834172536896,1.0242934016917755,0.5467208664092574,0.8638776449069876,0.7083236333244507,1.5335320002600676
662,1.456173993563207,0.9002461595700165,0.6839434962577197,1.0334198252305449,1.1376079247285171,0.7234693930157741,0.5956986335732232,0.9976763764659504,1.4261496479595839
663,1.3822946483332677,0.9563857944943229,0.651233660986233,1.1956894540093919,1.2873426548605842,0.47902947431288795,0.7385591978445272,0.8858661055393119,1.33844460171442
664,1.2208255892031064,1.034514312794588,0.6627966027622779,0.8742882017192285,1.4018558605467668,0.7250999586508475,0.6469140854977754,0.9831373183166323,1.332094629391184
665,1.3935440924600886,0.41827159973608946,1.1961819039482977,1.2627667206620623,1.0205065329392213,0.6490955451757836,0.8004959753758829,0.7961646970856264,1.4092807528748617
666,1.449724446988161,0.3945428801875241,1.19725055542721,1.243678286265525,1.0253873057801133,0.6563331608758666,0.8960851141637186,0.7422124413905509,1.3096662027143988
667,1.5612249543586507,0.40282048836383244,1.168102862908465,0.37214224090715575,1.22799016652729,1.4316781045260707,1.2539969851434898,0.6241360710549818,1.0536066275220928
668,1.5379761528590508,0.47022041453969177,1.101910157940135,0.6162583814035234,1.0544604376173423,1.2655259806216113,0.7512314814101728,0.8881584299114169,1.3071806755739481
669,1.5497800053055948,0.2617992218699012,1.3098817027356038,0.5136926459874618,1.5278846442170555,1.0592564754930862,1.163523400095937,0.8166459989887899,0.9124335833203896
670,1.5084050572391172,0.18803728740257938,1.3936451299481165,0.6364744563634068,1.3932854678259965,0.9672960505226694,1.3311951995377862,0.7220088199030799,0.9061054009513326
671,0.9654150301525777,0.6053813095398742,1.5706864603839048,1.0816666190475825,0.8312375629062982,0.9641742787245964,1.378143169925924,0.5775723798242897,1.0340757179101758
672,1.3455626645691463,0.24303350913038416,1.4810468145385942,0.8377466354512605,1.2184632497516603,0.8524319804570092,1.0176282081217696,0.6760376978531494,1.2240679445825162
673,0.7283559232020566,0.8539181961868207,1.4638820168115678,1.1895310206861418,0.796405887455191,0.9142682542626848,1.4568497861162242,0.46737371528980676,1.1196911749569725
674,1.3279512921436416,0.24445903702446056,1.5433019738931988,1.1583470923219144,0.9241154040913765,0.8091467529281654,1.1817664156302827,0.6200745325538815,1.1149310871156142
675,0.6108307774258499,0.9613494958476906,1.5347358448856252,0.9564614242097783,0.873595728737247,1.0408851731230608,0.9929575250948014,0.8051189957859499,1.0809453130207805
676,0.6639086640254932,0.9147327663379454,1.4835102015659036,0.7947617938600574,1.138786347006393,0.9545503882082909,1.0492789052708238,0.6892696957016439,1.1644006884423463
677,1.2473641687873067,0.43409622267842013,1.2917148593088417,0.538696214159598,1.3261619262027966,1.1015160087023936,1.0756824747218696,0.609462917472149,1.2458550051916433
678,1.313354592612871,0.5911094595829984,1.0521319542963454,0.5323130102430362,1.4844346300260622,1.047030694908907,1.4519668617548351,0.5864009042166352,0.9997425578690844
679,1.5456209898538984,0.6805779670639479,0.8908662970376082,0.5477648577500631,1.4001454624176557,1.056051191886085,1.1122943598772663,0.8403125137329166,0.9284366696637685
680,0.8842256045298469,0.7130701442152836,1.4085014689099469,0.8098202388183188,1.0336043532366854,1.032824067279656,1.049745420599883,0.7770888484131191,1.0542769411608077
681,0.7691246994425598,0.9376594983590325,1.1965410643766252,0.8194829902497169,1.2025570664761265,0.8815113161621713,1.0307528581776813,0.6878812283680639,1.189138695111871
682,1.3517677687344234,0.3298713790783738,1.3281863877000364,0.3246494309590355,1.5387099087936793,1.2478529118038517,0.6021877521909259,1.0971580996519223,1.2282653538006905
683,1.2578797860915927,0.44890090322740117,1.2599166615375805,0.6980531623873646,1.10297423453848,1.0950712329418035,1.0244124101775267,0.6743267479496586,1.2172784525482316
684,1.5589030487613698,0.5413299551515147,1.02962653251749,0.5339719100751394,1.1839355816093426,1.2221720739487807,0.7937814925415685,0.7949001541965458,1.4366620629536875
685,1.529532590759502,0.41460712835252134,1.1585018460957894,0.5768434547906288,1.4215569569879911,1.0184082648861967,0.9465827465165393,0.6481984978966022,1.4188087681258228
686,1.3866065141880726,0.2721443806389544,1.372760585807455,0.3223331017015459,1.3179207789915632,1.3752453632016948,0.7398945080622003,0.8362975566796345,1.4974457929373766
687,1.3849466313549408,0.27868147599917764,1.3655714489988475,0.2609710677971499,1.3098264321609576,1.5700315414706507,0.9884868261849976,0.6457506767917632,1.3239378154826773
688,1.4118610430951442,0.27594561738792645,1.3471615102681536,0.5458659551543283,1.1185940683363123,1.2866260838596086,1.0548882959081862,0.5806561332319189,1.3285109726761568
689,1.2897755472861443,0.3936451574218741,1.3026400208243645,0.17959295968429453,1.4517005271160353,1.4370129108511298,1.1817219343142353,0.6070115851440872,1.1307230425707964
690,1.3724740283401597,0.4246541924296141,1.2005528489294144,0.9523329879862289,1.430907605108478,0.6389019765258446,1.1428628993521222,0.548309417246298,1.2499156840580212
691,0.6445532404210557,1.0881601122301894,1.179286318468531,0.5556554108549623,1.4210343809678496,1.0403023251425678,0.984907788068978,0.6968804004615343,1.238848204386915
692,1.017731481382133,0.8344967675297931,1.0209307603219215,0.7010792582674432,1.209908906214599,1.0005822310067067,1.1422342250493245,0.828174304714338,0.9168770953660526
693,0.7187742693646884,0.9161860650829189,1.317343342410589,0.7924982722107825,1.5536507476709034,0.7785920250907762,0.6392059340070179,1.04307726618582,1.2452233347059412
694,0.44731614530720953,1.1483740214532858,1.4324389797970223,0.5070109390513065,1.4332389403334969,1.0862553338034604,1.4106519007751903,0.4183533976869392,1.1878522176335664
695,1.1747825991329903,0.4042367781667438,1.4939076753819263,0.7291696579460587,1.3190047774980196,0.904707685222035,0.8105534805143372,0.8280393925444914,1.3075068479826184
696,0.9925590465479653,0.6087654424824958,1.401757899325907,1.0845857732226616,1.0583885838109341,0.7440724662417164,0.8610739779968676,0.8681311540761075,1.1623662915847368
697,0.8484157428337132,0.7748286739639204,1.3401025753654912,0.9948874082731441,1.323729380240163,0.6397431426090241,1.0806857642681038,0.6832380002959583,1.136605585281968
698,0.9982669523617517,0.6209965360560955,1.3569413191519224,1.0271546519225545,1.5149535778755068,0.5471537359505645,0.8236377315067941,0.8608857540597867,1.2273286131307213
699,0.8903082967861627,0.8622548891937928,1.1317415471389316,1.4950203970019527,1.0702421464689207,0.507330837839608,0.7201236189322546,1.0476086795138202,1.1258314764862656
700,0.8699927131691537,0.9750123070150735,1.0251918965273323,1.054991243468698,1.4316039384638277,0.5379511789801934,1.3409042659726542,0.6240229860076721,1.0026872304299235
701,1.060711025821868,0.7450066737570332,1.081068517855756,1.097647482563909,1.0598935930349713,0.732038304622647,0.8653772760421475,1.0142546533260712,0.9905159560140185
702,0.9347508908318424,0.7293170777001649,1.2640514918395367,1.5310592376251353,0.9864407843824664,0.5860692770433353,0.7407474778005764,1.0507209340965045,1.0966632257269677
703,1.178724247767004,0.6480941921195982,1.0845106848846269,0.6434995700087982,1.5350964680804955,0.9286242929069654,0.6102292993289304,1.2095203363755478,1.1028466049302554
704,1.2410806796081,0.3843795146317536,1.3804846133445796,0.7848527641171963,1.1258721098081435,0.9757430781226507,0.5295164167059768,1.2238507461748886,1.1879858986522496
705,1.5665047013018123,0.1067693180799498,1.4641139536425796,1.017310879764707,1.330396179570448,0.6151273214167136,0.6923999973552818,1.0736741501163907,1.1325101611243948
706,1.4424245601841534,0.4180256653226964,1.1753253876902128,1.108138862289848,0.9652074924812832,0.8086563677044137,0.6035469743901525,1.069062305111551,1.2646705069868798
707,1.3383510313692335,0.26881298782893936,1.4382270683095562,1.3046104673845926,1.1933870016280093,0.46986783261305476,0.20097411984795444,1.5411715482200723,1.3720768719950733
708,1.143674420770348,0.47080095250347637,1.384937331318718,0.9994851527464359,1.3424559589617966,0.6263644763506867,0.6032235289404329,1.123950257562851,1.1944147964751375
709,0.7963694384600827,0.8704731441836995,1.25639221541599,1.0333714793291833,1.2964859526517394,0.6177181969436658,0.7303442074512694,0.9531514569972246,1.233241165458956
710,1.0765192507583636,0.6545595524196702,1.1792980868692087,1.0027290870529937,1.5104051710100252,0.5720759299729576,0.5488925077564285,1.0641718686742623,1.3778494219511082
711,1.5677304521624662,0.398963116857052,1.1718463396350876,0.835592021483934,1.2691350079622992,0.8235982404883893,0.5875566577556119,1.0083515815490245,1.4188222593679995
712,1.2605236505404598,0.7363406892831657,0.929586413054971,0.8724308387613084,1.29398973019658,0.7734879975844656,0.6802200474625358,0.8972111035560776,1.490215747703275
713,1.1636533915283918,0.5798090165355763,1.182497186857691,0.835049881449633,1.118258158414481,0.9289805008842422,0.4581173984721476,1.2526920505054897,1.2527787491874043
714,1.1877988180569568,0.8908309169107043,0.8204271967309805,1.2208125631090516,0.9684701791983903,0.723802064209534,0.5096752754088462,1.0771330766764087,1.4543356309687558
715,1.2701195482186796,0.6721360930419917,0.9911681752630751,0.8888270861685127,1.217514029301603,0.8024102149477289,0.6098127620718716,0.9758940656197977,1.4525294027796707
716,1.146168959429652,0.9318558923017553,0.8107652486916953,0.7237672291841469,1.4131076502558564,0.8719652847062402,0.7313672609840979,0.8535654218980381,1.4520672704566506
717,0.7338015876116829,0.8701590678881873,1.3885420494948024,0.9485531412898415,1.2033888979728102,0.7541253843794798,0.8864629409952101,0.6848743008897893,1.5477734027349328
718,1.3276262368925413,0.30130159099792464,1.3964403491436344,1.2822741428898807,1.2228422562185668,0.46016939754034747,0.34830766724939566,1.3264015055208411,1.3276979998510414
719,1.3321013758666325,0.30668853334378293,1.381941244541151,1.1392537452079412,1.459959991779831,0.44743043742715083,0.9778272721611575,0.6033116807432921,1.472528335899981
720,1.152320164028344,0.4623420905197119,1.3858382045116067,1.4658684478945414,1.5046406007913078,0.12417244478190255,0.8953560331724407,0.6754704427007069,1.5653719881519086
721,1.3576865623166112,0.21388982671623052,1.5528215936179885,0.9985020388617111,1.1818765095588437,0.7223048533128008,1.0266322399391696,0.585629976053661,1.375947896216849
722,1.3434778428559973,0.37857518009268326,1.273499092952709,1.472059551341473,1.4334868568762387,0.16949052779068002,0.8772076299302082,0.6975940725722369,1.5079781941345451
723,1.1735753674706662,0.5369850102526244,1.2295119173740099,1.1459944080381281,0.7577046577272794,0.9884745276216771,1.0541134216021344,0.5399600481013135,1.4279530662023978
724,1.3030569593656587,0.4117994871373419,1.2657203574390992,1.3797354340935288,1.5269451715747044,0.19615004177333828,0.9294390903649725,0.665882355552872,1.4163129105106782
725,0.941823887773965,0.7054061596279855,1.2948459618639776,1.5310862713541578,1.2049611818911592,0.36818795926340575,0.9806657054272644,0.6546580798724562,1.3210518161839184
726,0.9488903259423678,0.6245703033847921,1.5205217617117026,1.0198049743956508,1.4486285743145708,0.5675032621074866,1.2062260324016247,0.36593549479523857,1.5406102112930753
727,1.0671307981800155,0.98504599877861,0.8239922330931178,1.0001614113940709,1.3948123304928406,0.6038681597496678,0.7530376633946027,0.8349723388561028,1.4394415140791195
728,1.4023351278066976,0.602918515433981,0.9983449691999364,0.6198489269009083,1.5561746780676229,0.9511734728597467,0.7441513849839921,0.8997869921698974,1.2987649734536406
729,1.2383548229120698,0.6765288081783867,1.007109320657018,0.6776173081528163,1.4889706981579334,0.9000282826366767,0.8617606597066555,0.723197568308175,1.4520875832490738
730,1.3897607322843357,0.4919822280014027,1.1188528453436013,0.9184670534103467,1.4139725856101193,0.6774506807368043,0.6820508046615699,0.8966480317498251,1.482812704517563
731,0.9466863759566233,0.7942505829812324,1.1493358663288473,0.8417556109682716,1.2073545859166663,0.8557675032265386,1.105153835301473,0.46882793580374243,1.520158494321365
732,1.2449155304340698,0.48029223107096736,1.2311558346344325,1.203319913544891,0.9262862634741338,0.775435191588006,1.0694139553401099,0.5031449290676421,1.5322194607738402
733,1.096231289499838,0.6468147313443011,1.1670008433737227,1.079593317034597,1.154520845351153,0.6703794963894255,0.502609573881604,1.0681982324488282,1.5676831457222353
734,1.4342783946059379,0.19170197315009962,1.437056269924468,1.1197553394998299,1.09622612040506,0.6835146591694522,0.9808429738472495,0.7328887601545166,1.1900557290993068
735,1.0392544541546507,0.5736061750721343,1.375719559805609,0.9849145262542602,1.1954113291591424,0.7254088261806033,0.8666476215131776,0.724552177455285,1.4281994058560934
736,0.8783821155633019,0.7405780931331072,1.350644525139063,0.755291078283254,1.4509779980962365,0.8298333874063749,1.0766908737942067,0.5239217618803048,1.41082865741552
737,1.5527630361863098,0.061620345382605204,1.5118801700723337,1.3905955100311151,0.7061014551689366,0.8974200667875216,0.03736504924782813,1.5465401340396034,1.5423803613986122
738,0.5918173229872423,1.050425551860056,1.3150155181322931,0.7957885300339718,1.3505843530177652,0.8227577948464313,1.1836636671460918,0.3889745902948627,1.534868074194167
739,0.6585491984442231,0.9294920522690054,1.4415375497256637,1.1086108683293752,1.5482491676614207,0.4628219125586423,0.3335378156350153,1.3297975748249462,1.3447828011797478
740,1.214014448747951,0.3761729381717414,1.4566489305067634,1.3717148608076866,1.4912333101883435,0.2147897391391257,0.7491219990324415,0.8740048066663759,1.3409642027856694
741,0.8297131486993606,0.7712314087567255,1.3964434755998278,1.085272461521692,1.3436020935301198,0.5447297228938126,0.6420420671138795,0.99732082071334,1.314556810601366
742,0.8553526749639077,0.8221917683684231,1.2383849612534341,1.0186936313230004,1.297818475628336,0.6307041939104318,0.7215403977030908,0.8506516396235724,1.5335843363941086
743,1.0818762548893845,0.6483078638946702,1.181528936165586,1.553269276766125,1.4442860073868216,0.1277315986581014,1.4157416119349113,0.28005717504871513,1.3394951811911873
744,0.9239548153720044,0.6865153939166484,1.373169192683468,1.3354200048840263,1.3126555583378419,0.35305791679536874,1.025382939390019,0.5595070155073018,1.45834884815193
745,1.5196293783625465,0.29249647875003054,1.2830713527625714,1.1751193166477507,1.2506428359942627,0.5208257945289847,1.4306467044271163,0.1537839834352031,1.507905725006131
746,1.0903461171361333,0.5300967129419492,1.3642967369432935,1.4038099279395435,1.2267407781510888,0.38551410360087385,0.8597717332839424,0.7123456604557503,1.5346396427388218
747,0.34542305197172435,1.2566087877248482,1.4320099813258858,0.8335652907425959,1.3046332319287524,0.8064973783040816,1.1704078015485027,0.4831862648982559,1.3151768168020699
748,0.5945895361127104,0.9956905368646546,1.4364665347975725,0.7781395672665886,1.504700368065247,0.7970198686844417,1.1858637691760228,0.38673341153175955,1.5353517881164571
749,0.38577132026784827,1.500765657431347,1.1920990485659613,0.6674402637737639,1.5351001125740864,0.9046664409675721,1.3134614742552946,0.3285514998961218,1.3711159718070287
750,0.45555598524849494,1.2235927148150654,1.2881522593492916,0.7918502586960183,0.8132961647161707,1.3844209587813432,1.0965483124595037,0.4745377053119005,1.5554518549134233
751,1.5087222537258693,0.0741672918843599,1.5302578966945901,0.987065624341777,0.6739308741231872,1.2737035151376837,0.7903011226714287,0.8082690467318477,1.4033847267780941
752,1.239146688969665,0.4875194520918714,1.227310994613682,1.2814069031764312,1.2941149707169646,0.4061069083587032,1.1593710731260103,0.4116249295473498,1.5586961550554659
753,1.240299098284865,0.3499244194325735,1.460019996510686,0.6675541447433236,1.2775623951342545,0.991490192914301,0.7967966372900056,0.8137679573966368,1.370071977992952
754,0.918640335313005,0.6848798083029309,1.3914317591462158,1.0372457344761916,0.9733914988515161,0.8607553743812724,0.7693201778600691,0.9005784590157929,1.2522442894360695
755,1.4246324908747894,0.16680484454153383,1.4909959465937896,0.6309593428322229,1.231346807380296,1.062181785765049,0.9840334795464174,0.6486693547887883,1.3266757005356353
756,0.4768770552211552,1.0941296330321044,1.557698478441537,0.8009569488893608,1.2541456981609396,0.8671667822857115,0.6477406465788788,1.1025451919583322,1.1587622031214424
757,1.254245428375148,0.3201012443835287,1.5248377903981312,0.9290962816480909,0.6748001447712182,1.3908582696468041,0.559347150954782,1.1389165822129919,1.2385855350851762
758,1.2101648824898537,0.374972782943169,1.4725403229318492,0.5028563319942724,1.0990675686173688,1.4096221925713799,1.1784310488675716,0.7046598774379554,1.0205724592115202
759,1.296541552878638,0.30568991554502484,1.4391805467190573,0.16667212127939424,1.407253348261781,1.5389379636153342,0.569651993614268,1.0681420036599736,1.3258667985803823
760,1.2407149774175774,0.3347437586524014,1.5171391549604976,0.5423594829703821,1.0581928306062862,1.4092204148306837,0.8933933278565063,0.7896606330694659,1.230468524766003
761,0.9203568209041426,0.721901257978939,1.3030339719551516,0.29912646983106694,1.280581030819408,1.5003613363114825,1.5396810989032226,0.2633019432271614,1.3094264850697095
762,0.6940951781052911,0.9849739596904018,1.2432209310609732,0.12273606291718285,1.4958031714139153,1.473818713512049,1.231543704792294,0.3701839995212251,1.4283798925914577
763,1.2181943527774033,0.6102833135850835,1.0957662762591258,0.36144024565024646,1.4254396540972758,1.2423254625629623,0.9636634240787678,0.6140016582093689,1.4903786939715005
764,1.00229245681692,0.684989429888601,1.2320596225620264,0.244939909238125,1.3840513905598515,1.414159372573947,1.1034229722277333,0.47327089911752873,1.5017137001282457
765,0.9702026505764549,0.8834448458616341,1.0153769542379365,0.20751952735190538,1.3633784461477163,1.5643949468541984,1.3326368621999798,0.24725787768935029,1.505596042888547
766,1.096555980060784,0.4876786905500983,1.4656119252978914,0.588389136764096,1.4090022358501464,1.0108622304023012,1.0493377806552207,0.5574827819550736,1.3916629700855945
767,0.8099237139475254,0.8464473305408868,1.2742118070361623,0.4004071194404246,1.2396138117296711,1.3541430714682563,1.3985521541129071,0.32185724440250846,1.3016874000361243
768,0.5987411819789802,1.0796590683779523,1.2571086427172706,0.16900431513831848,1.4823205499705354,1.4271808387058271,1.4588002429914677,0.3857060631785186,1.203354267821892
769,1.3412545388642254,0.43876445481958154,1.20386636848725,0.295360105420114,1.4988403071678709,1.2848491803216746,0.8287735459768226,0.8910561327112301,1.175631605074829
770,0.9050969207142355,0.83636897302251,1.1465517670614955,0.719310810508452,1.0081914758407817,1.1736593571114247,1.1041731942433972,0.4906872537943543,1.4300681181594175
771,0.7077297094362054,1.195485794293197,1.0040219398247567,0.6091449521291666,1.348175046865219,1.0147270299620768,1.1375989433080522,0.5401980612808112,1.269087485074859
772,0.5364546078230517,1.0778146591437712,1.3765883004878277,1.1937738120673218,1.0279383039955632,0.6871649186430371,1.3723443225960117,0.37002942531027455,1.26277086915264
773,0.941464159316671,0.6523387966413428,1.421753517100248,0.45062157177302703,1.5205051700646568,1.1234059363935944,0.9018853613856606,0.7338495328113981,1.3150778720875202
774,0.8034738900304307,1.02317789044585,1.0506805360104023,0.7729613042105224,1.028083776270666,1.081586552998654,0.40814729678095796,1.1983752052331345,1.4115857102207323
775,1.0594358242331652,1.119090061847726,0.7151782352430268,1.2744255976259597,0.5229063716655727,1.1537071104392207,0.8757012202225442,0.7051494321234237,1.4710908515748846
776,1.3094887554739914,0.9549669463664113,0.6851321595011259,1.421363166847492,0.686367225072103,0.9071469897466227,0.36132952406127583,1.3693987605203561,1.275024460132969
777,1.0785961054021245,0.908815964483119,0.8872514719841185,0.6837519137072127,1.4502431102018989,0.9018587209483717,0.9016012088351046,0.7217424203836921,1.341468218169319
778,1.1338745345527312,0.6845595625186931,1.0816434364866856,1.4832701573510523,0.9133087976096128,0.6653699375529452,0.9326743192130941,0.6465411696730538,1.4808040883756564
779,1.3280501732738128,0.5464022993668635,1.092037414434078,0.9022919020470722,1.2043762498271569,0.7979289721254029,0.572895207331369,1.016401048877699,1.4411696930840052
780,1.0721114192417538,0.7584459862727585,1.0537841403173533,0.9256490826787747,1.1349485598707163,0.8252565732578008,0.8413191445841639,0.9392806779217272,1.0981228372291543
781,0.5451540160930594,1.4789516486668783,1.0351761041074554,1.427835293893025,1.356663070148307,0.2587193178163509,0.9860410292309247,0.7035148363917026,1.2267300384106599
782,0.9218507694482075,1.2701310565609638,0.7382714824196155,1.166193699314293,1.1537147194444624,0.6002607791956769,0.9048988456659609,0.7032739023159292,1.3782698146809615
783,0.9129422238092721,0.8455126763169434,1.1247148195747048,1.2872307077336451,1.568102786195588,0.28357912388659046,0.7632343820717985,0.8291904707125068,1.4233620789650163
784,1.4647461345460646,0.23013340623099948,1.3673349566869268,1.2309236297154265,1.3330365160018582,0.420453106513496,0.6183843951711248,1.0664525233330666,1.2448022073431697
785,1.3483149112389272,0.24153874673128486,1.4783145056876268,0.9919006889957949,1.184552371802055,0.7264919672054606,0.5074260422866573,1.1017968330514494,1.3914303910246844
786,1.3708572939989243,0.23688879138881094,1.4454536697773603,1.2565122609718866,1.3246508471623897,0.4045689277788235,0.40572908391852186,1.1749130994278896,1.486590240558112
787,1.277728552617733,0.2980703452971772,1.5179706901455632,0.6723058783539084,1.0077080165257395,1.2441989561478186,0.4430790721278788,1.1300162447475879,1.5286227164872985
788,1.5575236244379607,0.4363686280315984,1.1346576822197278,1.0710827353798889,0.5199392419275103,1.4391549171290579,0.49029624975390507,1.0812318303667832,1.5461430203848956
789,0.8089800279920324,0.8165584395936691,1.334700452386501,1.2615718016402024,0.5545563972889239,1.1266110431843461,0.36112947401425827,1.3728888230993914,1.2728355961388258
790,0.7518337061417596,0.8584883094849332,1.3712555610304233,1.0626755954568314,0.6805212600297811,1.1604087021711098,0.5800526486773145,1.022619721781113,1.4002651406945306
791,0.16712876171337918,1.4539812602135567,1.4518182217456208,0.4912652484989693,1.1282984969038847,1.371523455097994,0.5730638386944936,1.0464363009370057,1.361101921971007
792,0.6535390289147531,0.9461741470241182,1.403634873951512,0.35130713241288325,1.232194212898555,1.4807518967416944,0.9343100099341944,0.6930912415098623,1.3342095585567846
793,1.1826509854529468,0.4177301315432767,1.4241879686786467,0.39641157494184687,1.243013060718919,1.3559986819223517,1.0227513661595857,0.6523428105256245,1.2539983100495677
794,1.286431683244836,0.4774775428119707,1.1982753134582511,0.021450642529380424,1.5509186355683204,1.562734668571271,0.7381006579037096,0.9190562330075468,1.2752301469930167
795,0.632287735708203,1.0059300402430538,1.3176576871738628,0.9395330922051557,0.8106943171232769,1.1365767519262564,0.6323440377633631,0.9699006359122448,1.3976869222458137
796,1.308891177271323,0.29831083874333,1.4312736516432527,0.6186166630726365,1.1293203321862277,1.167899242456268,0.8995192110464998,0.7773227738937964,1.240708495353826
797,1.570401877869793,0.4577579698077252,1.1130385532218343,1.1551816382957576,1.4384802242920174,0.43869745830857265,0.591456821037094,1.0369624826124604,1.3408052430015147
798,1.0253620500205844,0.5455540309328676,1.560489256071163,0.7514984377973066,1.362865680544793,0.862189092188415,1.0575443344239455,0.532748468167591,1.4405371979776156
799,1.0607522876455833,0.6610833636200054,1.1893101056059916,1.1605400227151128,1.3839027991361335,0.45560023496417895,0.6995802958190319,0.9021068362366722,1.3959685063744163
800,0.9893954924156495,1.0345523747463397,0.8482083582089206,1.3244215238500514,1.4529724215420374,0.2741625369431061,0.9869824195949498,0.7518967761071096,1.1556216206657612
801,1.237608941892734,0.7176832854123842,0.9636225391936406,1.4223911407619148,1.02045787357366,0.5745728966017716,1.0294923655655954,0.6301801985293203,1.2807821139053461
802,1.2561668905962047,0.43405888743500887,1.282018880438237,1.2700777629139686,1.0193583463649405,0.6458149351614957,0.9954246689105202,0.7412440212241371,1.159541880888399
803,1.0523234573745224,0.519017513555651,1.5491379954056956,1.2914773627770795,1.0063736197877535,0.6457488179959657,0.6322187800043831,1.0715836934702478,1.2170256610177788
804,1.1764967890049787,0.5649837129002575,1.1886337088685475,0.7490474984042865,1.1541630454259666,0.9912524091858878,1.0432325135098317,0.6372062129600654,1.2481692852571729
805,1.339082370139874,0.2711555610113121,1.432502276779259,0.6270622463172512,1.1376595635692357,1.1482990099928079,1.103288816944872,0.4688758067406748,1.5375930427727333
806,1.2192415219733896,0.4126532064021261,1.3637684608209908,0.7772026483496723,0.8113313304808207,1.4372593030854286,1.2221664247487602,0.36311759051074727,1.4733672960656448
807,1.3504876792978147,0.3807960732954797,1.2654488189250819,1.124803481612964,0.5155750680490075,1.3296832467047992,0.9006712844464244,0.6749270367567572,1.5023313085135819
808,1.3662452189257928,0.6869025720800372,0.9263794601521186,1.324077743952978,0.4542231152783502,1.1976873979496394,0.7363791675506022,0.8450216447126045,1.467941970135967
809,1.4956037829294835,0.7087255993604924,0.8677861781509774,1.5052209325715897,0.3719741443050558,1.2052074448171728,1.187136057879514,0.5423470110789598,1.2074755932149306
810,1.4807085388051378,0.5161452836341222,1.0641335204933524,0.9229070824370025,1.328380764383495,0.7069174201993353,0.46638284048474005,1.108371352091977,1.5144649167433515
811,1.2712794041277742,0.8899842111878155,0.7686295832096925,0.9414888234096498,1.195924961248271,0.7658934857456013,0.8447069338963402,0.7780323237406348,1.3411785050638405
812,1.280340414254893,0.6266863934171661,1.0335379530614035,0.7215366201057366,1.4650276919524754,0.860513801568188,0.9383035412804106,0.6339054500935336,1.5340767634134462
813,1.4920600109030793,0.33449074433095755,1.2464108131662621,1.1923678258791472,0.8184809509034217,0.889593155974106,1.1156698554338602,0.5717966021705778,1.249697070439577
814,1.0491118502952996,0.5459990432353724,1.4243295493112982,0.8598973690660704,0.8587533643995676,1.176868975456354,0.7759025373287131,0.9284901174784823,1.1994843403646647
815,1.4083771821025537,0.27367401525578366,1.3525089770983556,0.8186858887009443,0.7560376261929656,1.5081496564060277,1.1865309151506451,0.5248537339679278,1.2318468585549944
816,1.3062666944670964,0.540343211468607,1.1118154916238763,0.930725298198461,0.6804218037606476,1.371791883653414,0.3627190635800147,1.2836647518652122,1.355377231442232
817,1.2067346346811567,0.43835234134135037,1.3376742440480218,0.9063149191094209,0.7378632153474978,1.2986015174520764,0.8137016019939541,0.7720266297915038,1.4483497357955308
818,1.5308967794685748,0.16988125327475004,1.4057558353196768,1.4597798111055815,0.12128182018863946,1.5221645808641,1.173335667737503,0.6104171578903003,1.1342901456563825
819,1.3982615242882575,0.4480972122734035,1.1616952277125223,1.5656215621255223,0.2361296048793164,1.3347255943584013,1.1183724226210296,0.5224382169431439,1.3277912306861466
820,0.8307333005691201,0.793001699858214,1.338771615910741,1.2964857154531098,0.46333115706184547,1.207364164439558,1.0600325090353973,0.6248624584694562,1.2436838113103585
821,1.2534673340572284,0.3634614063777623,1.3995916312811496,1.4329483002533372,0.5102743987418225,1.0829908638255912,0.38320413162097183,1.3745238571525091,1.246113766731597
822,1.032560427456627,0.5916099702737334,1.349341535879033,1.1131197465144824,1.0552283375289029,0.7235630249833352,1.0362849856186112,0.6075272586438006,1.3102789046143852
823,1.3062109637969166,0.5445149415188602,1.1072232728819997,0.9102261061041843,1.3947475337864073,0.6919949082388033,0.7156003171458215,1.015023532712388,1.17021078413599
824,1.2618142513724542,0.4736057119365326,1.2239493556294891,1.5217585007322172,0.9717977124446502,0.6015760253980623,1.0874714478409533,0.6661759270211872,1.1512454815458226
825,0.9017921628869501,0.6814691956924338,1.4602837162797226,1.2426852273492481,1.5413637908998787,0.3295279082367446,0.3670220997537063,1.4302304241972499,1.2341151943193696
826,0.9337087031022852,0.6399168493972054,1.5187343890361304,1.5013168156257102,1.0368068927568588,0.5394734422626634,1.106983790833368,0.49505851937242534,1.4101942209133886
827,0.6536808475426389,1.055089134914213,1.2070111374452739,0.9679442043783286,1.1641179793374488,0.7633416851502517,0.9891615262344878,0.619403610836005,1.3820399653860653
828,1.2222209886566753,0.3510070733214323,1.5312159480699807,1.0678512300824134,1.2952468132879245,0.5865550937576236,0.8473505667842983,0.8091990498387972,1.2739031886466916
829,0.23342093160519062,1.5302091634124444,1.3410605142126055,1.0120265161868287,1.38837987593964,0.5947741885009628,0.752084833923804,0.930204685585643,1.233527646880961
830,0.06890880490714583,1.520791956077071,1.5234229487275182,0.818620689549591,1.4273314072166554,0.7726400547567293,0.8302785850728661,0.8452909050766465,1.2415049794500934
831,0.27207058025803,1.494153630034144,1.3102717854078743,0.9464746193761587,1.1875883157846323,0.7668887175333169,0.7280272538099098,0.9332711382108018,1.2687666289091097
832,0.2622839870176459,1.31451517389436,1.5162239100741963,1.297086172771459,1.4014991830614685,0.3241656396089204,0.9263592825332836,0.6870667504420993,1.365889471262467
833,1.2077607628918696,0.3986190951198741,1.4134580866310205,1.5231651108023612,1.5647202063164505,0.048017787090443964,0.896029885871152,0.7822614686357375,1.2382105437295212
834,0.2984697680357017,1.3432158602704987,1.381072705015484,1.5621207351899877,1.495440172246956,0.07585579489397047,0.8221500785067772,0.7962269794655097,1.3509780395476607
835,0.26226138348025013,1.3318289520607542,1.4648064956804783,1.214007778857807,1.1554535966228527,0.5629329198928185,1.0153513136343941,0.565605168247212,1.4749960727307756
836,0.48215613764222026,1.2315201545760914,1.2420277981712438,0.9670311724459051,1.0549008816299916,0.8512828103881314,1.4259433847365381,0.17408624221320873,1.4749151070309123
837,0.2566898902491443,1.36081196533665,1.4253494130195294,0.77381409109811,1.2685888968750632,0.8862462003955984,1.1146915907160633,0.46380587916751553,1.492443809612572
838,0.5643363981574356,1.1431238481793171,1.2263116067167108,0.9247422317462886,0.7204492314004689,1.2976324733583415,0.7748613358472415,0.796652049657709,1.5440183547247424
839,0.6372926750244655,0.9453559536737178,1.464321736038173,1.249413129074113,0.3690568122995936,1.3956882789367686,1.1262318287129833,0.47727102125486404,1.4086775614241802
840,1.3575810825376917,0.48979123245598966,1.1371682241922294,1.1516832377444077,0.43504818753128277,1.4609632328355784,1.2346323342111796,0.33652767441768355,1.555742260604127
841,0.791807499986077,0.7860358347884885,1.486752008796725,0.6303681576671386,0.941792634172596,1.5347492196997128,1.181123882008941,0.4576934898696401,1.3431242278924551
842,1.4611809222988048,0.36455807348602925,1.2245825415090144,1.4585094301792225,0.2571997022299789,1.340398822213014,0.8395340587691212,0.7522198409407468,1.4258028131903404
843,0.9247370994906106,0.7617417889795431,1.2265544930269532,0.630978031414785,1.0876495117601692,1.1986748907526958,1.0190850818739032,0.5818812843036443,1.404721922618981
844,0.6077779484255565,0.9633223663987934,1.5539143005145137,0.9102465262844477,0.8014029770787718,1.1879379089535562,0.9200499383182205,0.6534668499042674,1.519545361911952
845,1.0826154500670582,0.6217050885433578,1.2182324088100411,0.7843766995375867,1.2244606975128771,0.9027218396716655,0.8608294806459286,0.7598988414539442,1.3460705419616625
846,0.5490454766951867,1.4457361496769099,1.0393885659532511,0.7356549075937346,1.1772092562149037,0.9876010957209898,1.0578363459292333,0.5131468290369507,1.55815443015476
847,1.4286022239023937,0.5387082142311469,1.0551859472866116,1.0539812460215612,0.6635665438841246,1.194234384169516,0.6797481583798446,0.8952192252446208,1.5069203629355814
848,0.6024944478470006,1.3109688401838822,1.041278354540097,1.2961000525835789,0.3376149954764751,1.3795287846448363,1.0512660344356506,0.5427989572856668,1.4277496792894357
849,0.48757623605734957,1.158370770518752,1.3258416574277911,1.146511136522718,0.5013671567139321,1.3201300548776604,1.2734147118772101,0.37582946061786754,1.3479077838889917
850,1.2353550626093122,0.3452751147753832,1.4920458178596734,1.5108499012963237,0.1329998143044894,1.4522155124448883,0.8135684154973891,0.8211958919944855,1.315193182333531
851,1.3521585541190793,0.36510200617713845,1.2832386655708368,0.25603878947755204,1.543089833459144,1.3163281940890221,1.0529704822474375,0.6192216527621637,1.2628886287115333
852,0.37606460639807887,1.2995980719994495,1.3168401738340554,0.34076022137520895,1.2342249346740986,1.5195371933584692,1.213850079330219,0.578441423519008,1.1368111415515794
853,0.5059721702393334,1.1549208584067352,1.2997496482185558,1.3561241900298588,0.3199693041629208,1.3372636538873108,0.9027962311209708,0.6877368691057567,1.431490665148767
854,1.3143597796704285,0.38084252328314727,1.2956158391091726,1.0369702724236822,0.6243284057776896,1.2789327429599238,1.216228754848919,0.43019987026669787,1.33761438830457
855,0.38382899755354105,1.2593871487147028,1.3538086810800765,1.3903159214941352,0.3137993333442211,1.3169637918003436,0.7502326684641959,0.8943974714146472,1.297208126474377
856,1.35436090771365,0.42153385711089386,1.2150668694767748,1.3793544498484167,0.19339505442829172,1.5437146490649603,1.051170184675783,0.58122046627839,1.3343291667922867
857,1.497854542144173,0.07303381680018256,1.5671375227921547,1.5018157835516508,0.6485246708090473,0.9272131037965946,1.377393718001369,0.2706607225546879,1.3838457991937738
858,1.5586648749818424,0.1904974962894489,1.3806949925803864,1.4603666840403953,0.5848988919760331,0.9991653127004658,1.12069378041491,0.4502471021780721,1.5601534825135035
859,1.2377860055122543,0.5178840193796141,1.1898847491225353,0.6261750388082806,1.376316228616476,0.9845131470780091,0.34228895533838,1.314126729590856,1.349420843916776
860,1.3578629247670004,0.6370630813652969,0.9811920445463532,0.5754812379160161,1.0335323755527555,1.384602526868236,1.5067695873356477,0.3362848274291688,1.2411379928709194
861,1.032398653643476,0.589245175846958,1.3548413772944259,1.5202329284110927,0.07522152376104776,1.5151516602486972,1.2407187146771135,0.625053850543368,1.061945556338858
862,1.2814972818014125,0.936283176628699,0.7179735936254035,1.158412684676966,0.45812848365894715,1.3826943610228348,1.067184639455808,0.6649019029527062,1.1762267638816144
863,0.8787159439059475,1.0929870564424793,0.905212711366641,0.5838671740650593,0.9926117176864376,1.4985225494684435,0.7905493730169838,0.7956932295059591,1.4461944025269735
864,1.1024364163565479,0.5797498554959317,1.255233957367217,0.1021483643938931,1.473758869007941,1.538990061564831,0.5925868908901796,1.0325836658260115,1.3471922822200157
865,0.20486947904224972,1.3740086130488367,1.5145573918879383,0.5921149282212123,1.043262299465597,1.327404458595357,1.3378383366918065,0.37474323809879345,1.2827782593235475
866,0.7243603793436485,0.8877883885207776,1.3674326132095327,0.6077517736449161,0.9639542984035135,1.541592202280654,1.460773079945487,0.3396442722540288,1.2508271557633084
867,0.6451166111501844,1.3957128259775857,0.9575712709535913,0.6554735238431764,0.9898550561253894,1.3023694096399985,1.1442723813392603,0.5356913797204661,1.2671715439633242
868,1.2748557948078276,0.7275339699599586,0.93020268675633,0.32358364811975693,1.254883209036042,1.5030861632032055,1.0120632978100004,0.594830548138075,1.3881407237825536
869,1.0355578963501844,0.8049037710491355,1.036462653813051,0.6923431423853542,1.278671332896711,0.9646703333573498,1.036011821979941,0.9074431458685768,0.9261624585274147
870,1.2705266634965289,0.8065339462987817,0.851949524074233,0.5885366257484589,1.0395463228983062,1.341797476118867,0.7006613797100782,1.032095527500798,1.1696394292011725
871,1.1506365734264052,0.6996499450750038,1.0491813818947842,0.42639986606090113,1.4051108560086922,1.181768753151115,0.7048039142097304,0.8759427651131927,1.471614453014677
872,0.8540574259245929,1.0751885610747858,0.9458579840738406,0.28607069712810723,1.2896030385529433,1.5195806681707364,0.6090668506963804,1.10365062778483,1.2101928756399303
873,0.6670992432580545,1.155344424793953,1.0827045740302463,0.33014427978744154,1.3154955955875764,1.3661022619479055,1.2141212387390816,0.6153238780855498,1.0932011062818698
874,1.4162177185720382,0.6335165254247582,0.9623290949885611,0.2516190905629376,1.326531908075807,1.5116061544364554,1.0873061503921557,0.5674848942317806,1.297568748564874
875,1.1049472543617027,1.1563314955757298,0.6475915539511511,0.19022497139643227,1.4801193015328111,1.4040384944087019,0.9189993634311034,0.7842119974275636,1.2006996572358866
876,1.0165720481131295,0.9661091027717456,0.8862530776284032,0.3222911940882173,1.3949432759217912,1.3035865673390274,1.2155205877670638,0.6276519402816573,1.0779479296625454
877,1.3081720840117734,0.6952539569700438,0.9451597734051703,0.18879053588311495,1.3821664957690423,1.5631005678784222,0.9984614124872032,0.6233484555269584,1.351215480849297
878,0.9487867259211857,1.2201235902167746,0.7428633328251312,0.1718314587474755,1.4049202552011102,1.5263614753419166,0.8410864549923387,0.7469012683823285,1.43959840912646
879,0.6229060544177147,1.060010070652584,1.246776361207107,0.2883868166346283,1.2824116183029894,1.5697241262217865,1.1939934818966498,0.40249261722611485,1.436030171576616
880,0.3504582903765134,1.3796524145544236,1.280773640280125,0.18257952063512925,1.41332550518149,1.4791599973834,0.8961897816784086,0.6755138525106763,1.5410378625967314
881,0.8659526274732746,0.7316993290332623,1.4069359453013033,0.09830702982156261,1.4731777240134238,1.5592194016721117,1.0519278684541002,0.5492059001365809,1.4070320557742704
882,0.5796601713762046,1.0069908787317463,1.4503873623442776,0.019803216379714193,1.5687890195864145,1.5510951325683382,1.2072609892777137,0.3694770971859182,1.5077015126398474
883,0.8951273831148748,0.9012893383576335,1.0781302692618895,0.09603242353166008,1.4869360896099668,1.5241120154059273,1.172843952465417,0.40743762637073233,1.4879991510889337
884,0.5543812399254237,1.0210860169647271,1.5061650714591932,0.36772004855414675,1.3021516497332868,1.32590634160713,1.3439067189053016,0.23148386787542666,1.5256932633293088
885,0.44831749126197773,1.1262524301240686,1.5165559821518761,0.13051704731149552,1.4412528827776256,1.5549731715461703,1.2134800823154257,0.4725431631748543,1.2752558315435873
886,0.15270002432526908,1.5604738659520148,1.4184510694156938,0.5198580546851724,1.052545297288271,1.5335806949789719,1.4328848944784194,0.41085306333010124,1.1864149150386611
887,0.8078457962373359,0.8129026088566228,1.3454420293969174,0.16592236890385528,1.4695583502157705,1.4397913016820003,1.2033030129384965,0.8899208452795152,0.8107260630138625
888,1.26962369829753,0.5913237690725244,1.0792590130319601,0.4034078571781328,1.1876710931956886,1.4506859380757808,1.351640892716775,0.6354829499870873,0.9856533426466134
889,1.14468716488708,0.6794564047409893,1.0777706389255515,0.1845648131469543,1.3874370811593333,1.5499713384620912,1.5518028805473327,0.5000293983411359,1.0711956935237028
890,0.6300846092562824,1.2385489108113015,1.0579036005764852,0.37712768560113186,1.1979916246727766,1.5164880535580665,1.365343650901893,0.691959844257819,0.9215916962325553
891,0.595096544036862,1.300066200534081,1.0556241553059813,1.0856271125430648,0.6861911357090645,1.1275247100492305,1.5529289767325323,0.5467850988844211,1.024370653221993
892,0.8621556193154654,1.2255425452591557,0.8235173401348382,0.8241893760085047,0.8659894327000162,1.2186037511661107,1.417390054176299,0.8191016734697776,0.7750688904440003
893,0.8532750791378175,0.8562162886843199,1.1898273741951877,1.211511384915317,0.6197506253883642,1.0901862356394185,1.4595241181073624,0.4683676403696244,1.1179128864288377
894,0.6597179802640282,1.3677890906770462,0.9535603339055806,0.716811345557564,1.0244354106379066,1.1570157434945756,1.4623901526830556,0.2662378184099453,1.3286073495733028
895,0.9578291146695117,1.144730044506287,0.7871750640017715,1.0048359236885307,1.2733374274496057,0.6574480659035947,1.5364456715228783,0.3073863788080084,1.2654609165355684
896,1.0438434853263487,1.270058043052884,0.6232296946049146,1.438888423362829,1.4329123996742068,0.19140540595685035,1.4400930744124854,0.3561523234732357,1.2414802805532184
897,0.9739882887775463,1.5226571926959074,0.5992962589390519,1.4978947572302668,1.2401192867236466,0.3392214754546234,1.3932777240617082,0.3673945442023192,1.252678916943892
898,0.7435128767378739,1.239923477776582,0.9349961104377736,1.5498585366383004,1.1388685489937367,0.43250397304699917,1.2179768400024937,0.44397811555774813,1.3127981445827719
899,1.2585437719587762,0.8716008332286642,0.7939960357830876,1.2320745378113467,0.9846554761197921,0.7013897516176467,1.1971620302169785,0.4686340683719867,1.3015122735864157
900,1.324239034645005,0.9570765725074113,0.6757654783951477,1.5310689342869117,0.9245778739899285,0.6478582730678264,1.519962006258207,0.46917674999155845,1.104828170299291
901,0.9739526260191808,0.808066724882357,1.098729186710299,1.4258491427956863,1.12584679416893,0.4712517032817206,1.5347155418924054,0.6045628850641672,0.9676254397447694
902,1.2444808279062398,0.7298175433345513,0.9463872243237379,1.4276795839609673,0.9979390430634318,0.5949733330411628,1.1894239758064504,0.3842345851037959,1.5262456154463127
903,0.9876317373239945,0.9601379406626865,0.9190138896990769,1.3091362306387566,0.9520848462344639,0.6880863979037543,1.0121136401740571,0.603102605486736,1.3675521701325841
904,0.7079424935001718,0.8877757125211392,1.413568881192785,1.4722447117229525,1.1321809105027028,0.4510771742590302,1.0166166952736415,0.573634092392632,1.437832058374207
905,0.08677546377140201,1.5128601903396008,1.5062669971569695,1.3222158292650126,1.0259869075212185,0.6110018437128335,1.121975510571155,0.5076259810851099,1.3498574592446086
906,0.31094677514128105,1.2960680238943212,1.4288427787510296,1.4812905881416931,1.086961773532034,0.4934727721620736,1.4780976361643483,0.5772988857344354,1.002905320224006
907,0.5702745583558902,1.1847273154378752,1.173569598044378,1.5682604416288337,1.1972748121704095,0.3735309787851509,0.8003929829860977,0.7958665924757482,1.4105487252839224
908,0.47585761925731906,1.2169149858275268,1.266513352944361,1.3292814095306218,1.1762839853600657,0.4697885183743678,1.207003264207868,0.5228231323826974,1.2128905177975922
909,0.5719551205811287,1.1106169165556579,1.2562006933742433,1.226924444238699,0.977926103297997,0.7109781149310527,0.7824515733456924,0.8565984263699608,1.306952167861278
910,0.17435974577421648,1.4538128561476353,1.4420993572253098,0.8076498457334343,1.1028228056180942,0.9708485782370069,1.5399358518542932,0.1557460575218524,1.4181873177684454
911,0.9186312607053355,0.6901714365436942,1.3772098457017836,0.767688171620638,1.186342790232614,0.9465442330877007,1.4079097621587588,0.6478332261847619,0.950517256181564
912,1.0942931590444311,0.4920701450019291,1.4572924894524673,0.7057588842212896,0.8697345364921333,1.5026696328520597,1.565757937224809,0.4265640762309877,1.1442659483088626
913,0.9076026948899116,0.6707151140940246,1.485185287533314,0.7240265889868047,0.8468200555357964,1.56372952524452,1.4079419438362515,0.5240839925489734,1.0776198144724107
914,0.5906109882464351,1.0034013344827468,1.4244525156866361,0.46775445911766744,1.1112256011918216,1.4897938640214377,1.2125792538891136,0.615642827814797,1.094071431867982
915,0.8389661401038138,0.751930520228049,1.4288175050435425,1.1315901146541671,0.4392085635057097,1.569450996991358,1.2391220544699943,0.6844980312953101,0.9979957748375596
916,1.3531136114147262,0.2818206630385062,1.3946720152976517,0.9442503719223886,0.9173197319104319,1.0058852798267894,1.4592723151725528,0.4574437314192121,1.1291772363796166
917,0.6976479713838147,0.909951754668615,1.3799856988607269,1.1408607171079144,0.7982726446457493,0.9491702959880625,1.0738848663964882,0.7230817862196741,1.0940389497172665
918,1.2918287731838247,0.5195253927913158,1.1449353440132592,0.7740041235028005,1.024125758990287,1.0845645437608016,1.307519211962544,0.8365304975366561,0.8020860565785437
919,1.090290670185392,0.8281940377071905,0.9598253894217561,1.0767581110997713,0.5448807484825025,1.3599529119093832,1.3487608012546202,0.3963495284094052,1.2481429596224733
920,0.4728098882064132,1.3730274763076264,1.147441085416063,0.16810487272556313,1.424643442445534,1.4883314849762264,1.4137814392747674,0.3736556430620842,1.2346712994417184
921,0.9403410808743743,0.6521373083555869,1.4261180009692405,0.5524265258473039,1.269333182059704,1.1233393480671425,1.447197785456903,0.28733960662926655,1.312760754035968
922,1.4821401571420842,0.6126569192413395,0.9664965775570388,0.2556007469209398,1.4802153559074478,1.3324554449036354,0.3788373314265211,1.259909027819239,1.3614115205283017
923,1.0011664317038165,0.9338816740876792,0.932047550840779,0.20269027726517008,1.542150741157915,1.370196386156425,1.337240101656338,0.3229497843028364,1.3518960714984642
924,1.2409465355523461,0.7891597271402092,0.8872514042157231,0.15096229878150363,1.4242236036593852,1.5349157514860847,1.4282292394220386,0.14845637224763475,1.5296773297993396
925,0.5424314015908944,1.5223798065673602,1.0310176297651341,0.7020174554826173,0.8703260773399192,1.5317307559495732,1.325653641918329,0.35754317793446966,1.315892203951699
926,0.8477729389531228,0.9529676549969063,1.0745912640727473,0.3700477532580804,1.285715409998778,1.3414030251552975,1.2679133838417471,0.5359150337652092,1.1434509589296018
927,0.38966796468941495,1.2051762492620344,1.442054066208483,0.84285157432672,0.753215129547431,1.4114845568220893,1.275224301174483,0.44475026350507213,1.2486263772597157
928,0.24613115879548406,1.3792023394047994,1.418198969429168,1.0913549528681021,0.6803316239583432,1.1288558695373412,1.5477914155381385,0.23614728125672582,1.33581481238975
929,0.5300946777610698,1.0497692968809305,1.4819640607283053,0.5148201972589637,1.1184660145950358,1.3420634165060903,1.5411426345120725,0.22764997883826038,1.3451537199429002
930,0.1571563937104588,1.5546094665346708,1.4144895762060947,0.678052458083376,1.0001229573428132,1.2462855005386029,1.5342624109471357,0.32904234316647574,1.2439415536860183
931,0.39124522099253894,1.2202412952371715,1.404246324742471,0.999901912386908,0.5901958270105011,1.4373483951271966,1.5155861648516995,0.7240825451679607,0.8497830689636696
932,0.408660672591954,1.2125154364411148,1.38275271869064,1.1389138896000994,0.44606676877449236,1.4661377062460115,1.2783978395606836,0.4230445387041721,1.2741391230806718
933,0.22503838037286994,1.4786812974282049,1.3660665603937063,0.7466423493589891,0.8552566241106823,1.3940527054438012,0.9854490865271847,0.8188800990572287,1.072742807014362
934,1.5357162777297024,0.10066326138936674,1.4764822235938093,0.8019223210280836,0.7956350373575023,1.406481308400004,1.503794068655917,0.2323893938550796,1.3486162618284536
935,1.1809274641369902,0.5566133657100287,1.1950503356050108,0.9163548731830377,0.6549317561553837,1.5490312542262716,1.3927207612617831,0.3322005258735298,1.2934292392029711
936,1.3996410032871747,0.17559929604847496,1.5319243781374152,0.8563854033127287,0.7267419178862649,1.4599930515572763,1.0088110452195962,0.5698710897703566,1.4862077333138746
937,0.295763246830275,1.3393104762449872,1.390037573578443,0.3485493127128272,1.2223074730804886,1.5645663887782215,1.1762335378262836,0.46851998176178844,1.331571358717987
938,0.9618339731696514,1.1864197394743745,0.7531899026745181,0.4194179046744051,1.3819547009213469,1.2010479572505965,1.0440832210604938,0.8272848300599589,1.0030735388591172
939,1.502281436675325,0.44000510353523653,1.1369033176718988,0.6537615010978267,1.1995638531275916,1.060838748019289,0.6647747657404742,0.9273064609950072,1.426933788046731
940,1.2556407289455873,0.5269326641284255,1.1636413082399397,0.530670692092135,1.5617890562896573,1.0402185693742811,0.910761423592014,0.7187576811531319,1.32840782497491
941,1.385758538394431,0.671553861048672,0.9343026731478469,0.396780525304071,1.559150908439188,1.1742060715939688,1.0029011756557231,0.5796733392595261,1.4669821248336083
942,1.5351489324456509,0.7769111823660645,0.7951555547550088,0.7653670317382661,1.5529782121196423,0.8057470056601158,0.8249616362526313,0.7717079727561086,1.4093674014271433
943,1.0569491521228644,1.0603106436689678,0.765727038106016,0.729924533241525,1.3529466870883708,0.8881931017016722,1.0327872044343072,0.6028952821794326,1.325568493533406
944,0.3672614763995926,1.4054215190606671,1.2460174817574783,0.5228561197232126,1.2367647732917777,1.1846141734736693,0.8550290293337692,0.8459912058021332,1.2021551385443008
945,0.3871607077559557,1.4020213612571932,1.2258597761505554,0.6897045672081931,1.2460242137551412,0.987812559762327,0.8069916806609057,0.8254305862081939,1.3200303316081508
946,0.8645657868146501,0.7214826664378414,1.4476206065949468,0.8094276968027851,1.3694375212016079,0.801380947482093,0.8326810553105451,0.7439751762045009,1.4943226509217602
947,0.3410220420707185,1.239766176661965,1.4918423964793988,0.9974949427634242,1.3103470410273268,0.6440435774694349,1.2801153682962034,0.3154967072849319,1.4516159724973727
948,0.2701500484362297,1.4874845464592616,1.3144266762071373,1.0463438495713226,1.1098574115949422,0.7338842263209407,1.3908100197326765,0.25461771781777587,1.3926709774822252
949,0.7853610887886412,1.0498303337473305,1.0446154307105835,1.1379391301627388,0.9392265559842347,0.8099467708897764,0.3769709499342899,1.2029353377530752,1.4921335126704416
950,1.024987996580086,0.5855728654774077,1.379962942793316,0.46909107032585806,1.4267342053208758,1.127771306542704,0.6744901328315857,0.9076604367908684,1.465498351327715
951,0.9181419593628039,0.688661245559507,1.382454002939727,0.7098064305239217,1.1306998057719804,1.0550891793602126,1.1654857257938993,0.4752056814272722,1.3366055141659823
952,1.4719330943418831,0.33415666395101723,1.2526903687070827,0.8757107859463925,1.3685257204633918,0.735853248092683,1.4905109702233956,0.5440593920776958,1.0340265254253673
953,1.1298344888986083,0.6617987960650717,1.1128113229276657,0.64147380599303,1.3013508254105728,1.0052170876299138,1.2958612130745342,0.2757140640841968,1.550606384550982
954,0.8979263719766402,0.6742433743287459,1.5341930282233052,0.666221345628984,1.1887454722528266,1.0553765776927935,1.3871037609747583,0.399664576964811,1.220079684094314
955,0.8379025343615932,0.7356088905142756,1.5188027031611346,0.28900772114857926,1.3464726622789733,1.3916742833251827,0.3139062044331898,1.2644441390554693,1.5044854139138704
956,1.4302872135059252,0.6754816407404409,0.9155081584481678,0.5643075916286818,1.465190647867203,1.0188559542432265,1.1638574150598429,0.4555353894694714,1.3775216091238813
957,0.7407325015638441,0.8325778342400058,1.5207413360839532,0.3948375978308978,1.3637552621038376,1.239654473100184,1.0963500076678012,0.48101567896361364,1.4974888080339825
958,0.6363463518395523,0.9364972146234585,1.526558488218105,0.48544421569427443,1.3692306592452554,1.13573276169831,0.9034534305762276,0.7217049752428275,1.3375144839727884
959,0.9113911411214543,0.6810134674992264,1.4252458634555096,0.5515492054396356,1.330326233575969,1.0851739110234306,1.4462009634873165,0.12661336335068848,1.5483974925854682
960,1.088439533888763,0.5390241815253302,1.3492107857329787,0.7889210415054405,0.9360546479180839,1.170429355295466,1.486028038356882,0.15165051730172488,1.4453530403688364
961,1.523796386372514,0.3705410351745769,1.2035368389140448,0.4863895721394847,1.4570635407172512,1.1001624797289828,1.509109473535787,0.08213629506746734,1.516633263464163
962,1.5110665456247903,0.7362206494418929,0.83815768554744,0.927413087874507,1.0541458549757277,0.8900544612268333,1.1151868247386207,0.48368198976553606,1.419704830364198
963,1.4561180625166603,0.5297098650954307,1.0562317997290886,1.4619318276720779,0.7336849740825747,0.8489952841307691,0.9621010225392471,0.6160467741370041,1.4875400868009379
964,1.3877135330108106,0.942815849127092,0.6624802999408451,0.9101911976267396,1.030021773880349,0.9288769775300502,1.3492765848143629,0.31195105465236206,1.3548225566465213
965,1.0374510520580265,1.1502021560489835,0.7103152421988088,1.0705765027062242,1.062233975078026,0.7525013594904226,1.3323753764611648,0.29549744090425134,1.3995759715990839
966,1.5021037819871348,0.3639219734465195,1.2140135961309382,1.1275622347293253,0.8228645427795797,0.9340717227657099,1.1865004914052004,0.38698987238112287,1.5274480442656635
967,1.2450144081287067,0.9508985644522688,0.7251897231031749,1.1216143076674936,0.8861005152252398,0.8743991817571765,1.27515194331628,0.3333538723223058,1.4213088162115028
968,0.5561852474481508,1.0746276552243,1.3405151907392079,0.9168716720726319,1.0288958408693412,0.923185478061029,0.7385809468898165,0.8626447655943811,1.3961548011373657
969,0.3102976728730581,1.5016244458391343,1.2688105827407863,1.0339619163044393,0.7629467513541591,1.0874259458937956,0.8727516925558226,0.7010759235686436,1.5161181531824213
970,0.4758744812693202,1.1097544174012939,1.4612581830208795,0.7864129065663686,1.0612268209625704,1.0322389717995326,0.9448054184893142,0.626172548517987,1.5576621273443187
971,0.5805979084973464,1.066286108545892,1.3085248449370865,1.074456367300222,1.0201093031302344,0.7859888917573867,0.8608643868092284,0.7243122100570601,1.4511548461645136
972,0.4539444773065521,1.2706319354603917,1.2410156795850964,0.42783584537203706,1.3705151929700514,1.1981353820924654,0.9310426666777387,0.7187107985862138,1.289422577374955
973,0.14142054310201127,1.4294180459327435,1.5673622203323607,0.6004998055481736,1.2105931702551866,1.113357883887225,0.5774356063216656,1.0461163593370417,1.3521602482446273
974,0.9435538859897972,0.6273213908017902,1.5621339342925116,0.6268644404121736,1.2616400963484191,1.0454232687117326,1.1850660527910732,0.40710851275523213,1.4470808348378903
975,0.3295618214541179,1.2949571807452889,1.395083837695252,0.5851744166765578,1.5387162967689623,0.9867395972889131,1.3026833820473152,0.2799721023742554,1.4921078098367706
976,1.1224047524923855,0.5367204533597819,1.2962289284588133,0.8426891904581656,1.2311156141312178,0.8393500055523431,1.4376078586147834,0.18826498285208806,1.4385307594061865
977,0.9703287514709518,0.7823843435162667,1.1356099552071286,0.737871995503213,1.4892949601488665,0.8395865923299113,1.3656774678265426,0.2061121395484607,1.550868846058367
978,0.4284499382629973,1.5430227546698192,1.1433676107662365,0.6682590736250296,1.1460205221286062,1.0897600868300579,1.5122566505970738,0.24397997119845125,1.3342211207638581
979,0.7181097931242274,1.0861906353926747,1.0875693271225684,0.7388040409069441,1.1153634367096161,1.0357206439390723,1.2609810157342292,0.5085537532643833,1.1813810168079568
980,0.3891046396353185,1.268296942328313,1.3337080094149403,1.496730856887651,0.5512408016436349,1.025711220053322,1.4151278113917056,0.5343281305943264,1.064331593739376
981,0.7561202675977797,0.9171828444876231,1.2473778387046015,1.541468556806021,0.4861270616813188,1.0857108134698854,1.369389898426329,0.3319982684752559,1.310549322990122
982,0.6911274534761291,0.8796724166718225,1.5689307004222075,0.47896668684245297,1.1714318287905423,1.3208080622217624,1.332351187981897,0.3417621252646592,1.3307208804931288
983,0.8093566259946667,0.7621457993639897,1.544235497796551,0.28672837729571443,1.5321931164732223,1.2868250986576633,1.276513786627385,0.30630036000389593,1.4882928797984782
984,1.3016560109989161,0.5374066306468858,1.1180544591976616,0.44013135582999213,1.1967711757183281,1.3498363044052457,1.4860506103159494,0.21675853586921018,1.3717773613592816
985,1.0698227639745412,0.5018525388724001,1.543572164170413,0.38190131429816937,1.2071166078213469,1.4593867539891445,0.9213749558126183,0.6631298465543327,1.4554167294644
986,0.6457238305720999,0.9458935881275358,1.4292974338519926,0.242179243202993,1.3315125515610937,1.5341709172920068,1.1520104488282106,0.4190807430161475,1.555992108981947
987,0.5959259061973792,1.2306066243880447,1.102543294467964,0.28027951987470684,1.3901444806620795,1.3588822125665876,1.3531299837375554,0.2556861138997216,1.4387773077483286
988,0.46193729499162667,1.5081713476762846,1.113786023936549,0.17599097542311898,1.5576438937308936,1.3953077705625765,1.2035322444348655,0.4270991465034219,1.3627511612058576
989,0.4101613299207836,1.4045052601834473,1.199547997347717,0.5277380809819112,1.1239355259979464,1.3092694016933757,0.9053304691427068,0.6900013606521629,1.4153600757360936
990,1.5370889023936969,0.2411977748495803,1.3320583892224096,0.819966196146533,0.8303096536188533,1.285162981143938,1.300776440457252,0.3160049535300539,1.410666199706128
991,0.4295148524885277,1.2211905020641738,1.3316941374038485,0.5712204046862603,1.1944506561990746,1.1630595931985117,1.2498606208200433,0.5857127216202003,1.0996048972972572
992,0.9269510431234225,0.7902033677047634,1.1808937964940174,0.8505971137847113,0.7845100973078477,1.3147769849212967,1.5287042835009552,0.9084188326026504,0.6642023376255967
993,0.19718454029179192,1.3927252674722166,1.487003250877289,1.168945219689295,0.47842083584733297,1.3255047510486593,1.185839246225229,0.4192324613463135,1.4130356105666446
994,0.8279129290694972,0.7432589503011648,1.5514506710457974,1.0121701067099296,0.566107141255423,1.488552136808631,0.940366526508077,0.6777381774924218,1.3554318685089006
995,1.3180813919326997,0.26377528694488733,1.496824650632048,1.1240238175293136,0.5389679353385481,1.2900811778439656,1.107656252635027,0.5444454624945939,1.3056476117173066
996,0.7532726769745142,0.8545965949529335,1.3775691952964408,1.4346242317111964,0.1663945178420254,1.4757637229452147,0.7652805011654357,1.0517068491611221,1.066135223161238
997,1.10389360428357,0.5046438407095047,1.3933512434264987,1.1866005511939426,0.45791901349342845,1.3341768475050435,0.5828460741626161,0.9970533633017928,1.4793827188113888
998,1.4221090818350368,0.6885419210824086,0.9047247431703702,1.542141801073651,0.6364687636192324,0.9351864568252599,1.4402177159941412,0.1803032476120507,1.4471755128063646
999,1.4258232488820153,0.22775764283026118,1.3963841487791913,0.8280319305831614,0.9451847895093892,1.1075702910573315,1.0627851145768572,0.5212332406731547,1.4641529794539057
1000,0.9716422806026485,0.7628100031390801,1.1601167214920776,1.1854212190461408,0.5711131141398378,1.1718259395039865,1.2216866070472145,0.3647764407315589,1.46934170776253
1001,0.9304684949503206,0.6617914607904617,1.4264484701907902,1.3384051378710282,0.38067718747417817,1.2749369073224712,1.2055092308411723,0.36535227370852497,1.5642011209072306
